symbol,industry_code,industry_name,in_date
000019,801010.SI,农林牧渔,20211213
000048,801010.SI,农林牧渔,20250813
000505,801010.SI,农林牧渔,20180716
000592,801010.SI,农林牧渔,20140702
000663,801010.SI,农林牧渔,20220801
000702,801010.SI,农林牧渔,19970318
000713,801010.SI,农林牧渔,19970422
000735,801010.SI,农林牧渔,19970611
000798,801010.SI,农林牧渔,19980212
000876,801010.SI,农林牧渔,19980311
000911,801010.SI,农林牧渔,20111010
000930,801010.SI,农林牧渔,20040102
000972,801010.SI,农林牧渔,20000926
000998,801010.SI,农林牧渔,20001211
001201,801010.SI,农林牧渔,20210510
001313,801010.SI,农林牧渔,20220223
001338,801010.SI,农林牧渔,20221123
001366,801010.SI,农林牧渔,20230314
002041,801010.SI,农林牧渔,20050418
002069,801010.SI,农林牧渔,20061013
002086,801010.SI,农林牧渔,20260702
002100,801010.SI,农林牧渔,20111010
002124,801010.SI,农林牧渔,20070411
002157,801010.SI,农林牧渔,20231211
002215,801010.SI,农林牧渔,20250513
002234,801010.SI,农林牧渔,20111116
002286,801010.SI,农林牧渔,20111010
002299,801010.SI,农林牧渔,20091029
002311,801010.SI,农林牧渔,20091207
002321,801010.SI,农林牧渔,20220105
002385,801010.SI,农林牧渔,20100419
002458,801010.SI,农林牧渔,20100818
002481,801010.SI,农林牧渔,20211213
002548,801010.SI,农林牧渔,20110228
002556,801010.SI,农林牧渔,20211213
002567,801010.SI,农林牧渔,20110406
002679,801010.SI,农林牧渔,20120612
002688,801010.SI,农林牧渔,20120720
002696,801010.SI,农林牧渔,20120912
002714,801010.SI,农林牧渔,20140211
002746,801010.SI,农林牧渔,20150302
002772,801010.SI,农林牧渔,20150703
002852,801010.SI,农林牧渔,20170317
002868,801010.SI,农林牧渔,20170510
002891,801010.SI,农林牧渔,20180412
002982,801010.SI,农林牧渔,20200506
003030,801010.SI,农林牧渔,20211213
300021,801010.SI,农林牧渔,20091109
300087,801010.SI,农林牧渔,20100603
300094,801010.SI,农林牧渔,20100716
300119,801010.SI,农林牧渔,20111010
300138,801010.SI,农林牧渔,20111010
300175,801010.SI,农林牧渔,20110223
300189,801010.SI,农林牧渔,20110324
300268,801010.SI,农林牧渔,20111011
300313,801010.SI,农林牧渔,20120504
300498,801010.SI,农林牧渔,20151109
300511,801010.SI,农林牧渔,20160511
300673,801010.SI,农林牧渔,20170718
300761,801010.SI,农林牧渔,20190225
300871,801010.SI,农林牧渔,20200831
300967,801010.SI,农林牧渔,20210420
300970,801010.SI,农林牧渔,20210419
300999,801010.SI,农林牧渔,20201022
301116,801010.SI,农林牧渔,20220125
301498,801010.SI,农林牧渔,20230823
600097,801010.SI,农林牧渔,20100602
600108,801010.SI,农林牧渔,19970818
600127,801010.SI,农林牧渔,19980506
600191,801010.SI,农林牧渔,20111010
600195,801010.SI,农林牧渔,20111010
600201,801010.SI,农林牧渔,20111010
600251,801010.SI,农林牧渔,20160701
600257,801010.SI,农林牧渔,20000612
600265,801010.SI,农林牧渔,20000825
600313,801010.SI,农林牧渔,20111020
600354,801010.SI,农林牧渔,20040115
600359,801010.SI,农林牧渔,19990429
600371,801010.SI,农林牧渔,20020916
600467,801010.SI,农林牧渔,20040405
600540,801010.SI,农林牧渔,20040107
600598,801010.SI,农林牧渔,20020329
600737,801010.SI,农林牧渔,20070703
600883,801010.SI,农林牧渔,20220801
600962,801010.SI,农林牧渔,20111010
600965,801010.SI,农林牧渔,20211213
600975,801010.SI,农林牧渔,20040609
601118,801010.SI,农林牧渔,20110117
601952,801010.SI,农林牧渔,20170522
603151,801010.SI,农林牧渔,20221026
603182,801010.SI,农林牧渔,20220919
603231,801010.SI,农林牧渔,20231222
603336,801010.SI,农林牧渔,20161201
603363,801010.SI,农林牧渔,20241227
603477,801010.SI,农林牧渔,20220125
603566,801010.SI,农林牧渔,20150525
603609,801010.SI,农林牧渔,20140815
603668,801010.SI,农林牧渔,20170124
603717,801010.SI,农林牧渔,20250813
605198,801010.SI,农林牧渔,20200925
605296,801010.SI,农林牧渔,20210604
688098,801010.SI,农林牧渔,20230925
688156,801010.SI,农林牧渔,20250513
688526,801010.SI,农林牧渔,20230925
605566,801030.SI,基础化工,20211101
603585,801030.SI,基础化工,20161221
600873,801030.SI,基础化工,20220801
600610,801030.SI,基础化工,20211213
603688,801030.SI,基础化工,20211213
603722,801030.SI,基础化工,20171101
600929,801030.SI,基础化工,20180404
603612,801030.SI,基础化工,20211213
603360,801030.SI,基础化工,20170213
603977,801030.SI,基础化工,20180716
600618,801030.SI,基础化工,19921113
600075,801030.SI,基础化工,19970617
600426,801030.SI,基础化工,20020620
600389,801030.SI,基础化工,20010110
600309,801030.SI,基础化工,20010105
600731,801030.SI,基础化工,19960802
600810,801030.SI,基础化工,19940106
600063,801030.SI,基础化工,19970528
600319,801030.SI,基础化工,20010326
603077,801030.SI,基础化工,20120807
600160,801030.SI,基础化工,20060207
600623,801030.SI,基础化工,19921204
600378,801030.SI,基础化工,20010111
600486,801030.SI,基础化工,20020425
600746,801030.SI,基础化工,19960918
600367,801030.SI,基础化工,20010320
600328,801030.SI,基础化工,20001222
600470,801030.SI,基础化工,20040305
600096,801030.SI,基础化工,19970709
600141,801030.SI,基础化工,19990616
600078,801030.SI,基础化工,19970627
600299,801030.SI,基础化工,20000420
600722,801030.SI,基础化工,19960626
600409,801030.SI,基础化工,20030618
600352,801030.SI,基础化工,20030801
600691,801030.SI,基础化工,20130701
600596,801030.SI,基础化工,20010906
601678,801030.SI,基础化工,20100303
600844,801030.SI,基础化工,20091012
600143,801030.SI,基础化工,20120301
601216,801030.SI,基础化工,20110302
601208,801030.SI,基础化工,20110527
600230,801030.SI,基础化工,20140522
600727,801030.SI,基础化工,20110819
603188,801030.SI,基础化工,20140916
603010,801030.SI,基础化工,20141017
603227,801030.SI,基础化工,20150522
603599,801030.SI,基础化工,20150520
600273,801030.SI,基础化工,20150701
603968,801030.SI,基础化工,20150525
603033,801030.SI,基础化工,20161214
603330,801030.SI,基础化工,20170220
603639,801030.SI,基础化工,20170119
603928,801030.SI,基础化工,20161219
603225,801030.SI,基础化工,20170425
603980,801030.SI,基础化工,20170622
603822,801030.SI,基础化工,20160506
603823,801030.SI,基础化工,20161227
603299,801030.SI,基础化工,20160315
600714,801030.SI,基础化工,20170703
603879,801030.SI,基础化工,20170621
603938,801030.SI,基础化工,20170705
603041,801030.SI,基础化工,20170410
603086,801030.SI,基础化工,20170518
603683,801030.SI,基础化工,20171027
603970,801030.SI,基础化工,20171123
603192,801030.SI,基础化工,20180904
603181,801030.SI,基础化工,20170831
603110,801030.SI,基础化工,20171020
603379,801030.SI,基础化工,20190410
603790,801030.SI,基础化工,20180919
603867,801030.SI,基础化工,20190704
603217,801030.SI,基础化工,20190628
603948,801030.SI,基础化工,20200309
600423,801030.SI,基础化工,20200421
605166,801030.SI,基础化工,20200629
603332,801030.SI,基础化工,20190124
603810,801030.SI,基础化工,20180925
600500,801030.SI,基础化工,20140221
605399,801030.SI,基础化工,20200811
601568,801030.SI,基础化工,20201027
605008,801030.SI,基础化工,20200828
603155,801030.SI,基础化工,20200908
605366,801030.SI,基础化工,20200819
605183,801030.SI,基础化工,20201214
605488,801030.SI,基础化工,20210520
600989,801030.SI,基础化工,20201221
600935,801030.SI,基础化工,20211203
600135,801030.SI,基础化工,20211213
600866,801030.SI,基础化工,20211213
603020,801030.SI,基础化工,20211213
603260,801030.SI,基础化工,20211213
603505,801030.SI,基础化工,20211213
603663,801030.SI,基础化工,20211213
603826,801030.SI,基础化工,20211213
605016,801030.SI,基础化工,20211213
605077,801030.SI,基础化工,20211213
605086,801030.SI,基础化工,20211213
600955,801030.SI,基础化工,20210924
605020,801030.SI,基础化工,20210716
605589,801030.SI,基础化工,20210817
605033,801030.SI,基础化工,20210927
603255,801030.SI,基础化工,20220825
603235,801030.SI,基础化工,20220719
603739,801030.SI,基础化工,20220801
600331,801030.SI,基础化工,20220801
600227,801030.SI,基础化工,20220801
600370,801030.SI,基础化工,20220801
603150,801030.SI,基础化工,20220207
603051,801030.SI,基础化工,20220401
603916,801030.SI,基础化工,20171117
603067,801030.SI,基础化工,20160922
603580,801030.SI,基础化工,20170605
603650,801030.SI,基础化工,20180704
603681,801030.SI,基础化工,20190402
603213,801030.SI,基础化工,20211118
002166,801030.SI,基础化工,20220801
002440,801030.SI,基础化工,20100714
002522,801030.SI,基础化工,20211213
002312,801030.SI,基础化工,20211213
002037,801030.SI,基础化工,20040908
002601,801030.SI,基础化工,20110722
002549,801030.SI,基础化工,20111010
002669,801030.SI,基础化工,20120423
002096,801030.SI,基础化工,20070104
002054,801030.SI,基础化工,20060809
002064,801030.SI,基础化工,20060831
002165,801030.SI,基础化工,20070921
002109,801030.SI,基础化工,20070205
002683,801030.SI,基础化工,20120619
002224,801030.SI,基础化工,20080508
002513,801030.SI,基础化工,20101213
002246,801030.SI,基础化工,20080616
002496,801030.SI,基础化工,20101117
002226,801030.SI,基础化工,20080514
002254,801030.SI,基础化工,20080703
002170,801030.SI,基础化工,20070927
002145,801030.SI,基础化工,20070813
002250,801030.SI,基础化工,20080627
002258,801030.SI,基础化工,20080716
002632,801030.SI,基础化工,20111129
002538,801030.SI,基础化工,20110215
002539,801030.SI,基础化工,20110215
002108,801030.SI,基础化工,20070201
002274,801030.SI,基础化工,20081010
002470,801030.SI,基础化工,20100916
002092,801030.SI,基础化工,20061218
002386,801030.SI,基础化工,20100419
002391,801030.SI,基础化工,20100426
002637,801030.SI,基础化工,20111202
002381,801030.SI,基础化工,20100413
002648,801030.SI,基础化工,20120106
002326,801030.SI,基础化工,20091230
002319,801030.SI,基础化工,20091221
002211,801030.SI,基础化工,20080218
002360,801030.SI,基础化工,20100311
002361,801030.SI,基础化工,20100311
002324,801030.SI,基础化工,20091228
002395,801030.SI,基础化工,20100510
002136,801030.SI,基础化工,20080603
002666,801030.SI,基础化工,20120406
002068,801030.SI,基础化工,20060925
002206,801030.SI,基础化工,20080131
002562,801030.SI,基础化工,20110318
002407,801030.SI,基础化工,20100526
002455,801030.SI,基础化工,20100811
002453,801030.SI,基础化工,20100728
002442,801030.SI,基础化工,20100714
002588,801030.SI,基础化工,20110617
002748,801030.SI,基础化工,20150326
002749,801030.SI,基础化工,20150327
002734,801030.SI,基础化工,20150203
002753,801030.SI,基础化工,20150526
002783,801030.SI,基础化工,20151216
002768,801030.SI,基础化工,20150707
002802,801030.SI,基础化工,20160706
002810,801030.SI,基础化工,20160902
002809,801030.SI,基础化工,20160830
002838,801030.SI,基础化工,20170113
002263,801030.SI,基础化工,20160219
002886,801030.SI,基础化工,20170704
002909,801030.SI,基础化工,20171102
002917,801030.SI,基础化工,20171215
002827,801030.SI,基础化工,20161216
002825,801030.SI,基础化工,20170703
002895,801030.SI,基础化工,20170901
002915,801030.SI,基础化工,20171212
002942,801030.SI,基础化工,20181212
002971,801030.SI,基础化工,20200120
002999,801030.SI,基础化工,20200910
002998,801030.SI,基础化工,20201012
002585,801030.SI,基础化工,20211213
002597,801030.SI,基础化工,20211213
002591,801030.SI,基础化工,20220801
002545,801030.SI,基础化工,20220801
001255,801030.SI,基础化工,20221014
001207,801030.SI,基础化工,20210630
001217,801030.SI,基础化工,20211013
001296,801030.SI,基础化工,20211231
001218,801030.SI,基础化工,20211022
001231,801030.SI,基础化工,20220826
003002,801030.SI,基础化工,20200929
003017,801030.SI,基础化工,20201102
003042,801030.SI,基础化工,20210413
000920,801030.SI,基础化工,20220801
000881,801030.SI,基础化工,20190708
000420,801030.SI,基础化工,19960802
000859,801030.SI,基础化工,19981119
000912,801030.SI,基础化工,19990603
000822,801030.SI,基础化工,19980703
000818,801030.SI,基础化工,19971017
000782,801030.SI,基础化工,19970619
000973,801030.SI,基础化工,20000525
000422,801030.SI,基础化工,19960815
000510,801030.SI,基础化工,19930507
000565,801030.SI,基础化工,19940408
000731,801030.SI,基础化工,19970617
000635,801030.SI,基础化工,20070703
000936,801030.SI,基础化工,20070703
000707,801030.SI,基础化工,19970415
000553,801030.SI,基础化工,19931203
000677,801030.SI,基础化工,19961226
000830,801030.SI,基础化工,19980807
000545,801030.SI,基础化工,20140702
000902,801030.SI,基础化工,20150604
000683,801030.SI,基础化工,20150701
000990,801030.SI,基础化工,20170703
000893,801030.SI,基础化工,20190708
000792,801030.SI,基础化工,20210811
301190,801030.SI,基础化工,20211231
301035,801030.SI,基础化工,20210804
301237,801030.SI,基础化工,20220330
301216,801030.SI,基础化工,20220407
301206,801030.SI,基础化工,20220217
301149,801030.SI,基础化工,20211117
300741,801030.SI,基础化工,20211213
300829,801030.SI,基础化工,20211213
300858,801030.SI,基础化工,20211213
301212,801030.SI,基础化工,20220426
300230,801030.SI,基础化工,20110622
300305,801030.SI,基础化工,20120411
300321,801030.SI,基础化工,20120530
300243,801030.SI,基础化工,20110719
300169,801030.SI,基础化工,20110215
300320,801030.SI,基础化工,20120608
300163,801030.SI,基础化工,20110121
300121,801030.SI,基础化工,20100930
300082,801030.SI,基础化工,20100528
300067,801030.SI,基础化工,20100429
300225,801030.SI,基础化工,20110608
300041,801030.SI,基础化工,20100118
300221,801030.SI,基础化工,20110601
300218,801030.SI,基础化工,20110524
300214,801030.SI,基础化工,20110518
300180,801030.SI,基础化工,20110302
300200,801030.SI,基础化工,20110415
300107,801030.SI,基础化工,20100830
300019,801030.SI,基础化工,20100602
300387,801030.SI,基础化工,20140710
300405,801030.SI,基础化工,20141106
300487,801030.SI,基础化工,20150709
300478,801030.SI,基础化工,20150617
300539,801030.SI,基础化工,20160906
300505,801030.SI,基础化工,20160325
300522,801030.SI,基础化工,20160712
300535,801030.SI,基础化工,20160819
300596,801030.SI,基础化工,20170126
300587,801030.SI,基础化工,20170112
300575,801030.SI,基础化工,20161227
300586,801030.SI,基础化工,20170111
300641,801030.SI,基础化工,20170425
300665,801030.SI,基础化工,20170620
300717,801030.SI,基础化工,20171113
300261,801030.SI,基础化工,20170703
300727,801030.SI,基础化工,20171204
300758,801030.SI,基础化工,20190301
300767,801030.SI,基础化工,20190408
300731,801030.SI,基础化工,20190708
300821,801030.SI,基础化工,20200319
300801,801030.SI,基础化工,20191205
300848,801030.SI,基础化工,20200727
300905,801030.SI,基础化工,20201112
300927,801030.SI,基础化工,20210114
300891,801030.SI,基础化工,20200924
300910,801030.SI,基础化工,20201204
301003,801030.SI,基础化工,20210623
300995,801030.SI,基础化工,20210602
301036,801030.SI,基础化工,20210805
301019,801030.SI,基础化工,20210705
300876,801030.SI,基础化工,20200831
301037,801030.SI,基础化工,20210806
300980,801030.SI,基础化工,20210428
300920,801030.SI,基础化工,20210104
301100,801030.SI,基础化工,20211224
301069,801030.SI,基础化工,20211011
301071,801030.SI,基础化工,20211213
301118,801030.SI,基础化工,20211125
301076,801030.SI,基础化工,20211018
301090,801030.SI,基础化工,20211102
301057,801030.SI,基础化工,20210916
301077,801030.SI,基础化工,20211014
301300,801030.SI,基础化工,20220826
301220,801030.SI,基础化工,20220629
301131,801030.SI,基础化工,20220321
301283,801030.SI,基础化工,20220909
300538,801030.SI,基础化工,20180716
301196,801030.SI,基础化工,20220118
300834,801030.SI,基础化工,20220120
301286,801030.SI,基础化工,20220621
300637,801030.SI,基础化工,20220801
301209,801030.SI,基础化工,20220901
301059,801030.SI,基础化工,20210922
301256,801030.SI,基础化工,20220329
301092,801030.SI,基础化工,20211109
301156,801030.SI,基础化工,20220624
300721,801030.SI,基础化工,20171122
300806,801030.SI,基础化工,20191202
300610,801030.SI,基础化工,20170220
300644,801030.SI,基础化工,20180213
300109,801030.SI,基础化工,20100902
300174,801030.SI,基础化工,20110216
300796,801030.SI,基础化工,20191218
300798,801030.SI,基础化工,20191129
002427,801030.SI,基础化工,20221213
001333,801030.SI,基础化工,20221215
603281,801030.SI,基础化工,20230207
301373,801030.SI,基础化工,20230215
603073,801030.SI,基础化工,20230323
603065,801030.SI,基础化工,20230328
603125,801030.SI,基础化工,20230417
601065,801030.SI,基础化工,20230417
603172,801030.SI,基础化工,20230517
300804,801030.SI,基础化工,20230704
300343,801030.SI,基础化工,20230706
301395,801030.SI,基础化工,20230710
301518,801030.SI,基础化工,20230810
300072,801030.SI,基础化工,20230823
688065,801030.SI,基础化工,20230925
688357,801030.SI,基础化工,20230925
688350,801030.SI,基础化工,20230925
688386,801030.SI,基础化工,20230925
688722,801030.SI,基础化工,20230925
688669,801030.SI,基础化工,20230925
688269,801030.SI,基础化工,20230925
688659,801030.SI,基础化工,20230925
688203,801030.SI,基础化工,20230925
688639,801030.SI,基础化工,20230925
688219,801030.SI,基础化工,20230925
688196,801030.SI,基础化工,20230925
688179,801030.SI,基础化工,20230925
688398,801030.SI,基础化工,20230925
688625,801030.SI,基础化工,20230925
688718,801030.SI,基础化工,20230925
688300,801030.SI,基础化工,20230925
688323,801030.SI,基础化工,20230925
688585,801030.SI,基础化工,20230925
688089,801030.SI,基础化工,20230925
688133,801030.SI,基础化工,20230925
688571,801030.SI,基础化工,20230925
688157,801030.SI,基础化工,20230925
688295,801030.SI,基础化工,20230925
688267,801030.SI,基础化工,20230925
688129,801030.SI,基础化工,20230925
688199,801030.SI,基础化工,20230925
688716,801030.SI,基础化工,20230927
603276,801030.SI,基础化工,20231010
001378,801030.SI,基础化工,20231106
301555,801030.SI,基础化工,20231107
603062,801030.SI,基础化工,20231114
301459,801030.SI,基础化工,20231220
001358,801030.SI,基础化工,20231228
603004,801030.SI,基础化工,20240104
301591,801030.SI,基础化工,20240306
301538,801030.SI,基础化工,20240327
001359,801030.SI,基础化工,20240408
603113,801030.SI,基础化工,20240522
000949,801030.SI,基础化工,20240530
301565,801030.SI,基础化工,20240627
603285,801030.SI,基础化工,20240712
002430,801030.SI,基础化工,20240731
603079,801030.SI,基础化工,20240731
002497,801030.SI,基础化工,20240731
002001,801030.SI,基础化工,20240809
603310,801030.SI,基础化工,20240821
301618,801030.SI,基础化工,20241014
000525,801030.SI,基础化工,20241119
603395,801030.SI,基础化工,20241203
301617,801030.SI,基础化工,20241218
301585,801030.SI,基础化工,20241227
301665,801030.SI,基础化工,20250418
001335,801030.SI,基础化工,20250422
603120,801030.SI,基础化工,20250423
688602,801030.SI,基础化工,20250428
603382,801030.SI,基础化工,20250619
600784,801030.SI,基础化工,20250813
601113,801030.SI,基础化工,20250813
603406,801030.SI,基础化工,20250815
601026,801030.SI,基础化工,20251024
603334,801030.SI,基础化工,20251112
002758,801030.SI,基础化工,20251203
600165,801030.SI,基础化工,20251212
001325,801030.SI,基础化工,20251225
000691,801030.SI,基础化工,20260106
001369,801030.SI,基础化工,20260108
301687,801030.SI,基础化工,20260109
301683,801030.SI,基础化工,20260409
603435,801030.SI,基础化工,20260529
300886,801030.SI,基础化工,20260702
688598,801030.SI,基础化工,20260702
000408,801030.SI,基础化工,20260702
000629,801040.SI,钢铁,20211213
000655,801040.SI,钢铁,20211213
000708,801040.SI,钢铁,19970326
000709,801040.SI,钢铁,19970416
000717,801040.SI,钢铁,19970508
000761,801040.SI,钢铁,19980115
000778,801040.SI,钢铁,20090602
000825,801040.SI,钢铁,19981021
000898,801040.SI,钢铁,19971225
000923,801040.SI,钢铁,20211213
000932,801040.SI,钢铁,19990803
000959,801040.SI,钢铁,19991216
001203,801040.SI,钢铁,20211213
002075,801040.SI,钢铁,20111010
002110,801040.SI,钢铁,20070205
002318,801040.SI,钢铁,20091221
002443,801040.SI,钢铁,20121008
002478,801040.SI,钢铁,20121008
300881,801040.SI,钢铁,20200908
600010,801040.SI,钢铁,20010309
600019,801040.SI,钢铁,20001212
600022,801040.SI,钢铁,20040629
600117,801040.SI,钢铁,20231204
600126,801040.SI,钢铁,19980311
600231,801040.SI,钢铁,20000511
600282,801040.SI,钢铁,20000919
600295,801040.SI,钢铁,20211213
600307,801040.SI,钢铁,20001220
600382,801040.SI,钢铁,20220801
600399,801040.SI,钢铁,20200421
600507,801040.SI,钢铁,20070703
600516,801040.SI,钢铁,20211213
600569,801040.SI,钢铁,20010820
600581,801040.SI,钢铁,20020816
600782,801040.SI,钢铁,20090602
600808,801040.SI,钢铁,19940106
601003,801040.SI,钢铁,20070307
601005,801040.SI,钢铁,20180201
601121,801040.SI,钢铁,20230317
601686,801040.SI,钢铁,20201211
601969,801040.SI,钢铁,20211213
603878,801040.SI,钢铁,20161226
603995,801040.SI,钢铁,20191231
000060,801050.SI,有色金属,19970123
000426,801050.SI,有色金属,20120702
000506,801050.SI,有色金属,20220801
000603,801050.SI,有色金属,20120702
000612,801050.SI,有色金属,19960926
000630,801050.SI,有色金属,19961120
000633,801050.SI,有色金属,20160219
000657,801050.SI,有色金属,20130218
000688,801050.SI,有色金属,20130701
000737,801050.SI,有色金属,20220801
000751,801050.SI,有色金属,20140807
000758,801050.SI,有色金属,20051010
000762,801050.SI,有色金属,20211213
000795,801050.SI,有色金属,19970808
000807,801050.SI,有色金属,19980408
000831,801050.SI,有色金属,20130218
000878,801050.SI,有色金属,19980602
000933,801050.SI,有色金属,20160701
000960,801050.SI,有色金属,20000221
000962,801050.SI,有色金属,20000120
000969,801050.SI,有色金属,20000529
000970,801050.SI,有色金属,20100602
000975,801050.SI,有色金属,20130701
001257,801050.SI,有色金属,20260408
001280,801050.SI,有色金属,20251210
001337,801050.SI,有色金属,20230310
002114,801050.SI,有色金属,20070302
002149,801050.SI,有色金属,20070820
002155,801050.SI,有色金属,20070824
002160,801050.SI,有色金属,20070829
002167,801050.SI,有色金属,20111010
002171,801050.SI,有色金属,20071008
002182,801050.SI,有色金属,20071121
002192,801050.SI,有色金属,20220407
002203,801050.SI,有色金属,20080124
002237,801050.SI,有色金属,20080528
002240,801050.SI,有色金属,20210924
002295,801050.SI,有色金属,20091015
002378,801050.SI,有色金属,20100409
002379,801050.SI,有色金属,20100409
002428,801050.SI,有色金属,20100621
002460,801050.SI,有色金属,20100818
002466,801050.SI,有色金属,20100908
002501,801050.SI,有色金属,20210104
002532,801050.SI,有色金属,20211213
002540,801050.SI,有色金属,20110215
002578,801050.SI,有色金属,20110506
002716,801050.SI,有色金属,20201230
002738,801050.SI,有色金属,20200805
002756,801050.SI,有色金属,20220801
002824,801050.SI,有色金属,20170119
002842,801050.SI,有色金属,20170126
002978,801050.SI,有色金属,20211213
002988,801050.SI,有色金属,20200525
002996,801050.SI,有色金属,20200904
003038,801050.SI,有色金属,20210224
300057,801050.SI,有色金属,20211213
300127,801050.SI,有色金属,20101021
300139,801050.SI,有色金属,20220801
300224,801050.SI,有色金属,20110608
300328,801050.SI,有色金属,20180716
300337,801050.SI,有色金属,20120725
300618,801050.SI,有色金属,20170313
300697,801050.SI,有色金属,20170914
300748,801050.SI,有色金属,20181008
300811,801050.SI,有色金属,20200107
300835,801050.SI,有色金属,20200601
300855,801050.SI,有色金属,20200730
300930,801050.SI,有色金属,20210128
300963,801050.SI,有色金属,20210416
301026,801050.SI,有色金属,20210723
301141,801050.SI,有色金属,20230411
301219,801050.SI,有色金属,20220324
301323,801050.SI,有色金属,20230613
301522,801050.SI,有色金属,20241023
301531,801050.SI,有色金属,20260518
301622,801050.SI,有色金属,20241211
600111,801050.SI,有色金属,19970924
600219,801050.SI,有色金属,20050701
600255,801050.SI,有色金属,20001122
600259,801050.SI,有色金属,20100602
600281,801050.SI,有色金属,20211213
600301,801050.SI,有色金属,20240731
600338,801050.SI,有色金属,20070703
600361,801050.SI,有色金属,20230706
600362,801050.SI,有色金属,20020111
600366,801050.SI,有色金属,20100602
600392,801050.SI,有色金属,20130701
600456,801050.SI,有色金属,20020412
600459,801050.SI,有色金属,20030516
600489,801050.SI,有色金属,20030814
600490,801050.SI,有色金属,20111010
600497,801050.SI,有色金属,20040420
600531,801050.SI,有色金属,20020730
600547,801050.SI,有色金属,20030828
600549,801050.SI,有色金属,20021107
600595,801050.SI,有色金属,20211012
600615,801050.SI,有色金属,20160701
600711,801050.SI,有色金属,20120702
600768,801050.SI,有色金属,20020924
600888,801050.SI,有色金属,19960215
600961,801050.SI,有色金属,20040830
600988,801050.SI,有色金属,20130701
601020,801050.SI,有色金属,20160325
601069,801050.SI,有色金属,20150129
601137,801050.SI,有色金属,20110215
601168,801050.SI,有色金属,20070720
601212,801050.SI,有色金属,20170222
601388,801050.SI,有色金属,20120502
601600,801050.SI,有色金属,20070515
601609,801050.SI,有色金属,20200429
601677,801050.SI,有色金属,20110926
601702,801050.SI,有色金属,20200914
601899,801050.SI,有色金属,20080507
601958,801050.SI,有色金属,20080425
603045,801050.SI,有色金属,20180524
603072,801050.SI,有色金属,20250110
603124,801050.SI,有色金属,20250327
603132,801050.SI,有色金属,20220301
603271,801050.SI,有色金属,20250318
603399,801050.SI,有色金属,20120831
603407,801050.SI,有色金属,20260518
603527,801050.SI,有色金属,20170914
603799,801050.SI,有色金属,20150205
603876,801050.SI,有色金属,20180425
603937,801050.SI,有色金属,20211213
603978,801050.SI,有色金属,20170814
603979,801050.SI,有色金属,20231018
603993,801050.SI,有色金属,20121016
605158,801050.SI,有色金属,20230706
605208,801050.SI,有色金属,20210315
605376,801050.SI,有色金属,20201215
688077,801050.SI,有色金属,20230925
688102,801050.SI,有色金属,20230925
688190,801050.SI,有色金属,20230925
688231,801050.SI,有色金属,20230925
688456,801050.SI,有色金属,20230925
688750,801050.SI,有色金属,20241127
688786,801050.SI,有色金属,20230925
688811,801050.SI,有色金属,20260417
605111,801080.SI,电子,20201013
605218,801080.SI,电子,20201013
600877,801080.SI,电子,20220801
603738,801080.SI,电子,20161013
603629,801080.SI,电子,20190102
603327,801080.SI,电子,20190530
600183,801080.SI,电子,19981028
600363,801080.SI,电子,20010329
601231,801080.SI,电子,20120227
600584,801080.SI,电子,20030603
600171,801080.SI,电子,19980924
600460,801080.SI,电子,20030311
600563,801080.SI,电子,20060508
600071,801080.SI,电子,20111010
600237,801080.SI,电子,20000609
600707,801080.SI,电子,19960520
600360,801080.SI,电子,20010316
600703,801080.SI,电子,20090602
603005,801080.SI,电子,20140217
603328,801080.SI,电子,20140708
603989,801080.SI,电子,20150522
603936,801080.SI,电子,20151216
603160,801080.SI,电子,20161024
603186,801080.SI,电子,20170110
603228,801080.SI,电子,20170113
603986,801080.SI,电子,20160825
603633,801080.SI,电子,20161124
603386,801080.SI,电子,20170919
603890,801080.SI,电子,20171219
603595,801080.SI,电子,20170719
603380,801080.SI,电子,20170629
603501,801080.SI,电子,20170511
603297,801080.SI,电子,20180917
603679,801080.SI,电子,20170628
603933,801080.SI,电子,20170713
603685,801080.SI,电子,20171204
603920,801080.SI,电子,20170504
603773,801080.SI,电子,20180424
600353,801080.SI,电子,20180716
600552,801080.SI,电子,20180716
600745,801080.SI,电子,20171207
603290,801080.SI,电子,20200211
603068,801080.SI,电子,20190422
603893,801080.SI,电子,20200214
601138,801080.SI,电子,20180615
605258,801080.SI,电子,20201210
603931,801080.SI,电子,20200826
605588,801080.SI,电子,20210819
605058,801080.SI,电子,20201028
600203,801080.SI,电子,20180716
605358,801080.SI,电子,20200918
603703,801080.SI,电子,20211213
605277,801080.SI,电子,20211213
600130,801080.SI,电子,20211213
600206,801080.SI,电子,20211213
603002,801080.SI,电子,20211213
603078,801080.SI,电子,20211213
603052,801080.SI,电子,20221018
603626,801080.SI,电子,20211213
603690,801080.SI,电子,20211213
002463,801080.SI,电子,20100826
002426,801080.SI,电子,20220801
002841,801080.SI,电子,20220801
002475,801080.SI,电子,20100928
002137,801080.SI,电子,20220801
002449,801080.SI,电子,20100726
002981,801080.SI,电子,20200424
002655,801080.SI,电子,20120224
002049,801080.SI,电子,20050606
002199,801080.SI,电子,20080102
002384,801080.SI,电子,20111010
002134,801080.SI,电子,20070524
002106,801080.SI,电子,20070122
002119,801080.SI,电子,20070312
002156,801080.SI,电子,20070824
002185,801080.SI,电子,20071128
002222,801080.SI,电子,20080327
002273,801080.SI,电子,20081007
002289,801080.SI,电子,20090910
002139,801080.SI,电子,20090602
002161,801080.SI,电子,20090602
002635,801080.SI,电子,20111202
002636,801080.SI,电子,20111202
002351,801080.SI,电子,20100323
002045,801080.SI,电子,20050523
002388,801080.SI,电子,20100421
002369,801080.SI,电子,20100324
002371,801080.SI,电子,20100324
002138,801080.SI,电子,20080603
002055,801080.SI,电子,20070703
002456,801080.SI,电子,20100811
002484,801080.SI,电子,20101014
002436,801080.SI,电子,20100628
002241,801080.SI,电子,20080530
002660,801080.SI,电子,20120323
002587,801080.SI,电子,20110617
002729,801080.SI,电子,20140919
002745,801080.SI,电子,20150303
002782,801080.SI,电子,20151229
002036,801080.SI,电子,20160701
002855,801080.SI,电子,20170328
002845,801080.SI,电子,20170208
002913,801080.SI,电子,20171208
002885,801080.SI,电子,20170704
002861,801080.SI,电子,20170420
002916,801080.SI,电子,20171220
002815,801080.SI,电子,20161019
002876,801080.SI,电子,20170605
002859,801080.SI,电子,20170414
002922,801080.SI,电子,20180108
002866,801080.SI,电子,20170504
002077,801080.SI,电子,20180716
002600,801080.SI,电子,20180716
002888,801080.SI,电子,20170728
002952,801080.SI,电子,20190404
002947,801080.SI,电子,20190215
002925,801080.SI,电子,20180122
002387,801080.SI,电子,20190708
002681,801080.SI,电子,20190708
002983,801080.SI,电子,20200508
002962,801080.SI,电子,20190924
002955,801080.SI,电子,20190530
002992,801080.SI,电子,20200810
002409,801080.SI,电子,20200609
002938,801080.SI,电子,20180926
002993,801080.SI,电子,20200824
002579,801080.SI,电子,20110513
002741,801080.SI,电子,20211213
002130,801080.SI,电子,20211213
002584,801080.SI,电子,20211213
002643,801080.SI,电子,20211213
002654,801080.SI,电子,20211213
001308,801080.SI,电子,20220325
001298,801080.SI,电子,20221107
003015,801080.SI,电子,20201028
003019,801080.SI,电子,20201124
003043,801080.SI,电子,20211213
003026,801080.SI,电子,20201225
000509,801080.SI,电子,20220801
000536,801080.SI,电子,20111010
000636,801080.SI,电子,19961129
000050,801080.SI,电子,19950315
000727,801080.SI,电子,19970520
000725,801080.SI,电子,20010112
000020,801080.SI,电子,19920428
000823,801080.SI,电子,19971008
000045,801080.SI,电子,20140702
000062,801080.SI,电子,20170703
000021,801080.SI,电子,20190708
000100,801080.SI,电子,20190423
000670,801080.SI,电子,20220823
301086,801080.SI,电子,20211027
300940,801080.SI,电子,20210210
301123,801080.SI,电子,20220208
300303,801080.SI,电子,20120326
300301,801080.SI,电子,20120328
300319,801080.SI,电子,20120530
300327,801080.SI,电子,20120620
300232,801080.SI,电子,20110629
300373,801080.SI,电子,20140207
300241,801080.SI,电子,20110719
300162,801080.SI,电子,20110121
300323,801080.SI,电子,20120608
300046,801080.SI,电子,20100128
300115,801080.SI,电子,20100910
300223,801080.SI,电子,20110608
300076,801080.SI,电子,20100511
300077,801080.SI,电子,20100511
300219,801080.SI,电子,20110524
300184,801080.SI,电子,20110302
300131,801080.SI,电子,20101027
300102,801080.SI,电子,20100820
300088,801080.SI,电子,20100603
300331,801080.SI,电子,20120705
300433,801080.SI,电子,20150325
300296,801080.SI,电子,20120322
300389,801080.SI,电子,20140808
300408,801080.SI,电子,20141210
300032,801080.SI,电子,20140702
300136,801080.SI,电子,20140702
300322,801080.SI,电子,20140702
300458,801080.SI,电子,20150522
300476,801080.SI,电子,20150618
300460,801080.SI,电子,20150522
300545,801080.SI,电子,20161013
300613,801080.SI,电子,20170227
300516,801080.SI,电子,20160613
300582,801080.SI,电子,20170105
300657,801080.SI,电子,20170601
300566,801080.SI,电子,20161122
300602,801080.SI,电子,20170209
300661,801080.SI,电子,20170613
300739,801080.SI,电子,20180208
300709,801080.SI,电子,20171026
300735,801080.SI,电子,20180108
300701,801080.SI,电子,20170922
300623,801080.SI,电子,20170413
300632,801080.SI,电子,20170413
300647,801080.SI,电子,20170510
300650,801080.SI,电子,20170510
300672,801080.SI,电子,20170719
300671,801080.SI,电子,20170712
300679,801080.SI,电子,20170807
300686,801080.SI,电子,20170811
300808,801080.SI,电子,20191206
300666,801080.SI,电子,20190708
300782,801080.SI,电子,20190625
300793,801080.SI,电子,20191025
300852,801080.SI,电子,20200720
300684,801080.SI,电子,20200731
300857,801080.SI,电子,20200803
300903,801080.SI,电子,20201112
300831,801080.SI,电子,20200521
300916,801080.SI,电子,20201209
300889,801080.SI,电子,20200923
300736,801080.SI,电子,20180116
300493,801080.SI,电子,20151217
300346,801080.SI,电子,20120813
300787,801080.SI,电子,20190906
300939,801080.SI,电子,20210204
300909,801080.SI,电子,20201125
300991,801080.SI,电子,20210527
301099,801080.SI,电子,20211129
300936,801080.SI,电子,20210202
300976,801080.SI,电子,20210426
300866,801080.SI,电子,20200831
300868,801080.SI,电子,20200831
300814,801080.SI,电子,20210819
301051,801080.SI,电子,20210903
300975,801080.SI,电子,20210428
301041,801080.SI,电子,20210818
301180,801080.SI,电子,20211123
300968,801080.SI,电子,20210422
301045,801080.SI,电子,20210820
300481,801080.SI,电子,20211213
300537,801080.SI,电子,20211213
300576,801080.SI,电子,20211213
301106,801080.SI,电子,20220211
301067,801080.SI,电子,20210929
300604,801080.SI,电子,20211213
300655,801080.SI,电子,20211213
300812,801080.SI,电子,20211213
301031,801080.SI,电子,20211213
300236,801080.SI,电子,20211213
300398,801080.SI,电子,20211213
300951,801080.SI,电子,20210305
300429,801080.SI,电子,20211213
301189,801080.SI,电子,20220105
300964,801080.SI,电子,20210812
300054,801080.SI,电子,20211213
301308,801080.SI,电子,20220812
301285,801080.SI,电子,20221012
301176,801080.SI,电子,20221012
301282,801080.SI,电子,20220902
300475,801080.SI,电子,20220524
301379,801080.SI,电子,20221108
301359,801080.SI,电子,20221116
300285,801080.SI,电子,20220801
300269,801080.SI,电子,20220801
301366,801080.SI,电子,20221010
301369,801080.SI,电子,20220929
301328,801080.SI,电子,20220916
301183,801080.SI,电子,20220531
300956,801080.SI,电子,20210402
301321,801080.SI,电子,20220825
301389,801080.SI,电子,20221107
300256,801080.SI,电子,20220901
300752,801080.SI,电子,20181207
300456,801080.SI,电子,20200803
300120,801080.SI,电子,20190708
300822,801080.SI,电子,20200320
300843,801080.SI,电子,20200709
300656,801080.SI,电子,20170526
301132,801080.SI,电子,20220817
301319,801080.SI,电子,20221013
300706,801080.SI,电子,20190708
300708,801080.SI,电子,20171023
301326,801080.SI,电子,20220928
600601,801080.SI,电子,20221227
301297,801080.SI,电子,20230109
001314,801080.SI,电子,20230221
603061,801080.SI,电子,20230310
001287,801080.SI,电子,20230417
301387,801080.SI,电子,20230425
001373,801080.SI,电子,20230608
301383,801080.SI,电子,20230616
002213,801080.SI,电子,20230706
301486,801080.SI,电子,20230714
301329,801080.SI,电子,20230724
603296,801080.SI,电子,20230815
301348,801080.SI,电子,20230817
301421,801080.SI,电子,20230830
301251,801080.SI,电子,20230913
688036,801080.SI,电子,20230925
688981,801080.SI,电子,20230925
688401,801080.SI,电子,20230925
688127,801080.SI,电子,20230925
688167,801080.SI,电子,20230925
688391,801080.SI,电子,20230925
688150,801080.SI,电子,20230925
688210,801080.SI,电子,20230925
688052,801080.SI,电子,20230925
688093,801080.SI,电子,20230925
688662,801080.SI,电子,20230925
688234,801080.SI,电子,20230925
688019,801080.SI,电子,20230925
688498,801080.SI,电子,20230925
688608,801080.SI,电子,20230925
688126,801080.SI,电子,20230925
688209,801080.SI,电子,20230925
688120,801080.SI,电子,20230925
688458,801080.SI,电子,20230925
688173,801080.SI,电子,20230925
688416,801080.SI,电子,20230925
688347,801080.SI,电子,20230925
688012,801080.SI,电子,20230925
688041,801080.SI,电子,20230925
688702,801080.SI,电子,20230925
688286,801080.SI,电子,20230925
688535,801080.SI,电子,20230925
688693,801080.SI,电子,20230925
688181,801080.SI,电子,20230925
688249,801080.SI,电子,20230925
688766,801080.SI,电子,20230925
688099,801080.SI,电子,20230925
688432,801080.SI,电子,20230925
688049,801080.SI,电子,20230925
688035,801080.SI,电子,20230925
688055,801080.SI,电子,20230925
688322,801080.SI,电子,20230925
688385,801080.SI,电子,20230925
688593,801080.SI,电子,20230925
688195,801080.SI,电子,20230925
688603,801080.SI,电子,20230925
688372,801080.SI,电子,20230925
688519,801080.SI,电子,20230925
688380,801080.SI,电子,20230925
688135,801080.SI,电子,20230925
688800,801080.SI,电子,20230925
688037,801080.SI,电子,20230925
688478,801080.SI,电子,20230925
688130,801080.SI,电子,20230925
688048,801080.SI,电子,20230925
688359,801080.SI,电子,20230925
688072,801080.SI,电子,20230925
688678,801080.SI,电子,20230925
688409,801080.SI,电子,20230925
688661,801080.SI,电子,20230925
688361,801080.SI,电子,20230925
688502,801080.SI,电子,20230925
688496,801080.SI,电子,20230925
688325,801080.SI,电子,20230925
688103,801080.SI,电子,20230925
688362,801080.SI,电子,20230925
688010,801080.SI,电子,20230925
688403,801080.SI,电子,20230925
688045,801080.SI,电子,20230925
688141,801080.SI,电子,20230925
688620,801080.SI,电子,20230925
688515,801080.SI,电子,20230925
688213,801080.SI,电子,20230925
688371,801080.SI,电子,20230925
688548,801080.SI,电子,20230925
688138,801080.SI,电子,20230925
688220,801080.SI,电子,20230925
688146,801080.SI,电子,20230925
688299,801080.SI,电子,20230925
688352,801080.SI,电子,20230925
688018,801080.SI,电子,20230925
688233,801080.SI,电子,20230925
688798,801080.SI,电子,20230925
688183,801080.SI,电子,20230925
688582,801080.SI,电子,20230925
688683,801080.SI,电子,20230925
688539,801080.SI,电子,20230925
688268,801080.SI,电子,20230925
688270,801080.SI,电子,20230925
688172,801080.SI,电子,20230925
688711,801080.SI,电子,20230925
688008,801080.SI,电子,20230925
688107,801080.SI,电子,20230925
688230,801080.SI,电子,20230925
688381,801080.SI,电子,20230925
688508,801080.SI,电子,20230925
688512,801080.SI,电子,20230925
688595,801080.SI,电子,20230925
688020,801080.SI,电子,20230925
688536,801080.SI,电子,20230925
688047,801080.SI,电子,20230925
688689,801080.SI,电子,20230925
688061,801080.SI,电子,20230925
688079,801080.SI,电子,20230925
688550,801080.SI,电子,20230925
688601,801080.SI,电子,20230925
688728,801080.SI,电子,20230925
688396,801080.SI,电子,20230925
688256,801080.SI,电子,20230925
688110,801080.SI,电子,20230925
688699,801080.SI,电子,20230925
688200,801080.SI,电子,20230925
688106,801080.SI,电子,20230925
688591,801080.SI,电子,20230925
688216,801080.SI,电子,20230925
688260,801080.SI,电子,20230925
688538,801080.SI,电子,20230925
688484,801080.SI,电子,20230925
688521,801080.SI,电子,20230925
688549,801080.SI,电子,20230925
688259,801080.SI,电子,20230925
688279,801080.SI,电子,20230925
688486,801080.SI,电子,20230925
688082,801080.SI,电子,20230925
688419,801080.SI,电子,20230925
688123,801080.SI,电子,20230925
688589,801080.SI,电子,20230925
688262,801080.SI,电子,20230925
688368,801080.SI,电子,20230925
688007,801080.SI,电子,20230925
688332,801080.SI,电子,20230925
688469,801080.SI,电子,20230925
688153,801080.SI,电子,20230925
688261,801080.SI,电子,20230925
688252,801080.SI,电子,20230925
688655,801080.SI,电子,20230925
688525,801080.SI,电子,20230925
301489,801080.SI,电子,20231031
688653,801080.SI,电子,20231124
688652,801080.SI,电子,20231206
688720,801080.SI,电子,20231213
301566,801080.SI,电子,20240108
301567,801080.SI,电子,20240123
603375,801080.SI,电子,20240131
688709,801080.SI,电子,20240222
688584,801080.SI,电子,20240223
603341,801080.SI,电子,20240308
301536,801080.SI,电子,20240408
001389,801080.SI,电子,20240411
688691,801080.SI,电子,20240418
688530,801080.SI,电子,20240516
300489,801080.SI,电子,20240604
300784,801080.SI,电子,20240617
001309,801080.SI,电子,20240731
688378,801080.SI,电子,20240731
600330,801080.SI,电子,20240731
300053,801080.SI,电子,20240731
301606,801080.SI,电子,20240802
688721,801080.SI,电子,20240813
301611,801080.SI,电子,20240823
301626,801080.SI,电子,20241031
301628,801080.SI,电子,20241107
688449,801080.SI,电子,20241206
688605,801080.SI,电子,20241219
002217,801080.SI,电子,20250102
301458,801080.SI,电子,20250117
688545,801080.SI,电子,20250206
301275,801080.SI,电子,20250318
301479,801080.SI,电子,20250325
301629,801080.SI,电子,20250331
688775,801080.SI,电子,20250618
301678,801080.SI,电子,20250627
688729,801080.SI,电子,20250715
301630,801080.SI,电子,20250717
301491,801080.SI,电子,20250813
603991,801080.SI,电子,20250813
002402,801080.SI,电子,20250813
301563,801080.SI,电子,20251015
603175,801080.SI,电子,20251031
688783,801080.SI,电子,20251104
688727,801080.SI,电子,20251125
688795,801080.SI,电子,20251212
688790,801080.SI,电子,20251223
688802,801080.SI,电子,20251224
688807,801080.SI,电子,20251226
688809,801080.SI,电子,20260108
688785,801080.SI,电子,20260204
688781,801080.SI,电子,20260401
603459,801080.SI,电子,20260415
301666,801080.SI,电子,20260423
688820,801080.SI,电子,20260428
688797,801080.SI,电子,20260701
002141,801080.SI,电子,20260702
603316,801080.SI,电子,20260702
688307,801080.SI,电子,20260702
603115,801080.SI,电子,20260702
300128,801080.SI,电子,20260702
002552,801080.SI,电子,20260702
600641,801080.SI,电子,20260702
001399,801080.SI,电子,20260703
301583,801080.SI,电子,20260717
688825,801080.SI,电子,20260803
001232,801080.SI,电子,20260811
301717,801080.SI,电子,20260818
688002,801080.SI,电子,20260825
600099,801880.SI,汽车,20140221
600699,801880.SI,汽车,20140221
601058,801880.SI,汽车,20211213
601500,801880.SI,汽车,20211213
601633,801880.SI,汽车,20140221
600480,801880.SI,汽车,20140221
603949,801880.SI,汽车,20211213
603982,801880.SI,汽车,20190529
600166,801880.SI,汽车,20140221
600182,801880.SI,汽车,20211213
603596,801880.SI,汽车,20180508
603109,801880.SI,汽车,20200108
600218,801880.SI,汽车,20211213
600303,801880.SI,汽车,20140221
600841,801880.SI,汽车,20211213
601279,801880.SI,汽车,20210422
603922,801880.SI,汽车,20171030
600679,801880.SI,汽车,20140221
600960,801880.SI,汽车,20170703
603787,801880.SI,汽车,20170703
600148,801880.SI,汽车,20140221
603158,801880.SI,汽车,20150327
603997,801880.SI,汽车,20150309
603306,801880.SI,汽车,20141013
601689,801880.SI,汽车,20150326
603788,801880.SI,汽车,20150127
600006,801880.SI,汽车,20140221
600066,801880.SI,汽车,20140221
600104,801880.SI,汽车,20140221
600335,801880.SI,汽车,20140221
600523,801880.SI,汽车,20140221
600609,801880.SI,汽车,20140221
600653,801880.SI,汽车,20140221
600698,801880.SI,汽车,20140221
600741,801880.SI,汽车,20140221
600742,801880.SI,汽车,20140221
601238,801880.SI,汽车,20140221
601799,801880.SI,汽车,20140221
601965,801880.SI,汽车,20140221
603006,801880.SI,汽车,20140707
603166,801880.SI,汽车,20141204
603009,801880.SI,汽车,20140725
603023,801880.SI,汽车,20150603
603085,801880.SI,汽车,20150707
603358,801880.SI,汽车,20170208
603089,801880.SI,汽车,20170209
601127,801880.SI,汽车,20160622
603239,801880.SI,汽车,20170109
603701,801880.SI,汽车,20160420
603035,801880.SI,汽车,20170112
603040,801880.SI,汽车,20170216
603179,801880.SI,汽车,20170324
603335,801880.SI,汽车,20170627
603586,801880.SI,汽车,20170413
603305,801880.SI,汽车,20170717
603286,801880.SI,汽车,20170704
603758,801880.SI,汽车,20170524
603767,801880.SI,汽车,20170620
603037,801880.SI,汽车,20170203
603319,801880.SI,汽车,20161207
603161,801880.SI,汽车,20180112
603768,801880.SI,汽车,20170331
603197,801880.SI,汽车,20170526
603655,801880.SI,汽车,20180108
600933,801880.SI,汽车,20171124
603809,801880.SI,汽车,20171205
603926,801880.SI,汽车,20170517
603013,801880.SI,汽车,20180516
603917,801880.SI,汽车,20171211
600733,801880.SI,汽车,20180928
603178,801880.SI,汽车,20170406
603776,801880.SI,汽车,20170824
603730,801880.SI,汽车,20170804
603950,801880.SI,汽车,20200602
603121,801880.SI,汽车,20190118
603348,801880.SI,汽车,20180508
603129,801880.SI,汽车,20170825
603766,801880.SI,汽车,20140221
600418,801880.SI,汽车,20140221
600686,801880.SI,汽车,20140221
600660,801880.SI,汽车,20140221
600178,801880.SI,汽车,20140221
600081,801880.SI,汽车,20140221
600626,801880.SI,汽车,20190708
603786,801880.SI,汽车,20191022
603390,801880.SI,汽车,20191202
605088,801880.SI,汽车,20200824
605005,801880.SI,汽车,20210126
605128,801880.SI,汽车,20200922
605018,801880.SI,汽车,20201014
605133,801880.SI,汽车,20210303
605068,801880.SI,汽车,20201130
605333,801880.SI,汽车,20200825
605255,801880.SI,汽车,20200901
601777,801880.SI,汽车,20201225
605228,801880.SI,汽车,20210127
603529,801880.SI,汽车,20210622
601966,801880.SI,汽车,20211213
605151,801880.SI,汽车,20211213
600386,801880.SI,汽车,20211213
600469,801880.SI,汽车,20211213
600818,801880.SI,汽车,20211213
600822,801880.SI,汽车,20211213
601163,801880.SI,汽车,20211213
605319,801880.SI,汽车,20210615
603048,801880.SI,汽车,20211123
603266,801880.SI,汽车,20220223
603211,801880.SI,汽车,20220801
002870,801880.SI,汽车,20220801
002190,801880.SI,汽车,20220801
002965,801880.SI,汽车,20220801
002547,801880.SI,汽车,20220801
002664,801880.SI,汽车,20211213
002766,801880.SI,汽车,20220105
002126,801880.SI,汽车,20140221
002048,801880.SI,汽车,20140221
002101,801880.SI,汽车,20140221
002813,801880.SI,汽车,20190708
002105,801880.SI,汽车,20140221
002715,801880.SI,汽车,20140226
002085,801880.SI,汽车,20140221
002265,801880.SI,汽车,20140221
002283,801880.SI,汽车,20140221
002284,801880.SI,汽车,20140221
002328,801880.SI,汽车,20140221
002355,801880.SI,汽车,20140221
002363,801880.SI,汽车,20140221
002406,801880.SI,汽车,20140221
002434,801880.SI,汽车,20140221
002454,801880.SI,汽车,20140221
002472,801880.SI,汽车,20140221
002488,801880.SI,汽车,20140221
002536,801880.SI,汽车,20140221
002553,801880.SI,汽车,20140221
002590,801880.SI,汽车,20140221
002592,801880.SI,汽车,20140221
002594,801880.SI,汽车,20140221
002662,801880.SI,汽车,20140221
002703,801880.SI,汽车,20140221
002708,801880.SI,汽车,20140221
002725,801880.SI,汽车,20140221
002239,801880.SI,汽车,20160701
002863,801880.SI,汽车,20170425
002921,801880.SI,汽车,20180104
002510,801880.SI,汽车,20170703
002906,801880.SI,汽车,20171020
002516,801880.SI,汽车,20190708
002448,801880.SI,汽车,20140221
002997,801880.SI,汽车,20200910
002976,801880.SI,汽车,20220705
002537,801880.SI,汽车,20211213
002984,801880.SI,汽车,20211213
003033,801880.SI,汽车,20210118
000980,801880.SI,汽车,20211216
000981,801880.SI,汽车,20220801
000572,801880.SI,汽车,20140221
000757,801880.SI,汽车,20140221
000816,801880.SI,汽车,20211213
000951,801880.SI,汽车,20140221
000559,801880.SI,汽车,20140221
000589,801880.SI,汽车,20211213
000800,801880.SI,汽车,20140221
000338,801880.SI,汽车,20140221
000550,801880.SI,汽车,20140221
000581,801880.SI,汽车,20140221
000625,801880.SI,汽车,20140221
000887,801880.SI,汽车,20140221
000903,801880.SI,汽车,20140221
000957,801880.SI,汽车,20140221
000868,801880.SI,汽车,20140221
000913,801880.SI,汽车,20140221
000700,801880.SI,汽车,20140221
000678,801880.SI,汽车,20140221
000030,801880.SI,汽车,20140221
000570,801880.SI,汽车,20211213
000599,801880.SI,汽车,20211213
000901,801880.SI,汽车,20220801
301181,801880.SI,汽车,20220228
301186,801880.SI,汽车,20211230
300176,801880.SI,汽车,20211213
300100,801880.SI,汽车,20140221
300258,801880.SI,汽车,20140221
300304,801880.SI,汽车,20140221
300375,801880.SI,汽车,20140221
300473,801880.SI,汽车,20150619
300611,801880.SI,汽车,20170227
300507,801880.SI,汽车,20160509
300643,801880.SI,汽车,20170512
300580,801880.SI,汽车,20170118
300585,801880.SI,汽车,20170106
300695,801880.SI,汽车,20170915
300733,801880.SI,汽车,20180123
300547,801880.SI,汽车,20170703
300694,801880.SI,汽车,20181022
300680,801880.SI,汽车,20170801
300707,801880.SI,汽车,20171017
300681,801880.SI,汽车,20180716
300816,801880.SI,汽车,20200217
300825,801880.SI,汽车,20200403
300428,801880.SI,汽车,20190708
300926,801880.SI,汽车,20210114
300912,801880.SI,汽车,20201214
300928,801880.SI,汽车,20210113
301000,801880.SI,汽车,20210623
301005,801880.SI,汽车,20210623
301007,801880.SI,汽车,20210623
301022,801880.SI,汽车,20210709
301039,801880.SI,汽车,20210715
300978,801880.SI,汽车,20210506
301221,801880.SI,汽车,20211229
300969,801880.SI,汽车,20210419
300863,801880.SI,汽车,20200831
300994,801880.SI,汽车,20210819
301020,801880.SI,汽车,20210713
301119,801880.SI,汽车,20211129
301229,801880.SI,汽车,20220301
300998,801880.SI,汽车,20210609
301133,801880.SI,汽车,20211203
300893,801880.SI,汽车,20201009
301192,801880.SI,汽车,20220818
301233,801880.SI,汽车,20220713
300237,801880.SI,汽车,20220801
301072,801880.SI,汽车,20211013
300652,801880.SI,汽车,20170523
301215,801880.SI,汽车,20220315
301298,801880.SI,汽车,20220613
300745,801880.SI,汽车,20211213
001319,801880.SI,汽车,20221207
301398,801880.SI,汽车,20221222
001260,801880.SI,汽车,20230223
603190,801880.SI,汽车,20230224
001311,801880.SI,汽车,20230306
301322,801880.SI,汽车,20230313
001278,801880.SI,汽车,20230315
301345,801880.SI,汽车,20230328
001380,801880.SI,汽车,20230523
001282,801880.SI,汽车,20230531
301310,801880.SI,汽车,20230609
301225,801880.SI,汽车,20230627
301170,801880.SI,汽车,20230704
301397,801880.SI,汽车,20230705
002806,801880.SI,汽车,20230706
301488,801880.SI,汽车,20230711
301499,801880.SI,汽车,20230728
603119,801880.SI,汽车,20230808
301529,801880.SI,汽车,20230918
301550,801880.SI,汽车,20230922
688021,801880.SI,汽车,20230925
688533,801880.SI,汽车,20230925
688280,801880.SI,汽车,20230925
688737,801880.SI,汽车,20230925
688612,801880.SI,汽车,20230925
688667,801880.SI,汽车,20230925
603107,801880.SI,汽车,20231108
301539,801880.SI,汽车,20240422
301552,801880.SI,汽车,20240729
300446,801880.SI,汽车,20240731
600651,801880.SI,汽车,20240731
002937,801880.SI,汽车,20240731
603201,801880.SI,汽车,20240731
600676,801880.SI,汽车,20240731
301607,801880.SI,汽车,20240911
301613,801880.SI,汽车,20241101
301631,801880.SI,汽车,20241129
600375,801880.SI,汽车,20241227
301581,801880.SI,汽车,20250110
301173,801880.SI,汽车,20250310
603409,801880.SI,汽车,20250311
301535,801880.SI,汽车,20250403
603210,801880.SI,汽车,20250416
603202,801880.SI,汽车,20250506
301560,801880.SI,汽车,20250507
603049,801880.SI,汽车,20250612
002765,801880.SI,汽车,20250813
603418,801880.SI,汽车,20250930
301656,801880.SI,汽车,20251010
001285,801880.SI,汽车,20251015
603376,801880.SI,汽车,20251113
001233,801880.SI,汽车,20251204
301667,801880.SI,汽车,20251230
603352,801880.SI,汽车,20260122
301680,801880.SI,汽车,20260313
603293,801880.SI,汽车,20260423
001365,801880.SI,汽车,20260525
603960,801880.SI,汽车,20260702
600151,801880.SI,汽车,20260702
603007,801880.SI,汽车,20260702
603468,801880.SI,汽车,20260813
301655,801880.SI,汽车,20260827
000016,801110.SI,家用电器,19920327
000333,801110.SI,家用电器,20130927
000404,801110.SI,家用电器,20130228
000521,801110.SI,家用电器,19931018
000541,801110.SI,家用电器,20211213
000651,801110.SI,家用电器,19961118
000801,801110.SI,家用电器,20160219
000810,801110.SI,家用电器,20150701
000921,801110.SI,家用电器,19990713
001259,801110.SI,家用电器,20220907
001268,801110.SI,家用电器,20220707
001326,801110.SI,家用电器,20231116
001387,801110.SI,家用电器,20240118
002005,801110.SI,家用电器,20211213
002011,801110.SI,家用电器,20080603
002032,801110.SI,家用电器,20061010
002035,801110.SI,家用电器,20040901
002050,801110.SI,家用电器,20050607
002076,801110.SI,家用电器,20221222
002242,801110.SI,家用电器,20080605
002290,801110.SI,家用电器,20090910
002403,801110.SI,家用电器,20100519
002418,801110.SI,家用电器,20100609
002429,801110.SI,家用电器,20111010
002508,801110.SI,家用电器,20101201
002543,801110.SI,家用电器,20110215
002614,801110.SI,家用电器,20171227
002638,801110.SI,家用电器,20240731
002668,801110.SI,家用电器,20120423
002676,801110.SI,家用电器,20120601
002677,801110.SI,家用电器,20120601
002705,801110.SI,家用电器,20140128
002723,801110.SI,家用电器,20140212
002724,801110.SI,家用电器,20240731
002848,801110.SI,家用电器,20170220
002860,801110.SI,家用电器,20170419
002959,801110.SI,家用电器,20190830
003023,801110.SI,家用电器,20201218
003028,801110.SI,家用电器,20240731
300160,801110.SI,家用电器,20110121
300217,801110.SI,家用电器,20110524
300247,801110.SI,家用电器,20110805
300272,801110.SI,家用电器,20111109
300279,801110.SI,家用电器,20240731
300342,801110.SI,家用电器,20120802
300403,801110.SI,家用电器,20141106
300543,801110.SI,家用电器,20240731
300625,801110.SI,家用电器,20211213
300824,801110.SI,家用电器,20200630
300894,801110.SI,家用电器,20210108
300911,801110.SI,家用电器,20201210
301008,801110.SI,家用电器,20210623
301135,801110.SI,家用电器,20240731
301187,801110.SI,家用电器,20220429
301252,801110.SI,家用电器,20230601
301280,801110.SI,家用电器,20240731
301332,801110.SI,家用电器,20230525
301362,801110.SI,家用电器,20230811
301578,801110.SI,家用电器,20240105
600060,801110.SI,家用电器,19970422
600261,801110.SI,家用电器,20211213
600336,801110.SI,家用电器,20001229
600619,801110.SI,家用电器,19921116
600690,801110.SI,家用电器,19931119
600839,801110.SI,家用电器,19940311
600854,801110.SI,家用电器,20260702
600983,801110.SI,家用电器,20040727
601956,801110.SI,家用电器,20210104
603075,801110.SI,家用电器,20230918
603112,801110.SI,家用电器,20200924
603215,801110.SI,家用电器,20220225
603219,801110.SI,家用电器,20211129
603303,801110.SI,家用电器,20211213
603311,801110.SI,家用电器,20200925
603355,801110.SI,家用电器,20150520
603366,801110.SI,家用电器,20120528
603486,801110.SI,家用电器,20211213
603515,801110.SI,家用电器,20211213
603519,801110.SI,家用电器,20150326
603551,801110.SI,家用电器,20200709
603578,801110.SI,家用电器,20170313
603579,801110.SI,家用电器,20171227
603657,801110.SI,家用电器,20180810
603677,801110.SI,家用电器,20170213
603726,801110.SI,家用电器,20160428
603868,801110.SI,家用电器,20160425
605336,801110.SI,家用电器,20201026
605365,801110.SI,家用电器,20211213
605555,801110.SI,家用电器,20211028
688169,801110.SI,家用电器,20230925
688609,801110.SI,家用电器,20230925
688696,801110.SI,家用电器,20230925
688793,801110.SI,家用电器,20230925
000529,801120.SI,食品饮料,20230518
000568,801120.SI,食品饮料,19940509
000596,801120.SI,食品饮料,19960927
000639,801120.SI,食品饮料,20240731
000716,801120.SI,食品饮料,20070703
000729,801120.SI,食品饮料,19970716
000752,801120.SI,食品饮料,19970625
000799,801120.SI,食品饮料,19970718
000848,801120.SI,食品饮料,19971113
000858,801120.SI,食品饮料,19980427
000860,801120.SI,食品饮料,20150701
000869,801120.SI,食品饮料,20001026
000895,801120.SI,食品饮料,19981210
000929,801120.SI,食品饮料,19990623
000995,801120.SI,食品饮料,20201218
001215,801120.SI,食品饮料,20210913
001219,801120.SI,食品饮料,20211028
001318,801120.SI,食品饮料,20220527
002216,801120.SI,食品饮料,20080228
002304,801120.SI,食品饮料,20091116
002329,801120.SI,食品饮料,20100114
002330,801120.SI,食品饮料,20100114
002461,801120.SI,食品饮料,20100826
002495,801120.SI,食品饮料,20101110
002507,801120.SI,食品饮料,20101201
002515,801120.SI,食品饮料,20101213
002557,801120.SI,食品饮料,20110310
002568,801120.SI,食品饮料,20110406
002570,801120.SI,食品饮料,20110420
002582,801120.SI,食品饮料,20110527
002626,801120.SI,食品饮料,20211213
002646,801120.SI,食品饮料,20111229
002650,801120.SI,食品饮料,20120113
002661,801120.SI,食品饮料,20230404
002695,801120.SI,食品饮料,20120912
002702,801120.SI,食品饮料,20121018
002719,801120.SI,食品饮料,20140211
002726,801120.SI,食品饮料,20140703
002732,801120.SI,食品饮料,20141212
002820,801120.SI,食品饮料,20161125
002840,801120.SI,食品饮料,20170117
002847,801120.SI,食品饮料,20170215
002910,801120.SI,食品饮料,20171107
002946,801120.SI,食品饮料,20190201
002956,801120.SI,食品饮料,20190626
002991,801120.SI,食品饮料,20200807
003000,801120.SI,食品饮料,20200921
300106,801120.SI,食品饮料,20211213
300146,801120.SI,食品饮料,20120702
300783,801120.SI,食品饮料,20190903
300791,801120.SI,食品饮料,20191009
300892,801120.SI,食品饮料,20220801
300898,801120.SI,食品饮料,20201023
300908,801120.SI,食品饮料,20201130
300915,801120.SI,食品饮料,20201209
300973,801120.SI,食品饮料,20210422
300997,801120.SI,食品饮料,20210609
600059,801120.SI,食品饮料,19970516
600073,801120.SI,食品饮料,19970704
600084,801120.SI,食品饮料,20070703
600132,801120.SI,食品饮料,19971030
600186,801120.SI,食品饮料,20200122
600189,801120.SI,食品饮料,20190708
600197,801120.SI,食品饮料,19990916
600199,801120.SI,食品饮料,19980812
600238,801120.SI,食品饮料,20000120
600298,801120.SI,食品饮料,20211213
600300,801120.SI,食品饮料,20000630
600305,801120.SI,食品饮料,20010206
600381,801120.SI,食品饮料,20201124
600419,801120.SI,食品饮料,20180716
600429,801120.SI,食品饮料,20030915
600519,801120.SI,食品饮料,20010827
600530,801120.SI,食品饮料,20211213
600543,801120.SI,食品饮料,20070703
600559,801120.SI,食品饮料,20090602
600573,801120.SI,食品饮料,20030226
600597,801120.SI,食品饮料,20020828
600600,801120.SI,食品饮料,19930827
600616,801120.SI,食品饮料,20050701
600702,801120.SI,食品饮料,19960524
600779,801120.SI,食品饮料,19961206
600809,801120.SI,食品饮料,19940106
600872,801120.SI,食品饮料,20111010
600882,801120.SI,食品饮料,20170703
600887,801120.SI,食品饮料,19960312
601579,801120.SI,食品饮料,20140901
603027,801120.SI,食品饮料,20160314
603043,801120.SI,食品饮料,20170704
603057,801120.SI,食品饮料,20221010
603102,801120.SI,食品饮料,20220208
603156,801120.SI,食品饮料,20180226
603170,801120.SI,食品饮料,20220722
603198,801120.SI,食品饮料,20150604
603237,801120.SI,食品饮料,20220907
603262,801120.SI,食品饮料,20250730
603288,801120.SI,食品饮料,20140218
603317,801120.SI,食品饮料,20190423
603345,801120.SI,食品饮料,20170301
603369,801120.SI,食品饮料,20140710
603517,801120.SI,食品饮料,20170324
603536,801120.SI,食品饮料,20170620
603589,801120.SI,食品饮料,20150706
603696,801120.SI,食品饮料,20151216
603697,801120.SI,食品饮料,20190515
603711,801120.SI,食品饮料,20171207
603719,801120.SI,食品饮料,20200302
603755,801120.SI,食品饮料,20190904
603777,801120.SI,食品饮料,20161019
603779,801120.SI,食品饮料,20160523
603866,801120.SI,食品饮料,20151229
603886,801120.SI,食品饮料,20170105
603919,801120.SI,食品饮料,20160317
605089,801120.SI,食品饮料,20210507
605179,801120.SI,食品饮料,20210105
605300,801120.SI,食品饮料,20210512
605337,801120.SI,食品饮料,20210222
605338,801120.SI,食品饮料,20201019
605339,801120.SI,食品饮料,20210525
605388,801120.SI,食品饮料,20200825
605499,801120.SI,食品饮料,20210603
605567,801120.SI,食品饮料,20211020
000017,801130.SI,纺织服饰,20220801
000026,801130.SI,纺织服饰,20211213
000726,801130.SI,纺织服饰,20001225
000850,801130.SI,纺织服饰,19981007
000955,801130.SI,纺织服饰,19991209
001209,801130.SI,纺织服饰,20210730
001234,801130.SI,纺织服饰,20220118
001312,801130.SI,纺织服饰,20260428
001390,801130.SI,纺织服饰,20250606
002003,801130.SI,纺织服饰,20040625
002029,801130.SI,纺织服饰,20040806
002042,801130.SI,纺织服饰,20050427
002083,801130.SI,纺织服饰,20061204
002098,801130.SI,纺织服饰,20070104
002144,801130.SI,纺织服饰,20070813
002154,801130.SI,纺织服饰,20070824
002193,801130.SI,纺织服饰,20071217
002269,801130.SI,纺织服饰,20080905
002293,801130.SI,纺织服饰,20090918
002327,801130.SI,纺织服饰,20100108
002345,801130.SI,纺织服饰,20211213
002394,801130.SI,纺织服饰,20100504
002397,801130.SI,纺织服饰,20100510
002404,801130.SI,纺织服饰,20100519
002486,801130.SI,纺织服饰,20101025
002494,801130.SI,纺织服饰,20101110
002563,801130.SI,纺织服饰,20110321
002569,801130.SI,纺织服饰,20110420
002574,801130.SI,纺织服饰,20211213
002612,801130.SI,纺织服饰,20110906
002634,801130.SI,纺织服饰,20111212
002656,801130.SI,纺织服饰,20120306
002674,801130.SI,纺织服饰,20120514
002687,801130.SI,纺织服饰,20120720
002721,801130.SI,纺织服饰,20231120
002731,801130.SI,纺织服饰,20211213
002762,801130.SI,纺织服饰,20150617
002763,801130.SI,纺织服饰,20150617
002780,801130.SI,纺织服饰,20151216
002832,801130.SI,纺织服饰,20161230
002867,801130.SI,纺织服饰,20211213
002875,801130.SI,纺织服饰,20170608
003016,801130.SI,纺织服饰,20201102
003041,801130.SI,纺织服饰,20210413
300005,801130.SI,纺织服饰,20091109
300577,801130.SI,纺织服饰,20161228
300591,801130.SI,纺织服饰,20170117
300819,801130.SI,纺织服饰,20200319
300840,801130.SI,纺织服饰,20200715
300877,801130.SI,纺织服饰,20200831
300901,801130.SI,纺织服饰,20201105
300918,801130.SI,纺织服饰,20201229
300945,801130.SI,纺织服饰,20211213
300952,801130.SI,纺织服饰,20210318
300979,801130.SI,纺织服饰,20210506
301066,801130.SI,纺织服饰,20210929
301088,801130.SI,纺织服饰,20211104
301177,801130.SI,纺织服饰,20211222
301276,801130.SI,纺织服饰,20220919
600107,801130.SI,纺织服饰,20070227
600137,801130.SI,纺织服饰,20070703
600156,801130.SI,纺织服饰,19980527
600177,801130.SI,纺织服饰,20211213
600398,801130.SI,纺织服饰,20001228
600400,801130.SI,纺织服饰,20010108
600439,801130.SI,纺织服饰,20211213
600448,801130.SI,纺织服饰,20010903
600493,801130.SI,纺织服饰,20040421
600527,801130.SI,纺织服饰,20211213
600612,801130.SI,纺织服饰,20211213
600630,801130.SI,纺织服饰,19930209
600735,801130.SI,纺织服饰,20211213
600916,801130.SI,纺织服饰,20211213
600987,801130.SI,纺织服饰,20040809
601339,801130.SI,纺织服饰,20120619
601566,801130.SI,纺织服饰,20110603
601599,801130.SI,纺织服饰,20211213
601718,801130.SI,纺织服饰,20100824
603001,801130.SI,纺织服饰,20120507
603055,801130.SI,纺织服饰,20180919
603116,801130.SI,纺织服饰,20150706
603130,801130.SI,纺织服饰,20221125
603196,801130.SI,纺织服饰,20170607
603238,801130.SI,纺织服饰,20250813
603307,801130.SI,纺织服饰,20230223
603365,801130.SI,纺织服饰,20171127
603511,801130.SI,纺织服饰,20210607
603518,801130.SI,纺织服饰,20141210
603557,801130.SI,纺织服饰,20170825
603558,801130.SI,纺织服饰,20150203
603587,801130.SI,纺织服饰,20180629
603608,801130.SI,纺织服饰,20160225
603665,801130.SI,纺织服饰,20170320
603808,801130.SI,纺织服饰,20150429
603839,801130.SI,纺织服饰,20170221
603877,801130.SI,纺织服饰,20170116
603889,801130.SI,纺织服饰,20150109
603900,801130.SI,纺织服饰,20211213
603908,801130.SI,纺织服饰,20170314
603958,801130.SI,纺织服饰,20160706
605003,801130.SI,纺织服饰,20200915
605055,801130.SI,纺织服饰,20210205
605138,801130.SI,纺织服饰,20211103
605180,801130.SI,纺织服饰,20210512
605189,801130.SI,纺织服饰,20210604
605599,801130.SI,纺织服饰,20211213
603408,801140.SI,轻工制造,20200806
603272,801140.SI,轻工制造,20220527
603992,801140.SI,轻工制造,20190902
603610,801140.SI,轻工制造,20191105
601996,801140.SI,轻工制造,20111013
600963,801140.SI,轻工制造,20040525
600210,801140.SI,轻工制造,19990824
600235,801140.SI,轻工制造,20060508
601515,801140.SI,轻工制造,20120223
600356,801140.SI,轻工制造,20010419
600103,801140.SI,轻工制造,19970703
600337,801140.SI,轻工制造,20001127
600567,801140.SI,轻工制造,20011218
600793,801140.SI,轻工制造,19970220
600966,801140.SI,轻工制造,20040608
603008,801140.SI,轻工制造,20120724
600308,801140.SI,轻工制造,20000928
603818,801140.SI,轻工制造,20150429
603021,801140.SI,轻工制造,20150430
603899,801140.SI,轻工制造,20150203
603600,801140.SI,轻工制造,20150130
603898,801140.SI,轻工制造,20150303
603838,801140.SI,轻工制造,20150708
601968,801140.SI,轻工制造,20150618
603022,801140.SI,轻工制造,20150525
600076,801140.SI,轻工制造,20160701
603165,801140.SI,轻工制造,20170124
603313,801140.SI,轻工制造,20161020
603429,801140.SI,轻工制造,20170207
603389,801140.SI,轻工制造,20161222
603208,801140.SI,轻工制造,20170217
603058,801140.SI,轻工制造,20161230
603848,801140.SI,轻工制造,20171208
603801,801140.SI,轻工制造,20170707
603661,801140.SI,轻工制造,20171128
603226,801140.SI,轻工制造,20170622
603326,801140.SI,轻工制造,20170623
603816,801140.SI,轻工制造,20161021
603709,801140.SI,轻工制造,20180222
603180,801140.SI,轻工制造,20170519
603607,801140.SI,轻工制造,20171101
603385,801140.SI,轻工制造,20170412
603733,801140.SI,轻工制造,20180427
603833,801140.SI,轻工制造,20170406
603499,801140.SI,轻工制造,20171023
603195,801140.SI,轻工制造,20200213
603221,801140.SI,轻工制造,20200330
603863,801140.SI,轻工制造,20190628
603687,801140.SI,轻工制造,20190802
605377,801140.SI,轻工制造,20210105
605500,801140.SI,轻工制造,20201229
605007,801140.SI,轻工制造,20201117
605099,801140.SI,轻工制造,20201015
605268,801140.SI,轻工制造,20210303
605299,801140.SI,轻工制造,20201222
600433,801140.SI,轻工制造,20210830
603216,801140.SI,轻工制造,20211222
603615,801140.SI,轻工制造,20211213
605080,801140.SI,轻工制造,20211213
605155,801140.SI,轻工制造,20211213
002701,801140.SI,轻工制造,20121018
002599,801140.SI,轻工制造,20110722
002012,801140.SI,轻工制造,20040705
002615,801140.SI,轻工制造,20110919
002084,801140.SI,轻工制造,20061204
002078,801140.SI,轻工制造,20061124
002678,801140.SI,轻工制造,20120606
002014,801140.SI,轻工制造,20040708
002235,801140.SI,轻工制造,20080526
002631,801140.SI,轻工制造,20111118
002191,801140.SI,轻工制造,20071213
002067,801140.SI,轻工制造,20070703
002228,801140.SI,轻工制造,20080516
002117,801140.SI,轻工制造,20101011
002303,801140.SI,轻工制造,20091111
002348,801140.SI,轻工制造,20100211
002301,801140.SI,轻工制造,20091029
002571,801140.SI,轻工制造,20110420
002572,801140.SI,轻工制造,20110420
002521,801140.SI,轻工制造,20101220
002489,801140.SI,轻工制造,20101029
002565,801140.SI,轻工制造,20110328
002752,801140.SI,轻工制造,20150429
002735,801140.SI,轻工制造,20141210
002787,801140.SI,轻工制造,20160108
002846,801140.SI,轻工制造,20170214
002836,801140.SI,轻工制造,20170106
002799,801140.SI,轻工制造,20160617
002831,801140.SI,轻工制造,20161223
002853,801140.SI,轻工制造,20170317
002790,801140.SI,轻工制造,20160315
002862,801140.SI,轻工制造,20170418
002899,801140.SI,轻工制造,20170922
002969,801140.SI,轻工制造,20191209
002162,801140.SI,轻工制造,20211213
002374,801140.SI,轻工制造,20211213
002798,801140.SI,轻工制造,20211213
002918,801140.SI,轻工制造,20211213
002103,801140.SI,轻工制造,20220801
001322,801140.SI,轻工制造,20221102
001300,801140.SI,轻工制造,20221026
001211,801140.SI,轻工制造,20210812
001238,801140.SI,轻工制造,20220926
001216,801140.SI,轻工制造,20211026
001323,801140.SI,轻工制造,20220809
001222,801140.SI,轻工制造,20220825
003003,801140.SI,轻工制造,20200928
003011,801140.SI,轻工制造,20201015
003018,801140.SI,轻工制造,20201113
003012,801140.SI,轻工制造,20211213
000488,801140.SI,轻工制造,20001120
000910,801140.SI,轻工制造,19990630
000812,801140.SI,轻工制造,19980623
000659,801140.SI,轻工制造,19961203
301198,801140.SI,轻工制造,20211209
301227,801140.SI,轻工制造,20221010
300329,801140.SI,轻工制造,20120627
300616,801140.SI,轻工制造,20170314
300640,801140.SI,轻工制造,20170424
300501,801140.SI,轻工制造,20160218
300729,801140.SI,轻工制造,20171208
300703,801140.SI,轻工制造,20170926
300749,801140.SI,轻工制造,20181009
300883,801140.SI,轻工制造,20200917
301004,801140.SI,轻工制造,20210702
301193,801140.SI,轻工制造,20211216
301101,801140.SI,轻工制造,20211223
301055,801140.SI,轻工制造,20210913
300993,801140.SI,轻工制造,20210531
301113,801140.SI,轻工制造,20211229
301296,801140.SI,轻工制造,20220909
301336,801140.SI,轻工制造,20220819
301011,801140.SI,轻工制造,20220801
301061,801140.SI,轻工制造,20210922
301062,801140.SI,轻工制造,20210923
301223,801140.SI,轻工制造,20221102
301356,801140.SI,轻工制造,20221121
301335,801140.SI,轻工制造,20221125
001368,801140.SI,轻工制造,20230320
301355,801140.SI,轻工制造,20230619
301287,801140.SI,轻工制造,20230621
301376,801140.SI,轻工制造,20230630
300651,801140.SI,轻工制造,20230706
301469,801140.SI,轻工制造,20230829
301588,801140.SI,轻工制造,20240320
603725,801140.SI,轻工制造,20240731
603091,801140.SI,轻工制造,20240927
001279,801140.SI,轻工制造,20241018
001356,801140.SI,轻工制造,20250207
301501,801140.SI,轻工制造,20250326
301595,801140.SI,轻工制造,20250526
001221,801140.SI,轻工制造,20250806
301575,801140.SI,轻工制造,20250917
001386,801140.SI,轻工制造,20251029
603284,801140.SI,轻工制造,20260225
688087,801140.SI,轻工制造,20260702
600538,801150.SI,医药生物,20170703
600079,801150.SI,医药生物,19970606
600422,801150.SI,医药生物,20130718
600062,801150.SI,医药生物,19970522
600521,801150.SI,医药生物,20030304
600488,801150.SI,医药生物,20010618
600867,801150.SI,医药生物,19940824
600285,801150.SI,医药生物,20001018
600513,801150.SI,医药生物,20030319
600085,801150.SI,医药生物,19970625
600332,801150.SI,医药生物,20010206
600535,801150.SI,医药生物,20020823
600196,801150.SI,医药生物,19980807
600750,801150.SI,医药生物,19960923
600479,801150.SI,医药生物,20040312
600161,801150.SI,医药生物,19980616
600420,801150.SI,医药生物,20040616
600055,801150.SI,医药生物,19970519
600529,801150.SI,医药生物,20020603
600129,801150.SI,医药生物,19971118
600436,801150.SI,医药生物,20030616
600789,801150.SI,医药生物,19970226
600080,801150.SI,医药生物,19970612
600771,801150.SI,医药生物,19961105
600713,801150.SI,医药生物,19960701
600216,801150.SI,医药生物,19991021
600833,801150.SI,医药生物,19940224
600812,801150.SI,医药生物,19940114
600329,801150.SI,医药生物,20010606
600993,801150.SI,医药生物,20040517
600276,801150.SI,医药生物,20001018
600222,801150.SI,医药生物,19991105
600572,801150.SI,医药生物,20040412
600976,801150.SI,医药生物,20060509
600613,801150.SI,医药生物,19920820
600252,801150.SI,医药生物,20070703
600763,801150.SI,医药生物,20070703
600829,801150.SI,医药生物,20070703
600645,801150.SI,医药生物,20010903
600380,801150.SI,医药生物,20010608
600557,801150.SI,医药生物,20020918
600587,801150.SI,医药生物,20020927
600511,801150.SI,医药生物,20021127
600351,801150.SI,医药生物,20020926
600594,801150.SI,医药生物,20040323
600664,801150.SI,医药生物,19930629
600671,801150.SI,医药生物,19930823
600211,801150.SI,医药生物,19990721
601607,801150.SI,医药生物,19940324
600267,801150.SI,医药生物,20000725
600998,801150.SI,医药生物,20101110
603368,801150.SI,医药生物,20141211
603309,801150.SI,医药生物,20150309
603567,801150.SI,医药生物,20150504
603883,801150.SI,医药生物,20150430
603998,801150.SI,医药生物,20141212
603456,801150.SI,医药生物,20141017
603168,801150.SI,医药生物,20140709
603222,801150.SI,医药生物,20150303
603939,801150.SI,医药生物,20150303
603108,801150.SI,医药生物,20150603
600056,801150.SI,医药生物,20140702
600566,801150.SI,医药生物,20140702
603669,801150.SI,医药生物,20150604
600721,801150.SI,医药生物,20160701
600851,801150.SI,医药生物,20160701
600272,801150.SI,医药生物,20160701
603520,801150.SI,医药生物,20160316
603658,801150.SI,医药生物,20160908
603811,801150.SI,医药生物,20170322
603716,801150.SI,医药生物,20161107
603987,801150.SI,医药生物,20161128
603367,801150.SI,医药生物,20171013
603229,801150.SI,医药生物,20170516
603858,801150.SI,医药生物,20161125
603538,801150.SI,医药生物,20170414
603882,801150.SI,医药生物,20170915
603127,801150.SI,医药生物,20170901
603896,801150.SI,医药生物,20170517
603259,801150.SI,医药生物,20180515
603976,801150.SI,医药生物,20170829
603707,801150.SI,医药生物,20170726
603387,801150.SI,医药生物,20170724
603139,801150.SI,医药生物,20170428
603590,801150.SI,医药生物,20180903
603880,801150.SI,医药生物,20170814
603676,801150.SI,医药生物,20170728
603301,801150.SI,医药生物,20180419
603233,801150.SI,医药生物,20170807
603351,801150.SI,医药生物,20190213
603392,801150.SI,医药生物,20200511
600739,801150.SI,医药生物,20190708
603439,801150.SI,医药生物,20200508
605199,801150.SI,医药生物,20200717
603087,801150.SI,医药生物,20200706
605116,801150.SI,医药生物,20200928
605177,801150.SI,医药生物,20201202
605266,801150.SI,医药生物,20201208
605369,801150.SI,医药生物,20200923
605507,801150.SI,医药生物,20210809
601089,801150.SI,医药生物,20220707
603122,801150.SI,医药生物,20220223
600518,801150.SI,医药生物,20211217
600774,801150.SI,医药生物,20220801
600568,801150.SI,医药生物,20211213
600624,801150.SI,医药生物,20211213
002107,801150.SI,医药生物,20070201
002462,801150.SI,医药生物,20100826
002219,801150.SI,医药生物,20220624
002872,801150.SI,医药生物,20170526
002693,801150.SI,医药生物,20120815
002022,801150.SI,医药生物,20040721
002020,801150.SI,医药生物,20040715
002030,801150.SI,医药生物,20040809
002038,801150.SI,医药生物,20040909
002653,801150.SI,医药生物,20120131
002099,801150.SI,医药生物,20070108
002007,801150.SI,医药生物,20040625
002262,801150.SI,医药生物,20080731
002252,801150.SI,医药生物,20080701
002644,801150.SI,医药生物,20111229
002198,801150.SI,医药生物,20071226
002275,801150.SI,医药生物,20090720
002287,801150.SI,医药生物,20090907
002294,801150.SI,医药生物,20090918
002675,801150.SI,医药生物,20120601
002432,801150.SI,医药生物,20100623
002390,801150.SI,医药生物,20100426
002223,801150.SI,医药生物,20080428
002393,801150.SI,医药生物,20100504
002349,801150.SI,医药生物,20100211
002332,801150.SI,医药生物,20100120
002317,801150.SI,医药生物,20091221
002365,801150.SI,医药生物,20100315
002370,801150.SI,医药生物,20100324
002603,801150.SI,医药生物,20110804
002019,801150.SI,医药生物,20070703
002551,801150.SI,医药生物,20110307
002424,801150.SI,医药生物,20100611
002550,801150.SI,医药生物,20110228
002412,801150.SI,医药生物,20100602
002566,801150.SI,医药生物,20110328
002437,801150.SI,医药生物,20100701
002589,801150.SI,医药生物,20110617
002728,801150.SI,医药生物,20140807
002727,801150.SI,医药生物,20140709
002737,801150.SI,医药生物,20150108
002773,801150.SI,医药生物,20150703
002044,801150.SI,医药生物,20160701
002581,801150.SI,医药生物,20160701
002788,801150.SI,医药生物,20160225
002817,801150.SI,医药生物,20161101
002880,801150.SI,医药生物,20170623
002932,801150.SI,医药生物,20180717
002821,801150.SI,医药生物,20161125
002826,801150.SI,医药生物,20161216
002923,801150.SI,医药生物,20180112
002873,801150.SI,医药生物,20170526
002900,801150.SI,医药生物,20170929
002901,801150.SI,医药生物,20170929
002907,801150.SI,医药生物,20171027
002864,801150.SI,医药生物,20171123
002382,801150.SI,医药生物,20190122
002173,801150.SI,医药生物,20180716
002102,801150.SI,医药生物,20171227
002950,801150.SI,医药生物,20190318
002940,801150.SI,医药生物,20181030
002524,801150.SI,医药生物,20190708
002755,801150.SI,医药生物,20190708
002793,801150.SI,医药生物,20200603
002422,801150.SI,医药生物,20100611
002399,801150.SI,医药生物,20100514
002172,801150.SI,医药生物,20220801
002742,801150.SI,医药生物,20220801
002082,801150.SI,医药生物,20220801
002004,801150.SI,医药生物,20211213
003020,801150.SI,医药生物,20201222
000963,801150.SI,医药生物,20000127
000756,801150.SI,医药生物,19970806
000919,801150.SI,医药生物,19991118
000028,801150.SI,医药生物,20060508
000566,801150.SI,医药生物,19940525
000989,801150.SI,医药生物,20000628
000411,801150.SI,医药生物,20111010
000518,801150.SI,医药生物,20111010
000915,801150.SI,医药生物,20111010
000403,801150.SI,医药生物,20130218
000790,801150.SI,医药生物,19980327
000952,801150.SI,医药生物,19991112
000153,801150.SI,医药生物,20000920
000705,801150.SI,医药生物,19970410
000590,801150.SI,医药生物,19960119
000766,801150.SI,医药生物,19970430
000423,801150.SI,医药生物,19960729
000513,801150.SI,医药生物,19931028
000078,801150.SI,医药生物,19981218
000661,801150.SI,医药生物,19961218
000650,801150.SI,医药生物,20070711
000788,801150.SI,医药生物,19970616
000597,801150.SI,医药生物,19960523
000999,801150.SI,医药生物,20000309
000538,801150.SI,医药生物,19931215
000739,801150.SI,医药生物,20140929
000623,801150.SI,医药生物,20140702
000710,801150.SI,医药生物,20180716
000813,801150.SI,医药生物,20180905
000504,801150.SI,医药生物,20190708
000931,801150.SI,医药生物,20190708
000950,801150.SI,医药生物,20190708
000516,801150.SI,医药生物,20190516
000534,801150.SI,医药生物,20200724
000953,801150.SI,医药生物,20220801
301235,801150.SI,医药生物,20220211
301080,801150.SI,医药生物,20211025
301263,801150.SI,医药生物,20220407
301258,801150.SI,医药生物,20220407
301207,801150.SI,医药生物,20220225
301096,801150.SI,医药生物,20211227
300298,801150.SI,医药生物,20120326
300294,801150.SI,医药生物,20120315
300347,801150.SI,医药生物,20120824
300267,801150.SI,医药生物,20111011
300289,801150.SI,医药生物,20120223
300357,801150.SI,医药生物,20140128
300358,801150.SI,医药生物,20140128
300318,801150.SI,医药生物,20120530
300326,801150.SI,医药生物,20120620
300233,801150.SI,医药生物,20110629
300204,801150.SI,医药生物,20110427
300142,801150.SI,医药生物,20101122
300147,801150.SI,医药生物,20101223
300049,801150.SI,医药生物,20100128
300003,801150.SI,医药生物,20091109
300006,801150.SI,医药生物,20091109
300009,801150.SI,医药生物,20091109
300015,801150.SI,医药生物,20091109
300016,801150.SI,医药生物,20091109
300026,801150.SI,医药生物,20091109
300314,801150.SI,医药生物,20120515
300206,801150.SI,医药生物,20110428
300122,801150.SI,医药生物,20101013
300039,801150.SI,医药生物,20100118
300030,801150.SI,医药生物,20100105
300158,801150.SI,医药生物,20110117
300110,801150.SI,医药生物,20100902
300194,801150.SI,医药生物,20110330
300181,801150.SI,医药生物,20110302
300199,801150.SI,医药生物,20110415
300086,801150.SI,医药生物,20100603
300381,801150.SI,医药生物,20140211
300363,801150.SI,医药生物,20140212
300254,801150.SI,医药生物,20110826
300255,801150.SI,医药生物,20110826
300244,801150.SI,医药生物,20110726
300246,801150.SI,医药生物,20110726
300404,801150.SI,医药生物,20150504
300238,801150.SI,医药生物,20110713
300239,801150.SI,医药生物,20110713
300401,801150.SI,医药生物,20141016
300406,801150.SI,医药生物,20141106
300436,801150.SI,医药生物,20150429
300439,801150.SI,医药生物,20150429
300396,801150.SI,医药生物,20140917
300463,801150.SI,医药生物,20150604
300485,801150.SI,医药生物,20150703
300482,801150.SI,医药生物,20150707
300452,801150.SI,医药生物,20150522
300453,801150.SI,医药生物,20150522
300534,801150.SI,医药生物,20160922
300519,801150.SI,医药生物,20160701
300497,801150.SI,医药生物,20151229
300558,801150.SI,医药生物,20161114
300573,801150.SI,医药生物,20161215
300562,801150.SI,医药生物,20161123
300636,801150.SI,医药生物,20170411
300583,801150.SI,医药生物,20170113
300584,801150.SI,医药生物,20170119
300529,801150.SI,医药生物,20160809
300601,801150.SI,医药生物,20170214
300595,801150.SI,医药生物,20170124
300685,801150.SI,医药生物,20170809
300725,801150.SI,医药生物,20171117
300633,801150.SI,医药生物,20170413
300639,801150.SI,医药生物,20170419
300676,801150.SI,医药生物,20170721
300723,801150.SI,医药生物,20171123
300653,801150.SI,医药生物,20170523
300683,801150.SI,医药生物,20170815
300642,801150.SI,医药生物,20170428
300753,801150.SI,医药生物,20181220
300760,801150.SI,医药生物,20181023
300702,801150.SI,医药生物,20170926
300705,801150.SI,医药生物,20171017
300143,801150.SI,医药生物,20180716
300765,801150.SI,医药生物,20190329
300677,801150.SI,医药生物,20170728
300149,801150.SI,医药生物,20190516
300832,801150.SI,医药生物,20200519
300937,801150.SI,医药生物,20210203
301089,801150.SI,医药生物,20211103
301017,801150.SI,医药生物,20210712
300981,801150.SI,医药生物,20210507
300966,801150.SI,医药生物,20210416
301033,801150.SI,医药生物,20210802
301201,801150.SI,医药生物,20220127
300869,801150.SI,医药生物,20200831
300878,801150.SI,医药生物,20200831
301087,801150.SI,医药生物,20211101
301047,801150.SI,医药生物,20210823
301122,801150.SI,医药生物,20220209
301166,801150.SI,医药生物,20220105
301015,801150.SI,医药生物,20210707
301093,801150.SI,医药生物,20211108
301257,801150.SI,医药生物,20220524
301230,801150.SI,医药生物,20221108
301367,801150.SI,医药生物,20221108
301211,801150.SI,医药生物,20211229
301333,801150.SI,医药生物,20220809
301130,801150.SI,医药生物,20220302
301097,801150.SI,医药生物,20220414
301060,801150.SI,医药生物,20210922
300111,801150.SI,医药生物,20220801
301065,801150.SI,医药生物,20220801
301103,801150.SI,医药生物,20220329
301239,801150.SI,医药生物,20220712
301234,801150.SI,医药生物,20220712
301111,801150.SI,医药生物,20211214
301126,801150.SI,医药生物,20211214
300171,801150.SI,医药生物,20211213
300942,801150.SI,医药生物,20211213
301363,801150.SI,医药生物,20221019
300434,801150.SI,医药生物,20180716
301075,801150.SI,医药生物,20211013
300841,801150.SI,医药生物,20200623
301267,801150.SI,医药生物,20221114
300759,801150.SI,医药生物,20190211
301331,801150.SI,医药生物,20220928
301277,801150.SI,医药生物,20221123
301290,801150.SI,医药生物,20221207
301301,801150.SI,医药生物,20230104
301408,801150.SI,医药生物,20230308
301246,801150.SI,医药生物,20230327
301281,801150.SI,医药生物,20230412
001367,801150.SI,医药生物,20230417
301293,801150.SI,医药生物,20230512
002622,801150.SI,医药生物,20230706
300341,801150.SI,医药生物,20230706
301370,801150.SI,医药生物,20230719
301393,801150.SI,医药生物,20230719
301515,801150.SI,医药生物,20230801
301509,801150.SI,医药生物,20230810
301507,801150.SI,医药生物,20230912
688177,801150.SI,医药生物,20230925
688373,801150.SI,医药生物,20230925
688273,801150.SI,医药生物,20230925
688513,801150.SI,医药生物,20230925
688428,801150.SI,医药生物,20230925
688108,801150.SI,医药生物,20230925
688351,801150.SI,医药生物,20230925
688197,801150.SI,医药生物,20230925
688105,801150.SI,医药生物,20230925
688091,801150.SI,医药生物,20230925
688180,801150.SI,医药生物,20230925
688029,801150.SI,医药生物,20230925
688302,801150.SI,医药生物,20230925
688217,801150.SI,医药生物,20230925
688321,801150.SI,医药生物,20230925
688315,801150.SI,医药生物,20230925
688578,801150.SI,医药生物,20230925
688176,801150.SI,医药生物,20230925
688314,801150.SI,医药生物,20230925
688607,801150.SI,医药生物,20230925
688067,801150.SI,医药生物,20230925
688580,801150.SI,医药生物,20230925
688221,801150.SI,医药生物,20230925
688687,801150.SI,医药生物,20230925
688617,801150.SI,医药生物,20230925
688356,801150.SI,医药生物,20230925
688276,801150.SI,医药生物,20230925
688212,801150.SI,医药生物,20230925
688393,801150.SI,医药生物,20230925
688266,801150.SI,医药生物,20230925
688656,801150.SI,医药生物,20230925
688336,801150.SI,医药生物,20230925
688238,801150.SI,医药生物,20230925
688139,801150.SI,医药生物,20230925
688114,801150.SI,医药生物,20230925
688136,801150.SI,医药生物,20230925
688085,801150.SI,医药生物,20230925
688050,801150.SI,医药生物,20230925
688062,801150.SI,医药生物,20230925
688161,801150.SI,医药生物,20230925
688319,801150.SI,医药生物,20230925
688658,801150.SI,医药生物,20230925
688026,801150.SI,医药生物,20230925
688317,801150.SI,医药生物,20230925
688410,801150.SI,医药生物,20230925
688073,801150.SI,医药生物,20230925
688265,801150.SI,医药生物,20230925
688670,801150.SI,医药生物,20230925
688278,801150.SI,医药生物,20230925
688046,801150.SI,医药生物,20230925
688137,801150.SI,医药生物,20230925
688151,801150.SI,医药生物,20230925
688331,801150.SI,医药生物,20230925
688076,801150.SI,医药生物,20230925
688289,801150.SI,医药生物,20230925
688426,801150.SI,医药生物,20230925
688626,801150.SI,医药生物,20230925
688690,801150.SI,医药生物,20230925
688016,801150.SI,医药生物,20230925
688767,801150.SI,医药生物,20230925
688192,801150.SI,医药生物,20230925
688621,801150.SI,医药生物,20230925
688488,801150.SI,医药生物,20230925
688358,801150.SI,医药生物,20230925
688366,801150.SI,医药生物,20230925
688576,801150.SI,医药生物,20230925
688253,801150.SI,医药生物,20230925
688382,801150.SI,医药生物,20230925
688068,801150.SI,医药生物,20230925
688298,801150.SI,医药生物,20230925
688443,801150.SI,医药生物,20230925
688247,801150.SI,医药生物,20230925
688468,801150.SI,医药生物,20230925
688389,801150.SI,医药生物,20230925
688677,801150.SI,医药生物,20230925
688163,801150.SI,医药生物,20230925
688013,801150.SI,医药生物,20230925
688271,801150.SI,医药生物,20230925
688505,801150.SI,医药生物,20230925
688222,801150.SI,医药生物,20230925
688739,801150.SI,医药生物,20230925
688075,801150.SI,医药生物,20230925
688553,801150.SI,医药生物,20230925
688202,801150.SI,医药生物,20230925
688506,801150.SI,医药生物,20230925
688613,801150.SI,医药生物,20230925
688236,801150.SI,医药生物,20230925
688293,801150.SI,医药生物,20230925
688131,801150.SI,医药生物,20230925
688277,801150.SI,医药生物,20230925
688399,801150.SI,医药生物,20230925
688166,801150.SI,医药生物,20230925
688193,801150.SI,医药生物,20230925
688566,801150.SI,医药生物,20230925
688198,801150.SI,医药生物,20230925
688189,801150.SI,医药生物,20230925
688575,801150.SI,医药生物,20230925
688581,801150.SI,医药生物,20230925
688185,801150.SI,医药生物,20230925
688338,801150.SI,医药生物,20230925
688606,801150.SI,医药生物,20230925
688301,801150.SI,医药生物,20230925
688117,801150.SI,医药生物,20230925
688520,801150.SI,医药生物,20230925
688799,801150.SI,医药生物,20230925
688235,801150.SI,医药生物,20230925
301520,801150.SI,医药生物,20231010
301580,801150.SI,医药生物,20240703
603207,801150.SI,医药生物,20240902
688710,801150.SI,医药生物,20240910
603205,801150.SI,医药生物,20241114
301188,801150.SI,医药生物,20241119
688758,801150.SI,医药生物,20250117
301602,801150.SI,医药生物,20250206
688755,801150.SI,医药生物,20250523
603014,801150.SI,医药生物,20250526
301584,801150.SI,医药生物,20251010
688765,801150.SI,医药生物,20251104
688759,801150.SI,医药生物,20251104
688796,801150.SI,医药生物,20251217
688805,801150.SI,医药生物,20251231
603718,801150.SI,医药生物,20260203
688712,801150.SI,医药生物,20260212
000908,801150.SI,医药生物,20260312
300430,801150.SI,医药生物,20260702
688806,801150.SI,医药生物,20260728
600903,801160.SI,公用事业,20171114
600098,801160.SI,公用事业,19970718
600900,801160.SI,公用事业,20031118
600452,801160.SI,公用事业,20040303
600780,801160.SI,公用事业,20130701
600578,801160.SI,公用事业,20020510
600863,801160.SI,公用事业,19940520
600011,801160.SI,公用事业,20011206
600509,801160.SI,公用事业,20020228
600982,801160.SI,公用事业,20050701
600719,801160.SI,公用事业,19960716
600995,801160.SI,公用事业,20040615
600396,801160.SI,公用事业,20010328
600116,801160.SI,公用事业,19970804
600236,801160.SI,公用事业,20000323
600744,801160.SI,公用事业,19960905
600027,801160.SI,公用事业,20050203
600726,801160.SI,公用事业,19960701
600979,801160.SI,公用事业,20061009
600021,801160.SI,公用事业,20031029
600969,801160.SI,公用事业,20040408
600101,801160.SI,公用事业,19970627
600505,801160.SI,公用事业,20020530
600795,801160.SI,公用事业,19970318
600333,801160.SI,公用事业,20001211
600310,801160.SI,公用事业,20010228
601991,801160.SI,公用事业,20061228
600644,801160.SI,公用事业,19930426
600167,801160.SI,公用事业,19990128
600886,801160.SI,公用事业,20111123
601139,801160.SI,公用事业,20100105
600642,801160.SI,公用事业,19930416
600023,801160.SI,公用事业,20131226
600674,801160.SI,公用事业,20120323
601016,801160.SI,公用事业,20141013
600917,801160.SI,公用事业,20141014
600617,801160.SI,公用事业,20140702
600483,801160.SI,公用事业,20150701
601985,801160.SI,公用事业,20150617
600681,801160.SI,公用事业,20160701
600635,801160.SI,公用事业,20160701
600163,801160.SI,公用事业,20160701
603393,801160.SI,公用事业,20160921
603689,801160.SI,公用事业,20170117
603693,801160.SI,公用事业,20180710
600025,801160.SI,公用事业,20171222
603080,801160.SI,公用事业,20180110
601619,801160.SI,公用事业,20170727
603706,801160.SI,公用事业,20180716
603053,801160.SI,公用事业,20191224
601778,801160.SI,公用事业,20200526
600956,801160.SI,公用事业,20200706
605169,801160.SI,公用事业,20201106
603105,801160.SI,公用事业,20201116
605580,801160.SI,公用事业,20210826
600032,801160.SI,公用事业,20210601
605090,801160.SI,公用事业,20210601
600905,801160.SI,公用事业,20210618
605368,801160.SI,公用事业,20210205
600803,801160.SI,公用事业,20200901
605028,801160.SI,公用事业,20210719
605162,801160.SI,公用事业,20210714
605011,801160.SI,公用事业,20210707
600149,801160.SI,公用事业,20211213
601908,801160.SI,公用事业,20211213
603318,801160.SI,公用事业,20211213
600226,801160.SI,公用事业,20220801
600821,801160.SI,公用事业,20220801
002267,801160.SI,公用事业,20080821
002259,801160.SI,公用事业,20180716
002608,801160.SI,公用事业,20180716
002479,801160.SI,公用事业,20101011
002700,801160.SI,公用事业,20120928
002039,801160.SI,公用事业,20050303
002911,801160.SI,公用事业,20171129
002893,801160.SI,公用事业,20170922
002256,801160.SI,公用事业,20190708
002616,801160.SI,公用事业,20190708
002015,801160.SI,公用事业,20200724
002617,801160.SI,公用事业,20211213
001331,801160.SI,公用事业,20220916
001299,801160.SI,公用事业,20221107
001896,801160.SI,公用事业,19980122
001210,801160.SI,公用事业,20210805
001289,801160.SI,公用事业,20220209
001258,801160.SI,公用事业,20220803
003816,801160.SI,公用事业,20191119
003035,801160.SI,公用事业,20210126
000537,801160.SI,公用事业,20220829
000531,801160.SI,公用事业,19940106
000601,801160.SI,公用事业,19960830
000543,801160.SI,公用事业,19931220
000037,801160.SI,公用事业,19940701
000767,801160.SI,公用事业,19970609
000027,801160.SI,公用事业,19930903
000883,801160.SI,公用事业,20111010
000692,801160.SI,公用事业,19970227
000899,801160.SI,公用事业,19971126
000966,801160.SI,公用事业,20000316
000600,801160.SI,公用事业,20070703
000690,801160.SI,公用事业,20070703
000669,801160.SI,公用事业,20130701
000722,801160.SI,公用事业,20130701
000791,801160.SI,公用事业,20130701
000875,801160.SI,公用事业,20020926
000539,801160.SI,公用事业,19931126
000862,801160.SI,公用事业,20150701
000407,801160.SI,公用事业,20160701
000593,801160.SI,公用事业,20160219
000993,801160.SI,公用事业,20190109
000155,801160.SI,公用事业,20190708
000591,801160.SI,公用事业,20190708
300335,801160.SI,公用事业,20120717
300332,801160.SI,公用事业,20120705
300317,801160.SI,公用事业,20211213
300483,801160.SI,公用事业,20211213
001286,801160.SI,公用事业,20230508
600052,801160.SI,公用事业,20230706
000507,801160.SI,公用事业,20230706
002480,801160.SI,公用事业,20230706
001376,801160.SI,公用事业,20231110
300040,801160.SI,公用事业,20240731
600868,801160.SI,公用事业,20240731
600475,801160.SI,公用事业,20240731
002218,801160.SI,公用事业,20240731
002053,801160.SI,公用事业,20241209
600930,801160.SI,公用事业,20250723
300125,801160.SI,公用事业,20251230
600157,801160.SI,公用事业,20260702
603071,801160.SI,公用事业,20260702
002310,801160.SI,公用事业,20260702
600575,801160.SI,公用事业,20260702
000595,801160.SI,公用事业,20260702
000958,801160.SI,公用事业,20260702
600292,801160.SI,公用事业,20260702
000631,801160.SI,公用事业,20260702
001248,801160.SI,公用事业,20260709
000088,801170.SI,交通运输,19970728
000089,801170.SI,交通运输,19980420
000099,801170.SI,交通运输,20000731
000429,801170.SI,交通运输,19980220
000520,801170.SI,交通运输,20160113
000548,801170.SI,交通运输,19931220
000557,801170.SI,交通运输,20180716
000582,801170.SI,交通运输,19951102
000626,801170.SI,交通运输,20211213
000755,801170.SI,交通运输,20181120
000828,801170.SI,交通运输,19970617
000886,801170.SI,交通运输,20250813
000900,801170.SI,交通运输,19990128
000905,801170.SI,交通运输,20050701
000906,801170.SI,交通运输,20210616
001202,801170.SI,交通运输,20210511
001205,801170.SI,交通运输,20210520
001213,801170.SI,交通运输,20210915
001220,801170.SI,交通运输,20260210
001228,801170.SI,交通运输,20220511
001317,801170.SI,交通运输,20211207
001391,801170.SI,交通运输,20250107
001872,801170.SI,交通运输,19930505
001965,801170.SI,交通运输,20180102
002010,801170.SI,交通运输,20180716
002040,801170.SI,交通运输,20050325
002120,801170.SI,交通运输,20170303
002320,801170.SI,交通运输,20091224
002352,801170.SI,交通运输,20170303
002357,801170.SI,交通运输,20100225
002468,801170.SI,交通运输,20170303
002485,801170.SI,交通运输,20250813
002492,801170.SI,交通运输,20101110
002682,801170.SI,交通运输,20180716
002769,801170.SI,交通运输,20150706
002800,801170.SI,交通运输,20160606
002889,801170.SI,交通运输,20170807
002928,801170.SI,交通运输,20180309
002930,801170.SI,交通运输,20180404
300013,801170.SI,交通运输,20091109
300240,801170.SI,交通运输,20110713
300350,801170.SI,交通运输,20120828
300873,801170.SI,交通运输,20200831
600004,801170.SI,交通运输,20030428
600009,801170.SI,交通运输,19980218
600012,801170.SI,交通运输,20030107
600017,801170.SI,交通运输,20061025
600018,801170.SI,交通运输,20061103
600020,801170.SI,交通运输,20030808
600026,801170.SI,交通运输,20020523
600029,801170.SI,交通运输,20030725
600033,801170.SI,交通运输,20010209
600035,801170.SI,交通运输,20040310
600057,801170.SI,交通运输,20120702
600106,801170.SI,交通运输,19970618
600115,801170.SI,交通运输,19971105
600119,801170.SI,交通运输,20090602
600125,801170.SI,交通运输,19980511
600153,801170.SI,交通运输,20120702
600179,801170.SI,交通运输,20201209
600180,801170.SI,交通运输,20130701
600221,801170.SI,交通运输,20211208
600233,801170.SI,交通运输,20170303
600269,801170.SI,交通运输,20000518
600279,801170.SI,交通运输,20000731
600350,801170.SI,交通运输,20020318
600368,801170.SI,交通运输,20001221
600377,801170.SI,交通运输,20010116
600428,801170.SI,交通运输,20020418
600548,801170.SI,交通运输,20011225
600561,801170.SI,交通运输,20020716
600603,801170.SI,交通运输,20250813
600611,801170.SI,交通运输,19920807
600650,801170.SI,交通运输,20040401
600704,801170.SI,交通运输,20190708
600717,801170.SI,交通运输,19960614
600751,801170.SI,交通运输,20240731
600753,801170.SI,交通运输,20211213
600755,801170.SI,交通运输,20211213
600787,801170.SI,交通运输,19970121
600794,801170.SI,交通运输,20070703
600798,801170.SI,交通运输,19970423
600834,801170.SI,交通运输,20020508
600897,801170.SI,交通运输,19960531
601000,801170.SI,交通运输,20100713
601006,801170.SI,交通运输,20060809
601008,801170.SI,交通运输,20070511
601018,801170.SI,交通运输,20101013
601021,801170.SI,交通运输,20150128
601022,801170.SI,交通运输,20221215
601083,801170.SI,交通运输,20231212
601107,801170.SI,交通运输,20090804
601111,801170.SI,交通运输,20060831
601156,801170.SI,交通运输,20210617
601188,801170.SI,交通运输,20100414
601228,801170.SI,交通运输,20170407
601298,801170.SI,交通运输,20190128
601326,801170.SI,交通运输,20170823
601333,801170.SI,交通运输,20070104
601518,801170.SI,交通运输,20100414
601598,801170.SI,交通运输,20190125
601816,801170.SI,交通运输,20200123
601866,801170.SI,交通运输,20071220
601872,801170.SI,交通运输,20061211
601880,801170.SI,交通运输,20101214
601919,801170.SI,交通运输,20070704
601975,801170.SI,交通运输,20190123
603066,801170.SI,交通运输,20150618
603069,801170.SI,交通运输,20160719
603117,801170.SI,交通运输,20150706
603128,801170.SI,交通运输,20120606
603162,801170.SI,交通运输,20230406
603167,801170.SI,交通运输,20120913
603209,801170.SI,交通运输,20220331
603329,801170.SI,交通运输,20180108
603535,801170.SI,交通运输,20170815
603565,801170.SI,交通运输,20201012
603569,801170.SI,交通运输,20160817
603648,801170.SI,交通运输,20170920
603713,801170.SI,交通运输,20180720
603813,801170.SI,交通运输,20170925
603836,801170.SI,交通运输,20210602
603871,801170.SI,交通运输,20180213
603885,801170.SI,交通运输,20150603
603967,801170.SI,交通运输,20190509
605050,801170.SI,交通运输,20201009
600325,801180.SI,房地产,20040225
600743,801180.SI,房地产,20070703
600463,801180.SI,房地产,20040401
600748,801180.SI,房地产,20030512
600791,801180.SI,房地产,20020508
600895,801180.SI,房地产,19960422
600604,801180.SI,房地产,20130701
600606,801180.SI,房地产,19980710
600648,801180.SI,房地产,19930504
600376,801180.SI,房地产,20010312
600064,801180.SI,房地产,19970506
600322,801180.SI,房地产,20010910
600266,801180.SI,房地产,20010903
600639,801180.SI,房地产,19930326
600684,801180.SI,房地产,19931028
600007,801180.SI,房地产,20060508
600663,801180.SI,房地产,19930628
600162,801180.SI,房地产,20111010
600340,801180.SI,房地产,20111010
600683,801180.SI,房地产,20111010
601588,801180.SI,房地产,20061024
600159,801180.SI,房地产,20061010
600246,801180.SI,房地产,20020902
600638,801180.SI,房地产,19930326
600665,801180.SI,房地产,19930709
600736,801180.SI,房地产,19960815
600675,801180.SI,房地产,19930924
600383,801180.SI,房地产,20010412
600533,801180.SI,房地产,20020328
600048,801180.SI,房地产,20060809
600239,801180.SI,房地产,20070703
600208,801180.SI,房地产,20070703
600503,801180.SI,房地产,20090602
600657,801180.SI,房地产,20090602
600173,801180.SI,房地产,20100602
600658,801180.SI,房地产,20100602
600716,801180.SI,房地产,20100602
600773,801180.SI,房地产,20100602
600622,801180.SI,房地产,20140702
601155,801180.SI,房地产,20151225
600848,801180.SI,房地产,20160701
600094,801180.SI,房地产,20160701
600708,801180.SI,房地产,20160701
600649,801180.SI,房地产,20170103
603506,801180.SI,房地产,20180208
600082,801180.SI,房地产,20190708
600510,801180.SI,房地产,20190708
601512,801180.SI,房地产,20191227
600692,801180.SI,房地产,20180716
002314,801180.SI,房地产,20180716
002133,801180.SI,房地产,20070514
002244,801180.SI,房地产,20080606
002208,801180.SI,房地产,20080205
002285,801180.SI,房地产,20090907
002146,801180.SI,房地产,20070816
002305,801180.SI,房地产,20091116
002016,801180.SI,房地产,20100602
002968,801180.SI,房地产,20191226
002188,801180.SI,房地产,20220801
001914,801180.SI,房地产,20070703
001979,801180.SI,房地产,20160111
000863,801180.SI,房地产,20190708
000514,801180.SI,房地产,19930712
000014,801180.SI,房地产,20020508
000029,801180.SI,房地产,19930915
000897,801180.SI,房地产,19990422
000042,801180.SI,房地产,19940921
000573,801180.SI,房地产,19940815
000090,801180.SI,房地产,20061010
000608,801180.SI,房地产,19960919
000031,801180.SI,房地产,19931008
000609,801180.SI,房地产,20070703
000797,801180.SI,房地产,20070703
000718,801180.SI,房地产,20061010
000002,801180.SI,房地产,19910129
000402,801180.SI,房地产,20000901
000838,801180.SI,房地产,20090602
000909,801180.SI,房地产,20090602
000965,801180.SI,房地产,20071008
000736,801180.SI,房地产,20070703
000011,801180.SI,房地产,19920330
000069,801180.SI,房地产,20080603
000517,801180.SI,房地产,20100602
000926,801180.SI,房地产,20100602
000036,801180.SI,房地产,20101011
000056,801180.SI,房地产,20140702
000006,801180.SI,房地产,20170703
000560,801180.SI,房地产,20190708
300917,801180.SI,房地产,20201228
600515,801180.SI,房地产,20230706
000620,801180.SI,房地产,20231227
000668,801180.SI,房地产,20240731
600724,801180.SI,房地产,20240731
600136,801180.SI,房地产,20250813
000656,801180.SI,房地产,20250915
000007,801200.SI,商贸零售,20190708
000058,801200.SI,商贸零售,20111010
000061,801200.SI,商贸零售,20130701
000151,801200.SI,商贸零售,20101011
000417,801200.SI,商贸零售,19960812
000419,801200.SI,商贸零售,19960816
000501,801200.SI,商贸零售,19921120
000564,801200.SI,商贸零售,20220104
000679,801200.SI,商贸零售,20211213
000701,801200.SI,商贸零售,20260702
000715,801200.SI,商贸零售,19970508
000759,801200.SI,商贸零售,20050104
000785,801200.SI,商贸零售,20040810
000829,801200.SI,商贸零售,20061010
000882,801200.SI,商贸零售,19980616
002024,801200.SI,商贸零售,20040810
002072,801200.SI,商贸零售,20230706
002091,801200.SI,商贸零售,20070703
002127,801200.SI,商贸零售,20170703
002177,801200.SI,商贸零售,20260702
002183,801200.SI,商贸零售,20240731
002187,801200.SI,商贸零售,20071130
002251,801200.SI,商贸零售,20240805
002277,801200.SI,商贸零售,20090727
002315,801200.SI,商贸零售,20211213
002344,801200.SI,商贸零售,20100203
002356,801200.SI,商贸零售,20220105
002416,801200.SI,商贸零售,20100607
002419,801200.SI,商贸零售,20100609
002561,801200.SI,商贸零售,20110311
002640,801200.SI,商贸零售,20170703
002697,801200.SI,商贸零售,20120912
002803,801200.SI,商贸零售,20211213
002818,801200.SI,商贸零售,20161116
003010,801200.SI,商贸零售,20211213
300022,801200.SI,商贸零售,20091109
300464,801200.SI,商贸零售,20211213
300518,801200.SI,商贸零售,20220801
300592,801200.SI,商贸零售,20220712
300622,801200.SI,商贸零售,20170322
300755,801200.SI,商贸零售,20190212
300792,801200.SI,商贸零售,20211213
300947,801200.SI,商贸零售,20210224
300972,801200.SI,商贸零售,20260306
301001,801200.SI,商贸零售,20211213
301078,801200.SI,商贸零售,20211021
301110,801200.SI,商贸零售,20220318
301381,801200.SI,商贸零售,20230719
301558,801200.SI,商贸零售,20231013
600058,801200.SI,商贸零售,19970528
600113,801200.SI,商贸零售,20180716
600128,801200.SI,商贸零售,20211213
600185,801200.SI,商贸零售,20260306
600278,801200.SI,商贸零售,20000712
600280,801200.SI,商贸零售,20000926
600287,801200.SI,商贸零售,20000901
600327,801200.SI,商贸零售,20230706
600365,801200.SI,商贸零售,20220801
600415,801200.SI,商贸零售,20020509
600539,801200.SI,商贸零售,20220801
600605,801200.SI,商贸零售,20061010
600628,801200.SI,商贸零售,19930119
600655,801200.SI,商贸零售,19920902
600693,801200.SI,商贸零售,19931122
600694,801200.SI,商贸零售,19931122
600697,801200.SI,商贸零售,19931206
600710,801200.SI,商贸零售,20180716
600712,801200.SI,商贸零售,19960626
600729,801200.SI,商贸零售,19960702
600738,801200.SI,商贸零售,19960802
600778,801200.SI,商贸零售,19961203
600785,801200.SI,商贸零售,19970108
600790,801200.SI,商贸零售,20070703
600814,801200.SI,商贸零售,19940114
600824,801200.SI,商贸零售,20211213
600827,801200.SI,商贸零售,19940204
600828,801200.SI,商贸零售,19940224
600838,801200.SI,商贸零售,19940224
600857,801200.SI,商贸零售,20090602
600858,801200.SI,商贸零售,20051010
600859,801200.SI,商贸零售,20211103
600865,801200.SI,商贸零售,19940809
600981,801200.SI,商贸零售,20040630
601010,801200.SI,商贸零售,20110613
601061,801200.SI,商贸零售,20230417
601086,801200.SI,商贸零售,20171013
601116,801200.SI,商贸零售,20110310
601366,801200.SI,商贸零售,20170419
601828,801200.SI,商贸零售,20180124
601888,801200.SI,商贸零售,20211213
601933,801200.SI,商贸零售,20101223
603101,801200.SI,商贸零售,20160513
603123,801200.SI,商贸零售,20120510
603214,801200.SI,商贸零售,20180410
603613,801200.SI,商贸零售,20211213
603682,801200.SI,商贸零售,20200428
603708,801200.SI,商贸零售,20161220
605136,801200.SI,商贸零售,20211213
605188,801200.SI,商贸零售,20200804
000428,801210.SI,社会服务,19960808
000430,801210.SI,社会服务,20251230
000524,801210.SI,社会服务,19931118
000526,801210.SI,社会服务,20211213
000558,801210.SI,社会服务,20250310
000610,801210.SI,社会服务,19960926
000721,801210.SI,社会服务,19970430
000796,801210.SI,社会服务,20231221
000888,801210.SI,社会服务,19971021
000978,801210.SI,社会服务,20000518
002033,801210.SI,社会服务,20040825
002057,801210.SI,社会服务,20230706
002059,801210.SI,社会服务,20130701
002093,801210.SI,社会服务,20240731
002159,801210.SI,社会服务,20070827
002186,801210.SI,社会服务,20071128
002243,801210.SI,社会服务,20250813
002306,801210.SI,社会服务,20230706
002607,801210.SI,社会服务,20211213
002627,801210.SI,社会服务,20250929
002659,801210.SI,社会服务,20211213
002707,801210.SI,社会服务,20140207
002858,801210.SI,社会服务,20211213
002967,801210.SI,社会服务,20211213
003008,801210.SI,社会服务,20211213
003032,801210.SI,社会服务,20211213
300010,801210.SI,社会服务,20231228
300012,801210.SI,社会服务,20211213
300050,801210.SI,社会服务,20260702
300144,801210.SI,社会服务,20101217
300192,801210.SI,社会服务,20211213
300215,801210.SI,社会服务,20211213
300338,801210.SI,社会服务,20211213
300359,801210.SI,社会服务,20211213
300416,801210.SI,社会服务,20220801
300492,801210.SI,社会服务,20260702
300662,801210.SI,社会服务,20170615
300688,801210.SI,社会服务,20211213
300795,801210.SI,社会服务,20200318
300797,801210.SI,社会服务,20220801
300859,801210.SI,社会服务,20200813
300860,801210.SI,社会服务,20200831
300887,801210.SI,社会服务,20211213
300938,801210.SI,社会服务,20211213
300962,801210.SI,社会服务,20211213
301073,801210.SI,社会服务,20211014
301115,801210.SI,社会服务,20220907
301169,801210.SI,社会服务,20211110
301228,801210.SI,社会服务,20220211
301289,801210.SI,社会服务,20220629
301449,801210.SI,社会服务,20251230
301508,801210.SI,社会服务,20231208
301632,801210.SI,社会服务,20250819
600054,801210.SI,社会服务,20050701
600138,801210.SI,社会服务,19971203
600158,801210.SI,社会服务,20211213
600250,801210.SI,社会服务,20260702
600258,801210.SI,社会服务,20050701
600576,801210.SI,社会服务,20230706
600593,801210.SI,社会服务,20020711
600661,801210.SI,社会服务,20211213
600662,801210.SI,社会服务,20220801
600706,801210.SI,社会服务,20130701
600730,801210.SI,社会服务,20211213
600749,801210.SI,社会服务,19961015
600754,801210.SI,社会服务,19961011
600826,801210.SI,社会服务,20211213
600861,801210.SI,社会服务,20240731
600880,801210.SI,社会服务,20211213
601007,801210.SI,社会服务,20070416
603060,801210.SI,社会服务,20211213
603099,801210.SI,社会服务,20140829
603136,801210.SI,社会服务,20171011
603183,801210.SI,社会服务,20211213
603199,801210.SI,社会服务,20150402
603373,801210.SI,社会服务,20231227
603377,801210.SI,社会服务,20211213
603402,801210.SI,社会服务,20260113
605098,801210.SI,社会服务,20211213
605108,801210.SI,社会服务,20200723
688334,801210.SI,社会服务,20230925
688757,801210.SI,社会服务,20250401
000001,801780.SI,银行,20140221
001227,801780.SI,银行,20220124
002142,801780.SI,银行,20140221
002807,801780.SI,银行,20160909
002839,801780.SI,银行,20170207
002936,801780.SI,银行,20180927
002948,801780.SI,银行,20190123
002958,801780.SI,银行,20190402
002966,801780.SI,银行,20190809
600000,801780.SI,银行,20140221
600015,801780.SI,银行,20140221
600016,801780.SI,银行,20140221
600036,801780.SI,银行,20140221
600908,801780.SI,银行,20160930
600919,801780.SI,银行,20160809
600926,801780.SI,银行,20161103
600928,801780.SI,银行,20190308
601009,801780.SI,银行,20140221
601077,801780.SI,银行,20191105
601128,801780.SI,银行,20161014
601166,801780.SI,银行,20140221
601169,801780.SI,银行,20140221
601187,801780.SI,银行,20201103
601229,801780.SI,银行,20161123
601288,801780.SI,银行,20140221
601328,801780.SI,银行,20140221
601398,801780.SI,银行,20140221
601528,801780.SI,银行,20210702
601577,801780.SI,银行,20181010
601658,801780.SI,银行,20191217
601665,801780.SI,银行,20210625
601818,801780.SI,银行,20140221
601825,801780.SI,银行,20210826
601838,801780.SI,银行,20180207
601860,801780.SI,银行,20190110
601916,801780.SI,银行,20191203
601939,801780.SI,银行,20140221
601963,801780.SI,银行,20210219
601988,801780.SI,银行,20140221
601997,801780.SI,银行,20160823
601998,801780.SI,银行,20140221
603323,801780.SI,银行,20161206
000166,801790.SI,非银金融,20150126
000415,801790.SI,非银金融,20140221
000532,801790.SI,非银金融,20211213
000563,801790.SI,非银金融,20140221
000567,801790.SI,非银金融,20180716
000617,801790.SI,非银金融,20180716
000686,801790.SI,非银金融,20140221
000712,801790.SI,非银金融,20151028
000728,801790.SI,非银金融,20170420
000750,801790.SI,非银金融,20140221
000776,801790.SI,非银金融,20140221
000783,801790.SI,非银金融,20140221
000935,801790.SI,非银金融,20230706
000987,801790.SI,非银金融,20170703
001236,801790.SI,非银金融,20220812
002423,801790.SI,非银金融,20190708
002500,801790.SI,非银金融,20140221
002647,801790.SI,非银金融,20250314
002670,801790.SI,非银金融,20170703
002673,801790.SI,非银金融,20140221
002736,801790.SI,非银金融,20150107
002797,801790.SI,非银金融,20160518
002926,801790.SI,非银金融,20180212
002939,801790.SI,非银金融,20181102
002945,801790.SI,非银金融,20190124
002961,801790.SI,非银金融,20190912
300059,801790.SI,非银金融,20200724
300773,801790.SI,非银金融,20211213
600030,801790.SI,非银金融,20140221
600053,801790.SI,非银金融,20180716
600061,801790.SI,非银金融,20160701
600095,801790.SI,非银金融,20200710
600109,801790.SI,非银金融,20140221
600120,801790.SI,非银金融,20190708
600155,801790.SI,非银金融,20170703
600318,801790.SI,非银金融,20170703
600369,801790.SI,非银金融,20140221
600390,801790.SI,非银金融,20170703
600517,801790.SI,非银金融,20220801
600621,801790.SI,非银金融,20190708
600643,801790.SI,非银金融,20140221
600816,801790.SI,非银金融,20140221
600830,801790.SI,非银金融,20140221
600864,801790.SI,非银金融,20170703
600901,801790.SI,非银金融,20180308
600906,801790.SI,非银金融,20210514
600909,801790.SI,非银金融,20161213
600918,801790.SI,非银金融,20200610
600927,801790.SI,非银金融,20211230
600958,801790.SI,非银金融,20150330
600999,801790.SI,非银金融,20140221
601059,801790.SI,非银金融,20230208
601066,801790.SI,非银金融,20180627
601099,801790.SI,非银金融,20140221
601108,801790.SI,非银金融,20171031
601136,801790.SI,非银金融,20221229
601162,801790.SI,非银金融,20181026
601198,801790.SI,非银金融,20150305
601211,801790.SI,非银金融,20250318
601236,801790.SI,非银金融,20190712
601318,801790.SI,非银金融,20140221
601319,801790.SI,非银金融,20181123
601336,801790.SI,非银金融,20140221
601375,801790.SI,非银金融,20170110
601377,801790.SI,非银金融,20140221
601456,801790.SI,非银金融,20200807
601555,801790.SI,非银金融,20140221
601601,801790.SI,非银金融,20140221
601628,801790.SI,非银金融,20140221
601688,801790.SI,非银金融,20140221
601696,801790.SI,非银金融,20200304
601788,801790.SI,非银金融,20140221
601878,801790.SI,非银金融,20170703
601881,801790.SI,非银金融,20170206
601901,801790.SI,非银金融,20140221
601990,801790.SI,非银金融,20180621
601995,801790.SI,非银金融,20201109
603093,801790.SI,非银金融,20190906
603300,801790.SI,非银金融,20150605
000025,801230.SI,综合,20230706
000421,801230.SI,综合,20230706
000523,801230.SI,综合,20240731
000632,801230.SI,综合,20070703
000652,801230.SI,综合,20061010
000753,801230.SI,综合,20211213
000833,801230.SI,综合,20211213
002316,801230.SI,综合,20260702
002420,801230.SI,综合,20260702
002575,801230.SI,综合,20260702
600051,801230.SI,综合,20070703
600458,801230.SI,综合,20260702
600620,801230.SI,综合,20160701
600673,801230.SI,综合,20230706
600682,801230.SI,综合,20230706
600689,801230.SI,综合,20220801
600770,801230.SI,综合,20111010
600805,801230.SI,综合,20170703
600807,801230.SI,综合,20260702
600881,801230.SI,综合,20211213
000012,801710.SI,建筑材料,20140221
000055,801710.SI,建筑材料,20211213
000401,801710.SI,建筑材料,20140221
000619,801710.SI,建筑材料,20140221
000672,801710.SI,建筑材料,20140221
000786,801710.SI,建筑材料,20140221
000789,801710.SI,建筑材料,20140221
000877,801710.SI,建筑材料,20140221
001212,801710.SI,建筑材料,20210830
002043,801710.SI,建筑材料,20140221
002066,801710.SI,建筑材料,20140221
002080,801710.SI,建筑材料,20211213
002088,801710.SI,建筑材料,20140221
002201,801710.SI,建筑材料,20211213
002205,801710.SI,建筑材料,20220801
002225,801710.SI,建筑材料,20140221
002233,801710.SI,建筑材料,20140221
002247,801710.SI,建筑材料,20220801
002271,801710.SI,建筑材料,20140221
002302,801710.SI,建筑材料,20140221
002333,801710.SI,建筑材料,20140221
002372,801710.SI,建筑材料,20140221
002392,801710.SI,建筑材料,20140221
002398,801710.SI,建筑材料,20140221
002457,801710.SI,建筑材料,20140221
002596,801710.SI,建筑材料,20140221
002613,801710.SI,建筑材料,20211213
002641,801710.SI,建筑材料,20140221
002652,801710.SI,建筑材料,20140221
002671,801710.SI,建筑材料,20140221
002694,801710.SI,建筑材料,20140221
002718,801710.SI,建筑材料,20140221
002785,801710.SI,建筑材料,20151230
002791,801710.SI,建筑材料,20160420
003037,801710.SI,建筑材料,20210218
300196,801710.SI,建筑材料,20211213
300198,801710.SI,建筑材料,20140221
300234,801710.SI,建筑材料,20140221
300374,801710.SI,建筑材料,20150326
300599,801710.SI,建筑材料,20170206
300715,801710.SI,建筑材料,20171102
300737,801710.SI,建筑材料,20180201
301010,801710.SI,建筑材料,20211213
301429,801710.SI,建筑材料,20230424
301526,801710.SI,建筑材料,20240103
600176,801710.SI,建筑材料,20211213
600293,801710.SI,建筑材料,20211213
600326,801710.SI,建筑材料,20190708
600425,801710.SI,建筑材料,20140221
600449,801710.SI,建筑材料,20140221
600585,801710.SI,建筑材料,20140221
600586,801710.SI,建筑材料,20140221
600668,801710.SI,建筑材料,20220801
600678,801710.SI,建筑材料,20140221
600801,801710.SI,建筑材料,20140221
600802,801710.SI,建筑材料,20140221
600819,801710.SI,建筑材料,20140221
600876,801710.SI,建筑材料,20140221
601112,801710.SI,建筑材料,20260205
601636,801710.SI,建筑材料,20140221
601992,801710.SI,建筑材料,20190708
603038,801710.SI,建筑材料,20170123
603256,801710.SI,建筑材料,20211213
603378,801710.SI,建筑材料,20211213
603601,801710.SI,建筑材料,20211213
603616,801710.SI,建筑材料,20150618
603737,801710.SI,建筑材料,20211213
603856,801710.SI,建筑材料,20171113
605006,801710.SI,建筑材料,20211213
605122,801710.SI,建筑材料,20210317
605318,801710.SI,建筑材料,20200810
688119,801710.SI,建筑材料,20230925
000010,801720.SI,建筑装饰,20150701
000032,801720.SI,建筑装饰,20220801
000065,801720.SI,建筑装饰,20140221
000498,801720.SI,建筑装饰,20140221
000628,801720.SI,建筑装饰,20180716
000779,801720.SI,建筑装饰,20190708
000928,801720.SI,建筑装饰,20150701
001396,801720.SI,建筑装饰,20260108
002047,801720.SI,建筑装饰,20140702
002051,801720.SI,建筑装饰,20140221
002060,801720.SI,建筑装饰,20260702
002061,801720.SI,建筑装饰,20180716
002062,801720.SI,建筑装饰,20140221
002081,801720.SI,建筑装饰,20140221
002116,801720.SI,建筑装饰,20140221
002135,801720.SI,建筑装饰,20140221
002140,801720.SI,建筑装饰,20140221
002163,801720.SI,建筑装饰,20220801
002200,801720.SI,建筑装饰,20251215
002307,801720.SI,建筑装饰,20140221
002323,801720.SI,建筑装饰,20220705
002375,801720.SI,建筑装饰,20140221
002431,801720.SI,建筑装饰,20140221
002469,801720.SI,建筑装饰,20140221
002482,801720.SI,建筑装饰,20231221
002541,801720.SI,建筑装饰,20140221
002542,801720.SI,建筑装饰,20140221
002586,801720.SI,建筑装饰,20140221
002593,801720.SI,建筑装饰,20190708
002620,801720.SI,建筑装饰,20140221
002628,801720.SI,建筑装饰,20140221
002663,801720.SI,建筑装饰,20140221
002713,801720.SI,建筑装饰,20251231
002717,801720.SI,建筑装饰,20140226
002743,801720.SI,建筑装饰,20150303
002761,801720.SI,建筑装饰,20200904
002775,801720.SI,建筑装饰,20150706
002789,801720.SI,建筑装饰,20160325
002811,801720.SI,建筑装饰,20160919
002822,801720.SI,建筑装饰,20251231
002830,801720.SI,建筑装饰,20161220
002856,801720.SI,建筑装饰,20170327
002883,801720.SI,建筑装饰,20170627
002941,801720.SI,建筑装饰,20181205
002949,801720.SI,建筑装饰,20190305
002963,801720.SI,建筑装饰,20191104
002989,801720.SI,建筑装饰,20200617
003001,801720.SI,建筑装饰,20201020
003013,801720.SI,建筑装饰,20201029
300197,801720.SI,建筑装饰,20140221
300284,801720.SI,建筑装饰,20140221
300355,801720.SI,建筑装饰,20140221
300384,801720.SI,建筑装饰,20190708
300500,801720.SI,建筑装饰,20160218
300506,801720.SI,建筑装饰,20251223
300517,801720.SI,建筑装饰,20160726
300564,801720.SI,建筑装饰,20191115
300621,801720.SI,建筑装饰,20170413
300635,801720.SI,建筑装饰,20170411
300649,801720.SI,建筑装饰,20170512
300668,801720.SI,建筑装饰,20170626
300675,801720.SI,建筑装饰,20170726
300712,801720.SI,建筑装饰,20171107
300732,801720.SI,建筑装饰,20171219
300746,801720.SI,建筑装饰,20180601
300778,801720.SI,建筑装饰,20190517
300826,801720.SI,建筑装饰,20200413
300844,801720.SI,建筑装饰,20210820
300948,801720.SI,建筑装饰,20210304
300949,801720.SI,建筑装饰,20210305
300977,801720.SI,建筑装饰,20211213
300982,801720.SI,建筑装饰,20210507
300983,801720.SI,建筑装饰,20210427
300986,801720.SI,建筑装饰,20220728
300989,801720.SI,建筑装饰,20210514
301024,801720.SI,建筑装饰,20210804
301027,801720.SI,建筑装饰,20210722
301038,801720.SI,建筑装饰,20210811
301046,801720.SI,建筑装饰,20210824
301058,801720.SI,建筑装饰,20210916
301091,801720.SI,建筑装饰,20211105
301098,801720.SI,建筑装饰,20211119
301136,801720.SI,建筑装饰,20220118
301167,801720.SI,建筑装饰,20211213
301365,801720.SI,建筑装饰,20221129
301390,801720.SI,建筑装饰,20230515
301505,801720.SI,建筑装饰,20230726
600039,801720.SI,建筑装饰,20140221
600170,801720.SI,建筑装饰,20140221
600234,801720.SI,建筑装饰,20230706
600248,801720.SI,建筑装饰,20150522
600284,801720.SI,建筑装饰,20140221
600477,801720.SI,建筑装饰,20140221
600491,801720.SI,建筑装饰,20140221
600496,801720.SI,建筑装饰,20140221
600502,801720.SI,建筑装饰,20140221
600512,801720.SI,建筑装饰,20140221
600629,801720.SI,建筑装饰,20160701
600667,801720.SI,建筑装饰,20220801
600720,801720.SI,建筑装饰,20240122
600820,801720.SI,建筑装饰,20140221
600846,801720.SI,建筑装饰,20230706
600853,801720.SI,建筑装饰,20140221
600939,801720.SI,建筑装饰,20170228
600970,801720.SI,建筑装饰,20140221
601068,801720.SI,建筑装饰,20180906
601096,801720.SI,建筑装饰,20231229
601117,801720.SI,建筑装饰,20140221
601133,801720.SI,建筑装饰,20230417
601186,801720.SI,建筑装饰,20140221
601226,801720.SI,建筑装饰,20141218
601390,801720.SI,建筑装饰,20140221
601611,801720.SI,建筑装饰,20160615
601618,801720.SI,建筑装饰,20140221
601668,801720.SI,建筑装饰,20140221
601669,801720.SI,建筑装饰,20140221
601789,801720.SI,建筑装饰,20140221
601800,801720.SI,建筑装饰,20140221
601868,801720.SI,建筑装饰,20211012
601886,801720.SI,建筑装饰,20140221
603017,801720.SI,建筑装饰,20150109
603018,801720.SI,建筑装饰,20141020
603030,801720.SI,建筑装饰,20231227
603098,801720.SI,建筑装饰,20161223
603137,801720.SI,建筑装饰,20230426
603153,801720.SI,建筑装饰,20230320
603163,801720.SI,建筑装饰,20221020
603176,801720.SI,建筑装饰,20220110
603257,801720.SI,建筑装饰,20250415
603357,801720.SI,建筑装饰,20170808
603359,801720.SI,建筑装饰,20170908
603458,801720.SI,建筑装饰,20170816
603637,801720.SI,建筑装饰,20170215
603815,801720.SI,建筑装饰,20191028
603828,801720.SI,建筑装饰,20150305
603843,801720.SI,建筑装饰,20160912
603860,801720.SI,建筑装饰,20170809
603909,801720.SI,建筑装饰,20160705
603929,801720.SI,建筑装饰,20170109
603955,801720.SI,建筑装饰,20170317
603959,801720.SI,建筑装饰,20160524
605167,801720.SI,建筑装饰,20210802
605178,801720.SI,建筑装饰,20200828
605287,801720.SI,建筑装饰,20210713
605289,801720.SI,建筑装饰,20210506
605303,801720.SI,建筑装饰,20210308
605598,801720.SI,建筑装饰,20210928
600482,801730.SI,电力设备,20220801
600110,801730.SI,电力设备,20220801
603985,801730.SI,电力设备,20220801
601727,801730.SI,电力设备,20140221
603212,801730.SI,电力设备,20200512
605222,801730.SI,电力设备,20200807
603097,801730.SI,电力设备,20220519
600089,801730.SI,电力设备,20140221
600192,801730.SI,电力设备,20140221
600268,801730.SI,电力设备,20140221
600312,801730.SI,电力设备,20140221
600379,801730.SI,电力设备,20140221
600405,801730.SI,电力设备,20140221
600416,801730.SI,电力设备,20140221
600468,801730.SI,电力设备,20140221
600525,801730.SI,电力设备,20140221
600537,801730.SI,电力设备,20140221
600550,801730.SI,电力设备,20140221
600580,801730.SI,电力设备,20140221
600847,801730.SI,电力设备,20140221
600869,801730.SI,电力设备,20140221
600875,801730.SI,电力设备,20140221
600885,801730.SI,电力设备,20140221
600973,801730.SI,电力设备,20140221
601126,801730.SI,电力设备,20140221
601179,801730.SI,电力设备,20140221
601218,801730.SI,电力设备,20140221
601567,801730.SI,电力设备,20140221
601616,801730.SI,电力设备,20140221
601700,801730.SI,电力设备,20140221
601877,801730.SI,电力设备,20140221
603333,801730.SI,电力设备,20140221
603806,801730.SI,电力设备,20140915
603606,801730.SI,电力设备,20141022
603988,801730.SI,电力设备,20141111
603016,801730.SI,电力设备,20160708
603819,801730.SI,电力设备,20161202
603218,801730.SI,电力设备,20170105
603577,801730.SI,电力设备,20161229
603628,801730.SI,电力设备,20170119
603861,801730.SI,电力设备,20160329
603507,801730.SI,电力设备,20171113
603728,801730.SI,电力设备,20170516
603396,801730.SI,电力设备,20171025
603050,801730.SI,电力设备,20170421
603897,801730.SI,电力设备,20180417
603829,801730.SI,电力设备,20171024
601615,801730.SI,电力设备,20190130
600207,801730.SI,电力设备,20180716
603063,801730.SI,电力设备,20170804
603489,801730.SI,电力设备,20191118
603659,801730.SI,电力设备,20200727
601012,801730.SI,电力设备,20190418
600438,801730.SI,电力设备,20190514
600241,801730.SI,电力设备,20190708
600577,801730.SI,电力设备,20190708
603530,801730.SI,电力设备,20190812
603618,801730.SI,电力设备,20150303
603320,801730.SI,电力设备,20170509
600406,801730.SI,电力设备,20140221
605196,801730.SI,电力设备,20210518
605066,801730.SI,电力设备,20200814
600732,801730.SI,电力设备,20201221
605378,801730.SI,电力设备,20210419
603191,801730.SI,电力设备,20220510
600152,801730.SI,电力设备,20211213
600478,801730.SI,电力设备,20211213
600884,801730.SI,电力设备,20211213
601311,801730.SI,电力设备,20211213
601865,801730.SI,电力设备,20211213
603026,801730.SI,电力设备,20211213
603185,801730.SI,电力设备,20211213
603556,801730.SI,电力设备,20211213
603070,801730.SI,电力设备,20220317
002125,801730.SI,电力设备,20220801
002606,801730.SI,电力设备,20140221
002865,801730.SI,电力设备,20220801
002692,801730.SI,电力设备,20140221
002518,801730.SI,电力设备,20140221
002805,801730.SI,电力设备,20220801
002531,801730.SI,电力设备,20140221
002580,801730.SI,电力设备,20140221
002129,801730.SI,电力设备,20170703
002028,801730.SI,电力设备,20140221
002074,801730.SI,电力设备,20140221
002112,801730.SI,电力设备,20140221
002121,801730.SI,电力设备,20140221
002169,801730.SI,电力设备,20140221
002196,801730.SI,电力设备,20140221
002202,801730.SI,电力设备,20140221
002227,801730.SI,电力设备,20140221
002249,801730.SI,电力设备,20140221
002255,801730.SI,电力设备,20140221
002276,801730.SI,电力设备,20140221
002300,801730.SI,电力设备,20140221
002335,801730.SI,电力设备,20140221
002339,801730.SI,电力设备,20140221
002350,801730.SI,电力设备,20140221
002358,801730.SI,电力设备,20140221
002364,801730.SI,电力设备,20140221
002441,801730.SI,电力设备,20140221
002451,801730.SI,电力设备,20140221
002452,801730.SI,电力设备,20140221
002471,801730.SI,电力设备,20140221
002498,801730.SI,电力设备,20140221
002533,801730.SI,电力设备,20140221
002534,801730.SI,电力设备,20140221
002546,801730.SI,电力设备,20140221
002560,801730.SI,电力设备,20140221
002576,801730.SI,电力设备,20140221
002706,801730.SI,电力设备,20140221
002733,801730.SI,电力设备,20141210
002506,801730.SI,电力设备,20150813
002801,801730.SI,电力设备,20160629
002823,801730.SI,电力设备,20161202
002851,801730.SI,电力设备,20170313
002879,801730.SI,电力设备,20170714
002270,801730.SI,电力设备,20170703
002927,801730.SI,电力设备,20180302
002882,801730.SI,电力设备,20170724
002892,801730.SI,电力设备,20170824
002953,801730.SI,电力设备,20190516
002346,801730.SI,电力设备,20190708
002630,801730.SI,电力设备,20140221
002090,801730.SI,电力设备,20140221
002850,801730.SI,电力设备,20210204
002459,801730.SI,电力设备,20200818
002245,801730.SI,电力设备,20211213
002340,801730.SI,电力设备,20211213
002487,801730.SI,电力设备,20211213
002623,801730.SI,电力设备,20211213
002709,801730.SI,电力设备,20211213
002759,801730.SI,电力设备,20211213
002812,801730.SI,电力设备,20211213
002857,801730.SI,电力设备,20211213
002980,801730.SI,电力设备,20211213
001208,801730.SI,电力设备,20210701
001269,801730.SI,电力设备,20221014
001283,801730.SI,电力设备,20220913
003021,801730.SI,电力设备,20201211
003022,801730.SI,电力设备,20211213
000922,801730.SI,电力设备,20140221
000720,801730.SI,电力设备,20220801
000821,801730.SI,电力设备,20220801
000400,801730.SI,电力设备,20140221
000682,801730.SI,电力设备,20140221
000533,801730.SI,电力设备,20190708
000009,801730.SI,电力设备,20211213
000049,801730.SI,电力设备,20211213
301168,801730.SI,电力设备,20211217
301152,801730.SI,电力设备,20220905
301120,801730.SI,电力设备,20220426
300001,801730.SI,电力设备,20140221
300068,801730.SI,电力设备,20140221
300069,801730.SI,电力设备,20140221
300129,801730.SI,电力设备,20140221
300274,801730.SI,电力设备,20140221
300286,801730.SI,电力设备,20140221
300360,801730.SI,电力设备,20140221
300376,801730.SI,电力设备,20140221
300444,801730.SI,电力设备,20150430
300407,801730.SI,电力设备,20141210
300423,801730.SI,电力设备,20150303
300427,801730.SI,电力设备,20150303
300477,801730.SI,电力设备,20150617
300490,801730.SI,电力设备,20160108
300510,801730.SI,电力设备,20160513
300491,801730.SI,电力设备,20160108
300617,801730.SI,电力设备,20170310
300569,801730.SI,电力设备,20161205
300593,801730.SI,电力设备,20170120
300660,801730.SI,电力设备,20170609
300443,801730.SI,电力设备,20170703
300693,801730.SI,电力设备,20170829
300750,801730.SI,电力设备,20180619
300670,801730.SI,电力设备,20170710
300626,801730.SI,电力设备,20170413
300713,801730.SI,电力设备,20171108
300514,801730.SI,电力设备,20170504
300827,801730.SI,电力设备,20200417
300014,801730.SI,电力设备,20200727
300763,801730.SI,电力设备,20190326
300185,801730.SI,电力设备,20180716
300141,801730.SI,电力设备,20140221
300018,801730.SI,电力设备,20140221
300820,801730.SI,电力设备,20200220
300882,801730.SI,电力设备,20200917
300438,801730.SI,电力设备,20210225
300907,801730.SI,电力设备,20201125
301179,801730.SI,电力设备,20211215
301040,801730.SI,电力设备,20210810
300932,801730.SI,电力设备,20210129
300933,801730.SI,电力设备,20210129
301012,801730.SI,电力设备,20210629
300870,801730.SI,电力设备,20200831
301023,801730.SI,电力设备,20210714
301082,801730.SI,电力设备,20211103
301388,801730.SI,电力设备,20221116
300724,801730.SI,电力设备,20211213
300265,801730.SI,电力设备,20140221
300880,801730.SI,电力设备,20200908
300283,801730.SI,电力设备,20140221
300316,801730.SI,电力设备,20140221
300173,801730.SI,电力设备,20220801
300410,801730.SI,电力设备,20220801
300953,801730.SI,电力设备,20220801
300853,801730.SI,电力设备,20220801
301150,801730.SI,电力设备,20220801
301163,801730.SI,电力设备,20220801
301327,801730.SI,电力设备,20220926
301278,801730.SI,电力设备,20220811
301349,801730.SI,电力设备,20220919
300118,801730.SI,电力设备,20140221
300772,801730.SI,电力设备,20190508
300850,801730.SI,电力设备,20200720
300690,801730.SI,电力设备,20211213
300751,801730.SI,电力设备,20211213
300769,801730.SI,电力设备,20211213
300776,801730.SI,电力设备,20211213
300842,801730.SI,电力设备,20211213
300890,801730.SI,电力设备,20211213
300919,801730.SI,电力设备,20211213
301002,801730.SI,电力设备,20211213
301226,801730.SI,电力设备,20220401
301155,801730.SI,电力设备,20211201
301238,801730.SI,电力设备,20220624
301222,801730.SI,电力设备,20220316
301121,801730.SI,电力设备,20220815
301266,801730.SI,电力设备,20220615
300035,801730.SI,电力设备,20211213
300037,801730.SI,电力设备,20211213
300073,801730.SI,电力设备,20211213
300207,801730.SI,电力设备,20211213
300222,801730.SI,电力设备,20211213
300340,801730.SI,电力设备,20211213
300409,801730.SI,电力设备,20211213
300450,801730.SI,电力设备,20211213
300457,801730.SI,电力设备,20211213
300568,801730.SI,电力设备,20211213
300619,801730.SI,电力设备,20211213
300648,801730.SI,电力设备,20211213
300393,801730.SI,电力设备,20140919
300062,801730.SI,电力设备,20140221
300153,801730.SI,电力设备,20140221
301361,801730.SI,电力设备,20221123
002366,801730.SI,电力设备,20221223
001301,801730.SI,电力设备,20230105
301358,801730.SI,电力设备,20230216
301157,801730.SI,电力设备,20230316
301439,801730.SI,电力设备,20230324
301386,801730.SI,电力设备,20230406
301325,801730.SI,电力设备,20230519
301232,801730.SI,电力设备,20230626
301295,801730.SI,电力设备,20230705
605117,801730.SI,电力设备,20230706
600481,801730.SI,电力设备,20230706
603398,801730.SI,电力设备,20230706
002056,801730.SI,电力设备,20230706
300432,801730.SI,电力设备,20230706
301217,801730.SI,电力设备,20230706
603031,801730.SI,电力设备,20230706
300080,801730.SI,电力设备,20230706
002168,801730.SI,电力设备,20230706
600212,801730.SI,电力设备,20230706
301210,801730.SI,电力设备,20230707
301291,801730.SI,电力设备,20230707
301292,801730.SI,电力设备,20230714
301456,801730.SI,电力设备,20230721
301487,801730.SI,电力设备,20230816
300904,801730.SI,电力设备,20230816
301511,801730.SI,电力设备,20230824
300390,801730.SI,电力设备,20230919
603906,801730.SI,电力设备,20230919
603032,801730.SI,电力设备,20230921
688778,801730.SI,电力设备,20230925
688248,801730.SI,电力设备,20230925
688390,801730.SI,电力设备,20230925
688663,801730.SI,电力设备,20230925
688063,801730.SI,电力设备,20230925
688573,801730.SI,电力设备,20230925
688676,801730.SI,电力设备,20230925
688681,801730.SI,电力设备,20230925
688345,801730.SI,电力设备,20230925
688408,801730.SI,电力设备,20230925
688551,801730.SI,电力设备,20230925
688503,801730.SI,电力设备,20230925
688611,801730.SI,电力设备,20230925
688330,801730.SI,电力设备,20230925
688560,801730.SI,电力设备,20230925
688339,801730.SI,电力设备,20230925
688191,801730.SI,电力设备,20230925
688660,801730.SI,电力设备,20230925
688006,801730.SI,电力设备,20230925
688348,801730.SI,电力设备,20230925
688556,801730.SI,电力设备,20230925
688733,801730.SI,电力设备,20230925
688303,801730.SI,电力设备,20230925
688032,801730.SI,电力设备,20230925
688772,801730.SI,电力设备,20230925
688680,801730.SI,电力设备,20230925
688516,801730.SI,电力设备,20230925
688429,801730.SI,电力设备,20230925
688353,801730.SI,电力设备,20230925
688349,801730.SI,电力设备,20230925
688819,801730.SI,电力设备,20230925
688275,801730.SI,电力设备,20230925
688472,801730.SI,电力设备,20230925
688567,801730.SI,电力设备,20230925
688517,801730.SI,电力设备,20230925
688226,801730.SI,电力设备,20230925
688223,801730.SI,电力设备,20230925
688155,801730.SI,电力设备,20230925
688779,801730.SI,电力设备,20230925
688147,801730.SI,电力设备,20230925
688638,801730.SI,电力设备,20230925
688388,801730.SI,电力设备,20230925
688597,801730.SI,电力设备,20230925
688616,801730.SI,电力设备,20230925
688392,801730.SI,电力设备,20230925
688005,801730.SI,电力设备,20230925
688599,801730.SI,电力设备,20230925
688184,801730.SI,电力设备,20230925
688148,801730.SI,电力设备,20230925
688116,801730.SI,电力设备,20230925
688707,801730.SI,电力设备,20230925
688499,801730.SI,电力设备,20230925
688719,801730.SI,电力设备,20231013
301516,801730.SI,电力设备,20231215
688717,801730.SI,电力设备,20240110
603312,801730.SI,电力设备,20240118
301502,801730.SI,电力设备,20240219
603344,801730.SI,电力设备,20240327
300051,801730.SI,电力设备,20240409
301587,801730.SI,电力设备,20240415
603381,801730.SI,电力设备,20240703
603350,801730.SI,电力设备,20240710
002176,801730.SI,电力设备,20240731
000159,801730.SI,电力设备,20240731
000695,801730.SI,电力设备,20240731
300345,801730.SI,电力设备,20240731
600072,801730.SI,电力设备,20240731
002079,801730.SI,电力设备,20240731
600067,801730.SI,电力设备,20240809
688726,801730.SI,电力设备,20241105
002309,801730.SI,电力设备,20241225
688411,801730.SI,电力设备,20250211
301557,801730.SI,电力设备,20250311
001382,801730.SI,电力设备,20250328
301658,801730.SI,电力设备,20250410
301662,801730.SI,电力设备,20250424
688186,801730.SI,电力设备,20250513
301636,801730.SI,电力设备,20250523
301590,801730.SI,电力设备,20250612
001388,801730.SI,电力设备,20250708
301609,801730.SI,电力设备,20250730
300716,801730.SI,电力设备,20250813
002951,801730.SI,电力设备,20250813
603370,801730.SI,电力设备,20250912
301668,801730.SI,电力设备,20251013
603092,801730.SI,电力设备,20251114
300093,801730.SI,电力设备,20251121
603248,801730.SI,电力设备,20251230
301696,801730.SI,电力设备,20260417
301513,801730.SI,电力设备,20260424
301599,801730.SI,电力设备,20260512
001393,801730.SI,电力设备,20260522
301669,801730.SI,电力设备,20260616
603778,801730.SI,电力设备,20260702
688450,801730.SI,电力设备,20260702
000809,801730.SI,电力设备,20260702
601222,801730.SI,电力设备,20260702
600590,801730.SI,电力设备,20260702
002150,801730.SI,电力设备,20260702
301030,801730.SI,电力设备,20260702
002052,801730.SI,电力设备,20260702
300530,801730.SI,电力设备,20260702
002058,801730.SI,电力设备,20260702
600343,801890.SI,机械设备,20220801
603100,801890.SI,机械设备,20211213
600172,801890.SI,机械设备,20140221
603283,801890.SI,机械设备,20180102
603280,801890.SI,机械设备,20221115
600444,801890.SI,机械设备,20170703
603131,801890.SI,机械设备,20160616
603662,801890.SI,机械设备,20190813
603700,801890.SI,机械设备,20190129
600545,801890.SI,机械设备,20180716
600558,801890.SI,机械设备,20140221
600560,801890.SI,机械设备,20140221
600262,801890.SI,机械设备,20140221
600302,801890.SI,机械设备,20140221
603015,801890.SI,机械设备,20211213
600520,801890.SI,机械设备,20140221
600592,801890.SI,机械设备,20140221
600114,801890.SI,机械设备,20211213
600815,801890.SI,机械设备,20191224
603081,801890.SI,机械设备,20220816
600499,801890.SI,机械设备,20140221
600501,801890.SI,机械设备,20140221
600582,801890.SI,机械设备,20140221
600860,801890.SI,机械设备,20140221
600894,801890.SI,机械设备,20140221
600984,801890.SI,机械设备,20140221
600992,801890.SI,机械设备,20140221
601002,801890.SI,机械设备,20140221
601038,801890.SI,机械设备,20140221
601100,801890.SI,机械设备,20140221
601106,801890.SI,机械设备,20140221
601177,801890.SI,机械设备,20140221
601369,801890.SI,机械设备,20140221
601608,801890.SI,机械设备,20140221
601798,801890.SI,机械设备,20140221
603308,801890.SI,机械设备,20140221
603699,801890.SI,机械设备,20140221
600031,801890.SI,机械设备,20140221
600169,801890.SI,机械设备,20140221
600320,801890.SI,机械设备,20140221
600495,801890.SI,机械设备,20140221
603789,801890.SI,机械设备,20150505
603169,801890.SI,机械设备,20141016
603012,801890.SI,机械设备,20150327
603338,801890.SI,机械设备,20150401
603088,801890.SI,机械设备,20141118
603011,801890.SI,机械设备,20141114
603111,801890.SI,机械设备,20140808
600579,801890.SI,机械设备,20140702
603969,801890.SI,机械设备,20150306
603901,801890.SI,机械设备,20150605
601766,801890.SI,机械设备,20150609
603800,801890.SI,机械设备,20151217
603159,801890.SI,机械设备,20160819
603090,801890.SI,机械设备,20160907
603339,801890.SI,机械设备,20160526
603656,801890.SI,机械设备,20170328
603966,801890.SI,机械设备,20170208
603028,801890.SI,机械设备,20160413
603298,801890.SI,机械设备,20170104
603337,801890.SI,机械设备,20170126
603667,801890.SI,机械设备,20161101
603203,801890.SI,机械设备,20161115
601882,801890.SI,机械设备,20161114
603269,801890.SI,机械设备,20170524
603638,801890.SI,机械设备,20170203
603029,801890.SI,机械设备,20160505
603666,801890.SI,机械设备,20180620
603855,801890.SI,机械设备,20170602
603617,801890.SI,机械设备,20170710
603277,801890.SI,机械设备,20170918
603036,801890.SI,机械设备,20161216
603757,801890.SI,机械设备,20170718
603331,801890.SI,机械设备,20170712
603356,801890.SI,机械设备,20180131
603895,801890.SI,机械设备,20180131
603321,801890.SI,机械设备,20170922
603912,801890.SI,机械设备,20171108
603076,801890.SI,机械设备,20171120
603278,801890.SI,机械设备,20171120
603500,801890.SI,机械设备,20170911
603289,801890.SI,机械设备,20171107
603956,801890.SI,机械设备,20190301
603095,801890.SI,机械设备,20200422
601399,801890.SI,机械设备,20200615
600528,801890.SI,机械设备,20190708
603915,801890.SI,机械设备,20190621
603488,801890.SI,机械设备,20190708
603187,801890.SI,机械设备,20181206
603680,801890.SI,机械设备,20180306
600243,801890.SI,机械设备,20140221
600843,801890.SI,机械设备,20140221
600835,801890.SI,机械设备,20140221
600761,801890.SI,机械设备,20140221
605389,801890.SI,机械设备,20210329
605060,801890.SI,机械设备,20210308
605298,801890.SI,机械设备,20210308
605056,801890.SI,机械设备,20210727
605001,801890.SI,机械设备,20200529
605286,801890.SI,机械设备,20210329
605186,801890.SI,机械设备,20201229
605100,801890.SI,机械设备,20200818
605305,801890.SI,机械设备,20210513
605259,801890.SI,机械设备,20210622
600232,801890.SI,机械设备,20211213
601717,801890.SI,机械设备,20211213
603025,801890.SI,机械设备,20211213
603416,801890.SI,机械设备,20211213
603583,801890.SI,机械设备,20211213
603698,801890.SI,机械设备,20211213
605288,801890.SI,机械设备,20211213
600783,801890.SI,机械设备,20220801
600202,801890.SI,机械设备,20220801
600215,801890.SI,机械设备,20220801
002611,801890.SI,机械设备,20200619
002444,801890.SI,机械设备,20140221
002931,801890.SI,机械设备,20190708
002073,801890.SI,机械设备,20140221
002795,801890.SI,机械设备,20190708
002204,801890.SI,机械设备,20140221
002438,801890.SI,机械设备,20140221
002490,801890.SI,机械设备,20140221
002132,801890.SI,机械设备,20140221
002158,801890.SI,机械设备,20140221
002164,801890.SI,机械设备,20140221
002209,801890.SI,机械设备,20140221
002248,801890.SI,机械设备,20140221
002278,801890.SI,机械设备,20140221
002282,801890.SI,机械设备,20140221
002337,801890.SI,机械设备,20140221
002347,801890.SI,机械设备,20140221
002367,801890.SI,机械设备,20140221
002483,801890.SI,机械设备,20140221
002514,801890.SI,机械设备,20140221
002520,801890.SI,机械设备,20140221
002526,801890.SI,机械设备,20140221
002529,801890.SI,机械设备,20140221
002535,801890.SI,机械设备,20140221
002559,801890.SI,机械设备,20140221
002595,801890.SI,机械设备,20140221
002598,801890.SI,机械设备,20140221
002633,801890.SI,机械设备,20140221
002639,801890.SI,机械设备,20140221
002667,801890.SI,机械设备,20140221
002685,801890.SI,机械设备,20140221
002686,801890.SI,机械设备,20140221
002690,801890.SI,机械设备,20140221
002691,801890.SI,机械设备,20140221
002698,801890.SI,机械设备,20140221
002730,801890.SI,机械设备,20141016
002009,801890.SI,机械设备,20140221
002026,801890.SI,机械设备,20140221
002031,801890.SI,机械设备,20140221
002046,801890.SI,机械设备,20140221
002097,801890.SI,机械设备,20140221
002006,801890.SI,机械设备,20140702
002757,801890.SI,机械设备,20150603
002760,801890.SI,机械设备,20150618
002786,801890.SI,机械设备,20151230
002779,801890.SI,机械设备,20151216
002837,801890.SI,机械设备,20170106
002819,801890.SI,机械设备,20161118
002833,801890.SI,机械设备,20170105
002816,801890.SI,机械设备,20161101
002849,801890.SI,机械设备,20170224
002843,801890.SI,机械设备,20170203
002884,801890.SI,机械设备,20170718
002896,801890.SI,机械设备,20170905
002774,801890.SI,机械设备,20170331
002871,801890.SI,机械设备,20170518
002890,801890.SI,机械设备,20170809
002877,801890.SI,机械设备,20170612
002903,801890.SI,机械设备,20171020
002972,801890.SI,机械设备,20200106
002975,801890.SI,机械设备,20200212
002957,801890.SI,机械设备,20190802
002960,801890.SI,机械设备,20190816
002747,801890.SI,机械设备,20190109
002689,801890.SI,机械设备,20140221
002342,801890.SI,机械设备,20140221
002353,801890.SI,机械设备,20140221
002523,801890.SI,机械设备,20140221
002943,801890.SI,机械设备,20181206
002008,801890.SI,机械设备,20211213
002184,801890.SI,机械设备,20211213
002334,801890.SI,机械设备,20211213
002527,801890.SI,机械设备,20211213
002767,801890.SI,机械设备,20211213
002979,801890.SI,机械设备,20211213
002445,801890.SI,机械设备,20220801
002175,801890.SI,机械设备,20220801
001226,801890.SI,机械设备,20220629
001696,801890.SI,机械设备,20211213
001266,801890.SI,机械设备,20220307
001288,801890.SI,机械设备,20211108
001332,801890.SI,机械设备,20220927
003025,801890.SI,机械设备,20201218
003036,801890.SI,机械设备,20210204
000039,801890.SI,机械设备,20140221
000157,801890.SI,机械设备,20140221
000425,801890.SI,机械设备,20140221
000528,801890.SI,机械设备,20140221
000530,801890.SI,机械设备,20140221
000680,801890.SI,机械设备,20140221
000777,801890.SI,机械设备,20140221
000811,801890.SI,机械设备,20140221
000837,801890.SI,机械设备,20140221
000852,801890.SI,机械设备,20140221
000856,801890.SI,机械设备,20140221
000925,801890.SI,机械设备,20150701
000008,801890.SI,机械设备,20170703
000410,801890.SI,机械设备,20191224
000988,801890.SI,机械设备,20211213
000927,801890.SI,机械设备,20220329
301158,801890.SI,机械设备,20220124
301112,801890.SI,机械设备,20220706
301200,801890.SI,机械设备,20220307
300960,801890.SI,机械设备,20210406
301070,801890.SI,机械设备,20210930
300007,801890.SI,机械设备,20140221
300024,801890.SI,机械设备,20140221
300095,801890.SI,机械设备,20140221
300112,801890.SI,机械设备,20140221
300145,801890.SI,机械设备,20140221
300151,801890.SI,机械设备,20140221
300161,801890.SI,机械设备,20140221
300165,801890.SI,机械设备,20140221
300179,801890.SI,机械设备,20140221
300193,801890.SI,机械设备,20140221
300195,801890.SI,机械设备,20140221
300201,801890.SI,机械设备,20140221
300228,801890.SI,机械设备,20140221
300257,801890.SI,机械设备,20140221
300259,801890.SI,机械设备,20140221
300260,801890.SI,机械设备,20140221
300276,801890.SI,机械设备,20140221
300281,801890.SI,机械设备,20140221
300293,801890.SI,机械设备,20140221
300306,801890.SI,机械设备,20140221
300307,801890.SI,机械设备,20140221
300349,801890.SI,机械设备,20140221
300351,801890.SI,机械设备,20140221
300354,801890.SI,机械设备,20140221
300371,801890.SI,机械设备,20140221
300382,801890.SI,机械设备,20140221
300415,801890.SI,机械设备,20150130
300417,801890.SI,机械设备,20150130
300445,801890.SI,机械设备,20150504
300441,801890.SI,机械设备,20150430
300400,801890.SI,机械设备,20141017
300402,801890.SI,机械设备,20141017
300420,801890.SI,机械设备,20150303
300421,801890.SI,机械设备,20150303
300411,801890.SI,机械设备,20150109
300471,801890.SI,机械设备,20150618
300472,801890.SI,机械设备,20150618
300480,801890.SI,机械设备,20150709
300084,801890.SI,机械设备,20150701
300470,801890.SI,机械设备,20150619
300461,801890.SI,机械设备,20150527
300486,801890.SI,机械设备,20150707
300488,801890.SI,机械设备,20150708
300503,801890.SI,机械设备,20160316
300515,801890.SI,机械设备,20160617
300521,801890.SI,机械设备,20160712
300607,801890.SI,机械设备,20170216
300540,801890.SI,机械设备,20160830
300512,801890.SI,机械设备,20160602
300553,801890.SI,机械设备,20161028
300606,801890.SI,机械设备,20170215
300567,801890.SI,机械设备,20161202
300499,801890.SI,机械设备,20160216
300509,801890.SI,机械设备,20160503
300557,801890.SI,机械设备,20161108
300549,801890.SI,机械设备,20161014
300669,801890.SI,机械设备,20170706
300718,801890.SI,机械设备,20171113
300720,801890.SI,机械设备,20171113
300667,801890.SI,机械设备,20180716
300817,801890.SI,机械设备,20200225
300838,801890.SI,机械设备,20200615
300802,801890.SI,机械设备,20191121
300809,801890.SI,机械设备,20191211
300818,801890.SI,机械设备,20200219
300594,801890.SI,机械设备,20190628
300837,801890.SI,机械设备,20200612
300066,801890.SI,机械设备,20140221
300836,801890.SI,机械设备,20200604
300780,801890.SI,机械设备,20190610
300412,801890.SI,机械设备,20190708
300103,801890.SI,机械设备,20140221
300923,801890.SI,机械设备,20201231
300906,801890.SI,机械设备,20201112
300931,801890.SI,机械设备,20210128
300851,801890.SI,机械设备,20200724
300950,801890.SI,机械设备,20210310
300879,801890.SI,机械设备,20200908
300902,801890.SI,机械设备,20201105
300885,801890.SI,机械设备,20200917
301032,801890.SI,机械设备,20210729
300897,801890.SI,机械设备,20201013
301016,801890.SI,机械设备,20210707
301006,801890.SI,机械设备,20210623
300988,801890.SI,机械设备,20210519
300990,801890.SI,机械设备,20210519
300984,801890.SI,机械设备,20210625
300992,801890.SI,机械设备,20210601
300943,801890.SI,机械设备,20210224
300985,801890.SI,机械设备,20210511
301028,801890.SI,机械设备,20210727
301053,801890.SI,机械设备,20210908
301048,801890.SI,机械设备,20210825
301043,801890.SI,机械设备,20210818
301079,801890.SI,机械设备,20211026
300946,801890.SI,机械设备,20210222
300861,801890.SI,机械设备,20200831
300862,801890.SI,机械设备,20200831
300865,801890.SI,机械设备,20200831
301013,801890.SI,机械设备,20210706
301056,801890.SI,机械设备,20210914
301137,801890.SI,机械设备,20220329
301018,801890.SI,机械设备,20210714
301083,801890.SI,机械设备,20211028
301129,801890.SI,机械设备,20211109
300278,801890.SI,机械设备,20220104
300971,801890.SI,机械设备,20210422
301029,801890.SI,机械设备,20210730
301338,801890.SI,机械设备,20220823
301197,801890.SI,机械设备,20220815
301309,801890.SI,机械设备,20220926
301161,801890.SI,机械设备,20220921
300700,801890.SI,机械设备,20170919
301268,801890.SI,机械设备,20220414
301273,801890.SI,机械设备,20221101
300004,801890.SI,机械设备,20140221
301279,801890.SI,机械设备,20220420
301199,801890.SI,机械设备,20211214
300263,801890.SI,机械设备,20211213
300484,801890.SI,机械设备,20211213
300747,801890.SI,机械设备,20211213
300828,801890.SI,机械设备,20211213
301021,801890.SI,机械设备,20211213
301151,801890.SI,机械设备,20220418
300756,801890.SI,机械设备,20220801
300466,801890.SI,机械设备,20220801
301107,801890.SI,机械设备,20220531
301312,801890.SI,机械设备,20220718
301128,801890.SI,机械设备,20211117
300011,801890.SI,机械设备,20211213
300048,801890.SI,机械设备,20211213
300083,801890.SI,机械设备,20211213
300124,801890.SI,机械设备,20211213
300227,801890.SI,机械设备,20211213
301125,801890.SI,机械设备,20220615
301138,801890.SI,机械设备,20211222
300097,801890.SI,机械设备,20140221
300099,801890.SI,机械设备,20140221
300823,801890.SI,机械设备,20200326
300813,801890.SI,机械设备,20200121
300554,801890.SI,机械设备,20170428
300833,801890.SI,机械设备,20200527
300757,801890.SI,机械设备,20190115
300126,801890.SI,机械设备,20140221
300092,801890.SI,机械设备,20140221
300154,801890.SI,机械设备,20140221
301377,801890.SI,机械设备,20221129
301311,801890.SI,机械设备,20221207
001256,801890.SI,机械设备,20221212
001223,801890.SI,机械设备,20221219
300370,801890.SI,机械设备,20221221
301368,801890.SI,机械设备,20221222
002122,801890.SI,机械设备,20221223
301255,801890.SI,机械设备,20230104
301105,801890.SI,机械设备,20230109
301317,801890.SI,机械设备,20230202
603173,801890.SI,机械设备,20230206
301260,801890.SI,机械设备,20230215
301303,801890.SI,机械设备,20230227
001225,801890.SI,机械设备,20230301
001360,801890.SI,机械设备,20230417
603135,801890.SI,机械设备,20230417
301360,801890.SI,机械设备,20230505
001324,801890.SI,机械设备,20230529
301399,801890.SI,机械设备,20230530
301353,801890.SI,机械设备,20230606
301320,801890.SI,机械设备,20230616
301448,801890.SI,机械设备,20230628
300157,801890.SI,机械设备,20230706
002272,801890.SI,机械设备,20230706
002131,801890.SI,机械设备,20230706
301261,801890.SI,机械设备,20230717
301272,801890.SI,机械设备,20230720
301512,801890.SI,机械设备,20230727
301468,801890.SI,机械设备,20230731
301446,801890.SI,机械设备,20230801
301510,801890.SI,机械设备,20230822
301533,801890.SI,机械设备,20230825
301418,801890.SI,机械设备,20230828
603275,801890.SI,机械设备,20230830
301528,801890.SI,机械设备,20230904
301525,801890.SI,机械设备,20230906
603270,801890.SI,机械设备,20230908
688528,801890.SI,机械设备,20230925
688665,801890.SI,机械设备,20230925
688187,801890.SI,机械设备,20230925
688646,801890.SI,机械设备,20230925
688630,801890.SI,机械设备,20230925
688518,801890.SI,机械设备,20230925
688215,801890.SI,机械设备,20230925
688789,801890.SI,机械设备,20230925
688090,801890.SI,机械设备,20230925
688218,801890.SI,机械设备,20230925
688777,801890.SI,机械设备,20230925
688627,801890.SI,机械设备,20230925
688306,801890.SI,机械设备,20230925
688211,801890.SI,机械设备,20230925
688379,801890.SI,机械设备,20230925
688610,801890.SI,机械设备,20230925
688097,801890.SI,机械设备,20230925
688009,801890.SI,机械设备,20230925
688596,801890.SI,机械设备,20230925
688071,801890.SI,机械设备,20230925
688420,801890.SI,机械设备,20230925
688113,801890.SI,机械设备,20230925
688112,801890.SI,机械设备,20230925
688308,801890.SI,机械设备,20230925
688700,801890.SI,机械设备,20230925
688017,801890.SI,机械设备,20230925
688628,801890.SI,机械设备,20230925
688128,801890.SI,机械设备,20230925
688570,801890.SI,机械设备,20230925
688697,801890.SI,机械设备,20230925
688115,801890.SI,机械设备,20230925
688377,801890.SI,机械设备,20230925
688383,801890.SI,机械设备,20230925
688485,801890.SI,机械设备,20230925
688255,801890.SI,机械设备,20230925
688333,801890.SI,机械设备,20230925
688160,801890.SI,机械设备,20230925
688455,801890.SI,机械设备,20230925
688001,801890.SI,机械设备,20230925
688360,801890.SI,机械设备,20230925
688559,801890.SI,机械设备,20230925
688025,801890.SI,机械设备,20230925
688433,801890.SI,机械设备,20230925
688622,801890.SI,机械设备,20230925
688425,801890.SI,机械设备,20230925
688305,801890.SI,机械设备,20230925
688092,801890.SI,机械设备,20230925
688459,801890.SI,机械设备,20230925
688557,801890.SI,机械设备,20230925
688285,801890.SI,机械设备,20230925
688162,801890.SI,机械设备,20230925
688698,801890.SI,机械设备,20230925
688320,801890.SI,机械设备,20230925
688633,801890.SI,机械设备,20230925
688448,801890.SI,机械设备,20230925
688531,801890.SI,机械设备,20230925
688329,801890.SI,机械设备,20230925
688569,801890.SI,机械设备,20230925
688529,801890.SI,机械设备,20230925
688312,801890.SI,机械设备,20230925
688367,801890.SI,机械设备,20230925
688400,801890.SI,机械设备,20230925
688003,801890.SI,机械设备,20230925
688686,801890.SI,机械设备,20230925
688165,801890.SI,机械设备,20230925
688355,801890.SI,机械设备,20230925
688056,801890.SI,机械设备,20230925
688015,801890.SI,机械设备,20230925
688125,801890.SI,机械设备,20230925
688395,801890.SI,机械设备,20230925
688121,801890.SI,机械设备,20230925
688257,801890.SI,机械设备,20230925
688059,801890.SI,机械设备,20230925
688033,801890.SI,机械设备,20230925
688290,801890.SI,机械设备,20230925
688170,801890.SI,机械设备,20230925
688768,801890.SI,机械设备,20230925
688577,801890.SI,机械设备,20230925
688022,801890.SI,机械设备,20230925
688337,801890.SI,机械设备,20230925
688623,801890.SI,机械设备,20230925
688328,801890.SI,机械设备,20230925
688028,801890.SI,机械设备,20230925
688310,801890.SI,机械设备,20230925
688558,801890.SI,机械设备,20230925
301548,801890.SI,机械设备,20230927
301559,801890.SI,机械设备,20231018
603273,801890.SI,机械设备,20231030
688648,801890.SI,机械设备,20231120
001306,801890.SI,机械设备,20231123
301568,801890.SI,机械设备,20231205
001239,801890.SI,机械设备,20231219
301413,801890.SI,机械设备,20231225
002021,801890.SI,机械设备,20240102
603325,801890.SI,机械设备,20240117
001379,801890.SI,机械设备,20240126
603082,801890.SI,机械设备,20240206
301596,801890.SI,机械设备,20240520
301392,801890.SI,机械设备,20240613
301603,801890.SI,机械设备,20240717
603611,801890.SI,机械设备,20240731
600980,801890.SI,机械设备,20240731
301063,801890.SI,机械设备,20240731
002722,801890.SI,机械设备,20240731
002530,801890.SI,机械设备,20240731
603391,801890.SI,机械设备,20240807
001277,801890.SI,机械设备,20240910
301633,801890.SI,机械设备,20241114
301598,801890.SI,机械设备,20241227
603194,801890.SI,机械设备,20241231
688583,801890.SI,机械设备,20250122
301601,801890.SI,机械设备,20250122
001395,801890.SI,机械设备,20250211
301616,801890.SI,机械设备,20250403
603279,801890.SI,机械设备,20250411
001400,801890.SI,机械设备,20250506
603400,801890.SI,机械设备,20250627
688600,801890.SI,机械设备,20250929
300159,801890.SI,机械设备,20251225
300091,801890.SI,机械设备,20260213
688816,801890.SI,机械设备,20260226
688813,801890.SI,机械设备,20260408
688808,801890.SI,机械设备,20260506
001237,801890.SI,机械设备,20260529
000880,801890.SI,机械设备,20260702
300220,801890.SI,机械设备,20260702
600397,801890.SI,机械设备,20260702
300435,801890.SI,机械设备,20260702
002564,801890.SI,机械设备,20260702
301160,801890.SI,机械设备,20260702
300572,801890.SI,机械设备,20260702
301307,801890.SI,机械设备,20260702
600889,801890.SI,机械设备,20260702
301677,801890.SI,机械设备,20260806
688828,801890.SI,机械设备,20260818
688826,801890.SI,机械设备,20260825
688836,801890.SI,机械设备,20260826
000519,801740.SI,国防军工,20170703
000547,801740.SI,国防军工,20170703
000561,801740.SI,国防军工,20190708
000576,801740.SI,国防军工,20200623
000697,801740.SI,国防军工,20251201
000733,801740.SI,国防军工,20211213
000738,801740.SI,国防军工,20140221
000768,801740.SI,国防军工,20140221
001270,801740.SI,国防军工,20220613
002023,801740.SI,国防军工,20140221
002025,801740.SI,国防军工,20190708
002111,801740.SI,国防军工,20230706
002151,801740.SI,国防军工,20140221
002179,801740.SI,国防军工,20190708
002189,801740.SI,国防军工,20211213
002214,801740.SI,国防军工,20211213
002297,801740.SI,国防军工,20140221
002338,801740.SI,国防军工,20211213
002383,801740.SI,国防军工,20211213
002389,801740.SI,国防军工,20190708
002413,801740.SI,国防军工,20170703
002414,801740.SI,国防军工,20211213
002446,801740.SI,国防军工,20211213
002465,801740.SI,国防军工,20190708
002519,801740.SI,国防军工,20230824
002625,801740.SI,国防军工,20211213
002651,801740.SI,国防军工,20220801
002829,801740.SI,国防军工,20161220
002933,801740.SI,国防军工,20180904
002935,801740.SI,国防军工,20180910
002977,801740.SI,国防军工,20200324
002985,801740.SI,国防军工,20200511
003009,801740.SI,国防军工,20201012
300008,801740.SI,国防军工,20201224
300034,801740.SI,国防军工,20170703
300045,801740.SI,国防军工,20211213
300065,801740.SI,国防军工,20190708
300101,801740.SI,国防军工,20140221
300114,801740.SI,国防军工,20211213
300123,801740.SI,国防军工,20140221
300177,801740.SI,国防军工,20211213
300252,801740.SI,国防军工,20211213
300395,801740.SI,国防军工,20211213
300397,801740.SI,国防军工,20170703
300424,801740.SI,国防军工,20150429
300447,801740.SI,国防军工,20211213
300474,801740.SI,国防军工,20160413
300527,801740.SI,国防军工,20160812
300581,801740.SI,国防军工,20161227
300589,801740.SI,国防军工,20170120
300600,801740.SI,国防军工,20171121
300629,801740.SI,国防军工,20220801
300696,801740.SI,国防军工,20170829
300699,801740.SI,国防军工,20211213
300719,801740.SI,国防军工,20171116
300722,801740.SI,国防军工,20171117
300726,801740.SI,国防军工,20211213
300762,801740.SI,国防军工,20190321
300775,801740.SI,国防军工,20190528
300777,801740.SI,国防军工,20211213
300810,801740.SI,国防军工,20191213
300875,801740.SI,国防军工,20200831
300900,801740.SI,国防军工,20201105
300922,801740.SI,国防军工,20210104
300965,801740.SI,国防军工,20210412
301050,801740.SI,国防军工,20210831
301213,801740.SI,国防军工,20211213
301302,801740.SI,国防军工,20220630
301306,801740.SI,国防军工,20220802
301357,801740.SI,国防军工,20230425
301517,801740.SI,国防军工,20231024
301571,801740.SI,国防军工,20240828
301586,801740.SI,国防军工,20240904
301592,801740.SI,国防军工,20241031
301682,801740.SI,国防军工,20260401
301707,801740.SI,国防军工,20260814
302132,801740.SI,国防军工,20211213
600038,801740.SI,国防军工,20140221
600118,801740.SI,国防军工,20140221
600150,801740.SI,国防军工,20140221
600184,801740.SI,国防军工,20140221
600316,801740.SI,国防军工,20140221
600372,801740.SI,国防军工,20140221
600391,801740.SI,国防军工,20140221
600435,801740.SI,国防军工,20140221
600562,801740.SI,国防军工,20160107
600685,801740.SI,国防军工,20140221
600760,801740.SI,国防军工,20140221
600764,801740.SI,国防军工,20180716
600765,801740.SI,国防军工,20190708
600855,801740.SI,国防军工,20240731
600862,801740.SI,国防军工,20160701
600879,801740.SI,国防军工,20140221
600893,801740.SI,国防军工,20140221
600967,801740.SI,国防军工,20170703
600990,801740.SI,国防军工,20140221
601606,801740.SI,国防军工,20180813
601698,801740.SI,国防军工,20190705
601890,801740.SI,国防军工,20140221
603261,801740.SI,国防军工,20220322
603267,801740.SI,国防军工,20210204
603268,801740.SI,国防军工,20260203
603678,801740.SI,国防军工,20210204
603712,801740.SI,国防军工,20211213
605123,801740.SI,国防军工,20200901
688011,801740.SI,国防军工,20230925
688053,801740.SI,国防军工,20230925
688070,801740.SI,国防军工,20230925
688081,801740.SI,国防军工,20230925
688084,801740.SI,国防军工,20230925
688122,801740.SI,国防军工,20230925
688132,801740.SI,国防军工,20230925
688175,801740.SI,国防军工,20230925
688237,801740.SI,国防军工,20230925
688239,801740.SI,国防军工,20230925
688272,801740.SI,国防军工,20230925
688281,801740.SI,国防军工,20230925
688282,801740.SI,国防军工,20230925
688297,801740.SI,国防军工,20230925
688311,801740.SI,国防军工,20230925
688375,801740.SI,国防军工,20230925
688439,801740.SI,国防军工,20230925
688510,801740.SI,国防军工,20230925
688511,801740.SI,国防军工,20230925
688522,801740.SI,国防军工,20230925
688523,801740.SI,国防军工,20230925
688543,801740.SI,国防军工,20230925
688552,801740.SI,国防军工,20230925
688563,801740.SI,国防军工,20230925
688586,801740.SI,国防军工,20230925
688629,801740.SI,国防军工,20230925
688636,801740.SI,国防军工,20230925
688682,801740.SI,国防军工,20230925
688685,801740.SI,国防军工,20230925
688708,801740.SI,国防军工,20241212
688776,801740.SI,国防军工,20230925
688788,801740.SI,国防军工,20230925
688818,801740.SI,国防军工,20260225
603859,801750.SI,计算机,20220801
603528,801750.SI,计算机,20190708
600536,801750.SI,计算机,20140221
605118,801750.SI,计算机,20211213
600728,801750.SI,计算机,20140221
600756,801750.SI,计算机,20140221
600271,801750.SI,计算机,20140221
603887,801750.SI,计算机,20211213
600845,801750.SI,计算机,20140221
601519,801750.SI,计算机,20140221
600410,801750.SI,计算机,20140221
600446,801750.SI,计算机,20140221
600570,801750.SI,计算机,20140221
600571,801750.SI,计算机,20140221
600588,801750.SI,计算机,20140221
600718,801750.SI,计算机,20140221
600797,801750.SI,计算机,20140221
600850,801750.SI,计算机,20140221
603019,801750.SI,计算机,20141113
603636,801750.SI,计算机,20150108
603918,801750.SI,计算机,20150604
603508,801750.SI,计算机,20151231
600602,801750.SI,计算机,20160701
603189,801750.SI,计算机,20160923
603039,801750.SI,计算机,20170120
603660,801750.SI,计算机,20161208
603138,801750.SI,计算机,20170313
603990,801750.SI,计算机,20161215
603383,801750.SI,计算机,20170531
603496,801750.SI,计算机,20170614
603106,801750.SI,计算机,20170927
601360,801750.SI,计算机,20180307
603232,801750.SI,计算机,20170428
603869,801750.SI,计算机,20190708
603927,801750.SI,计算机,20190917
603516,801750.SI,计算机,20180209
600100,801750.SI,计算机,20140221
600476,801750.SI,计算机,20140221
605398,801750.SI,计算机,20210128
603171,801750.SI,计算机,20210707
600131,801750.SI,计算机,20211213
600455,801750.SI,计算机,20211213
002178,801750.SI,计算机,20211213
002230,801750.SI,计算机,20140221
002232,801750.SI,计算机,20140221
002405,801750.SI,计算机,20140221
002415,801750.SI,计算机,20211213
002063,801750.SI,计算机,20140221
002152,801750.SI,计算机,20140221
002253,801750.SI,计算机,20140221
002331,801750.SI,计算机,20140221
002212,801750.SI,计算机,20190708
002474,801750.SI,计算机,20140221
002373,801750.SI,计算机,20140221
002376,801750.SI,计算机,20140221
002528,801750.SI,计算机,20140221
002153,801750.SI,计算机,20140221
002195,801750.SI,计算机,20140221
002279,801750.SI,计算机,20140221
002362,801750.SI,计算机,20140221
002380,801750.SI,计算机,20140221
002401,801750.SI,计算机,20140221
002410,801750.SI,计算机,20140221
002439,801750.SI,计算机,20140221
002577,801750.SI,计算机,20140221
002609,801750.SI,计算机,20140221
002642,801750.SI,计算机,20140221
002649,801750.SI,计算机,20140221
002657,801750.SI,计算机,20140221
002771,801750.SI,计算机,20150706
002512,801750.SI,计算机,20150701
002777,801750.SI,计算机,20160108
002835,801750.SI,计算机,20170105
002912,801750.SI,计算机,20171128
002920,801750.SI,计算机,20180103
002987,801750.SI,计算机,20200514
002368,801750.SI,计算机,20140221
002421,801750.SI,计算机,20140221
002268,801750.SI,计算机,20140221
002197,801750.SI,计算机,20140221
002065,801750.SI,计算机,20140221
002970,801750.SI,计算机,20210204
002990,801750.SI,计算机,20200601
002261,801750.SI,计算机,20220125
002236,801750.SI,计算机,20211213
002298,801750.SI,计算机,20211213
002322,801750.SI,计算机,20211213
001339,801750.SI,计算机,20220822
001229,801750.SI,计算机,20220815
003005,801750.SI,计算机,20200929
003007,801750.SI,计算机,20200930
003029,801750.SI,计算机,20201231
003004,801750.SI,计算机,20201203
000409,801750.SI,计算机,20220801
000948,801750.SI,计算机,20140221
000977,801750.SI,计算机,20140221
000066,801750.SI,计算机,20140221
000555,801750.SI,计算机,20140702
000034,801750.SI,计算机,20170703
000158,801750.SI,计算机,20170703
000997,801750.SI,计算机,20140221
000938,801750.SI,计算机,20140221
000503,801750.SI,计算机,20211213
300766,801750.SI,计算机,20211228
301248,801750.SI,计算机,20220427
300020,801750.SI,计算机,20140221
300033,801750.SI,计算机,20140221
300036,801750.SI,计算机,20140221
300047,801750.SI,计算机,20140221
300155,801750.SI,计算机,20140221
300166,801750.SI,计算机,20140221
300170,801750.SI,计算机,20140221
300188,801750.SI,计算机,20140221
300212,801750.SI,计算机,20140221
300231,801750.SI,计算机,20140221
300235,801750.SI,计算机,20140221
300245,801750.SI,计算机,20140221
300248,801750.SI,计算机,20140221
300253,801750.SI,计算机,20140221
300271,801750.SI,计算机,20140221
300287,801750.SI,计算机,20140221
300290,801750.SI,计算机,20140221
300300,801750.SI,计算机,20140221
300302,801750.SI,计算机,20140221
300311,801750.SI,计算机,20140221
300324,801750.SI,计算机,20140221
300333,801750.SI,计算机,20140221
300339,801750.SI,计算机,20140221
300348,801750.SI,计算机,20140221
300352,801750.SI,计算机,20140221
300365,801750.SI,计算机,20140221
300366,801750.SI,计算机,20140221
300368,801750.SI,计算机,20140221
300369,801750.SI,计算机,20140221
300377,801750.SI,计算机,20140221
300378,801750.SI,计算机,20140221
300380,801750.SI,计算机,20140221
300448,801750.SI,计算机,20150504
300440,801750.SI,计算机,20150430
300386,801750.SI,计算机,20140703
300399,801750.SI,计算机,20141016
300419,801750.SI,计算机,20150129
300449,801750.SI,计算机,20150429
300465,801750.SI,计算机,20150604
300469,801750.SI,计算机,20150618
300451,801750.SI,计算机,20150521
300479,801750.SI,计算机,20150619
300455,801750.SI,计算机,20150522
300468,801750.SI,计算机,20150603
300462,801750.SI,计算机,20150603
300541,801750.SI,计算机,20160922
300542,801750.SI,计算机,20160927
300496,801750.SI,计算机,20151217
300508,801750.SI,计算机,20160428
300520,801750.SI,计算机,20160715
300525,801750.SI,计算机,20160802
300523,801750.SI,计算机,20160802
300608,801750.SI,计算机,20170220
300550,801750.SI,计算机,20161025
300552,801750.SI,计算机,20161028
300609,801750.SI,计算机,20170222
300532,801750.SI,计算机,20160825
300730,801750.SI,计算机,20171212
300588,801750.SI,计算机,20170112
300605,801750.SI,计算机,20170215
300579,801750.SI,计算机,20161230
300556,801750.SI,计算机,20161111
300598,801750.SI,计算机,20170203
300559,801750.SI,计算机,20161108
300561,801750.SI,计算机,20161124
300624,801750.SI,计算机,20180125
300682,801750.SI,计算机,20170808
300687,801750.SI,计算机,20170810
300663,801750.SI,计算机,20170615
300645,801750.SI,计算机,20170428
300454,801750.SI,计算机,20180523
300674,801750.SI,计算机,20181114
300678,801750.SI,计算机,20170804
300250,801750.SI,计算机,20180716
300830,801750.SI,计算机,20200513
300634,801750.SI,计算机,20180404
300771,801750.SI,计算机,20190429
300845,801750.SI,计算机,20200710
300803,801750.SI,计算机,20191125
300768,801750.SI,计算机,20190419
300846,801750.SI,计算机,20200708
300546,801750.SI,计算机,20161013
300270,801750.SI,计算机,20140221
300150,801750.SI,计算机,20140221
300130,801750.SI,计算机,20140221
300085,801750.SI,计算机,20140221
300079,801750.SI,计算机,20140221
300264,801750.SI,计算机,20140221
300925,801750.SI,计算机,20210107
300895,801750.SI,计算机,20201009
300807,801750.SI,计算机,20191226
300789,801750.SI,计算机,20190906
300078,801750.SI,计算机,20200908
301178,801750.SI,计算机,20211119
300551,801750.SI,计算机,20210519
300996,801750.SI,计算机,20210610
300872,801750.SI,计算机,20200831
300884,801750.SI,计算机,20201119
300941,801750.SI,计算机,20210223
301236,801750.SI,计算机,20220322
301042,801750.SI,计算机,20210812
301185,801750.SI,计算机,20211126
301085,801750.SI,计算机,20211025
300935,801750.SI,计算机,20210127
301159,801750.SI,计算机,20220114
300691,801750.SI,计算机,20211213
300167,801750.SI,计算机,20140221
300168,801750.SI,计算机,20140221
300229,801750.SI,计算机,20140221
300659,801750.SI,计算机,20170606
300017,801750.SI,计算机,20211213
301339,801750.SI,计算机,20220919
301153,801750.SI,计算机,20220525
301195,801750.SI,计算机,20220808
301270,801750.SI,计算机,20220907
300275,801750.SI,计算机,20220801
301330,801750.SI,计算机,20220824
301396,801750.SI,计算机,20221118
301269,801750.SI,计算机,20220805
301117,801750.SI,计算机,20220124
301218,801750.SI,计算机,20220314
301162,801750.SI,计算机,20220511
300226,801750.SI,计算机,20211213
300531,801750.SI,计算机,20211213
300743,801750.SI,计算机,20211213
300790,801750.SI,计算机,20211213
301095,801750.SI,计算机,20220812
301316,801750.SI,计算机,20221020
301208,801750.SI,计算机,20220714
301318,801750.SI,计算机,20220817
300277,801750.SI,计算机,20140221
300288,801750.SI,计算机,20170703
300074,801750.SI,计算机,20140221
300075,801750.SI,计算机,20140221
300042,801750.SI,计算机,20140221
300044,801750.SI,计算机,20140221
300096,801750.SI,计算机,20140221
300249,801750.SI,计算机,20211213
301391,801750.SI,计算机,20221208
600654,801750.SI,计算机,20221227
002180,801750.SI,计算机,20230320
301378,801750.SI,计算机,20230327
002908,801750.SI,计算机,20230524
301337,801750.SI,计算机,20230602
301315,801750.SI,计算机,20230630
301503,801750.SI,计算机,20230724
301172,801750.SI,计算机,20230802
688168,801750.SI,计算机,20230925
688619,801750.SI,计算机,20230925
688316,801750.SI,计算机,20230925
688588,801750.SI,计算机,20230925
688244,801750.SI,计算机,20230925
688500,801750.SI,计算机,20230925
688258,801750.SI,计算机,20230925
688475,801750.SI,计算机,20230925
688206,801750.SI,计算机,20230925
688058,801750.SI,计算机,20230925
688296,801750.SI,计算机,20230925
688787,801750.SI,计算机,20230925
688561,801750.SI,计算机,20230925
688568,801750.SI,计算机,20230925
688651,801750.SI,计算机,20230925
688004,801750.SI,计算机,20230925
688051,801750.SI,计算机,20230925
688288,801750.SI,计算机,20230925
688038,801750.SI,计算机,20230925
688479,801750.SI,计算机,20230925
688083,801750.SI,计算机,20230925
688225,801750.SI,计算机,20230925
688088,801750.SI,计算机,20230925
688208,801750.SI,计算机,20230925
688326,801750.SI,计算机,20230925
688095,801750.SI,计算机,20230925
688228,801750.SI,计算机,20230925
688111,801750.SI,计算机,20230925
688031,801750.SI,计算机,20230925
688509,801750.SI,计算机,20230925
688207,801750.SI,计算机,20230925
688171,801750.SI,计算机,20230925
688109,801750.SI,计算机,20230925
688023,801750.SI,计算机,20230925
688232,801750.SI,计算机,20230925
688118,801750.SI,计算机,20230925
688229,801750.SI,计算机,20230925
688152,801750.SI,计算机,20230925
688365,801750.SI,计算机,20230925
688158,801750.SI,计算机,20230925
688507,801750.SI,计算机,20230925
688631,801750.SI,计算机,20230925
688291,801750.SI,计算机,20230925
688489,801750.SI,计算机,20230925
688246,801750.SI,计算机,20230925
688078,801750.SI,计算机,20230925
688435,801750.SI,计算机,20230925
688369,801750.SI,计算机,20230925
688327,801750.SI,计算机,20230925
688039,801750.SI,计算机,20230925
688201,801750.SI,计算机,20230925
688227,801750.SI,计算机,20230925
688060,801750.SI,计算机,20230925
688030,801750.SI,计算机,20230925
688579,801750.SI,计算机,20230925
688343,801750.SI,计算机,20230925
688066,801750.SI,计算机,20230925
688562,801750.SI,计算机,20230925
688590,801750.SI,计算机,20230925
688318,801750.SI,计算机,20230925
688251,801750.SI,计算机,20230925
688188,801750.SI,计算机,20230925
688657,801750.SI,计算机,20231017
301589,801750.SI,计算机,20240223
688695,801750.SI,计算机,20240320
688292,801750.SI,计算机,20240522
688692,801750.SI,计算机,20240619
600589,801750.SI,计算机,20240725
000815,801750.SI,计算机,20240731
300847,801750.SI,计算机,20240731
301182,801750.SI,计算机,20240731
600288,801750.SI,计算机,20240731
002869,801750.SI,计算机,20240731
301608,801750.SI,计算机,20240808
301600,801750.SI,计算机,20240920
688615,801750.SI,计算机,20241010
301556,801750.SI,计算机,20241024
300209,801750.SI,计算机,20241223
301638,801750.SI,计算机,20251125
600666,801750.SI,计算机,20260702
300536,801750.SI,计算机,20260702
002229,801750.SI,计算机,20260702
000156,801760.SI,传媒,20140221
000607,801760.SI,传媒,20150701
000665,801760.SI,传媒,20140221
000676,801760.SI,传媒,20170703
000681,801760.SI,传媒,20140702
000719,801760.SI,传媒,20140221
000793,801760.SI,传媒,20260623
000802,801760.SI,传媒,20160701
000892,801760.SI,传媒,20160701
000917,801760.SI,传媒,20140221
001330,801760.SI,传媒,20220825
002027,801760.SI,传媒,20160701
002095,801760.SI,传媒,20140221
002174,801760.SI,传媒,20140702
002181,801760.SI,传媒,20140221
002238,801760.SI,传媒,20140221
002264,801760.SI,传媒,20231211
002291,801760.SI,传媒,20211213
002292,801760.SI,传媒,20140221
002343,801760.SI,传媒,20160701
002354,801760.SI,传媒,20201209
002400,801760.SI,传媒,20140221
002425,801760.SI,传媒,20170703
002517,801760.SI,传媒,20160701
002555,801760.SI,传媒,20140702
002558,801760.SI,传媒,20170602
002602,801760.SI,传媒,20170703
002605,801760.SI,传媒,20211213
002624,801760.SI,传媒,20160219
002712,801760.SI,传媒,20140221
002739,801760.SI,传媒,20150129
002878,801760.SI,传媒,20220801
002905,801760.SI,传媒,20171023
002919,801760.SI,传媒,20230919
002995,801760.SI,传媒,20200812
300002,801760.SI,传媒,20211213
300027,801760.SI,传媒,20140221
300031,801760.SI,传媒,20170703
300043,801760.SI,传媒,20140702
300052,801760.SI,传媒,20140221
300058,801760.SI,传媒,20140221
300061,801760.SI,传媒,20180716
300063,801760.SI,传媒,20160701
300071,801760.SI,传媒,20211231
300113,801760.SI,传媒,20140221
300133,801760.SI,传媒,20140221
300148,801760.SI,传媒,20140221
300182,801760.SI,传媒,20190708
300242,801760.SI,传媒,20160219
300251,801760.SI,传媒,20140221
300291,801760.SI,传媒,20140221
300295,801760.SI,传媒,20140221
300299,801760.SI,传媒,20170703
300315,801760.SI,传媒,20140221
300364,801760.SI,传媒,20150128
300413,801760.SI,传媒,20190708
300418,801760.SI,传媒,20150128
300426,801760.SI,传媒,20150303
300459,801760.SI,传媒,20180716
300467,801760.SI,传媒,20170703
300494,801760.SI,传媒,20160108
300528,801760.SI,传媒,20160815
300533,801760.SI,传媒,20160825
300612,801760.SI,传媒,20170222
300654,801760.SI,传媒,20171010
300770,801760.SI,传媒,20190426
300781,801760.SI,传媒,20190614
300785,801760.SI,传媒,20190906
300788,801760.SI,传媒,20190725
300805,801760.SI,传媒,20191128
300987,801760.SI,传媒,20210518
301025,801760.SI,传媒,20210726
301052,801760.SI,传媒,20210906
301102,801760.SI,传媒,20220406
301171,801760.SI,传媒,20220826
301231,801760.SI,传媒,20220916
301262,801760.SI,传媒,20230629
301299,801760.SI,传媒,20221026
301313,801760.SI,传媒,20221014
301551,801760.SI,传媒,20241010
600037,801760.SI,传媒,20140221
600088,801760.SI,传媒,20140221
600228,801760.SI,传媒,20210824
600229,801760.SI,传媒,20160701
600358,801760.SI,传媒,20211213
600373,801760.SI,传媒,20140221
600551,801760.SI,传媒,20140221
600556,801760.SI,传媒,20200908
600633,801760.SI,传媒,20140221
600637,801760.SI,传媒,20140221
600640,801760.SI,传媒,20170602
600715,801760.SI,传媒,20241217
600757,801760.SI,传媒,20140221
600825,801760.SI,传媒,20140221
600831,801760.SI,传媒,20140221
600892,801760.SI,传媒,20160701
600936,801760.SI,传媒,20160822
600959,801760.SI,传媒,20150506
600977,801760.SI,传媒,20160816
600986,801760.SI,传媒,20170703
600996,801760.SI,传媒,20170103
601019,801760.SI,传媒,20171129
601098,801760.SI,传媒,20140221
601595,801760.SI,传媒,20160824
601801,801760.SI,传媒,20140221
601811,801760.SI,传媒,20160815
601858,801760.SI,传媒,20170125
601900,801760.SI,传媒,20160222
601921,801760.SI,传媒,20210730
601928,801760.SI,传媒,20140221
601929,801760.SI,传媒,20140221
601949,801760.SI,传媒,20170828
601999,801760.SI,传媒,20140221
603000,801760.SI,传媒,20140221
603096,801760.SI,传媒,20170503
603103,801760.SI,传媒,20171019
603230,801760.SI,传媒,20211231
603258,801760.SI,传媒,20161102
603444,801760.SI,传媒,20170111
603466,801760.SI,传媒,20220118
603533,801760.SI,传媒,20170928
603598,801760.SI,传媒,20150603
603602,801760.SI,传媒,20260306
603721,801760.SI,传媒,20170818
603729,801760.SI,传媒,20150331
603825,801760.SI,传媒,20170809
603888,801760.SI,传媒,20161104
603999,801760.SI,传媒,20151217
605168,801760.SI,传媒,20200604
605577,801760.SI,传媒,20210831
000063,801770.SI,通信,20140221
000070,801770.SI,通信,20140221
000586,801770.SI,通信,20140221
000839,801770.SI,通信,20220801
000889,801770.SI,通信,20160701
001267,801770.SI,通信,20260702
002017,801770.SI,通信,20140221
002104,801770.SI,通信,20140221
002115,801770.SI,通信,20140221
002123,801770.SI,通信,20211213
002148,801770.SI,通信,20220809
002194,801770.SI,通信,20140221
002281,801770.SI,通信,20140221
002296,801770.SI,通信,20211213
002313,801770.SI,通信,20140221
002396,801770.SI,通信,20140221
002467,801770.SI,通信,20140221
002491,801770.SI,通信,20140221
002544,801770.SI,通信,20140221
002583,801770.SI,通信,20140221
002792,801770.SI,通信,20160420
002796,801770.SI,通信,20220801
002881,801770.SI,通信,20240731
002897,801770.SI,通信,20170914
002902,801770.SI,通信,20190708
002929,801770.SI,通信,20180308
003031,801770.SI,通信,20210111
003040,801770.SI,通信,20210329
300025,801770.SI,通信,20140221
300081,801770.SI,通信,20140221
300098,801770.SI,通信,20240731
300134,801770.SI,通信,20140221
300183,801770.SI,通信,20180716
300205,801770.SI,通信,20140221
300211,801770.SI,通信,20140221
300213,801770.SI,通信,20140221
300292,801770.SI,通信,20211213
300308,801770.SI,通信,20180716
300310,801770.SI,通信,20140221
300353,801770.SI,通信,20140221
300383,801770.SI,通信,20230706
300394,801770.SI,通信,20180716
300414,801770.SI,通信,20180716
300442,801770.SI,通信,20230706
300502,801770.SI,通信,20180716
300504,801770.SI,通信,20180410
300513,801770.SI,通信,20190708
300548,801770.SI,通信,20161019
300555,801770.SI,通信,20161025
300560,801770.SI,通信,20161108
300563,801770.SI,通信,20161121
300565,801770.SI,通信,20161129
300570,801770.SI,通信,20161213
300571,801770.SI,通信,20161220
300578,801770.SI,通信,20170208
300590,801770.SI,通信,20170118
300597,801770.SI,通信,20170206
300603,801770.SI,通信,20170209
300615,801770.SI,通信,20170222
300620,801770.SI,通信,20170317
300627,801770.SI,通信,20190708
300628,801770.SI,通信,20170413
300638,801770.SI,通信,20170420
300689,801770.SI,通信,20170816
300698,801770.SI,通信,20170907
300710,801770.SI,通信,20171026
300711,801770.SI,通信,20171108
300738,801770.SI,通信,20230706
300913,801770.SI,通信,20201214
300921,801770.SI,通信,20201229
300959,801770.SI,通信,20210329
301139,801770.SI,通信,20220715
301165,801770.SI,通信,20221128
301191,801770.SI,通信,20220602
301202,801770.SI,通信,20230712
301205,801770.SI,通信,20220920
301314,801770.SI,通信,20230404
301380,801770.SI,通信,20221101
301382,801770.SI,通信,20230524
301419,801770.SI,通信,20230216
301428,801770.SI,通信,20230526
301577,801770.SI,通信,20240131
600050,801770.SI,通信,20140221
600105,801770.SI,通信,20140221
600198,801770.SI,通信,20220801
600289,801770.SI,通信,20140221
600345,801770.SI,通信,20140221
600487,801770.SI,通信,20140221
600498,801770.SI,通信,20140221
600522,801770.SI,通信,20140221
600734,801770.SI,通信,20220217
600775,801770.SI,通信,20140221
600776,801770.SI,通信,20140221
600941,801770.SI,通信,20220112
601728,801770.SI,通信,20210827
601869,801770.SI,通信,20180727
603042,801770.SI,通信,20170609
603083,801770.SI,通信,20171117
603118,801770.SI,通信,20150304
603206,801770.SI,通信,20220513
603220,801770.SI,通信,20181122
603236,801770.SI,通信,20190723
603322,801770.SI,通信,20160804
603421,801770.SI,通信,20161018
603559,801770.SI,通信,20241227
603803,801770.SI,通信,20170427
603881,801770.SI,通信,20230706
688027,801770.SI,通信,20230925
688080,801770.SI,通信,20230925
688100,801770.SI,通信,20230925
688143,801770.SI,通信,20230925
688159,801770.SI,通信,20230925
688182,801770.SI,通信,20230925
688205,801770.SI,通信,20230925
688283,801770.SI,通信,20230925
688313,801770.SI,通信,20230925
688387,801770.SI,通信,20230925
688418,801770.SI,通信,20230925
688592,801770.SI,通信,20240326
688618,801770.SI,通信,20230925
688635,801770.SI,通信,20260603
688668,801770.SI,通信,20230925
000552,801950.SI,煤炭,19991230
000571,801950.SI,煤炭,19991230
000723,801950.SI,煤炭,19991230
000937,801950.SI,煤炭,19991230
000983,801950.SI,煤炭,20000802
002128,801950.SI,煤炭,20070425
600121,801950.SI,煤炭,19991230
600123,801950.SI,煤炭,19991230
600188,801950.SI,煤炭,19991230
600348,801950.SI,煤炭,20030828
600395,801950.SI,煤炭,20010607
600403,801950.SI,煤炭,20031016
600408,801950.SI,煤炭,20030219
600508,801950.SI,煤炭,20010905
600546,801950.SI,煤炭,20030807
600725,801950.SI,煤炭,19991230
600740,801950.SI,煤炭,19991230
600758,801950.SI,煤炭,19991230
600792,801950.SI,煤炭,19991230
600925,801950.SI,煤炭,20230406
600971,801950.SI,煤炭,20040824
600985,801950.SI,煤炭,20040512
600997,801950.SI,煤炭,20040609
601001,801950.SI,煤炭,20060630
601011,801950.SI,煤炭,20110316
601015,801950.SI,煤炭,20141112
601088,801950.SI,煤炭,20071016
601101,801950.SI,煤炭,20100408
601225,801950.SI,煤炭,20140211
601666,801950.SI,煤炭,20061130
601699,801950.SI,煤炭,20060929
601898,801950.SI,煤炭,20080215
601918,801950.SI,煤炭,20071226
000059,801960.SI,石油石化,19991230
000096,801960.SI,石油石化,20000731
000301,801960.SI,石油石化,20000605
000554,801960.SI,石油石化,19991230
000637,801960.SI,石油石化,19991230
000698,801960.SI,石油石化,19991230
000703,801960.SI,石油石化,19991230
000819,801960.SI,石油石化,19991230
000968,801960.SI,石油石化,20000629
000985,801960.SI,石油石化,20000802
001316,801960.SI,石油石化,20220701
002207,801960.SI,石油石化,20080204
002221,801960.SI,石油石化,20080313
002377,801960.SI,石油石化,20240731
002408,801960.SI,石油石化,20100525
002476,801960.SI,石油石化,20100927
002493,801960.SI,石油石化,20101109
002554,801960.SI,石油石化,20110304
002629,801960.SI,石油石化,20111110
002828,801960.SI,石油石化,20161215
002986,801960.SI,石油石化,20200609
300055,801960.SI,石油石化,20240731
300135,801960.SI,石油石化,20101102
300164,801960.SI,石油石化,20110120
300191,801960.SI,石油石化,20110323
300839,801960.SI,石油石化,20200707
600028,801960.SI,石油石化,20010815
600256,801960.SI,石油石化,20000602
600339,801960.SI,石油石化,20010102
600346,801960.SI,石油石化,20010827
600506,801960.SI,石油石化,20220801
600583,801960.SI,石油石化,20020226
600688,801960.SI,石油石化,19991230
600759,801960.SI,石油石化,20231226
600777,801960.SI,石油石化,19991230
600800,801960.SI,石油石化,19991230
600871,801960.SI,石油石化,19991230
600938,801960.SI,石油石化,20220428
600968,801960.SI,石油石化,20190703
601233,801960.SI,石油石化,20110525
601808,801960.SI,石油石化,20071012
601857,801960.SI,石油石化,20071112
603223,801960.SI,石油石化,20220801
603353,801960.SI,石油石化,20200414
603619,801960.SI,石油石化,20171124
603727,801960.SI,石油石化,20161129
603798,801960.SI,石油石化,20160413
000035,801970.SI,环保,19991230
000068,801970.SI,环保,19991230
000544,801970.SI,环保,19991230
000546,801970.SI,环保,20240731
000551,801970.SI,环保,19991230
000598,801970.SI,环保,19991230
000605,801970.SI,环保,19991230
000685,801970.SI,环保,19991230
000711,801970.SI,环保,20231219
000803,801970.SI,环保,20250813
000820,801970.SI,环保,20130502
000826,801970.SI,环保,19991230
000885,801970.SI,环保,20240522
000890,801970.SI,环保,20220801
000967,801970.SI,环保,20000406
001230,801970.SI,环保,20220722
001336,801970.SI,环保,20220801
002034,801970.SI,环保,20040902
002210,801970.SI,环保,20220801
002266,801970.SI,环保,20080813
002573,801970.SI,环保,20110429
002645,801970.SI,环保,20111227
002658,801970.SI,环保,20120316
002672,801970.SI,环保,20120507
002778,801970.SI,环保,20220801
002887,801970.SI,环保,20170808
002973,801970.SI,环保,20200113
003027,801970.SI,环保,20201225
003039,801970.SI,环保,20210315
300056,801970.SI,环保,20100305
300070,801970.SI,环保,20100428
300105,801970.SI,环保,20250513
300137,801970.SI,环保,20101112
300140,801970.SI,环保,20240731
300152,801970.SI,环保,20110106
300172,801970.SI,环保,20110215
300187,801970.SI,环保,20110315
300190,801970.SI,环保,20110323
300203,801970.SI,环保,20110422
300210,801970.SI,环保,20110504
300266,801970.SI,环保,20111011
300334,801970.SI,环保,20120712
300385,801970.SI,环保,20140703
300388,801970.SI,环保,20140808
300422,801970.SI,环保,20150303
300425,801970.SI,环保,20150302
300437,801970.SI,环保,20150430
300614,801970.SI,环保,20210601
300631,801970.SI,环保,20170407
300664,801970.SI,环保,20180112
300692,801970.SI,环保,20170828
300774,801970.SI,环保,20210811
300779,801970.SI,环保,20190529
300786,801970.SI,环保,20190906
300800,801970.SI,环保,20191218
300815,801970.SI,环保,20200207
300854,801970.SI,环保,20210927
300864,801970.SI,环保,20200831
300867,801970.SI,环保,20200831
300899,801970.SI,环保,20201023
300929,801970.SI,环保,20210127
300958,801970.SI,环保,20210406
300961,801970.SI,环保,20210407
301049,801970.SI,环保,20210831
301068,801970.SI,环保,20211012
301081,801970.SI,环保,20211027
301109,801970.SI,环保,20220420
301127,801970.SI,环保,20220107
301148,801970.SI,环保,20220428
301175,801970.SI,环保,20220715
301203,801970.SI,环保,20230412
301259,801970.SI,环保,20220506
301265,801970.SI,环保,20221223
301288,801970.SI,环保,20220429
301305,801970.SI,环保,20230530
301372,801970.SI,环保,20230818
301500,801970.SI,环保,20240731
301519,801970.SI,环保,20230803
600008,801970.SI,环保,20000511
600133,801970.SI,环保,20250113
600168,801970.SI,环保,19991230
600187,801970.SI,环保,20090430
600217,801970.SI,环保,19991230
600283,801970.SI,环保,20001025
600323,801970.SI,环保,20010102
600388,801970.SI,环保,20010108
600461,801970.SI,环保,20040608
600526,801970.SI,环保,20020729
600769,801970.SI,环保,19991230
600796,801970.SI,环保,20220801
600817,801970.SI,环保,20220801
600874,801970.SI,环保,19991230
601033,801970.SI,环保,20240125
601158,801970.SI,环保,20100406
601199,801970.SI,环保,20110324
601200,801970.SI,环保,20170411
601330,801970.SI,环保,20180619
601368,801970.SI,环保,20150619
601827,801970.SI,环保,20200612
603126,801970.SI,环保,20140807
603177,801970.SI,环保,20170214
603200,801970.SI,环保,20170608
603282,801970.SI,环保,20230322
603291,801970.SI,环保,20230403
603315,801970.SI,环保,20220801
603324,801970.SI,环保,20210414
603568,801970.SI,环保,20150604
603588,801970.SI,环保,20150107
603686,801970.SI,环保,20150202
603759,801970.SI,环保,20210402
603797,801970.SI,环保,20170420
603817,801970.SI,环保,20170227
603903,801970.SI,环保,20170321
605069,801970.SI,环保,20210823
688057,801970.SI,环保,20230925
688069,801970.SI,环保,20230925
688096,801970.SI,环保,20230925
688101,801970.SI,环保,20230925
688178,801970.SI,环保,20230925
688309,801970.SI,环保,20230925
688335,801970.SI,环保,20230925
688370,801970.SI,环保,20230925
688376,801970.SI,环保,20230925
688466,801970.SI,环保,20230925
688480,801970.SI,环保,20230925
688501,801970.SI,环保,20230925
688565,801970.SI,环保,20230925
688671,801970.SI,环保,20230925
688679,801970.SI,环保,20230925
688701,801970.SI,环保,20230925
000615,801980.SI,美容护理,20251230
001206,801980.SI,美容护理,20210525
001328,801980.SI,美容护理,20230417
002094,801980.SI,美容护理,20061222
002511,801980.SI,美容护理,20101202
003006,801980.SI,美容护理,20200928
300132,801980.SI,美容护理,20101102
300658,801980.SI,美容护理,20170609
300740,801980.SI,美容护理,20180222
300849,801980.SI,美容护理,20200717
300856,801980.SI,美容护理,20200729
300888,801980.SI,美容护理,20200924
300896,801980.SI,美容护理,20201013
300955,801980.SI,美容护理,20210331
300957,801980.SI,美容护理,20210401
301009,801980.SI,美容护理,20210624
301108,801980.SI,美容护理,20211210
301371,801980.SI,美容护理,20230808
600223,801980.SI,美容护理,20240206
600249,801980.SI,美容护理,20040206
600315,801980.SI,美容护理,20010322
603059,801980.SI,美容护理,20180309
603193,801980.SI,美容护理,20231024
603605,801980.SI,美容护理,20171122
603630,801980.SI,美容护理,20170320
603983,801980.SI,美容护理,20190801
605009,801980.SI,美容护理,20200918
688363,801980.SI,美容护理,20230925
