symbol,date,close,ret,vol,amount
000001,2025-09-18,11.41,-0.019759,1386160.4,1594827.2
000002,2025-09-18,6.77,-0.039716,2552968.64,1748915.147
000004,2025-09-18,10.82,-0.043324,93656.24,103527.678
000006,2025-09-18,7.77,-0.034783,815379.08,649362.102
000007,2025-09-18,7.23,-0.029529999999999997,90627.0,66259.987
000008,2025-09-18,2.96,-0.013333,969575.31,288647.302
000009,2025-09-18,10.41,-0.025280999999999998,531222.2,559183.874
000010,2025-09-18,4.77,-0.018519,462096.0,223128.158
000011,2025-09-18,9.15,-0.025559,150037.0,137865.299
000012,2025-09-18,4.68,-0.012658,209558.94,98491.699
000014,2025-09-18,16.77,0.028834,216043.34,359123.503
000016,2025-09-18,5.57,0.005415,1046642.83,591335.401
000017,2025-09-18,6.68,-0.037464,290021.9,196868.837
000019,2025-09-18,6.78,-0.017391,133095.95,91279.385
000020,2025-09-18,13.71,-0.013669,35499.02,48911.004
000021,2025-09-18,21.92,0.010604,1439322.54,3198960.654
000025,2025-09-18,17.61,-0.036652,145270.68,259576.536
000026,2025-09-18,17.35,-0.025828000000000004,94275.0,165765.578
000027,2025-09-18,6.43,-0.015314000000000001,240291.24,155246.608
000028,2025-09-18,26.39,0.024457,153398.53,404127.751
000029,2025-09-18,27.89,0.014551000000000001,112582.48,320240.448
000030,2025-09-18,5.65,-0.017391,216612.67,124238.831
000031,2025-09-18,3.33,-0.031977000000000005,253107.05,85458.121
000032,2025-09-18,22.94,0.004378,339720.79,788575.162
000034,2025-09-18,45.34,0.041581,887593.81,4030221.15
000035,2025-09-18,4.83,-0.024242,491500.95,240076.083
000036,2025-09-18,4.41,-0.051613,337862.58,153034.645
000037,2025-09-18,8.66,-0.025872000000000003,80441.0,70217.718
000039,2025-09-18,7.79,-0.020125999999999998,415668.81,326996.259
000042,2025-09-18,8.12,-0.026379,104116.02,85467.505
000045,2025-09-18,12.11,-0.026527,447434.95,551096.196
000048,2025-09-18,17.1,-0.006392,183589.18,315193.665
000049,2025-09-18,27.19,-0.029967999999999998,265620.39,730691.084
000050,2025-09-18,9.69,-0.012232,277765.13,271726.023
000055,2025-09-18,4.37,-0.041666999999999996,335114.35,149669.435
000056,2025-09-18,3.02,-0.044303999999999996,2031137.04,627505.617
000058,2025-09-18,9.39,-0.018809,130805.86,124271.902
000059,2025-09-18,5.2,-0.022556,272043.0,142931.036
000060,2025-09-18,5.2,-0.042357,1164375.57,613341.235
000061,2025-09-18,9.34,0.028634,628365.24,589687.9
000062,2025-09-18,29.8,-0.010624,364544.86,1100240.341
000063,2025-09-18,44.25,0.0027189999999999996,2507808.18,11268108.215
000065,2025-09-18,11.05,-0.022989000000000002,205662.57,229890.923
000066,2025-09-18,16.64,0.000601,1675943.8,2827325.159
000068,2025-09-18,3.71,-0.023683999999999997,188543.37,70626.579
000069,2025-09-18,2.49,-0.034884,1559764.04,394144.891
000070,2025-09-18,11.12,0.018314999999999998,761038.42,845574.149
000078,2025-09-18,2.7,0.0,573563.74,155477.372
000088,2025-09-18,4.48,-0.011038,316973.93,142489.785
000089,2025-09-18,7.06,-0.019444,172383.66,122779.089
000090,2025-09-18,3.71,-0.028796,458770.58,172274.038
000096,2025-09-18,11.51,-0.020426000000000003,74057.87,85884.161
000099,2025-09-18,22.35,-0.027837999999999998,253664.36,575482.535
000100,2025-09-18,4.42,0.011442,7593696.14,3374852.292
000151,2025-09-18,12.98,-0.014427,109826.23,143544.884
000153,2025-09-18,6.65,-0.008942,83733.0,55940.172
000155,2025-09-18,10.33,-0.022706,353185.91,368886.374
000156,2025-09-18,7.95,-0.019729,187779.17,150958.66
000157,2025-09-18,7.61,-0.012969999999999999,2131656.33,1636141.26
000158,2025-09-18,24.25,-0.006148,954439.64,2338746.649
000159,2025-09-18,5.7,-0.032258,196452.1,113376.107
000166,2025-09-18,5.2,-0.029851000000000003,1446349.51,761931.285
000301,2025-09-18,9.65,-0.021297999999999997,157339.77,152484.696
000333,2025-09-18,73.74,-0.008204,600840.03,4452255.641
000338,2025-09-18,14.17,-0.007703,957241.94,1363723.041
000400,2025-09-18,23.73,-0.014943999999999999,384408.74,918334.291
000401,2025-09-18,4.92,-0.017964,144602.28,71599.902
000402,2025-09-18,3.21,-0.041791,751013.88,245278.135
000403,2025-09-18,17.26,-0.007476,86230.86,149806.257
000404,2025-09-18,7.36,0.001361,224410.5,166454.518
000407,2025-09-18,3.68,-0.005405,447554.38,165895.622
000408,2025-09-18,53.77,-0.029422,105790.02,573563.538
000409,2025-09-18,11.76,-0.017544,159935.67,189960.03
000410,2025-09-18,7.25,-0.021591999999999997,268645.01,196926.49
000411,2025-09-18,11.26,-0.008803,68723.83,77874.191
000415,2025-09-18,3.71,-0.031332,1438791.77,537020.058
000417,2025-09-18,6.11,-0.023961999999999997,251456.45,155570.143
000419,2025-09-18,6.0,-0.021206999999999997,111384.86,67510.353
000420,2025-09-18,4.29,0.0070420000000000005,1360803.11,591053.335
000421,2025-09-18,6.38,-0.015432,86469.81,55509.242
000422,2025-09-18,13.71,-0.046592,435223.5,606584.592
000423,2025-09-18,47.53,-0.00189,105085.89,500965.578
000425,2025-09-18,9.93,-0.00997,737903.17,733924.143
000426,2025-09-18,24.17,-0.0332,534721.83,1307551.514
000428,2025-09-18,4.12,0.061856,1455402.59,603365.126
000429,2025-09-18,10.76,-0.014652,173089.95,186463.145
000430,2025-09-18,7.76,-0.018963,76001.0,59466.047
000488,2025-09-18,2.19,-0.022321,282954.36,62409.24
000498,2025-09-18,6.13,-0.020767,194281.72,120198.763
000501,2025-09-18,10.56,-0.031193,250775.8,268574.647
000503,2025-09-18,10.57,0.031219999999999998,568699.68,610097.802
000504,2025-09-18,9.67,-0.033,40510.0,39555.404
000505,2025-09-18,6.63,-0.013392999999999999,104405.16,69762.913
000506,2025-09-18,9.63,-0.035070000000000004,299797.0,290845.515
000507,2025-09-18,5.43,-0.018083000000000002,123991.28,67769.679
000509,2025-09-18,3.21,-0.021341000000000002,204681.98,66440.346
000510,2025-09-18,5.16,-0.024575,235904.02,123005.346
000513,2025-09-18,39.55,-0.003527,74891.47,298216.702
000514,2025-09-18,5.61,-0.050761,467807.51,267910.665
000516,2025-09-18,5.04,-0.015625,348824.0,176736.391
000517,2025-09-18,2.2,-0.013453,672968.89,151437.876
000518,2025-09-18,2.32,-0.008547,142326.64,33258.947
000519,2025-09-18,17.96,-0.017505,366287.57,665335.725
000520,2025-09-18,4.58,-0.031712,238342.97,110376.06
000521,2025-09-18,7.48,-0.014493,163234.3,123064.577
000523,2025-09-18,3.35,-0.020468,252421.57,85233.506
000524,2025-09-18,15.36,0.024683,397860.8,601377.287
000525,2025-09-18,6.59,-0.020802,276770.0,183156.811
000526,2025-09-18,47.31,0.004885,30613.32,144342.59
000528,2025-09-18,11.03,-0.019556,597796.5,665036.617
000529,2025-09-18,6.2,-0.025157,117869.65,73672.873
000530,2025-09-18,6.4,-0.021407,265275.76,171864.03
000531,2025-09-18,6.09,-0.0256,94288.2,58011.19
000532,2025-09-18,14.98,-0.018991,98384.0,148331.002
000533,2025-09-18,7.0,-0.016854,251905.0,178118.677
000534,2025-09-18,15.97,0.0006270000000000001,145102.96,234007.984
000536,2025-09-18,5.06,-0.017476000000000002,1494492.09,771071.367
000537,2025-09-18,8.9,-0.015486999999999999,206893.2,184790.069
000538,2025-09-18,58.49,-0.00814,119655.96,702923.296
000539,2025-09-18,4.78,0.017020999999999998,594068.5,281692.332
000541,2025-09-18,6.68,-0.011834,303021.98,204764.443
000543,2025-09-18,7.19,-0.006906,357137.14,257760.88
000544,2025-09-18,8.5,-0.019608,81956.05,70216.175
000545,2025-09-18,3.41,-0.03125,568898.44,196697.788
000546,2025-09-18,5.04,-0.028902,229916.0,117076.588
000547,2025-09-18,7.73,-0.015287,248604.0,194163.343
000548,2025-09-18,5.41,-0.023466,94064.38,51350.469
000550,2025-09-18,20.72,-0.017078,56745.28,118515.159
000551,2025-09-18,11.48,-0.0008699999999999999,140137.01,162915.893
000552,2025-09-18,2.56,-0.011583000000000001,723835.31,186696.038
000553,2025-09-18,6.58,-0.022288000000000002,73592.05,48991.044
000554,2025-09-18,6.72,-0.027496,240894.05,163530.533
000555,2025-09-18,14.17,0.0,401500.81,575168.381
000557,2025-09-18,5.28,-0.025830000000000002,158002.75,84526.647
000558,2025-09-18,7.11,0.0,1848126.07,1299581.97
000559,2025-09-18,11.52,0.100287,4402732.69,5004306.115
000560,2025-09-18,3.09,-0.034375,1339156.4,419294.239
000561,2025-09-18,11.28,-0.013986,336333.18,384888.558
000563,2025-09-18,3.74,-0.041026,2112441.75,798567.638
000564,2025-09-18,2.89,-0.023649,14938550.16,4382811.744
000565,2025-09-18,8.34,-0.034722,205218.0,173634.762
000566,2025-09-18,6.02,0.010067,466288.58,283333.433
000567,2025-09-18,6.59,-0.017884,260177.57,173531.199
000568,2025-09-18,133.7,-0.024088,116949.85,1575238.206
000570,2025-09-18,5.86,-0.010135,135015.34,79804.368
000571,2025-09-18,4.89,-0.023952,207472.57,103078.082
000572,2025-09-18,5.21,-0.005725,1137121.25,601404.193
000573,2025-09-18,4.27,-0.031745999999999996,303408.0,131314.342
000576,2025-09-18,10.96,-0.016158,111600.82,122812.109
000581,2025-09-18,22.19,0.0,361435.72,807984.962
000582,2025-09-18,8.57,-0.018328,277130.85,239489.143
000586,2025-09-18,12.93,-0.012977,121274.4,157421.004
000589,2025-09-18,4.59,-0.017131,254157.61,117930.293
000590,2025-09-18,12.17,-0.018548,70091.11,86106.677
000591,2025-09-18,4.66,-0.021008,641085.49,300560.855
000592,2025-09-18,3.43,-0.014368,1480229.19,519185.053
000593,2025-09-18,6.49,-0.02406,85107.55,55706.795
000595,2025-09-18,4.87,-0.022088,117556.0,57810.631
000596,2025-09-18,161.75,-0.011489000000000001,34291.8,555757.056
000597,2025-09-18,5.55,-0.01421,178988.44,99896.923
000598,2025-09-18,6.68,-0.010369999999999999,215051.19,144493.826
000599,2025-09-18,5.23,-0.033271999999999996,240663.19,127143.483
000600,2025-09-18,7.15,-0.032476,311817.76,226187.666
000601,2025-09-18,5.19,-0.018904,254980.0,133079.602
000603,2025-09-18,20.09,-0.052358,309064.86,634703.081
000605,2025-09-18,7.22,-0.067183,340102.74,249110.856
000607,2025-09-18,4.51,-0.030108000000000003,305355.73,139989.519
000608,2025-09-18,2.01,-0.042857000000000006,316231.38,64677.092
000609,2025-09-18,4.38,-0.033113000000000004,127380.2,56788.379
000610,2025-09-18,15.0,0.066856,606495.89,890555.415
000612,2025-09-18,8.13,-0.041274,513017.11,422379.995
000615,2025-09-18,3.08,-0.003236,67015.56,20772.187
000617,2025-09-18,11.11,-0.033072,2807668.76,3117632.085
000619,2025-09-18,5.96,-0.026143999999999997,102424.68,62006.674
000620,2025-09-18,1.86,-0.005348,2304044.38,436622.045
000623,2025-09-18,18.81,-0.023871000000000003,173461.73,329251.139
000625,2025-09-18,12.3,-0.011254,1275557.76,1580365.756
000626,2025-09-18,6.58,-0.030928,70933.34,47428.576
000628,2025-09-18,54.08,0.041402,234863.1,1273576.389
000629,2025-09-18,2.94,-0.02,1570852.47,465668.521
000630,2025-09-18,4.39,-0.051836,3882365.73,1721477.029
000631,2025-09-18,3.22,-0.021277,217643.97,70757.409
000632,2025-09-18,3.95,-0.031863,235628.0,94402.643
000633,2025-09-18,6.51,-0.028357999999999998,101395.01,66739.577
000635,2025-09-18,8.36,-0.026775000000000004,58222.0,49170.069
000636,2025-09-18,15.92,0.008233,546774.58,870482.526
000637,2025-09-18,4.18,-0.023364,165260.04,69662.397
000638,2025-09-18,4.22,-0.034325,141482.13,61208.418
000639,2025-09-18,3.34,-0.008902,450964.94,151513.481
000650,2025-09-18,6.5,-0.018127,554729.84,362847.957
000651,2025-09-18,40.21,-0.014218999999999999,580312.18,2346320.116
000652,2025-09-18,4.18,-0.021077,208252.55,87794.496
000655,2025-09-18,8.71,-0.030067,148550.51,130502.516
000656,2025-09-18,1.43,0.014184,1320483.47,189075.104
000657,2025-09-18,18.15,-0.0356,565830.99,1039127.182
000659,2025-09-18,2.99,-0.026059000000000002,653213.77,198179.108
000661,2025-09-18,130.31,0.051905,233828.28,3024302.088
000663,2025-09-18,6.53,-0.022455,66634.02,43989.355
000665,2025-09-18,5.76,-0.025381,431885.8,251660.952
000668,2025-09-18,9.39,0.009677,17251.02,16340.164
000669,2025-09-18,3.33,-0.014793,100605.26,33644.5
000670,2025-09-18,8.72,-0.021324,638479.72,567913.787
000672,2025-09-18,8.64,-0.0068969999999999995,115928.91,101101.355
000676,2025-09-18,9.98,-0.024438,756497.42,772148.986
000677,2025-09-18,5.04,-0.021359,225157.5,114732.753
000678,2025-09-18,15.06,-0.007251,239779.54,365004.893
000679,2025-09-18,8.18,-0.047729999999999995,174609.2,145710.773
000680,2025-09-18,9.45,-0.014598999999999999,183333.63,174423.951
000681,2025-09-18,20.42,-0.021093,298133.69,618162.996
000682,2025-09-18,11.78,0.035149,588459.29,695730.031
000683,2025-09-18,6.02,-0.044444,686275.12,420548.959
000685,2025-09-18,9.56,-0.020492,133225.94,129411.043
000686,2025-09-18,8.36,-0.029036,342051.19,289104.855
000688,2025-09-18,14.53,-0.036472000000000004,138585.28,203515.048
000690,2025-09-18,4.49,-0.021786,490653.01,222798.656
000691,2025-09-18,9.04,0.049942,4147.5,3749.34
000692,2025-09-18,3.6,-0.024390000000000002,139897.48,50932.149
000695,2025-09-18,11.9,-0.021381999999999998,90860.0,109161.45
000697,2025-09-18,8.78,-0.027685,81937.0,72743.023
000698,2025-09-18,4.23,-0.027586,212204.08,90647.78
000700,2025-09-18,12.29,-0.00967,1389679.11,1754892.542
000701,2025-09-18,5.82,-0.003425,307418.51,179139.751
000702,2025-09-18,7.57,-0.040558,203768.69,156272.415
000703,2025-09-18,6.34,-0.018576,175236.14,111917.565
000705,2025-09-18,9.8,0.056034,486793.5,477379.199
000707,2025-09-18,6.5,-0.018127,92633.21,60585.285
000708,2025-09-18,12.72,-0.029008,200324.87,257348.986
000709,2025-09-18,2.52,-0.011765000000000001,1385185.74,352795.027
000710,2025-09-18,13.77,-0.014316,139051.01,193422.528
000711,2025-09-18,1.76,-0.01676,392095.0,69526.382
000712,2025-09-18,14.13,-0.033516,296429.23,423740.231
000713,2025-09-18,7.0,-0.008499,124664.38,87636.15
000715,2025-09-18,5.83,-0.028333,159514.21,94322.912
000716,2025-09-18,6.41,-0.018376999999999998,276105.89,178033.749
000717,2025-09-18,2.91,-0.016892,658544.08,194232.277
000718,2025-09-18,3.36,0.033846,4927985.37,1695664.762
000719,2025-09-18,11.75,-0.020833,79638.6,94285.238
000720,2025-09-18,3.5,-0.027778,189346.0,67160.842
000721,2025-09-18,10.83,0.049419000000000005,1059373.99,1134060.593
000722,2025-09-18,12.45,-0.033385,167912.3,212085.196
000723,2025-09-18,4.88,0.0061860000000000005,1625516.2,795605.629
000725,2025-09-18,4.14,-0.004808,8427305.92,3514369.252
000726,2025-09-18,6.79,-0.017366,116526.92,79840.737
000727,2025-09-18,2.9,-0.010239,2624147.92,775226.679
000728,2025-09-18,8.88,-0.031625,653222.03,588074.486
000729,2025-09-18,11.86,-0.019024,214390.6,256754.242
000731,2025-09-18,7.02,-0.014045,111481.22,78369.212
000733,2025-09-18,49.58,0.025227,299145.7,1497538.578
000735,2025-09-18,6.46,-0.00768,299499.87,195012.532
000736,2025-09-18,4.91,-0.027723,151448.0,75440.785
000737,2025-09-18,14.45,-0.052459,2562898.11,3729404.763
000738,2025-09-18,18.78,-0.011578999999999999,120217.23,228066.726
000739,2025-09-18,16.65,0.010929,213556.01,357432.101
000750,2025-09-18,4.67,-0.043033,3202752.71,1511307.068
000751,2025-09-18,3.6,-0.050132,746330.92,272490.092
000752,2025-09-18,11.71,-0.040164,85804.26,101622.615
000753,2025-09-18,7.29,-0.009510999999999999,494588.94,364580.505
000755,2025-09-18,4.87,-0.020121000000000003,95228.0,46772.796
000756,2025-09-18,16.94,0.003555,243117.47,407272.029
000757,2025-09-18,5.47,-0.00726,501517.35,280299.218
000758,2025-09-18,6.41,-0.046131000000000005,900149.02,584752.305
000759,2025-09-18,7.77,-0.015208999999999999,530178.42,412649.691
000761,2025-09-18,3.61,-0.02957,280499.97,102422.389
000762,2025-09-18,21.91,-0.041138,213892.47,475395.962
000766,2025-09-18,26.44,-0.016003,253924.2,676672.085
000767,2025-09-18,3.12,-0.0063690000000000005,675039.23,211295.601
000768,2025-09-18,24.56,-0.005667999999999999,353456.05,875242.702
000776,2025-09-18,20.38,-0.038679,1006248.71,2075000.649
000777,2025-09-18,19.28,-0.007209,93481.22,181720.716
000778,2025-09-18,3.85,-0.010283,605086.92,234177.844
000779,2025-09-18,9.18,-0.021322,72078.0,66854.215
000782,2025-09-18,6.01,-0.049051,260795.0,159937.796
000783,2025-09-18,8.0,-0.031477,1202266.49,973276.785
000785,2025-09-18,3.23,-0.018237,1182315.81,388160.971
000786,2025-09-18,24.85,-0.017398,150096.62,375287.229
000788,2025-09-18,6.15,-0.012841,159568.47,98894.916
000789,2025-09-18,5.83,-0.018519,79482.0,46703.939
000790,2025-09-18,4.03,-0.017073,147437.24,60107.202
000791,2025-09-18,6.38,-0.031866,249161.23,161086.38
000792,2025-09-18,19.6,-0.024876,749025.13,1477833.857
000793,2025-09-18,2.5,0.0,193318.34,48473.037
000795,2025-09-18,10.77,-0.033214,419721.88,458119.31
000796,2025-09-18,7.07,0.021676,2380487.89,1664384.96
000797,2025-09-18,2.9,-0.02027,473055.58,139030.081
000798,2025-09-18,8.04,-0.028986,66215.1,53912.052
000799,2025-09-18,67.95,-0.026504,213279.61,1455546.365
000800,2025-09-18,7.11,-0.0069830000000000005,243985.58,174636.268
000801,2025-09-18,15.61,-0.005732,318801.98,502513.005
000802,2025-09-18,4.82,-0.026263,320034.4,155802.931
000803,2025-09-18,7.22,-0.02957,187931.56,137899.789
000807,2025-09-18,19.86,-0.050214999999999996,485811.78,976809.197
000809,2025-09-18,3.25,0.006192,459847.25,151052.708
000810,2025-09-18,13.6,-0.041579,533039.35,739136.2
000811,2025-09-18,13.68,0.0036680000000000003,307577.74,423941.421
000812,2025-09-18,4.9,-0.016064000000000002,282099.53,139945.645
000813,2025-09-18,4.52,-0.036247,1240912.21,570232.759
000815,2025-09-18,12.55,-0.017997,355095.1,448809.278
000816,2025-09-18,3.31,-0.017804,655736.06,219809.804
000818,2025-09-18,23.6,0.006826,367321.11,872659.493
000819,2025-09-18,17.28,-0.028668,93121.74,162866.383
000820,2025-09-18,2.64,-0.014924999999999999,49037.0,13022.96
000821,2025-09-18,12.86,-0.040298999999999995,397428.2,518821.52
000822,2025-09-18,5.68,-0.015598,179125.21,102215.523
000823,2025-09-18,14.44,0.050946,675634.8,972265.11
000825,2025-09-18,3.93,-0.019950000000000002,466807.0,184994.919
000826,2025-09-18,2.29,0.004386,991032.45,228470.72
000828,2025-09-18,11.33,-0.019048,83336.69,95231.079
000829,2025-09-18,9.71,-0.0182,217358.67,212880.337
000830,2025-09-18,14.05,-0.001421,298204.83,424234.15
000831,2025-09-18,52.21,-0.05468,754229.29,3987476.502
000833,2025-09-18,14.14,-0.032170000000000004,406270.6,582544.688
000837,2025-09-18,15.21,-0.033058000000000004,1322908.84,2046628.882
000838,2025-09-18,2.9,-0.02027,364770.44,106870.098
000839,2025-09-18,2.91,-0.016892,829950.0,245174.094
000848,2025-09-18,8.59,-0.014908,135127.32,116908.171
000850,2025-09-18,4.39,-0.020089000000000003,167469.02,74293.189
000851,2025-09-18,0.51,-0.055556,37024.0,1888.224
000852,2025-09-18,6.54,-0.01506,148703.84,98422.667
000856,2025-09-18,11.08,-0.020336,74567.4,83398.078
000858,2025-09-18,123.94,-0.016037,275477.52,3434002.463
000859,2025-09-18,6.55,-0.019461,255726.69,170172.59
000860,2025-09-18,15.88,-0.013665,140703.7,224872.866
000862,2025-09-18,5.6,-0.037801,279753.0,158938.282
000863,2025-09-18,3.78,-0.050251000000000004,652682.05,251566.262
000868,2025-09-18,5.81,-0.011904999999999999,336534.5,198078.816
000869,2025-09-18,21.77,-0.010904,22116.0,48310.454
000875,2025-09-18,5.7,-0.027304,958326.71,551783.448
000876,2025-09-18,9.97,-0.016765000000000002,548221.13,549452.021
000877,2025-09-18,6.27,-0.030912000000000002,479517.8,304362.643
000878,2025-09-18,15.51,-0.062272999999999995,1490336.3,2343600.536
000880,2025-09-18,48.21,0.040578,319491.39,1513452.042
000881,2025-09-18,7.73,-0.025221,171735.11,133675.619
000882,2025-09-18,2.31,-0.012821,2486696.76,586241.809
000883,2025-09-18,4.63,-0.012793,264831.0,123152.522
000885,2025-09-18,14.52,-0.023537,73536.33,107617.546
000886,2025-09-18,6.63,-0.010447999999999999,302655.0,202846.534
000887,2025-09-18,25.05,-0.042797,1490850.24,3820227.497
000888,2025-09-18,14.83,0.004743,376534.61,554152.228
000889,2025-09-18,3.37,-0.034384,293549.75,100357.734
000890,2025-09-18,4.35,0.023529,306089.01,130975.61
000892,2025-09-18,5.71,-0.013817,890046.72,519842.559
000893,2025-09-18,35.72,-0.038234,170918.81,619952.105
000895,2025-09-18,25.05,-0.006347,108931.03,273403.128
000897,2025-09-18,2.46,-0.016,856247.03,213388.499
000898,2025-09-18,2.61,-0.022472,583591.62,154106.043
000899,2025-09-18,9.6,-0.030303,239121.69,231049.014
000900,2025-09-18,4.14,-0.009569,183477.79,76253.007
000901,2025-09-18,15.93,-0.019089000000000002,388007.76,628219.019
000902,2025-09-18,13.79,-0.015703,169614.06,236602.568
000903,2025-09-18,2.99,-0.022875999999999997,622563.54,188029.226
000905,2025-09-18,8.28,-0.025882000000000002,207059.66,173262.364
000906,2025-09-18,6.1,-0.016129,106642.64,65522.975
000908,2025-09-18,5.86,-0.016779,146038.13,86530.54
000909,2025-09-18,5.56,-0.027972,31043.55,17580.463
000910,2025-09-18,8.2,-0.027284000000000003,98460.5,81697.754
000911,2025-09-18,7.36,-0.017356,83573.01,61851.432
000912,2025-09-18,4.32,-0.018182,127178.96,55370.676
000913,2025-09-18,17.6,-0.01676,134450.25,237891.264
000915,2025-09-18,32.25,-0.018862,51320.0,166824.247
000917,2025-09-18,7.72,-0.01906,427034.32,335300.732
000919,2025-09-18,6.99,-0.015493,115870.52,81653.328
000920,2025-09-18,12.08,-0.009836000000000001,128121.02,156508.306
000921,2025-09-18,25.04,-0.009102,165554.81,418124.991
000922,2025-09-18,12.07,-0.022671999999999998,235470.28,286010.838
000923,2025-09-18,15.36,-0.038798,180872.88,280904.52
000925,2025-09-18,7.77,-0.0063939999999999995,217314.48,170491.26
000926,2025-09-18,2.81,-0.044218,971526.63,278531.211
000927,2025-09-18,2.79,-0.007117,934222.58,263195.919
000928,2025-09-18,6.33,-0.024653,290248.89,185354.851
000929,2025-09-18,8.17,-0.019208,39697.0,32670.092
000930,2025-09-18,6.03,-0.009852,355685.66,217709.81
000931,2025-09-18,5.28,-0.018587,131643.39,70251.099
000932,2025-09-18,6.36,-0.010886,982208.76,628440.376
000933,2025-09-18,18.82,-0.049015,893965.23,1699634.507
000935,2025-09-18,19.73,-0.019871,108098.89,215837.05
000936,2025-09-18,7.87,0.008974,585275.4,465714.549
000937,2025-09-18,5.89,-0.023216999999999998,229247.93,135807.051
000938,2025-09-18,30.94,0.052023,3108051.46,9571536.865
000948,2025-09-18,18.41,-0.023860000000000003,111527.07,208404.6
000949,2025-09-18,4.24,-0.020785,509346.66,217768.862
000950,2025-09-18,5.4,0.028571,519983.55,278126.601
000951,2025-09-18,16.84,-0.015780000000000002,156038.28,264768.422
000952,2025-09-18,6.38,-0.022971,69394.8,44768.154
000953,2025-09-18,7.38,-0.036554,207145.31,155642.133
000955,2025-09-18,5.05,-0.003945000000000001,187018.99,94441.29
000957,2025-09-18,11.49,-0.009483,285577.14,328950.629
000958,2025-09-18,6.79,-0.03,680178.0,468067.299
000959,2025-09-18,4.62,-0.006452,1630657.8,755822.971
000960,2025-09-18,20.44,-0.063245,521541.45,1088026.478
000962,2025-09-18,23.18,-0.036175,182811.15,428621.926
000963,2025-09-18,42.35,0.007134000000000001,130281.0,552574.103
000965,2025-09-18,4.33,-0.04415,684193.18,301058.944
000966,2025-09-18,4.42,-0.011186,318574.97,141440.259
000967,2025-09-18,7.22,-0.02168,666873.45,488665.326
000968,2025-09-18,6.92,-0.022599,140659.1,98311.801
000969,2025-09-18,13.03,-0.02543,322931.47,425770.866
000970,2025-09-18,13.96,-0.02514,476205.84,672351.732
000972,2025-09-18,3.92,-0.036855,616734.84,242182.271
000973,2025-09-18,7.51,0.0067020000000000005,567690.18,425975.108
000975,2025-09-18,20.36,-0.031859,446823.03,917252.641
000977,2025-09-18,65.56,0.007221,1194440.8,7899037.309
000978,2025-09-18,6.98,0.021962000000000002,388964.42,269147.551
000980,2025-09-18,3.58,-0.013774,2953469.6,1069833.954
000981,2025-09-18,4.07,0.1,16884829.8,6807331.952
000983,2025-09-18,7.24,-0.034666999999999996,1231345.75,900835.191
000985,2025-09-18,17.79,-0.027336999999999997,18073.0,32485.816
000987,2025-09-18,7.41,-0.040155,645959.59,486966.832
000988,2025-09-18,87.57,0.023372999999999998,1182285.11,10303823.168
000989,2025-09-18,10.39,-0.015165999999999999,170829.53,179462.884
000990,2025-09-18,7.67,-0.019181999999999998,196453.56,152399.733
000993,2025-09-18,10.05,-0.023323999999999998,96996.0,98324.378
000995,2025-09-18,14.38,-0.013040000000000001,59950.56,86547.347
000997,2025-09-18,27.75,-0.040456000000000006,228344.78,645508.204
000998,2025-09-18,9.85,-0.008056,184300.11,182037.339
000999,2025-09-18,29.23,0.010719000000000001,184811.65,537811.124
001201,2025-09-18,16.79,-0.035612,52737.2,89619.405
001202,2025-09-18,16.92,-0.01913,189871.2,320826.535
001203,2025-09-18,11.61,-0.049918,201614.53,238268.763
001205,2025-09-18,16.21,-0.019359,41262.6,67596.936
001206,2025-09-18,28.76,-0.055191,89695.14,264415.786
001207,2025-09-18,23.09,-0.009013,36392.0,84511.087
001208,2025-09-18,12.73,-0.003912,180442.17,232522.431
001209,2025-09-18,18.66,-0.020985999999999998,20119.4,37993.56
001210,2025-09-18,15.65,-0.01696,41328.84,65251.956
001211,2025-09-18,25.54,-0.039489,29586.0,77017.902
001212,2025-09-18,53.08,-0.047550999999999996,117398.03,642828.679
001213,2025-09-18,4.21,-0.011737,202458.93,85743.224
001215,2025-09-18,38.3,0.010287999999999999,62351.0,238023.356
001216,2025-09-18,15.56,-0.020151,44906.8,70609.191
001217,2025-09-18,11.73,-0.0225,52028.0,61732.131
001218,2025-09-18,19.82,-0.021718,18363.68,36758.144
001219,2025-09-18,14.02,-0.023677,50436.96,71262.12
001221,2025-09-18,55.71,0.009971,63013.49,353340.395
001222,2025-09-18,23.42,-0.06357499999999999,104883.91,250562.292
001223,2025-09-18,52.0,-0.0209,14178.0,74362.906
001225,2025-09-18,44.05,-0.005868,45160.65,202074.945
001226,2025-09-18,38.08,-0.029809000000000002,21205.0,82036.893
001227,2025-09-18,2.44,-0.016129,1056343.61,259910.551
001228,2025-09-18,23.7,-0.012910999999999999,13551.95,32313.962
001229,2025-09-18,32.58,-0.01897,17024.0,56203.964
001230,2025-09-18,24.41,-0.000819,57149.57,142603.335
001231,2025-09-18,20.49,-0.023356,18249.0,37606.579
001234,2025-09-18,36.5,0.10006,17442.5,63665.125
001236,2025-09-18,11.49,-0.053542,318117.35,372011.778
001238,2025-09-18,49.15,0.0,8191.97,40370.727
001239,2025-09-18,16.87,-0.019756,54051.06,92139.789
001255,2025-09-18,31.72,-0.027888000000000003,13480.0,43321.029
001256,2025-09-18,23.1,-0.021185999999999997,20772.36,48581.205
001258,2025-09-18,6.89,-0.011477999999999999,85208.99,58990.879
001259,2025-09-18,25.68,-0.023203,10308.0,26763.901
001260,2025-09-18,19.8,-0.014924999999999999,17536.0,35120.681
001266,2025-09-18,30.63,-0.026073,28448.0,87965.001
001267,2025-09-18,17.75,-0.025796,646428.41,1164902.266
001268,2025-09-18,32.74,-0.044367000000000004,42908.02,144035.621
001269,2025-09-18,26.64,-0.034433,42394.61,114542.812
001270,2025-09-18,42.93,-0.013103,34826.3,151473.311
001277,2025-09-18,40.04,-0.011358,12079.04,48525.643
001278,2025-09-18,18.45,-0.013895999999999999,18146.72,33830.266
001279,2025-09-18,39.72,-0.022397,23047.12,92583.242
001282,2025-09-18,21.77,-0.032444,163429.52,362352.185
001283,2025-09-18,84.63,-0.040694,142124.48,1236942.796
001286,2025-09-18,9.03,-0.01634,141611.55,128671.929
001287,2025-09-18,21.48,0.0018659999999999998,332577.82,720486.376
001288,2025-09-18,26.13,-0.014705999999999999,54272.88,142510.048
001289,2025-09-18,16.89,-0.005886,54335.3,92063.492
001296,2025-09-18,23.28,-0.041581,73371.27,173732.45
001298,2025-09-18,36.4,0.023046999999999998,311942.83,1124592.81
001299,2025-09-18,12.35,-0.035156,63106.25,79385.503
001300,2025-09-18,14.21,-0.009756,95160.0,135544.963
001301,2025-09-18,68.01,-0.032299,126875.32,877159.534
001306,2025-09-18,105.09,-0.027035,26359.27,284918.44
001308,2025-09-18,24.1,0.025095999999999997,103548.62,253081.558
001309,2025-09-18,128.19,-0.025097,256570.38,3400312.628
001311,2025-09-18,25.35,-0.026124,95953.49,246204.05
001313,2025-09-18,7.5,-0.027237,121704.0,92382.241
001314,2025-09-18,49.61,-0.020533000000000003,42051.0,211546.225
001316,2025-09-18,32.69,-0.017138,19541.08,64553.198
001317,2025-09-18,49.28,0.009009,47339.81,231701.704
001318,2025-09-18,14.18,-0.019364,75269.0,107814.492
001319,2025-09-18,28.75,-0.017766,62031.22,181675.37
001322,2025-09-18,8.18,-0.02619,52186.53,43286.441
001323,2025-09-18,27.93,-0.028184,14999.23,42345.257
001324,2025-09-18,19.92,-0.021611,32836.0,66030.375
001326,2025-09-18,42.7,0.045288,43005.71,182798.05
001328,2025-09-18,38.91,-0.042096999999999996,23628.0,93404.189
001330,2025-09-18,5.68,-0.022375,329038.34,188957.571
001331,2025-09-18,13.36,-0.007429,125182.88,168971.869
001332,2025-09-18,49.67,-0.038893,75106.16,377635.058
001333,2025-09-18,21.72,-0.010027,25896.0,56964.088
001335,2025-09-18,38.8,-0.023408,18305.42,72290.422
001336,2025-09-18,22.95,-0.016288,14181.68,32728.955
001337,2025-09-18,26.05,-0.052038,182538.25,484658.574
001338,2025-09-18,11.43,-0.016351,65269.55,75226.62
001339,2025-09-18,61.5,0.018212,119158.55,734349.157
001356,2025-09-18,14.88,0.004727,94305.99,139427.96
001358,2025-09-18,28.69,-0.009323,28638.59,82914.606
001359,2025-09-18,52.79,0.0028499999999999997,43633.68,233567.908
001360,2025-09-18,15.58,-0.017035,39296.3,61549.751
001366,2025-09-18,12.61,-0.025501999999999997,27176.0,34520.411
001367,2025-09-18,24.3,-0.022133,26160.15,64429.648
001368,2025-09-18,24.88,-0.023548,15596.01,39224.155
001373,2025-09-18,31.19,-0.011097,15383.0,48221.714
001376,2025-09-18,12.22,-0.026295000000000002,94515.47,116689.059
001378,2025-09-18,22.35,-0.018014,14963.19,33776.46
001379,2025-09-18,20.81,-0.014678,25870.84,53947.695
001380,2025-09-18,26.89,-0.025372,79092.29,215588.613
001382,2025-09-18,20.67,-0.014776000000000001,30270.03,62986.784
001387,2025-09-18,13.91,-0.011372,29119.49,40723.781
001388,2025-09-18,48.84,-0.026898,25450.24,125934.691
001389,2025-09-18,84.33,0.100052,204257.44,1686645.453
001390,2025-09-18,25.3,-0.015564,40997.6,104994.054
001391,2025-09-18,6.69,-0.013274,353107.72,237570.706
001395,2025-09-18,49.78,-0.026784,15571.65,78430.789
001400,2025-09-18,81.24,0.041271,45481.63,364476.938
001696,2025-09-18,24.36,-0.022472,435960.75,1076815.256
001872,2025-09-18,20.57,-0.015789,38373.0,79414.081
001896,2025-09-18,5.2,-0.026217,273680.45,143988.323
001914,2025-09-18,11.7,-0.033856000000000004,116796.57,138502.846
001965,2025-09-18,9.76,-0.02008,342952.54,337075.586
001979,2025-09-18,9.23,-0.040541,862550.93,805951.326
002001,2025-09-18,24.0,-0.013158000000000001,262415.47,633405.772
002003,2025-09-18,10.25,-0.008704,125939.76,129608.691
002004,2025-09-18,4.64,-0.010661,258068.91,120677.99
002005,2025-09-18,2.36,-0.024793,174338.0,41582.171
002006,2025-09-18,20.59,0.022344,562058.67,1180577.737
002007,2025-09-18,16.34,-0.012688999999999999,310077.8,509251.006
002008,2025-09-18,41.71,0.043533,978913.8,4056904.463
002009,2025-09-18,18.23,-0.025134,437754.18,820948.665
002010,2025-09-18,6.69,0.03882,1654759.58,1114047.759
002011,2025-09-18,13.8,0.06811099999999999,1047072.29,1442067.266
002012,2025-09-18,5.85,0.017391,201213.0,117133.059
002014,2025-09-18,11.46,-0.017153,38703.02,44608.537
002015,2025-09-18,11.62,-0.022708,307507.43,361778.703
002016,2025-09-18,5.81,-0.025168,160109.01,94554.56
002017,2025-09-18,26.02,-0.014766999999999999,469146.9,1223085.499
002019,2025-09-18,14.52,0.001379,193915.99,283497.593
002020,2025-09-18,20.21,0.011006,198775.91,402378.895
002021,2025-09-18,2.91,-0.042763,1179916.86,350065.257
002022,2025-09-18,6.58,-0.019374,87669.35,58390.868
002023,2025-09-18,12.03,-0.031401,344264.51,423149.698
002024,2025-09-18,1.92,0.010526,599590.11,115664.37
002025,2025-09-18,51.48,0.0070420000000000005,97240.87,511502.063
002026,2025-09-18,13.91,-0.015569999999999999,186466.16,261900.412
002027,2025-09-18,8.05,-0.035928,1099504.6,897329.305
002028,2025-09-18,96.17,-0.012426,76709.68,748892.235
002029,2025-09-18,7.23,0.019746,264765.44,191573.105
002030,2025-09-18,6.33,-0.015552,212710.51,136055.721
002031,2025-09-18,9.51,0.050829000000000006,6032894.44,5821693.262
002032,2025-09-18,49.87,-0.007167,18079.94,90234.798
002033,2025-09-18,9.85,0.050107,755268.11,725121.994
002034,2025-09-18,16.86,-0.014611,44622.97,75752.595
002035,2025-09-18,6.43,-0.013804,126271.4,81641.226
002036,2025-09-18,11.62,-0.025168,834082.06,987789.243
002037,2025-09-18,11.08,-0.024648,140934.81,158383.392
002038,2025-09-18,7.36,-0.017356,188313.27,140056.417
002039,2025-09-18,16.13,-0.011642,45893.84,74351.294
002040,2025-09-18,9.66,-0.050147000000000004,270829.07,265863.803
002041,2025-09-18,9.44,-0.017689999999999997,126516.72,120564.479
002042,2025-09-18,5.52,-0.012522,908686.66,511924.54
002043,2025-09-18,10.6,-0.036364,155788.46,166837.884
002044,2025-09-18,5.15,-0.020913,927296.54,483534.942
002045,2025-09-18,16.45,-0.023739,344416.01,573893.654
002046,2025-09-18,33.5,0.007822,446771.71,1516254.1
002047,2025-09-18,2.42,-0.004115,124302.0,30006.317
002048,2025-09-18,34.26,0.0011690000000000001,756312.04,2667286.598
002049,2025-09-18,78.66,0.012746,424499.97,3380563.98
002050,2025-09-18,45.55,0.087112,4864579.15,21610523.782
002051,2025-09-18,8.35,-0.021102,128796.2,108654.604
002052,2025-09-18,14.02,-0.011283000000000001,466569.59,665666.081
002053,2025-09-18,13.79,0.005102,260131.16,364366.052
002054,2025-09-18,6.62,-0.013413,141366.19,94763.109
002055,2025-09-18,8.58,0.016588000000000002,1166854.31,1004885.325
002056,2025-09-18,18.11,-0.027912,367808.52,671273.884
002057,2025-09-18,10.76,-0.029757,407586.45,444552.577
002058,2025-09-18,28.25,0.050186,70776.0,198981.025
002059,2025-09-18,6.68,0.100494,1196407.72,764900.739
002060,2025-09-18,3.82,-0.02799,574097.73,221531.048
002061,2025-09-18,4.14,-0.023585,450163.44,188133.049
002062,2025-09-18,11.31,0.100195,734157.78,825670.243
002063,2025-09-18,6.22,-0.014263,547180.65,344568.382
002064,2025-09-18,8.86,-0.011161,236783.42,210975.186
002065,2025-09-18,10.58,0.071935,3940329.5,4169844.37
002066,2025-09-18,14.94,-0.005988,92260.11,139070.102
002067,2025-09-18,7.16,0.099846,294242.3,210677.487
002068,2025-09-18,10.66,-0.032668,270525.0,292700.182
002069,2025-09-18,4.16,-0.030303,137410.86,57813.313
002072,2025-09-18,7.81,-0.034611,86809.07,68375.645
002073,2025-09-18,8.82,-0.007873999999999999,624018.28,557537.613
002074,2025-09-18,44.5,-0.015922000000000002,1632019.51,7386127.99
002075,2025-09-18,5.86,-0.039344000000000004,849298.49,505989.615
002076,2025-09-18,1.91,-0.015464,456014.0,88512.857
002077,2025-09-18,16.44,-0.027794,507667.98,855364.779
002078,2025-09-18,14.59,-0.035691,282092.52,415407.478
002079,2025-09-18,10.5,-0.005682,416261.68,441058.824
002080,2025-09-18,37.81,0.036743,496192.12,1876952.223
002081,2025-09-18,3.62,-0.01897,421882.53,154263.845
002082,2025-09-18,11.49,-0.017109,412694.09,484555.816
002083,2025-09-18,4.83,-0.012270000000000001,143950.19,69967.898
002084,2025-09-18,3.81,-0.018041,365058.16,140855.967
002085,2025-09-18,17.89,-0.027717000000000002,1070671.93,1945358.474
002086,2025-09-18,2.76,-0.021277,928341.02,260464.38
002088,2025-09-18,12.72,-0.013953,61832.94,79514.513
002090,2025-09-18,10.88,-0.01982,292838.8,321261.033
002091,2025-09-18,8.71,-0.037569,457082.2,403272.906
002092,2025-09-18,4.71,-0.020790000000000003,608242.02,289321.009
002093,2025-09-18,11.44,-0.017182,306886.33,356560.733
002094,2025-09-18,8.18,-0.0227,379726.97,313249.668
002095,2025-09-18,20.2,-0.035339,85002.92,173787.656
002096,2025-09-18,13.68,-0.006535999999999999,120360.86,166204.963
002097,2025-09-18,14.4,0.008403,1478847.71,2163934.365
002098,2025-09-18,8.87,-0.018805000000000002,75013.31,67264.758
002099,2025-09-18,6.36,-0.00625,190460.61,121131.32
002100,2025-09-18,7.54,-0.053952,1062158.28,811423.433
002101,2025-09-18,14.03,-0.007779,265660.96,376426.99
002102,2025-09-18,4.11,-0.009639,639917.0,265142.551
002103,2025-09-18,9.95,-0.039575,241527.4,244167.175
002104,2025-09-18,25.67,-0.035687,1356726.92,3492617.546
002105,2025-09-18,7.25,-0.018945,105208.5,76932.823
002106,2025-09-18,12.36,-0.019826,550610.1,697570.116
002107,2025-09-18,6.33,-0.023148,79326.66,50901.78
002108,2025-09-18,4.28,0.067332,3003056.74,1287847.225
002109,2025-09-18,3.99,-0.029197,320037.18,128876.307
002110,2025-09-18,4.24,-0.038549,466738.41,200555.267
002111,2025-09-18,10.15,-0.011685000000000001,71954.4,74053.32
002112,2025-09-18,13.46,-0.02956,145473.94,198686.836
002114,2025-09-18,7.54,-0.055138,224153.0,171978.836
002115,2025-09-18,11.85,-0.017413,1839106.63,2203243.172
002116,2025-09-18,10.08,-0.017544,67592.6,68889.662
002117,2025-09-18,11.76,-0.019183,164128.35,195624.729
002119,2025-09-18,16.57,0.000604,211641.41,354121.287
002120,2025-09-18,7.78,-0.017677000000000002,441327.18,346409.699
002121,2025-09-18,7.7,-0.011553,626100.77,488882.238
002122,2025-09-18,4.36,-0.006834,1824246.15,804599.244
002123,2025-09-18,13.66,-0.001462,403009.03,552973.402
002124,2025-09-18,3.04,-0.028754,823337.6,252946.495
002125,2025-09-18,14.48,0.0076549999999999995,524886.58,767309.095
002126,2025-09-18,44.0,0.002278,979914.56,4330639.006
002127,2025-09-18,3.75,-0.020888,742817.28,281026.295
002128,2025-09-18,21.87,-0.036988,129774.32,286501.022
002129,2025-09-18,8.19,-0.037603,1429786.49,1186849.376
002130,2025-09-18,27.28,-0.028836,1679159.03,4622153.646
002131,2025-09-18,6.45,0.022187000000000002,14435268.96,9408558.251
002132,2025-09-18,3.67,-0.016086,472132.17,173602.586
002133,2025-09-18,3.58,-0.02981,320159.21,116542.772
002134,2025-09-18,20.96,-0.010387,68071.51,144033.16
002135,2025-09-18,4.38,-0.00905,163483.0,71964.464
002136,2025-09-18,10.95,-0.025800999999999998,65642.0,72383.856
002137,2025-09-18,9.21,-0.022292999999999997,498229.64,463330.606
002138,2025-09-18,34.4,-0.02245,356364.29,1241687.268
002139,2025-09-18,16.27,0.03236,1376509.53,2268984.904
002140,2025-09-18,11.34,-0.02994,353643.96,408655.907
002141,2025-09-18,3.88,-0.03,306534.07,121126.055
002142,2025-09-18,26.78,-0.009249,482679.82,1293691.076
002144,2025-09-18,12.74,-0.028963000000000003,58206.0,75252.966
002145,2025-09-18,4.94,-0.038911,966534.45,485950.043
002146,2025-09-18,1.82,-0.085427,7252952.42,1385060.655
002148,2025-09-18,12.15,0.063923,1790837.28,2147450.426
002149,2025-09-18,17.01,-0.025215,166483.4,286138.326
002150,2025-09-18,15.5,-0.025157,317243.13,500202.362
002151,2025-09-18,29.33,-0.011792,162407.38,482832.005
002152,2025-09-18,14.24,0.002817,1064508.77,1538540.341
002153,2025-09-18,10.69,-0.042115,415886.68,453631.884
002154,2025-09-18,4.25,-0.029679999999999998,2426028.23,1050190.028
002155,2025-09-18,21.24,-0.044964000000000004,780726.36,1674581.871
002156,2025-09-18,34.84,0.032296,2007474.1,7048477.709
002157,2025-09-18,3.05,-0.025559,1517204.67,466683.572
002158,2025-09-18,28.74,0.074794,548993.06,1598475.354
002159,2025-09-18,16.09,0.0037430000000000002,62840.08,101024.672
002160,2025-09-18,4.28,-0.042506,341683.35,148323.01
002161,2025-09-18,8.04,-0.027811,299677.83,243984.519
002162,2025-09-18,4.35,-0.026846000000000002,232390.56,103138.294
002163,2025-09-18,10.07,-0.009833,347164.43,353182.677
002164,2025-09-18,14.16,-0.032126,845519.51,1231600.954
002165,2025-09-18,9.33,-0.013742,629305.69,587771.905
002166,2025-09-18,7.94,0.002525,137460.83,109234.4
002167,2025-09-18,14.5,-0.026846000000000002,596773.7,869156.473
002168,2025-09-18,4.02,-0.049645,181312.01,73666.31
002169,2025-09-18,7.22,-0.028264,405903.14,298583.198
002170,2025-09-18,10.41,-0.019774,353018.75,369998.65
002171,2025-09-18,9.46,-0.024742,675157.32,648878.629
002172,2025-09-18,4.46,-0.038793,1195300.32,536057.776
002173,2025-09-18,23.48,-0.047465,899773.02,2163842.19
002174,2025-09-18,12.3,-0.024584,679078.37,852670.654
002175,2025-09-18,5.18,-0.037175,1390552.99,727915.417
002176,2025-09-18,10.07,-0.006903,1834706.39,1862169.343
002177,2025-09-18,7.77,-0.041924,892855.34,703254.362
002178,2025-09-18,6.95,-0.025245000000000004,378792.78,267230.25
002179,2025-09-18,40.37,0.014577,293181.0,1185500.043
002180,2025-09-18,22.91,-0.014624,281659.29,657760.962
002181,2025-09-18,7.99,-0.029162,831442.52,671998.029
002182,2025-09-18,15.67,-0.047995,824374.12,1314742.678
002183,2025-09-18,5.57,-0.031304,3242264.15,1855701.162
002184,2025-09-18,14.31,-0.022541000000000002,228873.65,331000.239
002185,2025-09-18,11.27,0.007149,1706809.12,1939559.819
002186,2025-09-18,12.4,0.003236,181508.84,224171.075
002187,2025-09-18,6.74,-0.013177000000000001,183206.23,124233.441
002188,2025-09-18,5.7,-0.033898000000000005,124598.71,71756.981
002189,2025-09-18,23.67,-0.018657,84405.01,202028.554
002190,2025-09-18,39.64,-0.012702,231328.96,932170.413
002191,2025-09-18,4.58,0.017778000000000002,625661.87,284383.025
002192,2025-09-18,34.96,-0.040088,114880.16,406721.1
002193,2025-09-18,5.79,-0.031772999999999996,85709.0,50268.954
002194,2025-09-18,14.08,-0.023578,320607.99,457079.837
002195,2025-09-18,8.35,-0.030196999999999998,8686560.96,7380816.023
002196,2025-09-18,10.54,0.018357000000000002,982704.29,1035147.48
002197,2025-09-18,8.81,-0.031868,166000.36,148581.337
002198,2025-09-18,6.32,-0.015576000000000001,89451.14,56892.878
002199,2025-09-18,9.86,-0.014985,45915.0,45732.512
002200,2025-09-18,7.37,-0.023841,26330.0,19581.848
002201,2025-09-18,8.06,-0.007389,215331.3,175904.079
002202,2025-09-18,13.5,0.020408,2023609.86,2735624.11
002203,2025-09-18,12.36,0.012284999999999999,518495.2,645788.124
002204,2025-09-18,6.15,-0.009661999999999999,506433.5,315139.914
002205,2025-09-18,13.51,0.028158,99672.0,134179.043
002206,2025-09-18,6.09,-0.012966,281305.02,172718.596
002207,2025-09-18,7.58,-0.046541,332136.0,253745.538
002208,2025-09-18,6.73,-0.035817,212262.0,145424.121
002209,2025-09-18,15.48,-0.025189,71120.0,111601.748
002210,2025-09-18,3.89,0.015666,3704629.32,1458722.92
002211,2025-09-18,3.55,-0.040541,140438.56,50375.46
002212,2025-09-18,9.9,-0.022705000000000003,980592.71,990569.793
002213,2025-09-18,17.11,-0.017796,135455.99,234494.028
002214,2025-09-18,11.35,0.010686,55505.99,62837.948
002215,2025-09-18,13.33,0.049606000000000004,650782.96,865289.965
002216,2025-09-18,11.21,-0.013204,80340.37,90637.721
002217,2025-09-18,3.8,0.010638000000000002,6382822.08,2446753.637
002218,2025-09-18,3.78,-0.043038,743504.0,286371.664
002219,2025-09-18,2.44,-0.02008,1861793.75,460329.481
002221,2025-09-18,8.44,-0.001183,155415.01,131142.784
002222,2025-09-18,45.88,-0.011207,503486.78,2387611.963
002223,2025-09-18,38.4,-0.007239,128234.65,494076.723
002224,2025-09-18,4.68,0.028571,805904.97,382754.833
002225,2025-09-18,5.85,-0.011824,519868.65,307222.866
002226,2025-09-18,6.58,0.026521,1238491.26,821034.932
002227,2025-09-18,13.1,-0.019461,62596.21,82853.145
002228,2025-09-18,3.35,-0.014705999999999999,185877.24,62769.581
002229,2025-09-18,18.0,-0.006623,482074.37,871672.19
002230,2025-09-18,52.58,0.003435,1009565.65,5363628.288
002231,2025-09-18,3.92,-0.036855,116085.51,46362.927
002232,2025-09-18,22.39,0.026593,455566.64,1032572.515
002233,2025-09-18,8.67,-0.020339,132878.85,116152.262
002234,2025-09-18,8.62,-0.024887000000000003,79704.89,69327.342
002235,2025-09-18,7.49,-0.031048,324799.81,246688.368
002236,2025-09-18,19.84,0.060963,2706293.35,5397156.74
002237,2025-09-18,13.57,-0.043693,405290.57,558720.815
002238,2025-09-18,8.36,-0.012987,89992.18,75999.169
002239,2025-09-18,3.42,-0.025640999999999997,2894958.28,1005735.037
002240,2025-09-18,17.91,-0.033458999999999996,267277.69,483064.199
002241,2025-09-18,32.82,-0.011446000000000001,1739085.77,5744164.594
002242,2025-09-18,9.6,-0.014374,56962.01,55129.25
002243,2025-09-18,9.1,-0.020451999999999998,238883.0,219635.602
002244,2025-09-18,10.94,-0.047868,431521.27,479029.952
002245,2025-09-18,20.43,0.047154999999999996,2944944.75,5941807.447
002246,2025-09-18,16.74,-0.006528000000000001,208746.52,350298.746
002247,2025-09-18,2.95,-0.010067,314081.0,92965.094
002248,2025-09-18,11.14,-0.043776999999999996,420421.01,474075.776
002249,2025-09-18,10.6,-0.027523,4275020.39,4647344.552
002250,2025-09-18,10.87,-0.01629,462099.37,508803.913
002251,2025-09-18,6.2,0.001616,3082747.27,1907980.384
002252,2025-09-18,6.81,-0.008733999999999999,488033.47,333652.551
002253,2025-09-18,10.78,-0.03405,74533.5,81756.668
002254,2025-09-18,9.98,-0.010902,153844.38,154437.914
002255,2025-09-18,8.21,-0.017943,223831.98,185699.458
002256,2025-09-18,3.29,0.012308,2348448.59,770911.075
002258,2025-09-18,12.08,-0.011457,120911.92,146733.015
002259,2025-09-18,4.11,-0.032941,183819.0,76864.959
002261,2025-09-18,39.25,0.02001,2086738.74,8200775.603
002262,2025-09-18,28.42,0.014276,174568.32,496171.197
002263,2025-09-18,4.23,-0.020833,2470534.58,1056287.446
002264,2025-09-18,7.55,-0.027062,586607.49,446453.64
002265,2025-09-18,30.85,-0.008995,278021.08,871208.445
002266,2025-09-18,3.93,-0.03202,1129514.01,449742.165
002267,2025-09-18,8.05,-0.019488000000000002,159156.0,129109.458
002268,2025-09-18,17.37,-0.015306,152899.59,268705.924
002269,2025-09-18,3.02,0.034247,7372149.06,2269492.395
002270,2025-09-18,19.62,0.010299,157233.69,309613.329
002271,2025-09-18,12.6,-0.010989,539084.1,683407.796
002272,2025-09-18,18.5,0.099881,1569968.34,2845058.405
002273,2025-09-18,26.86,-0.026812,847263.83,2301834.089
002274,2025-09-18,6.41,-0.010802,103116.9,66301.136
002275,2025-09-18,14.73,-0.008748,34019.0,50442.935
002276,2025-09-18,18.2,0.008869,1677332.02,3111900.719
002277,2025-09-18,7.42,0.031989000000000004,1208551.64,889433.935
002278,2025-09-18,10.39,0.01564,436215.42,456204.383
002279,2025-09-18,6.85,-0.031117,295045.45,205474.816
002281,2025-09-18,69.16,0.026875,821445.44,5671856.358
002282,2025-09-18,7.19,-0.009642,88112.62,64051.606
002283,2025-09-18,7.06,-0.013966000000000001,707867.43,508028.167
002284,2025-09-18,13.04,0.011637,494529.15,650473.397
002285,2025-09-18,2.58,-0.033708,706726.27,185438.981
002286,2025-09-18,10.07,-0.020428,90189.0,91525.43
002287,2025-09-18,27.06,-0.012408999999999998,58081.28,158215.055
002289,2025-09-18,38.55,0.049551,49131.86,187495.756
002290,2025-09-18,38.55,-0.016832,107050.72,419822.554
002291,2025-09-18,6.19,-0.035826,666824.52,417950.051
002292,2025-09-18,9.43,-0.029834999999999997,692995.07,664667.673
002293,2025-09-18,8.11,-0.021713,72779.91,59477.24
002294,2025-09-18,54.5,0.035925,98463.61,530627.087
002295,2025-09-18,10.67,-0.011121,133615.0,144897.435
002296,2025-09-18,11.22,-0.017513,147175.0,166720.419
002297,2025-09-18,8.26,-0.032787000000000004,274295.96,229124.023
002298,2025-09-18,10.11,-0.020349,818543.79,837146.337
002299,2025-09-18,16.97,-0.017371,127672.69,218242.76
002300,2025-09-18,6.25,-0.020376,122133.03,77143.401
002301,2025-09-18,6.81,-0.020144000000000002,124913.54,85805.892
002302,2025-09-18,6.61,-0.023634,193072.7,128746.411
002303,2025-09-18,4.27,-0.027334999999999998,286948.0,124005.587
002304,2025-09-18,70.13,-0.020394000000000002,63122.16,445874.238
002305,2025-09-18,2.47,0.051064,1453302.83,355696.747
002306,2025-09-18,1.9,-0.010417000000000001,268344.07,51367.649
002307,2025-09-18,4.67,-0.012685,405223.6,189963.284
002309,2025-09-18,3.07,-0.031546,302047.55,93607.288
002310,2025-09-18,2.62,-0.036765,1789656.93,479363.321
002311,2025-09-18,63.09,-0.020342,68212.78,431621.014
002312,2025-09-18,11.17,-0.019315,572184.21,642357.345
002313,2025-09-18,11.88,-0.026230000000000003,295697.83,357839.898
002314,2025-09-18,3.07,-0.034591,678420.98,211872.25
002315,2025-09-18,46.63,-0.029351,79152.08,375035.781
002316,2025-09-18,5.33,-0.023809999999999998,209534.32,113194.327
002317,2025-09-18,20.25,0.007463,455152.27,935365.164
002318,2025-09-18,22.01,-0.008112000000000001,105971.67,234717.79
002319,2025-09-18,11.56,0.017606,119840.01,140761.699
002320,2025-09-18,9.35,0.055305,1097352.5,1031392.833
002321,2025-09-18,2.84,-0.003509,399318.08,113756.221
002322,2025-09-18,13.07,-0.018769,60310.0,79500.247
002323,2025-09-18,2.01,-0.019512,1958754.09,401428.168
002324,2025-09-18,14.6,-0.01151,259048.23,382040.448
002326,2025-09-18,16.46,-0.031195,403505.79,673224.286
002327,2025-09-18,7.2,-0.0068969999999999995,64608.0,46632.325
002328,2025-09-18,6.68,0.012121,551115.14,370456.253
002329,2025-09-18,3.82,-0.02799,349070.82,135245.376
002330,2025-09-18,5.14,-0.04638200000000001,633750.93,330941.285
002331,2025-09-18,8.3,-0.013080000000000001,183778.2,155083.943
002332,2025-09-18,10.1,-0.005906,224587.19,228686.655
002333,2025-09-18,5.45,-0.019784,155777.54,85744.687
002334,2025-09-18,9.75,-0.015152,599176.19,591546.317
002335,2025-09-18,69.99,-0.018098,487293.89,3462110.393
002337,2025-09-18,6.14,-0.023847,280311.68,174744.44
002338,2025-09-18,56.85,0.022113999999999998,246029.65,1399573.941
002339,2025-09-18,7.89,-0.018657,125332.44,99760.196
002340,2025-09-18,7.45,-0.018445,2246529.84,1692458.751
002342,2025-09-18,7.92,-0.01,534132.38,427595.37
002343,2025-09-18,8.19,-0.039859,333552.8,277049.269
002344,2025-09-18,4.88,0.036093,1040595.9,517570.142
002345,2025-09-18,15.06,0.021017,228394.28,342301.794
002346,2025-09-18,15.98,-0.019632,67104.12,108920.246
002347,2025-09-18,8.16,0.013665,824447.0,671968.851
002348,2025-09-18,3.94,-0.017456,425018.06,168791.091
002349,2025-09-18,7.4,-0.014646999999999999,175020.24,130301.695
002350,2025-09-18,7.07,-0.018056000000000003,113761.62,81098.296
002351,2025-09-18,13.18,-0.014211,195472.24,260350.909
002352,2025-09-18,40.53,-0.013148,381439.2,1555094.76
002353,2025-09-18,48.35,-0.018075,103600.52,508917.439
002354,2025-09-18,7.42,-0.022397999999999998,2097036.9,1593676.646
002355,2025-09-18,6.13,-0.014469000000000001,217343.0,134716.471
002356,2025-09-18,3.72,0.036212,1007063.9,381407.997
002357,2025-09-18,10.7,-0.058099,160234.2,177134.273
002358,2025-09-18,5.11,-0.019194,193964.0,100074.962
002360,2025-09-18,5.11,-0.022945000000000004,81270.0,42045.611
002361,2025-09-18,6.52,0.004622,445743.32,294763.42
002362,2025-09-18,24.85,-0.007984,219375.39,561437.802
002363,2025-09-18,8.05,-0.03012,168509.2,137762.399
002364,2025-09-18,29.55,-0.052580999999999996,669369.13,2008865.18
002365,2025-09-18,18.14,0.0016569999999999998,120269.5,217288.827
002366,2025-09-18,7.68,-0.012853000000000002,982725.19,763102.737
002367,2025-09-18,6.81,-0.015896,128253.35,88489.398
002368,2025-09-18,26.77,-0.005940999999999999,217884.67,595629.895
002369,2025-09-18,9.94,-0.018756,452990.4,455340.06
002370,2025-09-18,6.0,-0.013158000000000001,427791.13,259565.069
002371,2025-09-18,407.7,0.047022,181018.08,7400832.443
002372,2025-09-18,10.41,-0.023452,147827.46,155301.245
002373,2025-09-18,10.66,-0.014787,454615.6,496478.64
002374,2025-09-18,3.1,0.036789,1311439.75,408997.744
002375,2025-09-18,3.98,-0.017284,210392.0,84382.254
002376,2025-09-18,7.7,-0.015345,257400.81,201126.903
002377,2025-09-18,3.09,-0.009615,279539.15,87588.715
002378,2025-09-18,12.42,-0.043143,476805.2,601516.511
002379,2025-09-18,16.51,-0.028824000000000002,219153.08,365356.396
002380,2025-09-18,26.62,-0.01735,82266.67,222192.936
002381,2025-09-18,6.8,-0.014493,70059.69,48145.335
002382,2025-09-18,5.82,-0.015227999999999998,113595.66,66605.856
002383,2025-09-18,9.06,-0.023707,209448.68,192551.247
002384,2025-09-18,80.11,-0.030262999999999998,956088.84,7657151.387
002385,2025-09-18,4.21,-0.018648,1252250.72,530373.84
002386,2025-09-18,5.2,-0.031657000000000005,319829.52,168694.757
002387,2025-09-18,9.68,-0.015259,281803.86,276637.893
002388,2025-09-18,5.08,-0.028681,194367.0,100260.621
002389,2025-09-18,21.07,-0.013576999999999999,278775.8,594482.032
002390,2025-09-18,3.62,-0.005495,426791.67,155803.867
002391,2025-09-18,6.03,-0.022690000000000002,90681.94,55298.196
002392,2025-09-18,9.88,-0.013972,458707.23,457733.531
002393,2025-09-18,23.41,-0.015559,55349.98,130865.405
002394,2025-09-18,11.44,0.02693,344184.03,392897.469
002395,2025-09-18,17.99,-0.01694,53625.06,97017.008
002396,2025-09-18,31.36,-0.009476,205824.04,654185.128
002397,2025-09-18,3.75,-0.025974,207620.0,78934.345
002398,2025-09-18,5.1,-0.013540000000000002,140598.97,72345.399
002399,2025-09-18,12.5,-0.012638,49260.58,62150.029
002400,2025-09-18,8.48,-0.046119,2836981.06,2445489.846
002401,2025-09-18,17.47,-0.024022,103976.59,184310.029
002402,2025-09-18,43.95,0.10012499999999999,1342962.7,5819163.458
002403,2025-09-18,15.83,-0.028238,231639.3,374994.88
002404,2025-09-18,6.48,0.004651,117189.0,75987.57
002405,2025-09-18,9.5,-0.007315,1107651.52,1066629.503
002406,2025-09-18,8.22,0.0,572726.88,475662.508
002407,2025-09-18,16.41,-0.032429,1443688.76,2401919.527
002408,2025-09-18,4.95,-0.017857,222508.1,111248.628
002409,2025-09-18,64.33,0.037413,354571.43,2270047.443
002410,2025-09-18,13.9,-0.014184,514575.71,728238.697
002412,2025-09-18,6.53,-0.023916,134217.22,88503.139
002413,2025-09-18,5.37,-0.018282,470501.34,256259.887
002414,2025-09-18,11.29,-0.007909000000000001,590756.46,674797.283
002415,2025-09-18,30.92,0.005528,1191372.59,3727138.853
002416,2025-09-18,11.86,0.0,251143.31,297532.825
002418,2025-09-18,4.83,-0.006173,1861549.0,905161.035
002419,2025-09-18,5.56,-0.0194,173049.18,97301.009
002420,2025-09-18,7.78,0.025033,399439.4,309628.424
002421,2025-09-18,3.62,-0.024259,1121956.38,412706.656
002422,2025-09-18,37.88,0.025447,188346.53,712054.707
002423,2025-09-18,13.9,-0.047945,1718995.42,2438055.262
002424,2025-09-18,5.75,-0.023769,235525.5,137371.252
002425,2025-09-18,3.86,-0.042184,395656.8,156134.711
002426,2025-09-18,3.84,-0.015385,3572271.68,1388118.135
002427,2025-09-18,7.32,0.01385,326170.15,240210.773
002428,2025-09-18,27.85,-0.044268999999999996,615949.83,1732889.675
002429,2025-09-18,6.68,0.030864,2817348.16,1906099.287
002430,2025-09-18,24.23,-0.031187999999999997,94963.42,233193.955
002431,2025-09-18,2.66,-0.029197,1030695.62,279134.737
002432,2025-09-18,38.74,-0.015001,75182.15,293313.608
002434,2025-09-18,9.76,0.009307,1265712.57,1251993.598
002436,2025-09-18,23.24,0.038426999999999996,2182875.54,5063076.42
002437,2025-09-18,3.43,-0.033803,962613.49,334725.384
002438,2025-09-18,13.6,0.007407,260468.56,357080.765
002439,2025-09-18,15.78,-0.014366,257821.37,411319.553
002440,2025-09-18,6.95,-0.016973000000000002,189881.18,133463.893
002441,2025-09-18,9.47,-0.02572,94613.0,90464.854
002442,2025-09-18,6.33,-0.015552,86335.01,54970.067
002443,2025-09-18,7.0,-0.004267,139879.3,97608.892
002444,2025-09-18,33.93,-0.003231,268693.36,928108.15
002445,2025-09-18,2.88,-0.033557000000000003,2206457.86,649873.524
002446,2025-09-18,8.89,-0.038919,704174.31,636228.913
002448,2025-09-18,11.22,-0.03691,931090.1,1068897.235
002449,2025-09-18,9.42,-0.020790000000000003,232375.34,221648.713
002451,2025-09-18,6.79,-0.021614,151032.94,103770.405
002452,2025-09-18,7.46,-0.009296,131009.0,97902.825
002453,2025-09-18,6.05,-0.030449,453477.0,277794.469
002454,2025-09-18,8.85,-0.029605000000000003,167579.5,151387.657
002455,2025-09-18,7.13,0.005642,481726.0,342504.492
002456,2025-09-18,13.49,-0.023878,2577114.61,3525483.423
002457,2025-09-18,11.43,0.004394,104415.31,119900.969
002458,2025-09-18,8.78,-0.013483,111846.22,98780.539
002459,2025-09-18,12.96,-0.055394,919084.03,1213217.242
002460,2025-09-18,48.02,-0.038639,983379.3,4799032.348
002461,2025-09-18,10.35,-0.00767,75220.02,77348.704
002462,2025-09-18,13.86,-0.00431,45757.01,63906.255
002463,2025-09-18,75.42,0.063752,874855.97,6504394.042
002465,2025-09-18,13.09,-0.019476,765569.09,1016329.201
002466,2025-09-18,43.15,-0.036615,508169.79,2223079.595
002467,2025-09-18,6.88,-0.04577,2026211.89,1418270.227
002468,2025-09-18,17.05,-0.025157,234429.83,402947.066
002469,2025-09-18,8.85,-0.011172999999999999,167160.37,148955.634
002470,2025-09-18,1.93,0.015789,1711799.11,332779.849
002471,2025-09-18,5.11,0.001961,2351872.01,1214483.88
002472,2025-09-18,50.89,0.050361,1003352.04,5030591.125
002474,2025-09-18,6.64,-0.03207,235030.82,158559.527
002475,2025-09-18,53.11,0.021150000000000002,3155362.16,16692440.412
002476,2025-09-18,6.04,0.10018200000000001,1016471.21,598245.361
002478,2025-09-18,5.52,-0.014286,152468.0,84486.075
002479,2025-09-18,5.07,-0.019341999999999998,185215.7,94890.765
002480,2025-09-18,6.9,-0.029535999999999996,207824.0,144549.503
002481,2025-09-18,5.68,-0.02069,225652.63,129043.69
002482,2025-09-18,2.0,0.005024999999999999,1924729.87,392732.281
002483,2025-09-18,6.81,0.019461,309497.97,211776.166
002484,2025-09-18,32.65,-0.039141,531729.54,1772849.714
002485,2025-09-18,3.68,-0.039164,43945.6,16357.484
002486,2025-09-18,2.9,-0.016949000000000002,436402.0,129066.698
002487,2025-09-18,43.52,0.06719,496805.25,2158227.201
002488,2025-09-18,12.79,0.0031369999999999996,124057.44,159013.712
002489,2025-09-18,3.86,-0.015306,451380.09,176030.035
002490,2025-09-18,5.91,-0.048309,477269.1,286590.163
002491,2025-09-18,6.08,-0.031847,1035584.23,639017.952
002492,2025-09-18,7.6,-0.044025,131299.27,101907.007
002493,2025-09-18,9.34,-0.019937,254330.94,239045.084
002494,2025-09-18,5.0,-0.025341,94740.8,47900.784
002495,2025-09-18,2.82,-0.020833,445832.76,127324.01
002496,2025-09-18,1.64,-0.017964,264184.6,44083.614
002497,2025-09-18,13.75,-0.015042999999999999,356793.09,494719.277
002498,2025-09-18,3.66,-0.010811,435804.13,160436.037
002500,2025-09-18,6.47,-0.032885,608929.23,398422.151
002501,2025-09-18,2.81,0.025547,5654450.26,1608433.61
002506,2025-09-18,2.73,-0.031915,2936236.8,814235.109
002507,2025-09-18,12.95,-0.009181,148020.12,192970.923
002508,2025-09-18,19.52,-0.024,110969.52,218455.847
002510,2025-09-18,6.93,-0.028050000000000002,794911.65,558872.783
002511,2025-09-18,8.37,-0.012972,197164.67,166933.158
002512,2025-09-18,3.98,-0.022113,399349.67,160548.495
002513,2025-09-18,5.27,-0.018622,130560.28,69449.504
002514,2025-09-18,7.79,0.0064600000000000005,1598038.9,1240288.529
002515,2025-09-18,7.33,-0.034256,438562.55,327446.938
002516,2025-09-18,6.25,-0.018838,477903.79,302868.016
002517,2025-09-18,27.25,-0.028866999999999997,845239.57,2381251.272
002518,2025-09-18,39.44,0.027886,357985.21,1397268.801
002519,2025-09-18,4.93,-0.01004,298793.31,148061.644
002520,2025-09-18,7.2,-0.04,861889.89,633958.271
002521,2025-09-18,9.25,-0.031414,81220.07,76165.601
002522,2025-09-18,5.18,-0.020794,327438.76,171836.871
002523,2025-09-18,3.81,-0.012953,460361.53,177716.588
002524,2025-09-18,4.27,-0.029545,120449.25,52192.775
002526,2025-09-18,4.3,0.0,2171634.82,951125.213
002527,2025-09-18,20.39,-0.024402,456228.28,946646.458
002528,2025-09-18,2.85,-0.017241,117358.0,33727.447
002529,2025-09-18,7.9,-0.029484,132456.0,105892.23
002530,2025-09-18,12.46,-0.05175,1789628.7,2260813.681
002531,2025-09-18,7.98,0.021766999999999998,1090323.4,873129.962
002532,2025-09-18,10.84,-0.054100999999999996,657860.01,724248.276
002533,2025-09-18,11.6,-0.004292000000000001,296179.69,345639.204
002534,2025-09-18,14.76,-0.01992,250300.97,371953.096
002535,2025-09-18,4.35,-0.018059000000000002,1055579.52,465875.94
002536,2025-09-18,27.76,0.035047999999999996,894141.5,2477228.906
002537,2025-09-18,9.52,-0.037412,643634.67,619186.806
002538,2025-09-18,5.17,-0.011472,176573.02,91554.318
002539,2025-09-18,10.69,-0.031703,180132.87,194971.737
002540,2025-09-18,6.62,-0.033576999999999996,298942.44,200707.694
002541,2025-09-18,17.67,-0.038629,110861.59,201429.791
002542,2025-09-18,4.1,0.045918,2272176.79,927078.46
002543,2025-09-18,11.87,-0.01657,43807.1,52426.111
002544,2025-09-18,28.03,0.04162,476844.05,1344938.798
002545,2025-09-18,13.29,-0.049356,502084.05,673454.372
002546,2025-09-18,5.87,-0.020033,180162.03,107139.741
002547,2025-09-18,6.01,0.010084,1964784.97,1188847.243
002548,2025-09-18,5.01,0.018293,853679.36,427715.622
002549,2025-09-18,18.87,0.045429000000000004,2108082.27,4022356.856
002550,2025-09-18,9.74,-0.008147,354971.9,349056.376
002551,2025-09-18,4.22,-0.03211,339995.16,145268.578
002552,2025-09-18,16.46,-0.021403,93446.56,154984.586
002553,2025-09-18,32.31,-0.023572000000000003,488572.69,1614835.196
002554,2025-09-18,3.11,-0.022012999999999998,461584.58,145212.014
002555,2025-09-18,23.25,0.008239,1531805.56,3592598.694
002556,2025-09-18,5.56,-0.012433000000000001,116460.39,65112.798
002557,2025-09-18,22.02,-0.018279,91142.78,202254.408
002558,2025-09-18,45.58,0.0044069999999999995,512042.36,2370077.838
002559,2025-09-18,11.2,0.001789,573279.0,640798.07
002560,2025-09-18,7.3,-0.018817,185864.01,137332.628
002561,2025-09-18,9.15,-0.020343,215793.78,199502.355
002562,2025-09-18,7.1,-0.02069,2450900.6,1816965.546
002563,2025-09-18,5.61,-0.005319000000000001,487737.02,275742.167
002564,2025-09-18,8.24,-0.023697,272573.54,228120.458
002565,2025-09-18,7.31,0.008276,581095.21,415592.989
002566,2025-09-18,7.91,-0.014943999999999999,41554.0,33144.235
002567,2025-09-18,4.88,-0.016129,531731.74,261324.223
002568,2025-09-18,24.94,-0.013449,112069.9,281216.277
002569,2025-09-18,9.55,-0.009336,23767.0,22885.885
002570,2025-09-18,6.65,-0.017725,598173.85,401068.173
002571,2025-09-18,7.6,-0.020619000000000002,141140.0,108722.174
002572,2025-09-18,13.37,-0.018355,158062.02,212306.62
002573,2025-09-18,3.98,-0.019704,185586.17,74441.712
002574,2025-09-18,5.73,-0.036975,156866.58,91188.342
002575,2025-09-18,8.75,-0.01464,377440.98,333808.917
002576,2025-09-18,18.95,-0.016606,118127.23,226301.722
002577,2025-09-18,20.84,-0.029342999999999998,76199.48,161379.682
002578,2025-09-18,3.4,-0.050279,355085.06,122993.744
002579,2025-09-18,13.32,0.030162,855580.71,1130012.215
002580,2025-09-18,14.39,-0.023745,341249.72,494664.087
002581,2025-09-18,8.88,0.032558,182264.2,161755.489
002582,2025-09-18,9.74,-0.02988,168021.0,165503.022
002583,2025-09-18,12.1,-0.013855,737221.72,904428.115
002584,2025-09-18,8.38,-0.021027999999999998,177967.33,150826.515
002585,2025-09-18,5.82,-0.031614,472260.48,278424.758
002586,2025-09-18,3.82,0.0,94098.64,36165.486
002587,2025-09-18,6.28,-0.020280999999999997,142211.5,90289.169
002588,2025-09-18,9.38,-0.024948,163604.78,155188.568
002589,2025-09-18,3.01,-0.006601,485986.0,147499.613
002590,2025-09-18,15.63,-0.024953,479073.58,765800.409
002591,2025-09-18,5.8,-0.033333,144043.0,84533.756
002592,2025-09-18,6.83,-0.02149,45123.7,31112.499
002593,2025-09-18,5.38,-0.011029,399270.0,217234.342
002594,2025-09-18,109.71,-0.011533,934013.8,10362193.293
002595,2025-09-18,57.1,-0.026095999999999998,52957.19,306528.639
002596,2025-09-18,3.71,-0.008021,465797.17,174954.344
002597,2025-09-18,22.16,-0.00983,87237.4,193670.048
002598,2025-09-18,12.16,-0.029529,214002.92,263187.536
002599,2025-09-18,9.32,-0.004274,505536.71,477272.604
002600,2025-09-18,14.49,-0.032709999999999996,4254332.48,6299937.431
002601,2025-09-18,19.21,-0.015377,290542.02,563050.995
002602,2025-09-18,19.3,-0.027708,1474372.64,2882180.436
002603,2025-09-18,16.53,-0.017241,212417.44,353564.569
002605,2025-09-18,28.78,-0.025728,168890.89,491132.173
002606,2025-09-18,8.9,-0.024123000000000002,111491.0,100357.683
002607,2025-09-18,3.02,-0.009836000000000001,3163815.34,965667.613
002608,2025-09-18,7.97,-0.029233,495392.49,399664.9
002609,2025-09-18,9.85,-0.013026,141004.08,140649.276
002611,2025-09-18,18.34,-0.035752,1531175.65,2860006.052
002612,2025-09-18,17.78,-0.025219000000000002,100151.42,180433.404
002613,2025-09-18,4.18,-0.018779,327429.17,138075.138
002614,2025-09-18,6.97,0.0072250000000000005,238434.5,168548.222
002615,2025-09-18,8.28,0.014705999999999999,241769.28,200226.405
002616,2025-09-18,7.36,-0.010752999999999999,299582.68,222012.902
002617,2025-09-18,10.6,-0.019426000000000002,6213228.8,6893368.255
002620,2025-09-18,6.08,0.006623,79676.36,48132.905
002622,2025-09-18,4.22,-0.018605,853390.0,369377.096
002623,2025-09-18,21.2,-0.048047000000000006,114037.16,243934.515
002624,2025-09-18,19.14,-0.007261,960568.47,1870669.19
002625,2025-09-18,48.06,-0.014356,560314.79,2740973.135
002626,2025-09-18,19.18,-0.021429,94642.12,183866.331
002627,2025-09-18,7.22,0.014045,807229.53,571073.197
002628,2025-09-18,4.95,-0.025591,263580.94,132524.932
002629,2025-09-18,7.51,-0.009235,302338.0,232274.457
002630,2025-09-18,2.94,-0.048544000000000004,1063246.54,318069.057
002631,2025-09-18,5.33,0.007561,1452431.7,815259.695
002632,2025-09-18,10.84,0.050388,695935.41,771694.03
002633,2025-09-18,15.69,-0.005703000000000001,33397.5,52836.531
002634,2025-09-18,4.5,-0.038462,135712.27,62094.135
002635,2025-09-18,14.55,-0.00953,172863.9,254105.79
002636,2025-09-18,13.34,0.001502,323012.46,432125.84
002637,2025-09-18,10.96,-0.019678,116824.35,128798.534
002638,2025-09-18,2.64,0.019305000000000003,979879.52,261695.415
002639,2025-09-18,10.6,-0.013035000000000001,381037.64,408985.432
002640,2025-09-18,5.71,-0.032203,2620412.62,1520989.474
002641,2025-09-18,4.64,0.099526,406872.63,187253.837
002642,2025-09-18,10.02,-0.050237,1241537.04,1273832.351
002643,2025-09-18,13.33,-0.01551,218226.01,294267.333
002644,2025-09-18,8.88,-0.019868,93634.0,84037.873
002645,2025-09-18,14.92,-0.008638,475215.52,718381.677
002646,2025-09-18,9.75,-0.018127,79277.3,78102.914
002647,2025-09-18,6.61,-0.025074,764809.4,520382.225
002648,2025-09-18,18.91,-0.022739,454744.45,868813.502
002649,2025-09-18,14.15,-0.011872,233662.5,335782.264
002650,2025-09-18,6.4,-0.019908,52332.25,33789.498
002651,2025-09-18,11.36,-0.022375,260992.97,301817.642
002652,2025-09-18,3.68,-0.039164,212435.0,79433.48
002653,2025-09-18,54.75,-0.004545,63344.8,346388.923
002654,2025-09-18,13.71,-0.024893000000000002,916944.38,1285178.511
002655,2025-09-18,13.94,-0.017618,180093.0,253981.438
002656,2025-09-18,2.34,-0.025,133547.2,31550.17
002657,2025-09-18,34.37,-0.038601,459010.98,1612387.334
002658,2025-09-18,7.88,-0.011292,123408.89,97849.712
002659,2025-09-18,5.61,-0.036082,239007.61,135947.605
002660,2025-09-18,10.2,-0.034091,184955.0,190346.317
002661,2025-09-18,9.64,-0.014315,54042.0,52323.702
002662,2025-09-18,3.89,-0.0275,307693.33,121523.704
002663,2025-09-18,2.21,-0.004505,636185.86,142474.366
002664,2025-09-18,32.14,-0.035414,302131.21,1014727.952
002666,2025-09-18,5.42,-0.023423,209448.0,114770.41
002667,2025-09-18,11.66,-0.033167,149241.39,175981.107
002668,2025-09-18,10.1,-0.023211,200300.26,204060.328
002669,2025-09-18,14.2,0.005666,238013.01,341474.605
002670,2025-09-18,19.04,-0.062069,909874.58,1764733.343
002671,2025-09-18,4.85,-0.024145,135792.0,66613.244
002672,2025-09-18,4.68,-0.022965,172978.5,82757.178
002673,2025-09-18,8.6,-0.030440000000000002,751957.82,653982.948
002674,2025-09-18,15.61,0.10006999999999999,29335.37,45792.513
002675,2025-09-18,15.74,-0.013166,113401.19,180689.53
002676,2025-09-18,10.59,-0.023963,446721.23,483913.62
002677,2025-09-18,7.88,0.012853000000000002,624002.07,493663.938
002678,2025-09-18,4.52,-0.0131,123655.96,56198.716
002679,2025-09-18,10.69,-0.028182,149286.8,162208.847
002681,2025-09-18,7.62,-0.034221,1533321.38,1194653.619
002682,2025-09-18,4.65,-0.018987,249467.25,117435.077
002683,2025-09-18,41.64,0.016105,346425.19,1454139.304
002685,2025-09-18,8.5,0.027811,945605.05,811832.32
002686,2025-09-18,6.61,-0.02651,90213.0,60416.161
002687,2025-09-18,4.6,-0.017094,70500.12,32697.232
002688,2025-09-18,6.94,-0.019774,258585.5,180860.445
002689,2025-09-18,4.45,0.004515,821293.16,369787.667
002690,2025-09-18,20.23,-0.000988,147341.45,300962.524
002691,2025-09-18,8.51,-0.012761,87333.27,74968.618
002692,2025-09-18,5.6,-0.045997,428278.21,244310.738
002693,2025-09-18,7.61,-0.014249000000000001,71642.0,54986.239
002694,2025-09-18,4.32,-0.033557000000000003,122655.6,53849.535
002695,2025-09-18,12.85,-0.039611,152656.76,199604.688
002696,2025-09-18,6.32,-0.027692,73392.69,46888.701
002697,2025-09-18,5.76,-0.023729,462722.44,269038.933
002698,2025-09-18,17.18,-0.006362,302645.69,526341.236
002700,2025-09-18,6.92,-0.017044999999999998,67285.0,46991.422
002701,2025-09-18,5.61,-0.029411999999999997,349833.41,198655.61
002702,2025-09-18,4.46,-0.011086,324529.61,146047.58
002703,2025-09-18,13.43,-0.038654,641500.89,881494.953
002705,2025-09-18,16.19,0.0,122550.11,199125.062
002706,2025-09-18,11.71,-0.017617,425699.54,503722.866
002707,2025-09-18,8.24,0.006105,573669.67,471261.901
002708,2025-09-18,13.32,0.028571,769544.89,1059348.516
002709,2025-09-18,31.27,0.053571,2039796.38,6166598.713
002712,2025-09-18,5.76,-0.023729,160063.0,93035.146
002713,2025-09-18,4.97,-0.029297,220942.8,112390.813
002714,2025-09-18,54.75,-0.025627,500843.8,2771898.584
002715,2025-09-18,25.07,0.055134999999999997,119006.0,293050.329
002716,2025-09-18,6.05,-0.064915,2251997.36,1386577.534
002717,2025-09-18,1.65,0.006098,762247.75,126747.573
002718,2025-09-18,23.15,-0.00899,78256.53,179977.914
002719,2025-09-18,9.21,-0.028481,83617.0,77721.531
002721,2025-09-18,3.65,-0.024064000000000002,834883.99,307220.904
002722,2025-09-18,16.17,-0.028245,63526.03,104183.146
002723,2025-09-18,9.74,-0.035644,406327.2,398725.124
002724,2025-09-18,7.55,-0.018205,116651.0,88741.778
002725,2025-09-18,14.77,0.015818000000000002,204837.8,304293.558
002726,2025-09-18,5.72,-0.025554,444976.1,258095.327
002727,2025-09-18,14.67,-0.020694,171446.27,253505.758
002728,2025-09-18,8.85,0.007973000000000001,141876.56,125435.793
002729,2025-09-18,14.47,-0.02951,66043.33,97149.059
002730,2025-09-18,16.54,-0.019561,130040.8,218291.69
002731,2025-09-18,12.78,-0.029613,110463.0,142383.132
002732,2025-09-18,16.9,-0.018583000000000002,22574.89,38374.056
002733,2025-09-18,20.99,0.007681,323770.03,688491.263
002734,2025-09-18,18.96,-0.020661,270533.97,519290.817
002735,2025-09-18,15.73,-0.044930000000000005,483155.88,775245.429
002736,2025-09-18,13.32,-0.018423000000000002,662405.41,889074.048
002737,2025-09-18,15.69,-0.011964999999999998,67752.8,106894.075
002738,2025-09-18,42.1,-0.049447,265120.48,1137122.387
002739,2025-09-18,11.65,-0.030781999999999997,636127.62,751618.793
002741,2025-09-18,22.5,-0.020461,361275.29,826803.967
002742,2025-09-18,4.58,-0.031712,78819.0,36601.771
002743,2025-09-18,5.9,-0.023178999999999998,103226.54,61903.159
002745,2025-09-18,9.88,0.068108,1419963.81,1408069.738
002746,2025-09-18,6.29,-0.015649,167750.39,106323.501
002747,2025-09-18,26.01,-0.014399,709172.69,1880661.614
002748,2025-09-18,9.45,-0.052156,172917.0,166909.525
002749,2025-09-18,14.58,-0.022133,38959.0,57176.167
002752,2025-09-18,5.57,-0.027923,112734.09,63580.386
002753,2025-09-18,6.91,-0.019858,58535.0,40798.272
002755,2025-09-18,21.55,-0.01867,79717.57,174490.851
002756,2025-09-18,34.16,-0.028441,139362.94,479941.847
002757,2025-09-18,18.65,-0.023559999999999998,109292.0,206712.909
002758,2025-09-18,9.26,-0.014894000000000001,79486.0,73945.961
002759,2025-09-18,17.51,-0.017947,1494842.6,2652447.937
002760,2025-09-18,20.68,-0.010526,39761.32,82677.182
002761,2025-09-18,9.46,-0.019689,256716.26,245677.413
002762,2025-09-18,8.14,-0.022809,53383.55,43650.02
002763,2025-09-18,7.2,-0.02571,73354.4,53422.707
002765,2025-09-18,14.56,0.000687,1195875.94,1771241.91
002766,2025-09-18,5.74,0.014134,704468.69,403997.556
002767,2025-09-18,20.28,-0.023121,58766.5,121352.217
002768,2025-09-18,52.47,0.1,70996.41,356624.856
002769,2025-09-18,9.08,-0.039153,178333.49,164142.247
002771,2025-09-18,16.88,-0.01171,66105.5,112387.857
002772,2025-09-18,10.04,-0.047438,393054.83,405284.112
002773,2025-09-18,39.4,-0.005553,68459.31,271633.608
002774,2025-09-18,10.12,-0.045283,70217.0,72488.354
002775,2025-09-18,4.31,-0.024887000000000003,193350.06,84485.881
002777,2025-09-18,18.7,-0.011628000000000001,101568.22,191135.091
002778,2025-09-18,19.56,-0.036928,58290.0,115866.724
002779,2025-09-18,131.89,-0.061281,90533.55,1221778.886
002780,2025-09-18,13.62,-0.030605000000000004,73604.15,101275.934
002782,2025-09-18,16.6,-0.012493,140597.5,235547.629
002783,2025-09-18,9.83,-0.015029999999999998,150078.79,149436.866
002785,2025-09-18,28.4,-0.035981,322033.0,954771.033
002786,2025-09-18,9.84,-0.017964,226823.0,227434.021
002787,2025-09-18,8.29,-0.040509,157681.92,132656.767
002788,2025-09-18,8.35,-0.00358,71137.44,59685.052
002789,2025-09-18,9.15,-0.036842,46801.7,43322.824
002790,2025-09-18,7.37,-0.019947,47205.32,35036.989
002791,2025-09-18,22.52,-0.021295,67259.37,152608.214
002792,2025-09-18,16.72,0.0,244256.47,411164.935
002793,2025-09-18,5.3,-0.023941,233066.29,124763.373
002795,2025-09-18,4.91,-0.018000000000000002,139219.08,69008.704
002796,2025-09-18,19.29,-0.07214999999999999,616777.0,1264574.668
002797,2025-09-18,7.92,-0.032966999999999996,1671325.55,1339099.629
002798,2025-09-18,6.46,-0.019726999999999998,101866.5,66090.202
002799,2025-09-18,8.34,-0.014184,133753.47,112903.014
002800,2025-09-18,14.6,-0.013514,53491.7,78528.511
002801,2025-09-18,38.18,-0.019769000000000002,78279.99,302941.244
002802,2025-09-18,13.36,0.000749,34884.98,46290.677
002803,2025-09-18,18.15,0.025424000000000002,332413.98,613525.37
002805,2025-09-18,13.71,-0.025586,141666.63,196521.316
002806,2025-09-18,12.6,-0.012539,115318.06,146861.566
002807,2025-09-18,4.58,-0.029661,461978.67,213973.503
002808,2025-09-18,4.7,-0.046653,71235.2,34081.214
002809,2025-09-18,12.46,-0.039321999999999996,169715.96,213811.873
002810,2025-09-18,13.4,-0.008142,64533.75,87274.545
002811,2025-09-18,11.99,-0.02282,103358.5,125658.642
002812,2025-09-18,42.83,-0.035578,386203.99,1676376.226
002813,2025-09-18,25.68,-0.017598,88062.41,232196.563
002815,2025-09-18,16.69,0.010902,956250.93,1622247.203
002816,2025-09-18,18.75,-0.00266,31339.0,59703.97
002817,2025-09-18,7.64,-0.024266,64848.54,49989.639
002818,2025-09-18,12.13,-0.021774,48279.91,58915.878
002819,2025-09-18,29.69,-0.002352,68115.9,202968.984
002820,2025-09-18,12.71,-0.024559,139951.42,179651.063
002821,2025-09-18,114.18,-0.021761,114585.48,1320483.046
002822,2025-09-18,3.45,-0.022663000000000003,249336.55,87467.439
002823,2025-09-18,17.15,-0.023904,213069.94,372894.328
002824,2025-09-18,19.31,-0.044531999999999995,126315.86,248638.855
002825,2025-09-18,10.0,-0.00892,72985.78,73528.909
002826,2025-09-18,20.78,0.070582,189036.1,385856.677
002827,2025-09-18,40.32,-0.004935999999999999,135698.95,553687.106
002828,2025-09-18,10.28,-0.033835000000000004,195110.56,201795.147
002829,2025-09-18,20.83,0.003855,173021.98,367778.303
002830,2025-09-18,17.62,-0.025442,34117.98,60747.3
002831,2025-09-18,26.31,-0.024832999999999997,33321.09,88305.877
002832,2025-09-18,16.2,-0.018776,91427.88,149394.985
002833,2025-09-18,17.22,-0.019362,118979.67,208007.834
002835,2025-09-18,17.72,-0.026373999999999998,43142.0,77486.491
002836,2025-09-18,9.34,-0.024033000000000002,37067.52,34885.863
002837,2025-09-18,78.08,0.035269,965594.48,7566943.164
002838,2025-09-18,25.94,-0.018911,93112.59,245733.141
002839,2025-09-18,4.35,-0.022472,421766.66,185209.18
002840,2025-09-18,11.47,-0.022997999999999998,224370.78,259389.779
002841,2025-09-18,39.18,-0.013098,87931.53,349560.298
002842,2025-09-18,10.57,-0.052018,276344.81,295703.588
002843,2025-09-18,25.16,0.05981499999999999,464950.03,1182670.778
002845,2025-09-18,14.9,-0.008649,98753.6,149013.77
002846,2025-09-18,19.79,-0.022716,278727.66,554705.2
002847,2025-09-18,69.94,-0.024138000000000003,35661.24,250314.287
002848,2025-09-18,8.23,-0.049654,77110.0,65171.67
002849,2025-09-18,15.52,0.021053000000000002,173360.31,271541.36
002850,2025-09-18,166.17,-0.030116999999999998,130009.58,2220108.443
002851,2025-09-18,80.86,-0.018094,332047.26,2709261.074
002852,2025-09-18,11.04,-0.018667,71436.22,79597.418
002853,2025-09-18,11.9,-0.036437,32109.0,38679.861
002855,2025-09-18,18.58,-0.022105,49271.0,92674.873
002856,2025-09-18,10.3,-0.037383,44079.0,46108.831
002857,2025-09-18,24.82,0.024773,99563.8,247101.754
002858,2025-09-18,15.69,-0.024253999999999998,136845.0,216789.02
002859,2025-09-18,32.22,-0.008005,52080.93,168564.855
002860,2025-09-18,13.51,-0.032928,184749.38,253740.532
002861,2025-09-18,18.08,-0.031083,98062.15,180644.54
002862,2025-09-18,19.37,-0.021223000000000002,80731.4,158529.735
002863,2025-09-18,5.53,-0.019504,224635.32,125575.839
002864,2025-09-18,30.55,-0.033228,64395.12,198713.652
002865,2025-09-18,43.63,-0.032165,108197.42,477423.386
002866,2025-09-18,19.86,-0.034516,265470.59,534103.1
002867,2025-09-18,13.67,-0.016547,118581.54,162457.819
002868,2025-09-18,26.25,0.05,3433.0,9011.625
002869,2025-09-18,31.88,-0.028049,86407.01,279134.809
002870,2025-09-18,39.17,-0.018296,155347.32,625777.416
002871,2025-09-18,16.93,-0.042421,104673.09,182756.217
002872,2025-09-18,5.23,-0.00947,127988.01,68837.448
002873,2025-09-18,11.17,-0.021890999999999997,95027.16,107773.039
002875,2025-09-18,16.8,-0.002375,65148.85,110747.054
002876,2025-09-18,24.9,-0.018913,44969.36,113324.41
002877,2025-09-18,9.1,-0.015152,98496.82,90410.022
002878,2025-09-18,20.43,0.008391,244666.24,494216.708
002879,2025-09-18,17.84,-0.01978,61710.0,111161.629
002880,2025-09-18,27.18,-0.020187,17395.0,47706.063
002881,2025-09-18,50.57,-0.006874,123000.78,631183.76
002882,2025-09-18,32.59,-0.021909,171214.0,565578.578
002883,2025-09-18,11.5,-0.026248999999999998,58001.9,67441.07
002884,2025-09-18,17.22,0.011156999999999999,74834.49,129169.313
002885,2025-09-18,15.9,0.010165,222182.33,356657.791
002886,2025-09-18,23.99,-0.021216,217602.7,530133.106
002887,2025-09-18,9.41,-0.02183,80202.56,76395.275
002888,2025-09-18,18.56,-0.022129,31936.0,59980.57
002889,2025-09-18,15.57,-0.020138,57455.89,90558.107
002890,2025-09-18,15.1,-0.0033,19526.69,29689.177
002891,2025-09-18,54.14,-0.039901,123294.24,674571.712
002892,2025-09-18,16.97,0.060625,958148.36,1614399.773
002893,2025-09-18,10.92,-0.026737999999999998,77277.59,85188.366
002895,2025-09-18,25.77,-0.024232999999999998,87283.52,227674.278
002896,2025-09-18,102.8,-0.025314999999999997,342780.82,3611773.708
002897,2025-09-18,48.5,0.050921,317574.04,1553523.265
002898,2025-09-18,14.3,-0.027871999999999997,32766.1,47296.937
002899,2025-09-18,20.98,-0.020999,63190.0,133176.87
002900,2025-09-18,13.55,-0.012391000000000001,55621.0,75868.35
002901,2025-09-18,54.6,-0.001098,34875.11,191822.729
002902,2025-09-18,24.56,0.004499,224653.26,556426.03
002903,2025-09-18,24.5,0.00040800000000000005,112147.25,276202.287
002905,2025-09-18,15.44,0.09971500000000001,658587.14,980486.407
002906,2025-09-18,33.1,-0.014881,269604.05,909983.971
002907,2025-09-18,17.02,-0.011040000000000001,41448.0,70857.866
002908,2025-09-18,10.69,-0.026412,117271.32,126976.222
002909,2025-09-18,6.59,-0.020802,127873.51,84988.054
002910,2025-09-18,9.69,-0.024169,50815.0,49749.375
002911,2025-09-18,11.24,-0.025997,142303.08,161732.596
002912,2025-09-18,28.35,0.0,69860.86,199295.935
002913,2025-09-18,42.29,0.000947,51946.29,219904.636
002915,2025-09-18,28.21,-0.055574000000000005,435248.92,1263149.78
002916,2025-09-18,197.47,0.050652,154320.99,3002324.71
002917,2025-09-18,14.29,-0.009701999999999999,90986.5,131104.574
002918,2025-09-18,16.01,0.049836,169797.52,269968.761
002919,2025-09-18,15.68,-0.003812,57412.17,89987.143
002920,2025-09-18,137.6,0.00021799999999999999,198595.47,2770884.22
002921,2025-09-18,16.0,-0.027947000000000003,74930.01,122385.277
002922,2025-09-18,20.94,-0.035912,198925.7,422279.659
002923,2025-09-18,13.81,-0.026093,79706.43,111089.93
002925,2025-09-18,17.61,-0.015650999999999998,84562.4,151153.735
002926,2025-09-18,9.72,-0.035714,518906.57,512773.692
002927,2025-09-18,14.83,-0.019828,54186.83,81167.545
002928,2025-09-18,9.57,-0.039157000000000004,223576.29,215751.71
002929,2025-09-18,50.64,-0.032295,213430.4,1101094.836
002930,2025-09-18,10.74,-0.032431999999999996,88527.88,96235.947
002931,2025-09-18,15.81,-0.023471000000000002,76405.12,122237.933
002932,2025-09-18,18.89,-0.021244,32389.71,61668.423
002933,2025-09-18,33.84,-0.011394,33354.0,114350.887
002935,2025-09-18,15.56,0.0,77083.87,121126.872
002936,2025-09-18,2.07,-0.014286,2007387.71,420886.075
002937,2025-09-18,18.84,-0.012060999999999999,63126.0,119933.022
002938,2025-09-18,54.95,0.025377999999999998,466057.77,2568971.994
002939,2025-09-18,11.77,-0.06140399999999999,1928091.39,2303001.42
002940,2025-09-18,40.14,-0.027616,129069.65,527412.48
002941,2025-09-18,15.9,-0.023941,425918.93,684296.038
002942,2025-09-18,18.62,-0.036232,25699.3,48564.72
002943,2025-09-18,37.29,0.016076,63653.69,237324.677
002945,2025-09-18,16.66,-0.03588,249006.12,419094.913
002946,2025-09-18,17.21,-0.030968,66761.42,115882.763
002947,2025-09-18,43.33,-0.019461,87939.21,386868.496
002948,2025-09-18,4.84,-0.026157,430474.8,210539.798
002949,2025-09-18,15.94,0.100069,133738.0,209045.463
002950,2025-09-18,9.6,-0.027356,103829.9,100650.103
002951,2025-09-18,15.33,-0.029747,46117.0,71727.617
002952,2025-09-18,19.57,-0.026368,26808.25,53202.269
002953,2025-09-18,13.38,0.015945,290946.01,388906.19
002955,2025-09-18,29.1,-0.045589000000000005,90006.95,267098.325
002956,2025-09-18,21.41,-0.029905,36976.19,80154.363
002957,2025-09-18,18.45,-0.010724000000000001,179406.63,336257.748
002958,2025-09-18,3.17,-0.024615,554183.0,177954.75
002959,2025-09-18,51.51,-0.021467,18753.39,97852.947
002960,2025-09-18,12.96,0.004651,604741.5,811294.23
002961,2025-09-18,21.33,-0.032214,80701.0,175244.577
002962,2025-09-18,15.01,-0.013798,62079.8,94090.759
002963,2025-09-18,12.93,-0.034354,71744.75,94382.887
002965,2025-09-18,46.37,-0.020283000000000002,350487.18,1657013.043
002966,2025-09-18,7.99,-0.014797,522309.52,419529.345
002967,2025-09-18,18.63,0.007027,148032.34,278705.169
002969,2025-09-18,3.56,-0.019284,177925.0,63721.285
002970,2025-09-18,50.2,-0.027697,84666.99,432428.132
002971,2025-09-18,30.6,-0.0347,54572.5,171505.54
002972,2025-09-18,12.42,-0.029688,40142.2,50467.215
002973,2025-09-18,15.31,-0.007134000000000001,95591.0,147288.873
002975,2025-09-18,69.78,0.099937,215828.78,1476851.506
002976,2025-09-18,25.51,0.004331,42401.62,109345.739
002977,2025-09-18,33.8,-0.015725,29970.96,102258.422
002978,2025-09-18,31.51,-0.026568,69321.15,220891.039
002979,2025-09-18,51.53,-0.025345,247517.02,1296258.221
002980,2025-09-18,23.91,-0.035886999999999995,48847.33,118756.622
002981,2025-09-18,33.55,-0.03481,59691.6,204106.734
002982,2025-09-18,14.99,-0.018979,53497.1,80606.156
002983,2025-09-18,21.19,-0.018980999999999998,47625.43,102202.032
002984,2025-09-18,19.74,-0.012506,189859.43,379651.911
002985,2025-09-18,26.44,-0.007508,56109.6,149736.591
002986,2025-09-18,11.4,-0.028133,50605.24,58456.399
002987,2025-09-18,22.06,-0.029049000000000002,319437.47,713710.846
002988,2025-09-18,43.76,0.005284,87022.72,385211.795
002989,2025-09-18,38.01,0.026742,90445.43,345967.053
002990,2025-09-18,29.34,-0.028477000000000002,37860.0,112748.317
002991,2025-09-18,56.16,-0.014391000000000001,13053.34,73733.21
002992,2025-09-18,56.25,-0.029502999999999998,37783.0,215169.383
002993,2025-09-18,46.83,-0.010564,68444.0,325793.269
002995,2025-09-18,18.3,-0.041383,95188.38,176066.656
002996,2025-09-18,7.36,-0.050323,202151.68,151440.589
002997,2025-09-18,40.02,-0.032164,142569.57,581510.885
002998,2025-09-18,8.0,-0.029126,56101.0,45335.489
002999,2025-09-18,6.69,-0.030435,100433.19,68014.273
003000,2025-09-18,12.24,-0.005686,52358.37,64240.832
003001,2025-09-18,24.65,-0.019881,30308.46,75656.571
003002,2025-09-18,23.92,-0.009934,49449.0,119590.345
003003,2025-09-18,12.35,-0.022168999999999998,66151.57,82006.627
003004,2025-09-18,20.24,-0.026923,16218.0,33447.893
003005,2025-09-18,21.46,-0.027199,53956.21,117438.261
003006,2025-09-18,28.23,-0.033219,33799.88,96409.813
003007,2025-09-18,36.5,0.027301000000000002,62887.7,231420.685
003008,2025-09-18,21.74,-0.016735,12853.41,28062.869
003009,2025-09-18,48.87,-0.007716,41433.0,205266.555
003010,2025-09-18,43.54,-0.008878,73595.99,323639.869
003011,2025-09-18,20.6,0.002433,37448.61,76953.937
003012,2025-09-18,7.03,-0.030345,129914.87,92196.117
003013,2025-09-18,15.08,-0.022683,35569.0,54156.611
003015,2025-09-18,17.96,-0.021253,202625.88,370642.162
003016,2025-09-18,7.9,-0.029484,46627.0,37392.261
003017,2025-09-18,33.2,-0.050885999999999994,60196.2,204021.527
003018,2025-09-18,12.31,0.014003000000000002,54836.0,68116.689
003019,2025-09-18,42.23,0.006435,131350.17,554808.267
003020,2025-09-18,29.07,-0.011224000000000001,74243.87,218085.063
003021,2025-09-18,146.84,-0.017793,214582.71,3198966.819
003022,2025-09-18,21.66,-0.023885,231733.25,507537.586
003023,2025-09-18,21.82,-0.009532,38200.0,83994.125
003025,2025-09-18,14.08,-0.006351,68753.04,97659.268
003026,2025-09-18,35.44,-0.008116,43832.0,157172.337
003027,2025-09-18,19.3,-0.025745,33279.0,65059.677
003028,2025-09-18,33.4,-0.027656,32473.3,110195.483
003029,2025-09-18,26.08,-0.017332,71001.0,187971.004
003030,2025-09-18,18.64,-0.027646999999999998,24102.0,45355.899
003031,2025-09-18,59.32,-0.018855,51420.26,308639.866
003032,2025-09-18,6.57,-0.029542000000000002,73251.0,48855.256
003033,2025-09-18,52.02,-0.014959,50833.87,267875.92
003035,2025-09-18,4.78,-0.01848,194473.39,93718.864
003036,2025-09-18,17.1,-0.031160999999999998,71911.15,124470.263
003037,2025-09-18,8.19,-0.021505,99959.09,82760.372
003038,2025-09-18,17.31,-0.031879,59124.28,103704.583
003039,2025-09-18,13.49,-0.023172,50000.92,68050.549
003040,2025-09-18,22.02,-0.036324,270429.34,602524.09
003041,2025-09-18,23.66,-0.021101,50950.48,123638.332
003042,2025-09-18,16.16,-0.028262,33156.7,54254.315
003043,2025-09-18,52.52,0.029199000000000003,41211.4,213396.309
003816,2025-09-18,3.69,-0.013368999999999999,1516884.55,561143.957
300001,2025-09-18,24.04,-0.021173,302740.42,735689.326
300002,2025-09-18,14.2,-0.049531,1207554.74,1763479.547
300003,2025-09-18,18.93,0.0026479999999999997,364368.94,692711.479
300004,2025-09-18,14.1,-0.060626,772483.2,1116856.937
300005,2025-09-18,9.26,-0.021141999999999998,435027.48,410598.19
300006,2025-09-18,4.52,-0.0131,340578.0,157149.054
300007,2025-09-18,69.79,0.015127,796893.46,5591885.503
300008,2025-09-18,6.36,-0.01548,865884.57,559928.856
300009,2025-09-18,10.71,0.017094,796747.91,871983.479
300010,2025-09-18,7.9,-0.017413,733870.55,585465.768
300011,2025-09-18,8.31,-0.016568,143848.0,120414.715
300012,2025-09-18,12.92,-0.01072,400595.16,523161.608
300013,2025-09-18,4.63,0.0,1252616.31,590307.245
300014,2025-09-18,70.48,-0.047052,989055.04,7074245.182
300015,2025-09-18,12.59,-0.022515999999999998,1404638.57,1783563.43
300016,2025-09-18,9.31,-0.022059000000000002,295233.27,279023.79
300017,2025-09-18,11.38,-0.008711,1321761.12,1532015.707
300018,2025-09-18,8.43,-0.014034999999999999,180092.0,153373.849
300019,2025-09-18,22.22,-0.00045,181421.14,405416.117
300020,2025-09-18,3.73,-0.013228,156691.0,58947.425
300021,2025-09-18,5.04,-0.019455,385651.65,196120.371
300022,2025-09-18,8.64,0.010526,227836.83,198182.493
300024,2025-09-18,20.44,-0.025739,1253116.62,2615702.742
300025,2025-09-18,6.56,-0.029586,207373.67,138246.252
300026,2025-09-18,3.8,-0.018088,638028.1,245114.976
300027,2025-09-18,2.85,-0.013841000000000001,1450046.24,419973.869
300029,2025-09-18,5.86,-0.021703,25375.0,15088.152
300030,2025-09-18,7.92,-0.030600000000000002,104419.38,83946.972
300031,2025-09-18,26.4,-0.008264,418067.78,1129667.494
300032,2025-09-18,5.65,-0.025862,605774.0,347745.092
300033,2025-09-18,366.91,-0.060217,200773.8,7471838.806
300034,2025-09-18,15.89,-0.020949,149389.77,240475.5
300035,2025-09-18,22.55,0.016224000000000002,813658.71,1817484.838
300036,2025-09-18,16.22,-0.01994,141304.66,233221.109
300037,2025-09-18,47.63,-0.007295,275377.12,1320802.347
300039,2025-09-18,6.23,-0.011111,306651.5,192299.89
300040,2025-09-18,6.96,-0.019718,198700.79,140063.381
300041,2025-09-18,11.45,0.040909,595871.53,677766.909
300042,2025-09-18,26.13,-0.018776,179244.59,478296.39
300043,2025-09-18,7.17,-0.068831,2066189.5,1517579.731
300044,2025-09-18,4.2,-0.038902,316106.02,134989.432
300045,2025-09-18,22.7,-0.029914999999999997,389622.26,901419.567
300046,2025-09-18,40.24,-0.014933,188157.32,773252.191
300047,2025-09-18,17.67,0.030922,1038771.21,1848894.445
300048,2025-09-18,6.43,-0.037425,275317.1,179299.627
300049,2025-09-18,85.8,-0.023558,174871.5,1535881.423
300050,2025-09-18,6.7,-0.016153,435013.0,295819.959
300051,2025-09-18,7.08,-0.032787000000000004,135912.68,97047.755
300052,2025-09-18,12.11,-0.031974,131343.02,161782.509
300053,2025-09-18,13.46,-0.024638,314148.62,432634.01
300054,2025-09-18,33.0,0.032218,479993.55,1594679.054
300055,2025-09-18,5.82,-0.016892,135703.03,79870.747
300056,2025-09-18,14.52,-0.028763,216666.55,322172.994
300057,2025-09-18,6.44,-0.043091,871083.45,570235.832
300058,2025-09-18,6.68,-0.030479,2052224.64,1396057.283
300059,2025-09-18,26.87,-0.047500999999999995,9178317.86,25053883.558
300061,2025-09-18,12.91,-0.055596,483618.94,638064.616
300062,2025-09-18,5.6,-0.020979,138488.2,78277.775
300063,2025-09-18,9.26,-0.02935,599893.06,563135.866
300065,2025-09-18,18.49,-0.005914,516089.74,968657.761
300066,2025-09-18,6.7,-0.028986,470376.56,318982.882
300067,2025-09-18,5.06,-0.021277,466676.39,238521.888
300068,2025-09-18,19.12,-0.039196,1088550.81,2128173.885
300069,2025-09-18,19.97,-0.027277,48515.75,97816.98
300070,2025-09-18,4.43,-0.013363,427324.44,190758.089
300071,2025-09-18,4.78,-0.01848,320230.54,153516.951
300072,2025-09-18,3.72,-0.013263,409406.45,154370.067
300073,2025-09-18,55.27,-0.014619,498642.51,2798413.387
300074,2025-09-18,4.85,-0.026104,209129.05,103091.763
300075,2025-09-18,16.75,-0.023323999999999998,174076.95,296009.39
300076,2025-09-18,6.51,-0.022523,141878.74,93456.838
300077,2025-09-18,25.18,-0.021756,424796.83,1095754.421
300078,2025-09-18,3.58,-0.02981,436513.4,158681.035
300079,2025-09-18,5.93,-0.023064,568045.0,342764.89
300080,2025-09-18,4.46,-0.034632,256619.04,115873.641
300081,2025-09-18,5.29,-0.027574,252042.02,135133.541
300082,2025-09-18,7.77,-0.029963000000000004,121923.0,96285.41
300083,2025-09-18,10.79,-0.034884,1622001.01,1782215.068
300084,2025-09-18,8.79,0.005721,294393.0,261312.926
300085,2025-09-18,54.57,-0.087458,954793.83,5318768.333
300086,2025-09-18,6.78,-0.011661999999999999,295601.87,202756.472
300087,2025-09-18,9.03,-0.010953,264475.71,240248.563
300088,2025-09-18,6.73,-0.01895,1028730.0,702035.014
300091,2025-09-18,3.23,0.052117000000000004,1603163.34,513728.35
300092,2025-09-18,16.9,-0.052159000000000004,347716.59,599145.761
300093,2025-09-18,14.4,0.030043,86773.0,127079.912
300094,2025-09-18,3.81,-0.018041,579383.11,223263.4
300095,2025-09-18,9.33,-0.025078,135940.0,129005.048
300096,2025-09-18,6.35,-0.046547,236193.0,151918.592
300097,2025-09-18,5.75,-0.022109,62843.8,36523.921
300098,2025-09-18,6.04,-0.024232999999999998,1005837.99,617286.368
300099,2025-09-18,6.93,-0.008584000000000001,196426.55,138110.119
300100,2025-09-18,47.97,-0.027964000000000003,586584.93,2885151.012
300101,2025-09-18,24.99,0.012561,205844.56,520434.138
300102,2025-09-18,12.48,-0.026521,375321.46,477326.083
300103,2025-09-18,7.43,-0.06186899999999999,240637.47,179986.385
300105,2025-09-18,7.26,-0.017591000000000002,97164.0,71185.755
300106,2025-09-18,11.41,-0.024786000000000002,114047.4,131548.57
300107,2025-09-18,7.47,-0.02097,94781.94,71239.226
300109,2025-09-18,17.13,-0.027809,121573.59,211827.519
300110,2025-09-18,3.4,-0.017341,298533.5,102966.727
300112,2025-09-18,8.92,-0.018702,83548.0,75398.682
300113,2025-09-18,24.56,-0.032690000000000004,353416.02,885238.306
300115,2025-09-18,34.5,0.09039199999999999,3139095.5,10414330.647
300118,2025-09-18,10.6,-0.032847,486128.3,521195.021
300119,2025-09-18,22.06,0.0,111267.0,247138.038
300120,2025-09-18,9.8,0.031579,675778.18,669525.929
300121,2025-09-18,15.96,0.006305,401159.71,646753.585
300122,2025-09-18,22.66,0.040404,925783.96,2120067.861
300123,2025-09-18,6.09,-0.016155,300913.04,185164.923
300124,2025-09-18,82.6,-0.017252,958787.2,8126045.08
300125,2025-09-18,8.18,-0.002439,88349.0,72974.116
300126,2025-09-18,10.07,0.20023800000000003,273398.03,265210.567
300128,2025-09-18,5.57,-0.00713,728924.2,410033.042
300129,2025-09-18,7.84,0.009009,512743.95,403619.41
300130,2025-09-18,27.81,-0.036049000000000005,253143.0,717774.639
300131,2025-09-18,11.41,0.001756,1112411.81,1283348.307
300132,2025-09-18,6.18,-0.020602,179943.57,112560.474
300133,2025-09-18,8.99,-0.033333,1139873.27,1040007.107
300134,2025-09-18,13.29,-0.015556,262773.2,353703.42
300135,2025-09-18,4.68,0.04698,1277256.84,604437.259
300136,2025-09-18,25.75,-0.009234,444430.87,1158602.402
300137,2025-09-18,6.58,-0.06666699999999999,258376.31,173881.826
300138,2025-09-18,12.82,-0.020626000000000002,65551.0,84760.961
300139,2025-09-18,24.59,-0.08757,664423.45,1657070.518
300140,2025-09-18,6.16,-0.015974,124749.3,77553.672
300141,2025-09-18,9.41,-0.036847,93628.51,89370.612
300142,2025-09-18,12.2,-0.013743,481879.34,597154.661
300143,2025-09-18,11.52,-0.039199000000000005,202372.43,237521.626
300144,2025-09-18,9.3,0.00432,1134637.46,1057662.798
300145,2025-09-18,4.95,0.006098,1655127.66,823672.674
300146,2025-09-18,12.07,0.002492,394976.9,482873.938
300147,2025-09-18,11.14,-0.030461000000000002,290057.82,332834.655
300148,2025-09-18,4.96,-0.038759999999999996,614039.93,311515.337
300149,2025-09-18,13.0,-0.032738,382358.08,505129.264
300150,2025-09-18,5.6,-0.022688,209377.0,118468.23
300151,2025-09-18,13.38,-0.025492,140841.59,191615.298
300152,2025-09-18,2.73,0.00738,326984.0,89953.414
300153,2025-09-18,38.37,-0.0254,333249.09,1302573.693
300154,2025-09-18,9.07,0.007778,139267.27,128017.231
300155,2025-09-18,4.94,-0.02947,121171.0,60540.994
300157,2025-09-18,4.84,-0.026157,361466.93,176892.674
300158,2025-09-18,7.58,0.024324,795464.58,608108.245
300159,2025-09-18,2.75,0.011029,465899.0,129254.277
300160,2025-09-18,6.02,-0.01473,183859.0,111334.236
300161,2025-09-18,30.55,-0.020519,96272.0,297760.371
300162,2025-09-18,7.5,-0.027237,153878.0,117277.009
300163,2025-09-18,3.61,-0.016349,325816.7,119283.536
300164,2025-09-18,5.58,-0.059022,1350742.0,766603.067
300165,2025-09-18,4.9,-0.023904,109005.2,54164.451
300166,2025-09-18,10.83,-0.023445,474870.13,524783.921
300167,2025-09-18,6.28,-0.012579,111085.75,71865.933
300168,2025-09-18,7.12,-0.023319999999999997,325251.98,235675.169
300169,2025-09-18,7.43,-0.035065,160797.0,120624.974
300170,2025-09-18,18.19,-0.017287999999999998,693052.32,1283069.85
300171,2025-09-18,14.56,0.009709,180675.13,265517.596
300172,2025-09-18,5.32,-0.01845,178054.12,95889.749
300173,2025-09-18,6.31,-0.046828,690527.0,443942.492
300174,2025-09-18,17.4,-0.016393,134657.24,236715.682
300175,2025-09-18,6.18,-0.025237,119105.0,74338.152
300176,2025-09-18,7.61,-0.041562,264036.66,204390.182
300177,2025-09-18,10.38,0.019646,649265.23,692823.544
300179,2025-09-18,10.42,-0.027077,357243.11,375429.592
300180,2025-09-18,7.8,-0.037037,935603.86,735919.285
300181,2025-09-18,17.8,-0.014395999999999999,149509.0,268745.846
300182,2025-09-18,5.88,-0.036066,1074809.63,642367.871
300183,2025-09-18,17.35,-0.009138,148569.11,261038.895
300184,2025-09-18,11.84,-0.018242,1158546.02,1398995.905
300185,2025-09-18,3.36,0.127517,8380311.02,2857011.207
300187,2025-09-18,5.09,-0.028626,90901.99,46746.096
300188,2025-09-18,15.71,-0.039144,238593.43,381757.724
300189,2025-09-18,4.59,-0.021322,804140.05,374097.277
300190,2025-09-18,4.38,-0.030973,195143.75,86413.559
300191,2025-09-18,19.73,-0.024232999999999998,66968.58,133320.931
300192,2025-09-18,19.49,0.013521,385320.6,762412.138
300193,2025-09-18,9.58,-0.002083,188746.6,183182.933
300194,2025-09-18,4.54,-0.017316,239291.45,109669.162
300195,2025-09-18,8.56,0.035067,531372.9,462837.289
300196,2025-09-18,15.83,0.012148,215628.82,343877.472
300197,2025-09-18,2.48,0.0,1698304.05,430292.34
300198,2025-09-18,2.23,-0.030435,268643.77,60735.709
300199,2025-09-18,24.82,0.027318,924472.34,2294656.295
300200,2025-09-18,10.16,-0.017408,143352.22,147796.972
300201,2025-09-18,5.38,-0.0037040000000000003,329729.0,179449.417
300203,2025-09-18,18.94,0.000528,172411.15,329257.791
300204,2025-09-18,36.93,-0.0016220000000000002,254099.81,944277.416
300205,2025-09-18,5.21,-0.009506,58104.04,30520.226
300206,2025-09-18,12.16,-0.024077,93555.0,115136.876
300207,2025-09-18,29.57,-0.044279,1485710.53,4449336.712
300209,2025-09-18,6.1,-0.049844,622316.5,388918.846
300210,2025-09-18,10.33,-0.030047,135143.25,141571.625
300211,2025-09-18,9.2,-0.031579,86521.71,81162.905
300212,2025-09-18,22.34,-0.023174,297149.68,676623.173
300213,2025-09-18,10.66,-0.06980800000000001,494349.6,544431.68
300214,2025-09-18,7.66,-0.009056,130944.79,101199.719
300215,2025-09-18,6.18,-0.023697,133408.01,84028.929
300217,2025-09-18,6.02,-0.029032,1140828.78,698775.312
300218,2025-09-18,19.76,-0.004032,165187.08,333216.851
300219,2025-09-18,7.63,0.001312,1035581.61,786778.965
300220,2025-09-18,16.35,-0.031972,46293.0,76758.265
300221,2025-09-18,9.03,-0.010953,301426.51,276835.629
300222,2025-09-18,13.3,-0.024211,702037.59,948785.962
300223,2025-09-18,80.65,-0.019214,392828.75,3242195.556
300224,2025-09-18,16.89,-0.039795,487355.47,838268.726
300225,2025-09-18,5.36,-0.028986,177398.93,96658.656
300226,2025-09-18,26.96,-0.017851,228773.66,628411.492
300227,2025-09-18,9.56,0.0,247502.02,238555.298
300228,2025-09-18,7.68,0.011858,265700.7,203813.913
300229,2025-09-18,22.2,-0.008929,597389.87,1345460.46
300230,2025-09-18,5.48,-0.016158,319906.69,176912.648
300231,2025-09-18,12.07,-0.0163,205507.57,250783.132
300232,2025-09-18,8.28,-0.034965,700776.01,587777.36
300233,2025-09-18,19.28,-0.021320000000000002,210583.33,408874.489
300234,2025-09-18,5.45,-0.035398,135949.0,74866.248
300235,2025-09-18,12.38,-0.018239000000000002,104770.52,131097.59
300236,2025-09-18,53.98,-0.004977,198863.71,1096745.664
300237,2025-09-18,3.57,-0.050532,1771671.67,648731.249
300238,2025-09-18,16.03,-0.037815,101060.0,164388.842
300239,2025-09-18,5.64,-0.01913,123261.31,70497.604
300240,2025-09-18,8.25,-0.039581,316120.03,265855.487
300241,2025-09-18,5.85,-0.025,322100.07,191845.393
300242,2025-09-18,4.36,-0.028953000000000003,254285.0,112385.366
300243,2025-09-18,11.26,-0.031814,100394.7,114464.724
300244,2025-09-18,16.39,-0.026722000000000003,249700.73,416914.306
300245,2025-09-18,15.88,-0.022167,148809.52,238743.464
300246,2025-09-18,8.69,-0.024691,60304.0,53149.635
300247,2025-09-18,4.42,-0.034934,338293.0,151581.674
300248,2025-09-18,13.08,-0.027509000000000002,145012.05,192560.244
300249,2025-09-18,17.32,0.004058,472984.84,830968.493
300250,2025-09-18,17.82,-0.021953999999999998,201679.08,369556.684
300251,2025-09-18,18.63,-0.023585,649297.07,1223500.734
300252,2025-09-18,15.46,-0.028894000000000003,1042046.22,1631493.698
300253,2025-09-18,9.23,-0.014941,579069.47,541285.244
300254,2025-09-18,10.96,0.0064280000000000006,101705.41,112045.911
300255,2025-09-18,46.61,0.003229,206836.27,962433.296
300256,2025-09-18,4.6,-0.033613,1106241.5,517217.413
300257,2025-09-18,14.33,-0.033715,134647.15,196135.918
300258,2025-09-18,16.6,-0.024103,636177.45,1096269.85
300259,2025-09-18,3.97,-0.005013,299405.94,120069.055
300260,2025-09-18,39.26,-0.003553,484006.57,1946317.542
300261,2025-09-18,7.3,-0.026667,219982.26,162855.437
300263,2025-09-18,8.58,-0.013793,522700.97,455220.535
300264,2025-09-18,6.09,-0.036392,210238.73,130040.829
300265,2025-09-18,9.25,-0.013859,139163.0,130366.181
300266,2025-09-18,2.91,0.006919999999999999,630580.1,186445.519
300267,2025-09-18,3.72,-0.021053000000000002,577106.04,218980.143
300268,2025-09-18,10.5,-0.015009,15721.66,16753.871
300269,2025-09-18,5.28,-0.038251,441974.5,237022.208
300270,2025-09-18,8.09,-0.036905,82044.0,67425.129
300271,2025-09-18,7.87,-0.023573,241490.23,192802.512
300272,2025-09-18,6.62,-0.010463,147007.67,97798.954
300274,2025-09-18,142.55,0.011065,1357716.8,19132628.772
300275,2025-09-18,13.4,-0.012528,98698.91,133568.51
300276,2025-09-18,11.46,-0.033727,1326564.29,1548470.897
300277,2025-09-18,16.55,0.048132,585476.79,946237.1
300278,2025-09-18,5.97,-0.026101,552087.0,335587.461
300279,2025-09-18,8.02,-0.024331000000000002,210299.77,170339.379
300280,2025-09-18,0.53,-0.053571,257554.35,13711.006
300281,2025-09-18,7.85,-0.012579,143398.0,114734.247
300283,2025-09-18,7.37,-0.039113,482906.36,361600.994
300284,2025-09-18,8.74,-0.029967,205820.58,182647.943
300285,2025-09-18,22.5,-0.024707,350197.23,796151.782
300286,2025-09-18,24.62,-0.039407,77108.7,193494.014
300287,2025-09-18,6.31,-0.042489,1527692.88,976921.259
300288,2025-09-18,14.64,-0.023349,74206.01,110083.217
300289,2025-09-18,7.84,-0.017544,178544.5,141088.989
300290,2025-09-18,27.9,-0.11316000000000001,886739.34,2574883.378
300291,2025-09-18,6.47,-0.028529,387267.0,253503.108
300292,2025-09-18,5.09,-0.023033,501154.99,258265.649
300293,2025-09-18,24.72,-0.007627,289166.4,724912.801
300294,2025-09-18,25.34,-0.013624,67058.74,171083.056
300295,2025-09-18,13.2,-0.039301,68042.0,91218.067
300296,2025-09-18,7.24,-0.038513,1889258.22,1389649.832
300298,2025-09-18,20.39,-0.009232,108631.65,222646.749
300299,2025-09-18,6.86,-0.028329,480635.3,337906.81
300300,2025-09-18,5.07,-0.041588,322218.49,165783.404
300301,2025-09-18,2.29,-0.021368,165437.2,38558.467
300302,2025-09-18,16.63,-0.030886,444359.13,761537.622
300303,2025-09-18,6.84,-0.033898000000000005,784607.62,545538.727
300304,2025-09-18,14.79,0.00818,689981.75,1040727.836
300305,2025-09-18,6.3,-0.001585,78523.15,49074.895
300306,2025-09-18,12.83,-0.029501,63551.0,82764.285
300307,2025-09-18,7.36,-0.017356,200144.0,149150.46
300308,2025-09-18,409.4,0.007878,561607.86,22855123.991
300310,2025-09-18,6.61,-0.025074,401055.94,270043.551
300311,2025-09-18,4.97,-0.019724,179407.2,89978.046
300313,2025-09-18,8.42,0.002381,72831.0,61560.773
300314,2025-09-18,14.16,-0.026804,66809.0,96365.286
300315,2025-09-18,5.58,-0.027875,1350998.81,767414.663
300316,2025-09-18,37.82,-0.017917000000000002,502053.36,1911593.299
300317,2025-09-18,4.34,-0.039823,538470.31,237637.09
300318,2025-09-18,5.78,-0.015331999999999998,71103.0,41528.342
300319,2025-09-18,12.56,-0.011802,396363.26,504919.271
300320,2025-09-18,10.72,-0.012891,177074.24,192867.919
300321,2025-09-18,38.42,-0.009283,18266.75,70436.402
300322,2025-09-18,26.09,0.012811,788106.42,2056943.482
300323,2025-09-18,8.75,-0.036344,376200.6,334139.088
300324,2025-09-18,7.26,-0.045992,3229125.99,2442327.876
300326,2025-09-18,5.55,-0.017699,103479.63,58338.91
300327,2025-09-18,25.63,-0.019885,151331.77,394775.642
300328,2025-09-18,19.14,0.0,999470.26,1933873.66
300329,2025-09-18,13.81,-0.063729,222971.56,312418.707
300331,2025-09-18,38.68,0.005459,730526.98,2846274.515
300332,2025-09-18,5.54,-0.039861,363038.0,204406.983
300333,2025-09-18,13.59,-0.031361,191933.19,263795.429
300334,2025-09-18,6.94,-0.040111,77600.0,55153.313
300335,2025-09-18,6.05,-0.017857,413077.86,255539.657
300337,2025-09-18,10.6,-0.057778,406886.33,438903.295
300338,2025-09-18,4.0,-0.019608,61443.0,24863.793
300339,2025-09-18,60.82,-0.008962,826336.04,5124029.692
300340,2025-09-18,14.07,-0.032325,174267.05,248510.217
300341,2025-09-18,17.06,-0.035613,129417.0,224714.368
300342,2025-09-18,17.72,-0.020994000000000002,219426.62,395610.605
300343,2025-09-18,5.06,-0.030651,279298.93,143318.472
300344,2025-09-18,5.06,-0.025048,187879.12,95840.664
300345,2025-09-18,7.15,-0.019204000000000002,231743.06,167865.094
300346,2025-09-18,36.0,-0.000278,704629.36,2563672.805
300347,2025-09-18,59.45,-0.012785999999999999,156621.43,941896.111
300348,2025-09-18,15.72,-0.02963,359133.52,572239.544
300349,2025-09-18,12.66,-0.016316999999999998,99360.72,126706.643
300350,2025-09-18,6.29,-0.036753,364424.91,233800.648
300351,2025-09-18,18.26,-0.006529,256738.14,475453.071
300352,2025-09-18,6.24,-0.04,756097.28,480378.052
300353,2025-09-18,26.77,-0.059711999999999994,795483.1,2187443.973
300354,2025-09-18,44.86,-0.0084,105053.62,484861.691
300355,2025-09-18,4.51,-0.030108000000000003,626607.0,287028.783
300357,2025-09-18,29.45,-0.020619000000000002,123092.81,367539.975
300358,2025-09-18,9.02,0.093333,754961.63,691422.419
300359,2025-09-18,5.84,-0.021776,149553.0,88388.843
300360,2025-09-18,15.87,0.021236,233417.86,370897.455
300363,2025-09-18,27.21,-0.021927,336162.44,924645.494
300364,2025-09-18,27.11,-0.024468999999999998,718727.19,1998393.247
300365,2025-09-18,6.44,-0.022761999999999998,159840.0,104210.867
300366,2025-09-18,8.13,-0.019299999999999998,300259.93,246034.465
300368,2025-09-18,16.4,-0.038123,1365394.78,2228735.124
300369,2025-09-18,7.72,-0.017811999999999998,180637.0,141933.271
300370,2025-09-18,3.37,-0.0059,1184155.98,405299.159
300371,2025-09-18,13.98,0.002151,84409.73,119589.436
300373,2025-09-18,67.48,0.0026750000000000003,230750.04,1571575.895
300374,2025-09-18,16.53,-0.030499000000000002,68007.0,113804.493
300375,2025-09-18,5.23,-0.020599,281087.69,149083.162
300376,2025-09-18,5.19,-0.018904,291716.38,153004.739
300377,2025-09-18,23.59,-0.045712,589046.91,1406119.058
300378,2025-09-18,50.95,-0.026371000000000002,213176.21,1104814.694
300379,2025-09-18,2.7,-0.198813,112868.0,30474.36
300380,2025-09-18,51.8,-0.053708,127226.0,670232.952
300381,2025-09-18,6.99,-0.023743,110789.83,78388.741
300382,2025-09-18,18.67,0.020776,737006.54,1414641.967
300383,2025-09-18,14.8,-0.016611,891467.72,1344390.95
300384,2025-09-18,17.06,-0.016715,58559.84,100948.697
300385,2025-09-18,5.16,-0.030074999999999998,76593.12,39923.867
300386,2025-09-18,18.33,-0.033736999999999996,112050.0,208990.669
300387,2025-09-18,9.24,0.0054410000000000005,175185.0,163395.204
300388,2025-09-18,8.61,-0.053846,240480.05,213175.941
300389,2025-09-18,15.99,-0.029144,126817.61,205144.296
300390,2025-09-18,22.48,-0.028522,333894.83,761514.652
300391,2025-09-18,3.83,-0.022959,101924.0,39495.582
300393,2025-09-18,6.07,-0.031898,354381.83,217838.642
300394,2025-09-18,179.88,-0.012028,410369.05,7411297.766
300395,2025-09-18,87.29,0.023689,260087.28,2270658.248
300396,2025-09-18,13.68,-0.018651,34163.94,47228.269
300397,2025-09-18,12.27,-0.021530999999999998,174365.11,217338.309
300398,2025-09-18,24.0,0.019541,665027.1,1602204.716
300399,2025-09-18,28.98,-0.052012,136623.87,402179.539
300400,2025-09-18,25.5,0.023274,217422.0,553215.129
300401,2025-09-18,14.3,-0.026549,165686.88,239992.957
300402,2025-09-18,18.05,-0.025903999999999996,57613.0,104884.792
300403,2025-09-18,17.18,-0.037535,763805.62,1345406.243
300404,2025-09-18,10.54,-0.021356,159096.06,170381.37
300405,2025-09-18,6.14,-0.028481,89706.2,55778.276
300406,2025-09-18,13.67,-0.010853999999999999,56503.06,77726.994
300407,2025-09-18,11.3,-0.02921,54523.0,62347.568
300408,2025-09-18,45.3,-0.004177,419425.81,1929672.89
300409,2025-09-18,26.17,0.017891999999999998,1051795.68,2777333.924
300410,2025-09-18,9.59,-0.031313,349917.39,339664.872
300411,2025-09-18,13.01,-0.019593,154225.98,203347.391
300412,2025-09-18,5.41,-0.019927999999999998,341801.0,190163.19
300413,2025-09-18,31.74,-0.006573,261301.53,837866.362
300414,2025-09-18,12.4,-0.022853,132104.77,166304.005
300415,2025-09-18,27.85,-0.039324,295912.8,836278.806
300416,2025-09-18,17.93,0.017594000000000002,307889.4,549731.792
300417,2025-09-18,12.94,-0.035047999999999996,32581.8,42686.977
300418,2025-09-18,41.62,0.009949,1087590.17,4590711.555
300419,2025-09-18,6.91,-0.0014449999999999999,220012.62,154572.141
300420,2025-09-18,4.44,0.006803,1313849.27,590754.077
300421,2025-09-18,16.26,-0.014544999999999999,329707.6,544145.53
300422,2025-09-18,5.1,-0.030417999999999997,159114.01,82263.094
300423,2025-09-18,7.01,-0.033103,148533.46,105736.08
300424,2025-09-18,15.51,-0.018975,73925.58,116219.209
300425,2025-09-18,5.2,-0.020716000000000002,114524.81,60223.267
300426,2025-09-18,10.63,-0.020276000000000002,117784.53,126151.089
300427,2025-09-18,6.09,-0.028708,205159.0,126534.838
300428,2025-09-18,23.84,-0.045254,345537.3,838865.823
300429,2025-09-18,13.93,0.021261000000000002,411918.71,572047.388
300430,2025-09-18,21.37,-0.029519000000000004,125705.7,272956.823
300432,2025-09-18,15.88,-0.026961,1290624.11,2085734.807
300433,2025-09-18,31.41,-0.021495,1593328.35,5070893.613
300434,2025-09-18,9.75,-0.016145,96689.44,94999.708
300435,2025-09-18,19.85,0.031169,411139.24,827945.222
300436,2025-09-18,111.4,-0.004557,127997.99,1438595.071
300437,2025-09-18,8.98,-0.032328,76187.12,69266.31
300438,2025-09-18,31.71,-0.03146,310869.53,998566.509
300439,2025-09-18,10.54,-0.021356,56475.05,60259.567
300440,2025-09-18,12.93,-0.024151,98171.0,128325.38
300441,2025-09-18,8.5,-0.025228999999999998,144370.0,124674.937
300442,2025-09-18,53.42,-0.018015,436550.93,2391124.406
300443,2025-09-18,30.15,-0.038891,233895.1,714869.166
300444,2025-09-18,8.25,-0.025974,348501.69,290050.836
300445,2025-09-18,19.75,-0.029961,81480.42,163550.047
300446,2025-09-18,17.07,-0.008711,173584.0,300086.601
300447,2025-09-18,14.58,-0.005457,61384.4,90403.082
300448,2025-09-18,6.31,-0.026234999999999998,159411.74,102052.822
300449,2025-09-18,8.02,-0.0441,276491.0,226827.278
300450,2025-09-18,56.73,0.058988,2304327.91,12917458.99
300451,2025-09-18,5.03,-0.019493,477766.3,242754.674
300452,2025-09-18,13.13,-0.019417,57112.75,75823.472
300453,2025-09-18,9.43,-0.020768,99451.52,94533.248
300454,2025-09-18,121.0,-0.003951,112015.58,1380660.388
300455,2025-09-18,17.18,-0.012643999999999999,169154.76,295591.984
300456,2025-09-18,26.18,0.038065,1265580.49,3350264.718
300457,2025-09-18,34.98,0.000286,698744.47,2436847.585
300458,2025-09-18,50.27,-0.012183,1046851.57,5442530.669
300459,2025-09-18,5.29,-0.025783,1875587.33,1008306.653
300460,2025-09-18,10.1,-0.023211,106629.8,109296.245
300461,2025-09-18,20.01,-0.037055,38680.0,78656.663
300462,2025-09-18,10.48,-0.028730000000000002,51535.0,55008.483
300463,2025-09-18,11.93,-0.013234,93891.41,113040.235
300464,2025-09-18,5.55,-0.038128,152653.0,86126.814
300465,2025-09-18,24.86,0.021364,581932.6,1452314.217
300466,2025-09-18,9.7,-0.03,150647.2,148230.935
300467,2025-09-18,27.1,0.056117999999999994,331828.0,927177.309
300468,2025-09-18,40.65,-0.040820999999999996,514955.72,2114444.041
300469,2025-09-18,88.79,-0.000113,185182.71,1668404.447
300470,2025-09-18,38.1,-0.012185999999999999,80218.0,311188.559
300471,2025-09-18,11.2,-0.009726,239774.34,276577.297
300472,2025-09-18,6.77,-0.039716,157604.63,107642.928
300473,2025-09-18,32.33,-0.014329000000000001,112534.42,372061.785
300474,2025-09-18,77.54,-0.017112000000000002,216119.02,1714995.056
300475,2025-09-18,75.51,-0.036862,486236.68,3747022.984
300476,2025-09-18,323.5,-0.031059999999999997,575279.23,18889260.588
300477,2025-09-18,2.12,0.014354,859044.62,184478.923
300478,2025-09-18,25.78,-0.034817999999999995,163894.4,431433.079
300479,2025-09-18,19.9,-0.03163,78212.5,158237.889
300480,2025-09-18,16.09,-0.018304,129994.92,211237.534
300481,2025-09-18,14.51,-0.010907,65438.5,95729.77
300482,2025-09-18,21.69,-0.008683999999999999,69253.56,152193.185
300483,2025-09-18,12.12,-0.022581000000000004,159536.04,196141.697
300484,2025-09-18,23.49,-0.027732,186989.15,448967.817
300485,2025-09-18,12.17,-0.014575,103048.0,127069.719
300486,2025-09-18,21.95,-0.006787,454558.59,1029243.257
300487,2025-09-18,54.05,-0.020301,50409.37,276246.925
300488,2025-09-18,38.23,-0.017224,73835.22,286334.98
300489,2025-09-18,46.8,-0.017426,70345.0,333222.267
300490,2025-09-18,9.6,-0.031282000000000004,166548.99,162047.546
300491,2025-09-18,32.9,-0.04277,140042.6,469489.413
300492,2025-09-18,78.8,-0.015,25198.64,199949.073
300493,2025-09-18,21.69,-0.006868,357388.59,791328.236
300494,2025-09-18,14.23,-0.023336000000000003,331076.46,479394.603
300496,2025-09-18,75.06,-0.03497,455457.37,3520174.817
300497,2025-09-18,11.11,0.002708,213092.75,238299.952
300498,2025-09-18,19.08,-0.029502,599495.18,1153342.935
300499,2025-09-18,34.51,0.069746,933925.44,3115417.714
300500,2025-09-18,13.73,-0.028309,46222.0,64257.58
300501,2025-09-18,16.68,-0.017668,79455.51,134334.104
300502,2025-09-18,345.51,-0.006183999999999999,525090.56,18219971.575
300503,2025-09-18,32.88,-0.038034,400508.6,1349393.907
300504,2025-09-18,14.89,-0.013907000000000001,46490.0,69935.78
300505,2025-09-18,19.61,-0.013085,121637.68,239934.607
300506,2025-09-18,4.04,0.015075,155924.76,63434.081
300507,2025-09-18,10.44,0.2,2267979.51,2274645.561
300508,2025-09-18,30.7,-0.021046,24197.5,75531.43
300509,2025-09-18,9.4,-0.017764,65048.23,61724.527
300510,2025-09-18,4.52,-0.017391,396485.12,180905.336
300511,2025-09-18,5.85,0.0,282739.95,167204.544
300512,2025-09-18,8.12,-0.029869,54701.5,45001.652
300513,2025-09-18,9.12,-0.029786999999999998,146912.54,135979.993
300514,2025-09-18,14.12,-0.020125,43162.0,61634.825
300515,2025-09-18,20.83,-0.033410999999999996,60524.0,128294.515
300516,2025-09-18,37.62,-0.0037080000000000004,26967.0,102204.63
300517,2025-09-18,11.23,-0.014912000000000002,70080.4,79281.52
300518,2025-09-18,12.9,-0.032984,104484.21,136625.108
300519,2025-09-18,15.93,-0.026878000000000003,48066.3,77767.196
300520,2025-09-18,25.42,0.014366,320689.29,832238.229
300521,2025-09-18,32.3,0.16564399999999999,299541.53,946633.825
300522,2025-09-18,13.29,-0.003748,105500.68,140875.97
300523,2025-09-18,21.51,0.00046499999999999997,55091.7,119772.047
300525,2025-09-18,14.16,-0.015983,263304.78,379326.721
300527,2025-09-18,8.38,-0.025581,269579.51,228492.267
300528,2025-09-18,26.88,-0.048496,528202.74,1473343.343
300529,2025-09-18,22.93,-0.02467,103632.01,240483.209
300530,2025-09-18,35.38,-0.029355000000000003,86704.0,309814.757
300531,2025-09-18,18.88,-0.018711,143179.96,273773.026
300532,2025-09-18,13.69,-0.025623,176965.93,245274.54
300533,2025-09-18,40.52,-0.045465,237988.5,994083.296
300534,2025-09-18,9.86,-0.016949000000000002,124950.09,124739.191
300535,2025-09-18,19.35,-0.046798,31411.72,62078.555
300536,2025-09-18,9.18,-0.059426,172066.0,160528.656
300537,2025-09-18,24.41,-0.0236,136761.1,338474.055
300538,2025-09-18,16.55,-0.032729,73356.03,123718.897
300539,2025-09-18,42.78,0.035334,342685.16,1498449.895
300540,2025-09-18,19.81,-0.0010090000000000001,122419.2,246710.079
300541,2025-09-18,15.68,-0.013216,321578.07,513291.065
300542,2025-09-18,21.06,-0.031279,119479.07,255498.967
300543,2025-09-18,13.67,0.020149,493552.1,681601.474
300545,2025-09-18,33.97,-0.021320000000000002,88275.26,305434.406
300546,2025-09-18,27.26,-0.038109000000000004,117047.9,324223.667
300547,2025-09-18,46.0,0.034173,302365.2,1389944.882
300548,2025-09-18,127.78,0.065366,364212.57,4552447.547
300549,2025-09-18,19.9,-0.026895,58161.0,117424.893
300550,2025-09-18,12.89,-0.019772,48220.1,62461.165
300551,2025-09-18,12.88,-0.020531999999999998,270987.5,353388.401
300552,2025-09-18,28.97,-0.011937,124540.8,369396.121
300553,2025-09-18,40.97,-0.019856,50951.91,213222.99
300554,2025-09-18,24.43,0.008671,94275.11,233503.791
300555,2025-09-18,11.05,-0.014273000000000001,39036.0,43221.87
300556,2025-09-18,19.92,-0.034416,62079.0,125669.354
300557,2025-09-18,28.15,-0.015733999999999998,37123.5,106022.437
300558,2025-09-18,68.9,0.003934,65651.96,453633.615
300559,2025-09-18,14.45,-0.021002999999999997,165024.5,240946.479
300560,2025-09-18,13.76,-0.011493999999999999,69752.0,97151.87
300561,2025-09-18,16.66,-0.050171,180202.83,305342.514
300562,2025-09-18,14.77,-0.012701,82944.22,123635.794
300563,2025-09-18,40.23,-0.010576,116987.16,474843.729
300564,2025-09-18,15.9,-0.024540000000000003,37600.4,60668.469
300565,2025-09-18,12.36,-0.017488,96236.9,120681.533
300566,2025-09-18,19.26,-0.008239,97711.97,190202.278
300567,2025-09-18,74.55,0.007977,149127.99,1130398.03
300568,2025-09-18,13.78,-0.022695,1134120.84,1583549.023
300569,2025-09-18,6.09,0.016694,1040926.38,642542.534
300570,2025-09-18,116.19,0.022889,213968.64,2489899.292
300571,2025-09-18,33.56,-0.001488,112627.0,385642.834
300572,2025-09-18,28.35,-0.014598999999999999,206697.2,590188.904
300573,2025-09-18,71.61,-0.019041,155606.24,1130330.966
300575,2025-09-18,6.9,-0.041666999999999996,456296.52,319629.894
300576,2025-09-18,37.75,-0.010744,174656.33,670774.445
300577,2025-09-18,25.29,0.01444,54736.39,139881.823
300578,2025-09-18,18.7,-0.027055,57826.77,109837.054
300579,2025-09-18,35.89,-0.035215,85880.38,313788.401
300580,2025-09-18,30.55,-0.016736,411683.38,1274226.058
300581,2025-09-18,16.9,-0.015725,277797.62,479624.435
300582,2025-09-18,16.34,-0.023895,154088.5,257041.099
300583,2025-09-18,15.7,-0.014438,46867.17,74262.816
300584,2025-09-18,62.99,-0.0056830000000000006,111072.0,708046.061
300585,2025-09-18,16.8,-0.015817,122260.0,209925.476
300586,2025-09-18,10.99,0.025187,322471.76,357069.738
300587,2025-09-18,8.88,-0.042071,527999.04,473895.429
300588,2025-09-18,20.95,0.017979000000000002,179319.8,376569.254
300589,2025-09-18,13.1,0.008468,148110.62,195843.498
300590,2025-09-18,12.61,-0.029253,173485.07,222266.396
300591,2025-09-18,9.81,0.0010199999999999999,331712.4,327286.91
300592,2025-09-18,11.5,-0.030354000000000003,136501.5,159128.651
300593,2025-09-18,18.55,0.010348999999999999,341159.15,645067.465
300594,2025-09-18,18.05,-0.016349,33681.0,61471.71
300595,2025-09-18,17.36,-0.029083,127738.95,225453.217
300596,2025-09-18,33.88,-0.011669,48552.72,166290.502
300597,2025-09-18,9.13,-0.023529,95535.0,88642.314
300598,2025-09-18,54.47,-0.032848,157176.02,871051.816
300599,2025-09-18,7.77,-0.022642000000000002,62302.0,48708.971
300600,2025-09-18,16.16,-0.016433,142284.45,235007.15
300601,2025-09-18,17.52,-0.014622999999999999,250411.38,444917.076
300602,2025-09-18,35.69,0.101883,952693.59,3336766.91
300603,2025-09-18,10.9,-0.026785999999999997,172856.25,191441.675
300604,2025-09-18,64.89,0.002162,566381.85,3750239.229
300605,2025-09-18,15.25,-0.031131000000000002,67920.12,105283.974
300606,2025-09-18,23.8,0.084777,253578.0,601719.724
300607,2025-09-18,38.46,-0.043522,617551.74,2443919.252
300608,2025-09-18,12.66,-0.029885000000000002,119606.32,154241.356
300609,2025-09-18,43.83,-0.011725000000000001,111123.2,494679.307
300610,2025-09-18,11.97,-0.010744,50906.2,61543.892
300611,2025-09-18,25.95,-0.017044999999999998,156725.0,413179.007
300612,2025-09-18,14.29,-0.028552,74040.4,107527.847
300613,2025-09-18,50.36,-0.016406,88356.01,454728.515
300614,2025-09-18,15.58,-0.020741999999999997,42330.0,66127.919
300615,2025-09-18,14.25,-0.020619000000000002,50197.05,72106.173
300616,2025-09-18,12.74,-0.031915,37140.0,47993.52
300617,2025-09-18,34.66,-0.024211999999999997,36732.75,128554.512
300618,2025-09-18,47.78,-0.034747,275084.25,1326552.987
300619,2025-09-18,34.8,-0.017227,176058.56,617529.492
300620,2025-09-18,123.16,0.149953,432526.81,5190867.684
300621,2025-09-18,9.35,-0.031088,44182.0,41676.274
300622,2025-09-18,33.71,-0.034097,172346.18,587997.679
300623,2025-09-18,31.65,0.00317,325682.19,1041837.914
300624,2025-09-18,72.66,-0.027439,128171.98,954992.749
300625,2025-09-18,11.95,-0.026873,21223.28,25631.703
300626,2025-09-18,10.87,-0.022482000000000002,48554.8,53768.387
300627,2025-09-18,36.02,-0.010983,117819.02,428203.055
300628,2025-09-18,39.19,-0.047862,214348.75,850833.011
300629,2025-09-18,20.58,0.035211,194671.49,401451.109
300631,2025-09-18,34.2,-0.01837,115671.18,403547.239
300632,2025-09-18,13.47,-0.007369,120596.06,163834.406
300633,2025-09-18,34.68,-0.009426,46451.0,162681.525
300634,2025-09-18,26.82,0.0011200000000000001,255123.17,688733.342
300635,2025-09-18,14.67,-0.033597,57493.27,85068.824
300636,2025-09-18,8.86,-0.025303,94469.38,84663.911
300637,2025-09-18,13.69,-0.007971,166126.4,230816.391
300638,2025-09-18,30.74,-0.013795,442883.24,1388792.873
300639,2025-09-18,5.79,-0.021959,94812.22,55488.579
300640,2025-09-18,6.53,-0.023916,110783.3,73428.344
300641,2025-09-18,22.76,-0.005245,95114.44,217057.014
300642,2025-09-18,25.73,0.048065,196208.29,508109.048
300643,2025-09-18,24.71,0.01771,149177.65,378183.842
300644,2025-09-18,37.27,-0.024601,103011.28,388285.957
300645,2025-09-18,18.38,-0.039205000000000004,86795.02,162469.917
300647,2025-09-18,7.3,-0.020134,216980.0,159698.756
300648,2025-09-18,48.02,-0.038639,86261.99,419508.261
300649,2025-09-18,17.22,-0.03204,49533.0,86538.075
300650,2025-09-18,16.68,-0.026838,139440.78,234335.226
300651,2025-09-18,25.06,-0.041683000000000005,228382.25,588757.795
300652,2025-09-18,59.9,-0.052515,78061.9,479794.552
300653,2025-09-18,20.3,-0.020743,28609.23,58717.31
300654,2025-09-18,10.02,-0.022439,95868.28,97017.591
300655,2025-09-18,13.06,-0.024645,1030392.88,1369222.015
300656,2025-09-18,24.77,-0.027865,50675.42,128201.647
300657,2025-09-18,33.33,0.006037,422992.34,1424770.327
300658,2025-09-18,8.83,-0.026461000000000002,199238.83,177126.52
300659,2025-09-18,14.67,-0.026543,75975.0,113074.691
300660,2025-09-18,64.13,0.024277000000000003,438055.86,2762255.518
300661,2025-09-18,84.46,0.004639,683250.27,5857749.368
300662,2025-09-18,30.35,0.000989,54733.5,166543.703
300663,2025-09-18,18.71,-0.023996,210100.45,400831.641
300664,2025-09-18,5.4,-0.027027000000000002,140335.0,76704.329
300665,2025-09-18,9.6,-0.029323000000000002,166299.33,162565.633
300666,2025-09-18,80.16,-0.002737,192414.76,1564174.346
300667,2025-09-18,15.64,-0.026152,54515.32,86742.487
300668,2025-09-18,17.95,-0.039079,38863.0,70781.101
300669,2025-09-18,34.4,-0.034521,18175.0,63130.864
300670,2025-09-18,7.86,-0.027228,181364.5,144662.767
300671,2025-09-18,38.37,-0.0051849999999999995,123371.23,482108.195
300672,2025-09-18,93.6,-0.016807000000000002,121824.85,1172699.641
300673,2025-09-18,17.79,-0.043033999999999996,85717.5,154645.246
300674,2025-09-18,25.55,-0.027778,268561.22,696136.213
300675,2025-09-18,14.83,-0.024984000000000003,32148.0,48123.295
300676,2025-09-18,51.05,-0.014288,142020.55,737681.65
300677,2025-09-18,35.58,-0.021721,104450.16,376059.279
300678,2025-09-18,35.89,-0.026052,135600.97,495961.285
300679,2025-09-18,57.36,-0.035156,209958.46,1222760.519
300680,2025-09-18,62.7,-0.052154,320687.31,2047579.524
300681,2025-09-18,30.21,-0.027992,119585.57,368244.567
300682,2025-09-18,21.02,-0.047576,302040.74,650200.162
300683,2025-09-18,38.13,-0.014983,67851.0,262782.705
300684,2025-09-18,45.0,0.008742,591664.63,2725362.727
300685,2025-09-18,22.92,-0.018836,108216.33,251514.901
300686,2025-09-18,13.45,0.005232,278441.92,382857.685
300687,2025-09-18,27.16,0.005926,214803.21,588760.346
300688,2025-09-18,30.38,-0.005565,93858.9,288078.859
300689,2025-09-18,56.9,-0.029672999999999998,46800.99,273583.511
300690,2025-09-18,37.18,0.015847,213274.56,797599.288
300691,2025-09-18,19.54,0.0,181599.94,358738.792
300692,2025-09-18,7.88,-0.036675,159453.75,127830.728
300693,2025-09-18,39.35,-0.007816,234428.38,926974.453
300694,2025-09-18,12.97,-0.03209,115863.79,152287.888
300695,2025-09-18,103.63,0.006507,25819.15,275913.242
300696,2025-09-18,26.17,-0.012453,119303.36,319729.465
300697,2025-09-18,17.55,-0.09953799999999999,596776.15,1072744.022
300698,2025-09-18,47.03,-0.014046000000000001,93664.0,448855.611
300699,2025-09-18,29.7,-0.012633,142607.46,426547.17
300700,2025-09-18,12.52,-0.0063490000000000005,138212.16,173365.812
300701,2025-09-18,14.97,0.030992000000000002,429193.95,631740.916
300702,2025-09-18,26.9,0.004106,66791.44,179945.077
300703,2025-09-18,32.64,-0.077706,214028.8,717870.327
300705,2025-09-18,17.56,-0.003405,157100.6,278321.043
300706,2025-09-18,44.26,-0.019712,207820.85,945047.3
300707,2025-09-18,15.53,-0.024497,92948.08,146655.381
300708,2025-09-18,9.0,-0.022801000000000002,441259.79,402366.62
300709,2025-09-18,54.27,-0.009491000000000001,184040.7,1012168.926
300710,2025-09-18,18.74,-0.026494,35182.15,67028.868
300711,2025-09-18,21.45,-0.023224,54093.35,117520.56
300712,2025-09-18,26.83,-0.02116,60264.35,163710.001
300713,2025-09-18,17.74,-0.031131000000000002,42094.46,76060.232
300715,2025-09-18,11.47,-0.01882,60418.4,69942.032
300716,2025-09-18,13.46,0.009752,51676.0,70300.849
300717,2025-09-18,20.4,-0.019231,29475.0,60968.863
300718,2025-09-18,101.18,0.021401,331983.47,3398896.138
300719,2025-09-18,16.18,-0.017011000000000002,48310.5,78980.016
300720,2025-09-18,25.82,-0.034044,53829.0,141620.376
300721,2025-09-18,14.09,-0.026261,46546.7,66458.717
300722,2025-09-18,31.24,-0.032817,79331.89,251797.325
300723,2025-09-18,60.77,0.007794,96056.83,595540.317
300724,2025-09-18,95.5,-0.031342,333730.15,3264154.35
300725,2025-09-18,43.65,-0.024363000000000003,188570.78,833533.162
300726,2025-09-18,39.97,0.037104,244355.39,993822.135
300727,2025-09-18,43.88,0.00573,131609.54,579303.836
300729,2025-09-18,15.6,0.026316000000000003,203468.2,315126.366
300730,2025-09-18,18.49,-0.05422,222762.9,421636.174
300731,2025-09-18,49.72,0.093949,228804.67,1121769.833
300732,2025-09-18,8.59,-0.022753000000000002,158109.03,137359.727
300733,2025-09-18,20.37,-0.019731000000000002,118629.4,245814.097
300735,2025-09-18,30.76,-0.01788,319427.97,996146.632
300736,2025-09-18,14.25,-0.0625,143996.6,209878.643
300737,2025-09-18,5.06,-0.019379999999999998,131870.17,67334.526
300738,2025-09-18,22.68,-0.019879,1092006.71,2530211.795
300739,2025-09-18,17.93,-0.012665,235580.46,425268.009
300740,2025-09-18,21.41,-0.036454,225283.35,488294.006
300741,2025-09-18,19.39,-0.037239,61000.9,120077.17
300743,2025-09-18,18.56,0.0,43176.87,80215.356
300745,2025-09-18,21.59,-0.017743,78047.12,170747.207
300746,2025-09-18,14.62,-0.025333,40385.0,59849.824
300747,2025-09-18,26.87,-0.016831,206742.8,563782.598
300748,2025-09-18,36.22,-0.044327,894551.98,3272011.309
300749,2025-09-18,8.85,-0.019934,53868.6,47965.931
300750,2025-09-18,366.89,-0.027075000000000002,518896.9,19308545.614
300751,2025-09-18,90.19,-0.012158,86625.82,795850.01
300752,2025-09-18,23.7,-0.038149,117696.19,283162.884
300753,2025-09-18,29.92,-0.041639999999999996,85104.74,258850.186
300755,2025-09-18,22.14,0.004537,172719.96,381252.647
300756,2025-09-18,40.3,-0.016593,67421.52,280918.116
300757,2025-09-18,283.3,-0.025053000000000002,109652.14,3194170.427
300758,2025-09-18,14.29,-0.023239999999999997,122031.3,176744.163
300759,2025-09-18,35.7,0.005917,790177.49,2839441.739
300760,2025-09-18,237.8,-0.006642,99119.72,2379753.662
300761,2025-09-18,22.68,-0.047059,177925.18,411366.647
300762,2025-09-18,24.51,-0.017635,313954.68,783513.329
300763,2025-09-18,84.4,0.008243,354649.01,2996070.493
300765,2025-09-18,51.8,0.07069,136827.89,699860.89
300766,2025-09-18,41.65,0.001924,373925.47,1578939.104
300767,2025-09-18,23.7,0.055209,316301.61,754135.666
300768,2025-09-18,18.47,-0.021198,150839.34,283550.547
300769,2025-09-18,39.52,-0.025880999999999998,191667.36,768469.692
300770,2025-09-18,45.68,-0.017212,54848.82,253002.998
300771,2025-09-18,12.78,-0.022936,75984.07,98294.026
300772,2025-09-18,18.72,-0.015255000000000001,519065.5,1003327.193
300773,2025-09-18,25.86,-0.03723,432048.31,1131674.654
300774,2025-09-18,9.49,-0.039474,95315.98,92123.24
300775,2025-09-18,24.12,-0.017515,134308.9,327468.643
300776,2025-09-18,71.08,-0.009752,61116.63,439092.937
300777,2025-09-18,34.95,-0.015216,115714.09,410024.173
300778,2025-09-18,13.15,-0.037335,88927.6,118773.415
300779,2025-09-18,183.18,-0.000273,66108.86,1236246.118
300780,2025-09-18,18.31,-0.026581999999999998,86304.27,160612.065
300781,2025-09-18,40.71,-0.016191,59145.48,242881.608
300782,2025-09-18,79.1,-0.013593,158592.53,1283785.63
300783,2025-09-18,25.48,-0.015836,110009.0,282038.827
300784,2025-09-18,56.7,-0.029774,14133.7,81316.487
300785,2025-09-18,39.8,-0.038647,150971.89,602937.701
300786,2025-09-18,16.22,-0.007951,263995.15,433747.22
300787,2025-09-18,14.0,-0.04502,112868.33,160842.142
300788,2025-09-18,30.21,-0.01788,23717.0,72375.743
300789,2025-09-18,30.17,-0.045555000000000005,61557.97,190252.284
300790,2025-09-18,34.76,-0.004582,263234.28,913160.773
300791,2025-09-18,24.27,-0.012612000000000002,58783.14,144743.954
300792,2025-09-18,32.0,-0.028537,163196.71,532431.205
300793,2025-09-18,17.24,-0.029826000000000002,166627.52,291991.541
300795,2025-09-18,15.42,-0.019084,55512.94,86349.025
300796,2025-09-18,10.27,-0.023763999999999997,112725.61,116854.643
300797,2025-09-18,16.93,-0.047807,173955.8,297589.294
300798,2025-09-18,8.13,-0.018116,157063.0,129193.05
300800,2025-09-18,11.62,-0.018581,35706.0,41929.989
300801,2025-09-18,27.68,0.009482,166102.0,461069.582
300802,2025-09-18,20.92,-0.013208,79427.0,168451.072
300803,2025-09-18,158.98,-0.080403,693132.38,11291074.574
300804,2025-09-18,39.0,-0.030815000000000002,18749.68,74291.933
300805,2025-09-18,13.5,0.0329,304483.23,403138.544
300806,2025-09-18,26.27,-0.029911,242823.58,647301.466
300807,2025-09-18,39.7,-0.046132,47075.0,190949.78
300808,2025-09-18,30.33,-0.048620000000000003,61577.0,190394.23
300809,2025-09-18,47.38,-0.010236,146629.58,713612.225
300810,2025-09-18,48.6,0.013767,106866.5,526376.408
300811,2025-09-18,76.4,-0.019885,102424.05,795164.581
300812,2025-09-18,24.61,0.0008129999999999999,65755.8,163088.402
300813,2025-09-18,37.48,-0.070667,61415.05,236991.711
300814,2025-09-18,49.37,-0.024115,133285.87,668176.266
300815,2025-09-18,29.16,0.034043000000000004,429939.4,1260319.451
300816,2025-09-18,37.6,-0.034908,29035.0,111252.729
300817,2025-09-18,22.32,-0.021053000000000002,69142.68,157165.954
300818,2025-09-18,24.7,0.005699999999999999,48960.54,121852.79
300819,2025-09-18,24.77,-0.054218999999999996,81272.0,208459.549
300820,2025-09-18,48.27,-0.017705,39736.43,195730.613
300821,2025-09-18,9.69,-0.020222000000000004,230100.32,224673.961
300822,2025-09-18,18.31,-0.033263,43282.98,80652.145
300823,2025-09-18,15.61,-0.026201,26757.21,42152.954
300824,2025-09-18,12.98,-0.020377,58533.31,77006.786
300825,2025-09-18,11.87,-0.000842,295911.3,360554.761
300826,2025-09-18,17.91,-0.030844,136173.8,246204.669
300827,2025-09-18,32.13,-0.017431000000000002,526561.47,1712989.293
300828,2025-09-18,16.42,-0.024361,51264.5,85609.286
300829,2025-09-18,18.8,-0.026915,92535.41,176020.817
300830,2025-09-18,11.12,-0.038062,219854.0,249150.464
300831,2025-09-18,14.44,-0.012312,84296.86,123299.512
300832,2025-09-18,68.57,-0.015082,34970.34,240368.359
300833,2025-09-18,42.86,-0.04437,26349.88,116206.669
300834,2025-09-18,22.94,-0.016717,14176.0,32819.366
300835,2025-09-18,65.8,0.015588999999999999,97229.9,649073.34
300836,2025-09-18,47.1,-0.030864,47218.24,225512.66
300837,2025-09-18,25.15,-0.030455,13774.0,35132.75
300838,2025-09-18,14.44,-0.024324,21397.0,31187.129
300839,2025-09-18,13.55,-0.030758,59785.69,82209.625
300840,2025-09-18,20.76,-0.021678000000000003,113898.0,238218.118
300841,2025-09-18,75.88,-0.034606,49053.72,380846.245
300842,2025-09-18,57.18,-0.0012230000000000001,84951.08,493489.787
300843,2025-09-18,59.84,-0.00565,219317.37,1327227.025
300844,2025-09-18,50.82,-0.038047,17270.61,90066.584
300845,2025-09-18,10.99,-0.023111000000000003,84042.34,93611.638
300846,2025-09-18,22.24,0.010909,521532.8,1164628.93
300847,2025-09-18,17.54,-0.02933,70866.18,126278.676
300848,2025-09-18,16.51,-0.014916,34624.29,57447.482
300849,2025-09-18,13.43,-0.020423,50318.0,68078.865
300850,2025-09-18,38.3,0.046734,393778.49,1523631.349
300851,2025-09-18,27.87,-0.01797,10676.0,30070.621
300852,2025-09-18,45.89,-0.051664,153724.1,710321.968
300853,2025-09-18,24.7,-0.013578,75775.6,191383.183
300854,2025-09-18,21.73,0.021147,77619.03,166730.653
300855,2025-09-18,28.6,0.003861,93534.21,269260.812
300856,2025-09-18,13.97,-0.015504,51478.6,72462.086
300857,2025-09-18,163.01,-0.027387,265497.7,4385068.744
300858,2025-09-18,18.65,-0.024071,66672.4,126654.25
300859,2025-09-18,50.61,0.020775000000000002,182377.56,916084.465
300860,2025-09-18,28.75,-0.027402000000000003,46073.45,133873.161
300861,2025-09-18,16.73,-0.030706999999999998,107249.31,180938.005
300862,2025-09-18,24.39,-0.018116,49090.53,121224.939
300863,2025-09-18,38.5,-0.007732,54210.22,210985.348
300864,2025-09-18,19.95,-0.019656,18446.74,37081.751
300865,2025-09-18,30.8,-0.03418,24342.53,76450.772
300866,2025-09-18,136.96,0.020186000000000003,86093.88,1188745.008
300867,2025-09-18,17.0,-0.009901,48544.25,83052.977
300868,2025-09-18,31.63,-0.035671,38609.0,125350.038
300869,2025-09-18,16.84,-0.018076000000000002,69763.19,118947.553
300870,2025-09-18,222.08,0.013046,51285.43,1142994.984
300871,2025-09-18,21.32,-0.033545,89374.27,193557.061
300872,2025-09-18,23.74,-0.033781,257593.76,621899.449
300873,2025-09-18,24.97,-0.025751,112023.89,285077.23
300875,2025-09-18,43.46,-0.037431,63991.4,283038.917
300876,2025-09-18,30.49,-0.002291,20625.18,61991.633
300877,2025-09-18,26.51,-0.025009,29039.0,78269.552
300878,2025-09-18,22.44,-0.03856,46746.41,107439.995
300879,2025-09-18,38.4,0.00026,181181.31,704865.272
300880,2025-09-18,19.87,-0.027410999999999998,47179.2,94648.252
300881,2025-09-18,34.1,-0.049080000000000006,35031.1,122004.933
300882,2025-09-18,18.42,-0.030526,101042.96,188257.357
300883,2025-09-18,6.78,-0.058333,241814.0,167784.868
300884,2025-09-18,13.39,-0.029007,93820.8,128105.497
300885,2025-09-18,27.23,0.044095,306658.45,851062.098
300886,2025-09-18,28.47,-0.030313,31792.53,91508.117
300887,2025-09-18,8.17,-0.026222,106357.36,88248.471
300888,2025-09-18,39.09,-0.016356,76444.78,301398.592
300889,2025-09-18,18.67,-0.010074000000000001,58657.56,110236.082
300890,2025-09-18,32.29,-0.02858,96355.46,315727.973
300891,2025-09-18,9.91,-0.045279,160171.05,161518.736
300892,2025-09-18,36.86,-0.021242999999999998,57328.92,214651.22
300893,2025-09-18,29.59,-0.02311,60711.19,182413.901
300894,2025-09-18,13.3,-0.032023,87132.94,118083.117
300895,2025-09-18,48.34,-0.022050999999999998,60866.61,300208.989
300896,2025-09-18,186.61,-0.017377,45224.04,849579.986
300897,2025-09-18,30.74,0.046646,66179.82,203299.481
300898,2025-09-18,28.47,-0.00905,61298.79,175659.396
300899,2025-09-18,28.1,-0.007768000000000001,10407.0,29471.868
300900,2025-09-18,18.91,-0.021221999999999998,89736.55,172519.391
300901,2025-09-18,16.53,-0.014311,46787.49,76863.188
300902,2025-09-18,22.89,-0.012511000000000001,85628.56,196923.456
300903,2025-09-18,12.76,-0.023718,383977.13,497316.305
300904,2025-09-18,67.07,-0.041857,26860.89,184882.845
300905,2025-09-18,34.47,-0.037151,109646.55,384559.969
300906,2025-09-18,30.02,-0.035037,23135.1,70542.546
300907,2025-09-18,40.5,0.013260000000000001,102408.77,420634.049
300908,2025-09-18,30.72,-0.032746,30531.79,94964.969
300909,2025-09-18,34.51,-0.011741,57926.5,204185.002
300910,2025-09-18,57.28,-0.020855000000000002,15927.0,92222.71
300911,2025-09-18,57.95,0.019349,70526.39,407390.399
300912,2025-09-18,20.49,0.134551,272006.17,518606.369
300913,2025-09-18,60.5,0.020064000000000002,181351.99,1088910.795
300915,2025-09-18,25.97,-0.030608,20328.44,53741.441
300916,2025-09-18,43.67,-0.018431,34957.0,153825.203
300917,2025-09-18,45.96,-0.086101,156424.16,739670.788
300918,2025-09-18,24.2,-0.034318,397294.26,984518.3
300919,2025-09-18,43.33,-0.011633,227574.38,996055.614
300920,2025-09-18,49.1,-0.002843,14983.0,74171.117
300921,2025-09-18,23.72,-0.012078,47420.17,113359.423
300922,2025-09-18,24.96,0.01546,100634.2,253714.279
300923,2025-09-18,26.1,-0.026483,17972.11,47465.434
300925,2025-09-18,25.87,-0.026712,298219.88,784131.873
300926,2025-09-18,31.04,-0.009572,136433.39,426335.929
300927,2025-09-18,26.08,-0.034074,41113.24,109161.743
300928,2025-09-18,32.95,-0.026875,23955.74,80113.093
300929,2025-09-18,10.72,-0.033363000000000004,36399.4,39482.467
300930,2025-09-18,30.34,-0.03468,20762.0,63927.782
300931,2025-09-18,10.54,-0.029466000000000003,80867.21,86295.501
300932,2025-09-18,11.48,-0.024639,51384.71,59578.014
300933,2025-09-18,9.05,0.020293000000000002,403973.02,365573.758
300935,2025-09-18,25.94,0.009339,26666.37,69514.538
300936,2025-09-18,38.91,-0.006638,20469.0,80531.474
300937,2025-09-18,28.2,0.010391,57499.1,163304.483
300938,2025-09-18,26.56,-0.026393,184992.8,502043.767
300939,2025-09-18,36.06,-0.014215,67683.15,248058.862
300940,2025-09-18,28.28,-0.033162,90672.62,262695.279
300941,2025-09-18,25.9,-0.024849,57630.0,151023.158
300942,2025-09-18,10.89,-0.022442000000000004,82767.84,91385.234
300943,2025-09-18,16.9,-0.016298,61268.4,104400.793
300945,2025-09-18,19.71,-0.063213,247037.05,496169.503
300946,2025-09-18,58.35,-0.011854,71285.37,424620.03
300947,2025-09-18,20.88,-0.042202,52249.72,110964.938
300948,2025-09-18,11.25,-0.032674,36690.6,41797.341
300949,2025-09-18,42.32,-0.016957,14767.0,62980.277
300950,2025-09-18,31.73,-0.026986,93012.44,300386.373
300951,2025-09-18,40.4,-0.034648,65719.79,270642.808
300952,2025-09-18,33.8,-0.016584,179607.18,628867.493
300953,2025-09-18,170.12,-0.020667,138420.25,2439718.298
300955,2025-09-18,28.55,-0.032203,46657.36,136637.344
300956,2025-09-18,18.93,-0.027235,156165.51,303692.94
300957,2025-09-18,47.46,-0.025462,60727.58,291415.053
300958,2025-09-18,13.35,-0.039568,80068.3,107838.293
300959,2025-09-18,73.5,-0.103659,171333.91,1302982.321
300960,2025-09-18,28.79,-0.039051999999999996,35221.09,103459.196
300961,2025-09-18,16.48,-0.021958000000000002,52891.0,88222.705
300962,2025-09-18,16.97,-0.024152,42550.7,72963.03
300963,2025-09-18,18.07,-0.015795,118849.05,216592.935
300964,2025-09-18,47.59,-0.020379,35972.8,173644.714
300965,2025-09-18,62.06,-0.031221000000000002,15533.0,98431.479
300966,2025-09-18,22.2,0.009091,42956.33,95063.154
300967,2025-09-18,23.13,-0.013646,98992.93,231307.33
300968,2025-09-18,15.46,-0.019658,108346.33,169758.021
300969,2025-09-18,118.5,0.07463499999999999,77644.04,923647.815
300970,2025-09-18,14.27,-0.027929,34867.43,50239.953
300971,2025-09-18,23.66,-0.02029,87470.86,211487.094
300972,2025-09-18,170.06,-0.009436,24929.14,426505.637
300973,2025-09-18,43.8,-0.026883,41142.7,182394.156
300975,2025-09-18,12.51,-0.028727,342055.03,433993.238
300976,2025-09-18,65.87,0.030829,66074.89,443292.521
300977,2025-09-18,18.7,-0.033592,23877.0,45409.71
300978,2025-09-18,11.69,-0.023392,129400.43,153461.49
300979,2025-09-18,53.4,-0.023052000000000003,32678.46,174550.011
300980,2025-09-18,25.79,-0.034082,87439.44,228708.179
300981,2025-09-18,13.66,-0.027757999999999998,63377.76,87671.875
300982,2025-09-18,18.67,-0.023025000000000004,35744.23,67506.425
300983,2025-09-18,22.07,-0.021286,11162.78,24724.105
300984,2025-09-18,74.14,-0.022802,120705.22,935974.051
300985,2025-09-18,20.11,-0.044202000000000005,71817.11,147296.67
300986,2025-09-18,12.12,0.028862000000000002,212301.17,256307.264
300987,2025-09-18,18.15,-0.029411999999999997,61070.98,112130.105
300988,2025-09-18,23.95,-0.020049,63315.6,154342.619
300989,2025-09-18,16.94,-0.024194,66490.65,114092.44
300990,2025-09-18,83.5,-0.028731,68103.86,576864.763
300991,2025-09-18,40.33,-0.03146,66087.43,271722.645
300992,2025-09-18,26.01,-0.024746999999999998,28172.87,74639.799
300993,2025-09-18,16.88,0.0077610000000000005,150062.54,254607.796
300994,2025-09-18,19.17,-0.012365,104847.31,206975.393
300995,2025-09-18,52.24,-0.010043999999999999,31699.2,168319.746
300996,2025-09-18,17.09,-0.026764999999999997,105549.0,182757.855
300997,2025-09-18,20.13,-0.001488,225287.26,459345.827
300998,2025-09-18,25.35,-0.031703999999999996,73535.03,188771.956
300999,2025-09-18,32.19,-0.018598,128153.25,415985.486
301000,2025-09-18,52.19,-0.04133,176221.77,945617.832
301001,2025-09-18,30.55,-0.04232,30221.6,94114.78
301002,2025-09-18,43.1,-0.036871999999999995,164980.39,743216.162
301003,2025-09-18,35.4,-0.043243000000000004,29471.1,107316.812
301004,2025-09-18,63.03,-0.003636,20353.32,130414.539
301005,2025-09-18,48.61,-0.025070000000000002,99584.12,495551.759
301006,2025-09-18,16.89,-0.021436999999999998,22905.0,38988.904
301007,2025-09-18,44.03,-0.047382,85074.0,383270.346
301008,2025-09-18,43.89,0.046246,259551.69,1166745.026
301009,2025-09-18,13.62,-0.019438,54940.33,75771.604
301010,2025-09-18,19.44,-0.030424000000000003,26209.29,51845.927
301011,2025-09-18,27.9,-0.02889,61445.51,173962.977
301012,2025-09-18,27.12,0.023783,481194.8,1314564.429
301013,2025-09-18,29.23,0.199918,908312.65,2579469.242
301015,2025-09-18,29.4,-0.030982,76981.81,229771.888
301016,2025-09-18,23.15,-0.022794,88623.12,206406.346
301017,2025-09-18,12.07,0.032506,159358.96,192404.598
301018,2025-09-18,79.19,0.082274,247106.95,1920411.78
301019,2025-09-18,16.69,-0.01592,24303.02,40936.466
301020,2025-09-18,23.33,-0.026293999999999998,25185.5,59690.903
301021,2025-09-18,39.29,-0.022637,92638.05,368836.303
301022,2025-09-18,41.28,-0.035739,54886.08,231156.978
301023,2025-09-18,44.7,-0.022524000000000002,46111.37,208925.198
301024,2025-09-18,41.48,-0.026976,10722.5,44982.016
301025,2025-09-18,9.93,-0.020710000000000003,80860.57,81205.23
301026,2025-09-18,28.89,-0.037000000000000005,48940.27,142481.046
301027,2025-09-18,14.69,-0.029081000000000003,63613.91,95198.567
301028,2025-09-18,13.51,-0.022431,67586.55,92611.699
301029,2025-09-18,33.02,0.058673,429464.22,1411476.433
301030,2025-09-18,15.65,-0.023096000000000002,79901.55,126582.723
301031,2025-09-18,112.38,0.06592100000000001,70456.21,785370.95
301032,2025-09-18,13.83,-0.000723,82719.73,115690.88
301033,2025-09-18,73.92,-0.026344,8995.08,67477.052
301035,2025-09-18,77.06,-0.00362,9365.18,72729.099
301036,2025-09-18,34.74,-0.016143,20488.21,72014.015
301037,2025-09-18,14.47,-0.028207,25139.28,36785.348
301038,2025-09-18,27.7,-0.011773,76857.28,216416.073
301039,2025-09-18,9.03,-0.02694,172885.24,158205.533
301040,2025-09-18,22.94,-0.034918,82525.1,193350.631
301041,2025-09-18,29.57,0.006125,61050.06,180818.757
301042,2025-09-18,54.92,0.19991299999999998,104019.41,545859.424
301043,2025-09-18,38.54,-0.036259,18754.0,73427.843
301045,2025-09-18,27.19,0.016069,77961.36,212620.937
301046,2025-09-18,25.33,-0.025019,126255.39,333438.183
301047,2025-09-18,81.88,0.022477999999999998,29661.77,242931.508
301048,2025-09-18,12.26,-0.033123,99691.2,124291.25
301049,2025-09-18,21.6,-0.03139,17023.0,37238.292
301050,2025-09-18,48.33,-0.016283000000000002,73452.58,360856.58
301051,2025-09-18,23.15,-0.031786,35131.56,82191.652
301052,2025-09-18,67.95,-0.012355,58165.92,398496.347
301053,2025-09-18,35.32,-0.029137,19103.59,68114.662
301055,2025-09-18,22.27,-0.024529000000000002,32518.34,73642.42
301056,2025-09-18,11.14,-0.036332,46304.23,52887.581
301057,2025-09-18,25.06,-0.048234000000000006,35613.61,91199.983
301058,2025-09-18,11.14,-0.019366,122047.76,137225.976
301059,2025-09-18,11.55,-0.020356,36960.4,43228.589
301060,2025-09-18,9.76,-0.009137,67261.33,65365.178
301061,2025-09-18,99.39,0.014804999999999999,21955.46,218151.162
301062,2025-09-18,8.54,-0.026226,126350.23,108949.422
301063,2025-09-18,26.5,-0.018882,26081.42,70168.335
301065,2025-09-18,23.16,-0.035402,24884.0,58660.894
301066,2025-09-18,15.73,-0.036152000000000004,105558.83,168592.077
301067,2025-09-18,32.3,-0.021804999999999998,37982.4,124313.169
301068,2025-09-18,27.47,-0.018227,19558.9,54276.182
301069,2025-09-18,23.2,-0.027254,246621.75,586847.326
301070,2025-09-18,52.55,0.014871,60256.89,321947.011
301071,2025-09-18,31.55,-0.029529,83217.66,266594.97
301072,2025-09-18,25.01,-0.032494999999999996,27982.0,71351.309
301073,2025-09-18,25.66,0.01183,145732.6,373894.801
301075,2025-09-18,43.19,-0.013927,28566.54,123121.184
301076,2025-09-18,57.02,-0.09029999999999999,313368.93,1829748.087
301077,2025-09-18,27.05,-0.030813,107262.19,297976.737
301078,2025-09-18,11.45,-0.021368,394707.93,457960.258
301079,2025-09-18,27.51,-0.029287,49427.05,138067.331
301080,2025-09-18,59.86,0.00268,33735.8,202296.325
301081,2025-09-18,10.41,-0.034323,37578.81,39807.845
301082,2025-09-18,18.64,0.02193,147615.5,276094.807
301083,2025-09-18,16.96,-0.02022,46974.0,80763.23
301085,2025-09-18,59.76,0.002012,39420.87,238963.836
301086,2025-09-18,69.46,-0.015869,40439.02,283044.034
301087,2025-09-18,39.11,-0.020536,16805.45,66566.903
301088,2025-09-18,14.28,-0.019903999999999998,19604.0,28372.665
301089,2025-09-18,31.8,-0.021237,27907.49,90343.205
301090,2025-09-18,7.72,-0.030150999999999997,68685.91,53752.676
301091,2025-09-18,31.35,-0.033004,95339.21,304368.111
301092,2025-09-18,30.03,-0.02658,16534.63,50134.484
301093,2025-09-18,38.5,-0.013073999999999999,63046.12,248016.687
301095,2025-09-18,84.76,0.023671,125820.2,1078145.912
301096,2025-09-18,61.18,-0.012747999999999999,52399.75,326114.152
301097,2025-09-18,44.56,-0.036749000000000004,9940.15,44887.169
301098,2025-09-18,8.93,-0.021906,52467.18,47273.294
301099,2025-09-18,39.99,-0.020813,80481.15,327567.969
301100,2025-09-18,19.75,-0.044971,60788.14,122157.338
301101,2025-09-18,47.53,-0.026025,70849.34,340187.238
301102,2025-09-18,11.22,-0.029411999999999997,47231.59,53706.663
301103,2025-09-18,21.05,-0.032629,23950.47,51332.726
301105,2025-09-18,42.8,0.003988,19971.06,85111.398
301106,2025-09-18,31.43,-0.028138999999999997,23730.78,75908.4
301107,2025-09-18,29.36,-0.033893,20177.4,60319.947
301108,2025-09-18,31.32,-0.060587999999999996,38997.07,125548.532
301109,2025-09-18,14.32,-0.018506,87514.58,126387.896
301110,2025-09-18,75.22,-0.051330999999999995,56580.7,437668.746
301111,2025-09-18,16.27,-0.026913999999999997,30625.77,50467.617
301112,2025-09-18,47.9,-0.035441,37568.2,183645.561
301113,2025-09-18,22.5,-0.017467,13533.55,30486.954
301115,2025-09-18,16.21,-0.01399,24392.0,39782.746
301116,2025-09-18,11.06,-0.024691,61121.0,68355.446
301117,2025-09-18,33.9,-0.034188,101904.01,353587.592
301118,2025-09-18,24.99,-0.011080000000000001,55506.09,140290.667
301119,2025-09-18,40.83,-0.023906,53423.63,221412.021
301120,2025-09-18,13.9,-0.026611,119327.96,168469.336
301121,2025-09-18,49.06,-0.047379,69034.49,343329.842
301122,2025-09-18,27.35,-0.012635,44600.7,122618.326
301123,2025-09-18,50.09,-0.027945,162200.89,812216.21
301125,2025-09-18,22.27,-0.025383,126450.06,286140.347
301126,2025-09-18,11.83,-0.012521,69797.71,83481.893
301127,2025-09-18,13.19,-0.036523,161644.25,216889.057
301128,2025-09-18,95.84,0.010225,109587.28,1047915.445
301129,2025-09-18,30.0,-0.06162,68300.44,210072.11
301130,2025-09-18,30.41,-0.025633,13867.28,42729.455
301131,2025-09-18,49.15,-0.040039,21870.95,109032.354
301132,2025-09-18,37.96,0.005563,49648.1,189027.814
301133,2025-09-18,28.35,-0.031431,61104.57,181239.995
301135,2025-09-18,30.71,-0.040313,61081.01,191721.074
301136,2025-09-18,11.45,-0.026361,34180.36,39731.089
301137,2025-09-18,30.51,-0.027105,44904.17,138614.463
301138,2025-09-18,40.07,0.00932,41552.72,165453.358
301139,2025-09-18,21.36,-0.021978,127167.29,274860.537
301141,2025-09-18,61.88,-0.036437,50916.61,318714.848
301148,2025-09-18,25.56,-0.039098,24920.19,64814.761
301149,2025-09-18,11.08,-0.005385999999999999,71314.23,79483.383
301150,2025-09-18,39.8,-0.021873,178123.44,711097.535
301151,2025-09-18,21.62,-0.019501,38089.07,83272.215
301152,2025-09-18,27.57,-0.047668,61097.0,171569.089
301153,2025-09-18,24.43,0.014114,148022.2,366609.906
301155,2025-09-18,90.25,0.083173,95647.4,844344.668
301156,2025-09-18,17.84,-0.030961,34730.39,62459.009
301157,2025-09-18,52.66,-0.00604,26881.0,144248.633
301158,2025-09-18,18.3,-0.018767,39560.0,73128.17
301159,2025-09-18,34.35,-0.031303,16657.72,58192.341
301160,2025-09-18,65.68,-0.027107000000000003,66977.23,451964.496
301161,2025-09-18,38.97,-0.018882,111450.32,443695.231
301162,2025-09-18,59.12,-0.026671,29084.33,176088.514
301163,2025-09-18,29.17,-0.024741,35354.8,103861.218
301165,2025-09-18,92.86,0.015085,144305.53,1341037.841
301166,2025-09-18,31.5,-0.009434,13153.0,41713.097
301167,2025-09-18,15.8,-0.027692,23556.39,37808.406
301168,2025-09-18,42.55,0.053739,60503.13,258819.528
301169,2025-09-18,44.55,-0.022597999999999997,20013.0,91319.991
301170,2025-09-18,28.06,-0.024,19030.4,54155.731
301171,2025-09-18,31.5,-0.041096,356279.65,1150859.661
301172,2025-09-18,23.21,-0.025199,60220.87,142057.385
301173,2025-09-18,49.62,-0.024571999999999997,15318.81,76660.075
301175,2025-09-18,5.38,0.003731,328745.22,178165.838
301176,2025-09-18,28.6,-0.013453,50108.75,145427.651
301177,2025-09-18,34.96,-0.026726,28945.97,102285.055
301178,2025-09-18,62.96,-0.043161,51751.98,338846.36
301179,2025-09-18,16.31,-0.01747,63640.82,105834.711
301180,2025-09-18,15.14,-0.013038000000000001,59728.0,91424.686
301181,2025-09-18,30.3,-0.034417,30601.89,94645.423
301182,2025-09-18,39.05,0.035533999999999996,66535.13,257945.886
301183,2025-09-18,104.06,0.020196000000000002,114114.04,1159473.087
301185,2025-09-18,19.14,-0.012892999999999998,45128.0,86892.274
301186,2025-09-18,44.5,-0.030289999999999997,13981.59,63429.418
301187,2025-09-18,30.3,0.020889,84792.67,258448.602
301188,2025-09-18,17.95,-0.004989,36815.2,66143.531
301189,2025-09-18,32.9,-0.023449,28378.84,94237.352
301190,2025-09-18,29.02,-0.046336,48844.11,143941.444
301191,2025-09-18,115.07,0.040322,83872.34,965247.153
301192,2025-09-18,28.0,-0.035481,16029.72,45850.754
301193,2025-09-18,20.2,-0.03164,40600.13,83148.352
301195,2025-09-18,35.14,-0.007064,29490.43,104805.844
301196,2025-09-18,109.27,-0.036505,83915.14,973449.381
301197,2025-09-18,20.47,0.037506,95721.39,195501.386
301198,2025-09-18,11.59,-0.041356000000000004,39985.64,47114.202
301199,2025-09-18,28.25,-0.033527,61962.37,178348.582
301200,2025-09-18,111.4,-0.013286,79867.23,892846.172
301201,2025-09-18,32.33,-0.018519,66529.5,221705.795
301202,2025-09-18,47.48,0.010643,74089.59,356695.604
301203,2025-09-18,34.36,-0.032658,20024.43,69639.381
301205,2025-09-18,110.61,-0.013028,102550.04,1148381.212
301206,2025-09-18,29.49,-0.018636,35714.31,106248.374
301207,2025-09-18,17.57,-0.027132,51245.95,91526.053
301208,2025-09-18,43.22,-0.032677,35955.24,158534.901
301209,2025-09-18,86.17,-0.019235,10464.76,91566.146
301210,2025-09-18,52.3,0.074143,137123.43,712421.983
301211,2025-09-18,12.36,-0.018268,55214.64,69009.613
301212,2025-09-18,26.27,-0.032056,15682.93,41927.724
301213,2025-09-18,53.0,-0.028592,24245.99,130889.137
301215,2025-09-18,7.8,0.198157,1542316.14,1169435.013
301216,2025-09-18,19.52,-0.014639,220119.9,433854.479
301217,2025-09-18,32.62,-0.0024460000000000003,439387.11,1438886.549
301218,2025-09-18,21.4,-0.022831,27091.56,58818.604
301219,2025-09-18,67.13,-0.030893999999999998,72345.39,491603.393
301220,2025-09-18,43.31,-0.019914,24156.37,105524.576
301221,2025-09-18,56.92,-0.020141,43812.53,253541.322
301222,2025-09-18,33.6,-0.046538,132941.74,456823.269
301223,2025-09-18,17.69,-0.018857,14247.0,25449.323
301225,2025-09-18,96.15,-0.08192500000000001,56206.93,572828.667
301226,2025-09-18,36.07,-0.05847,97929.64,361417.752
301227,2025-09-18,36.67,0.013263,29072.9,107798.02
301228,2025-09-18,29.47,-0.005064,73731.0,225233.277
301229,2025-09-18,22.5,-0.01918,52154.02,119266.607
301230,2025-09-18,36.12,-0.040637,59083.59,217906.865
301231,2025-09-18,23.97,-0.027981,31256.98,75924.537
301232,2025-09-18,39.2,-0.02,42589.58,169623.324
301233,2025-09-18,56.9,-0.025184,18503.24,106975.047
301234,2025-09-18,45.86,-0.017987,18910.0,88202.089
301235,2025-09-18,32.64,-0.015682,34569.86,114186.323
301236,2025-09-18,57.0,-0.004715,480167.56,2786829.046
301237,2025-09-18,46.56,-0.027163,22279.0,105968.921
301238,2025-09-18,21.24,-0.033666999999999996,227595.02,490404.431
301239,2025-09-18,38.04,-0.021353,20511.64,78855.285
301246,2025-09-18,14.53,-0.022865000000000003,44622.02,65521.14
301248,2025-09-18,28.2,-0.0070420000000000005,129581.82,367445.529
301251,2025-09-18,60.3,-0.014384,73842.21,451253.867
301252,2025-09-18,31.37,-0.040379,107470.79,343871.481
301255,2025-09-18,33.74,-0.022595999999999998,51170.2,175234.159
301256,2025-09-18,10.62,-0.039783,90645.0,98302.354
301257,2025-09-18,53.8,0.06894499999999999,73656.61,388022.828
301258,2025-09-18,34.29,-0.043515,21090.0,73922.036
301259,2025-09-18,42.76,0.014472,92452.46,402232.092
301260,2025-09-18,23.0,0.053114,257518.0,597709.668
301261,2025-09-18,94.19,-0.03256,81116.34,777368.763
301262,2025-09-18,24.7,-0.030612,25399.91,63775.869
301263,2025-09-18,36.23,-0.023450000000000002,72250.13,263856.51
301265,2025-09-18,11.08,-0.026362,57822.0,64974.406
301266,2025-09-18,34.69,-0.015887,37534.2,131862.563
301267,2025-09-18,20.72,-0.029508,88596.84,186509.154
301268,2025-09-18,22.35,-0.042827000000000004,72744.07,166563.843
301269,2025-09-18,118.88,-0.005854000000000001,122249.63,1474100.82
301270,2025-09-18,39.5,-0.057054,58004.1,233034.044
301272,2025-09-18,46.47,0.0032379999999999996,23871.57,111298.941
301273,2025-09-18,27.71,-0.031118999999999997,13483.3,37815.897
301275,2025-09-18,54.05,-0.007893,36261.92,199422.03
301276,2025-09-18,21.81,-0.037511,24968.62,55731.469
301277,2025-09-18,13.73,-0.014358,48023.39,66190.478
301278,2025-09-18,34.28,-0.027242000000000002,17241.4,59866.168
301279,2025-09-18,23.96,-0.025619999999999997,24122.0,58511.473
301280,2025-09-18,53.75,-0.029958,34030.71,186226.112
301281,2025-09-18,34.2,-0.027304,21811.71,76029.768
301282,2025-09-18,29.79,-0.008982,93513.27,280681.126
301283,2025-09-18,41.38,-0.033629,15468.02,64833.064
301285,2025-09-18,48.9,-0.023562,93035.0,462601.218
301286,2025-09-18,25.6,-0.028463,22631.27,58659.828
301287,2025-09-18,40.8,-0.038643000000000004,23752.65,98808.51
301288,2025-09-18,18.0,0.001669,11980.0,21581.298
301289,2025-09-18,51.61,-0.019194,11769.67,61489.84
301290,2025-09-18,26.7,-0.01766,21003.0,56901.433
301291,2025-09-18,44.58,0.013412,151796.36,681420.457
301292,2025-09-18,18.88,-0.04550099999999999,134253.42,255121.404
301293,2025-09-18,59.68,-0.031011999999999998,127642.35,772869.975
301295,2025-09-18,29.88,-0.05473,30945.39,94832.629
301296,2025-09-18,9.56,-0.033367,68332.0,66713.63
301297,2025-09-18,42.0,0.044775999999999996,192108.15,803437.925
301298,2025-09-18,17.24,-0.024887000000000003,44304.0,77668.835
301299,2025-09-18,60.72,-0.031888,13869.7,85976.409
301300,2025-09-18,40.11,-0.043862,26805.21,109133.352
301301,2025-09-18,11.59,0.013111999999999999,292669.66,341011.589
301302,2025-09-18,23.69,-0.012093,39021.5,93313.025
301303,2025-09-18,15.96,-0.033313,41787.96,67786.175
301305,2025-09-18,21.09,-0.051709,71582.01,153773.649
301306,2025-09-18,53.59,-0.025636000000000003,31489.36,172218.863
301307,2025-09-18,41.0,0.048593000000000004,305511.39,1268611.044
301308,2025-09-18,113.99,-0.00645,225659.35,2633200.331
301309,2025-09-18,30.03,-0.025316,10937.0,33205.065
301310,2025-09-18,40.46,-0.02459,22056.14,90541.316
301311,2025-09-18,19.67,-0.022851,43150.0,85827.913
301312,2025-09-18,55.89,-0.024777999999999998,65346.07,368958.353
301313,2025-09-18,25.52,-0.042401999999999995,55303.21,143213.381
301314,2025-09-18,42.51,-0.020958,10921.1,46874.829
301315,2025-09-18,52.4,-0.036765,31995.21,170231.551
301316,2025-09-18,58.97,0.017426,214556.26,1271473.618
301317,2025-09-18,33.93,-0.015951,27316.81,93749.067
301318,2025-09-18,31.76,-0.02487,24362.33,78537.919
301319,2025-09-18,35.82,0.030198,88921.56,315957.562
301320,2025-09-18,18.86,-0.020768,41126.5,78456.912
301321,2025-09-18,17.77,-0.015512,55104.2,98783.194
301322,2025-09-18,34.33,-0.003483,65669.01,228464.296
301323,2025-09-18,52.73,-0.012362,39224.24,210283.108
301325,2025-09-18,69.61,0.007672,110657.75,781733.484
301326,2025-09-18,109.0,-0.012143999999999999,42483.04,487972.813
301327,2025-09-18,69.75,-0.037798,32430.87,230029.819
301328,2025-09-18,51.0,0.012707999999999999,54274.71,279065.168
301329,2025-09-18,21.02,-0.015918,31520.0,67382.637
301330,2025-09-18,34.08,-0.012746,110857.19,381346.28
301331,2025-09-18,34.28,-0.020011,11927.68,41446.871
301332,2025-09-18,10.4,-0.020716000000000002,53013.53,55728.367
301333,2025-09-18,56.98,-0.006971000000000001,32116.26,185331.57
301335,2025-09-18,32.4,-0.024683999999999998,50286.3,164052.635
301336,2025-09-18,53.78,-0.031688999999999995,14442.74,78636.28
301337,2025-09-18,28.39,-0.02907,19463.34,56094.695
301338,2025-09-18,65.8,0.001522,36953.51,245239.113
301339,2025-09-18,15.91,-0.019717,81931.6,131820.57
301345,2025-09-18,242.51,0.094359,30862.6,749359.272
301348,2025-09-18,21.55,-0.006455,123894.74,270204.551
301349,2025-09-18,40.5,-0.033413,36591.67,150121.504
301353,2025-09-18,27.52,-0.022033,37756.97,105745.913
301355,2025-09-18,11.9,-0.03252,56475.16,68074.32
301356,2025-09-18,23.47,-0.019223,62383.98,150478.177
301357,2025-09-18,123.63,-0.026382,66315.66,838517.635
301358,2025-09-18,42.04,-0.031560000000000005,229164.92,973304.978
301359,2025-09-18,21.04,-0.025474999999999998,20825.6,44342.933
301360,2025-09-18,62.7,-0.038048,45986.25,291382.021
301361,2025-09-18,34.43,-0.035574,28149.0,98731.448
301362,2025-09-18,44.48,-0.009354,20365.0,90876.672
301363,2025-09-18,26.35,-0.035152,191232.48,514277.013
301365,2025-09-18,19.65,-0.021901,41240.37,82137.887
301366,2025-09-18,40.59,0.009199,116219.25,486566.149
301367,2025-09-18,87.29,-0.025781000000000002,10766.41,95436.025
301368,2025-09-18,77.38,-0.057606000000000004,176125.74,1407633.433
301369,2025-09-18,73.9,-0.031582,21491.89,162376.534
301370,2025-09-18,11.22,-0.01406,68440.4,77449.482
301371,2025-09-18,25.55,-0.011605,20763.0,53303.835
301372,2025-09-18,25.78,-0.026067,19720.44,51375.617
301373,2025-09-18,33.0,-0.052268999999999996,41391.78,137040.834
301376,2025-09-18,19.85,-0.025049000000000002,49152.04,98861.733
301377,2025-09-18,83.43,-0.022839,79651.35,672151.865
301378,2025-09-18,30.28,-0.034131,35362.92,108718.609
301379,2025-09-18,24.62,-0.021074000000000002,64168.2,160046.134
301380,2025-09-18,38.74,-0.030531000000000003,45933.17,179948.813
301381,2025-09-18,25.0,0.014610000000000001,153695.73,387258.077
301382,2025-09-18,36.97,-0.034726,171958.83,645793.215
301383,2025-09-18,36.8,-0.031834,34555.34,129332.038
301386,2025-09-18,23.81,-0.018549,27899.0,67117.936
301387,2025-09-18,41.8,-0.017164,22485.13,95163.037
301388,2025-09-18,30.85,-0.032309000000000004,24915.4,78253.33
301389,2025-09-18,72.85,0.10261799999999999,281044.51,1999164.45
301390,2025-09-18,36.23,-0.022132,10993.01,40217.834
301391,2025-09-18,62.86,0.023112,40931.57,263003.725
301392,2025-09-18,178.8,0.004777,76575.57,1368770.452
301393,2025-09-18,56.72,-0.007177,38181.11,220685.449
301395,2025-09-18,11.2,-0.016680999999999998,34272.64,38708.591
301396,2025-09-18,76.69,-0.019059,151032.86,1190588.972
301397,2025-09-18,43.46,-0.00912,94134.76,418329.596
301398,2025-09-18,53.84,-0.061367000000000005,103304.84,566869.586
301399,2025-09-18,20.5,-0.031191,47187.52,98675.086
301408,2025-09-18,13.22,-0.022912,102836.27,137736.803
301413,2025-09-18,188.01,-0.038312,101833.75,1909863.619
301418,2025-09-18,38.71,-0.021486,20297.99,79444.049
301419,2025-09-18,37.38,-0.024276,90961.7,345499.72
301421,2025-09-18,94.5,0.072401,236760.45,2298111.249
301428,2025-09-18,37.93,-0.01939,38134.3,146283.548
301429,2025-09-18,19.55,-0.019067,13072.27,25734.057
301439,2025-09-18,15.35,-0.022915,54300.1,84209.932
301446,2025-09-18,33.98,0.199859,116323.97,375419.884
301448,2025-09-18,60.92,-0.025748000000000004,21917.94,135215.728
301456,2025-09-18,29.41,0.038856,88044.62,258240.27
301458,2025-09-18,36.44,-0.018848,54446.18,201390.124
301459,2025-09-18,44.95,-0.027267,22176.33,101336.292
301468,2025-09-18,24.81,-0.013911,17251.21,43106.976
301469,2025-09-18,28.2,-0.02926,13010.0,37136.124
301479,2025-09-18,95.81,-0.014605,25021.8,243435.102
301486,2025-09-18,99.04,0.022085,103011.04,1028047.92
301487,2025-09-18,29.0,-0.017948,521720.57,1519972.629
301488,2025-09-18,209.0,-0.041416,102997.58,2123639.398
301489,2025-09-18,231.08,0.05757399999999999,41101.05,942769.197
301491,2025-09-18,67.92,-0.012790999999999999,50645.78,346949.104
301498,2025-09-18,93.25,-0.029150999999999996,38211.53,356591.478
301499,2025-09-18,28.79,-0.015053,31780.0,92705.486
301500,2025-09-18,16.4,-0.047618999999999995,128364.12,214498.292
301501,2025-09-18,49.9,-0.019646,21447.95,107621.341
301502,2025-09-18,53.88,-0.062957,27984.98,154925.364
301503,2025-09-18,41.05,-0.020987,12302.0,51184.269
301505,2025-09-18,22.79,-0.035956,62543.87,144166.17
301507,2025-09-18,14.05,-0.022269,43450.0,61689.264
301508,2025-09-18,33.1,-0.009278999999999999,35475.11,119381.13
301509,2025-09-18,37.33,-0.028371,34303.94,130799.303
301510,2025-09-18,35.07,-0.033085,154326.31,550303.275
301511,2025-09-18,36.46,-0.014595,516463.96,1889371.498
301512,2025-09-18,46.81,-0.024792,15584.54,74133.714
301515,2025-09-18,21.7,-0.022963,17254.0,37913.382
301516,2025-09-18,18.25,-0.010304,66952.18,123522.836
301517,2025-09-18,45.44,0.005755,67436.43,308247.892
301518,2025-09-18,28.05,-0.014752000000000001,46111.67,130727.006
301519,2025-09-18,14.01,-0.033126,25735.0,36647.619
301520,2025-09-18,42.94,-0.032447,14242.08,62145.332
301522,2025-09-18,33.65,-0.021802000000000002,35905.79,122005.016
301525,2025-09-18,100.07,-0.016028,41540.7,428863.374
301526,2025-09-18,6.87,0.007331,1560889.88,1081856.899
301528,2025-09-18,61.33,-0.025115,11820.18,73528.023
301529,2025-09-18,87.9,-0.018425,55831.47,511929.868
301533,2025-09-18,38.66,-0.011758999999999999,22377.02,87749.552
301535,2025-09-18,21.91,-0.031388,106324.09,236700.17
301536,2025-09-18,62.78,-0.023031000000000003,105894.55,681077.588
301538,2025-09-18,95.0,-0.037487,46446.09,456322.204
301539,2025-09-18,19.81,-0.039748,38806.32,78456.805
301548,2025-09-18,50.66,-0.028944,18210.47,94127.331
301550,2025-09-18,130.0,0.0030859999999999998,122868.53,1646330.158
301551,2025-09-18,47.08,-0.019983,18924.33,89996.566
301552,2025-09-18,42.25,-0.03868,27753.55,119370.297
301555,2025-09-18,30.38,-0.023778999999999998,32750.7,101415.387
301556,2025-09-18,98.0,-0.002341,13199.76,131234.956
301557,2025-09-18,74.4,0.007857,12472.08,93136.092
301558,2025-09-18,8.95,-0.031385,163660.11,149248.956
301559,2025-09-18,17.55,-0.001706,70427.28,124433.969
301560,2025-09-18,38.31,0.004457,33592.54,127675.921
301565,2025-09-18,25.48,0.001572,103162.08,265743.213
301566,2025-09-18,18.18,0.024803000000000002,238438.97,435775.41
301567,2025-09-18,42.14,-0.026115,16883.0,72110.544
301568,2025-09-18,50.3,-0.011594,64701.9,329019.921
301571,2025-09-18,45.42,0.008661,47126.25,214939.37
301575,2025-09-18,56.39,-0.011049,48553.95,273963.275
301577,2025-09-18,63.0,-0.017467,15999.68,101926.411
301578,2025-09-18,38.09,-0.019815,19411.73,74832.795
301580,2025-09-18,44.9,-0.027086000000000002,18343.37,83517.149
301581,2025-09-18,56.05,-0.018732,18684.75,107059.593
301585,2025-09-18,34.29,-0.022799,24164.64,83865.768
301586,2025-09-18,49.5,-0.014924999999999999,19863.42,100356.994
301587,2025-09-18,24.24,-0.027287,49917.42,121828.693
301588,2025-09-18,21.1,-0.035207999999999996,28267.31,60380.639
301589,2025-09-18,176.8,-0.03866,13658.62,245821.727
301590,2025-09-18,192.02,-0.015282,12928.7,249638.764
301591,2025-09-18,43.3,-0.040337,31778.96,141380.504
301592,2025-09-18,133.53,-0.011987000000000001,9868.08,132655.235
301595,2025-09-18,41.1,-0.024911,15103.61,62847.373
301596,2025-09-18,93.86,-0.010959000000000002,29620.79,283537.693
301598,2025-09-18,66.66,-0.004778,18815.41,128084.822
301600,2025-09-18,148.87,-0.009514,57031.42,872211.422
301601,2025-09-18,32.68,-0.020384000000000003,18461.42,60940.819
301602,2025-09-18,25.09,-0.01492,34912.37,88868.299
301603,2025-09-18,83.19,-0.017828,60028.34,506092.218
301606,2025-09-18,66.55,-0.021179999999999997,23634.26,160618.007
301607,2025-09-18,39.89,0.05557,168989.46,673902.949
301608,2025-09-18,93.99,-0.016121,23507.07,225615.149
301609,2025-09-18,48.58,-0.019378,28559.35,140007.553
301611,2025-09-18,53.95,0.011814999999999999,114750.04,621181.372
301613,2025-09-18,54.7,-0.038326,35070.56,195667.687
301616,2025-09-18,54.59,-0.027263000000000003,27936.71,154307.497
301617,2025-09-18,74.76,-0.02185,41888.54,316441.543
301618,2025-09-18,58.85,-0.028235999999999997,11875.87,70990.311
301622,2025-09-18,85.54,0.010752999999999999,54798.91,477529.62
301626,2025-09-18,123.52,-0.00986,25236.26,316282.63
301628,2025-09-18,89.72,-0.011458999999999999,20814.5,189029.513
301629,2025-09-18,174.35,0.07226300000000001,38021.4,664453.738
301630,2025-09-18,189.4,-0.023107000000000003,15792.18,300895.906
301631,2025-09-18,87.27,-0.029255,20555.34,182514.725
301632,2025-09-18,32.09,-0.001245,64174.21,206320.548
301633,2025-09-18,79.04,-0.032440000000000004,10768.0,86892.344
301636,2025-09-18,57.61,-0.006382,18725.94,107235.447
301658,2025-09-18,36.39,-0.024135,86653.94,315174.92
301662,2025-09-18,140.74,0.0086,27953.63,395377.016
301665,2025-09-18,29.95,-0.017710999999999998,31785.89,95709.937
301678,2025-09-18,84.42,-0.025286,75769.58,651739.588
302132,2025-09-18,82.11,0.005141,186473.88,1541119.099
920017,2025-09-18,19.8,0.0020239999999999998,23626.77,46899.846
920047,2025-09-18,25.23,-0.016758,35018.94,89347.039
920090,2025-09-18,9.22,-0.041580000000000006,226721.78,211760.084
920139,2025-09-18,26.06,-0.01213,96372.28,256336.48
920198,2025-09-18,11.2,-0.007972,37721.13,42865.462
920300,2025-09-18,17.04,-0.0005870000000000001,33720.34,58160.563
920418,2025-09-18,33.1,0.018148,86961.62,290937.876
920425,2025-09-18,26.38,-0.013832,38607.77,103743.228
920476,2025-09-18,28.92,0.031016,65080.07,189545.327
920478,2025-09-18,24.01,-0.00908,24055.98,58571.661
920510,2025-09-18,21.99,-0.006775,51214.07,114537.091
920556,2025-09-18,12.02,0.012637,90815.22,109786.742
920564,2025-09-18,25.09,0.0036,24911.21,63305.323
920685,2025-09-18,16.86,-0.019197,20785.07,35778.891
920718,2025-09-18,21.18,-0.029331,51079.65,110218.229
600000,2025-09-18,12.75,-0.016204,1065072.76,1365758.685
600004,2025-09-18,9.54,-0.012421999999999999,265357.21,255105.336
600006,2025-09-18,7.41,-0.017241,455933.99,342031.925
600007,2025-09-18,21.44,-0.039857000000000004,36897.09,80500.075
600008,2025-09-18,3.24,-0.027027000000000002,1695753.9,554880.411
600009,2025-09-18,31.94,-0.013892999999999999,146163.84,469091.797
600010,2025-09-18,2.41,-0.028226,9440214.83,2307925.351
600011,2025-09-18,7.38,-0.01992,888794.14,661579.898
600012,2025-09-18,13.0,-0.015152,126826.76,165745.174
600015,2025-09-18,6.81,-0.015896,1060367.98,727805.217
600016,2025-09-18,4.03,-0.01467,5057787.34,2052839.091
600017,2025-09-18,3.23,-0.015244,400530.5,130548.712
600018,2025-09-18,5.56,-0.0194,540834.87,302454.049
600019,2025-09-18,6.86,-0.008671,1298684.98,894619.891
600020,2025-09-18,4.31,-0.01373,136906.59,59544.725
600021,2025-09-18,19.73,-0.032843,1572671.54,3147737.601
600022,2025-09-18,1.6,0.006289,2445663.57,396941.967
600023,2025-09-18,5.02,-0.015686,1096843.42,554096.204
600025,2025-09-18,9.18,-0.009709,254973.68,234779.091
600026,2025-09-18,12.48,-0.019639,603997.85,756939.694
600027,2025-09-18,5.23,-0.016917,1321837.71,696135.836
600028,2025-09-18,5.4,-0.016393,1625478.74,882252.754
600029,2025-09-18,5.99,-0.038523,1019542.53,617532.191
600030,2025-09-18,28.35,-0.022077,3729978.84,10712761.661
600031,2025-09-18,20.79,-0.008584000000000001,575689.21,1206698.608
600032,2025-09-18,7.58,-0.020672000000000003,138356.07,105734.738
600033,2025-09-18,3.48,-0.014164000000000001,306502.5,107370.862
600035,2025-09-18,4.01,-0.012315,160562.22,64715.384
600036,2025-09-18,40.83,-0.022269999999999998,1003522.4,4131887.418
600037,2025-09-18,7.99,-0.020833,252414.25,204764.478
600038,2025-09-18,35.78,-0.007764999999999999,105226.0,378392.779
600039,2025-09-18,8.42,-0.039909,414545.33,354219.174
600048,2025-09-18,7.76,-0.03,2606947.83,2046922.099
600050,2025-09-18,5.47,-0.026690000000000002,5344779.49,2956170.004
600051,2025-09-18,7.23,-0.028226,72805.99,53245.572
600052,2025-09-18,5.34,-0.025547,370009.44,201530.03
600053,2025-09-18,18.12,-0.046817000000000004,164380.49,303490.388
600054,2025-09-18,12.62,0.021862,331202.96,415278.198
600055,2025-09-18,17.83,-0.034128,116347.4,211779.205
600056,2025-09-18,12.05,0.100457,1405606.8,1658927.277
600057,2025-09-18,7.09,-0.015278,139621.97,99789.539
600058,2025-09-18,9.13,-0.032839,190671.0,176585.869
600059,2025-09-18,9.84,-0.015015,137806.75,136580.694
600060,2025-09-18,22.21,0.0027089999999999996,204403.0,453995.499
600061,2025-09-18,7.61,-0.029337,931489.11,716287.181
600062,2025-09-18,19.09,0.001574,134466.03,256849.997
600063,2025-09-18,5.76,-0.036789,693861.93,408375.846
600064,2025-09-18,7.86,-0.02843,310875.82,248041.954
600066,2025-09-18,28.55,0.021831999999999997,240633.8,684505.853
600067,2025-09-18,3.18,-0.021537999999999998,388766.0,125074.846
600071,2025-09-18,23.15,-0.016985,123747.5,289355.177
600072,2025-09-18,12.43,-0.018942,198627.74,249237.922
600073,2025-09-18,7.12,-0.019284,219614.57,157683.253
600075,2025-09-18,4.47,-0.013245,141070.32,63794.584
600076,2025-09-18,2.93,-0.013468,523876.0,155207.696
600078,2025-09-18,6.41,-0.013846,102060.0,65924.913
600079,2025-09-18,21.83,-0.00592,329508.23,725009.719
600080,2025-09-18,7.15,-0.020548,53177.7,38262.923
600081,2025-09-18,13.49,-0.012445,100236.84,137362.964
600082,2025-09-18,4.21,-0.043182,284924.0,121757.281
600084,2025-09-18,5.35,-0.020146999999999998,79595.01,43132.003
600085,2025-09-18,34.98,-0.0034189999999999997,135599.46,476111.74
600088,2025-09-18,16.84,-0.030512,78180.02,133788.584
600089,2025-09-18,15.77,-0.023529,3280638.52,5216738.009
600094,2025-09-18,4.09,0.017413,672248.92,279784.472
600095,2025-09-18,11.21,-0.04188,776931.69,881637.209
600096,2025-09-18,25.8,-0.030074999999999998,306797.55,802869.796
600097,2025-09-18,11.57,-0.026094,77559.73,90876.156
600098,2025-09-18,6.59,-0.026587999999999997,280827.49,187198.45
600099,2025-09-18,10.88,-0.018935999999999998,36251.8,39835.529
600100,2025-09-18,7.93,-0.014906999999999998,848264.3,684089.286
600101,2025-09-18,9.64,-0.016327,131638.57,127487.556
600103,2025-09-18,4.85,0.068282,7151417.48,3336934.04
600104,2025-09-18,18.81,-0.004762,770420.96,1461034.18
600105,2025-09-18,10.08,-0.081967,2321137.22,2351670.296
600106,2025-09-18,6.6,-0.014924999999999999,410943.02,275127.337
600107,2025-09-18,6.61,-0.014903,65085.47,43481.101
600108,2025-09-18,3.1,-0.015872999999999998,466603.52,146066.354
600109,2025-09-18,9.89,-0.030392000000000002,688079.02,688246.182
600110,2025-09-18,7.03,-0.027663000000000004,1323483.2,941547.686
600111,2025-09-18,48.1,-0.044497,2063004.3,10079983.775
600113,2025-09-18,55.27,-0.018643,55722.54,310669.961
600114,2025-09-18,34.87,0.040896,725160.1,2584998.581
600115,2025-09-18,4.04,-0.038095,1648816.87,673938.82
600116,2025-09-18,6.67,-0.005960999999999999,102232.58,68356.757
600117,2025-09-18,3.29,-0.01791,655273.0,218483.198
600118,2025-09-18,35.58,-0.026539,532241.93,1938184.451
600119,2025-09-18,8.52,0.028986,315873.0,275229.248
600120,2025-09-18,6.29,-0.029321,1162987.03,738331.184
600121,2025-09-18,4.06,-0.024038,296447.54,121591.109
600123,2025-09-18,6.55,-0.022387999999999998,209246.19,138194.687
600125,2025-09-18,6.14,0.0,301117.37,185543.312
600126,2025-09-18,9.46,-0.019689,941361.2,907402.985
600127,2025-09-18,6.86,-0.01295,166085.36,114359.728
600128,2025-09-18,10.64,-0.027422,90690.0,97685.781
600129,2025-09-18,22.0,0.012424999999999999,151326.33,331568.005
600130,2025-09-18,3.69,-0.048969,343752.0,129893.883
600131,2025-09-18,17.37,-0.006861000000000001,118169.6,206906.323
600132,2025-09-18,54.34,-0.0062180000000000004,31434.76,170988.706
600133,2025-09-18,8.76,-0.023411,306302.89,271240.017
600135,2025-09-18,7.28,-0.028037,79804.8,58871.488
600136,2025-09-18,1.9,-0.005235999999999999,173871.6,33357.387
600137,2025-09-18,18.8,-0.020833,24114.0,45909.557
600138,2025-09-18,10.38,0.005814000000000001,361376.26,374509.066
600141,2025-09-18,27.12,-0.012741,142776.92,391953.122
600143,2025-09-18,24.08,0.100046,5758617.13,13494979.673
600148,2025-09-18,20.13,-0.026596,35853.01,73276.471
600149,2025-09-18,5.38,-0.032374,109478.0,59671.481
600150,2025-09-18,35.25,-0.022734,1621817.14,5797414.94
600151,2025-09-18,8.32,-0.032558,364429.69,306600.089
600152,2025-09-18,6.89,-0.025459999999999997,306615.0,214150.851
600153,2025-09-18,10.61,-0.023919000000000003,219070.99,235023.897
600155,2025-09-18,7.43,-0.028758,473081.75,355742.78
600156,2025-09-18,8.58,-0.017182,160892.43,139876.926
600157,2025-09-18,1.71,0.103226,21453842.27,3626473.264
600158,2025-09-18,9.24,-0.033473,538744.12,504082.026
600159,2025-09-18,3.07,-0.031546,1100315.95,358401.733
600160,2025-09-18,36.76,-0.011295999999999999,425226.43,1566317.694
600161,2025-09-18,19.58,-0.0005099999999999999,150145.55,293984.719
600162,2025-09-18,2.88,0.099237,982033.51,277053.214
600163,2025-09-18,5.2,-0.009524,139934.45,72881.81
600166,2025-09-18,2.89,-0.010274,1712640.03,499675.734
600167,2025-09-18,7.17,0.076577,516000.52,369221.081
600168,2025-09-18,4.91,-0.021911999999999997,133520.0,66162.419
600169,2025-09-18,2.65,0.007605,1158977.68,308899.292
600170,2025-09-18,3.88,0.09914999999999999,22948550.82,8644185.365
600171,2025-09-18,37.67,0.00695,923456.48,3550703.706
600172,2025-09-18,5.06,0.043299000000000004,1960688.97,990146.177
600173,2025-09-18,8.5,-0.087003,1104221.05,960301.047
600176,2025-09-18,15.28,0.005263,890058.86,1366592.901
600177,2025-09-18,7.34,-0.016086,239074.04,176531.409
600178,2025-09-18,13.34,-0.021277,98035.0,132105.164
600179,2025-09-18,3.63,0.008333,897242.92,329618.369
600180,2025-09-18,4.62,-0.017020999999999998,195654.0,91176.643
600182,2025-09-18,15.16,-0.018135,23228.0,35465.737
600183,2025-09-18,56.39,0.054019000000000005,685542.27,3801654.914
600184,2025-09-18,17.86,-0.011073999999999999,143619.02,260418.07
600185,2025-09-18,5.88,-0.011765000000000001,583755.06,348329.672
600186,2025-09-18,6.03,0.001661,896326.0,543194.109
600187,2025-09-18,2.97,-0.019802,421885.54,126524.96
600188,2025-09-18,13.08,-0.039647999999999996,643915.31,850945.813
600189,2025-09-18,7.24,-0.012278,127671.47,93097.018
600191,2025-09-18,8.2,-0.039813,202097.73,166416.556
600192,2025-09-18,9.5,-0.0316,138260.25,133112.573
600193,2025-09-18,4.28,-0.022831,114030.0,49626.861
600195,2025-09-18,7.3,-0.01084,124510.26,91775.605
600196,2025-09-18,31.61,-0.0066,519463.83,1651370.508
600197,2025-09-18,15.36,-0.019157,66304.33,102680.002
600198,2025-09-18,8.4,-0.009434,307034.54,261406.65
600199,2025-09-18,10.72,-0.010157000000000001,120444.01,129754.598
600200,2025-09-18,0.95,0.021505,294399.75,28052.656
600201,2025-09-18,8.99,0.023918,557427.14,499913.066
600202,2025-09-18,5.89,-0.032841,111825.0,66852.601
600203,2025-09-18,15.22,-0.042165,973471.34,1494370.143
600206,2025-09-18,21.13,-0.007049,711680.92,1527415.938
600207,2025-09-18,5.73,-0.046589,1101698.7,634789.511
600208,2025-09-18,4.62,-0.019108,1987230.58,944707.953
600210,2025-09-18,7.42,-0.013298,462839.47,346042.421
600211,2025-09-18,52.39,-0.000953,96034.1,504259.063
600212,2025-09-18,8.2,-0.036427999999999995,252772.13,210240.221
600215,2025-09-18,7.38,-0.02122,151354.0,113105.58
600216,2025-09-18,14.74,-0.021248,228409.38,340321.547
600217,2025-09-18,4.38,-0.017937,245981.89,108429.44
600218,2025-09-18,9.83,0.020768,298078.24,295505.334
600219,2025-09-18,3.87,-0.027638,2482787.93,969575.212
600221,2025-09-18,1.73,0.011696,15530702.58,2743348.477
600222,2025-09-18,6.58,-0.026627,252118.15,167880.94
600223,2025-09-18,7.77,-0.017699,142841.13,111468.781
600226,2025-09-18,4.14,0.009756,1608021.28,664091.159
600227,2025-09-18,2.64,-0.0075190000000000005,385568.0,102634.564
600228,2025-09-18,5.71,0.03442,235493.93,134337.771
600229,2025-09-18,6.71,-0.016129,60769.0,41109.462
600230,2025-09-18,12.02,-0.023558,113918.52,138339.694
600231,2025-09-18,2.17,-0.022523,356316.0,78292.021
600232,2025-09-18,6.65,-0.016272,89393.63,59956.275
600233,2025-09-18,18.7,-0.031088,287205.78,538441.424
600234,2025-09-18,8.85,-0.02854,44298.0,39910.958
600235,2025-09-18,6.91,-0.012857,150170.63,104370.24
600236,2025-09-18,6.27,-0.007911,133533.42,83962.98
600237,2025-09-18,7.78,-0.013942000000000001,226534.78,177789.884
600238,2025-09-18,6.26,-0.024922,80359.9,51042.373
600239,2025-09-18,2.62,-0.022387999999999998,837282.1,222551.028
600241,2025-09-18,8.4,-0.014085,118094.0,100385.452
600243,2025-09-18,5.52,-0.04,133282.0,74261.262
600246,2025-09-18,14.73,0.005461000000000001,4550956.71,7119000.037
600248,2025-09-18,3.94,-0.0199,329604.75,131009.249
600249,2025-09-18,6.12,-0.0208,248343.0,153114.33
600250,2025-09-18,12.45,-0.000803,190812.01,236837.08
600251,2025-09-18,8.17,-0.021557,124492.82,102492.256
600252,2025-09-18,2.89,-0.006873000000000001,1238878.27,364223.354
600255,2025-09-18,4.11,-0.035211,1236893.18,515137.02
600256,2025-09-18,5.02,-0.013752,814041.0,410681.161
600257,2025-09-18,5.43,-0.033808,218525.45,120131.329
600258,2025-09-18,15.37,0.021941000000000002,295989.64,451911.954
600259,2025-09-18,56.37,-0.048125999999999995,181513.85,1038472.44
600261,2025-09-18,3.58,-0.016484000000000002,376082.63,136413.304
600262,2025-09-18,21.7,-0.01721,46656.01,102206.938
600265,2025-09-18,22.6,-0.016964,6211.26,14130.482
600266,2025-09-18,5.14,-0.04638200000000001,684960.52,359278.302
600267,2025-09-18,10.74,0.010348,314164.35,338206.468
600268,2025-09-18,9.77,-0.02495,263575.86,259243.756
600269,2025-09-18,4.88,-0.02008,220207.33,108537.749
600271,2025-09-18,8.32,-0.020024,391207.06,328946.261
600272,2025-09-18,13.55,0.015742,110290.43,150352.097
600273,2025-09-18,8.14,-0.018094,216268.29,177255.821
600276,2025-09-18,71.09,0.013689,865638.88,6173830.34
600278,2025-09-18,7.23,-0.028226,156646.77,115614.159
600279,2025-09-18,5.35,-0.020146999999999998,99250.96,53528.683
600280,2025-09-18,3.59,-0.024457,543835.05,198400.582
600281,2025-09-18,6.29,-0.023292,156516.1,99407.86
600282,2025-09-18,4.8,-0.014374,302970.1,146403.047
600283,2025-09-18,9.52,-0.013472,49211.91,47184.471
600284,2025-09-18,9.89,0.066882,823098.57,822252.825
600285,2025-09-18,22.3,-0.021501000000000003,88277.8,198828.239
600287,2025-09-18,5.65,-0.025862,74035.0,42273.317
600288,2025-09-18,12.85,-0.019084,158847.37,206240.932
600289,2025-09-18,6.57,0.049520999999999996,148194.54,97143.215
600292,2025-09-18,12.76,-0.056910999999999996,387000.91,500174.36
600293,2025-09-18,3.14,-0.015674,300564.44,95255.754
600295,2025-09-18,9.77,-0.01809,104013.4,102400.479
600298,2025-09-18,39.49,-0.012503,80493.63,319401.533
600299,2025-09-18,9.47,-0.014568000000000001,108742.09,103643.301
600300,2025-09-18,3.46,-0.01983,554246.01,193205.011
600301,2025-09-18,30.48,-0.037879,105525.01,326033.151
600302,2025-09-18,6.77,-0.035613,87261.07,60100.175
600303,2025-09-18,3.72,-0.028721,358341.92,135595.849
600305,2025-09-18,7.97,-0.014833,143754.81,115295.303
600307,2025-09-18,1.75,-0.005682,1331585.82,236194.587
600308,2025-09-18,3.67,-0.013441000000000002,211867.68,78062.946
600309,2025-09-18,65.88,-0.016863,314009.89,2079520.749
600310,2025-09-18,3.99,-0.017241,215488.24,86410.691
600312,2025-09-18,15.43,-0.0057989999999999995,304344.42,471933.051
600313,2025-09-18,6.41,-0.016871,232622.05,150315.808
600315,2025-09-18,26.41,-0.035074999999999995,106693.97,284182.118
600316,2025-09-18,34.45,0.007605,248197.91,865898.036
600318,2025-09-18,9.92,-0.044316,551311.22,551419.948
600319,2025-09-18,7.88,-0.031941000000000004,86594.68,68943.234
600320,2025-09-18,4.55,0.011111,935778.12,428713.117
600322,2025-09-18,3.24,-0.018182,2112769.21,710673.759
600323,2025-09-18,26.12,-0.038292,97445.1,258225.03
600325,2025-09-18,5.52,-0.033275,814966.12,454003.423
600326,2025-09-18,13.44,-0.015385,1209830.71,1638709.571
600327,2025-09-18,5.01,-0.015717000000000002,326824.0,165612.251
600328,2025-09-18,7.77,-0.018938999999999998,216992.26,170089.655
600329,2025-09-18,44.22,-0.0049499999999999995,76447.61,339054.669
600330,2025-09-18,11.57,0.008718,1979774.64,2286121.271
600331,2025-09-18,10.99,-0.027434,478903.93,531908.402
600332,2025-09-18,25.57,0.0011749999999999998,190653.08,487637.622
600333,2025-09-18,5.69,-0.02735,187399.0,107625.993
600335,2025-09-18,6.39,0.011075999999999999,508715.75,329128.411
600336,2025-09-18,6.7,-0.028986,209358.6,142594.504
600337,2025-09-18,2.7,0.102041,1754320.36,463009.596
600338,2025-09-18,12.76,-0.036254,707726.21,914315.7
600339,2025-09-18,3.52,-0.014006000000000001,430527.6,152196.339
600340,2025-09-18,2.37,-0.032653,3187191.47,778929.537
600343,2025-09-18,14.03,-0.014055,124197.41,175881.129
600345,2025-09-18,29.03,0.007287,119781.65,345405.336
600346,2025-09-18,16.63,-0.015394000000000001,175464.92,292537.122
600348,2025-09-18,7.05,-0.024895999999999998,415981.64,297147.4
600350,2025-09-18,8.71,-0.0057079999999999995,131191.9,114141.119
600351,2025-09-18,6.72,-0.014662999999999999,185429.42,125711.404
600352,2025-09-18,10.22,-0.014464999999999999,263558.2,270886.408
600353,2025-09-18,17.56,-0.027685,511905.97,914845.687
600354,2025-09-18,6.34,-0.012461,173429.6,110447.539
600355,2025-09-18,3.36,-0.045454999999999995,237299.0,81121.092
600356,2025-09-18,9.94,-0.021654,80009.58,80658.214
600358,2025-09-18,5.49,-0.019643,113739.0,62753.85
600359,2025-09-18,7.06,-0.005634,87468.86,61803.671
600360,2025-09-18,8.12,-0.050292,598241.33,493580.446
600361,2025-09-18,4.32,-0.020408,741081.63,322519.27
600362,2025-09-18,29.07,-0.06407,792006.3,2327962.186
600363,2025-09-18,59.18,-0.007214000000000001,126443.97,757522.456
600365,2025-09-18,3.4,-0.028571,72780.0,24988.66
600366,2025-09-18,14.65,-0.031084999999999998,666877.24,988239.589
600367,2025-09-18,17.23,-0.020466,233324.95,406708.999
600368,2025-09-18,4.37,-0.022371,686046.22,303153.769
600369,2025-09-18,4.79,-0.028398,717044.68,347573.842
600370,2025-09-18,2.16,0.004651,419334.49,91240.394
600371,2025-09-18,9.01,-0.014223,63455.88,57671.95
600372,2025-09-18,11.88,-0.010824,312323.17,374079.593
600373,2025-09-18,10.4,0.016618,245052.78,252706.43
600375,2025-09-18,7.08,0.005682,460785.02,326766.149
600376,2025-09-18,8.07,0.09945499999999999,2552360.01,2025946.415
600377,2025-09-18,12.56,-0.014129000000000001,113167.1,142505.069
600378,2025-09-18,29.17,-0.024741,130393.71,382687.233
600379,2025-09-18,12.9,-0.006928,223811.65,291242.867
600380,2025-09-18,12.98,0.010117000000000001,358453.9,466207.294
600381,2025-09-18,5.08,0.005940999999999999,105837.0,54402.991
600382,2025-09-18,6.02,-0.022727,104081.91,63224.824
600383,2025-09-18,4.12,-0.048499,1409629.24,591111.681
600386,2025-09-18,5.02,0.022403,665101.23,342023.655
600388,2025-09-18,13.33,-0.026297,195345.77,262787.773
600389,2025-09-18,25.25,-0.015210999999999999,65305.91,166562.79
600390,2025-09-18,6.1,-0.039369999999999995,1272349.16,786315.053
600391,2025-09-18,26.34,0.00037999999999999997,146937.37,393153.24
600392,2025-09-18,21.98,-0.033846,987375.48,2181895.646
600395,2025-09-18,5.17,-0.020833,163047.91,84887.267
600396,2025-09-18,3.2,-0.030303,313474.0,101778.535
600397,2025-09-18,7.21,-0.037383,388371.26,284032.011
600398,2025-09-18,6.57,-0.017937,513588.0,340375.197
600399,2025-09-18,5.29,-0.023985,474098.39,253699.826
600400,2025-09-18,3.03,0.101818,1361997.65,405672.812
600403,2025-09-18,3.72,-0.023622,187079.0,70402.084
600405,2025-09-18,6.21,-0.050459,468252.59,294974.128
600406,2025-09-18,22.29,-0.005798,572671.57,1281085.735
600408,2025-09-18,2.41,-0.024291,317862.1,77725.885
600409,2025-09-18,5.63,-0.019164,324743.71,184709.096
600410,2025-09-18,23.8,0.068223,4819027.78,11192997.16
600415,2025-09-18,19.19,-0.02341,800100.97,1554961.009
600416,2025-09-18,15.02,-0.011841999999999998,380436.85,578520.667
600418,2025-09-18,55.2,-0.044321,1173555.19,6584220.534
600419,2025-09-18,10.1,-0.023211,90992.4,92728.893
600420,2025-09-18,11.12,0.011829000000000001,201487.86,224079.618
600421,2025-09-18,7.76,-0.023899,37650.0,29363.92
600422,2025-09-18,14.21,0.0014089999999999999,123666.97,176144.363
600423,2025-09-18,3.67,-0.013441000000000002,208775.15,77088.993
600425,2025-09-18,4.5,-0.028078,495691.86,225721.369
600426,2025-09-18,25.87,-0.01635,133670.39,347542.412
600428,2025-09-18,6.73,-0.02886,327289.74,222760.924
600429,2025-09-18,4.76,-0.020575999999999997,117759.0,56616.002
600433,2025-09-18,3.39,-0.005865,684547.56,234986.323
600435,2025-09-18,13.91,-0.015569999999999999,392493.61,551091.274
600436,2025-09-18,200.0,-0.0071979999999999995,34218.25,685999.574
600438,2025-09-18,22.1,-0.038711999999999996,1056010.65,2361332.867
600439,2025-09-18,3.11,-0.012698000000000001,399204.83,126009.149
600444,2025-09-18,17.65,-0.024323,62568.0,112013.154
600446,2025-09-18,18.87,-0.048891,444571.41,856975.191
600448,2025-09-18,3.92,0.026178,1516260.29,598038.75
600449,2025-09-18,13.22,-0.020015,77918.88,104036.252
600452,2025-09-18,9.53,-0.024565,286905.0,276581.637
600455,2025-09-18,26.5,-0.018154999999999998,17507.0,46614.078
600456,2025-09-18,30.65,-0.017627999999999998,94019.94,290459.265
600458,2025-09-18,14.76,-0.019269,272526.98,410833.32
600459,2025-09-18,16.2,-0.038576,274398.64,450457.338
600460,2025-09-18,30.35,0.005633,952282.74,2919727.268
600461,2025-09-18,8.9,-0.011111,144032.68,128906.392
600463,2025-09-18,11.3,-0.026701000000000003,53081.48,61088.443
600467,2025-09-18,2.6,0.0,680724.75,178382.391
600468,2025-09-18,6.36,-0.023041,297098.3,190574.464
600469,2025-09-18,5.95,-0.02459,75897.5,45726.655
600470,2025-09-18,5.68,-0.029060000000000002,166193.34,95409.376
600475,2025-09-18,16.57,-0.001206,245431.72,410773.686
600476,2025-09-18,17.22,-0.021034999999999998,43536.31,76021.362
600477,2025-09-18,2.83,0.003546,630948.24,179507.877
600478,2025-09-18,6.44,-0.028658000000000003,826556.62,541212.653
600479,2025-09-18,10.61,-0.013940999999999999,99991.9,106722.434
600480,2025-09-18,14.61,-0.029235999999999998,648880.07,961447.0
600481,2025-09-18,6.1,-0.04538299999999999,1020255.21,632948.279
600482,2025-09-18,21.47,-0.014686,217397.68,470584.702
600483,2025-09-18,9.67,-0.002064,165272.22,160000.558
600486,2025-09-18,71.9,-0.004017,33244.06,240908.9
600487,2025-09-18,22.22,0.1,1893197.21,4151055.443
600488,2025-09-18,4.24,-0.007026,100410.23,42760.442
600489,2025-09-18,18.05,-0.033726,1115088.35,2040857.03
600490,2025-09-18,6.07,-0.055987999999999996,1070727.12,665887.625
600491,2025-09-18,3.69,-0.013368999999999999,453479.19,168811.149
600493,2025-09-18,6.61,-0.02651,57900.0,38669.405
600495,2025-09-18,5.08,-0.019305000000000003,259307.33,133136.235
600496,2025-09-18,3.54,-0.027473,286520.18,102643.081
600497,2025-09-18,6.0,-0.04,1672843.56,1016583.442
600498,2025-09-18,28.88,0.10019,1516217.83,4283497.533
600499,2025-09-18,11.4,0.010638000000000002,287314.68,329633.524
600500,2025-09-18,4.34,-0.026906,362320.08,158448.764
600501,2025-09-18,25.28,0.026806999999999997,186871.44,470431.548
600502,2025-09-18,4.67,-0.014767999999999998,288285.59,135410.618
600503,2025-09-18,3.61,-0.044974,1302820.97,483369.919
600505,2025-09-18,13.17,-0.029477000000000003,108838.29,144612.156
600506,2025-09-18,19.58,-0.012607,85411.35,169304.379
600507,2025-09-18,5.32,-0.029197,270470.17,144915.171
600508,2025-09-18,12.0,-0.029911,59639.23,72406.708
600509,2025-09-18,7.88,-0.047158,1355096.22,1085131.335
600510,2025-09-18,7.98,-0.006227,229640.0,186112.981
600511,2025-09-18,29.55,0.007157,81286.24,239967.039
600512,2025-09-18,2.63,-0.003788,779346.0,207033.888
600513,2025-09-18,20.5,-0.008704,169183.73,350157.627
600515,2025-09-18,4.03,-0.007389,1518726.88,618101.628
600516,2025-09-18,5.2,-0.026217,837897.21,439952.246
600517,2025-09-18,5.86,-0.033003,459468.91,272165.987
600518,2025-09-18,2.17,0.0,5274822.97,1150409.639
600519,2025-09-18,1467.96,-0.016772,49721.25,7347477.479
600520,2025-09-18,29.3,-0.001363,65473.52,193477.109
600521,2025-09-18,23.09,-0.022439,407225.36,955907.443
600522,2025-09-18,16.89,0.069664,3730625.58,6337847.508
600523,2025-09-18,14.44,-0.010281,69542.0,101923.147
600525,2025-09-18,3.9,-0.048780000000000004,363207.67,145162.409
600526,2025-09-18,5.23,-0.020599,215110.04,113569.444
600527,2025-09-18,2.6,0.101695,3192350.08,814818.525
600528,2025-09-18,8.33,-0.016529000000000002,296637.01,249690.417
600529,2025-09-18,21.84,-0.011765000000000001,105379.66,231415.977
600530,2025-09-18,7.7,0.047618999999999995,224933.24,171142.291
600531,2025-09-18,10.55,-0.057194,1008562.6,1083892.848
600533,2025-09-18,2.93,-0.042484,411647.0,122611.982
600535,2025-09-18,15.73,-0.011314,196033.46,310369.993
600536,2025-09-18,48.51,-0.00635,361126.48,1777181.632
600537,2025-09-18,4.5,0.03211,3915107.2,1736300.292
600538,2025-09-18,5.71,-0.028912,129777.17,74769.807
600539,2025-09-18,10.7,-0.020146999999999998,66943.51,72438.843
600540,2025-09-18,4.8,0.002088,185554.21,88835.039
600543,2025-09-18,5.96,-0.029316,74942.0,45111.764
600545,2025-09-18,3.08,-0.019108,832729.22,258997.008
600546,2025-09-18,9.85,-0.027641,259074.28,257919.603
600547,2025-09-18,36.1,-0.035533,500608.49,1827458.798
600548,2025-09-18,9.91,-0.011963999999999999,68568.01,68227.937
600549,2025-09-18,28.56,-0.037736,586328.52,1694047.564
600550,2025-09-18,8.3,-0.024676999999999998,325028.02,272236.243
600551,2025-09-18,8.69,-0.009122,124888.14,108381.11
600552,2025-09-18,13.44,0.021277,828603.1,1131004.905
600556,2025-09-18,5.25,-0.029575,630318.63,336305.683
600557,2025-09-18,15.82,-0.002522,171216.06,273272.384
600558,2025-09-18,5.11,-0.019194,194194.01,100092.799
600559,2025-09-18,17.41,-0.018602,220577.13,386507.48
600560,2025-09-18,17.03,-0.030182,54688.0,94743.493
600561,2025-09-18,6.75,-0.032951,74466.99,50862.983
600562,2025-09-18,27.82,-0.019732,107587.82,302324.063
600563,2025-09-18,118.3,-0.016462,45479.57,543353.546
600566,2025-09-18,25.5,-0.006235000000000001,38458.2,98392.367
600567,2025-09-18,2.05,0.0,3642928.78,752219.486
600568,2025-09-18,2.09,-0.018779,288123.0,60444.819
600569,2025-09-18,2.29,-0.017166999999999998,381734.02,88718.697
600570,2025-09-18,34.16,-0.025114,648430.08,2248418.299
600571,2025-09-18,17.18,-0.033201999999999995,212191.18,370720.694
600572,2025-09-18,4.47,-0.008869,368898.3,165593.215
600573,2025-09-18,11.56,-0.032636,39321.32,45917.779
600575,2025-09-18,3.43,-0.005797,424691.49,146482.366
600576,2025-09-18,8.37,0.00722,292108.03,243208.219
600577,2025-09-18,8.62,0.0,1110874.25,962925.074
600578,2025-09-18,4.25,-0.029679999999999998,451264.26,193746.856
600579,2025-09-18,8.8,-0.024390000000000002,130059.0,115893.178
600580,2025-09-18,56.67,0.09613200000000001,3168407.23,17167328.009
600581,2025-09-18,4.49,-0.034409,753897.56,346021.902
600582,2025-09-18,5.97,-0.00995,463409.0,278609.525
600583,2025-09-18,5.27,-0.014953000000000001,511671.14,270880.644
600584,2025-09-18,39.13,0.009285999999999999,1412118.52,5572856.944
600585,2025-09-18,23.06,-0.020391,395981.32,919862.244
600586,2025-09-18,5.02,-0.030888,492302.84,250394.915
600587,2025-09-18,16.6,-0.032633999999999996,243796.44,411042.303
600588,2025-09-18,14.98,-0.019634,1231853.89,1878736.942
600589,2025-09-18,7.92,-0.016149,956989.85,769583.088
600590,2025-09-18,9.86,-0.009045,532473.16,531294.261
600592,2025-09-18,30.88,0.022517,631107.93,1946742.162
600593,2025-09-18,37.09,0.023736999999999998,84397.48,311355.7
600594,2025-09-18,4.31,-0.020455,227347.48,99964.861
600595,2025-09-18,5.18,-0.064982,1026061.16,540965.141
600596,2025-09-18,10.66,-0.008372000000000001,273690.98,295503.68
600597,2025-09-18,8.54,-0.012717000000000001,133452.0,114830.176
600598,2025-09-18,14.47,-0.013633,222865.9,324012.18
600599,2025-09-18,8.08,-0.013431,24043.01,19538.37
600600,2025-09-18,67.15,-0.00651,64177.7,432181.051
600601,2025-09-18,11.68,-0.013514,4486272.47,5335573.113
600602,2025-09-18,20.98,0.0,460750.02,979875.17
600603,2025-09-18,8.64,-0.049505,209921.92,185260.704
600604,2025-09-18,5.55,-0.02972,280462.9,158585.654
600605,2025-09-18,33.06,-0.01018,25812.0,85687.911
600606,2025-09-18,1.98,-0.029411999999999997,2694632.7,544071.426
600608,2025-09-18,3.98,-0.029268000000000002,35836.3,14469.013
600609,2025-09-18,5.03,-0.028957999999999998,474133.13,242079.927
600610,2025-09-18,11.85,-0.026293999999999998,320972.26,384266.313
600611,2025-09-18,6.1,-0.019293,525501.32,324151.312
600612,2025-09-18,52.51,-0.014081999999999999,34335.01,180771.166
600613,2025-09-18,6.68,-0.010369999999999999,95361.12,64126.836
600615,2025-09-18,13.45,-0.017531,85823.0,116096.743
600616,2025-09-18,5.71,-0.0189,151958.99,87639.235
600617,2025-09-18,2.94,-0.016722,394652.86,117281.366
600618,2025-09-18,10.44,-0.027933,117258.02,123988.621
600619,2025-09-18,22.94,0.002184,927423.46,2151360.583
600620,2025-09-18,6.5,-0.041298,178467.96,117560.018
600621,2025-09-18,16.18,-0.039763,288025.24,475240.954
600622,2025-09-18,3.18,-0.036364,800549.11,258572.637
600623,2025-09-18,8.46,-0.040816,252868.53,217980.942
600624,2025-09-18,7.28,-0.008174,358403.32,265640.693
600626,2025-09-18,4.59,-0.006494,344048.7,160522.424
600628,2025-09-18,7.59,-0.013004,157808.04,121136.942
600629,2025-09-18,17.99,-0.010995,876869.83,1593796.308
600630,2025-09-18,8.63,-0.010321,207659.93,181417.777
600633,2025-09-18,14.41,-0.0068920000000000006,436112.04,638262.574
600635,2025-09-18,4.73,-0.024742,1974865.13,951652.63
600636,2025-09-18,8.39,-0.01986,43782.9,37096.935
600637,2025-09-18,8.54,-0.002336,666908.97,575543.044
600638,2025-09-18,5.85,-0.034653,143425.4,85176.105
600639,2025-09-18,10.63,-0.01756,84143.43,90255.124
600640,2025-09-18,11.98,-0.02443,72933.97,88549.357
600641,2025-09-18,16.82,0.00538,419307.68,709447.88
600642,2025-09-18,7.72,-0.016561,288393.91,224355.29
600643,2025-09-18,5.85,-0.040984,455574.47,270236.661
600644,2025-09-18,11.29,-0.024201,183957.0,209356.956
600645,2025-09-18,24.78,-0.016667,116585.61,293007.039
600648,2025-09-18,10.93,-0.021486,56191.39,62152.538
600649,2025-09-18,4.8,-0.02834,385203.01,188015.795
600650,2025-09-18,16.43,-0.016756,139283.73,232784.301
600651,2025-09-18,9.8,0.09988799999999999,1517118.38,1467086.487
600653,2025-09-18,2.41,0.038793,2227216.38,540058.813
600654,2025-09-18,3.41,-0.017291,648562.88,224215.013
600655,2025-09-18,5.98,-0.019672000000000002,178254.85,107804.295
600657,2025-09-18,4.16,-0.045872,460936.6,195409.969
600658,2025-09-18,6.51,-0.049635,1252739.02,832670.077
600660,2025-09-18,73.06,-0.015364,175591.41,1284847.786
600661,2025-09-18,10.67,-0.009285,53251.0,56743.056
600662,2025-09-18,5.38,-0.018248,132394.47,72226.575
600663,2025-09-18,8.57,-0.017202,146870.41,126407.178
600664,2025-09-18,3.68,-0.008086,457185.4,169322.481
600665,2025-09-18,3.43,-0.049861,168585.2,58920.832
600666,2025-09-18,3.64,-0.01355,1442926.0,535463.777
600667,2025-09-18,7.25,-0.013605,874675.47,643422.416
600668,2025-09-18,11.86,0.015411,112557.4,132738.772
600671,2025-09-18,18.18,-0.016766,36618.33,67062.418
600673,2025-09-18,24.65,-0.033333,1065053.98,2669583.445
600674,2025-09-18,14.15,-0.01325,310933.23,442733.716
600675,2025-09-18,3.12,-0.031056,882650.14,278741.916
600676,2025-09-18,6.13,0.011551,233712.46,143237.78
600678,2025-09-18,9.79,-0.019038,214334.28,212757.667
600679,2025-09-18,13.27,-0.013383,145513.0,197176.526
600681,2025-09-18,3.79,-0.028205,173570.28,66419.122
600682,2025-09-18,7.69,-0.024112,240474.63,186930.877
600683,2025-09-18,4.26,-0.034014,151824.5,65537.508
600684,2025-09-18,6.23,-0.021978,613616.7,393771.665
600685,2025-09-18,26.28,-0.023774000000000003,123110.62,326914.858
600686,2025-09-18,11.6,-0.019442,236231.16,276180.685
600688,2025-09-18,2.79,-0.014134,797282.9,224439.686
600689,2025-09-18,14.12,-0.014655,91063.0,129810.969
600690,2025-09-18,26.05,-0.027259000000000002,556030.64,1464699.369
600691,2025-09-18,2.94,-0.051613,1250368.15,375857.326
600692,2025-09-18,8.19,-0.043224,163556.18,136444.711
600693,2025-09-18,6.25,-0.014196,366440.0,231407.994
600694,2025-09-18,18.62,-0.006933,73614.08,137353.421
600696,2025-09-18,5.98,-0.019672000000000002,56792.0,34284.777
600697,2025-09-18,13.24,-0.034282,182433.87,244674.682
600698,2025-09-18,10.13,-0.022201,355031.74,364346.992
600699,2025-09-18,36.88,0.099911,131948.31,486625.367
600702,2025-09-18,64.22,-0.035301,138363.4,901417.07
600703,2025-09-18,15.47,0.015758,2932961.13,4588065.19
600704,2025-09-18,5.97,-0.0016719999999999999,1467093.18,882717.295
600706,2025-09-18,11.87,0.100093,547254.91,629718.516
600707,2025-09-18,6.22,-0.001605,483460.0,302186.954
600708,2025-09-18,3.58,-0.021858,364665.1,132531.548
600710,2025-09-18,9.72,-0.035714,188521.28,185728.861
600711,2025-09-18,8.4,-0.04,1290193.52,1094538.258
600712,2025-09-18,6.99,-0.031856,254769.0,180922.04
600713,2025-09-18,5.04,-0.003953,156690.63,79114.666
600714,2025-09-18,11.85,-0.029484,120153.0,143589.318
600715,2025-09-18,2.84,-0.027397,1349565.29,388532.153
600716,2025-09-18,3.98,-0.026895,141354.84,57021.665
600717,2025-09-18,4.72,-0.016667,386081.29,183595.18
600718,2025-09-18,10.27,-0.001944,443550.36,462701.461
600719,2025-09-18,6.29,-0.00317,84282.46,53158.208
600720,2025-09-18,7.61,-0.012969999999999999,118005.24,90418.735
600721,2025-09-18,9.95,-0.027370000000000002,354034.94,359491.398
600722,2025-09-18,6.65,-0.027778,331111.91,222925.528
600724,2025-09-18,4.97,-0.031189,197882.45,99741.713
600725,2025-09-18,3.53,-0.022161,236729.22,84677.386
600726,2025-09-18,2.6,-0.007633999999999999,537495.94,140631.533
600727,2025-09-18,7.6,-0.016818,93017.0,71165.149
600728,2025-09-18,7.0,0.013025,1578517.82,1116250.201
600729,2025-09-18,27.66,-0.014606,53943.91,150015.065
600730,2025-09-18,9.68,-0.04253199999999999,411537.63,402941.943
600731,2025-09-18,7.08,-0.015299,130643.4,92985.308
600732,2025-09-18,15.66,-0.044539,589065.3,937633.039
600733,2025-09-18,8.16,-0.048951,2730499.13,2271625.949
600734,2025-09-18,3.97,0.005063,1316466.74,529708.506
600735,2025-09-18,6.84,0.027027000000000002,862228.85,603697.732
600736,2025-09-18,5.75,-0.028716,339269.4,197893.402
600737,2025-09-18,16.69,-0.009496,529306.0,883593.858
600738,2025-09-18,5.12,-0.007752,170922.0,87540.976
600739,2025-09-18,11.97,-0.028409,175580.77,212513.776
600740,2025-09-18,4.01,-0.01956,360228.02,146295.88
600741,2025-09-18,19.95,-0.015301,280318.67,565730.13
600742,2025-09-18,10.46,-0.037718,230641.33,246364.781
600743,2025-09-18,2.32,-0.016949000000000002,640729.98,152692.014
600744,2025-09-18,6.44,-0.034483,825867.74,540173.805
600745,2025-09-18,49.32,0.096,1200804.11,5808173.193
600746,2025-09-18,7.29,-0.021477,78278.01,57613.815
600748,2025-09-18,4.4,-0.037199,327938.54,145927.476
600749,2025-09-18,23.96,0.070599,436521.77,1012271.007
600750,2025-09-18,21.66,-0.010959000000000002,56533.73,123037.452
600751,2025-09-18,4.7,-0.046653,976924.12,472806.976
600753,2025-09-18,7.23,-0.032129,40596.92,29791.631
600754,2025-09-18,24.95,0.028442,398665.03,989965.137
600755,2025-09-18,6.1,-0.011345000000000001,200897.33,123133.359
600756,2025-09-18,15.19,-0.012354,106988.77,164708.764
600757,2025-09-18,8.36,-0.021077,207779.72,175355.809
600758,2025-09-18,3.85,-0.022843,273044.0,105938.892
600759,2025-09-18,2.38,-0.012447999999999999,2241170.4,540396.408
600760,2025-09-18,58.65,0.0025640000000000003,262113.86,1545925.559
600761,2025-09-18,21.59,-0.031839,155972.15,342885.38
600763,2025-09-18,45.77,-0.016122,118352.74,546817.031
600764,2025-09-18,30.79,0.007856,146017.34,453033.137
600765,2025-09-18,15.78,-0.010038,172868.35,275489.1
600768,2025-09-18,12.1,-0.033546,43305.0,52962.328
600769,2025-09-18,10.77,-0.014639,68583.9,74312.203
600770,2025-09-18,5.82,-0.026756000000000002,364389.16,215386.064
600771,2025-09-18,19.29,-0.015314000000000001,102076.73,199059.329
600773,2025-09-18,10.65,-0.022039,141605.27,153288.457
600774,2025-09-18,9.67,-0.017276,62955.01,61447.18
600775,2025-09-18,11.63,-0.028404,323934.6,382809.624
600776,2025-09-18,13.11,-0.041666999999999996,618921.82,825569.316
600777,2025-09-18,3.76,-0.0052910000000000006,233531.94,87809.172
600778,2025-09-18,6.87,-0.031030000000000002,238857.0,165743.132
600779,2025-09-18,44.99,-0.012944,44778.56,203503.325
600780,2025-09-18,5.78,-0.015331999999999998,141735.65,82314.314
600782,2025-09-18,4.19,-0.030093,709849.41,301246.031
600783,2025-09-18,12.65,-0.020139,81640.8,104437.134
600784,2025-09-18,6.33,0.001582,129688.51,82326.378
600785,2025-09-18,14.38,-0.029689999999999998,334553.51,499502.318
600787,2025-09-18,6.17,-0.014377,611711.39,380600.95
600789,2025-09-18,10.1,0.028513,641516.9,646115.161
600790,2025-09-18,4.02,-0.028986,204855.03,83478.315
600791,2025-09-18,4.93,-0.044573999999999996,97864.0,49216.225
600792,2025-09-18,3.83,-0.037688,242650.0,94420.402
600793,2025-09-18,23.34,-0.021793999999999997,49091.0,115434.718
600794,2025-09-18,4.43,-0.026373999999999998,343922.0,154136.156
600795,2025-09-18,5.07,-0.025,1538789.04,784588.26
600796,2025-09-18,5.68,-0.02069,85264.3,48698.178
600797,2025-09-18,10.75,-0.016468,929231.51,1013308.802
600798,2025-09-18,3.92,-0.032099,609244.9,242161.228
600800,2025-09-18,3.87,-0.017766,283576.25,110427.728
600801,2025-09-18,17.93,0.009572,263408.94,473932.267
600802,2025-09-18,5.26,-0.034862000000000004,122207.2,65276.164
600803,2025-09-18,18.16,-0.018909,91604.9,167122.924
600805,2025-09-18,5.12,-0.024762,235229.03,121960.277
600807,2025-09-18,3.26,-0.041176000000000004,356162.0,118715.257
600808,2025-09-18,3.55,-0.024725,1061497.56,382358.551
600809,2025-09-18,201.0,-0.016875,61887.03,1247740.509
600810,2025-09-18,9.84,0.013388,257566.87,254536.83
600812,2025-09-18,6.0,-0.001664,279960.68,168662.643
600814,2025-09-18,7.83,-0.018796999999999998,113213.03,89549.097
600815,2025-09-18,2.91,0.006919999999999999,635296.08,185693.241
600816,2025-09-18,3.58,0.008451,6619857.43,2475057.836
600817,2025-09-18,12.04,-0.015536000000000001,63471.02,76955.459
600818,2025-09-18,10.61,-0.021218,64973.45,69761.965
600819,2025-09-18,6.95,-0.02933,247625.62,175040.417
600820,2025-09-18,6.68,-0.013293999999999999,619853.75,417411.618
600821,2025-09-18,5.69,-0.010435000000000002,422375.15,242604.854
600822,2025-09-18,13.19,0.068016,594155.58,791928.796
600824,2025-09-18,4.42,-0.019956,385115.41,172147.748
600825,2025-09-18,6.69,-0.026201,187713.32,127209.813
600826,2025-09-18,10.45,-0.032407,176918.57,188805.35
600827,2025-09-18,9.48,-0.0125,199146.6,190958.524
600828,2025-09-18,4.28,-0.029478,310693.0,135285.887
600829,2025-09-18,8.33,0.015854,123632.2,102115.551
600830,2025-09-18,10.03,-0.031853,144541.01,146532.741
600831,2025-09-18,4.7,-0.050505,127283.9,61360.004
600833,2025-09-18,14.58,0.035511,187990.82,269317.425
600834,2025-09-18,8.64,-0.029213,97526.41,85167.135
600835,2025-09-18,27.54,-0.020626000000000002,289540.53,812081.819
600838,2025-09-18,8.71,-0.018038000000000002,119583.15,105232.482
600839,2025-09-18,11.27,0.010762,4047827.54,4561616.965
600841,2025-09-18,6.92,0.031297,373736.69,261548.734
600843,2025-09-18,11.91,-0.04029,385989.01,467235.357
600844,2025-09-18,3.06,-0.031646,233470.0,72364.404
600845,2025-09-18,23.46,-0.010961,312553.55,743685.725
600846,2025-09-18,13.25,-0.01997,192365.1,259190.24
600847,2025-09-18,11.25,-0.020034999999999997,36887.21,41764.073
600848,2025-09-18,9.23,-0.019129,138551.91,128908.0
600850,2025-09-18,28.79,-0.020415000000000003,220164.91,644764.916
600851,2025-09-18,6.77,-0.017417000000000002,73120.27,49912.681
600853,2025-09-18,4.15,-0.009547,296546.18,123861.576
600854,2025-09-18,5.26,-0.020484,118599.3,63039.755
600855,2025-09-18,14.0,-0.004975,158820.61,224570.594
600857,2025-09-18,13.36,-0.026948,42463.0,57265.021
600858,2025-09-18,5.91,-0.021523,247132.15,147948.54
600859,2025-09-18,14.58,-0.005457,516506.59,763762.875
600860,2025-09-18,12.87,0.037903,487668.83,645860.984
600861,2025-09-18,19.28,-0.035518,44099.41,85986.646
600862,2025-09-18,22.92,-0.017995,245561.06,568416.849
600863,2025-09-18,4.07,-0.016908,600028.5,246055.788
600864,2025-09-18,7.28,-0.034483,635432.62,469139.176
600865,2025-09-18,9.72,-0.032836,142707.99,140939.84
600866,2025-09-18,7.45,-0.013245,281095.24,211223.454
600867,2025-09-18,8.23,0.0,227153.03,187606.969
600868,2025-09-18,2.88,-0.010308999999999999,567839.32,164980.151
600869,2025-09-18,8.18,0.099462,1825397.88,1483766.217
600871,2025-09-18,2.13,-0.004673,1682162.9,362191.926
600872,2025-09-18,18.69,-0.01476,124198.2,233574.823
600873,2025-09-18,10.7,-0.014733000000000001,268471.19,288869.079
600874,2025-09-18,5.9,-0.011725000000000001,120774.33,71512.467
600875,2025-09-18,18.9,-0.027778,431551.15,822200.545
600876,2025-09-18,10.6,-0.028414000000000002,44120.01,47441.205
600877,2025-09-18,14.12,-0.00212,304394.3,433656.539
600879,2025-09-18,10.32,-0.011493999999999999,662910.32,690108.438
600880,2025-09-18,5.0,-0.017682,259407.57,130996.436
600881,2025-09-18,2.23,-0.030435,1817318.52,415173.902
600882,2025-09-18,24.57,-0.012857,56256.7,139028.454
600883,2025-09-18,8.1,-0.018182,37325.01,30438.1
600884,2025-09-18,15.21,-0.017442,1559481.6,2373128.618
600885,2025-09-18,26.3,-0.009416,307334.19,818367.299
600886,2025-09-18,13.29,-0.016284,359244.01,480281.489
600887,2025-09-18,27.76,-0.011396,623234.97,1738475.538
600888,2025-09-18,7.5,-0.033505,362647.0,274581.863
600889,2025-09-18,16.38,0.018657,230276.1,377742.27
600892,2025-09-18,3.39,-0.034188,189049.0,65896.08
600893,2025-09-18,36.95,-0.0026989999999999996,248256.72,927358.438
600894,2025-09-18,10.21,0.012897,151892.77,155930.95
600895,2025-09-18,38.28,0.018897999999999998,1237002.48,4772370.211
600897,2025-09-18,14.43,-0.018367,44324.49,64491.271
600900,2025-09-18,27.31,-0.014079,1448432.97,3975030.224
600901,2025-09-18,5.56,-0.014184,403752.74,225687.969
600903,2025-09-18,6.88,-0.010072000000000001,103525.41,71532.084
600905,2025-09-18,4.28,0.0,1664832.18,713304.171
600906,2025-09-18,7.28,-0.031915,447555.06,329772.26
600908,2025-09-18,5.84,-0.016835,208066.89,122457.286
600909,2025-09-18,6.25,-0.031008,683784.0,433024.726
600916,2025-09-18,8.29,-0.020095000000000002,457162.68,381711.336
600917,2025-09-18,5.73,-0.013769,51636.0,29767.499
600918,2025-09-18,6.88,-0.022727,348020.49,241076.456
600919,2025-09-18,10.18,-0.01165,1474353.84,1511937.279
600925,2025-09-18,4.92,-0.008065,137480.88,67902.072
600926,2025-09-18,15.15,-0.017509999999999998,511275.53,781963.181
600927,2025-09-18,14.82,-0.036411,113115.52,170670.51
600928,2025-09-18,4.09,-0.021530999999999998,451239.68,185780.655
600929,2025-09-18,5.92,-0.016611,217533.0,129821.791
600930,2025-09-18,6.48,-0.034277,3135585.34,2038643.345
600933,2025-09-18,21.65,-0.047095000000000005,502755.89,1128925.219
600935,2025-09-18,2.62,0.0,386198.0,101795.321
600936,2025-09-18,3.74,-0.018373,209403.0,79267.359
600938,2025-09-18,26.16,-0.024245000000000003,607155.42,1594441.596
600939,2025-09-18,3.55,-0.035325999999999996,363069.13,131171.569
600941,2025-09-18,104.94,-0.016863,202774.64,2141134.194
600955,2025-09-18,14.4,-0.023729,43258.0,63057.755
600956,2025-09-18,7.78,-0.020151,92505.17,72409.76
600958,2025-09-18,10.44,-0.018796999999999998,1520641.53,1601785.324
600959,2025-09-18,3.71,-0.008021,891675.53,334498.197
600960,2025-09-18,4.78,-0.016461,289191.31,140272.495
600961,2025-09-18,14.3,-0.043478,450158.36,652179.273
600962,2025-09-18,20.89,-0.020628,62712.01,133539.449
600963,2025-09-18,4.66,-0.029167000000000002,348645.28,164499.624
600965,2025-09-18,5.1,-0.030417999999999997,154868.0,79902.852
600966,2025-09-18,5.0,-0.021526,152200.0,76986.986
600967,2025-09-18,19.05,-0.021069,545288.33,1051262.1
600968,2025-09-18,3.87,-0.015267,435434.93,169783.002
600969,2025-09-18,7.19,-0.023098,82222.0,59492.921
600970,2025-09-18,8.75,-0.016854,215762.2,190235.363
600971,2025-09-18,6.72,-0.020408,119714.94,81131.883
600973,2025-09-18,5.21,-0.015123,329242.23,173215.927
600975,2025-09-18,6.5,-0.038462,469961.0,309008.005
600976,2025-09-18,41.61,-0.013980999999999999,25646.87,107436.788
600977,2025-09-18,18.22,-0.085341,1590637.96,3032957.735
600979,2025-09-18,4.87,-0.016162,379002.38,184878.568
600980,2025-09-18,23.71,-0.038914,80871.08,194727.998
600981,2025-09-18,3.18,-0.01548,506389.0,163979.447
600982,2025-09-18,4.63,-0.025263,188198.0,88113.179
600983,2025-09-18,10.64,-0.021158999999999997,41484.0,44559.828
600984,2025-09-18,3.69,-0.016,344712.01,129317.952
600985,2025-09-18,12.12,-0.03962,414949.66,507083.632
600986,2025-09-18,8.49,-0.020760999999999998,697942.65,601733.825
600987,2025-09-18,7.14,-0.015172000000000001,118290.04,84958.399
600988,2025-09-18,27.4,-0.038596,693448.64,1933130.357
600989,2025-09-18,16.74,-0.0035709999999999995,474771.18,791066.312
600990,2025-09-18,26.75,-0.023008999999999998,98468.12,267132.175
600992,2025-09-18,13.92,-0.022472,50823.0,71728.871
600993,2025-09-18,26.63,-0.001874,66437.53,177884.463
600995,2025-09-18,11.47,-0.019658,232582.34,269094.093
600996,2025-09-18,8.17,-0.012092,206421.59,170063.673
600997,2025-09-18,6.61,-0.022189,105887.25,70526.443
600998,2025-09-18,5.02,0.0,554939.78,279479.877
600999,2025-09-18,17.05,-0.016724000000000003,1228049.48,2117130.544
601000,2025-09-18,3.88,-0.007673,454720.03,177082.102
601001,2025-09-18,13.55,-0.039688,397615.19,547811.136
601002,2025-09-18,5.28,-0.029411999999999997,152470.46,81574.125
601003,2025-09-18,5.34,-0.018382,432218.84,232941.432
601005,2025-09-18,1.58,0.0063690000000000005,3963148.1,636143.075
601006,2025-09-18,6.04,-0.016287,1420762.7,863395.141
601007,2025-09-18,8.01,0.00125,215557.53,173190.806
601008,2025-09-18,5.74,-0.025467,320071.06,184566.842
601009,2025-09-18,10.48,-0.019645,534007.47,563710.196
601010,2025-09-18,2.92,-0.010169,1047062.02,312814.91
601011,2025-09-18,3.0,-0.025974,639893.5,195066.167
601012,2025-09-18,16.82,-0.027746,1539046.61,2622599.869
601015,2025-09-18,3.59,-0.02973,269004.01,98011.063
601016,2025-09-18,3.2,-0.024390000000000002,1442594.59,466805.546
601018,2025-09-18,3.65,-0.018817,862795.1,316723.432
601019,2025-09-18,7.94,-0.014887999999999998,150817.1,120626.748
601020,2025-09-18,24.76,-0.024044,477588.5,1204519.258
601021,2025-09-18,53.31,-0.018231999999999998,63846.79,341902.514
601022,2025-09-18,9.97,-0.030156000000000002,365488.75,367601.868
601033,2025-09-18,15.73,-0.013173999999999998,49238.05,78070.506
601038,2025-09-18,12.89,-0.011503000000000001,49543.0,64292.073
601058,2025-09-18,14.6,-0.013514,239126.21,353328.491
601059,2025-09-18,19.19,-0.042893,685015.92,1331222.295
601061,2025-09-18,9.09,-0.023631000000000003,305759.94,278902.745
601065,2025-09-18,8.45,-0.011696,76908.51,65244.347
601066,2025-09-18,26.74,0.0030009999999999998,440457.38,1190134.44
601068,2025-09-18,4.73,-0.040568,196666.53,94729.443
601069,2025-09-18,28.05,-0.060616,455256.5,1296842.118
601077,2025-09-18,6.35,-0.015504,829074.99,534105.501
601083,2025-09-18,11.59,-0.022766,105147.0,123031.693
601086,2025-09-18,11.94,0.002519,273600.76,326071.55
601088,2025-09-18,38.28,-0.017958000000000002,345892.9,1329974.267
601089,2025-09-18,23.59,0.000424,98252.1,234806.751
601096,2025-09-18,4.34,-0.01139,218539.34,95290.256
601098,2025-09-18,12.26,-0.023885,162809.21,201557.225
601099,2025-09-18,4.86,-0.047059,7707829.69,3784136.674
601100,2025-09-18,94.4,-0.029705,226723.65,2201207.241
601101,2025-09-18,7.26,-0.037135,217916.38,159991.427
601106,2025-09-18,3.03,-0.0065569999999999995,755773.22,231689.434
601107,2025-09-18,5.57,-0.012411,124296.84,69424.535
601108,2025-09-18,8.3,-0.026964000000000002,624250.02,524317.647
601111,2025-09-18,7.81,-0.034611,859512.05,677506.518
601113,2025-09-18,4.29,0.021429,923722.8,398189.144
601116,2025-09-18,15.65,0.018879999999999997,676025.16,1045498.649
601117,2025-09-18,7.38,-0.018616999999999998,803136.94,600679.949
601118,2025-09-18,5.33,-0.007449,473079.22,255838.06
601121,2025-09-18,6.73,-0.026049000000000003,166225.0,112901.184
601126,2025-09-18,17.65,0.003411,235664.42,420499.302
601127,2025-09-18,143.1,0.014317999999999999,516863.28,7458972.999
601128,2025-09-18,7.02,-0.031724,937315.94,664361.808
601133,2025-09-18,13.13,-0.019417,99383.29,131813.465
601136,2025-09-18,22.78,-0.046064,1304680.32,2984984.91
601137,2025-09-18,24.8,-0.012739,355269.1,884857.578
601138,2025-09-18,64.36,0.05301,3150668.51,20292012.592
601139,2025-09-18,6.53,-0.012103,149139.65,97856.906
601155,2025-09-18,15.18,-0.05125,199809.34,308958.133
601156,2025-09-18,15.61,-0.006997,166071.62,261382.994
601158,2025-09-18,4.69,-0.008457,154284.79,72599.22
601162,2025-09-18,5.66,-0.005272,7718497.13,4370309.421
601163,2025-09-18,13.82,-0.010029,41914.22,58206.877
601166,2025-09-18,20.25,-0.016513,1326464.86,2706633.183
601168,2025-09-18,19.02,-0.038423,592713.51,1138546.429
601169,2025-09-18,5.63,-0.015733999999999998,2760768.17,1567934.36
601177,2025-09-18,19.51,-0.019598,344645.94,685888.593
601179,2025-09-18,6.47,-0.010703,709635.31,463646.75
601186,2025-09-18,7.92,-0.01737,543658.89,433268.553
601187,2025-09-18,6.34,-0.024615,154042.0,98774.159
601188,2025-09-18,3.61,-0.008242000000000001,415762.25,151349.855
601198,2025-09-18,11.51,-0.030329000000000002,525204.7,611090.926
601199,2025-09-18,5.84,-0.001709,81514.62,47837.631
601200,2025-09-18,8.1,-0.010989,121390.83,98933.209
601208,2025-09-18,20.38,-0.040941,665294.34,1379627.225
601211,2025-09-18,18.63,-0.01844,2123882.94,3991253.724
601212,2025-09-18,3.66,-0.041885000000000006,1853728.22,689645.261
601216,2025-09-18,5.28,-0.01676,1243315.61,660640.86
601218,2025-09-18,4.95,-0.038835,1290105.0,653003.593
601222,2025-09-18,6.11,-0.012924,301513.0,185130.736
601225,2025-09-18,20.19,-0.029793,553122.0,1121265.497
601226,2025-09-18,7.03,-0.026316000000000003,228095.67,162599.114
601228,2025-09-18,3.4,-0.017341,279455.04,95773.88
601229,2025-09-18,9.07,-0.019459,816329.45,747789.568
601231,2025-09-18,19.44,0.0313,393015.57,768628.191
601233,2025-09-18,14.12,-0.022837,232414.12,331881.113
601236,2025-09-18,8.8,-0.026549,373085.08,331990.718
601238,2025-09-18,7.83,-0.015094000000000002,461402.42,364318.199
601279,2025-09-18,4.29,-0.020548,179578.0,77985.95
601288,2025-09-18,6.77,-0.027299000000000004,5634472.68,3850360.383
601298,2025-09-18,8.52,-0.015028999999999999,163589.0,140124.276
601311,2025-09-18,10.91,-0.037919,645851.96,716130.262
601318,2025-09-18,55.28,-0.022804,1012073.56,5649599.209
601319,2025-09-18,7.83,-0.033333,1252457.61,992341.651
601326,2025-09-18,3.49,-0.016901,235378.0,82626.236
601328,2025-09-18,6.9,-0.018491999999999998,2127066.71,1481036.227
601330,2025-09-18,6.93,-0.029411999999999997,96318.0,67578.189
601333,2025-09-18,3.34,-0.008902,697424.37,234719.133
601336,2025-09-18,59.71,-0.017119,260106.01,1564622.174
601339,2025-09-18,5.4,-0.016393,135181.12,73380.949
601360,2025-09-18,10.89,-0.011797,1764281.25,1960597.415
601366,2025-09-18,4.54,-0.015184,125090.0,57240.869
601368,2025-09-18,4.88,-0.022044,82969.0,40850.734
601369,2025-09-18,8.38,-0.019882999999999998,145293.02,122629.763
601375,2025-09-18,4.6,-0.043658999999999996,1246186.84,581255.912
601377,2025-09-18,6.35,-0.021572,1544384.54,986866.968
601388,2025-09-18,3.08,-0.05521499999999999,3052051.41,968009.193
601390,2025-09-18,5.54,-0.01773,1279761.21,713386.624
601398,2025-09-18,7.29,-0.022788,5297807.17,3898308.494
601399,2025-09-18,3.46,0.017647,1990777.67,690410.56
601456,2025-09-18,11.04,-0.035808,684944.72,762666.35
601500,2025-09-18,4.7,0.010752999999999999,679502.36,320350.094
601512,2025-09-18,10.33,0.08508399999999999,378051.38,393130.704
601515,2025-09-18,4.62,-0.031446999999999996,483524.61,226994.447
601518,2025-09-18,2.83,-0.007018,311723.27,88602.025
601519,2025-09-18,15.48,-0.088339,1626002.2,2592593.108
601528,2025-09-18,5.34,-0.018382,172699.12,93186.324
601555,2025-09-18,9.38,-0.027978999999999997,1295411.35,1228202.936
601566,2025-09-18,8.56,-0.01496,45007.0,38764.722
601567,2025-09-18,22.67,-0.023686,172228.1,393188.293
601568,2025-09-18,3.96,-0.01,282935.73,112751.226
601577,2025-09-18,9.04,-0.022703,242112.82,220879.21
601579,2025-09-18,22.13,-0.014693000000000001,163159.4,367774.653
601588,2025-09-18,2.1,-0.018692,857244.0,184144.317
601595,2025-09-18,30.47,-0.038498000000000004,114742.91,354069.46
601598,2025-09-18,6.7,0.027607,627708.8,423439.833
601599,2025-09-18,3.72,-0.026178,293764.6,110572.085
601600,2025-09-18,7.64,-0.038994,2841973.61,2196473.912
601601,2025-09-18,35.03,-0.024234,642080.15,2263930.192
601606,2025-09-18,46.49,-0.012322,590674.45,2798236.605
601607,2025-09-18,18.23,0.006071,328474.6,598904.206
601608,2025-09-18,5.42,-0.009141,1110490.41,611357.19
601609,2025-09-18,12.13,-0.040347999999999995,1222359.11,1497779.337
601611,2025-09-18,8.74,-0.01908,195147.53,171964.058
601615,2025-09-18,13.46,0.008995999999999999,863941.97,1173919.231
601616,2025-09-18,3.92,-0.017544,219003.6,86721.351
601618,2025-09-18,3.38,-0.023121,1257406.33,429128.1
601619,2025-09-18,4.92,0.012346,2974341.28,1447933.854
601628,2025-09-18,38.7,-0.013761,187721.08,727194.763
601633,2025-09-18,24.99,-0.014200999999999998,201540.18,507686.029
601636,2025-09-18,6.5,-0.041298,469494.88,309264.983
601658,2025-09-18,6.07,-0.022543999999999998,1553565.15,949967.921
601665,2025-09-18,5.51,-0.010771999999999999,925636.67,515742.508
601666,2025-09-18,7.89,-0.025926,330210.3,262822.999
601668,2025-09-18,5.51,-0.028218999999999998,3600977.32,2007222.406
601669,2025-09-18,5.61,-0.019231,2762151.05,1567218.501
601677,2025-09-18,13.37,-0.041577,610517.87,825965.203
601678,2025-09-18,4.21,-0.023201999999999997,502897.58,215274.414
601686,2025-09-18,5.82,-0.010204,67908.34,39760.254
601688,2025-09-18,19.64,-0.03108,1566356.08,3127341.465
601689,2025-09-18,81.55,0.032278,1206707.78,9954489.126
601696,2025-09-18,14.79,-0.030164,882222.15,1318923.315
601698,2025-09-18,20.98,-0.011776,521267.34,1103254.727
601699,2025-09-18,14.2,-0.029392,604910.83,863303.375
601700,2025-09-18,4.76,-0.018557,161339.0,77559.599
601702,2025-09-18,17.18,-0.031021,100927.0,174636.45
601717,2025-09-18,22.82,-0.026035,382532.26,884475.941
601718,2025-09-18,3.85,-0.007732,1524418.9,587754.894
601727,2025-09-18,8.14,-0.006105,3076493.84,2535357.811
601728,2025-09-18,6.77,-0.025899000000000002,1884446.98,1289579.574
601766,2025-09-18,7.49,-0.019634,1051224.58,792781.521
601777,2025-09-18,12.77,0.074916,1353141.2,1726247.63
601778,2025-09-18,3.92,-0.007594999999999999,1345970.0,534244.863
601788,2025-09-18,18.51,-0.027325,929499.66,1739820.647
601789,2025-09-18,5.68,-0.025729000000000002,962863.34,556655.792
601798,2025-09-18,9.7,-0.022177,97152.0,94950.391
601799,2025-09-18,123.94,-0.021242999999999998,29403.73,363731.986
601800,2025-09-18,8.83,-0.014509000000000001,410754.91,365059.602
601801,2025-09-18,6.58,-0.016442000000000002,153523.55,101874.875
601808,2025-09-18,13.6,-0.016631,119130.74,162898.961
601811,2025-09-18,14.86,-0.053502999999999995,93614.0,141040.582
601816,2025-09-18,5.23,-0.00947,1830555.97,961195.49
601818,2025-09-18,3.48,-0.016949000000000002,3393290.69,1190830.789
601825,2025-09-18,8.41,-0.009423,233642.67,196961.593
601827,2025-09-18,8.51,-0.009313,52389.0,44848.319
601828,2025-09-18,3.05,-0.012945,449147.91,138570.802
601838,2025-09-18,17.45,-0.020213000000000002,322421.21,566554.555
601857,2025-09-18,8.21,-0.029550999999999997,2451960.82,2033727.669
601858,2025-09-18,20.26,-0.021256,79929.4,163799.077
601860,2025-09-18,2.9,-0.02027,774806.32,226491.146
601865,2025-09-18,17.76,-0.058823999999999994,361612.02,658031.947
601866,2025-09-18,2.65,-0.003759,1754460.18,469466.556
601868,2025-09-18,2.46,-0.012048000000000001,5315212.88,1319215.36
601869,2025-09-18,109.65,0.10002000000000001,262449.54,2703307.58
601872,2025-09-18,8.67,-0.031285,1293292.05,1133055.048
601877,2025-09-18,27.93,-0.00711,296690.54,834934.552
601878,2025-09-18,11.54,-0.025338,742244.95,865124.192
601880,2025-09-18,1.87,0.027473,4508884.75,849466.972
601881,2025-09-18,16.85,-0.031052,745427.17,1270007.894
601882,2025-09-18,21.24,-0.024793,82541.1,178653.382
601886,2025-09-18,7.31,-0.026631000000000002,71757.87,53215.505
601888,2025-09-18,71.68,0.007449,713758.86,5176956.916
601890,2025-09-18,9.97,0.052798,872634.5,864135.725
601898,2025-09-18,11.29,-0.028399,328136.19,372877.608
601899,2025-09-18,24.42,-0.025927,2631921.55,6485158.842
601900,2025-09-18,12.8,-0.020658,118641.0,153066.885
601901,2025-09-18,8.17,-0.026222,1371730.31,1129846.266
601908,2025-09-18,4.63,-0.010684,3952022.96,1887948.265
601916,2025-09-18,3.0,-0.013158000000000001,1790240.03,541756.416
601918,2025-09-18,6.3,-0.021739,570562.5,362218.883
601919,2025-09-18,14.69,-0.016734,1101409.98,1628038.32
601921,2025-09-18,8.18,-0.012077,161920.89,133267.748
601928,2025-09-18,10.37,-0.011439,156492.93,163313.988
601929,2025-09-18,5.02,-0.072089,6089239.79,3213099.383
601933,2025-09-18,5.05,-0.021318,2138006.05,1088690.961
601939,2025-09-18,8.77,-0.025556000000000002,1815451.04,1608806.523
601949,2025-09-18,6.83,-0.025678,148575.32,102688.271
601952,2025-09-18,9.54,-0.012421999999999999,71226.68,68322.67
601956,2025-09-18,7.16,-0.019178,456998.43,332469.524
601958,2025-09-18,14.78,-0.036506,429261.73,641140.35
601963,2025-09-18,9.06,-0.022654,152611.29,139801.357
601965,2025-09-18,19.04,0.051933999999999994,384975.3,749544.08
601966,2025-09-18,15.66,-0.020638,260434.98,412559.515
601968,2025-09-18,5.07,-0.025,176885.0,90363.378
601969,2025-09-18,8.25,-0.038462,259993.27,218010.249
601975,2025-09-18,3.23,-0.027108,1984826.53,650233.304
601985,2025-09-18,8.71,-0.01693,1305274.61,1143133.272
601988,2025-09-18,5.3,-0.018519,3381325.45,1805614.53
601990,2025-09-18,8.51,-0.027429000000000002,421413.97,362240.709
601991,2025-09-18,3.47,-0.022535,1198904.05,419805.481
601992,2025-09-18,1.79,0.011298999999999998,2065537.07,373859.823
601995,2025-09-18,36.25,-0.026846000000000002,331382.29,1215947.719
601996,2025-09-18,2.49,-0.007968,433997.52,109320.239
601997,2025-09-18,5.86,-0.013468,469921.98,277066.872
601998,2025-09-18,7.48,-0.017083,596095.08,448803.226
601999,2025-09-18,7.09,-0.026099,68212.99,48906.291
603000,2025-09-18,19.86,-0.014881,159600.74,319499.252
603001,2025-09-18,8.88,-0.005599,65005.0,58542.923
603002,2025-09-18,8.11,0.018844,598644.66,488263.939
603004,2025-09-18,24.23,-0.023771,74659.33,184478.917
603005,2025-09-18,31.03,-0.002251,591337.94,1861386.972
603006,2025-09-18,14.74,-0.018642000000000002,81996.69,121957.399
603007,2025-09-18,4.78,-0.024489999999999998,213333.54,102796.065
603008,2025-09-18,18.34,-0.042797,95126.45,177367.446
603009,2025-09-18,57.53,0.006649,337037.2,1979898.952
603010,2025-09-18,10.09,-0.017527,67039.02,68185.746
603011,2025-09-18,17.14,0.022673000000000002,780437.75,1342222.037
603012,2025-09-18,6.01,-0.017974,107583.0,65438.417
603013,2025-09-18,29.0,0.053014,216366.93,637132.208
603014,2025-09-18,39.35,-0.008566,32860.89,129993.342
603015,2025-09-18,11.88,-0.021417000000000002,99965.0,120296.199
603016,2025-09-18,29.78,0.100111,107410.94,309567.699
603017,2025-09-18,10.12,0.010989,192532.99,197236.441
603018,2025-09-18,7.83,-0.029740000000000003,184570.2,146721.267
603019,2025-09-18,109.92,0.013181,1543473.77,17390564.547
603020,2025-09-18,9.53,-0.015496000000000001,87816.95,84849.186
603021,2025-09-18,4.66,-0.039175,82232.4,38807.401
603022,2025-09-18,10.58,-0.023083999999999997,100667.0,107677.218
603023,2025-09-18,4.41,-0.041304,259064.56,118204.069
603025,2025-09-18,16.82,-0.018097000000000002,155597.86,265150.102
603026,2025-09-18,42.58,-0.021824,87700.91,379331.342
603027,2025-09-18,11.62,-0.015254,106394.12,124465.408
603028,2025-09-18,8.3,-0.02924,110360.3,92480.819
603029,2025-09-18,18.27,-0.043956,48336.0,89817.022
603030,2025-09-18,3.31,0.09966799999999999,2745460.0,897011.369
603031,2025-09-18,41.28,0.081478,149425.18,606845.765
603032,2025-09-18,22.19,-0.013339,138353.65,310287.373
603033,2025-09-18,13.22,0.062701,299156.05,391816.1
603035,2025-09-18,16.66,-0.015948,257535.78,435813.145
603036,2025-09-18,20.55,-0.016276,105633.0,215568.635
603037,2025-09-18,12.58,-0.021772999999999997,200299.39,262078.692
603038,2025-09-18,16.85,-0.012888,108004.86,184006.79
603039,2025-09-18,57.64,0.0006940000000000001,40760.43,233956.862
603040,2025-09-18,68.9,-0.021307,69346.62,492505.702
603041,2025-09-18,12.26,-0.0192,32541.0,40311.49
603042,2025-09-18,15.58,-0.008275,73693.49,114815.246
603043,2025-09-18,17.13,-0.010399,78132.7,134132.75
603045,2025-09-18,19.2,-0.017903,37909.2,73124.644
603048,2025-09-18,20.62,-0.036899,50641.0,106334.202
603049,2025-09-18,49.69,0.004853,99372.64,499195.829
603050,2025-09-18,16.57,-0.033819,127843.54,214697.46
603051,2025-09-18,24.75,0.0020239999999999998,124339.11,306131.219
603052,2025-09-18,32.51,-0.009144,55947.87,183806.971
603053,2025-09-18,10.26,-0.018182,58153.9,60055.697
603055,2025-09-18,9.24,-0.006452,73935.0,68671.322
603056,2025-09-18,15.69,-0.00947,151548.65,241037.344
603057,2025-09-18,21.07,-0.027239,33399.0,70990.202
603058,2025-09-18,9.69,0.036364,481275.85,479233.581
603059,2025-09-18,33.37,0.012439,72143.59,242289.677
603060,2025-09-18,6.5,-0.013656999999999999,61893.21,40492.15
603061,2025-09-18,109.19,-0.016306,21499.0,240839.882
603062,2025-09-18,50.8,-0.019305000000000003,16734.14,86234.98
603063,2025-09-18,34.13,-0.019816,352597.42,1219739.633
603065,2025-09-18,8.41,-0.01867,52801.0,44778.056
603066,2025-09-18,11.53,-0.020391,59702.0,69596.373
603067,2025-09-18,18.34,0.019455,187593.22,346949.0
603068,2025-09-18,42.93,-0.016269,99857.2,436721.555
603069,2025-09-18,21.34,-0.007903,110428.04,238065.051
603070,2025-09-18,14.04,-0.018182,36106.6,51138.337
603071,2025-09-18,13.31,-0.022761,25519.6,34294.166
603072,2025-09-18,49.93,-0.012265,49263.69,246977.102
603073,2025-09-18,17.57,-0.012365999999999999,14024.17,24782.916
603075,2025-09-18,22.99,-0.034439000000000004,38184.65,89464.308
603076,2025-09-18,25.31,-0.02089,23255.87,59346.033
603077,2025-09-18,2.06,0.009804,3071890.23,639774.161
603078,2025-09-18,19.57,-0.011616,295085.35,589660.425
603079,2025-09-18,17.87,-0.012707,55633.0,100056.503
603080,2025-09-18,21.07,-0.021366,44413.19,94598.931
603081,2025-09-18,13.3,0.0015060000000000002,183569.54,244823.349
603082,2025-09-18,40.49,-0.016994,27420.8,112388.175
603083,2025-09-18,115.7,-0.02675,401935.36,4780887.685
603085,2025-09-18,10.93,0.014856000000000001,159738.93,174540.979
603086,2025-09-18,9.05,-0.014161,136540.63,124639.234
603087,2025-09-18,72.71,0.000275,175229.92,1281477.864
603088,2025-09-18,11.45,-0.019692,444112.26,518812.377
603089,2025-09-18,16.89,-0.026513,137301.53,236440.675
603090,2025-09-18,42.44,-0.05898,91955.0,396496.062
603091,2025-09-18,77.57,-0.010587,7165.7,55823.043
603093,2025-09-18,21.88,-0.047453,192884.73,427772.087
603095,2025-09-18,15.03,-0.017005,43031.8,65701.81
603096,2025-09-18,17.99,-0.010450999999999998,15554.0,28093.845
603097,2025-09-18,22.16,-0.015111000000000001,21339.61,47687.688
603098,2025-09-18,15.04,-0.06,215964.51,330170.623
603099,2025-09-18,51.67,0.047436,195932.29,992399.111
603100,2025-09-18,23.86,-0.016488,95043.46,230279.561
603101,2025-09-18,11.9,-0.037217,284630.51,344094.484
603102,2025-09-18,47.1,-0.028866,27844.64,134530.782
603103,2025-09-18,17.39,-0.042401,94997.38,167845.729
603105,2025-09-18,8.95,-0.03452,220883.0,199887.504
603106,2025-09-18,10.72,-0.029864,181203.99,195996.926
603107,2025-09-18,16.26,0.014981,156465.17,258569.04
603108,2025-09-18,17.14,0.013002,291690.47,498500.141
603109,2025-09-18,31.65,-0.017081,118024.8,382778.424
603110,2025-09-18,16.38,-0.048228,192062.43,321517.764
603111,2025-09-18,8.01,-0.038415,294540.79,237648.177
603112,2025-09-18,17.71,0.006822,174729.88,313370.521
603113,2025-09-18,6.78,-0.035562,159762.28,109935.117
603115,2025-09-18,18.28,-0.016676,55266.0,102336.227
603116,2025-09-18,5.85,-0.031457,74680.2,44588.631
603117,2025-09-18,5.59,-0.019298,117276.6,66484.647
603118,2025-09-18,13.75,0.018519,942014.28,1307055.88
603119,2025-09-18,115.48,0.078144,313691.73,3617147.979
603120,2025-09-18,42.03,-0.029106,25423.88,108934.743
603121,2025-09-18,18.66,0.015787,176492.73,330688.842
603122,2025-09-18,6.84,-0.00146,64449.0,44142.262
603123,2025-09-18,13.82,-0.009319,387183.35,536734.996
603124,2025-09-18,93.31,0.037239,39697.93,371521.336
603125,2025-09-18,16.79,-0.021562,52576.34,88840.089
603126,2025-09-18,6.74,-0.008824,106128.87,71912.569
603127,2025-09-18,40.16,-0.005940999999999999,539876.83,2174034.442
603128,2025-09-18,6.15,-0.014422999999999998,299617.35,185818.265
603129,2025-09-18,278.07,-0.042195,40445.68,1160546.321
603130,2025-09-18,39.2,0.005644,31748.0,125463.957
603131,2025-09-18,21.83,-0.011770000000000001,245968.19,547176.718
603132,2025-09-18,13.46,-0.034433,62558.89,85391.807
603135,2025-09-18,11.48,-0.041736,268244.97,313476.536
603136,2025-09-18,13.3,0.002261,131174.89,173607.429
603137,2025-09-18,14.0,-0.018233,18603.35,26213.836
603138,2025-09-18,17.43,0.047476000000000004,369260.98,651690.468
603139,2025-09-18,23.23,-0.018589,15717.09,36766.342
603150,2025-09-18,39.82,-0.00025100000000000003,45086.0,180623.417
603151,2025-09-18,26.48,-0.061326,66509.2,179145.696
603153,2025-09-18,19.17,-0.021939,64082.4,124180.469
603155,2025-09-18,15.88,-0.019148000000000002,51570.01,82914.774
603156,2025-09-18,21.07,-0.012652000000000002,39480.17,83640.825
603158,2025-09-18,11.96,0.10027599999999999,1146205.3,1345291.871
603159,2025-09-18,24.5,0.026393,53076.5,131287.972
603160,2025-09-18,80.0,-0.000999,128142.58,1040845.752
603161,2025-09-18,13.63,0.008882,98649.26,136178.715
603162,2025-09-18,8.85,-0.026403,71623.27,64010.873
603163,2025-09-18,45.46,-0.00438,45932.26,212878.123
603165,2025-09-18,15.32,0.038644,189786.28,292378.772
603166,2025-09-18,19.35,0.073211,691936.71,1323161.708
603167,2025-09-18,10.01,-0.012821,47122.11,47498.736
603168,2025-09-18,8.67,0.04206699999999999,371374.18,320664.613
603169,2025-09-18,7.72,-0.011524000000000001,273614.41,212325.395
603170,2025-09-18,14.19,-0.006998,36404.88,51401.553
603171,2025-09-18,51.57,-0.01734,51220.11,269696.0
603172,2025-09-18,17.5,-0.004551,25809.13,45252.486
603173,2025-09-18,49.54,-0.029389,32512.35,163711.77
603176,2025-09-18,6.28,-0.021807,74110.42,47167.912
603177,2025-09-18,11.67,0.001717,137045.59,160256.02
603178,2025-09-18,20.36,-0.041430999999999996,144581.84,296880.087
603179,2025-09-18,77.99,-0.020226,342089.5,2752091.461
603180,2025-09-18,20.37,-0.008277,12916.0,26440.895
603181,2025-09-18,16.16,-0.018822000000000002,240007.78,389411.315
603182,2025-09-18,14.09,-0.011921,37662.0,53823.143
603183,2025-09-18,4.66,0.02193,411099.68,193540.632
603185,2025-09-18,21.91,-0.038191,204535.14,455857.284
603186,2025-09-18,43.44,0.10002499999999999,190476.32,804346.606
603187,2025-09-18,14.5,-0.026192000000000003,67372.35,98858.194
603188,2025-09-18,4.11,-0.03066,141153.0,58941.853
603189,2025-09-18,20.65,-0.030971000000000002,102349.0,215848.834
603190,2025-09-18,23.5,-0.017969,22556.9,53562.295
603191,2025-09-18,15.57,-0.017044999999999998,101208.06,159085.27
603192,2025-09-18,22.32,-0.01847,27997.0,63193.52
603193,2025-09-18,28.31,-0.0091,34659.49,98996.18
603194,2025-09-18,41.43,-0.028605000000000002,59303.61,249988.577
603195,2025-09-18,45.6,-0.014054,67033.12,307519.772
603196,2025-09-18,22.13,-0.037408000000000004,70396.46,157997.144
603197,2025-09-18,42.82,-0.0007000000000000001,196476.44,857653.519
603198,2025-09-18,43.02,-0.026697000000000002,113997.97,493884.921
603199,2025-09-18,38.95,0.0046429999999999996,72919.36,283388.382
603200,2025-09-18,95.93,-0.003014,167781.08,1621337.667
603201,2025-09-18,19.8,0.026439,126587.73,257504.094
603202,2025-09-18,99.49,-0.008471,21293.16,214185.624
603203,2025-09-18,32.21,-0.010445,64076.11,209971.986
603205,2025-09-18,29.28,-0.014473,16560.23,48948.61
603206,2025-09-18,17.22,-0.01992,39518.36,68937.316
603207,2025-09-18,35.56,-0.014686,29115.0,104376.613
603208,2025-09-18,14.95,-0.025424000000000002,40796.42,61604.795
603209,2025-09-18,14.89,-0.016513,27325.83,40918.497
603210,2025-09-18,21.76,-0.017606999999999998,90010.57,197511.867
603211,2025-09-18,19.74,-0.020347,67037.0,134747.395
603212,2025-09-18,11.85,-0.015781,206754.89,247517.387
603213,2025-09-18,13.31,-0.018437,68900.33,92404.598
603214,2025-09-18,18.57,-0.014854000000000001,40094.8,74881.862
603215,2025-09-18,21.39,-0.032126999999999996,177269.0,381237.374
603216,2025-09-18,16.2,-0.045936000000000005,62822.24,103079.832
603217,2025-09-18,21.19,0.004742,55637.03,118601.593
603218,2025-09-18,12.92,-0.004622,268457.37,350659.566
603219,2025-09-18,20.39,-0.048974000000000004,344548.7,730321.282
603220,2025-09-18,24.79,0.058045,663311.6,1651149.272
603221,2025-09-18,12.91,-0.027129,128761.37,167858.516
603222,2025-09-18,13.92,0.05295,996567.27,1370544.694
603223,2025-09-18,9.77,-0.003061,85734.97,84782.4
603225,2025-09-18,15.29,-0.024249999999999997,76807.63,119010.146
603226,2025-09-18,28.61,-0.003136,64601.1,185213.442
603227,2025-09-18,9.1,-0.017279,198297.49,182017.753
603228,2025-09-18,73.16,0.000684,454964.98,3331171.676
603229,2025-09-18,10.87,-0.03033,264306.89,291691.768
603230,2025-09-18,12.31,-0.019903999999999998,57667.0,71681.486
603231,2025-09-18,18.57,-0.003755,57439.26,108331.741
603232,2025-09-18,15.13,-0.004605000000000001,76904.86,117315.286
603233,2025-09-18,17.37,-0.016420999999999998,89855.83,156304.504
603235,2025-09-18,27.09,-0.005507,8691.44,23652.789
603236,2025-09-18,101.63,-0.008294000000000001,156325.19,1615686.381
603237,2025-09-18,18.73,0.025178,76074.67,141188.582
603238,2025-09-18,19.62,-0.034924,31189.1,62119.424
603239,2025-09-18,18.94,-0.047763,226509.69,447306.86
603255,2025-09-18,37.18,-0.026702,39108.55,144587.329
603256,2025-09-18,40.1,0.059725,462630.26,1867763.962
603257,2025-09-18,64.25,-0.031942,44826.68,290893.327
603258,2025-09-18,21.41,-0.022374,58406.0,127501.705
603259,2025-09-18,107.43,-0.017019,543068.96,5895425.335
603260,2025-09-18,51.12,-0.001367,87029.86,446043.598
603261,2025-09-18,21.93,0.049785,3649.0,8002.257
603262,2025-09-18,30.98,-0.026092,37340.1,117284.376
603266,2025-09-18,25.01,-0.04396,254761.82,649379.428
603267,2025-09-18,58.01,0.0062450000000000006,105379.97,621079.626
603268,2025-09-18,49.28,0.009216,23416.06,115577.444
603269,2025-09-18,13.46,0.099673,660565.65,874453.79
603270,2025-09-18,27.13,0.011182000000000001,107048.72,294361.487
603271,2025-09-18,40.81,-0.014251,51537.6,212539.655
603272,2025-09-18,19.64,-0.027241,20886.0,41439.18
603273,2025-09-18,19.66,-0.024802,43282.0,86075.572
603275,2025-09-18,56.8,-0.022543,82760.99,485467.992
603276,2025-09-18,18.18,-0.037076,37300.89,68448.64
603277,2025-09-18,18.23,-0.019892,42645.27,78346.807
603278,2025-09-18,11.3,-0.021644999999999998,357309.81,411549.708
603279,2025-09-18,15.75,-0.014393,51228.4,81066.105
603280,2025-09-18,43.39,0.020941,82775.38,365701.245
603281,2025-09-18,24.86,-0.011137999999999999,20066.2,50363.889
603282,2025-09-18,18.23,-0.029803000000000003,24296.04,44864.731
603283,2025-09-18,44.9,0.014231,234141.51,1047775.573
603285,2025-09-18,26.38,-0.031216,98245.88,261286.251
603286,2025-09-18,40.68,0.028571,235934.2,994306.543
603288,2025-09-18,39.79,-0.012410000000000001,171630.24,686826.607
603289,2025-09-18,10.57,-0.033821,72052.66,77431.828
603290,2025-09-18,108.57,0.015812,141514.71,1542934.041
603291,2025-09-18,11.13,-0.023683999999999997,37242.95,41907.708
603296,2025-09-18,94.28,0.004261,252166.31,2383060.761
603297,2025-09-18,119.02,0.1,65459.51,776219.187
603298,2025-09-18,27.8,-0.036395,258831.93,737513.887
603299,2025-09-18,10.53,-0.017724,69794.06,74289.463
603300,2025-09-18,10.1,0.001984,1329160.96,1357193.156
603301,2025-09-18,40.3,0.024142,146610.8,588505.425
603303,2025-09-18,14.23,-0.017943,30541.2,43812.679
603305,2025-09-18,16.9,-0.019153,858593.34,1498827.542
603306,2025-09-18,51.79,0.040168999999999996,211770.86,1102267.504
603307,2025-09-18,40.4,-0.009561,5946.0,24111.89
603308,2025-09-18,31.98,-0.012963,285254.44,920028.883
603309,2025-09-18,14.04,-0.022284,60179.68,85385.28
603310,2025-09-18,17.9,-0.015402,34016.62,61350.482
603311,2025-09-18,11.05,-0.017778000000000002,32633.01,36446.826
603312,2025-09-18,44.2,-0.0036070000000000004,23462.0,104928.79
603313,2025-09-18,8.56,-0.043575,216539.1,190022.026
603315,2025-09-18,13.36,-0.012565,69286.0,93475.96
603316,2025-09-18,12.29,0.06499100000000001,428897.81,515497.104
603317,2025-09-18,11.64,-0.02267,64344.74,75587.789
603318,2025-09-18,6.74,-0.013177000000000001,100960.75,68676.776
603319,2025-09-18,43.97,-0.032776,326707.57,1477601.567
603320,2025-09-18,20.03,-0.023403,43876.53,88641.321
603321,2025-09-18,8.0,-0.031477,58901.0,47722.756
603322,2025-09-18,41.33,0.039748,223678.89,942150.322
603323,2025-09-18,5.11,-0.021072999999999998,317105.37,163590.579
603324,2025-09-18,26.11,0.011231999999999999,46906.21,123079.008
603325,2025-09-18,87.5,-0.026154999999999998,21204.66,186907.264
603326,2025-09-18,8.4,-0.049774000000000006,77200.56,66198.829
603327,2025-09-18,9.56,-0.025484,130024.25,125952.394
603328,2025-09-18,12.27,0.024207,670904.1,821848.324
603329,2025-09-18,11.27,-0.028448,51647.94,58762.493
603330,2025-09-18,7.69,-0.03875,239070.0,186016.509
603331,2025-09-18,10.75,-0.028907,43171.8,47098.33
603332,2025-09-18,14.74,0.055874,241707.02,364783.517
603333,2025-09-18,8.12,-0.018138,169776.0,138838.583
603335,2025-09-18,5.76,-0.031932999999999996,474813.78,278680.072
603336,2025-09-18,9.81,-0.011089,231353.46,230255.379
603337,2025-09-18,50.48,-0.008446,65534.0,338072.666
603338,2025-09-18,54.16,0.009506,199650.07,1092284.41
603339,2025-09-18,14.6,-0.014844999999999999,91431.64,135547.913
603341,2025-09-18,45.55,-0.019165,147810.36,687458.319
603344,2025-09-18,29.46,-0.035995,85060.45,254734.741
603345,2025-09-18,73.26,-0.007048,58548.23,429942.654
603348,2025-09-18,22.24,-0.027972,86593.75,195239.274
603350,2025-09-18,43.52,-0.038657,53247.57,236162.938
603351,2025-09-18,28.44,-0.0125,13902.0,39815.099
603353,2025-09-18,16.49,-0.020783999999999997,49592.38,84009.095
603355,2025-09-18,22.36,-0.023153999999999997,37551.54,84934.701
603356,2025-09-18,12.99,-0.006881000000000001,39666.0,51709.877
603357,2025-09-18,8.43,-0.014034999999999999,61080.96,51793.077
603358,2025-09-18,41.71,-0.0042970000000000005,38577.39,162015.057
603359,2025-09-18,10.42,0.100317,955808.32,958890.764
603360,2025-09-18,25.43,0.022106,251302.2,644221.329
603363,2025-09-18,5.63,-0.064784,1587788.3,918104.285
603365,2025-09-18,16.8,-0.0065049999999999995,10034.0,16824.308
603366,2025-09-18,9.92,-0.017822,213756.0,214016.264
603367,2025-09-18,21.35,0.006601,231564.73,498574.704
603368,2025-09-18,20.03,0.059787999999999994,392452.13,785841.846
603369,2025-09-18,40.96,-0.020798,100329.26,413945.196
603370,2025-09-18,55.8,0.055818000000000006,143737.82,797794.55
603373,2025-09-18,50.24,-0.000796,20763.66,104950.603
603375,2025-09-18,41.2,-0.009377,35049.21,145689.3
603377,2025-09-18,3.58,-0.016484000000000002,76337.9,27369.86
603378,2025-09-18,5.76,-0.025381,63815.38,37058.509
603379,2025-09-18,55.65,-0.0053620000000000004,70165.16,393223.173
603380,2025-09-18,51.92,0.036327,65882.0,347613.131
603381,2025-09-18,24.14,-0.014694,68236.68,167114.838
603382,2025-09-18,37.75,-0.026810999999999998,56799.39,218495.977
603383,2025-09-18,42.3,-0.023094999999999997,58197.0,249054.208
603385,2025-09-18,6.75,-0.016035,46021.0,31288.218
603386,2025-09-18,15.05,-0.01634,112006.2,171619.676
603387,2025-09-18,8.27,-0.014303,66542.02,55481.07
603388,2025-09-18,1.9,0.0,371697.4,72046.611
603389,2025-09-18,28.82,0.049909,32599.2,93933.617
603390,2025-09-18,13.38,-0.012546,106051.31,143735.785
603391,2025-09-18,49.3,-0.011628000000000001,38319.06,190916.569
603392,2025-09-18,57.89,-0.025421,57444.44,335806.051
603393,2025-09-18,28.77,-0.015063,51657.17,148959.512
603395,2025-09-18,34.92,-0.028381,55690.92,196765.453
603396,2025-09-18,28.08,-0.029381,41793.92,118439.966
603398,2025-09-18,7.19,0.049635,389061.23,274039.55
603399,2025-09-18,9.67,-0.026183,166678.34,162851.856
603400,2025-09-18,63.3,-0.006279,18523.45,118873.709
603406,2025-09-18,44.4,0.007946,39649.08,176036.263
603408,2025-09-18,11.9,-0.018151999999999998,26536.77,31753.994
603409,2025-09-18,36.57,0.001643,29556.08,108124.047
603416,2025-09-18,63.5,-0.043387,66570.0,436770.638
603421,2025-09-18,6.75,-0.014598999999999999,133629.17,90422.387
603429,2025-09-18,11.36,-0.023216,176680.2,202487.657
603439,2025-09-18,13.23,-0.017088000000000002,101305.0,135078.23
603444,2025-09-18,552.0,-0.0055130000000000005,21931.1,1235868.443
603456,2025-09-18,19.9,-0.016312,412064.08,825649.814
603458,2025-09-18,8.43,0.0,91221.91,76684.11
603466,2025-09-18,9.96,-0.007968,162012.11,162663.593
603477,2025-09-18,20.93,-0.034594,232882.03,494398.757
603486,2025-09-18,105.96,0.009143,98704.32,1062247.114
603488,2025-09-18,8.16,-0.030879,66617.2,55117.69
603489,2025-09-18,26.41,-0.02833,46227.87,124209.451
603499,2025-09-18,17.73,-0.018272,72560.0,131215.552
603500,2025-09-18,11.45,-0.047421,159859.23,188081.753
603501,2025-09-18,144.25,0.009023999999999999,562996.56,8215061.775
603505,2025-09-18,17.03,-0.019574,184515.89,316591.724
603506,2025-09-18,14.27,-0.047397,105851.87,155120.951
603507,2025-09-18,27.53,0.02228,196262.74,548945.619
603508,2025-09-18,32.42,-0.022905000000000002,68461.85,224787.138
603511,2025-09-18,16.53,0.029265,90282.32,149146.879
603515,2025-09-18,17.3,-0.008028,18142.5,31438.47
603516,2025-09-18,166.78,0.001682,215270.0,3633084.943
603517,2025-09-18,15.4,-0.024699,183420.7,284713.024
603518,2025-09-18,10.1,-0.048964,331561.44,342737.663
603519,2025-09-18,12.47,-0.015785,30020.71,37629.891
603520,2025-09-18,11.88,-0.01737,207097.39,247803.941
603527,2025-09-18,11.13,-0.028796,121119.18,135791.122
603528,2025-09-18,9.24,-0.028391000000000003,218047.0,204863.431
603529,2025-09-18,34.38,-0.014052,95622.63,331849.327
603530,2025-09-18,29.94,-0.012533,42298.18,127470.717
603533,2025-09-18,19.63,-0.021922999999999998,122076.0,242588.774
603535,2025-09-18,12.29,-0.022275,95984.88,120006.117
603536,2025-09-18,10.4,-0.037928,201553.36,213749.648
603538,2025-09-18,23.29,-0.013554,120873.88,286203.735
603551,2025-09-18,12.3,-0.034537,29966.0,37309.891
603556,2025-09-18,26.66,-0.005966,32027.16,85443.517
603557,2025-09-18,2.45,-0.023904,136654.0,34191.445
603558,2025-09-18,9.88,0.015416000000000001,97980.5,96921.792
603559,2025-09-18,8.78,-0.028761000000000002,13371.0,11939.266
603565,2025-09-18,11.14,-0.010657000000000002,144227.26,161595.03
603566,2025-09-18,13.91,-0.027273000000000002,75487.99,106312.956
603567,2025-09-18,11.71,-0.036213999999999996,89657.31,106667.576
603568,2025-09-18,18.98,-0.025667,100022.56,191811.364
603569,2025-09-18,9.23,-0.014941,101802.85,95342.225
603577,2025-09-18,9.51,-0.02261,64035.0,61442.305
603578,2025-09-18,13.1,-0.024571999999999997,32656.36,43461.758
603579,2025-09-18,39.05,-0.02375,101136.19,402035.19
603580,2025-09-18,14.17,-0.009783,12893.0,18340.512
603583,2025-09-18,44.12,-0.04729,376221.19,1704550.128
603585,2025-09-18,18.35,-0.030127,17183.0,31942.934
603586,2025-09-18,19.84,-0.029354,69676.0,140386.73
603587,2025-09-18,12.66,-0.021638,37200.54,47606.044
603588,2025-09-18,6.65,-0.014815,440152.92,296162.109
603589,2025-09-18,34.48,-0.021011000000000002,94460.99,328512.327
603590,2025-09-18,56.98,-0.032105,34622.0,200163.808
603595,2025-09-18,24.51,-0.030459,142172.79,359558.922
603596,2025-09-18,52.88,-0.030259,303110.93,1638012.4
603598,2025-09-18,16.99,-0.026361,92564.0,159091.884
603599,2025-09-18,11.72,-0.013468,96850.08,114022.214
603600,2025-09-18,11.32,-0.021608000000000002,82527.5,94528.764
603601,2025-09-18,5.28,-0.013084,515917.7,275992.339
603602,2025-09-18,14.89,-0.021682,87601.44,131968.447
603605,2025-09-18,80.65,-0.013696999999999999,63886.52,517175.792
603606,2025-09-18,60.18,0.023121,182697.96,1117991.395
603607,2025-09-18,24.07,-0.026293999999999998,77716.04,189726.568
603608,2025-09-18,7.2,-0.02571,72558.8,52592.353
603609,2025-09-18,8.29,-0.031542,97983.0,82289.707
603610,2025-09-18,16.66,-0.030832000000000002,181461.67,305285.376
603611,2025-09-18,25.0,-0.012638,122480.4,311937.275
603612,2025-09-18,26.34,-0.020818,295676.62,789579.986
603613,2025-09-18,30.7,-0.038822999999999996,232533.42,725070.385
603615,2025-09-18,27.11,-0.032477,70856.85,193473.15
603616,2025-09-18,5.43,-0.021622,141296.99,77571.652
603617,2025-09-18,8.88,-0.024176000000000003,193156.6,174227.701
603618,2025-09-18,9.19,0.10059900000000001,1468459.18,1271058.893
603619,2025-09-18,19.0,-0.029622000000000002,130953.74,250479.121
603626,2025-09-18,17.7,0.100062,1372741.14,2408906.254
603628,2025-09-18,13.15,-0.030951,92156.99,122911.238
603629,2025-09-18,24.62,-0.006056000000000001,124373.08,310357.911
603630,2025-09-18,25.75,-0.067367,100466.0,263280.219
603633,2025-09-18,12.15,-0.002463,336668.04,416086.084
603636,2025-09-18,12.05,-0.013104,149821.76,182537.135
603637,2025-09-18,12.57,-0.046282,252346.85,321366.175
603638,2025-09-18,18.49,-0.02221,76499.08,143974.259
603639,2025-09-18,14.21,-0.030034,37392.4,53745.239
603648,2025-09-18,11.0,-0.0161,49218.0,54657.589
603650,2025-09-18,35.62,0.011644000000000002,226761.08,814861.202
603655,2025-09-18,44.15,-0.040217,55551.91,250113.014
603656,2025-09-18,21.21,-0.027955999999999998,74881.72,161152.295
603657,2025-09-18,37.6,-0.038609,51034.59,195226.695
603658,2025-09-18,40.51,-0.010261,42215.2,172508.411
603659,2025-09-18,26.45,-0.009363,706767.62,1886090.77
603660,2025-09-18,8.09,-0.044863999999999994,357375.87,294323.174
603661,2025-09-18,32.39,-0.007355,14678.67,48323.406
603662,2025-09-18,81.44,0.011803,325780.75,2655653.886
603663,2025-09-18,28.35,-0.02376,135073.7,388076.035
603665,2025-09-18,25.74,-0.020548,23731.0,61495.13
603666,2025-09-18,34.31,-0.031338,131661.6,459843.159
603667,2025-09-18,51.8,0.08527100000000001,825836.61,4179356.346
603668,2025-09-18,14.5,0.018258,239752.16,348012.736
603669,2025-09-18,5.75,-0.017094,139956.74,81253.763
603676,2025-09-18,11.88,-0.024631,49999.46,60005.989
603677,2025-09-18,20.73,0.009250000000000001,117530.68,239877.627
603678,2025-09-18,38.78,0.0012909999999999998,185706.8,733169.98
603679,2025-09-18,15.74,-0.021753,55913.15,88854.7
603680,2025-09-18,12.48,-0.028794,41424.92,52216.758
603681,2025-09-18,16.84,0.020606,117398.67,197251.683
603682,2025-09-18,6.02,-0.032153999999999995,95075.0,58026.133
603683,2025-09-18,32.98,0.063871,219567.29,709057.623
603685,2025-09-18,17.9,-0.008859,40760.44,73962.399
603686,2025-09-18,21.02,0.099948,950790.62,1946564.225
603687,2025-09-18,9.37,0.059955,383207.48,355097.214
603688,2025-09-18,38.79,0.012265,271454.55,1059738.188
603689,2025-09-18,8.6,-0.020501000000000002,54743.4,47465.613
603690,2025-09-18,28.3,-0.010835,335714.27,966760.673
603693,2025-09-18,12.73,-0.018504,56777.8,72828.45
603696,2025-09-18,12.64,0.018533,151372.31,190775.201
603697,2025-09-18,11.83,-0.025535000000000002,103278.87,123594.272
603698,2025-09-18,19.4,-0.029029,118395.29,231838.69
603699,2025-09-18,38.0,0.016315,126994.01,486900.213
603700,2025-09-18,12.2,-0.025559,48895.3,60467.217
603701,2025-09-18,19.7,-0.015,49169.83,98146.957
603703,2025-09-18,10.52,-0.003788,193683.83,208004.266
603706,2025-09-18,20.25,-0.015078000000000001,20717.04,42331.914
603707,2025-09-18,10.97,-0.006341,148993.16,164353.927
603708,2025-09-18,10.92,-0.020628,62768.56,69041.387
603709,2025-09-18,14.48,-0.014966,49077.01,71688.82
603711,2025-09-18,13.28,-0.011904999999999999,37739.67,50297.067
603712,2025-09-18,20.77,-0.020283000000000002,134070.0,283356.197
603713,2025-09-18,65.01,-0.022553,29317.4,193173.948
603716,2025-09-18,30.87,0.006193,365005.12,1144362.288
603717,2025-09-18,9.2,-0.01919,321122.3,294930.34
603718,2025-09-18,7.05,-0.013986,128521.39,90884.463
603719,2025-09-18,12.93,-0.02855,92538.29,120968.184
603721,2025-09-18,21.09,-0.020891000000000003,29532.0,62669.915
603722,2025-09-18,44.48,-0.009354,22381.0,99936.967
603725,2025-09-18,10.63,-0.039747,353687.41,378165.28
603726,2025-09-18,20.45,0.055756,183203.28,377749.827
603727,2025-09-18,13.21,-0.03365,41732.0,55713.306
603728,2025-09-18,77.06,-0.013821000000000002,308113.51,2412389.915
603729,2025-09-18,16.88,-0.029327000000000002,33826.63,57731.093
603730,2025-09-18,6.04,-0.011457,272969.42,165946.846
603733,2025-09-18,22.87,-0.031343,45246.66,105553.853
603737,2025-09-18,45.56,-0.029606,37948.3,175283.229
603738,2025-09-18,15.41,0.005875,203431.09,316703.046
603739,2025-09-18,13.96,-0.018974,43513.91,61192.59
603755,2025-09-18,29.76,0.059829,59434.0,175418.55
603757,2025-09-18,54.77,0.10002000000000001,290888.68,1577777.04
603758,2025-09-18,15.67,-0.038650000000000004,163579.71,261363.429
603759,2025-09-18,7.78,-0.018916,67454.64,52960.398
603766,2025-09-18,12.65,-0.026174,366133.2,469661.447
603767,2025-09-18,30.63,0.028197,336105.6,1034705.807
603768,2025-09-18,12.68,-0.022359,42258.0,54165.743
603773,2025-09-18,34.85,-0.026536,140135.41,492463.947
603776,2025-09-18,21.87,-0.034863,123914.31,278075.987
603777,2025-09-18,13.68,-0.019355,123645.19,170005.455
603778,2025-09-18,3.8,-0.037975,373157.5,144635.381
603779,2025-09-18,7.08,-0.015299,71123.19,50595.954
603786,2025-09-18,83.3,0.088604,209184.07,1738141.45
603787,2025-09-18,12.57,-0.010236,74553.98,95577.769
603788,2025-09-18,17.04,-0.025729000000000002,72071.01,125019.356
603789,2025-09-18,6.24,-0.031056,57083.8,36040.873
603790,2025-09-18,23.67,-0.039367,81136.0,193374.803
603797,2025-09-18,4.6,-0.014988999999999999,68040.43,31510.009
603798,2025-09-18,15.61,-0.023765,96360.9,152672.743
603799,2025-09-18,50.57,-0.021857,843642.65,4296594.573
603800,2025-09-18,52.0,-0.0681,145948.41,777721.318
603801,2025-09-18,9.78,-0.016097,92734.5,91187.058
603803,2025-09-18,9.16,0.014395999999999999,152152.0,138333.806
603806,2025-09-18,15.71,-0.036787,374102.17,594249.559
603808,2025-09-18,7.91,-0.024661,64688.15,51721.792
603809,2025-09-18,16.69,-0.043005,1302754.43,2277928.486
603810,2025-09-18,14.57,-0.022803,23772.4,35101.077
603811,2025-09-18,13.57,-0.015954,78742.78,107869.113
603813,2025-09-18,22.8,0.036364,16093.0,35418.935
603815,2025-09-18,12.11,-0.020227,198071.0,242065.8
603816,2025-09-18,30.31,-0.025402,44735.89,137600.546
603817,2025-09-18,6.39,-0.00312,179541.22,115612.905
603818,2025-09-18,4.02,-0.031325,214826.0,87373.308
603819,2025-09-18,11.97,-0.02445,62190.5,75281.003
603822,2025-09-18,76.79,-0.065815,32304.61,254259.166
603823,2025-09-18,13.16,-0.028782000000000002,92553.34,123304.766
603825,2025-09-18,9.98,-0.027290000000000002,75481.0,76156.31
603826,2025-09-18,19.21,-0.013859999999999999,65470.48,126371.354
603828,2025-09-18,4.58,-0.033755,84474.74,39188.001
603829,2025-09-18,22.55,-0.029689999999999998,90554.96,205755.463
603833,2025-09-18,54.9,-0.034980000000000004,61743.52,341899.15
603836,2025-09-18,13.94,-0.016925,36734.0,51657.179
603838,2025-09-18,7.58,-0.016861,32313.0,24633.416
603839,2025-09-18,8.25,-0.013158000000000001,160999.8,133883.255
603843,2025-09-18,4.43,0.049763,22203.51,9836.155
603848,2025-09-18,29.6,-0.08188599999999999,62426.02,190724.154
603855,2025-09-18,20.45,-0.013983,78878.31,162410.594
603856,2025-09-18,11.5,-0.014567000000000002,31505.33,36525.901
603858,2025-09-18,19.29,0.021716000000000003,109595.53,210891.934
603859,2025-09-18,45.99,-0.020030000000000003,185794.85,872205.201
603860,2025-09-18,30.65,-0.022639999999999997,15686.0,48585.258
603861,2025-09-18,10.78,-0.031446999999999996,223662.46,244083.562
603863,2025-09-18,21.7,-0.0212,153981.0,337238.467
603866,2025-09-18,5.67,-0.015625,235180.96,133867.874
603867,2025-09-18,30.29,-0.017515,57290.08,176168.887
603868,2025-09-18,36.28,-0.021575,11724.38,42955.639
603869,2025-09-18,9.01,-0.024891999999999997,19297.8,17587.218
603871,2025-09-18,12.93,0.031923,301733.92,392753.155
603876,2025-09-18,10.91,-0.036219,472737.84,521912.413
603877,2025-09-18,13.91,-0.019041,18270.62,25630.042
603878,2025-09-18,7.23,0.015449,351390.86,251201.19
603879,2025-09-18,6.16,-0.023772,84065.0,52301.849
603880,2025-09-18,6.11,-0.028617,51219.47,31617.113
603881,2025-09-18,36.32,-0.028357,1094916.29,4101224.35
603882,2025-09-18,31.15,-0.011425000000000001,84105.0,263127.963
603883,2025-09-18,17.56,0.025701,376970.7,660385.121
603885,2025-09-18,13.25,-0.025018,254342.24,339376.009
603886,2025-09-18,12.64,-0.014809000000000001,42530.1,54034.194
603887,2025-09-18,17.92,-0.017005,203330.89,369317.553
603888,2025-09-18,19.72,-0.020368,111704.96,223124.762
603889,2025-09-18,6.17,0.0,81354.92,50324.665
603890,2025-09-18,13.83,0.005818,256517.47,356654.018
603893,2025-09-18,223.51,0.072917,295980.31,6633781.128
603895,2025-09-18,31.48,-0.02327,30453.4,96893.487
603896,2025-09-18,21.19,-0.007494,18087.8,38484.031
603897,2025-09-18,26.06,-0.020669,57191.0,151020.078
603898,2025-09-18,10.35,-0.041666999999999996,27976.75,29453.095
603899,2025-09-18,28.8,-0.021074000000000002,75680.76,219894.03
603900,2025-09-18,10.41,-0.049315,196471.6,207089.762
603901,2025-09-18,11.08,-0.008057,208971.92,235997.611
603903,2025-09-18,10.63,-0.029224,129417.48,137480.494
603906,2025-09-18,16.86,-0.039863,797831.74,1357678.794
603908,2025-09-18,24.55,-0.010878,20880.4,51445.216
603909,2025-09-18,10.74,-0.018282,28091.3,30419.035
603912,2025-09-18,9.84,-0.0060609999999999995,200664.56,199392.279
603915,2025-09-18,17.99,-0.022814,442342.63,814475.184
603916,2025-09-18,10.7,-0.010176000000000001,79309.1,85354.212
603917,2025-09-18,13.97,-0.024441,102856.55,144981.299
603918,2025-09-18,18.39,-0.010758,244598.63,457257.913
603919,2025-09-18,20.67,-0.028208999999999998,80379.82,168200.883
603920,2025-09-18,48.01,-0.033031000000000005,759511.27,3743541.706
603922,2025-09-18,21.78,-0.03543,71233.0,157134.199
603926,2025-09-18,17.72,0.011415999999999999,150742.02,273771.277
603927,2025-09-18,20.47,-0.006793,207429.02,429819.307
603928,2025-09-18,16.09,-0.004332,119607.19,196725.092
603929,2025-09-18,41.74,-0.010197000000000001,20917.0,88178.123
603931,2025-09-18,27.4,0.019345,67604.75,185019.592
603933,2025-09-18,16.58,-0.018354,59156.0,99444.131
603936,2025-09-18,14.29,0.017082,1217251.07,1755913.082
603937,2025-09-18,11.68,-0.040263,71027.0,84696.182
603938,2025-09-18,13.7,-0.021429,47229.92,65142.57
603939,2025-09-18,25.46,-0.028986,84782.52,217840.369
603948,2025-09-18,24.71,-0.019444,50120.0,125379.892
603949,2025-09-18,22.82,0.026541000000000002,153322.4,349381.592
603950,2025-09-18,36.43,-0.023586,124946.27,460877.407
603955,2025-09-18,38.39,-0.003892,41635.4,160329.9
603956,2025-09-18,6.67,0.016768,285546.44,188064.122
603958,2025-09-18,16.43,-0.014397,53278.0,88366.577
603959,2025-09-18,7.02,-0.043597000000000004,1539051.09,1088728.623
603960,2025-09-18,20.52,-0.018182,203654.19,424494.154
603966,2025-09-18,10.83,-0.016349,122939.69,135068.395
603967,2025-09-18,11.49,-0.021295,46472.65,53955.655
603968,2025-09-18,12.07,-0.032077,36580.33,44748.647
603969,2025-09-18,10.05,0.013105,352058.4,353853.397
603970,2025-09-18,13.6,-0.015919000000000003,35270.1,48325.45
603976,2025-09-18,19.88,-0.020207000000000003,15794.0,31669.788
603977,2025-09-18,11.96,-0.012386,88961.17,107430.201
603978,2025-09-18,20.49,-0.0009750000000000001,185343.29,379726.988
603979,2025-09-18,62.0,-0.039504000000000004,85228.76,533040.051
603980,2025-09-18,6.22,-0.028125,1639101.33,1066078.475
603982,2025-09-18,9.73,-0.019153,198389.92,195653.122
603983,2025-09-18,39.9,-0.001751,28940.29,115280.66
603985,2025-09-18,15.87,-0.008745000000000001,178894.09,289947.015
603986,2025-09-18,190.88,0.022937,590410.52,11381851.203
603987,2025-09-18,9.05,-0.023732000000000003,118326.0,108355.23
603988,2025-09-18,31.86,0.100138,303179.24,953796.297
603989,2025-09-18,19.49,-0.015657,157265.03,312118.708
603990,2025-09-18,14.8,-0.021164000000000002,165501.05,248151.99
603991,2025-09-18,62.61,-0.020494,23318.51,147653.301
603992,2025-09-18,32.7,0.025078,124059.67,405980.232
603993,2025-09-18,12.38,-0.032813,2664212.67,3324410.624
603995,2025-09-18,17.57,-0.019531,74209.45,131478.056
603997,2025-09-18,11.97,-0.030769,172306.58,210603.301
603998,2025-09-18,11.03,-0.008985,190001.87,211070.977
603999,2025-09-18,6.47,-0.029984999999999998,107330.47,70429.644
605001,2025-09-18,7.7,0.0013,181061.19,141625.705
605003,2025-09-18,25.05,0.051637,41967.22,103353.499
605005,2025-09-18,19.05,-0.0047020000000000005,24958.0,47652.387
605006,2025-09-18,8.23,0.009816,215731.8,175845.82
605007,2025-09-18,11.8,-0.021559,29375.68,34988.683
605008,2025-09-18,14.18,-0.02543,24749.0,35497.343
605009,2025-09-18,33.75,-0.018895,32558.23,110789.578
605011,2025-09-18,22.75,0.021095000000000003,136771.56,308318.305
605016,2025-09-18,20.28,-0.014098,47809.52,97987.426
605018,2025-09-18,12.27,-0.016827,80812.0,100985.635
605020,2025-09-18,27.77,0.02359,151726.64,417856.172
605028,2025-09-18,26.6,-0.06371,92286.04,251357.709
605033,2025-09-18,23.51,-0.00592,60669.0,140845.234
605050,2025-09-18,20.54,-0.006770000000000001,392631.89,796785.642
605055,2025-09-18,8.6,-0.046563,189572.18,165289.91
605056,2025-09-18,13.79,-0.020596999999999997,38573.0,53863.881
605058,2025-09-18,30.06,0.004008,66452.75,201069.499
605060,2025-09-18,26.64,0.006803,36807.0,99338.619
605066,2025-09-18,7.52,-0.023377,144613.5,110169.21
605068,2025-09-18,31.7,-0.023112,66124.9,215152.416
605069,2025-09-18,10.82,-0.011872,91953.13,99882.562
605077,2025-09-18,17.88,-0.036638000000000004,50490.38,91796.785
605080,2025-09-18,26.84,-0.011054,33801.48,92039.653
605081,2025-09-18,13.16,-0.016442000000000002,18341.9,24232.98
605086,2025-09-18,25.25,-0.022833000000000003,20711.0,52763.455
605088,2025-09-18,38.51,-0.034352999999999995,88750.02,349850.819
605089,2025-09-18,30.09,0.100183,78151.64,222634.129
605090,2025-09-18,30.89,-0.009618,105534.05,332275.118
605098,2025-09-18,37.91,0.022384,31144.87,117869.784
605099,2025-09-18,32.82,-0.041192,64337.0,214937.195
605100,2025-09-18,24.42,-0.04721,81013.52,202388.738
605108,2025-09-18,20.49,0.00688,57867.66,118564.873
605111,2025-09-18,34.72,0.0057940000000000005,280173.08,982909.622
605116,2025-09-18,22.76,0.0,26833.0,61434.509
605117,2025-09-18,70.11,-0.0032700000000000003,253575.17,1790391.327
605118,2025-09-18,30.19,-0.00363,46016.0,141429.964
605122,2025-09-18,13.39,-0.029007,24919.8,33804.152
605123,2025-09-18,71.0,-0.021904,32566.08,235204.52
605128,2025-09-18,42.11,-0.007542,63154.29,269371.44
605133,2025-09-18,48.17,-0.008848,179600.05,889990.127
605136,2025-09-18,10.75,-0.025385,452018.2,491317.45
605138,2025-09-18,7.81,-0.022528000000000003,56583.0,44753.396
605151,2025-09-18,20.48,0.008867,40453.0,82539.783
605155,2025-09-18,15.21,-0.008475,44064.66,67482.252
605158,2025-09-18,8.94,-0.024017,65992.9,59514.663
605162,2025-09-18,8.82,-0.02649,70226.99,62658.453
605166,2025-09-18,12.42,0.024752,252986.31,319374.245
605167,2025-09-18,10.66,-0.008372000000000001,67293.0,72105.744
605168,2025-09-18,30.78,-0.023167,45968.83,143967.904
605169,2025-09-18,14.71,-0.002712,59548.21,88128.406
605177,2025-09-18,19.6,-0.017544,18189.9,35955.177
605178,2025-09-18,29.17,0.01744,115185.58,332800.011
605179,2025-09-18,21.78,-0.008648,73315.0,160595.64
605180,2025-09-18,15.27,-0.035985,42123.58,65351.515
605183,2025-09-18,19.71,-0.014007,39589.5,79459.09
605186,2025-09-18,20.83,-0.027544,32159.0,67956.505
605188,2025-09-18,18.95,0.038356,282154.0,528605.251
605189,2025-09-18,14.96,0.000669,50645.74,75338.797
605196,2025-09-18,25.52,-0.039157000000000004,145636.16,374928.816
605198,2025-09-18,45.4,-0.036093,24570.98,112964.235
605199,2025-09-18,9.15,-0.00974,50562.03,46416.979
605208,2025-09-18,15.5,-0.023929,172404.14,270818.209
605218,2025-09-18,22.8,-0.023555000000000003,42971.52,99366.989
605222,2025-09-18,18.53,-0.030351,87447.41,163923.472
605228,2025-09-18,18.35,-0.042276,345977.09,660489.292
605255,2025-09-18,83.6,0.1,6170.0,51581.2
605258,2025-09-18,34.1,-0.011594,25108.0,86318.223
605259,2025-09-18,26.61,0.00453,32374.12,86889.033
605266,2025-09-18,21.52,-0.020928,31304.0,67843.596
605268,2025-09-18,10.27,-0.045538999999999996,124286.49,129909.654
605277,2025-09-18,24.25,-0.025713,184629.46,451545.223
605286,2025-09-18,45.11,-0.026753,46568.53,218006.552
605287,2025-09-18,21.4,0.039339,54044.52,114082.169
605288,2025-09-18,122.98,0.1,40592.54,486411.353
605289,2025-09-18,63.01,0.051043000000000005,123304.5,769748.51
605296,2025-09-18,31.7,-0.038228,60864.75,195181.684
605298,2025-09-18,50.46,-0.043956,112698.92,567290.236
605299,2025-09-18,9.58,-0.025432,104933.0,101240.852
605300,2025-09-18,13.02,-0.055838,196344.14,255820.59
605303,2025-09-18,16.91,-0.058987,228794.16,393143.176
605305,2025-09-18,41.79,0.091978,271791.2,1122201.96
605318,2025-09-18,35.58,-0.001964,17810.0,63671.219
605319,2025-09-18,35.26,-0.045479000000000006,84254.0,304718.267
605333,2025-09-18,35.15,-0.013749,57167.0,201568.024
605336,2025-09-18,15.13,-0.021978,29134.09,44552.608
605337,2025-09-18,13.2,-0.01566,81501.9,108484.983
605338,2025-09-18,22.75,-0.033149000000000005,28133.0,64920.307
605339,2025-09-18,17.37,0.0028870000000000002,11044.0,19064.758
605358,2025-09-18,26.22,0.006912000000000001,233695.69,620076.615
605365,2025-09-18,15.36,-0.020408,72031.0,111817.36
605366,2025-09-18,6.13,-0.017627999999999998,115143.4,71085.044
605368,2025-09-18,10.01,0.002002,61334.2,61542.592
605369,2025-09-18,19.81,-0.025098,24090.64,48278.284
605376,2025-09-18,55.42,-0.019462,100029.21,561463.471
605377,2025-09-18,9.06,-0.010917,46176.4,42122.299
605378,2025-09-18,27.9,-0.014134,142158.89,402533.111
605388,2025-09-18,7.98,-0.025640999999999997,189450.46,153337.313
605389,2025-09-18,57.02,0.06839,76695.25,428441.148
605398,2025-09-18,32.61,-0.017179,109981.47,364002.882
605399,2025-09-18,12.79,-0.022171,49959.49,64617.156
605488,2025-09-18,37.15,0.03887,327713.59,1236749.585
605499,2025-09-18,295.63,-0.00421,17434.77,513974.377
605500,2025-09-18,9.65,-0.025253,81333.44,79386.207
605507,2025-09-18,22.64,-0.006582,44287.0,100258.297
605555,2025-09-18,18.35,-0.0070350000000000005,229003.58,427015.367
605566,2025-09-18,27.59,-0.018848,50275.21,142480.113
605567,2025-09-18,10.04,-0.027132,65594.0,66406.235
605577,2025-09-18,14.35,-0.000696,106849.72,152406.958
605580,2025-09-18,29.1,0.016771,113168.76,327270.871
605588,2025-09-18,55.03,-0.014505999999999998,49097.4,276092.63
605589,2025-09-18,32.57,0.005868,279310.99,916278.729
605598,2025-09-18,25.16,-0.022532999999999997,45454.57,115542.066
605599,2025-09-18,13.94,-0.016231,56674.68,79430.825
688001,2025-09-18,32.08,0.008488,100881.41,327753.899
688002,2025-09-18,76.0,0.015093,83764.95,642625.415
688003,2025-09-18,60.07,-0.000333,73864.61,447402.704
688004,2025-09-18,23.62,-0.02437,26452.54,63075.119
688005,2025-09-18,27.68,-0.039556,490504.13,1375836.558
688006,2025-09-18,36.99,0.037297,288316.63,1063598.342
688007,2025-09-18,22.63,-0.053534,246068.0,564098.282
688008,2025-09-18,119.01,-0.00084,625314.63,7585970.354
688009,2025-09-18,5.29,-0.014898,482428.07,257969.044
688010,2025-09-18,31.26,0.007737000000000001,107372.28,338421.84
688011,2025-09-18,44.35,0.02948,47594.69,210138.708
688012,2025-09-18,253.18,0.114349,386717.86,9712339.312
688013,2025-09-18,64.6,-0.033802,20635.8,135353.839
688015,2025-09-18,25.25,-0.036627,45357.55,117045.203
688016,2025-09-18,106.62,-0.014419999999999999,24127.54,261337.072
688017,2025-09-18,182.19,0.015665,169568.02,3133363.941
688018,2025-09-18,190.24,-0.0061129999999999995,74347.35,1446425.882
688019,2025-09-18,190.96,0.028491,65501.17,1248232.481
688020,2025-09-18,69.19,0.022160000000000003,65020.47,457625.007
688021,2025-09-18,18.85,-0.019761,20035.58,38104.498
688022,2025-09-18,15.72,-0.015038000000000001,72889.58,116975.067
688023,2025-09-18,52.79,-0.022226,41662.46,225348.552
688025,2025-09-18,162.76,0.024099,22457.65,364866.632
688026,2025-09-18,18.43,-0.032038000000000004,37826.35,70791.492
688027,2025-09-18,347.65,0.07965799999999999,81581.01,2875397.134
688028,2025-09-18,47.6,0.137939,202917.0,924310.015
688029,2025-09-18,90.64,-0.021589,33399.77,311346.597
688030,2025-09-18,20.15,-0.013705,33882.61,69799.516
688031,2025-09-18,62.76,0.076501,118335.65,744814.344
688032,2025-09-18,111.65,-0.025741999999999998,17374.61,196632.973
688033,2025-09-18,6.4,-0.019908,218465.56,141905.995
688035,2025-09-18,52.73,0.0057220000000000005,71760.33,382568.164
688036,2025-09-18,93.0,0.042484,216143.42,1992084.672
688037,2025-09-18,129.49,0.007234000000000001,107948.43,1424368.534
688038,2025-09-18,15.21,-0.018076000000000002,44213.96,68386.547
688039,2025-09-18,52.0,-0.028582,67947.2,363128.072
688041,2025-09-18,243.81,0.004615,760285.72,19119557.824
688045,2025-09-18,45.3,-0.019481,23190.27,106824.649
688046,2025-09-18,18.71,-0.017848,41733.38,79005.684
688047,2025-09-18,145.0,0.011087,160273.78,2382786.786
688048,2025-09-18,75.76,-0.004991,115672.27,895494.019
688049,2025-09-18,56.2,-0.007944,118362.89,681451.571
688050,2025-09-18,75.6,-0.012152000000000001,37883.96,288505.573
688051,2025-09-18,44.15,-0.048285999999999996,26886.41,121078.894
688052,2025-09-18,186.99,-0.007379,52851.69,1005963.02
688053,2025-09-18,31.7,-0.029394,21371.99,69178.695
688055,2025-09-18,4.09,-0.014458,148865.54,62055.098
688056,2025-09-18,36.43,0.0,8733.11,31804.533
688057,2025-09-18,12.34,-0.013589,22133.59,27583.554
688058,2025-09-18,29.55,-0.015328,20547.0,61532.589
688059,2025-09-18,83.11,0.007272,56456.49,471221.303
688060,2025-09-18,43.85,-0.049219,15007.77,67211.891
688061,2025-09-18,35.81,-0.011865,19529.17,70867.471
688062,2025-09-18,54.75,0.132134,446434.78,2469460.049
688063,2025-09-18,58.46,-0.035314,96600.92,573159.138
688065,2025-09-18,51.85,-0.030297,59118.93,310890.371
688066,2025-09-18,32.64,-0.035176,195723.77,654641.037
688067,2025-09-18,26.17,-0.010212,15167.59,40124.638
688068,2025-09-18,178.08,-0.01711,25014.56,458067.946
688069,2025-09-18,22.46,0.004472,11164.43,24948.361
688070,2025-09-18,51.2,-0.015195,15838.24,82503.416
688071,2025-09-18,43.85,-0.062634,61668.26,278800.514
688072,2025-09-18,213.98,0.065637,156480.86,3308957.846
688073,2025-09-18,69.88,-0.03454,12280.16,86959.984
688075,2025-09-18,38.7,-0.004886,5908.4,22991.49
688076,2025-09-18,43.3,-0.012318,73752.14,323873.179
688077,2025-09-18,36.32,-0.05392,55890.02,208040.944
688078,2025-09-18,31.06,-0.01988,15447.84,48708.547
688079,2025-09-18,12.3,-0.012048000000000001,85256.32,106499.634
688080,2025-09-18,56.2,-0.014208,40004.09,227680.053
688081,2025-09-18,32.16,0.129213,160602.14,497038.686
688082,2025-09-18,154.1,0.01817,96262.47,1505631.221
688083,2025-09-18,70.37,-0.01855,42283.55,304436.835
688084,2025-09-18,87.65,0.044572,35773.03,310448.755
688085,2025-09-18,20.02,0.008564,100150.99,202103.881
688087,2025-09-18,25.98,-0.026602,20894.74,55052.678
688088,2025-09-18,61.31,0.026624,183871.73,1134551.057
688089,2025-09-18,26.07,-0.016597999999999998,40121.77,105904.084
688090,2025-09-18,38.7,0.014417,71026.55,276465.388
688091,2025-09-18,57.87,-0.017487,39683.15,233725.503
688092,2025-09-18,25.32,-0.024277000000000003,17103.56,44010.541
688093,2025-09-18,42.8,0.042123,87805.83,374712.19
688095,2025-09-18,74.88,-0.032433000000000003,31943.7,244645.76
688096,2025-09-18,8.29,-0.037166000000000005,92126.52,78438.636
688097,2025-09-18,37.16,-0.015629,89775.41,342661.339
688098,2025-09-18,11.17,-0.020175000000000002,122092.79,138908.894
688099,2025-09-18,93.1,-0.024007,135330.44,1290405.548
688100,2025-09-18,36.3,0.000276,39940.94,145992.48
688101,2025-09-18,16.2,-0.028777,41482.6,68270.723
688102,2025-09-18,15.99,0.0031369999999999996,133914.45,215355.761
688103,2025-09-18,66.02,0.0,18975.57,126089.189
688105,2025-09-18,22.31,-0.017181,32857.01,74370.071
688106,2025-09-18,18.28,-0.015085999999999999,95588.32,177466.176
688107,2025-09-18,29.96,-0.002663,137491.24,422427.846
688108,2025-09-18,29.3,-0.018425,345466.56,1034493.841
688110,2025-09-18,116.8,-0.074851,444016.35,5447055.529
688111,2025-09-18,311.0,0.004068,94252.0,2976361.88
688112,2025-09-18,38.44,-0.018386,22723.36,88669.994
688113,2025-09-18,40.28,-0.0154,15546.92,63871.882
688114,2025-09-18,68.23,-0.013304,45971.06,317747.754
688115,2025-09-18,60.54,-0.018005,18037.68,111457.244
688116,2025-09-18,57.29,-0.023022,216142.1,1262432.436
688117,2025-09-18,38.92,-0.013935,58205.77,229369.984
688118,2025-09-18,28.51,-0.018926000000000002,42297.99,122990.689
688119,2025-09-18,4.4,-0.013453,174764.4,78045.648
688120,2025-09-18,129.82,0.030316999999999997,181942.58,2374942.896
688121,2025-09-18,12.88,-0.007704,62187.73,80799.936
688122,2025-09-18,57.2,-0.0066,159026.99,916313.673
688123,2025-09-18,91.0,-0.031915,110056.35,1026634.611
688125,2025-09-18,49.9,0.014434,18845.61,95107.439
688126,2025-09-18,21.72,0.018284,928509.86,2026378.323
688127,2025-09-18,31.62,-0.009398,87476.45,281922.642
688128,2025-09-18,30.48,-0.028681,100551.79,310901.975
688129,2025-09-18,23.56,-0.030453,13120.29,31364.043
688130,2025-09-18,24.33,-0.005314999999999999,38479.05,95644.082
688131,2025-09-18,75.64,-0.017662,71664.76,551594.663
688132,2025-09-18,18.63,-0.012195000000000001,21196.07,39908.229
688133,2025-09-18,24.15,-0.025424000000000002,50692.14,124692.353
688135,2025-09-18,35.45,0.053805,500632.27,1864719.198
688136,2025-09-18,41.18,-0.006753,48705.88,203252.521
688137,2025-09-18,42.08,-0.025249,8114.64,34667.216
688138,2025-09-18,30.62,0.002291,70476.03,218901.173
688139,2025-09-18,32.51,-0.018713999999999998,38771.41,127473.015
688141,2025-09-18,51.8,0.034345,235799.71,1224378.397
688143,2025-09-18,50.64,0.06476,83904.43,426288.763
688146,2025-09-18,42.09,-0.002843,87792.64,373118.984
688147,2025-09-18,47.04,-0.03646,166675.08,809967.888
688148,2025-09-18,5.91,-0.039024,187569.82,112438.297
688150,2025-09-18,25.29,0.012410000000000001,88725.86,227032.178
688151,2025-09-18,21.07,-0.026789999999999998,36569.47,78327.942
688152,2025-09-18,51.63,-0.015071000000000001,36861.68,194219.477
688153,2025-09-18,34.62,-0.008023,87881.18,309265.233
688155,2025-09-18,73.46,-0.029847000000000002,51778.01,388749.155
688156,2025-09-18,20.31,-0.034237000000000004,25951.75,53416.176
688157,2025-09-18,38.98,-0.031071,28010.95,110116.99
688158,2025-09-18,25.75,0.012584,384344.97,1005092.665
688159,2025-09-18,77.48,-0.061871999999999996,89456.79,716473.361
688160,2025-09-18,101.38,-0.030413000000000003,45719.82,475629.578
688161,2025-09-18,35.3,-0.036572,40208.82,143992.392
688162,2025-09-18,33.36,-0.034163,38530.08,131343.625
688163,2025-09-18,23.77,-0.022212999999999997,15272.85,36799.043
688165,2025-09-18,27.55,-0.042738,424564.5,1207026.975
688166,2025-09-18,94.82,0.017928,169390.23,1644646.974
688167,2025-09-18,177.81,0.010456,116866.94,2080097.766
688168,2025-09-18,89.29,-0.089249,50390.33,478406.424
688169,2025-09-18,212.43,-0.025550000000000003,51271.46,1103656.743
688170,2025-09-18,42.5,-0.014607000000000002,48116.75,205514.649
688171,2025-09-18,50.0,-0.064021,19633.88,101135.917
688172,2025-09-18,22.81,-0.003495,131775.93,305731.354
688173,2025-09-18,16.34,-0.006083,156137.57,258487.657
688175,2025-09-18,22.15,-0.012483,26899.29,60197.007
688176,2025-09-18,11.13,-0.020246,152867.48,173725.047
688177,2025-09-18,30.21,-0.01788,35756.02,110096.611
688178,2025-09-18,28.31,0.055162,37839.63,106899.705
688179,2025-09-18,12.64,-0.007849,79776.94,101832.012
688180,2025-09-18,45.73,0.001972,196910.29,909291.658
688181,2025-09-18,39.54,0.009704,99902.17,400287.558
688182,2025-09-18,24.82,-0.01547,76450.82,192630.891
688183,2025-09-18,91.29,-0.0015310000000000002,181523.15,1658024.642
688184,2025-09-18,10.64,-0.016635999999999998,26811.46,28667.942
688185,2025-09-18,82.0,-0.002433,29132.89,240147.516
688186,2025-09-18,25.48,-0.001176,99614.03,255860.728
688187,2025-09-18,48.12,-0.005168000000000001,101639.82,495064.05
688188,2025-09-18,147.11,0.010509999999999999,34789.33,516120.747
688189,2025-09-18,12.63,-0.030698,131132.75,168752.203
688190,2025-09-18,109.03,-0.053395,10531.73,117900.858
688191,2025-09-18,28.68,-0.045591,90272.54,266650.058
688192,2025-09-18,71.02,-0.017704,25196.29,181899.981
688193,2025-09-18,46.62,-0.01832,4886.55,23057.577
688195,2025-09-18,114.96,0.045091,147036.25,1713196.043
688196,2025-09-18,47.33,-0.020083000000000004,10096.71,48202.484
688197,2025-09-18,44.82,0.016557,22195.08,100108.41
688198,2025-09-18,108.51,-0.041092000000000004,6580.67,72966.667
688199,2025-09-18,26.39,-0.021868,71502.71,193346.761
688200,2025-09-18,191.1,0.016111,44587.42,865831.926
688201,2025-09-18,15.5,0.074151,400478.65,632912.063
688202,2025-09-18,76.0,0.0,81949.72,621630.506
688203,2025-09-18,15.19,-0.029393,46998.23,72490.269
688205,2025-09-18,140.4,0.2,227107.3,2989131.947
688206,2025-09-18,36.88,0.003811,112681.74,423951.045
688207,2025-09-18,17.59,-0.028176999999999997,116105.65,207834.733
688208,2025-09-18,38.46,-0.014098999999999999,191600.41,752186.265
688209,2025-09-18,20.87,-0.000479,142970.63,303021.419
688210,2025-09-18,57.37,0.066357,124575.12,715709.464
688211,2025-09-18,33.2,-0.010137,7041.77,23537.382
688212,2025-09-18,48.82,-0.018299,19708.17,98435.37
688213,2025-09-18,101.8,0.00822,107681.54,1111902.173
688215,2025-09-18,67.12,0.007203,42583.76,296082.855
688216,2025-09-18,26.36,-0.004156,50427.48,135581.404
688217,2025-09-18,27.82,-0.014173999999999999,12182.08,34280.778
688218,2025-09-18,27.11,-0.011666000000000001,79504.75,218295.282
688219,2025-09-18,13.94,-0.021067,324676.07,461937.801
688220,2025-09-18,105.31,0.023420999999999997,174258.98,1883777.334
688221,2025-09-18,15.54,0.042953,392391.87,625649.934
688222,2025-09-18,25.61,-0.020649999999999998,178826.6,467548.895
688223,2025-09-18,5.35,-0.025501,1555210.81,842003.903
688225,2025-09-18,20.19,-0.009809,78463.54,161881.951
688226,2025-09-18,52.0,0.01187,120082.01,637242.039
688227,2025-09-18,32.17,-0.017410000000000002,24680.42,81026.991
688228,2025-09-18,174.06,-0.02955,48697.44,870955.856
688229,2025-09-18,67.56,-0.006471,19689.35,135543.834
688230,2025-09-18,74.47,-0.012072000000000001,26550.93,202214.029
688231,2025-09-18,20.06,-0.029981,33659.56,68227.331
688232,2025-09-18,28.08,-0.012311,35074.97,99789.567
688233,2025-09-18,34.55,-0.014265000000000002,76756.68,270140.187
688234,2025-09-18,84.9,-0.001764,201136.34,1728452.36
688235,2025-09-18,314.95,0.00517,58354.29,1854581.852
688236,2025-09-18,22.68,-0.020301999999999997,19147.11,43997.14
688237,2025-09-18,54.98,0.071317,52134.96,285917.832
688238,2025-09-18,7.72,-0.021546,172753.96,136022.308
688239,2025-09-18,39.34,0.054692,113962.64,454771.51
688244,2025-09-18,25.33,0.035568,67165.11,170175.342
688246,2025-09-18,30.77,0.001628,38678.59,120234.725
688247,2025-09-18,10.94,-0.019713,48490.39,53677.554
688248,2025-09-18,49.1,-0.035741999999999996,82122.07,408545.872
688249,2025-09-18,23.85,0.0012590000000000001,515654.0,1242191.053
688251,2025-09-18,25.94,-0.021131999999999998,36114.87,94010.181
688252,2025-09-18,27.22,-0.00874,115763.37,320552.928
688253,2025-09-18,31.02,0.005511,27802.68,86462.561
688255,2025-09-18,38.28,-0.004421,71488.47,280251.147
688256,2025-09-18,1420.99,-0.014570000000000001,171994.85,25149758.553
688257,2025-09-18,19.68,-0.036711,89846.73,178861.023
688258,2025-09-18,73.0,-0.049603,77626.54,578310.893
688259,2025-09-18,47.44,-0.014131,114191.61,561168.099
688260,2025-09-18,31.66,0.0,40068.42,129113.125
688261,2025-09-18,83.59,0.018397,63585.9,533208.679
688262,2025-09-18,31.0,-0.018677,270174.64,861559.945
688265,2025-09-18,56.16,-0.059295999999999995,17711.41,102165.677
688266,2025-09-18,108.09,0.028253,52045.66,566784.762
688267,2025-09-18,28.26,-0.011196999999999999,36891.08,104376.061
688268,2025-09-18,57.89,0.008888,55902.95,325808.492
688269,2025-09-18,35.89,-0.016982,17810.75,64848.174
688270,2025-09-18,71.39,-0.009573,116897.85,847799.899
688271,2025-09-18,150.0,-0.010554,141703.24,2133412.347
688272,2025-09-18,24.99,-0.024971,19826.91,50329.759
688273,2025-09-18,39.82,-0.041174999999999996,22120.91,90564.306
688275,2025-09-18,49.66,-0.032346,52853.55,266080.685
688276,2025-09-18,22.25,-0.012428,39852.32,89806.35
688277,2025-09-18,18.07,-0.008233,154835.07,287700.16
688278,2025-09-18,79.53,-0.016934,30843.98,247469.158
688279,2025-09-18,274.0,0.039769,56584.02,1566638.618
688280,2025-09-18,9.04,-0.023757999999999998,290510.93,267720.723
688281,2025-09-18,66.24,0.002421,23749.48,158701.305
688282,2025-09-18,44.49,0.025351,7568.89,33521.084
688283,2025-09-18,32.36,-0.032586,14441.25,47810.148
688285,2025-09-18,8.78,-0.028761000000000002,33835.51,30179.575
688286,2025-09-18,99.2,-0.022275,39178.12,399443.666
688287,2025-09-18,4.84,-0.002062,39085.84,18878.83
688288,2025-09-18,31.08,-0.039555,43104.86,137724.401
688289,2025-09-18,20.24,-0.02175,77546.98,159183.678
688290,2025-09-18,66.76,-0.005215,50366.81,341233.49
688291,2025-09-18,36.75,-0.011298999999999998,48819.15,183263.468
688292,2025-09-18,24.59,0.008199999999999999,63479.9,158102.6
688293,2025-09-18,52.51,-0.0026590000000000003,24562.9,129743.973
688295,2025-09-18,26.6,-0.010048,43167.95,116245.756
688296,2025-09-18,14.48,-0.019634,25354.01,37266.064
688297,2025-09-18,47.01,-0.015704,106170.81,508756.809
688298,2025-09-18,26.36,-0.021892000000000002,31273.14,83347.119
688299,2025-09-18,23.8,0.014924999999999999,354194.39,844029.729
688300,2025-09-18,56.6,0.039486,113791.79,644013.147
688301,2025-09-18,110.65,-0.029386000000000002,30196.73,341193.529
688302,2025-09-18,54.77,0.015199,26796.0,147476.362
688303,2025-09-18,29.63,-0.033908999999999995,265915.07,788147.979
688305,2025-09-18,64.34,-0.025741999999999998,49262.93,322538.924
688306,2025-09-18,14.95,0.052076000000000004,1186084.01,1790961.705
688307,2025-09-18,35.26,0.012055,89378.47,319219.327
688308,2025-09-18,23.3,0.010407999999999999,144135.31,336830.016
688309,2025-09-18,24.61,-0.007661,18311.88,45527.383
688310,2025-09-18,18.81,-0.031909,38448.69,73802.639
688311,2025-09-18,35.0,-0.028048000000000003,47291.14,169127.722
688312,2025-09-18,29.02,-0.015938,23693.26,69727.261
688313,2025-09-18,74.2,0.020633,392927.35,2914195.075
688314,2025-09-18,36.4,-0.019925,15035.43,55631.17
688315,2025-09-18,15.84,0.0006320000000000001,84426.21,135034.745
688316,2025-09-18,69.54,-0.003154,24883.64,175276.436
688317,2025-09-18,24.69,-0.016726,34040.26,85006.722
688318,2025-09-18,159.8,-0.065442,101893.88,1658516.954
688319,2025-09-18,27.19,-0.031695,124836.11,348668.757
688320,2025-09-18,51.12,-0.012937,124985.85,658245.46
688321,2025-09-18,32.8,-0.002433,149528.77,498413.233
688322,2025-09-18,91.98,-0.034735999999999996,247328.58,2343125.067
688323,2025-09-18,15.98,0.017834000000000003,90968.35,149031.609
688325,2025-09-18,86.4,0.107692,58129.14,485980.76
688326,2025-09-18,124.15,-0.033852,24792.23,316251.336
688327,2025-09-18,17.05,-0.009871999999999999,718520.77,1247784.258
688328,2025-09-18,28.05,0.024470000000000002,70286.51,196317.417
688329,2025-09-18,22.12,-0.008072000000000001,43767.47,96532.327
688330,2025-09-18,35.16,0.014426000000000001,63438.21,224669.491
688331,2025-09-18,104.6,0.007804,91996.48,983394.473
688332,2025-09-18,118.81,-0.018505,55096.76,656677.53
688333,2025-09-18,80.4,0.028264,135737.44,1101450.746
688334,2025-09-18,18.92,-0.014582999999999999,27637.15,52595.477
688335,2025-09-18,19.67,-0.08469099999999999,106922.3,220381.726
688336,2025-09-18,53.75,0.006366,55716.64,302749.766
688337,2025-09-18,38.43,0.0060209999999999994,52376.9,205402.264
688338,2025-09-18,26.82,-0.022951000000000003,14932.07,40524.809
688339,2025-09-18,27.62,0.133826,293127.68,809374.773
688343,2025-09-18,89.18,0.008367,287161.99,2633331.04
688345,2025-09-18,37.31,-0.008504000000000001,28521.42,107486.624
688347,2025-09-18,82.49,0.022307999999999998,366112.05,3065452.942
688348,2025-09-18,53.69,-0.028411,38569.56,209748.122
688349,2025-09-18,28.51,-0.014177,72033.47,205626.61
688350,2025-09-18,24.52,0.056897,73910.39,181320.726
688351,2025-09-18,22.76,-0.014719,77929.91,181831.469
688352,2025-09-18,12.6,0.021898,378448.78,482985.841
688353,2025-09-18,42.12,-0.028598,67270.73,287115.562
688355,2025-09-18,19.85,-0.041525999999999993,32075.48,65182.067
688356,2025-09-18,103.81,0.038203999999999995,25481.76,267669.734
688357,2025-09-18,35.11,0.005729,25700.22,90778.105
688358,2025-09-18,30.08,-0.016672,20269.61,61139.187
688359,2025-09-18,69.41,-0.022393999999999997,24323.01,170929.283
688360,2025-09-18,22.64,-0.015652,107351.87,247496.819
688361,2025-09-18,101.85,0.073914,134596.38,1361060.337
688362,2025-09-18,34.7,0.005506,203342.98,719580.715
688363,2025-09-18,56.31,-0.028803000000000002,57759.5,328429.844
688365,2025-09-18,15.2,-0.021879,108690.29,168188.328
688366,2025-09-18,53.2,-0.01845,11526.38,62054.232
688367,2025-09-18,21.07,0.060393,59198.46,122184.744
688368,2025-09-18,99.97,-0.011373,28256.41,286781.928
688369,2025-09-18,27.69,-0.016341,88512.6,250396.924
688370,2025-09-18,24.8,-0.023237,26166.78,65953.545
688371,2025-09-18,25.97,-0.014421,35158.88,93066.487
688372,2025-09-18,81.99,0.058072,143101.26,1177888.838
688373,2025-09-18,8.29,0.050697,409116.38,341108.865
688375,2025-09-18,75.36,0.018378000000000002,29857.54,226722.82
688376,2025-09-18,54.21,-0.005504,24123.02,132547.501
688377,2025-09-18,31.21,-0.0031940000000000002,20747.28,66145.486
688378,2025-09-18,27.77,0.0025269999999999997,185825.08,526814.026
688379,2025-09-18,48.54,-0.003081,36607.47,179817.965
688380,2025-09-18,34.43,0.020451,222558.33,774790.47
688381,2025-09-18,27.99,0.038976000000000004,175244.3,488507.522
688382,2025-09-18,34.32,-0.011805000000000001,128400.48,452048.741
688383,2025-09-18,77.79,-0.010053000000000001,19676.02,154092.72
688385,2025-09-18,63.15,0.004294,244020.09,1569530.339
688386,2025-09-18,79.72,-0.043207,23490.76,191385.672
688387,2025-09-18,6.47,-0.013720000000000001,414013.1,271484.535
688388,2025-09-18,33.12,-0.034402,382999.6,1299898.527
688389,2025-09-18,14.0,-0.009901,60635.51,85088.915
688390,2025-09-18,53.74,-0.018089,89020.69,482650.563
688391,2025-09-18,32.5,-0.008542,36345.12,119896.27
688392,2025-09-18,90.97,0.051555,50721.35,459204.02
688393,2025-09-18,27.58,-0.007914,26529.26,74797.45
688395,2025-09-18,25.6,-0.024762,16328.02,42319.744
688396,2025-09-18,50.49,0.015486999999999999,260237.04,1326518.147
688398,2025-09-18,20.36,-0.01117,42895.51,88892.43
688399,2025-09-18,67.14,-0.040583,31897.57,219127.846
688400,2025-09-18,50.02,0.12455,458539.62,2230517.372
688401,2025-09-18,48.15,0.074537,151744.9,726437.684
688403,2025-09-18,15.48,0.141593,948031.62,1485549.691
688408,2025-09-18,46.1,-0.023511999999999998,70311.93,329694.396
688409,2025-09-18,63.76,0.030048,124553.91,801651.875
688410,2025-09-18,14.79,-0.017928,53371.01,79806.58
688411,2025-09-18,198.6,-0.054286,38065.85,769998.871
688416,2025-09-18,45.39,-0.013474999999999999,42061.37,194509.238
688418,2025-09-18,30.84,-0.049908,106976.84,338148.22
688419,2025-09-18,29.8,-0.011936,32617.48,98836.107
688420,2025-09-18,25.44,-0.012421999999999999,10428.05,26830.453
688425,2025-09-18,5.47,-0.016187,530303.42,293537.488
688426,2025-09-18,27.66,-0.037913,19230.59,54701.061
688428,2025-09-18,27.0,0.003717,79891.34,217236.009
688429,2025-09-18,15.76,-0.033722,37175.08,59263.554
688432,2025-09-18,12.21,0.00082,167352.3,207462.529
688433,2025-09-18,59.5,0.038938,69074.63,407155.261
688435,2025-09-18,35.33,-0.019428,19973.53,71782.902
688439,2025-09-18,56.3,-0.010197000000000001,69919.34,402474.364
688443,2025-09-18,33.92,0.023537,67223.13,227266.586
688448,2025-09-18,46.81,0.034475,47323.55,222836.091
688449,2025-09-18,49.11,-0.025595,77019.89,386012.426
688450,2025-09-18,28.42,-0.018985000000000002,11125.16,31998.751
688455,2025-09-18,15.12,-0.021991999999999998,29815.09,45890.876
688456,2025-09-18,52.87,0.018101,35713.14,190381.667
688458,2025-09-18,44.05,-0.019368,54130.2,245962.93
688459,2025-09-18,10.3,-0.015296,37251.12,38692.483
688466,2025-09-18,21.5,-0.015117,14210.15,30683.844
688468,2025-09-18,7.85,-0.019975,74276.22,58817.184
688469,2025-09-18,5.7,0.0052910000000000006,2265250.28,1299169.272
688472,2025-09-18,11.7,-0.039409,782354.67,934060.379
688475,2025-09-18,33.85,-0.004412,64869.4,222042.529
688478,2025-09-18,38.21,-0.020256,34854.87,135227.042
688479,2025-09-18,19.39,-0.0010299999999999999,13227.55,25719.905
688480,2025-09-18,45.95,-0.026483,4003.26,18609.416
688484,2025-09-18,48.7,0.013739,130601.63,648314.778
688485,2025-09-18,13.49,-0.015328,20701.71,28196.085
688486,2025-09-18,70.63,0.020812,81909.79,583563.743
688488,2025-09-18,15.52,0.021724999999999998,127681.15,200089.653
688489,2025-09-18,49.75,-0.008767,22408.69,113530.775
688496,2025-09-18,9.61,-0.019388000000000002,54015.56,52610.838
688498,2025-09-18,390.11,0.031791,43181.57,1701465.159
688499,2025-09-18,72.27,-0.007962,145729.93,1067418.076
688500,2025-09-18,79.03,-0.048174999999999996,47560.24,382881.387
688501,2025-09-18,28.07,-0.02467,17044.85,48326.433
688502,2025-09-18,442.7,0.021788,21486.57,956414.071
688503,2025-09-18,61.57,-0.017239,196223.97,1213654.222
688505,2025-09-18,9.43,-0.026831999999999998,127796.14,123341.751
688506,2025-09-18,379.99,0.021478,17224.74,647425.296
688507,2025-09-18,100.69,-0.017659,35173.57,360257.033
688508,2025-09-18,67.49,-0.011859,98900.57,678275.035
688509,2025-09-18,4.53,-0.029979,95280.34,44018.211
688510,2025-09-18,24.33,0.005788,47089.62,116258.081
688511,2025-09-18,21.4,-0.026387999999999998,13676.85,29887.557
688512,2025-09-18,12.28,-0.021514000000000002,195024.74,247273.823
688513,2025-09-18,59.19,0.01806,32436.19,194197.909
688515,2025-09-18,115.77,0.0026850000000000003,38579.36,457353.022
688516,2025-09-18,50.0,-0.0065569999999999995,159530.16,805163.025
688517,2025-09-18,15.15,-0.020052,22118.44,33867.359
688518,2025-09-18,26.01,-0.022548,195191.52,516808.01
688519,2025-09-18,81.07,0.103594,115543.32,926311.453
688520,2025-09-18,58.58,-0.023178,52597.95,313366.318
688521,2025-09-18,175.0,0.012731,300515.54,5339271.192
688522,2025-09-18,43.61,-0.008638,56864.73,250318.961
688523,2025-09-18,22.67,-0.020734,52132.95,120597.686
688525,2025-09-18,77.84,-0.020880999999999997,347984.4,2768483.252
688526,2025-09-18,18.01,-0.020663,38786.59,70270.175
688528,2025-09-18,12.36,0.009804,39784.38,48680.711
688529,2025-09-18,21.11,-0.013551,57801.53,124053.777
688530,2025-09-18,18.58,-0.0138,33004.27,62148.096
688531,2025-09-18,59.78,0.031757,72388.09,436304.447
688533,2025-09-18,29.36,-0.017732,39410.67,117908.45
688535,2025-09-18,104.0,0.093471,99196.91,1027562.674
688536,2025-09-18,159.5,-0.002439,79040.18,1284184.779
688538,2025-09-18,2.82,-0.0070420000000000005,1637108.36,465816.629
688539,2025-09-18,33.88,-0.004993,40634.09,139811.554
688543,2025-09-18,49.82,0.029339,88262.33,437170.895
688545,2025-09-18,32.49,-0.006422,84910.07,282535.778
688548,2025-09-18,11.2,-0.035314,242316.95,274741.837
688549,2025-09-18,9.95,0.048472,1426551.31,1416079.808
688550,2025-09-18,45.48,-0.006987,52815.83,243729.6
688551,2025-09-18,40.31,-0.017547999999999998,23855.54,99029.253
688552,2025-09-18,34.82,-0.026014,83305.47,296931.934
688553,2025-09-18,25.71,0.048532,183327.41,476426.998
688556,2025-09-18,11.33,-0.047899000000000004,630915.05,733600.889
688557,2025-09-18,39.45,-0.013257000000000001,60365.66,244627.2
688558,2025-09-18,32.54,-0.032412,43089.55,142064.442
688559,2025-09-18,40.55,-0.040236999999999995,178048.14,734690.76
688560,2025-09-18,14.65,-0.025283000000000003,59136.28,87616.949
688561,2025-09-18,35.75,-0.015152,150427.14,550493.709
688562,2025-09-18,17.31,-0.023689,56316.41,99568.788
688563,2025-09-18,53.16,-0.013363,24639.82,132082.026
688565,2025-09-18,10.01,-0.035644999999999996,24939.96,25378.123
688566,2025-09-18,36.51,-0.00788,44380.95,165056.62
688567,2025-09-18,21.4,0.023923,557576.05,1205703.761
688568,2025-09-18,41.23,-0.038704,208461.06,888632.15
688569,2025-09-18,21.88,-0.021467,17125.46,37787.589
688570,2025-09-18,19.8,-0.015905,27080.71,54064.527
688571,2025-09-18,7.97,-0.031591999999999995,53207.52,42953.114
688573,2025-09-18,29.5,-0.012056,67689.71,202920.08
688575,2025-09-18,14.79,-0.012024,50562.01,75516.263
688576,2025-09-18,65.88,-0.018182,5056.47,33634.416
688577,2025-09-18,112.79,-0.061257,34668.56,400480.806
688578,2025-09-18,107.5,-0.007387,60354.69,654158.023
688579,2025-09-18,12.11,-0.017044999999999998,97497.13,120329.899
688580,2025-09-18,51.03,-0.022039,19459.8,101463.165
688581,2025-09-18,72.5,-0.015213,10574.3,77827.673
688582,2025-09-18,80.14,0.014816000000000001,112069.62,904104.309
688583,2025-09-18,100.47,-0.007213000000000001,13540.68,137929.518
688584,2025-09-18,24.67,0.00407,106476.48,265674.607
688585,2025-09-18,91.0,-0.014085,120795.52,1130401.384
688586,2025-09-18,10.73,-0.016499,92877.61,101033.073
688588,2025-09-18,18.4,-0.033613,214695.28,404274.521
688589,2025-09-18,25.38,-0.026094,90660.71,234677.076
688590,2025-09-18,22.43,-0.03319,133273.03,306507.837
688591,2025-09-18,52.43,0.00019099999999999998,131403.98,701014.323
688592,2025-09-18,47.45,0.007645,35674.31,171131.238
688593,2025-09-18,25.27,0.058651,357454.1,929547.121
688595,2025-09-18,38.99,-0.013661000000000001,68258.98,272243.543
688596,2025-09-18,36.78,-0.01684,144926.03,541368.923
688597,2025-09-18,8.06,-0.030084,84833.76,69434.607
688598,2025-09-18,35.85,-0.012397,116763.99,432857.383
688599,2025-09-18,16.7,-0.04133200000000001,482441.22,818006.74
688600,2025-09-18,21.97,0.013375999999999999,23439.39,51423.352
688601,2025-09-18,42.19,-0.012868999999999998,61883.09,265895.201
688602,2025-09-18,8.44,-0.018605,150455.1,129878.705
688603,2025-09-18,79.2,-0.019802,27012.73,218135.406
688605,2025-09-18,64.93,0.00823,62988.67,412755.482
688606,2025-09-18,67.09,-0.014542,7364.25,49782.486
688607,2025-09-18,28.47,-0.020977000000000003,26688.85,77058.13
688608,2025-09-18,260.88,-0.012118,80973.18,2156827.628
688609,2025-09-18,10.62,-0.002817,273129.66,294455.903
688610,2025-09-18,68.51,-0.014245,10712.34,74371.279
688611,2025-09-18,41.86,-0.034594,35737.6,153600.376
688612,2025-09-18,39.0,-0.037512,39552.26,156568.122
688613,2025-09-18,26.9,-0.032374,101600.19,279685.241
688615,2025-09-18,160.28,-0.020952000000000002,16987.45,275868.193
688616,2025-09-18,13.6,-0.013062,35277.68,48353.067
688617,2025-09-18,303.75,0.0070279999999999995,13273.68,404595.149
688618,2025-09-18,26.35,-0.014584999999999999,20716.81,55809.785
688619,2025-09-18,15.57,0.003222,47454.7,74614.607
688620,2025-09-18,13.41,-0.028965,180899.52,249301.695
688621,2025-09-18,79.58,0.013758,51574.87,416694.141
688622,2025-09-18,106.01,9.400000000000001e-05,17500.0,191989.417
688623,2025-09-18,67.28,-0.012910999999999999,3392.88,22970.211
688625,2025-09-18,31.7,-0.004084,14438.84,46135.128
688626,2025-09-18,55.86,-0.048056999999999996,32683.58,188313.818
688627,2025-09-18,144.41,0.011275,68940.65,1015613.426
688628,2025-09-18,35.88,-0.01994,31522.39,114101.516
688629,2025-09-18,106.21,0.199977,422650.47,4215660.625
688630,2025-09-18,156.0,0.075862,132509.13,2034562.731
688631,2025-09-18,84.5,-0.023686,41082.14,350889.81
688633,2025-09-18,26.11,-0.007224,21120.71,55888.851
688636,2025-09-18,34.53,0.013798999999999999,69639.87,246010.459
688638,2025-09-18,44.23,-0.019725,12515.37,56099.969
688639,2025-09-18,33.2,-0.031788,84957.74,288389.741
688646,2025-09-18,31.8,-0.013342,19332.6,62291.42
688648,2025-09-18,67.4,-0.021771,61270.64,428709.527
688651,2025-09-18,37.44,-0.032058,30245.53,115525.295
688652,2025-09-18,79.69,0.030918,86345.19,695505.902
688653,2025-09-18,13.25,-0.003759,147330.23,198647.274
688655,2025-09-18,22.1,-0.013833,58789.99,131267.418
688656,2025-09-18,171.0,0.014716,13750.22,231983.675
688657,2025-09-18,54.06,-0.027173,12932.96,71731.773
688658,2025-09-18,24.11,-0.021112000000000002,139166.89,349970.116
688659,2025-09-18,10.66,-0.012048000000000001,45359.22,48636.94
688660,2025-09-18,19.29,-0.021804999999999998,416527.76,827250.137
688661,2025-09-18,43.16,-0.012357,45259.82,198209.871
688662,2025-09-18,48.17,0.008162,54208.28,260162.056
688663,2025-09-18,37.83,-0.043973000000000005,60848.39,233345.688
688665,2025-09-18,64.14,-0.047237,43521.54,288698.199
688667,2025-09-18,67.8,-0.028652999999999998,10656.48,73754.296
688668,2025-09-18,113.39,0.03458,87572.13,994056.669
688669,2025-09-18,23.53,-0.013416999999999998,16488.16,39160.353
688670,2025-09-18,15.58,-0.02625,12067.68,19029.745
688671,2025-09-18,21.56,-0.023108,10387.51,22645.644
688676,2025-09-18,54.91,-0.014006000000000001,172497.56,955205.935
688677,2025-09-18,46.6,-0.009564,19565.85,91843.277
688678,2025-09-18,32.03,0.012966,222777.27,722188.418
688679,2025-09-18,17.5,0.000572,39794.59,70255.586
688680,2025-09-18,51.52,0.007234000000000001,43951.12,228645.09
688681,2025-09-18,17.16,-0.0075190000000000005,24848.93,42922.236
688682,2025-09-18,29.0,-0.028475999999999998,22765.3,67135.494
688683,2025-09-18,36.28,-0.052494,23981.49,88918.066
688685,2025-09-18,64.02,0.035922,75635.25,482755.549
688686,2025-09-18,147.99,-0.009769,20297.86,306943.438
688687,2025-09-18,30.09,0.006691,86283.54,263594.134
688689,2025-09-18,27.85,0.002159,47660.07,133595.736
688690,2025-09-18,26.53,-0.021394000000000003,67326.5,181963.64
688691,2025-09-18,75.34,0.042913,118180.68,913582.435
688692,2025-09-18,265.42,-0.009627,29329.75,790775.571
688693,2025-09-18,36.57,-0.02532,26257.52,98259.993
688695,2025-09-18,30.16,-0.002646,25967.67,80009.768
688696,2025-09-18,126.15,-0.007474,14134.71,179401.408
688697,2025-09-18,15.63,-0.020676999999999997,95453.37,151711.431
688698,2025-09-18,77.8,0.07756199999999999,170573.1,1321934.274
688699,2025-09-18,38.4,-0.020408,24948.7,97314.98
688700,2025-09-18,40.8,0.004431,106503.58,436701.772
688701,2025-09-18,9.04,0.0,34227.15,31094.718
688702,2025-09-18,137.6,-0.001814,86758.61,1242098.215
688707,2025-09-18,15.34,-0.02665,109622.84,170757.878
688708,2025-09-18,68.84,-0.020489,16085.14,113149.642
688709,2025-09-18,49.01,-0.008898,173805.44,872186.971
688710,2025-09-18,46.24,-0.01302,39745.81,189044.058
688711,2025-09-18,27.3,-0.053726,165711.13,466520.183
688716,2025-09-18,49.61,-0.021884999999999998,130971.84,660377.261
688717,2025-09-18,74.95,-0.018594,47635.82,360991.342
688718,2025-09-18,15.47,-0.012133,21680.84,33921.186
688719,2025-09-18,38.2,-0.019507,29423.03,114689.88
688720,2025-09-18,48.88,0.040443,80720.52,399773.332
688721,2025-09-18,50.45,-0.007476,36065.45,185117.576
688722,2025-09-18,19.91,-0.022102,109200.0,221790.571
688726,2025-09-18,47.25,-0.009018,22328.58,106031.784
688728,2025-09-18,16.32,0.011152,264496.5,432754.568
688729,2025-09-18,28.25,0.009649999999999999,266321.89,759563.04
688733,2025-09-18,27.96,0.019322,152923.87,428562.368
688737,2025-09-18,21.48,-0.038925999999999995,27656.99,60691.542
688739,2025-09-18,27.17,-0.012359,23049.46,63267.254
688750,2025-09-18,21.01,-0.039323000000000004,56954.91,122142.97
688755,2025-09-18,46.0,-0.016884,11498.62,53517.054
688757,2025-09-18,30.85,-0.0025859999999999998,37527.66,117679.426
688758,2025-09-18,18.22,-0.006000999999999999,32695.96,60326.843
688766,2025-09-18,102.31,-0.026639,222704.65,2309031.983
688767,2025-09-18,42.68,-0.03548,40470.09,177268.666
688768,2025-09-18,49.09,-0.016627,18909.7,94768.729
688772,2025-09-18,21.8,-0.025045,384982.49,858281.298
688775,2025-09-18,328.04,0.051141,56074.75,1798510.223
688776,2025-09-18,86.38,-0.029329,32579.16,283883.252
688777,2025-09-18,50.96,-0.012402999999999999,302529.07,1560684.577
688778,2025-09-18,80.69,0.016119,197728.03,1611051.457
688779,2025-09-18,7.19,-0.041333,654830.76,477926.68
688786,2025-09-18,26.94,-0.034062,28799.02,79102.86
688787,2025-09-18,123.86,-0.006338,32129.79,406082.52
688788,2025-09-18,56.98,0.0028160000000000004,64668.94,375695.829
688789,2025-09-18,74.62,-0.011525,33248.22,252225.653
688793,2025-09-18,30.59,-0.025796,15584.5,48493.705
688798,2025-09-18,88.45,0.008206999999999999,79853.76,705957.715
688799,2025-09-18,58.72,0.013812,57111.26,336839.136
688800,2025-09-18,81.02,-0.013154999999999998,168323.65,1383000.367
688819,2025-09-18,31.2,-0.012658,75950.72,239480.932
688981,2025-09-18,122.15,0.040549,1931567.78,23495279.107
689009,2025-09-18,68.06,-0.032139,207100.18,1437821.184
920779,2025-09-18,42.71,-0.035892,21833.46,94978.825
920809,2025-09-18,6.14,-0.012862,287883.31,178959.458
920832,2025-09-18,8.86,0.002262,65822.98,58797.389
920839,2025-09-18,43.42,-0.054237,41776.08,186599.479
920879,2025-09-18,25.18,-0.019852,26440.15,67405.592
920896,2025-09-18,23.58,-0.027629,54630.97,132619.72
920946,2025-09-18,11.48,-0.014592,36769.83,42699.27
920964,2025-09-18,8.2,0.002445,66573.1,55079.752
920974,2025-09-18,9.28,-0.013815,97760.87,93036.158
920010,2025-09-18,13.15,-0.012763,43662.1,58163.849
920039,2025-09-18,14.11,-0.026897,47429.25,67721.59
920087,2025-09-18,16.66,-0.015366,38706.84,65339.993
920152,2025-09-18,20.86,-0.014178,20737.57,43628.493
920267,2025-09-18,30.1,0.001331,22642.81,69043.389
920375,2025-09-18,17.68,-0.0056240000000000005,39925.2,71213.275
920195,2025-09-18,20.59,0.001459,36380.91,76195.219
920378,2025-09-18,13.47,0.062303,115405.33,154365.356
920304,2025-09-18,14.13,-0.024171,28471.72,40575.725
920405,2025-09-18,22.32,-0.021482,32545.31,74154.701
920370,2025-09-18,5.52,0.065637,461523.93,257626.355
920496,2025-09-18,11.74,-0.011785,51233.32,61130.97
920526,2025-09-18,31.13,0.029772,27480.87,85798.805
920627,2025-09-18,28.3,-0.012561,32431.6,92719.307
920641,2025-09-18,21.73,0.045214,75283.83,163781.65
920689,2025-09-18,39.65,-0.008998,16166.55,64827.49
920726,2025-09-18,20.68,-0.013359000000000001,17872.04,37265.44
920768,2025-09-18,13.92,-0.03801,70167.64,99564.343
920932,2025-09-18,27.78,-0.023207,84810.99,248072.766
920834,2025-09-18,26.0,0.3,141744.7,331536.376
920855,2025-09-18,22.59,-0.036674000000000005,24888.03,57113.033
920856,2025-09-18,21.71,-0.02733,30741.34,68102.295
920906,2025-09-18,34.19,-0.031445,62485.76,219093.137
920000,2025-09-18,26.8,0.089431,146973.78,380716.095
920023,2025-09-18,4.76,0.002105,208253.85,100015.549
920089,2025-09-18,18.56,-0.012766,45498.35,85699.621
920110,2025-09-18,42.41,-0.020554000000000003,11714.68,50101.43
920145,2025-09-18,23.78,0.001263,21685.5,52073.671
920249,2025-09-18,16.0,-0.014778,103988.44,169089.836
920171,2025-09-18,28.39,-0.030727,35846.33,102460.547
920175,2025-09-18,13.06,0.013975,53908.93,70905.947
920225,2025-09-18,23.95,0.001673,37549.41,90909.352
920278,2025-09-18,10.91,-0.009982,25745.34,28480.498
920419,2025-09-18,19.6,-0.022444000000000002,22174.52,43989.631
920469,2025-09-18,16.16,-0.019417,77375.12,127398.266
920471,2025-09-18,16.07,-0.017124999999999998,27023.67,44285.751
920491,2025-09-18,34.79,0.005491,141847.3,498615.165
920522,2025-09-18,69.78,-0.003,51291.47,361362.354
920566,2025-09-18,13.08,-0.013574999999999999,39888.13,52797.922
920651,2025-09-18,36.12,0.011765000000000001,18488.59,66825.912
920662,2025-09-18,36.99,0.041678,55879.65,204071.765
920735,2025-09-18,38.99,0.0015409999999999998,31969.53,125923.34
920786,2025-09-18,10.63,-0.020276000000000002,85026.71,91489.365
920802,2025-09-18,20.59,0.016288,55863.68,117737.339
920876,2025-09-18,32.9,-0.009035999999999999,29271.83,98175.712
920885,2025-09-18,21.53,0.0009299999999999999,44540.44,96832.394
920978,2025-09-18,42.8,0.019533000000000002,124673.82,528910.854
920982,2025-09-18,298.48,-0.004137,6763.58,202523.978
920130,2025-09-18,29.45,-0.008084000000000001,15853.2,47066.127
920075,2025-09-18,32.4,-0.01699,17477.22,57368.396
920571,2025-09-18,10.43,-0.031569,217041.82,229168.946
920230,2025-09-18,16.8,-0.007092,22245.45,37699.449
920266,2025-09-18,11.0,-0.009009,33269.37,37021.737
920284,2025-09-18,26.42,-0.047584999999999995,57399.89,156025.262
920346,2025-09-18,31.39,-0.007274,37867.63,120373.408
920394,2025-09-18,41.17,-0.029009,21530.92,89826.71
920427,2025-09-18,16.39,0.0,36377.55,60268.858
920429,2025-09-18,20.55,0.008342,20172.52,41085.915
920454,2025-09-18,21.75,0.014459,60391.51,132526.28
920455,2025-09-18,11.16,0.036212,55537.44,62011.703
920509,2025-09-18,33.52,0.017299,83307.82,277246.115
920523,2025-09-18,30.95,-0.02673,54447.77,170531.201
920533,2025-09-18,40.82,0.026402000000000002,164001.49,687824.231
920575,2025-09-18,16.25,-0.017533,36346.42,59441.907
920580,2025-09-18,18.08,0.000553,73330.68,134517.397
920751,2025-09-18,24.28,-0.034592,63154.14,161316.8
920781,2025-09-18,10.97,-0.006341,50935.84,56994.49
920873,2025-09-18,7.87,-0.007566000000000001,72000.75,57692.638
920914,2025-09-18,38.56,0.0075780000000000005,28855.42,111298.446
920943,2025-09-18,26.67,-0.014777,19281.78,52212.578
920014,2025-09-18,14.78,0.031403,55332.15,82520.87
920021,2025-09-18,7.35,-0.001359,150176.8,111786.381
920033,2025-09-18,19.51,-0.03368,22830.53,45207.585
920058,2025-09-18,42.6,0.038771,42318.07,183977.353
920062,2025-09-18,11.91,-0.013255999999999999,55688.74,67303.325
920261,2025-09-18,16.32,-0.010909,29151.3,48340.141
920407,2025-09-18,24.25,0.08842,107460.45,270659.31
920415,2025-09-18,18.17,-0.03505,71900.2,131486.25
920475,2025-09-18,22.42,0.000893,34745.85,78345.435
920599,2025-09-18,20.17,-0.016097999999999998,57799.05,117861.679
920639,2025-09-18,9.13,0.005507,52354.98,48134.694
920765,2025-09-18,25.15,0.026531,44751.39,109953.559
920770,2025-09-18,20.4,-0.034091,71578.17,148297.047
920950,2025-09-18,23.32,-0.017692,15130.72,36049.15
920174,2025-09-18,56.28,-0.003717,25327.87,143598.019
920179,2025-09-18,36.47,-0.0008219999999999999,37195.25,138275.428
920184,2025-09-18,23.16,-0.054694,77670.23,181980.775
920185,2025-09-18,31.11,-0.015505999999999999,173438.3,544557.62
920207,2025-09-18,27.86,0.050528,60762.86,168929.385
920237,2025-09-18,29.92,-0.010255,50163.01,150529.541
920305,2025-09-18,13.25,-0.045389,53667.44,72413.544
920368,2025-09-18,30.41,-0.036439,56100.89,173884.041
920438,2025-09-18,52.4,0.001529,85859.57,447642.247
920508,2025-09-18,29.03,-0.020911,16993.77,50686.587
920579,2025-09-18,28.23,0.002842,24704.18,70207.664
920640,2025-09-18,30.96,0.069061,167777.59,511862.904
920670,2025-09-18,17.07,-0.0075580000000000005,70558.89,124076.871
920057,2025-09-18,8.02,0.024266,103381.32,83176.039
920992,2025-09-18,22.88,-0.004785,27274.08,62489.159
920985,2025-09-18,9.69,-0.006154,43725.24,42521.954
920077,2025-09-18,14.68,-0.012113,77896.39,117027.424
920149,2025-09-18,15.5,-0.013367,24114.11,38084.814
920208,2025-09-18,27.04,-0.018154999999999998,17325.78,47312.334
920221,2025-09-18,22.25,-0.014178,37234.48,84981.024
920239,2025-09-18,36.99,-0.032182,58706.59,220993.781
920247,2025-09-18,33.28,-0.043678,90225.36,305695.601
920260,2025-09-18,14.05,-0.007067,17421.92,24683.204
920263,2025-09-18,15.99,-0.009907000000000001,49650.33,80494.431
920270,2025-09-18,21.86,-0.026281,60791.84,133757.803
920395,2025-09-18,15.34,-0.016667,28996.33,45207.179
920414,2025-09-18,15.3,-0.021739,31393.74,48870.506
920519,2025-09-18,14.91,-0.013236000000000001,19627.44,29616.093
920422,2025-09-18,15.93,0.020499999999999997,63021.24,99963.539
920433,2025-09-18,7.18,0.002793,52818.84,38414.572
920504,2025-09-18,30.43,-0.003275,11727.35,35959.321
920547,2025-09-18,28.47,-0.028990000000000002,20272.81,59202.813
920675,2025-09-18,12.41,-0.012728999999999999,20738.09,26094.358
920699,2025-09-18,61.47,0.026039,17086.1,105685.589
920717,2025-09-18,13.48,-0.002221,25024.8,33773.161
920720,2025-09-18,17.15,0.002924,81589.94,142169.043
920807,2025-09-18,18.62,-0.042674000000000004,105541.7,198239.951
920826,2025-09-18,14.32,0.013447,129096.67,183630.453
920871,2025-09-18,19.73,-0.039435,69635.57,145604.338
920892,2025-09-18,18.59,-0.039276,38175.1,71835.35
920942,2025-09-18,42.1,-0.0070750000000000006,18127.3,77245.214
920957,2025-09-18,16.08,-0.020706000000000002,23982.63,38902.782
920061,2025-09-18,37.54,-0.035457,18871.88,72146.501
920006,2025-09-18,28.8,-0.042234999999999995,27923.68,82616.602
920123,2025-09-18,18.71,-0.016298999999999998,27236.64,51426.96
920046,2025-09-18,15.76,-0.010672,20744.9,32648.404
920092,2025-09-18,42.68,-0.000468,19463.86,84182.703
920274,2025-09-18,37.16,-0.004287,45399.05,170318.913
920212,2025-09-18,17.1,-0.003497,28243.14,48872.912
920242,2025-09-18,37.94,0.009848,21366.6,83631.597
920344,2025-09-18,28.65,-0.027164999999999998,22086.42,64977.512
920403,2025-09-18,25.75,-0.014165,42635.64,110950.755
920592,2025-09-18,46.92,-0.040491,25871.2,123074.335
920663,2025-09-18,23.42,0.005582,43384.16,102955.368
920748,2025-09-18,56.12,-0.040684,16856.24,96001.462
920821,2025-09-18,31.0,-0.013052999999999999,29211.57,91662.289
920030,2025-09-18,9.88,0.3,369762.51,347641.128
920163,2025-09-18,17.85,-0.019769000000000002,20500.31,37080.771
920271,2025-09-18,19.51,0.016675,53282.52,103166.014
920227,2025-09-18,64.45,-0.0018579999999999998,8300.75,53278.623
920262,2025-09-18,27.85,-0.008897,21100.97,58887.055
920275,2025-09-18,10.95,0.009217,28320.11,31214.301
920402,2025-09-18,11.84,0.00254,71427.21,84961.989
920870,2025-09-18,21.94,-0.038563,68783.63,154219.933
920701,2025-09-18,20.66,-0.025472,27417.88,57454.871
920810,2025-09-18,17.14,-0.009821,65018.7,114484.441
920837,2025-09-18,19.68,0.022869,76599.76,148004.398
920924,2025-09-18,28.25,0.019119999999999998,46334.23,132389.583
920971,2025-09-18,38.0,0.001054,41088.12,157586.402
920273,2025-09-18,39.99,-0.031015,34191.47,138637.221
920371,2025-09-18,11.72,0.008606,40501.19,47332.298
920493,2025-09-18,158.2,0.005594,22635.76,361117.888
920719,2025-09-18,17.1,-0.022298,68064.66,117812.038
920725,2025-09-18,28.51,-0.004190999999999999,23212.18,66592.719
920729,2025-09-18,10.58,0.017308,42010.39,44234.152
920790,2025-09-18,48.45,-0.049067999999999994,35849.63,176018.197
920792,2025-09-18,13.72,-0.022096,41658.39,58076.71
920146,2025-09-18,11.45,0.043756,267032.11,315294.741
920199,2025-09-18,39.53,-0.025875,18270.96,73674.76
920204,2025-09-18,22.25,-0.029232,28266.73,63660.468
920299,2025-09-18,19.18,-0.017418,17893.33,34727.61
920357,2025-09-18,26.26,-0.010177,26857.83,71648.088
920436,2025-09-18,21.37,0.020535,38299.56,82412.428
920608,2025-09-18,25.11,-0.023337,35329.58,89653.051
920656,2025-09-18,19.28,-0.009250000000000001,16791.98,32711.243
920926,2025-09-18,20.59,-0.033333,32749.37,69587.189
920866,2025-09-18,10.04,-0.003968,29655.99,30071.034
920976,2025-09-18,27.83,-0.017301999999999998,18575.8,52151.476
920245,2025-09-18,33.57,-0.035345,14615.91,50037.521
920363,2025-09-18,21.2,0.021195,68121.38,149940.797
920396,2025-09-18,31.92,-0.016635999999999998,18673.17,60412.312
920578,2025-09-18,32.61,0.034581,50633.95,167492.413
920553,2025-09-18,12.26,-0.033123,75568.59,93623.438
920634,2025-09-18,32.74,-0.070678,51420.98,170531.545
920642,2025-09-18,16.12,-0.011043,30985.93,50701.1
920694,2025-09-18,21.92,-0.019678,20644.7,45877.145
920753,2025-09-18,27.26,-0.008006,14232.35,39064.472
920857,2025-09-18,27.58,-0.097513,96387.37,289223.504
920970,2025-09-18,10.58,-0.018553,53589.17,57205.511
920981,2025-09-18,40.7,0.021330000000000002,39519.59,161001.281
920190,2025-09-18,30.65,-0.028834,32101.78,100299.741
920351,2025-09-18,29.28,-0.032066,48807.58,143845.534
920374,2025-09-18,31.1,0.020007,17752.06,55218.993
920392,2025-09-18,36.18,0.02319,9650.24,34630.447
920541,2025-09-18,16.7,0.004209,38691.55,65375.388
920808,2025-09-18,94.02,-0.025699,53615.1,523169.845
920895,2025-09-18,26.31,-0.003786,14324.6,37989.073
920925,2025-09-18,30.15,-0.016313,10759.56,32474.185
920931,2025-09-18,18.66,-0.020472,18531.97,34894.771
920953,2025-09-18,37.03,-0.011742999999999998,24421.97,91874.306
920001,2025-09-18,24.22,-0.017843,43761.1,106433.706
920122,2025-09-18,42.26,-0.022438,9377.43,39984.924
920132,2025-09-18,22.56,0.0031119999999999997,15478.21,34685.114
920252,2025-09-18,35.11,0.025109,159214.78,555871.614
920367,2025-09-18,24.73,0.021057000000000003,39148.74,99011.417
920169,2025-09-18,30.66,-0.027901,23799.13,74385.848
920223,2025-09-18,20.81,-0.008103,93549.89,199083.278
920505,2025-09-18,53.65,-0.047239,16608.61,91267.046
920339,2025-09-18,10.35,0.0,12574.19,13009.929
920527,2025-09-18,20.85,-0.007614999999999999,15410.83,32606.926
920570,2025-09-18,42.8,-0.023723,19730.69,86996.689
920576,2025-09-18,30.4,-0.013947000000000001,11874.14,36294.338
920593,2025-09-18,43.2,-0.019740999999999998,112015.43,495430.042
920665,2025-09-18,15.04,-0.013123000000000001,20650.39,31506.322
920679,2025-09-18,25.39,-0.011678,23298.38,60221.372
920690,2025-09-18,34.5,-0.014286,45456.84,155341.579
920693,2025-09-18,49.2,-0.022258,30315.82,150451.094
920703,2025-09-18,16.14,-0.009816,15161.44,24744.708
920706,2025-09-18,25.0,0.012145999999999999,32546.95,80615.301
920026,2025-09-18,40.3,-0.053545999999999996,32790.32,135026.384
920806,2025-09-18,15.35,-0.019796,56444.14,87915.297
920833,2025-09-18,23.45,-0.027374999999999997,31448.13,74370.952
920002,2025-09-18,124.85,0.005072,19182.11,241183.41
920005,2025-09-18,50.65,-0.007252,12880.86,65592.927
920007,2025-09-18,75.38,-0.016440999999999997,4177.97,31847.599
920008,2025-09-18,32.5,-0.016046,15032.73,49606.645
920016,2025-09-18,22.99,-0.027084,16455.05,38405.068
920018,2025-09-18,32.2,-0.012876,14163.4,46032.3
920019,2025-09-18,24.03,-0.0388,47200.1,114764.813
920027,2025-09-18,29.47,-0.017011000000000002,17297.17,51363.631
920029,2025-09-18,93.12,-0.013455,12188.73,114252.734
920037,2025-09-18,87.15,-0.035204,12314.63,108775.064
920056,2025-09-18,30.0,0.010101,34296.27,103046.371
920060,2025-09-18,37.87,-0.008639,74795.01,286874.345
920066,2025-09-18,31.56,0.0012690000000000002,8712.96,27712.27
920068,2025-09-18,19.97,-0.006962,33155.18,66548.994
920082,2025-09-18,21.11,-0.005183999999999999,24882.75,52983.401
920088,2025-09-18,37.08,-0.029064999999999997,30174.52,112583.649
920098,2025-09-18,32.18,0.004997,12327.49,39807.283
920099,2025-09-18,29.8,-0.021345999999999997,11338.56,34056.031
920100,2025-09-18,82.37,-0.046423,58102.8,489272.279
920101,2025-09-18,47.76,-0.007069,8931.57,42887.11
920106,2025-09-18,94.9,-0.010530999999999999,7378.35,70590.859
920108,2025-09-18,17.3,-0.011429,24362.82,42622.148
920111,2025-09-18,28.89,-0.01433,21518.84,62831.414
920112,2025-09-18,41.71,-0.01208,18041.93,76196.728
920116,2025-09-18,70.68,-0.012159,18941.71,135468.437
920118,2025-09-18,28.72,0.001046,21452.2,62515.568
920128,2025-09-18,32.69,-0.01625,10391.95,34440.261
920167,2025-09-18,20.4,-0.027181999999999998,27572.1,56933.975
920445,2025-09-18,12.02,0.003339,38858.63,47241.901
920489,2025-09-18,22.81,-0.011698,89451.34,205907.203
920682,2025-09-18,10.26,-0.007737000000000001,58060.74,60268.653
920799,2025-09-18,58.24,-0.042105,58174.81,343669.66
920819,2025-09-18,4.49,-0.017505,230867.94,105927.029
