symbol,date,close,ret,vol,amount
000001,2025-12-02,11.64,-0.004277,768059.93,894720.592
000002,2025-12-02,5.2,0.0,1686909.29,880080.038
000004,2025-12-02,11.99,-0.029935,65910.5,79681.654
000006,2025-12-02,10.14,-0.027804000000000002,331722.23,339322.049
000007,2025-12-02,10.79,-0.00736,231737.82,248304.619
000008,2025-12-02,3.12,0.006452,529665.85,164271.673
000009,2025-12-02,10.11,-0.012695000000000001,253929.85,255922.277
000010,2025-12-02,3.94,0.002545,201983.0,79446.225
000011,2025-12-02,9.61,-0.007231,60610.0,58096.929
000012,2025-12-02,4.77,0.008457,143491.87,68121.584
000014,2025-12-02,15.2,-0.034307,148923.76,226722.23
000016,2025-12-02,5.3,-0.013035000000000001,248368.0,131854.171
000017,2025-12-02,7.88,0.014157,385982.38,303714.751
000019,2025-12-02,7.32,0.022345999999999998,236929.4,171341.165
000020,2025-12-02,16.11,-0.030102000000000004,89593.0,145157.671
000021,2025-12-02,23.98,-0.025598999999999997,478280.81,1151785.88
000025,2025-12-02,19.94,0.007070999999999999,233933.26,463536.101
000026,2025-12-02,15.22,-0.018065,34735.0,53062.375
000027,2025-12-02,6.67,-0.001497,108558.92,72313.405
000028,2025-12-02,25.2,0.004384,27152.76,68387.409
000029,2025-12-02,23.78,-0.022606,30914.13,74028.91
000030,2025-12-02,5.61,0.008993,102563.43,57578.392
000031,2025-12-02,3.14,0.012903,207481.0,64677.168
000032,2025-12-02,19.9,-0.013875,98239.65,195534.136
000034,2025-12-02,41.13,-0.003392,207259.56,857823.368
000035,2025-12-02,5.55,-0.008929,112161.36,62302.643
000036,2025-12-02,4.78,0.008439,1406230.5,676464.911
000037,2025-12-02,8.88,-0.008929,70368.93,62309.094
000039,2025-12-02,8.95,-0.005556,401538.51,359564.843
000042,2025-12-02,8.43,0.031824,107367.43,89428.73
000045,2025-12-02,12.43,-0.012707999999999999,44195.0,54955.318
000048,2025-12-02,13.17,-0.012744,143469.98,189062.915
000049,2025-12-02,29.6,0.000676,462180.35,1368893.176
000050,2025-12-02,9.18,-0.012903,180670.88,166258.612
000055,2025-12-02,4.24,0.0,86815.47,36669.805
000056,2025-12-02,2.4,0.0,255991.86,60920.83
000058,2025-12-02,9.39,-0.009494,65900.12,61907.19
000059,2025-12-02,5.18,-0.005758,172618.01,89719.055
000060,2025-12-02,5.28,-0.00565,756921.23,397891.158
000061,2025-12-02,9.49,-0.016579999999999998,136142.45,129413.847
000062,2025-12-02,25.56,-0.017301,74916.63,192385.905
000063,2025-12-02,45.5,-0.017279,4380023.05,20271708.396
000065,2025-12-02,12.6,0.013677,372771.35,467854.838
000066,2025-12-02,14.81,-0.017253,368175.49,546749.341
000068,2025-12-02,3.73,-0.005333,131199.86,48705.492
000069,2025-12-02,2.72,0.022556,1194968.32,322418.343
000070,2025-12-02,14.74,0.038759999999999996,2856857.49,4161996.839
000078,2025-12-02,4.11,0.09893,2305328.6,927974.888
000088,2025-12-02,4.47,0.006757,210059.58,93613.373
000089,2025-12-02,6.99,0.0072050000000000005,108458.13,75582.841
000090,2025-12-02,4.06,-0.002457,375376.77,151446.887
000096,2025-12-02,11.02,0.003643,59482.21,65257.422
000099,2025-12-02,20.61,-0.000969,76595.48,157354.728
000100,2025-12-02,4.17,-0.007143,1921660.77,801958.904
000151,2025-12-02,12.93,0.0031030000000000003,40866.5,52646.188
000153,2025-12-02,6.76,0.005952,69037.4,46293.452
000155,2025-12-02,12.04,-0.029815,283538.41,342858.851
000156,2025-12-02,7.8,-0.007633999999999999,79885.0,62209.179
000157,2025-12-02,8.18,0.012376,444474.83,361794.341
000158,2025-12-02,21.51,-0.020045999999999998,428855.34,928118.65
000159,2025-12-02,5.93,0.003384,185451.83,109125.261
000166,2025-12-02,5.12,-0.011583000000000001,649117.65,333123.443
000301,2025-12-02,9.72,0.010395000000000001,275626.66,270666.039
000333,2025-12-02,81.56,0.0195,378049.31,3071966.512
000338,2025-12-02,17.11,-0.014967999999999999,483936.34,828747.589
000400,2025-12-02,25.41,-0.018161,121981.72,310772.218
000401,2025-12-02,4.6,0.004366999999999999,94159.58,43105.609
000402,2025-12-02,2.86,0.003509,228692.56,65058.808
000403,2025-12-02,14.75,-0.023178999999999998,80350.39,119449.728
000404,2025-12-02,6.93,0.004348,75415.0,52244.52
000407,2025-12-02,5.09,0.034553,1363107.19,684430.997
000408,2025-12-02,63.07,0.002384,143745.7,901243.712
000409,2025-12-02,12.03,0.0058530000000000006,176001.89,208249.511
000410,2025-12-02,7.56,0.005319000000000001,398561.53,302635.37
000411,2025-12-02,12.22,0.015794,135955.62,165539.308
000415,2025-12-02,3.71,0.036313,952835.77,348850.733
000417,2025-12-02,7.56,0.044199,890211.3,683731.929
000419,2025-12-02,6.53,0.004615,107644.56,70097.325
000420,2025-12-02,3.89,-0.007653,251187.27,97654.198
000421,2025-12-02,7.35,0.006848999999999999,131751.0,96437.034
000422,2025-12-02,14.61,-0.018145,305526.08,446085.085
000423,2025-12-02,47.49,0.004442,82378.86,392237.591
000425,2025-12-02,10.52,0.034415,1096933.57,1140652.469
000426,2025-12-02,36.74,-0.011302000000000001,601852.04,2213473.241
000428,2025-12-02,3.53,0.008571,220579.01,77547.698
000429,2025-12-02,12.55,0.007223,162261.61,202651.626
000430,2025-12-02,8.11,-0.004908,57215.01,46284.385
000488,2025-12-02,2.07,-0.009569,124421.0,25806.001
000498,2025-12-02,6.02,0.001664,82495.51,49520.847
000501,2025-12-02,9.96,0.011168,221133.89,221422.054
000503,2025-12-02,9.96,-0.001003,128907.82,128646.981
000504,2025-12-02,9.23,-0.008593,14744.0,13609.601
000505,2025-12-02,7.88,0.015464,558825.12,429591.732
000506,2025-12-02,12.01,-0.026742,162905.6,196029.341
000507,2025-12-02,5.36,0.001869,82325.76,43988.104
000509,2025-12-02,3.94,-0.007557,365726.5,144369.374
000510,2025-12-02,8.77,-0.0034089999999999997,1566865.16,1386640.224
000513,2025-12-02,35.5,-0.013614999999999999,45948.94,163717.389
000514,2025-12-02,5.41,-0.003683,214768.01,116123.974
000516,2025-12-02,4.82,-0.004132,116343.19,55900.584
000517,2025-12-02,2.08,0.014634000000000001,463011.97,95152.612
000518,2025-12-02,2.53,-0.023166000000000003,92957.01,23635.105
000519,2025-12-02,18.35,-0.01291,275732.84,507841.493
000520,2025-12-02,4.95,-0.01,248664.01,123230.722
000521,2025-12-02,6.75,0.004464,96448.78,65116.962
000523,2025-12-02,3.54,-0.005618,605820.77,214703.716
000524,2025-12-02,12.18,-0.004902,73989.9,90294.629
000525,2025-12-02,5.83,-0.011864,98443.75,57682.836
000526,2025-12-02,36.93,-0.021203,15843.43,58932.847
000528,2025-12-02,12.25,0.017442,545431.18,669318.105
000529,2025-12-02,6.35,0.014377,136583.21,86364.816
000530,2025-12-02,7.45,0.100443,1600732.35,1149683.217
000531,2025-12-02,6.62,0.0,58802.3,38753.25
000532,2025-12-02,14.29,-0.004875,22591.61,32309.851
000533,2025-12-02,8.04,-0.0049499999999999995,274865.77,219473.37
000534,2025-12-02,19.7,-0.023786,118370.0,234551.411
000536,2025-12-02,5.59,-0.005338000000000001,2278539.89,1269598.323
000537,2025-12-02,8.39,0.0,61092.0,51286.691
000538,2025-12-02,55.38,-0.003598,86893.0,482644.645
000539,2025-12-02,4.65,-0.0021460000000000003,129898.21,60194.909
000541,2025-12-02,6.18,-0.003226,48701.83,29987.461
000543,2025-12-02,8.15,0.007417,234899.79,190894.344
000544,2025-12-02,8.6,0.005848,49391.65,42441.419
000545,2025-12-02,3.13,-0.018809,685266.12,214175.913
000546,2025-12-02,6.15,-0.011254,490848.1,302010.321
000547,2025-12-02,16.35,0.100269,3579419.17,5726846.518
000548,2025-12-02,5.98,0.017007,119123.15,70725.615
000550,2025-12-02,18.8,0.001598,17268.0,32443.136
000551,2025-12-02,10.92,0.012987,57023.08,61716.476
000552,2025-12-02,2.5,0.0,440566.76,109522.806
000553,2025-12-02,6.21,-0.009569,87447.54,54567.652
000554,2025-12-02,6.81,-0.005839,116391.95,79220.448
000555,2025-12-02,17.19,-0.019954,305081.82,525540.362
000557,2025-12-02,5.01,0.008048,73672.04,36779.382
000558,2025-12-02,5.84,-0.034711,1003660.86,590510.254
000559,2025-12-02,13.04,0.034921,1616138.26,2082510.92
000560,2025-12-02,3.15,0.016129,2055530.42,643283.261
000561,2025-12-02,11.03,-0.006306000000000001,119291.0,131242.06
000563,2025-12-02,3.47,0.0,293650.68,101397.357
000564,2025-12-02,2.57,-0.011538,2134362.18,549550.474
000565,2025-12-02,7.74,-0.008963,139553.0,107706.786
000566,2025-12-02,8.05,0.011307000000000001,2103256.71,1670329.632
000567,2025-12-02,6.62,-0.047481999999999996,847483.89,557418.722
000568,2025-12-02,133.69,-0.015247,46619.14,627146.691
000570,2025-12-02,6.15,-0.008065,121704.0,74804.598
000571,2025-12-02,5.9,0.042403,577524.24,337870.264
000572,2025-12-02,9.83,0.09955299999999999,2518823.7,2345394.295
000573,2025-12-02,4.37,-0.002283,100926.17,43801.908
000576,2025-12-02,10.4,0.000962,58260.97,60506.107
000581,2025-12-02,20.23,-0.003939,50156.68,101429.096
000582,2025-12-02,9.1,0.011111,208157.1,188797.77
000586,2025-12-02,13.53,0.025777,81897.6,109934.641
000589,2025-12-02,5.11,0.024048,333288.13,169173.451
000590,2025-12-02,11.61,0.0,29357.05,33955.151
000591,2025-12-02,4.5,-0.0022170000000000002,264347.8,118560.454
000592,2025-12-02,12.51,0.100264,3122481.47,3798667.061
000593,2025-12-02,13.02,0.099662,571687.34,714912.345
000595,2025-12-02,5.6,-0.032815,113915.0,64795.277
000596,2025-12-02,164.98,-0.011385000000000001,15105.0,250690.427
000597,2025-12-02,5.71,-0.0017480000000000002,112623.65,64274.064
000598,2025-12-02,7.1,0.021583,272936.79,192612.762
000599,2025-12-02,6.29,0.011254,271250.99,169743.414
000600,2025-12-02,8.1,-0.007352999999999999,144561.71,117132.197
000601,2025-12-02,5.14,0.001949,123191.86,62841.18
000603,2025-12-02,28.03,-0.0021360000000000003,319439.07,884783.68
000605,2025-12-02,7.36,-0.006748,60420.6,44477.138
000607,2025-12-02,4.5,-0.006623,213631.73,95561.27
000608,2025-12-02,2.77,0.049242,303814.83,83096.199
000609,2025-12-02,11.98,0.04995599999999999,490825.73,568774.195
000610,2025-12-02,12.82,0.0047020000000000005,154727.49,198719.677
000612,2025-12-02,9.7,-0.016227000000000002,289929.74,280692.426
000615,2025-12-02,4.17,0.009685000000000001,91905.0,37826.313
000617,2025-12-02,9.02,-0.019565,606460.86,549215.233
000619,2025-12-02,6.58,0.007657000000000001,116346.0,75980.869
000620,2025-12-02,3.2,0.003135,3201188.81,1022551.231
000623,2025-12-02,19.08,-0.0072840000000000005,64169.73,122503.761
000625,2025-12-02,11.88,-0.004190999999999999,315183.64,374100.918
000626,2025-12-02,8.12,0.012469,136604.0,110817.087
000628,2025-12-02,43.6,-0.023516,35671.44,156504.085
000629,2025-12-02,3.06,-0.006494,688407.77,210076.664
000630,2025-12-02,5.41,-0.001845,2274887.16,1220120.641
000631,2025-12-02,3.38,0.008955,251477.0,83823.95
000632,2025-12-02,6.62,0.055820999999999996,1522874.04,978604.451
000633,2025-12-02,8.27,-0.021301999999999998,414450.84,343357.952
000635,2025-12-02,9.29,0.005411,112273.0,103986.086
000636,2025-12-02,16.18,-0.008578,200812.0,324334.603
000637,2025-12-02,4.75,0.004228,93501.33,44141.421
000638,2025-12-02,6.1,-0.049844,177841.0,109163.356
000639,2025-12-02,3.55,0.044118000000000004,1103403.83,387779.081
000650,2025-12-02,5.99,-0.0016669999999999999,133219.13,79519.086
000651,2025-12-02,40.9,0.001224,320497.57,1309293.683
000652,2025-12-02,4.5,0.008969,316618.41,142282.554
000655,2025-12-02,9.36,-0.011616,67508.8,63199.806
000656,2025-12-02,1.5,0.013514,967441.02,145170.68
000657,2025-12-02,22.15,0.004535,548724.04,1223207.677
000659,2025-12-02,3.12,0.016287,786146.1,244127.72
000661,2025-12-02,98.98,-0.01109,44484.16,441414.257
000663,2025-12-02,9.06,0.034247,471103.04,424951.096
000665,2025-12-02,5.87,-0.01675,241061.05,141914.839
000668,2025-12-02,11.82,-0.0033729999999999997,28377.01,33582.129
000669,2025-12-02,3.25,-0.003067,140852.89,46265.581
000670,2025-12-02,7.69,-0.014103000000000001,139120.0,107337.936
000672,2025-12-02,10.83,-0.011861,108714.96,117303.264
000676,2025-12-02,9.08,-0.023656,436486.48,397505.58
000677,2025-12-02,4.41,-0.004515,106223.3,46730.78
000678,2025-12-02,14.32,-0.023192,519057.66,746174.052
000679,2025-12-02,8.51,-0.005841,40604.97,34548.979
000680,2025-12-02,10.38,-0.007648,95408.0,99325.879
000681,2025-12-02,24.1,0.005004,1023165.88,2467064.065
000682,2025-12-02,11.44,-0.012942,97998.96,112069.404
000683,2025-12-02,7.17,-0.006925,255842.93,183099.335
000685,2025-12-02,11.97,-0.022857,230231.79,276486.092
000686,2025-12-02,9.13,-0.008686000000000001,348254.2,317242.698
000688,2025-12-02,24.22,-0.020227,276267.06,663752.639
000690,2025-12-02,4.32,-0.013699,378318.75,164022.685
000691,2025-12-02,10.96,0.049808000000000005,200826.57,220044.264
000692,2025-12-02,3.76,0.016215999999999998,165896.0,61177.076
000695,2025-12-02,16.8,-0.031142,358053.02,607123.021
000697,2025-12-02,8.8,0.011493999999999999,99341.2,86852.298
000698,2025-12-02,3.84,-0.002597,56243.81,21493.283
000700,2025-12-02,10.1,-0.03164,373685.34,378822.734
000701,2025-12-02,7.25,0.005548,722444.72,522398.972
000702,2025-12-02,7.09,-0.012535000000000001,59500.97,42095.156
000703,2025-12-02,8.21,0.100536,1270113.73,1040186.247
000705,2025-12-02,9.92,0.019527000000000003,125991.94,123979.101
000707,2025-12-02,6.44,0.003115,44923.1,28824.771
000708,2025-12-02,15.76,-0.008805,157452.38,249457.12
000709,2025-12-02,2.33,0.008658,835398.09,193213.522
000710,2025-12-02,11.96,-0.016447,81265.54,97000.263
000711,2025-12-02,1.76,-0.00565,268000.3,47092.653
000712,2025-12-02,12.76,-0.01391,88043.38,112531.749
000713,2025-12-02,7.01,0.005738999999999999,111169.75,77670.386
000715,2025-12-02,6.62,-0.006006,327077.58,216665.155
000716,2025-12-02,6.29,0.016155,227201.0,142037.311
000717,2025-12-02,2.61,0.0,207343.11,53957.618
000718,2025-12-02,2.52,0.008,433255.12,108106.964
000719,2025-12-02,12.37,0.0016189999999999998,45126.05,55790.985
000720,2025-12-02,3.5,0.008646000000000001,177029.0,61252.929
000721,2025-12-02,9.41,0.011828,511021.06,482294.143
000722,2025-12-02,12.51,-0.000799,64326.0,80162.416
000723,2025-12-02,5.17,-0.001931,851300.22,439663.398
000725,2025-12-02,3.88,-0.005128000000000001,3142161.27,1221233.044
000726,2025-12-02,7.22,0.001387,66977.91,48217.775
000727,2025-12-02,2.85,-0.013841000000000001,3847755.16,1090815.321
000728,2025-12-02,8.19,-0.0060680000000000005,170364.29,139623.293
000729,2025-12-02,12.47,0.025493000000000002,223848.55,278262.301
000731,2025-12-02,6.75,-0.001479,51844.99,34949.577
000733,2025-12-02,47.38,-0.006500000000000001,71539.89,338913.121
000735,2025-12-02,9.32,0.100354,1164204.36,1006820.263
000736,2025-12-02,5.9,-0.006734,63237.33,37374.246
000737,2025-12-02,14.49,-0.026864,489266.7,707935.193
000738,2025-12-02,18.77,-0.011064000000000001,71540.0,134714.054
000739,2025-12-02,16.15,-0.0018540000000000002,54771.99,88727.786
000750,2025-12-02,4.21,-0.0070750000000000006,256744.26,108129.099
000751,2025-12-02,3.95,-0.014962999999999999,407299.89,160156.959
000752,2025-12-02,12.59,0.012058,57605.05,72336.484
000753,2025-12-02,9.02,0.033219,1380010.26,1258790.621
000755,2025-12-02,5.42,0.0018479999999999998,118856.89,64261.368
000756,2025-12-02,17.42,-0.012472,196766.2,342960.652
000757,2025-12-02,5.16,0.009785,87163.54,44675.034
000758,2025-12-02,6.06,-0.011418999999999999,227567.08,137749.257
000759,2025-12-02,7.64,0.0,507034.0,386103.268
000761,2025-12-02,3.36,0.005988,107598.62,35884.051
000762,2025-12-02,26.43,-0.027235999999999996,153964.86,407738.922
000766,2025-12-02,28.7,0.044775999999999996,256509.29,725542.947
000767,2025-12-02,2.86,0.003509,235796.0,67284.024
000768,2025-12-02,24.1,-0.007414,113590.02,274048.314
000776,2025-12-02,20.9,-0.012287,418229.43,874129.354
000777,2025-12-02,20.53,-0.008690999999999999,76181.95,156571.116
000778,2025-12-02,4.02,0.005,409137.27,163794.935
000779,2025-12-02,8.8,-0.004525,24407.92,21481.604
000782,2025-12-02,5.37,0.003738,80936.86,43350.564
000783,2025-12-02,8.02,-0.012315,496071.98,397217.24
000785,2025-12-02,3.06,-0.016076999999999998,931126.45,285634.519
000786,2025-12-02,25.18,-0.005135999999999999,118991.32,300848.496
000788,2025-12-02,7.23,0.0041670000000000006,1020911.62,741493.897
000789,2025-12-02,5.66,0.0017699999999999999,39255.38,22139.872
000790,2025-12-02,4.42,0.006834,294144.94,128643.519
000791,2025-12-02,6.62,-0.007496,131862.86,87319.758
000792,2025-12-02,25.91,-0.021526,554585.64,1437498.362
000793,2025-12-02,3.04,0.034014,376425.43,113041.346
000795,2025-12-02,9.95,-0.008964,73107.02,72801.552
000796,2025-12-02,7.2,0.014085,1157584.1,819411.28
000797,2025-12-02,3.76,0.044444,1892360.33,700594.724
000798,2025-12-02,12.87,0.033735,795091.98,1011806.174
000799,2025-12-02,56.89,-0.023348,63156.42,362149.628
000800,2025-12-02,7.09,-0.0070030000000000005,123016.16,87172.33
000801,2025-12-02,16.61,0.006666999999999999,299924.0,494804.784
000802,2025-12-02,4.63,-0.006438,146001.26,67429.997
000803,2025-12-02,6.76,-0.010249,98127.28,66266.903
000807,2025-12-02,25.14,-0.003962,303014.22,758511.449
000809,2025-12-02,3.41,0.0029409999999999996,156547.5,53030.872
000810,2025-12-02,12.31,-0.012830999999999999,103178.13,127094.905
000811,2025-12-02,13.49,-0.01748,113996.89,153588.541
000812,2025-12-02,5.28,0.1,856274.3,441824.831
000813,2025-12-02,4.08,-0.007299,235842.42,96295.12
000815,2025-12-02,12.01,-0.01638,92081.59,111141.114
000816,2025-12-02,3.85,-0.022843,2372194.29,907372.298
000818,2025-12-02,21.01,0.018914,264911.64,564194.974
000819,2025-12-02,17.18,-0.021082999999999998,58283.63,100222.27
000820,2025-12-02,3.33,-0.020588000000000002,96486.0,32492.365
000821,2025-12-02,12.71,-0.022307999999999998,142445.99,182038.17
000822,2025-12-02,5.68,0.0161,115072.05,64803.317
000823,2025-12-02,12.76,-0.010853,150721.12,193249.362
000825,2025-12-02,4.4,0.07056,1509742.94,648243.286
000826,2025-12-02,2.33,-0.012712000000000001,293913.52,68427.338
000828,2025-12-02,11.07,0.000904,33460.6,36921.42
000829,2025-12-02,11.49,0.011444000000000001,1375566.37,1576763.455
000830,2025-12-02,14.98,-0.006631000000000001,220294.97,331876.857
000831,2025-12-02,46.69,-0.032332,291128.03,1361913.44
000833,2025-12-02,20.67,0.029895,846492.29,1759513.429
000837,2025-12-02,12.21,-0.016116,94212.0,115484.338
000838,2025-12-02,3.54,-0.008403,666258.0,236861.424
000839,2025-12-02,2.85,-0.0069689999999999995,628042.12,176811.916
000848,2025-12-02,8.6,0.001164,70597.47,60505.53
000850,2025-12-02,4.65,0.00432,122417.0,56803.474
000852,2025-12-02,7.19,-0.009642,135650.89,97249.634
000856,2025-12-02,10.94,-0.011742999999999998,44634.23,48762.691
000858,2025-12-02,116.57,-0.00918,124928.41,1461213.467
000859,2025-12-02,9.23,0.10011900000000001,1470157.22,1321429.98
000860,2025-12-02,15.24,-0.004572,36493.14,55664.944
000862,2025-12-02,5.71,0.0070550000000000005,114611.18,64955.378
000863,2025-12-02,5.17,-0.020833,290547.01,150243.534
000868,2025-12-02,5.16,-0.003861,54834.38,28236.447
000869,2025-12-02,21.09,-0.001893,6276.95,13234.473
000875,2025-12-02,5.54,-0.010714,257464.27,142718.787
000876,2025-12-02,9.4,-0.007391999999999999,148084.63,139407.531
000877,2025-12-02,5.73,-0.008650999999999999,105430.0,60432.778
000878,2025-12-02,17.83,-0.000561,520491.24,919199.271
000880,2025-12-02,26.4,-0.017857,71741.29,189753.848
000881,2025-12-02,8.74,0.015099,479046.87,421125.326
000882,2025-12-02,2.11,-0.009389999999999999,1240509.15,262468.165
000883,2025-12-02,4.64,0.00216,122361.22,56626.861
000885,2025-12-02,13.9,-0.000719,25769.3,35740.905
000886,2025-12-02,7.78,0.007772,443554.36,340340.925
000887,2025-12-02,20.9,-0.0197,184666.24,387589.406
000888,2025-12-02,14.46,0.021185999999999997,1047806.73,1520692.453
000889,2025-12-02,3.8,-0.005235999999999999,133004.99,50464.781
000890,2025-12-02,4.52,0.008929,173782.76,77776.307
000892,2025-12-02,7.63,-0.018018,1022331.0,786696.449
000893,2025-12-02,44.6,-0.0077859999999999995,57637.16,257140.779
000895,2025-12-02,27.58,0.012853000000000002,116032.93,318718.021
000897,2025-12-02,2.52,0.012048000000000001,427371.71,106671.908
000898,2025-12-02,2.56,0.007873999999999999,505555.32,129083.161
000899,2025-12-02,10.2,0.0039369999999999995,79952.01,81018.995
000900,2025-12-02,4.31,0.004662,107888.02,46211.625
000901,2025-12-02,19.18,0.002614,557254.98,1064838.379
000902,2025-12-02,15.47,-0.0012909999999999998,78803.01,122047.092
000903,2025-12-02,2.86,-0.010381,202078.39,57821.783
000905,2025-12-02,10.94,0.018622,536776.16,585038.082
000906,2025-12-02,6.04,0.001658,55124.47,33179.436
000908,2025-12-02,8.67,-0.047252999999999996,294290.59,261064.346
000909,2025-12-02,5.84,0.010381,12718.0,7387.749
000910,2025-12-02,7.56,0.0,36647.89,27650.125
000911,2025-12-02,8.18,-0.0060750000000000005,61508.0,50265.832
000912,2025-12-02,4.46,0.011337999999999999,132783.01,58728.587
000913,2025-12-02,15.8,-0.011881999999999998,26995.0,42609.179
000915,2025-12-02,33.55,-0.00386,27158.01,91026.273
000917,2025-12-02,8.43,-0.017483,259741.24,218321.375
000919,2025-12-02,7.31,-0.001366,89262.84,65253.459
000920,2025-12-02,12.37,0.004058,48800.0,59998.776
000921,2025-12-02,26.84,0.010923,64419.72,172996.524
000922,2025-12-02,12.32,-0.011236,82681.8,101659.614
000923,2025-12-02,18.58,-0.011701999999999999,96913.9,179721.088
000925,2025-12-02,8.5,0.019185,360419.36,306100.509
000926,2025-12-02,2.54,0.003953,378299.4,95265.778
000927,2025-12-02,2.66,0.0,460407.5,122164.636
000928,2025-12-02,6.63,0.012214000000000001,320785.97,211787.647
000929,2025-12-02,8.42,-0.0047279999999999996,19176.0,16177.007
000930,2025-12-02,5.87,0.001706,121502.34,71261.361
000931,2025-12-02,5.24,0.005758,85326.18,44596.464
000932,2025-12-02,5.56,-0.003584,591625.29,327550.738
000933,2025-12-02,24.92,-0.0032,255297.38,634482.283
000935,2025-12-02,22.77,-0.022747000000000003,119049.88,272353.043
000936,2025-12-02,7.24,-0.0041270000000000005,72282.0,52256.27
000937,2025-12-02,5.88,-0.005076000000000001,150808.29,88718.353
000938,2025-12-02,25.11,-0.013747,303819.5,764855.618
000948,2025-12-02,17.76,-0.001686,37954.59,67701.122
000949,2025-12-02,4.68,0.0,293619.0,136890.81
000950,2025-12-02,5.39,0.018904,296918.18,159721.387
000951,2025-12-02,17.01,0.011897999999999999,141420.85,240044.663
000952,2025-12-02,9.23,-0.045502,829074.31,778914.058
000953,2025-12-02,7.67,0.005242,184272.0,140777.905
000955,2025-12-02,7.17,0.040639,573868.16,405717.407
000957,2025-12-02,10.88,-0.008204,70987.93,77273.098
000958,2025-12-02,7.08,0.007112,577006.98,406033.717
000959,2025-12-02,4.45,0.034884,555049.55,244607.818
000960,2025-12-02,24.61,-0.015993999999999998,299887.88,736078.281
000962,2025-12-02,27.51,-0.025505,178864.5,489586.543
000963,2025-12-02,42.55,-0.005841,38033.41,162003.27
000965,2025-12-02,4.65,0.008677,626562.93,290838.772
000966,2025-12-02,4.3,0.007026,125082.34,53560.144
000967,2025-12-02,6.56,-0.001522,124014.76,81247.337
000968,2025-12-02,6.95,0.0,79949.01,55276.38
000969,2025-12-02,17.9,-0.012686,276104.0,495334.696
000970,2025-12-02,12.67,-0.009382,86740.7,109722.662
000972,2025-12-02,3.93,0.010283,147531.0,58000.572
000973,2025-12-02,13.02,-0.038405,1276027.31,1708185.195
000975,2025-12-02,22.02,-0.018279,250684.72,554504.425
000977,2025-12-02,61.16,-0.020813,311417.59,1912531.205
000978,2025-12-02,6.87,0.007331,84814.72,57990.19
000980,2025-12-02,3.74,-0.026042,1862769.09,700762.132
000981,2025-12-02,3.47,-0.025280999999999998,8440804.84,2891139.053
000983,2025-12-02,6.77,-0.005874000000000001,222864.38,150653.701
000985,2025-12-02,19.76,0.004065,21221.0,41803.66
000987,2025-12-02,7.19,-0.008276,186714.62,134325.781
000988,2025-12-02,73.13,-0.006656,340717.91,2495754.23
000989,2025-12-02,9.32,-0.013756999999999998,71900.23,67127.884
000990,2025-12-02,7.58,0.001321,76405.35,57824.182
000993,2025-12-02,12.67,0.036825000000000004,442707.86,556023.28
000995,2025-12-02,12.49,-0.014207000000000001,36367.0,45497.54
000997,2025-12-02,25.52,-0.010085,136928.37,349046.266
000998,2025-12-02,9.7,0.0031019999999999997,111805.69,108217.861
000999,2025-12-02,28.26,-0.007724999999999999,75332.88,213476.081
001201,2025-12-02,15.24,-0.0058709999999999995,12208.0,18590.94
001202,2025-12-02,15.8,-0.025894,38307.4,60429.62
001203,2025-12-02,28.88,-0.040532000000000006,407555.41,1190143.315
001205,2025-12-02,17.34,0.002892,45120.59,78639.179
001206,2025-12-02,31.74,-0.006573,61476.32,196326.669
001207,2025-12-02,22.64,-0.01049,11982.0,27197.094
001208,2025-12-02,11.72,0.002566,74102.0,86365.169
001209,2025-12-02,21.1,0.004762,31695.0,66315.607
001210,2025-12-02,17.17,-0.008661,12142.18,20908.133
001211,2025-12-02,26.62,-0.014074,16909.0,45000.563
001212,2025-12-02,46.08,0.053498000000000004,138832.19,640376.488
001213,2025-12-02,4.11,0.0,85155.09,34959.242
001215,2025-12-02,37.23,0.012235000000000001,121661.89,453250.063
001216,2025-12-02,17.07,0.004118,129338.0,219443.645
001217,2025-12-02,14.22,-0.0014039999999999999,42668.0,60654.497
001218,2025-12-02,22.51,0.000889,11538.89,25987.318
001219,2025-12-02,15.2,0.0052910000000000006,49051.67,74263.643
001221,2025-12-02,62.2,0.022185999999999997,32063.71,196895.743
001222,2025-12-02,26.87,-0.004077,70160.62,187760.453
001223,2025-12-02,53.4,0.002817,5761.2,30649.059
001225,2025-12-02,56.71,0.014853,18735.0,105723.216
001226,2025-12-02,39.13,-0.020526,15102.0,59576.994
001227,2025-12-02,2.37,-0.004202,297754.57,70641.152
001228,2025-12-02,26.77,-0.014359,14059.19,37851.259
001229,2025-12-02,41.95,0.035802,50550.29,209608.551
001230,2025-12-02,22.38,-0.003562,9035.8,20166.154
001231,2025-12-02,23.39,0.0017130000000000001,28127.51,65937.767
001233,2025-12-02,67.89,0.004736000000000001,96127.7,638565.892
001234,2025-12-02,30.49,-0.034821,104411.62,320108.306
001236,2025-12-02,10.21,-0.010659,52967.0,53962.325
001238,2025-12-02,50.89,-0.013951,3136.0,15972.818
001239,2025-12-02,16.14,-0.003088,14249.89,23032.483
001255,2025-12-02,31.38,0.006737,14389.0,45070.541
001256,2025-12-02,21.75,-0.011813,8070.0,17612.936
001258,2025-12-02,7.48,-0.010582000000000001,100724.82,75443.835
001259,2025-12-02,30.36,0.002973,10130.18,30535.721
001260,2025-12-02,20.85,0.017073,49119.69,102497.373
001266,2025-12-02,31.18,-0.022570999999999997,31622.84,99324.603
001267,2025-12-02,18.38,-0.020256,236513.0,437831.102
001268,2025-12-02,33.22,-0.030922,31255.58,103593.416
001269,2025-12-02,25.57,-0.02479,20129.0,51610.505
001270,2025-12-02,47.4,0.018041,89005.36,422544.885
001277,2025-12-02,39.0,-0.010905,10173.99,39752.179
001278,2025-12-02,20.06,0.008547,32793.03,65960.284
001279,2025-12-02,36.14,-0.008777,4699.0,17025.12
001282,2025-12-02,20.92,-0.015066,23676.52,49716.874
001283,2025-12-02,73.0,-0.022757999999999997,44334.01,325748.219
001285,2025-12-02,50.79,-0.008976,14222.84,72281.581
001286,2025-12-02,9.92,0.009156,120427.59,119307.157
001287,2025-12-02,22.43,-0.011023,132210.22,297220.655
001288,2025-12-02,30.04,0.012129000000000001,20739.92,61990.286
001289,2025-12-02,15.83,-0.005653,39061.61,61920.29
001296,2025-12-02,27.05,0.011593,150366.45,401560.571
001298,2025-12-02,31.11,-0.018921,80433.2,250241.76
001299,2025-12-02,11.89,-0.018167,85841.37,101619.162
001300,2025-12-02,15.13,-0.016255,28217.0,42816.532
001301,2025-12-02,86.31,-0.007018,30277.19,260367.601
001306,2025-12-02,80.28,-0.027852000000000002,10437.15,84139.711
001308,2025-12-02,22.27,0.0031530000000000004,19726.1,43929.922
001309,2025-12-02,207.72,-0.02989,126443.62,2636552.325
001311,2025-12-02,26.0,-0.009524,40149.99,104981.325
001313,2025-12-02,8.15,0.007417,95853.83,77773.622
001314,2025-12-02,47.38,0.001903,29827.0,141394.017
001316,2025-12-02,37.12,-0.01773,50112.1,186304.775
001317,2025-12-02,42.78,0.000468,19430.75,82609.452
001318,2025-12-02,16.77,-0.045532,426520.31,705080.207
001319,2025-12-02,25.99,-0.004596,17256.01,44961.624
001322,2025-12-02,8.7,0.002304,29712.24,25698.199
001323,2025-12-02,27.64,0.013196000000000001,14082.4,38955.453
001324,2025-12-02,19.29,-0.005157,11328.04,21898.094
001326,2025-12-02,44.53,-0.007577,5591.25,25074.403
001328,2025-12-02,36.8,0.011267000000000001,14982.62,55249.983
001330,2025-12-02,7.42,0.043601,1686838.57,1269505.354
001331,2025-12-02,13.77,-0.038408000000000005,123544.29,176256.123
001332,2025-12-02,51.01,-0.035181,19859.0,101519.132
001333,2025-12-02,22.92,-0.006502,10069.53,23201.998
001335,2025-12-02,44.99,-0.007501,43287.41,197071.588
001336,2025-12-02,25.72,-0.010008,11113.0,28590.824
001337,2025-12-02,27.88,-0.007476,111168.08,308882.235
001338,2025-12-02,11.98,0.014395,66919.57,79763.346
001339,2025-12-02,52.72,-0.019892,22696.09,120369.652
001356,2025-12-02,13.61,-0.005844,17578.14,23910.184
001358,2025-12-02,26.76,-0.009623,5101.34,13694.492
001359,2025-12-02,58.14,0.010076,20150.43,116800.574
001360,2025-12-02,17.36,0.027827,156753.25,270136.665
001366,2025-12-02,14.08,-0.009148,36036.09,50234.193
001367,2025-12-02,22.82,-0.0043630000000000006,7191.0,16456.938
001368,2025-12-02,27.6,0.007299,43676.34,119932.331
001373,2025-12-02,32.78,-0.00395,13722.0,44842.225
001376,2025-12-02,12.8,-0.0062109999999999995,36912.0,47172.547
001378,2025-12-02,23.39,-0.000854,21066.0,49191.066
001379,2025-12-02,22.48,0.020427,62684.49,140677.233
001380,2025-12-02,23.44,-0.012221,20107.44,47251.664
001382,2025-12-02,20.3,-0.0034360000000000003,15555.41,31637.391
001386,2025-12-02,22.83,-0.009115,41751.71,95419.863
001387,2025-12-02,15.43,-0.02956,228406.29,351841.52
001388,2025-12-02,42.77,-0.009954,4284.75,18398.311
001389,2025-12-02,69.74,-0.0034300000000000003,41189.57,287274.241
001390,2025-12-02,28.1,-0.008818,50224.85,141496.14
001391,2025-12-02,6.31,-0.004732,66262.5,41854.221
001395,2025-12-02,43.93,-0.022257,8500.07,37814.904
001400,2025-12-02,60.54,-0.023548,3777.0,23016.253
001696,2025-12-02,22.27,-0.012417000000000001,130554.79,290747.155
001872,2025-12-02,19.76,0.0030459999999999997,18528.0,36608.345
001896,2025-12-02,5.54,-0.008945,120421.4,66763.049
001914,2025-12-02,11.2,0.002686,45741.08,51204.774
001965,2025-12-02,9.91,0.012257,218786.01,216146.865
001979,2025-12-02,9.44,0.007471,356552.19,336143.58
002001,2025-12-02,24.39,-0.012151,128854.04,315669.793
002003,2025-12-02,11.0,0.010101,131565.85,143905.395
002004,2025-12-02,4.85,0.0062239999999999995,215717.48,104155.25
002005,2025-12-02,2.68,0.0,99976.0,26992.014
002006,2025-12-02,22.01,0.044118000000000004,331045.49,716872.016
002007,2025-12-02,15.53,-0.010827999999999999,89827.77,139859.755
002008,2025-12-02,37.02,-0.002963,156114.73,576761.501
002009,2025-12-02,16.25,-0.027528,116521.79,190252.148
002010,2025-12-02,5.7,-0.010417000000000001,150026.03,85509.385
002011,2025-12-02,12.61,-0.007868,84936.93,106996.96
002012,2025-12-02,6.44,0.010989,251490.0,161522.368
002014,2025-12-02,11.43,0.013298,36951.99,42063.706
002015,2025-12-02,9.85,-0.0199,180114.92,177715.625
002016,2025-12-02,6.38,0.0,66694.0,42336.897
002017,2025-12-02,21.28,-0.026532,117457.41,251282.304
002019,2025-12-02,12.12,-0.013028999999999999,56664.32,68958.941
002020,2025-12-02,19.51,-0.020582,65861.59,129520.278
002021,2025-12-02,2.68,0.0075190000000000005,283774.36,75920.746
002022,2025-12-02,6.73,0.005979,71541.01,47759.747
002023,2025-12-02,12.22,-0.0008179999999999999,141103.51,171767.058
002024,2025-12-02,1.77,0.035088,515722.52,90326.267
002025,2025-12-02,42.6,0.033479,156353.34,659531.673
002026,2025-12-02,15.03,0.003338,123949.0,185961.15
002027,2025-12-02,7.27,-0.025469,1019982.71,747692.415
002028,2025-12-02,145.02,-0.002408,41975.5,606351.611
002029,2025-12-02,10.64,-0.015726,658120.27,693161.543
002030,2025-12-02,6.55,-0.00607,97779.83,63809.563
002031,2025-12-02,7.22,-0.016349,294209.18,212936.702
002032,2025-12-02,48.92,-0.011318,24743.31,121853.711
002033,2025-12-02,9.08,-0.0011,115439.08,104754.207
002034,2025-12-02,16.35,0.000612,22748.67,37168.447
002035,2025-12-02,6.27,0.0015970000000000001,83945.5,52539.839
002036,2025-12-02,10.59,0.005698,565500.75,599318.651
002037,2025-12-02,9.72,-0.00715,52272.31,50794.765
002038,2025-12-02,7.93,0.008905999999999999,325794.25,256830.288
002039,2025-12-02,18.34,0.013260000000000001,46347.09,84717.382
002040,2025-12-02,10.25,-0.010618,74328.36,76011.211
002041,2025-12-02,9.69,0.0072770000000000005,97398.67,93745.908
002042,2025-12-02,4.34,-0.0181,216781.99,94599.121
002043,2025-12-02,13.47,-0.001483,76625.88,103351.159
002044,2025-12-02,5.21,-0.011385000000000001,535610.28,278209.976
002045,2025-12-02,15.31,-0.021099999999999997,298082.23,456130.79
002046,2025-12-02,32.66,-0.008199,323605.58,1069285.985
002047,2025-12-02,3.84,-0.049505,558158.0,215577.108
002048,2025-12-02,27.08,-0.032512,173352.15,471932.071
002049,2025-12-02,76.22,-0.018921,138721.71,1060719.572
002050,2025-12-02,42.03,-0.040192,1357757.89,5765361.559
002051,2025-12-02,9.08,0.004425,256399.36,233308.078
002052,2025-12-02,12.7,0.0023680000000000003,179613.0,227202.17
002053,2025-12-02,11.84,-0.013333,52140.02,61834.061
002054,2025-12-02,7.7,-0.006452,110143.36,84689.545
002055,2025-12-02,7.14,-0.011080000000000001,115988.88,82846.685
002056,2025-12-02,18.92,-0.016632,169584.19,320899.899
002057,2025-12-02,9.98,-0.009921,88776.44,88419.227
002058,2025-12-02,21.09,0.006683,16827.0,35665.706
002059,2025-12-02,5.78,-0.006873000000000001,351679.98,202432.673
002060,2025-12-02,3.84,0.0,180867.01,69145.24
002061,2025-12-02,4.07,-0.002451,122697.67,49867.943
002062,2025-12-02,10.33,-0.009588,204105.94,211252.464
002063,2025-12-02,6.2,-0.009585,251396.03,156018.606
002064,2025-12-02,9.19,-0.026483,280501.11,259423.044
002065,2025-12-02,10.02,-0.010859,389614.12,391280.722
002066,2025-12-02,17.45,0.026471,80610.0,139736.725
002067,2025-12-02,5.65,0.0,669978.19,377099.757
002068,2025-12-02,9.55,-0.001046,87948.47,84012.38
002069,2025-12-02,4.16,0.012164999999999999,464354.05,191446.802
002072,2025-12-02,7.38,-0.025099,63839.0,47469.792
002073,2025-12-02,8.46,-0.010526,215927.0,181547.027
002074,2025-12-02,38.62,-0.016801999999999997,262564.89,1015964.786
002075,2025-12-02,5.87,-0.011785,309388.01,181840.928
002076,2025-12-02,2.1,-0.023256000000000002,218749.0,46122.774
002077,2025-12-02,15.64,-0.0225,202435.5,317810.609
002078,2025-12-02,15.03,-0.004636,130352.49,196915.179
002079,2025-12-02,9.57,-0.011364,94270.01,90171.938
002080,2025-12-02,33.0,0.0258,462820.3,1543111.845
002081,2025-12-02,3.31,0.0,137024.76,45272.831
002082,2025-12-02,12.92,-0.03003,86713.01,112371.86
002083,2025-12-02,10.39,0.019627,1705111.34,1775916.591
002084,2025-12-02,4.7,0.06576,1207108.54,568065.722
002085,2025-12-02,16.11,-0.003711,260396.01,418281.217
002086,2025-12-02,2.57,0.003906,733030.0,187738.301
002088,2025-12-02,11.8,-0.008403,35250.35,41852.249
002090,2025-12-02,12.14,0.004136,205118.26,248204.706
002091,2025-12-02,9.14,-0.008677,170274.7,155692.773
002092,2025-12-02,4.77,-0.010373,248686.18,118602.311
002093,2025-12-02,12.73,0.001574,654219.41,826706.855
002094,2025-12-02,7.26,-0.01626,123962.97,90390.031
002095,2025-12-02,19.66,-0.019451,46793.0,92627.93
002096,2025-12-02,13.14,-0.00905,36225.19,47670.483
002097,2025-12-02,12.08,-0.009836000000000001,166871.5,201731.432
002098,2025-12-02,10.02,0.022449,253490.2,251869.564
002099,2025-12-02,6.22,-0.001605,85485.41,53009.233
002100,2025-12-02,7.12,-0.004196,147741.64,105268.394
002101,2025-12-02,12.51,-0.011067,51492.0,64708.539
002102,2025-12-02,3.55,-0.011142,123137.94,43767.553
002103,2025-12-02,10.02,-0.000997,225912.6,227858.416
002104,2025-12-02,18.4,-0.026455000000000003,277218.2,514074.525
002105,2025-12-02,7.26,0.009736,68328.9,49153.501
002106,2025-12-02,10.94,-0.002735,67820.64,74242.893
002107,2025-12-02,6.29,-0.004747,42487.2,26628.671
002108,2025-12-02,5.23,0.011605,2000239.73,1039298.662
002109,2025-12-02,3.8,0.0026390000000000003,142757.68,53854.459
002110,2025-12-02,4.76,0.034783,1259202.46,588644.538
002111,2025-12-02,9.75,-0.006116,108827.52,106063.728
002112,2025-12-02,13.14,-0.00905,78863.69,103846.95
002114,2025-12-02,8.83,-0.021064,781605.56,698275.037
002115,2025-12-02,11.0,0.010101,865734.58,950957.928
002116,2025-12-02,11.07,-0.004496,92278.11,102296.54
002117,2025-12-02,12.58,0.012068,169249.63,212420.907
002119,2025-12-02,16.45,-0.006042,102032.72,167961.416
002120,2025-12-02,6.87,-0.008658,178828.79,123134.329
002121,2025-12-02,7.58,-0.018135,254919.81,193053.776
002122,2025-12-02,3.23,-0.015244,329391.2,106457.718
002123,2025-12-02,11.75,-0.006762000000000001,95291.0,111784.225
002124,2025-12-02,2.73,-0.021505,398932.25,109601.631
002125,2025-12-02,14.24,-0.0014030000000000002,175227.38,249897.029
002126,2025-12-02,33.79,-0.020012,120896.83,409562.962
002127,2025-12-02,3.55,-0.005602,307301.19,108558.85
002128,2025-12-02,25.95,-0.016673,107265.96,280218.698
002129,2025-12-02,8.95,-0.03452,922321.24,832013.995
002130,2025-12-02,25.82,0.01414,571796.73,1464765.138
002131,2025-12-02,5.0,-0.019608,2593825.08,1300127.402
002132,2025-12-02,3.71,-0.0053620000000000004,196911.0,72722.374
002133,2025-12-02,3.51,0.014451,139725.48,48496.559
002134,2025-12-02,22.08,-0.001808,36285.0,79982.98
002135,2025-12-02,4.61,-0.002165,98623.48,45087.115
002136,2025-12-02,12.92,-0.008442,228147.0,294899.226
002137,2025-12-02,9.29,-0.020042,156656.0,146392.855
002138,2025-12-02,34.99,-0.010744,128818.85,452318.969
002139,2025-12-02,13.42,-0.000745,137323.23,183966.669
002140,2025-12-02,11.19,0.01084,103707.0,115006.79
002141,2025-12-02,4.13,-0.009592,387242.0,159247.647
002142,2025-12-02,28.64,-0.006935,141147.73,405018.653
002144,2025-12-02,13.58,0.005181,41716.0,56371.921
002145,2025-12-02,5.06,-0.019379999999999998,530068.19,267674.373
002146,2025-12-02,1.69,0.030488,2618694.67,434285.856
002148,2025-12-02,8.91,-0.007795,64558.39,57517.47
002149,2025-12-02,18.55,0.020914000000000002,640692.66,1212994.332
002150,2025-12-02,20.98,-0.030051,160197.18,340352.079
002151,2025-12-02,31.1,-0.0057540000000000004,96730.96,300735.184
002152,2025-12-02,12.33,-0.010433,109473.79,135343.062
002153,2025-12-02,11.47,-0.043369,811886.37,932541.042
002154,2025-12-02,4.17,0.004819,324405.59,134274.717
002155,2025-12-02,21.75,-0.03118,402517.98,880200.212
002156,2025-12-02,36.77,-0.019205,371802.38,1369177.376
002157,2025-12-02,3.11,-0.031153,2366867.32,746623.504
002158,2025-12-02,22.22,-0.011126,34111.0,75893.287
002159,2025-12-02,15.77,0.00127,24590.0,38762.941
002160,2025-12-02,5.24,-0.031423,663048.96,346148.711
002161,2025-12-02,7.41,-0.010681000000000001,65041.2,48334.063
002162,2025-12-02,5.04,0.01002,834835.45,424232.552
002163,2025-12-02,14.58,0.038462,916385.86,1312267.713
002164,2025-12-02,13.28,-0.008215,93776.35,124346.566
002165,2025-12-02,8.01,-0.013547,142217.55,114056.072
002166,2025-12-02,8.6,-0.00232,231124.95,198873.238
002167,2025-12-02,12.12,-0.017828,130389.58,158465.422
002168,2025-12-02,3.83,-0.017949,48424.0,18733.142
002169,2025-12-02,8.29,0.018428,318119.56,261478.65
002170,2025-12-02,11.98,0.005033999999999999,285757.99,340845.816
002171,2025-12-02,11.53,-0.016212,458443.7,528538.182
002172,2025-12-02,4.28,0.0046949999999999995,152972.01,64998.202
002173,2025-12-02,22.54,0.021759,401291.56,900056.112
002174,2025-12-02,11.62,-0.021061,187592.68,219090.278
002175,2025-12-02,4.9,-0.008097,1102111.98,547531.111
002176,2025-12-02,9.94,-0.028347999999999998,670026.91,668273.637
002177,2025-12-02,6.7,-0.007407,135852.0,90862.794
002178,2025-12-02,7.45,0.009485,536798.77,398218.091
002179,2025-12-02,33.72,-0.014322999999999999,131562.68,446312.907
002180,2025-12-02,18.84,0.012359,229273.98,427561.91
002181,2025-12-02,9.35,-0.014752000000000001,372718.54,349764.375
002182,2025-12-02,13.62,-0.010893,115154.64,156905.255
002183,2025-12-02,4.83,-0.014286,270464.0,130767.211
002184,2025-12-02,13.37,-0.015464,50962.29,68300.535
002185,2025-12-02,11.17,-0.007993,433125.26,483332.567
002186,2025-12-02,12.17,0.006617,82305.59,99862.563
002187,2025-12-02,7.69,-0.003886,738238.88,569395.597
002188,2025-12-02,6.26,0.0,105900.67,65827.893
002189,2025-12-02,24.3,0.009555000000000001,81494.68,199313.568
002190,2025-12-02,39.26,-0.010585,57035.89,224664.043
002191,2025-12-02,4.24,-0.002353,154121.5,64884.74
002192,2025-12-02,51.34,-0.025991,166405.73,855526.783
002193,2025-12-02,6.13,0.008224,82196.0,50139.518
002194,2025-12-02,12.42,-0.0040100000000000005,125506.78,155335.608
002195,2025-12-02,7.06,-0.007032,908796.67,640601.723
002196,2025-12-02,13.08,-0.003808,489633.83,636787.122
002197,2025-12-02,10.5,0.002865,91937.49,96088.873
002198,2025-12-02,7.34,-0.010782,100112.02,73644.423
002199,2025-12-02,9.12,0.0055130000000000005,24102.0,22025.741
002200,2025-12-02,7.91,-0.006281,22011.0,17332.906
002201,2025-12-02,7.91,-0.016169,97052.76,76729.685
002202,2025-12-02,15.67,0.041887999999999995,1363428.63,2099983.848
002203,2025-12-02,11.99,-0.025995,307756.91,370347.159
002204,2025-12-02,6.66,-0.007451999999999999,227389.0,151028.485
002205,2025-12-02,14.4,0.006993,95460.0,137387.665
002206,2025-12-02,5.69,0.0070799999999999995,181938.1,103023.631
002207,2025-12-02,8.4,-0.032258,219607.18,184819.677
002208,2025-12-02,11.24,0.010791,512784.72,572679.455
002209,2025-12-02,15.66,-0.006975,83191.0,130936.346
002210,2025-12-02,3.98,0.061333,2342699.06,901696.263
002211,2025-12-02,3.58,-0.016484000000000002,57342.5,20565.286
002212,2025-12-02,9.05,-0.009847,179412.47,162167.947
002213,2025-12-02,27.4,-0.014743,265276.59,726352.146
002214,2025-12-02,15.5,0.0006460000000000001,15625.2,24118.348
002215,2025-12-02,11.25,0.004464,130855.36,146935.123
002216,2025-12-02,11.92,0.025817999999999997,132630.04,156932.24
002217,2025-12-02,3.26,0.021943999999999998,2584456.89,839871.058
002218,2025-12-02,3.96,-0.005024999999999999,378316.37,148721.646
002219,2025-12-02,2.35,0.008584000000000001,1018768.49,239324.138
002221,2025-12-02,7.94,-0.009975000000000001,98865.01,78938.765
002222,2025-12-02,50.8,-0.05029,349031.54,1788791.499
002223,2025-12-02,35.82,-0.00638,41759.8,149664.301
002224,2025-12-02,4.52,0.004444,138302.4,62432.934
002225,2025-12-02,5.8,0.001727,208326.96,120294.026
002226,2025-12-02,6.16,-0.006452,99746.18,61446.377
002227,2025-12-02,13.04,-0.006098,37045.0,48250.013
002228,2025-12-02,4.29,0.028777,1231610.68,522207.308
002229,2025-12-02,17.01,0.055866,983702.25,1695919.181
002230,2025-12-02,49.49,-0.011781,210493.14,1046033.644
002231,2025-12-02,2.94,-0.023256000000000002,123049.0,36127.965
002232,2025-12-02,18.79,-0.012093,34232.1,64419.896
002233,2025-12-02,9.19,0.01547,481228.28,441939.915
002234,2025-12-02,9.29,-0.012752,47994.82,44622.983
002236,2025-12-02,19.43,0.0025800000000000003,256071.16,496923.5
002237,2025-12-02,12.93,-0.020455,172723.18,223854.394
002238,2025-12-02,8.45,-0.005881999999999999,58285.6,49262.88
002239,2025-12-02,3.03,0.0,576544.84,173671.962
002240,2025-12-02,32.72,-0.034808,519999.76,1720333.32
002241,2025-12-02,31.32,0.018205,1546619.98,4867748.896
002242,2025-12-02,10.47,0.006731,109117.86,113574.662
002243,2025-12-02,9.57,-0.007261,189629.39,181007.918
002244,2025-12-02,10.14,0.0,213302.0,216200.761
002245,2025-12-02,16.03,-0.018371,220792.11,355037.29
002246,2025-12-02,16.85,-0.044243,251894.02,429242.888
002247,2025-12-02,3.08,0.006535999999999999,161501.56,49263.586
002248,2025-12-02,11.4,-0.011275,101039.24,115268.891
002249,2025-12-02,10.81,-0.040816,1375890.85,1502812.428
002250,2025-12-02,12.21,-0.025539,288828.38,354115.111
002251,2025-12-02,5.52,0.01845,1576034.81,862477.679
002252,2025-12-02,6.61,-0.006015,178735.08,118252.191
002253,2025-12-02,9.53,-0.014478,20754.0,19865.213
002254,2025-12-02,9.64,-0.0051600000000000005,62653.68,60363.797
002255,2025-12-02,12.04,-0.002486,667185.99,797402.7
002256,2025-12-02,3.44,-0.014327000000000001,533033.0,182872.699
002258,2025-12-02,13.04,-0.005339,84264.67,110397.313
002259,2025-12-02,3.98,0.010152000000000001,124203.56,49002.903
002261,2025-12-02,31.21,-0.028029000000000002,379791.43,1194826.772
002262,2025-12-02,24.27,-0.016214,44814.48,109339.091
002263,2025-12-02,3.47,-0.008571,274802.4,95299.88
002264,2025-12-02,9.68,0.029786999999999998,1846059.27,1761573.111
002265,2025-12-02,26.96,-0.012454,71862.62,194304.138
002266,2025-12-02,4.03,-0.017073,450812.84,181800.134
002267,2025-12-02,8.0,0.001252,40491.8,32283.486
002268,2025-12-02,17.41,-0.006279,60468.19,105225.508
002269,2025-12-02,2.08,-0.004785,841128.0,173954.129
002270,2025-12-02,24.15,-0.015491,48766.73,117798.902
002271,2025-12-02,13.47,0.022002999999999998,658090.16,880511.223
002272,2025-12-02,13.94,-0.023809999999999998,141438.13,197804.523
002273,2025-12-02,25.16,0.000398,405031.7,1023425.567
002274,2025-12-02,6.12,-0.011309,89159.5,54669.126
002275,2025-12-02,15.22,-0.007823,27747.42,42239.433
002276,2025-12-02,15.58,-0.018272999999999998,242265.41,378362.416
002277,2025-12-02,7.0,-0.014085,584948.59,411551.131
002278,2025-12-02,11.41,-0.010407999999999999,156759.99,178693.999
002279,2025-12-02,9.42,0.029508,1684300.88,1571727.554
002281,2025-12-02,61.15,-0.013231999999999999,196165.35,1203330.459
002282,2025-12-02,7.49,0.001337,39689.46,29613.758
002283,2025-12-02,6.12,0.0,84345.0,51528.815
002284,2025-12-02,12.29,-0.0072699999999999996,68584.47,84373.66
002285,2025-12-02,3.34,0.098684,3589736.27,1160104.322
002286,2025-12-02,9.11,0.0022,80918.0,73236.334
002287,2025-12-02,24.86,-0.004804,13913.33,34697.551
002289,2025-12-02,36.25,0.007503999999999999,21832.77,79899.679
002290,2025-12-02,42.52,0.0028299999999999996,58288.13,247459.114
002291,2025-12-02,7.31,-0.022727,781617.44,572154.946
002292,2025-12-02,9.51,0.01278,1073669.93,1027780.494
002293,2025-12-02,9.87,0.027055,103590.28,101276.255
002294,2025-12-02,60.1,-0.015077,28243.84,171261.1
002295,2025-12-02,11.27,-0.01486,68322.3,76757.474
002296,2025-12-02,10.73,-0.000931,49983.29,53600.504
002297,2025-12-02,9.75,0.001027,677067.78,658966.321
002298,2025-12-02,10.89,-0.025067,485597.66,530036.111
002299,2025-12-02,16.06,-0.0012439999999999999,65512.41,104903.669
002300,2025-12-02,7.78,0.10042400000000001,554277.44,417387.669
002301,2025-12-02,7.86,0.046605,1085248.09,857987.357
002302,2025-12-02,6.46,0.003106,89070.69,57198.571
002303,2025-12-02,4.25,0.0,189883.31,80622.999
002304,2025-12-02,63.91,-0.024275,84569.6,544478.724
002305,2025-12-02,2.52,0.032787000000000004,566771.33,140352.853
002306,2025-12-02,2.03,0.025253,314807.0,63464.32
002307,2025-12-02,5.9,0.036907,1840985.9,1074080.585
002309,2025-12-02,3.23,0.012539,382507.15,122180.223
002310,2025-12-02,2.44,-0.00813,250714.45,61162.244
002311,2025-12-02,54.52,-0.012677,136681.31,744930.774
002312,2025-12-02,11.85,-0.014143,375951.7,446900.486
002313,2025-12-02,11.47,0.015943,286996.75,327156.557
002314,2025-12-02,3.15,0.009615,377566.22,117818.971
002315,2025-12-02,44.24,-0.023184,59231.0,263317.288
002316,2025-12-02,5.28,-0.003774,84533.0,44400.009
002317,2025-12-02,23.56,-0.034426,825926.29,1982415.368
002318,2025-12-02,24.54,-0.008884999999999999,40778.34,100030.302
002319,2025-12-02,13.4,-0.005935,55074.0,73651.448
002320,2025-12-02,13.06,0.017134,682816.24,881142.076
002321,2025-12-02,2.76,0.003636,515868.01,140855.932
002322,2025-12-02,12.38,-0.004023,20214.0,25039.052
002323,2025-12-02,1.79,-0.011049999999999999,445801.91,79627.348
002324,2025-12-02,12.79,-0.017665,94221.58,120726.369
002326,2025-12-02,24.66,-0.013600000000000001,626276.79,1544985.171
002327,2025-12-02,7.26,-0.001376,87021.89,62818.544
002328,2025-12-02,6.67,-0.008915,144571.24,96526.464
002329,2025-12-02,3.93,-0.0025380000000000003,358229.55,140511.494
002330,2025-12-02,5.42,0.013084,129398.62,69317.782
002331,2025-12-02,9.61,0.009454,263355.0,252189.24
002332,2025-12-02,9.2,-0.010752999999999999,98756.32,91142.051
002333,2025-12-02,5.89,0.003407,144843.0,84847.289
002334,2025-12-02,8.44,-0.009389999999999999,99940.28,84271.315
002335,2025-12-02,53.29,-0.0070799999999999995,169544.53,905639.517
002337,2025-12-02,6.31,0.001587,254108.54,160075.271
002338,2025-12-02,50.42,-0.020971000000000004,37714.79,191191.627
002339,2025-12-02,7.97,0.002516,79360.25,62869.235
002340,2025-12-02,7.52,-0.007916,815786.97,612119.85
002342,2025-12-02,7.21,-0.009615,159478.49,115211.621
002343,2025-12-02,8.17,-0.008495,189924.8,155149.557
002344,2025-12-02,4.78,0.021368,209823.0,99437.404
002345,2025-12-02,13.18,0.0,180044.0,234968.712
002346,2025-12-02,16.95,0.001773,29088.09,49230.945
002347,2025-12-02,6.81,-0.011611,73863.0,50305.869
002348,2025-12-02,5.29,0.099792,60348.0,31924.092
002349,2025-12-02,8.03,-0.004957,136593.05,109371.998
002350,2025-12-02,8.4,0.004785,94503.26,78999.674
002351,2025-12-02,12.98,-0.007645,153408.83,199018.503
002352,2025-12-02,37.91,-0.013017,319632.01,1217011.962
002353,2025-12-02,59.92,-0.034638,311401.75,1869713.061
002354,2025-12-02,6.87,-0.025532,571240.96,395562.694
002355,2025-12-02,5.93,0.006791,90286.0,53339.115
002356,2025-12-02,4.71,0.030635,2728533.28,1283104.162
002357,2025-12-02,10.86,0.019718,97697.47,105220.733
002358,2025-12-02,5.47,-0.009058,364584.06,196638.668
002360,2025-12-02,5.26,-0.001898,84710.0,44219.802
002361,2025-12-02,6.81,0.062402,1133667.13,784316.486
002362,2025-12-02,23.05,-0.011578,81971.95,190034.552
002363,2025-12-02,9.32,0.006479,168825.13,156543.253
002364,2025-12-02,23.48,-0.010118,120588.27,283491.299
002365,2025-12-02,16.1,-0.011664,46186.8,74387.549
002366,2025-12-02,7.24,-0.009576,315816.72,227858.378
002367,2025-12-02,7.3,0.00551,78099.5,56945.607
002368,2025-12-02,24.25,-0.021387999999999997,53595.0,130735.402
002369,2025-12-02,10.07,-0.022330000000000003,662117.99,670229.91
002370,2025-12-02,7.5,-0.011858,300709.24,225479.085
002371,2025-12-02,433.28,-0.029521000000000002,65224.44,2843819.437
002372,2025-12-02,10.67,0.021053000000000002,177013.75,188451.094
002373,2025-12-02,11.12,-0.0194,269848.61,301036.867
002374,2025-12-02,3.48,0.008696,539999.41,186897.554
002375,2025-12-02,3.96,0.002532,134825.0,53276.432
002376,2025-12-02,7.55,0.0039889999999999995,78046.0,58685.496
002377,2025-12-02,3.19,0.009494,136360.36,43244.039
002378,2025-12-02,12.71,0.006333999999999999,299924.73,380652.368
002379,2025-12-02,20.52,0.006376,107924.0,220394.46
002380,2025-12-02,26.27,-0.016105,25492.0,67240.353
002381,2025-12-02,6.88,0.010279,46416.16,31721.385
002382,2025-12-02,5.64,-0.008787,71205.73,40137.285
002383,2025-12-02,9.78,0.002049,206032.57,200477.848
002384,2025-12-02,73.26,-0.030438999999999997,390944.19,2893838.993
002385,2025-12-02,4.06,-0.002457,472039.61,191457.557
002386,2025-12-02,5.64,-0.0017699999999999999,223821.08,125573.916
002387,2025-12-02,9.25,-0.006444999999999999,228086.68,211362.358
002388,2025-12-02,6.14,-0.016026,144050.04,87922.122
002389,2025-12-02,22.43,0.006732,230694.63,516641.872
002390,2025-12-02,3.84,0.002611,302179.0,115529.507
002391,2025-12-02,6.04,-0.001653,67735.22,40735.723
002392,2025-12-02,7.62,-0.020566,159903.49,121782.785
002393,2025-12-02,20.51,-0.01109,14534.44,29892.855
002394,2025-12-02,12.54,0.007229,71990.0,90027.622
002395,2025-12-02,17.35,0.006965,45915.51,79072.243
002396,2025-12-02,27.11,-0.002575,117134.65,316408.851
002397,2025-12-02,4.3,-0.016017999999999998,215040.0,92383.195
002398,2025-12-02,6.3,0.022727,1160938.07,724778.087
002399,2025-12-02,12.05,0.007525,31302.52,37490.513
002400,2025-12-02,9.11,-0.015135000000000001,1568190.34,1421514.016
002401,2025-12-02,16.36,-0.018007,39460.2,64776.32
002402,2025-12-02,48.45,-0.032548,481370.1,2344724.732
002403,2025-12-02,12.92,-0.018983,32167.9,41833.512
002404,2025-12-02,7.0,0.007194000000000001,155707.0,108394.633
002405,2025-12-02,8.52,-0.001172,216625.36,185289.313
002406,2025-12-02,7.58,-0.007853,101467.32,76779.587
002407,2025-12-02,32.97,-0.044348,1310413.84,4340236.669
002408,2025-12-02,4.89,-0.004073,107830.48,52695.877
002409,2025-12-02,70.38,-0.014286,79909.56,564153.062
002410,2025-12-02,12.7,-0.013975,170973.81,217564.341
002412,2025-12-02,6.93,-0.005738999999999999,86983.72,60087.397
002413,2025-12-02,9.27,0.099644,6358097.41,5642425.985
002414,2025-12-02,12.14,-0.014610000000000001,233018.2,283971.658
002415,2025-12-02,30.52,-0.001962,253690.0,773849.37
002416,2025-12-02,12.19,-0.015347,229858.44,281116.302
002418,2025-12-02,4.65,-0.012739,413764.0,192461.569
002419,2025-12-02,5.54,0.0,117456.7,64779.89
002420,2025-12-02,7.2,-0.013699,89044.0,64087.54
002421,2025-12-02,2.98,-0.009967,351174.73,104731.3
002422,2025-12-02,34.01,-0.011337,43908.45,149531.357
002423,2025-12-02,11.51,-0.010318,80477.0,92835.161
002424,2025-12-02,5.62,-0.019197,265442.0,149596.365
002425,2025-12-02,3.98,-0.022113,196064.0,77917.456
002426,2025-12-02,3.67,0.002732,1806146.8,662363.097
002427,2025-12-02,6.4,-0.010819,52709.0,33778.341
002428,2025-12-02,25.79,-0.00922,218771.16,560815.547
002429,2025-12-02,6.5,0.0015409999999999998,417429.75,269963.742
002430,2025-12-02,26.81,0.013994,97783.33,262847.276
002431,2025-12-02,2.64,0.0,401225.75,105721.851
002432,2025-12-02,40.8,-0.016631,63880.39,261814.283
002434,2025-12-02,8.96,-0.013216,125532.88,112648.488
002436,2025-12-02,21.47,-0.012874000000000002,625637.09,1353179.252
002437,2025-12-02,3.22,-0.009231,326990.0,105150.308
002438,2025-12-02,14.06,0.028530000000000003,165605.6,229301.73
002439,2025-12-02,14.72,-0.0033850000000000004,72981.96,107042.804
002440,2025-12-02,7.49,-0.002663,105076.5,78713.133
002441,2025-12-02,9.28,-0.009605,55860.85,51823.989
002442,2025-12-02,6.85,0.019345,249398.61,171166.437
002443,2025-12-02,8.26,0.003645,162886.92,134277.195
002444,2025-12-02,31.89,-0.006232,108576.84,346411.499
002445,2025-12-02,2.55,-0.007782,335603.26,85276.118
002446,2025-12-02,8.93,0.014773000000000001,632090.85,559987.812
002448,2025-12-02,10.6,-0.003759,105098.0,111492.913
002449,2025-12-02,9.01,-0.005519,108358.82,97471.264
002451,2025-12-02,11.02,0.045541,815253.01,888126.158
002452,2025-12-02,7.91,-0.002522,126673.0,99862.032
002453,2025-12-02,6.99,0.023426,1038613.77,711685.747
002454,2025-12-02,8.67,-0.004592,51063.5,44350.419
002455,2025-12-02,7.92,-0.016149,296600.44,234513.069
002456,2025-12-02,11.4,-0.014693000000000001,555427.42,634167.984
002457,2025-12-02,11.07,-0.005391,48095.01,53230.955
002458,2025-12-02,8.68,-0.020316,77206.14,67292.711
002459,2025-12-02,11.78,-0.028052999999999998,445993.95,527762.095
002460,2025-12-02,61.47,-0.017266,397714.61,2445825.263
002461,2025-12-02,9.56,0.012712000000000001,130381.0,124667.183
002462,2025-12-02,15.62,-0.015132000000000001,75999.01,118976.704
002463,2025-12-02,70.93,-0.016091,477305.49,3414086.587
002465,2025-12-02,12.36,0.00898,673354.68,826697.87
002466,2025-12-02,52.61,-0.0368,504030.14,2669079.093
002467,2025-12-02,6.41,-0.006202,370354.7,236801.356
002468,2025-12-02,14.08,-0.01676,118196.41,166955.797
002469,2025-12-02,8.43,0.007168,118729.34,99815.604
002470,2025-12-02,1.9,-0.010417000000000001,585922.0,110768.972
002471,2025-12-02,4.27,0.004706,817098.25,351484.212
002472,2025-12-02,39.03,-0.034866,144230.73,567298.087
002474,2025-12-02,12.3,0.10017899999999999,503987.27,616265.584
002475,2025-12-02,60.0,0.023716,1813965.04,10920312.512
002476,2025-12-02,6.26,-0.029457,279542.15,175799.135
002478,2025-12-02,7.57,-0.003947,257588.02,194272.903
002479,2025-12-02,5.02,0.006012,94788.0,47271.099
002480,2025-12-02,6.24,-0.009524,50219.35,31294.113
002481,2025-12-02,5.71,0.008834,188166.52,106598.12
002482,2025-12-02,1.85,0.0,681120.69,125106.795
002483,2025-12-02,6.53,0.001534,60603.0,39471.999
002484,2025-12-02,26.61,-0.018081,124700.57,332712.233
002485,2025-12-02,4.61,0.002174,57605.5,26681.258
002486,2025-12-02,3.21,0.00627,321492.99,102980.644
002487,2025-12-02,50.2,0.001396,140280.06,696884.83
002488,2025-12-02,8.49,-0.03303,285227.49,244102.321
002489,2025-12-02,3.96,0.010204,292847.92,115469.777
002490,2025-12-02,7.33,-0.025266,311087.66,228633.609
002491,2025-12-02,5.72,0.008818,557692.6,319932.33
002492,2025-12-02,7.87,-0.025990000000000003,76265.0,60340.417
002493,2025-12-02,9.73,0.0051649999999999995,333332.39,326963.867
002494,2025-12-02,5.62,0.012613000000000001,115365.0,64267.036
002495,2025-12-02,3.0,-0.019608,882482.89,264249.84
002496,2025-12-02,1.76,0.0,125281.0,22020.48
002497,2025-12-02,21.7,-0.041943,375912.09,823207.007
002498,2025-12-02,3.58,0.002801,269959.17,96218.136
002500,2025-12-02,6.0,-0.004975,113483.86,68063.547
002501,2025-12-02,2.31,-0.012821,520565.75,120131.353
002506,2025-12-02,2.59,-0.01145,1237389.88,319985.552
002507,2025-12-02,13.19,0.009181,119426.44,156930.651
002508,2025-12-02,20.64,0.020772,137070.74,282271.203
002510,2025-12-02,6.97,-0.011348,444923.38,310471.961
002511,2025-12-02,8.36,0.008444,94390.2,78751.388
002512,2025-12-02,6.02,0.001664,2162876.88,1300906.297
002513,2025-12-02,7.38,-0.026385000000000002,254504.07,187888.314
002514,2025-12-02,6.85,0.031627,512598.29,347972.934
002515,2025-12-02,6.19,0.003241,549445.66,343434.087
002516,2025-12-02,6.31,0.00318,223145.81,139892.573
002517,2025-12-02,22.6,-0.019523,294556.94,668504.626
002518,2025-12-02,44.29,-0.0040479999999999995,74541.27,329906.551
002519,2025-12-02,5.93,0.049558,3868236.94,2263652.814
002520,2025-12-02,5.89,-0.01505,131053.59,77266.078
002521,2025-12-02,9.1,0.0011,35283.25,32074.507
002522,2025-12-02,5.22,-0.007605,478488.72,247161.079
002523,2025-12-02,4.07,0.002463,328358.6,132971.225
002524,2025-12-02,4.7,0.010752999999999999,106174.28,49598.863
002526,2025-12-02,3.69,-0.005391,174505.75,64221.872
002527,2025-12-02,15.63,-0.035185,140991.0,222197.471
002528,2025-12-02,3.04,-0.016181,87302.6,26662.946
002529,2025-12-02,7.23,-0.0027589999999999997,20028.0,14474.725
002530,2025-12-02,10.02,-0.014749000000000002,121267.4,121665.392
002531,2025-12-02,7.0,-0.007092,132074.4,92131.427
002532,2025-12-02,12.83,-0.015349,340747.7,436723.207
002533,2025-12-02,11.71,-0.011814,81625.15,95598.142
002534,2025-12-02,14.97,-0.013184,62585.0,93520.05
002535,2025-12-02,3.92,-0.007594999999999999,100621.3,39400.709
002536,2025-12-02,21.65,-0.020804999999999997,91967.64,199971.949
002537,2025-12-02,8.08,-0.011016,125005.0,101210.728
002538,2025-12-02,6.57,0.012327,169556.15,110852.257
002539,2025-12-02,10.96,0.003663,161274.99,175922.791
002540,2025-12-02,7.18,-0.005540000000000001,495772.61,355179.829
002541,2025-12-02,16.46,-0.004837,34862.03,57022.737
002542,2025-12-02,3.57,-0.005571,236011.8,84085.827
002543,2025-12-02,10.73,-0.007401,90028.97,97241.249
002544,2025-12-02,28.73,-0.021124,364954.93,1049350.727
002545,2025-12-02,17.22,-0.027667999999999998,120507.29,208463.804
002546,2025-12-02,6.82,-0.005830999999999999,142583.56,96974.757
002547,2025-12-02,4.88,-0.018109,224193.03,109481.296
002548,2025-12-02,5.68,0.010676000000000001,921261.51,532161.94
002549,2025-12-02,22.97,0.006131999999999999,733185.69,1692102.529
002550,2025-12-02,8.2,-0.015606,128471.0,105712.622
002551,2025-12-02,3.95,0.0,106679.5,41934.903
002552,2025-12-02,16.97,-0.004692,47585.39,80418.331
002553,2025-12-02,25.94,-0.022607,101814.96,264914.372
002554,2025-12-02,3.55,-0.01662,405447.21,143386.731
002555,2025-12-02,20.35,-0.021164000000000002,432456.9,882590.428
002556,2025-12-02,5.87,0.010327,154858.13,90373.483
002557,2025-12-02,22.18,0.017431000000000002,66005.92,145380.735
002558,2025-12-02,40.4,-0.022502,315425.22,1293860.369
002559,2025-12-02,10.41,-0.015137000000000001,143332.0,149523.087
002560,2025-12-02,8.44,-0.003542,121470.0,102167.769
002561,2025-12-02,9.03,0.003333,89811.96,81004.904
002562,2025-12-02,6.58,-0.012012,214770.35,141179.66
002563,2025-12-02,6.26,-0.062874,1635027.82,1032195.995
002564,2025-12-02,8.83,-0.00226,175817.01,154604.106
002565,2025-12-02,9.71,0.09966,2443639.68,2277881.244
002566,2025-12-02,8.23,0.0,45078.0,36919.125
002567,2025-12-02,4.64,-0.008547,176020.23,81858.78
002568,2025-12-02,23.11,-0.028175,69925.13,162792.792
002569,2025-12-02,11.1,-0.008929,18866.0,20736.286
002570,2025-12-02,6.16,-0.015974,267588.26,165074.697
002571,2025-12-02,8.84,0.006834,92471.3,81288.653
002572,2025-12-02,14.5,-0.004804,270267.22,393694.365
002573,2025-12-02,3.86,0.0,96650.0,37243.106
002574,2025-12-02,6.2,-0.00641,189880.61,117215.609
002575,2025-12-02,6.74,-0.018923000000000002,484901.87,325775.218
002576,2025-12-02,16.98,-0.009913,25798.6,43842.152
002577,2025-12-02,19.13,-0.003646,17471.58,33374.781
002578,2025-12-02,4.5,0.013514,1756293.59,779524.967
002579,2025-12-02,11.58,-0.005155,222237.43,258387.733
002580,2025-12-02,12.62,-0.015601,64381.85,81518.4
002581,2025-12-02,7.64,-0.029224999999999998,47110.21,36352.633
002582,2025-12-02,10.37,-0.012381,117807.0,121906.901
002583,2025-12-02,11.91,0.0,404436.31,482509.955
002584,2025-12-02,9.06,-0.015217000000000001,330767.52,300594.002
002585,2025-12-02,5.73,0.015957,296129.96,169811.217
002586,2025-12-02,4.11,0.007352999999999999,68047.0,27874.546
002587,2025-12-02,6.79,0.010417000000000001,240562.66,163087.878
002588,2025-12-02,9.61,0.016931,131758.32,126746.67
002589,2025-12-02,3.2,0.012658,791520.77,252732.425
002590,2025-12-02,13.24,-0.010463,43992.5,58380.846
002591,2025-12-02,7.22,0.004172,134992.56,96364.504
002592,2025-12-02,7.12,-0.012483,29277.6,20851.595
002593,2025-12-02,6.15,0.016529000000000002,531320.0,323418.194
002594,2025-12-02,96.62,0.008875,359217.46,3483571.735
002595,2025-12-02,69.48,-0.005297,20560.92,142609.927
002596,2025-12-02,6.58,-0.016442000000000002,2424353.49,1559707.616
002597,2025-12-02,20.14,-0.003956,25894.07,52221.109
002598,2025-12-02,11.25,-0.010554,39055.15,43951.498
002599,2025-12-02,8.31,-0.007168,107481.0,89287.932
002600,2025-12-02,14.96,0.033149000000000005,2982434.98,4380074.457
002601,2025-12-02,18.0,-0.013699,79416.0,143228.788
002602,2025-12-02,18.07,-0.027448999999999998,1386870.56,2528005.061
002603,2025-12-02,18.65,-0.01061,207665.0,389509.135
002605,2025-12-02,23.67,-0.016618,38283.04,90880.249
002606,2025-12-02,8.87,-0.004489,52547.92,46623.785
002607,2025-12-02,2.57,-0.022814,1118144.52,288151.699
002608,2025-12-02,7.9,0.012821,186607.13,146789.144
002609,2025-12-02,9.66,-0.002066,57657.0,55599.068
002611,2025-12-02,19.33,-0.04496000000000001,1665143.48,3277406.962
002612,2025-12-02,20.24,-0.008329,88254.83,178389.653
002613,2025-12-02,3.87,0.002591,96340.21,37077.283
002614,2025-12-02,7.56,0.025779999999999997,292954.76,219865.455
002615,2025-12-02,8.08,0.003727,66461.0,53582.224
002616,2025-12-02,5.95,-0.008333,87929.61,52338.534
002617,2025-12-02,8.02,-0.015951,372378.09,299033.352
002620,2025-12-02,5.91,-0.010049999999999998,51459.5,30460.26
002622,2025-12-02,3.41,-0.005830999999999999,233143.0,78922.546
002623,2025-12-02,18.64,-0.021522,26196.0,48960.466
002624,2025-12-02,14.34,-0.015109999999999998,253028.41,363182.186
002625,2025-12-02,50.05,0.007448,805605.43,4040196.58
002626,2025-12-02,18.76,-0.003188,46973.0,87816.09
002627,2025-12-02,7.01,0.035451,363926.05,253043.008
002628,2025-12-02,4.33,-0.009153,96748.37,41899.652
002629,2025-12-02,7.51,-0.045743,206963.8,156584.703
002630,2025-12-02,2.78,-0.024561000000000003,196138.0,54757.749
002631,2025-12-02,5.19,0.001931,104676.3,54352.694
002632,2025-12-02,15.05,0.100146,70104.73,105507.619
002633,2025-12-02,17.01,-0.013341,20047.27,34060.514
002634,2025-12-02,6.42,0.045603,293836.71,184193.961
002635,2025-12-02,14.04,-0.002841,55371.52,77756.446
002636,2025-12-02,16.21,-0.019952,318191.61,518324.625
002637,2025-12-02,10.75,-0.028029000000000002,47117.67,50934.144
002638,2025-12-02,3.31,-0.014881,857885.16,288582.324
002639,2025-12-02,14.51,0.030539999999999998,2050723.41,2960211.664
002640,2025-12-02,4.58,-0.017166999999999998,423733.0,194379.665
002641,2025-12-02,4.31,0.007009,138297.28,59187.945
002642,2025-12-02,9.14,0.001095,276931.05,254190.879
002643,2025-12-02,14.16,0.000707,208753.0,295692.72
002644,2025-12-02,9.01,-0.00442,38399.0,34569.862
002645,2025-12-02,14.45,-0.030852,120169.96,175096.684
002646,2025-12-02,9.38,-0.008457,32162.94,30217.667
002647,2025-12-02,6.68,-0.026239,107704.0,72333.632
002648,2025-12-02,16.66,-0.018268,334041.98,559413.428
002649,2025-12-02,13.91,0.005058,142766.0,198271.058
002650,2025-12-02,7.16,-0.0013950000000000002,32466.87,23317.487
002651,2025-12-02,12.33,0.039629,996102.46,1240999.529
002652,2025-12-02,3.84,0.005235999999999999,219218.6,84088.555
002653,2025-12-02,59.37,-0.003023,15866.6,93945.383
002654,2025-12-02,13.77,-0.011486000000000001,225358.68,311048.021
002655,2025-12-02,13.39,0.015933,581982.47,773639.47
002656,2025-12-02,2.7,0.030534,173300.72,46226.932
002657,2025-12-02,26.69,-0.021627999999999998,93720.25,250928.065
002658,2025-12-02,8.58,-0.010381,203998.0,173955.452
002659,2025-12-02,6.35,-0.00626,288212.05,182554.144
002660,2025-12-02,9.74,-0.00409,39967.0,38840.264
002661,2025-12-02,9.73,0.0051649999999999995,26637.0,25850.852
002662,2025-12-02,4.0,0.0,286372.11,114483.492
002663,2025-12-02,2.19,0.004587,264415.58,57493.372
002664,2025-12-02,22.91,-0.02094,67094.43,153888.377
002666,2025-12-02,5.29,0.009542,108377.87,57007.712
002667,2025-12-02,16.28,-0.036686,652082.57,1107193.06
002668,2025-12-02,10.82,0.014058,101226.78,109530.61
002669,2025-12-02,13.38,0.006015,170355.0,227623.759
002670,2025-12-02,17.8,-0.008909,168173.2,299059.353
002671,2025-12-02,5.3,0.017274,210095.55,110879.143
002672,2025-12-02,5.17,0.0,56696.72,29171.471
002673,2025-12-02,7.95,-0.008728,179588.3,142875.738
002674,2025-12-02,13.12,0.005364,92351.7,120743.846
002675,2025-12-02,14.98,-0.018349,51680.4,77798.247
002676,2025-12-02,7.86,-0.019950000000000002,117787.8,92742.948
002677,2025-12-02,8.33,-0.008333,56215.0,46774.207
002678,2025-12-02,5.19,0.003868,137362.71,70906.907
002679,2025-12-02,13.55,0.023414,207958.93,283085.59
002681,2025-12-02,7.27,-0.03836,1340339.81,975452.01
002682,2025-12-02,5.92,0.027778,1122076.7,659273.812
002683,2025-12-02,38.86,-0.026065,101026.54,393377.377
002685,2025-12-02,7.97,-0.022086,363386.91,290614.982
002686,2025-12-02,7.37,0.1,197102.89,142429.064
002687,2025-12-02,5.04,0.01002,84792.5,42304.168
002688,2025-12-02,6.17,-0.003231,71887.0,44433.896
002689,2025-12-02,4.33,-0.050439,3418.0,1479.994
002690,2025-12-02,20.18,-0.000495,37590.98,76042.545
002691,2025-12-02,8.65,-0.017044999999999998,108560.0,94071.503
002692,2025-12-02,5.16,0.0,69934.0,35865.368
002693,2025-12-02,7.13,-0.011096,78108.01,55744.243
002694,2025-12-02,4.47,0.002242,72169.95,32046.102
002695,2025-12-02,12.53,-0.015711,72320.0,90844.65
002696,2025-12-02,7.08,0.004255,136238.4,96004.77
002697,2025-12-02,5.92,0.006803,624210.36,370507.531
002698,2025-12-02,15.95,-0.015432,104633.74,167217.81
002700,2025-12-02,7.17,-0.0041670000000000006,32877.7,23556.402
002701,2025-12-02,5.84,-0.010169,173453.8,101209.071
002702,2025-12-02,8.76,0.100503,1472325.5,1239357.359
002703,2025-12-02,12.15,-0.007352999999999999,77177.07,93680.149
002705,2025-12-02,14.98,0.0053690000000000005,36150.03,54067.401
002706,2025-12-02,9.92,-0.0050149999999999995,124079.11,122864.881
002707,2025-12-02,7.12,0.0,179898.0,128195.981
002708,2025-12-02,12.17,-0.021703999999999998,111464.03,136228.506
002709,2025-12-02,41.02,-0.032319,743816.17,3067769.796
002712,2025-12-02,6.25,0.021242,541971.0,340744.98
002713,2025-12-02,11.72,-0.050243,819047.97,979447.009
002714,2025-12-02,49.13,-0.011469,175828.63,868342.706
002715,2025-12-02,18.85,-0.022303000000000003,48200.52,91214.328
002716,2025-12-02,6.56,-0.022355,1972653.33,1301057.553
002717,2025-12-02,1.76,-0.01676,496496.35,87833.519
002718,2025-12-02,29.26,0.012107000000000001,22034.53,64382.808
002719,2025-12-02,9.6,-0.0062109999999999995,79980.42,76065.857
002721,2025-12-02,3.36,-0.005917,272632.0,91223.499
002722,2025-12-02,15.9,0.0012590000000000001,22105.83,34997.035
002723,2025-12-02,8.78,0.060385999999999995,347356.32,300182.956
002724,2025-12-02,7.14,0.002809,125608.0,90283.332
002725,2025-12-02,14.66,-0.018742,55168.0,81178.554
002726,2025-12-02,4.59,-0.012903,239303.98,109965.589
002727,2025-12-02,13.14,0.0068969999999999995,51526.0,67514.604
002728,2025-12-02,13.68,-0.015827,733430.39,1011717.436
002729,2025-12-02,16.68,0.015216,204328.03,338347.635
002730,2025-12-02,15.01,-0.013149,27972.0,42081.649
002731,2025-12-02,13.77,-0.010065,80942.8,111535.838
002732,2025-12-02,18.77,-0.021886000000000003,159627.0,300272.725
002733,2025-12-02,20.2,-0.023683,88838.1,179833.6
002734,2025-12-02,16.8,-0.011765000000000001,73634.24,123891.99
002735,2025-12-02,14.95,0.015625,195375.01,290447.108
002736,2025-12-02,12.91,-0.011485,175822.3,227525.986
002737,2025-12-02,14.94,-0.005326,43394.0,65212.667
002738,2025-12-02,66.65,-0.009510999999999999,206248.03,1367846.897
002739,2025-12-02,11.21,-0.018389,421796.37,472779.937
002741,2025-12-02,22.8,-0.010846,143137.39,327639.599
002742,2025-12-02,4.82,-0.0061860000000000005,28881.0,13932.279
002743,2025-12-02,5.56,0.005425,72670.13,40145.211
002745,2025-12-02,9.67,-0.014271,386440.6,375524.646
002746,2025-12-02,6.12,-0.006494,118840.0,72517.746
002747,2025-12-02,22.01,-0.018725000000000002,107637.09,237760.294
002748,2025-12-02,11.84,-0.006711,119818.0,141086.385
002749,2025-12-02,14.06,-0.0014199999999999998,10816.79,15217.233
002752,2025-12-02,6.82,0.010369999999999999,458900.15,313016.76
002753,2025-12-02,7.91,0.0,165314.0,131054.379
002755,2025-12-02,17.3,-0.024803000000000002,74285.27,129086.129
002756,2025-12-02,46.07,-0.031736,141503.55,654875.299
002757,2025-12-02,17.12,-0.017785,54638.77,93905.333
002758,2025-12-02,9.88,0.0020280000000000003,72790.0,71736.03
002759,2025-12-02,40.1,-0.059789,1012751.82,4131644.496
002760,2025-12-02,22.57,0.000443,21874.0,49193.754
002761,2025-12-02,8.88,-0.005599,91875.0,81321.914
002762,2025-12-02,7.53,-0.009211,24971.75,18782.6
002763,2025-12-02,7.53,0.004,37870.93,28315.351
002765,2025-12-02,11.99,-0.018822000000000002,124376.22,149534.541
002766,2025-12-02,5.29,-0.001887,89196.8,47103.035
002767,2025-12-02,20.47,-0.011111,49662.0,102245.53
002768,2025-12-02,51.45,-0.010577000000000001,16290.0,84393.593
002769,2025-12-02,11.76,0.037952,380109.53,445047.69
002771,2025-12-02,16.92,-0.009368,87937.3,150299.549
002772,2025-12-02,13.21,0.0060929999999999995,155608.73,201660.11
002773,2025-12-02,30.52,-0.037831000000000004,60923.0,187984.035
002774,2025-12-02,9.96,0.016327,73087.8,71871.477
002775,2025-12-02,4.37,-0.002283,93539.78,40762.226
002777,2025-12-02,19.03,-0.010915,89986.55,171166.759
002778,2025-12-02,22.59,-0.062267,135795.31,308268.499
002779,2025-12-02,111.99,-0.021494,18311.86,205263.713
002780,2025-12-02,15.49,0.002589,86595.69,133956.409
002782,2025-12-02,17.8,-0.01385,74636.23,132969.853
002783,2025-12-02,9.08,-0.0011,74977.0,67892.663
002785,2025-12-02,38.55,0.047554,128264.0,490691.119
002786,2025-12-02,9.3,0.001076,86400.0,80222.919
002787,2025-12-02,11.96,0.01528,434268.63,520875.458
002788,2025-12-02,9.98,0.030992000000000002,347797.66,344192.581
002789,2025-12-02,10.61,-0.045862999999999994,84632.16,90343.637
002790,2025-12-02,9.07,0.014541,117663.28,106153.636
002791,2025-12-02,23.29,-0.015222,47250.05,110419.952
002792,2025-12-02,28.78,0.10015299999999999,50590.07,145598.221
002793,2025-12-02,5.36,-0.003717,116377.6,62001.164
002795,2025-12-02,6.49,-0.02406,521507.4,340025.24
002796,2025-12-02,20.34,0.015477000000000001,100016.72,202768.455
002797,2025-12-02,6.87,-0.005789,270842.46,186149.058
002798,2025-12-02,6.16,-0.009646,58721.16,36039.453
002799,2025-12-02,9.38,0.028509000000000003,348800.09,328404.506
002800,2025-12-02,15.64,-0.0031869999999999997,51518.35,80291.209
002801,2025-12-02,32.0,-0.026172,11272.36,36379.138
002802,2025-12-02,13.23,-0.011949000000000001,20410.16,27003.597
002803,2025-12-02,16.47,0.037154,176489.57,287607.948
002805,2025-12-02,19.17,-0.002082,400859.19,774730.849
002806,2025-12-02,13.9,-0.044017,412938.27,564127.947
002807,2025-12-02,4.91,-0.002033,386729.05,189211.304
002808,2025-12-02,5.32,-0.022059000000000002,42765.0,22747.63
002809,2025-12-02,11.51,0.006119,34537.55,39471.593
002810,2025-12-02,13.08,-0.01283,28248.4,37022.7
002811,2025-12-02,14.81,-0.009365,280122.0,418151.758
002813,2025-12-02,28.86,-0.011644000000000002,31652.0,91383.515
002815,2025-12-02,13.53,-0.014567000000000002,304014.61,414424.393
002816,2025-12-02,21.1,0.0,19872.0,42132.681
002817,2025-12-02,8.14,0.00123,46761.99,37927.918
002818,2025-12-02,11.22,0.010811,25126.45,28025.941
002819,2025-12-02,27.01,-0.01207,19954.0,53950.427
002820,2025-12-02,13.58,0.013432999999999999,135003.0,182295.073
002821,2025-12-02,92.6,-0.020623999999999997,29705.17,276474.377
002822,2025-12-02,4.14,-0.004808,187916.38,77932.077
002823,2025-12-02,15.58,-0.012048000000000001,37408.98,58424.153
002824,2025-12-02,18.56,-0.007487000000000001,34168.8,63599.904
002825,2025-12-02,11.66,-0.002566,186541.92,216765.456
002826,2025-12-02,18.38,-0.006486,27606.0,50671.338
002827,2025-12-02,35.34,-0.008974,20833.0,73791.766
002828,2025-12-02,12.18,-0.004902,208944.0,253647.271
002829,2025-12-02,28.28,0.012169000000000001,125926.7,355270.828
002830,2025-12-02,18.91,-0.002111,26186.0,49580.588
002831,2025-12-02,29.64,-0.017893,66812.06,198099.389
002832,2025-12-02,15.75,0.003185,35928.7,56446.64
002833,2025-12-02,16.3,0.0,14986.4,24402.738
002835,2025-12-02,17.25,-0.002313,19537.06,33684.947
002836,2025-12-02,13.77,0.014738,75156.64,104009.203
002837,2025-12-02,71.37,-0.030694,301020.23,2163537.24
002838,2025-12-02,21.83,0.017241,33375.54,72327.403
002839,2025-12-02,4.76,0.004219,561776.94,266667.787
002840,2025-12-02,9.82,-0.004057,107421.33,105345.196
002841,2025-12-02,38.98,-0.010157000000000001,28140.0,110137.764
002842,2025-12-02,11.33,0.010705,144475.82,163910.336
002843,2025-12-02,18.98,-0.013001,36308.57,69103.628
002845,2025-12-02,15.27,-0.0071519999999999995,266735.33,407746.141
002846,2025-12-02,16.39,-0.019737,89593.0,147397.289
002847,2025-12-02,71.13,-0.012905999999999999,14282.99,101803.52
002848,2025-12-02,8.54,0.016667,117206.86,99770.825
002849,2025-12-02,14.28,0.002105,47355.44,67460.954
002850,2025-12-02,155.3,-0.008998,28200.28,439175.311
002851,2025-12-02,69.29,-0.020774,126264.72,878278.914
002852,2025-12-02,10.85,0.009302,60049.34,64951.081
002853,2025-12-02,14.85,0.010204,41863.0,61999.868
002855,2025-12-02,19.48,-0.007641,144794.0,282707.576
002856,2025-12-02,13.15,0.0038169999999999996,90822.8,119365.73
002857,2025-12-02,19.66,-0.010569,22497.81,44144.287
002858,2025-12-02,14.75,-0.018629,73981.12,108900.803
002859,2025-12-02,28.91,-0.007552,22435.0,65249.017
002860,2025-12-02,15.32,-0.02046,162282.8,248891.487
002861,2025-12-02,21.24,0.020173,123924.95,263990.244
002862,2025-12-02,22.59,-0.1,360170.74,835781.638
002863,2025-12-02,5.96,-0.034036,1273353.47,789820.466
002864,2025-12-02,34.55,-0.017629,58181.28,201682.476
002865,2025-12-02,37.77,-0.039908,109849.32,418831.349
002866,2025-12-02,20.54,0.00293,108993.5,224602.595
002867,2025-12-02,12.69,-0.018561,87389.0,111561.026
002868,2025-12-02,39.07,-0.007116,30094.0,117203.554
002869,2025-12-02,23.88,-0.019302,27159.39,65173.457
002870,2025-12-02,35.39,0.004542,31877.0,114009.208
002871,2025-12-02,15.05,-0.001989,17149.36,25660.318
002872,2025-12-02,5.25,-0.001901,18285.0,9586.162
002873,2025-12-02,10.64,-0.007463,46048.4,48995.604
002875,2025-12-02,16.29,-0.018083000000000002,23994.34,39193.943
002876,2025-12-02,24.96,0.004023,28209.63,70327.158
002877,2025-12-02,9.6,0.018028,323331.84,306235.328
002878,2025-12-02,20.62,-0.023212,346383.42,708514.12
002879,2025-12-02,16.25,0.000616,20402.0,33005.948
002880,2025-12-02,26.36,-0.0064080000000000005,6933.0,18267.902
002881,2025-12-02,47.22,0.029431,253283.63,1194397.248
002882,2025-12-02,31.29,-0.025537,70858.99,223553.683
002883,2025-12-02,11.77,0.001702,41555.1,48564.094
002884,2025-12-02,17.47,-0.011319,20138.56,35268.603
002885,2025-12-02,24.97,-0.020783999999999997,175776.26,439569.223
002886,2025-12-02,19.58,-0.01608,59314.75,117673.265
002887,2025-12-02,9.68,-0.004115,31545.5,30349.862
002888,2025-12-02,21.89,-0.043687,194968.64,427878.171
002889,2025-12-02,15.84,-0.010618,63416.12,100828.325
002890,2025-12-02,15.11,0.004654,20582.99,31092.776
002891,2025-12-02,56.18,-0.00443,32027.78,178153.793
002892,2025-12-02,12.89,-0.016031,72420.08,93678.341
002893,2025-12-02,13.28,-0.008955,222174.96,294721.145
002895,2025-12-02,34.96,-0.011033,49021.89,172069.913
002896,2025-12-02,83.3,-0.023332000000000002,48662.12,406984.511
002897,2025-12-02,45.5,-0.017065999999999998,51170.99,234831.408
002898,2025-12-02,13.87,0.008727,15882.9,22080.327
002899,2025-12-02,23.9,-0.012397,23869.44,57274.312
002900,2025-12-02,14.22,-0.010438000000000001,79901.0,112987.843
002901,2025-12-02,48.96,-0.010109,23414.5,115792.222
002902,2025-12-02,21.65,-0.018586000000000002,58816.81,127684.715
002903,2025-12-02,24.04,-0.00579,76676.75,184193.403
002905,2025-12-02,11.63,-0.019393,174527.02,203259.538
002906,2025-12-02,30.21,0.021644,103355.41,310623.727
002907,2025-12-02,16.22,-0.0042970000000000005,20088.0,32461.998
002908,2025-12-02,10.11,-0.004921,56121.62,56778.552
002909,2025-12-02,7.09,0.021614,262571.33,186446.686
002910,2025-12-02,11.23,0.001784,76944.17,85697.124
002911,2025-12-02,12.3,-0.016787,48372.08,59462.871
002912,2025-12-02,29.7,-0.006024000000000001,24531.15,73080.267
002913,2025-12-02,34.3,-0.00522,35324.0,121619.911
002915,2025-12-02,22.68,-0.02157,81346.1,185133.489
002916,2025-12-02,197.59,0.002486,50515.49,996827.596
002917,2025-12-02,13.31,-0.009673000000000001,37747.97,50298.057
002918,2025-12-02,14.08,-0.0021260000000000003,30690.75,43256.784
002919,2025-12-02,23.86,0.022279,119401.6,280465.757
002920,2025-12-02,109.4,-0.017071,43531.17,477945.869
002921,2025-12-02,15.68,-0.00191,36853.74,57469.547
002922,2025-12-02,28.65,-0.020177999999999998,205747.48,592678.969
002923,2025-12-02,13.89,-0.021831,52273.0,72972.804
002925,2025-12-02,18.46,0.002172,115625.25,212350.594
002926,2025-12-02,9.53,-0.013458000000000001,110638.0,105733.401
002927,2025-12-02,17.25,0.002324,125995.12,216125.593
002928,2025-12-02,9.93,-0.023599000000000002,206784.0,207161.309
002929,2025-12-02,41.01,-0.013709,29754.92,122431.538
002930,2025-12-02,11.66,0.003442,62037.08,72463.046
002931,2025-12-02,21.0,-0.002849,113827.72,238302.239
002932,2025-12-02,18.46,-0.015991,24460.52,45410.73
002933,2025-12-02,33.43,-0.0068330000000000005,10341.0,34652.84
002935,2025-12-02,18.56,-0.001076,98899.39,182660.511
002936,2025-12-02,2.02,0.004975,699895.56,140768.821
002937,2025-12-02,19.54,-0.011134,46449.0,91053.124
002938,2025-12-02,50.25,0.012287999999999999,690982.36,3504988.18
002939,2025-12-02,10.0,-0.015747999999999998,220076.17,220643.447
002940,2025-12-02,36.97,-0.021958000000000002,70051.86,260057.545
002941,2025-12-02,16.45,0.002438,162945.11,267896.098
002942,2025-12-02,20.86,0.012621,37165.2,76961.42
002943,2025-12-02,32.6,-0.00942,28336.4,91903.889
002945,2025-12-02,14.72,-0.015385,47950.0,70940.38
002946,2025-12-02,17.27,-0.00918,40156.0,69268.469
002947,2025-12-02,44.13,-0.022808000000000002,32190.0,143526.963
002948,2025-12-02,4.9,0.002045,306236.31,149725.966
002949,2025-12-02,14.1,-0.001416,24168.0,33980.273
002950,2025-12-02,11.55,-0.006024000000000001,59371.85,68617.365
002951,2025-12-02,13.62,-0.008733999999999999,32229.0,44075.283
002952,2025-12-02,22.48,-0.014467,94740.75,212776.593
002953,2025-12-02,11.67,-0.008496,61254.87,71192.447
002955,2025-12-02,27.99,0.005027,42458.0,119146.653
002956,2025-12-02,25.12,-0.009464,37644.34,93837.605
002957,2025-12-02,19.54,-0.017103,47655.23,93713.948
002958,2025-12-02,3.21,0.0,329851.0,105356.815
002959,2025-12-02,43.76,-0.010626,10278.92,45138.999
002960,2025-12-02,11.28,-0.044067999999999996,429263.57,484876.516
002961,2025-12-02,22.13,0.0031730000000000005,72837.52,160771.814
002962,2025-12-02,15.23,-0.00262,46188.2,70446.199
002963,2025-12-02,15.62,-0.01761,53795.52,84424.601
002965,2025-12-02,37.31,-0.00294,44420.62,166771.946
002966,2025-12-02,8.31,-0.0035970000000000004,238159.21,197781.003
002967,2025-12-02,20.89,-0.004764,69479.7,145143.201
002968,2025-12-02,12.09,0.0041530000000000004,26801.8,32327.657
002969,2025-12-02,4.08,0.056995,915392.83,376009.668
002970,2025-12-02,48.9,-0.001429,38336.51,187250.668
002971,2025-12-02,33.22,0.000301,23508.1,78314.048
002972,2025-12-02,12.51,-0.002392,48730.36,61274.655
002973,2025-12-02,13.89,-0.034746,38352.0,53745.373
002975,2025-12-02,74.82,-0.024257,53216.95,398482.14
002976,2025-12-02,34.41,0.10006399999999999,156364.64,512654.095
002977,2025-12-02,38.39,-0.023403999999999998,73838.32,281546.867
002978,2025-12-02,31.11,-0.008604,31490.0,97722.653
002979,2025-12-02,39.15,-0.021984,31951.19,125558.872
002980,2025-12-02,22.48,-0.02978,38266.4,86214.201
002981,2025-12-02,35.16,0.079521,233164.92,819018.711
002982,2025-12-02,14.55,-0.00818,18646.2,27065.449
002983,2025-12-02,25.08,0.05157199999999999,395099.72,1018003.866
002984,2025-12-02,20.5,0.021425,184460.63,377997.582
002985,2025-12-02,27.87,-0.01797,35208.46,98288.295
002986,2025-12-02,11.1,0.012774,25985.29,28706.535
002987,2025-12-02,18.9,-0.019201,78951.8,150200.879
002988,2025-12-02,38.79,0.009892999999999999,20132.64,77648.67
002989,2025-12-02,24.84,-0.015066999999999999,16700.16,41475.478
002990,2025-12-02,29.21,-0.03214,50798.59,149504.313
002991,2025-12-02,60.09,-0.0075970000000000005,8006.0,48071.722
002992,2025-12-02,51.58,0.045823,21820.99,108959.018
002993,2025-12-02,43.12,-0.007594999999999999,27361.1,118846.457
002995,2025-12-02,18.58,0.02144,101706.67,188709.581
002996,2025-12-02,7.6,-0.010417000000000001,96180.85,72743.394
002997,2025-12-02,35.56,-0.009471,16200.04,57737.57
002998,2025-12-02,7.92,-0.003774,36051.11,28461.695
002999,2025-12-02,7.12,0.0014060000000000001,67745.0,48023.399
003000,2025-12-02,11.72,-0.002553,31678.46,37080.877
003001,2025-12-02,21.34,-0.017043,11340.74,24324.742
003002,2025-12-02,26.75,-0.0011200000000000001,33004.0,88018.402
003003,2025-12-02,13.81,-0.043629,293799.48,405060.71
003004,2025-12-02,21.38,-0.0037280000000000004,4550.0,9733.256
003005,2025-12-02,21.91,-0.000912,48628.2,106996.253
003006,2025-12-02,21.29,-0.009307,20742.15,44212.816
003007,2025-12-02,35.71,-0.019225000000000003,27237.0,97840.043
003008,2025-12-02,23.08,0.0,29874.4,68697.172
003009,2025-12-02,60.01,0.005024,154522.1,928517.312
003010,2025-12-02,36.16,-0.006047,49631.66,180612.161
003011,2025-12-02,25.14,0.100219,71913.67,175200.006
003012,2025-12-02,7.09,-0.004213,51788.75,36732.69
003013,2025-12-02,15.25,0.00395,18765.0,28479.891
003015,2025-12-02,16.28,-0.004281,53276.0,86821.093
003016,2025-12-02,9.54,0.05765,407038.03,389352.489
003017,2025-12-02,29.91,-0.00796,11730.38,35096.457
003018,2025-12-02,24.83,0.10013299999999999,120223.26,298076.342
003019,2025-12-02,32.71,0.013007,48069.0,157590.27
003020,2025-12-02,27.97,-0.007451999999999999,16261.97,45470.792
003021,2025-12-02,103.95,-0.019710000000000002,25416.0,265858.717
003022,2025-12-02,19.14,-0.020471,79016.6,151621.837
003023,2025-12-02,23.69,0.003814,26957.0,63546.013
003025,2025-12-02,14.19,-0.006998,25789.38,36673.577
003026,2025-12-02,30.76,-0.007422,12101.2,37320.843
003027,2025-12-02,21.08,-0.017249,41290.0,87251.33
003028,2025-12-02,30.56,0.000327,6594.8,20198.469
003029,2025-12-02,25.14,-0.013344,42216.0,106110.444
003030,2025-12-02,22.48,-0.018341,55056.0,124066.07
003031,2025-12-02,52.69,-0.005849,12401.65,65499.721
003032,2025-12-02,6.58,-0.009035999999999999,34239.0,22433.878
003033,2025-12-02,62.45,-0.051632,23675.0,150605.442
003035,2025-12-02,4.7,-0.002123,168313.23,78569.853
003036,2025-12-02,16.8,-0.002967,22624.86,37810.856
003037,2025-12-02,7.74,-0.005141,28422.0,22011.169
003038,2025-12-02,15.91,-0.011800999999999999,27204.6,43250.558
003039,2025-12-02,14.06,0.000712,32981.0,46309.495
003040,2025-12-02,18.97,-0.011464,53340.12,101134.688
003041,2025-12-02,51.17,0.034364,132650.5,669837.564
003042,2025-12-02,17.4,-0.001721,27716.0,47870.738
003043,2025-12-02,46.21,-0.033264,15976.4,74193.878
003816,2025-12-02,3.8,0.0026390000000000003,938907.47,356935.911
300001,2025-12-02,25.75,-0.029401,266089.92,684175.451
300002,2025-12-02,11.24,-0.020052,301595.75,340287.347
300003,2025-12-02,15.74,-0.01625,107713.33,170005.451
300004,2025-12-02,10.18,-0.017375,89249.0,90792.776
300005,2025-12-02,10.42,-0.120675,1402061.31,1498771.01
300006,2025-12-02,5.45,0.005535,517290.0,277232.977
300007,2025-12-02,48.15,-0.031187,131836.8,638010.387
300008,2025-12-02,8.23,0.043093000000000006,3345483.12,2727268.746
300009,2025-12-02,9.85,-0.011044,113259.36,111722.74
300010,2025-12-02,6.54,-0.018018,370677.37,242700.918
300011,2025-12-02,8.84,0.030303,235920.9,205568.476
300012,2025-12-02,13.58,-0.001471,140440.32,190765.71
300013,2025-12-02,4.21,0.0,126130.38,52797.412
300014,2025-12-02,70.65,-0.023902,324696.65,2295665.184
300015,2025-12-02,11.5,-0.00605,253211.05,291443.198
300016,2025-12-02,8.16,-0.014493,61600.0,50267.223
300017,2025-12-02,10.31,-0.015282,334505.74,345674.898
300018,2025-12-02,10.84,-0.027803,167641.4,181828.515
300019,2025-12-02,21.28,-0.01709,107270.17,228011.304
300020,2025-12-02,3.67,-0.010782,92640.0,34025.796
300021,2025-12-02,4.73,-0.008386,97523.46,46169.033
300022,2025-12-02,8.22,-0.014388000000000001,81901.0,67133.469
300024,2025-12-02,16.97,-0.019074999999999998,162403.46,276810.451
300025,2025-12-02,6.43,-0.004644,86293.57,55266.919
300026,2025-12-02,3.72,-0.0026810000000000002,333989.86,123929.278
300027,2025-12-02,2.71,-0.003676,774825.3,209081.822
300029,2025-12-02,6.31,-0.017134,32507.0,20471.146
300030,2025-12-02,8.04,-0.003717,46118.94,36971.359
300031,2025-12-02,22.46,-0.005755,83983.55,189368.842
300032,2025-12-02,5.68,0.027125,708675.85,400681.221
300033,2025-12-02,317.17,-0.027025999999999998,54124.15,1721754.354
300034,2025-12-02,16.44,-0.008444,83884.91,138442.213
300035,2025-12-02,21.03,-0.049276999999999994,363756.66,779066.196
300036,2025-12-02,18.13,-0.008206,210769.26,382182.372
300037,2025-12-02,51.46,-0.026484999999999998,152408.23,788719.817
300039,2025-12-02,6.47,-0.0030819999999999997,194815.0,125543.994
300040,2025-12-02,6.31,-0.01252,101442.93,63910.003
300041,2025-12-02,11.25,-0.005305,121386.94,136442.389
300042,2025-12-02,27.68,-0.016696,118682.1,332448.453
300043,2025-12-02,5.84,-0.011843999999999999,399883.32,233935.502
300044,2025-12-02,4.5,-0.013158000000000001,251205.45,113703.715
300045,2025-12-02,23.06,-0.015792,321392.54,740181.296
300046,2025-12-02,36.68,0.023152,185371.97,686854.511
300047,2025-12-02,14.6,-0.018817,100025.89,146678.569
300048,2025-12-02,5.53,-0.010733,121031.28,66854.095
300049,2025-12-02,67.36,-0.029115000000000002,34618.91,235731.284
300050,2025-12-02,5.99,-0.009917,106313.95,63517.82
300051,2025-12-02,7.1,0.015737,176011.01,124664.144
300052,2025-12-02,12.15,-0.00978,56952.11,69088.96
300053,2025-12-02,16.89,-0.030981,1397166.98,2359334.213
300054,2025-12-02,35.34,-0.011192,164955.2,587530.289
300055,2025-12-02,8.16,0.008653,102291.0,83047.233
300056,2025-12-02,8.74,0.0,163300.88,141506.779
300057,2025-12-02,5.97,-0.005,169615.86,101146.052
300058,2025-12-02,10.0,-0.028183,7039729.57,7005429.772
300059,2025-12-02,22.61,-0.020788,2342666.66,5325600.95
300061,2025-12-02,11.05,-0.005401,52955.3,58541.178
300062,2025-12-02,8.92,0.012485999999999999,1064965.78,931590.504
300063,2025-12-02,9.34,0.009729999999999999,628861.0,586466.822
300065,2025-12-02,17.67,0.0,292636.06,520215.361
300066,2025-12-02,6.52,-0.025411000000000003,185738.22,121557.881
300067,2025-12-02,5.1,0.009901,536088.86,271053.984
300068,2025-12-02,17.1,-0.021179,226741.07,388600.516
300069,2025-12-02,19.04,-0.015002999999999999,23400.05,44625.725
300070,2025-12-02,4.25,-0.004684,168719.27,71659.026
300071,2025-12-02,7.1,0.06927699999999999,2759651.2,1906081.209
300072,2025-12-02,4.61,0.002174,428673.31,196041.007
300073,2025-12-02,58.32,-0.014199,82640.12,483257.023
300074,2025-12-02,5.22,0.0,155441.0,80859.978
300075,2025-12-02,15.98,-0.012971,84483.51,135221.517
300076,2025-12-02,7.14,0.005634,172049.04,121862.002
300077,2025-12-02,22.17,0.033085,351734.0,772590.705
300078,2025-12-02,4.99,0.052743000000000005,2042317.1,990980.55
300079,2025-12-02,5.7,-0.003497,237925.02,135413.74
300080,2025-12-02,5.1,-0.026718000000000002,228907.96,116889.133
300081,2025-12-02,5.89,0.008562,445501.12,261692.121
300082,2025-12-02,10.75,-0.030657999999999998,354012.47,381388.746
300083,2025-12-02,9.1,-0.020451999999999998,268293.99,244877.209
300084,2025-12-02,9.1,0.0011,98916.86,89848.146
300085,2025-12-02,38.74,-0.021223000000000002,161924.83,628926.671
300086,2025-12-02,12.12,-0.004108,872877.86,1029892.231
300087,2025-12-02,11.5,-0.0026019999999999997,347853.25,401098.563
300088,2025-12-02,6.15,0.0,511400.57,314856.782
300091,2025-12-02,3.01,-0.029032,353659.27,106574.558
300092,2025-12-02,15.94,-0.03744,132063.06,211926.626
300093,2025-12-02,13.61,0.009644,50230.1,68298.23
300094,2025-12-02,4.24,0.021686999999999998,2122709.65,886760.132
300095,2025-12-02,9.56,0.023555000000000003,230095.7,217542.044
300096,2025-12-02,7.24,0.012587,59262.0,42465.512
300097,2025-12-02,6.32,0.004769,40224.0,25164.025
300098,2025-12-02,5.72,-0.017182,505045.1,288553.359
300099,2025-12-02,7.23,-0.004132,124511.0,90234.03
300100,2025-12-02,38.08,-0.021583,103561.42,396395.488
300101,2025-12-02,22.88,-0.018026,94009.89,216056.971
300102,2025-12-02,22.03,0.049048,2501937.19,5254398.084
300103,2025-12-02,7.43,0.023416000000000003,91363.73,66964.644
300105,2025-12-02,7.58,-0.00915,69946.32,52985.706
300106,2025-12-02,11.56,-0.007724999999999999,59637.89,68607.526
300107,2025-12-02,7.03,-0.002837,32488.0,22848.456
300109,2025-12-02,17.48,-0.010193,73009.24,127348.252
300110,2025-12-02,3.54,0.008547,262798.13,92666.744
300111,2025-12-02,7.41,0.010914,569975.0,417936.724
300112,2025-12-02,9.08,-0.0076500000000000005,50139.02,45433.572
300113,2025-12-02,20.09,-0.022860000000000002,131142.42,265825.705
300115,2025-12-02,42.22,0.006196,1632965.9,6911420.116
300118,2025-12-02,10.4,-0.025305,306284.38,319841.771
300119,2025-12-02,19.38,-0.022692999999999998,38263.11,74720.211
300120,2025-12-02,9.25,-0.007511,140510.11,129188.337
300121,2025-12-02,14.19,-0.021379000000000002,84043.0,119493.341
300122,2025-12-02,20.17,-0.018969,147409.46,298343.769
300123,2025-12-02,8.49,0.088462,3461169.78,2846066.283
300124,2025-12-02,71.07,-0.01278,212151.25,1513207.319
300125,2025-12-02,8.75,0.034279000000000004,116909.15,100943.07
300126,2025-12-02,9.58,-0.016427,63491.7,60907.424
300127,2025-12-02,31.24,-0.022222,44254.0,138392.732
300128,2025-12-02,7.28,0.018182,511742.79,369385.882
300129,2025-12-02,8.28,0.045454999999999995,484408.19,394857.505
300130,2025-12-02,24.9,-0.017751,61295.89,153329.86
300131,2025-12-02,13.18,0.038613,1596744.48,2088050.427
300132,2025-12-02,7.54,0.001328,132555.0,99419.591
300133,2025-12-02,7.59,-0.018111,454119.54,345070.614
300134,2025-12-02,12.82,-0.010039,306021.93,389486.271
300135,2025-12-02,4.08,-0.004878,129799.66,52896.086
300136,2025-12-02,32.13,0.009425,511572.55,1666547.183
300137,2025-12-02,8.17,-0.002442,54196.38,44470.86
300138,2025-12-02,12.38,-0.0096,45989.87,56875.654
300139,2025-12-02,24.79,-0.01627,248001.7,612536.78
300140,2025-12-02,6.43,-0.001553,92769.83,59416.617
300141,2025-12-02,11.85,0.031332,125687.0,148482.07
300142,2025-12-02,11.9,-0.031733,339606.0,406470.291
300143,2025-12-02,10.03,-0.009871999999999999,38272.82,38344.371
300144,2025-12-02,8.07,-0.0037040000000000003,258596.77,209057.829
300145,2025-12-02,4.23,-0.011682,232210.25,98161.4
300146,2025-12-02,12.1,0.0008269999999999999,104313.94,126423.373
300147,2025-12-02,9.63,-0.008239,56708.0,54767.498
300148,2025-12-02,4.73,-0.018672,277658.0,131533.269
300149,2025-12-02,10.12,-0.019379999999999998,55447.64,56309.595
300150,2025-12-02,5.57,-0.008897,115503.1,64143.795
300151,2025-12-02,13.71,-0.010107999999999999,67942.16,93032.019
300152,2025-12-02,2.24,0.018182,332900.21,74542.58
300153,2025-12-02,30.2,-0.028939,88553.0,268541.19
300154,2025-12-02,9.22,-0.017058,29904.0,27636.867
300155,2025-12-02,6.29,0.041391,464283.1,288019.02
300157,2025-12-02,4.85,-0.018219,252811.62,122170.371
300158,2025-12-02,6.71,-0.008863,185380.17,123819.918
300159,2025-12-02,3.43,0.03003,785741.69,262141.372
300160,2025-12-02,5.72,-0.0034839999999999997,63454.0,36263.37
300161,2025-12-02,28.42,-0.018307,19150.38,54653.724
300162,2025-12-02,8.48,-0.003525,207804.86,176848.278
300163,2025-12-02,4.45,0.006787,306765.0,135007.829
300164,2025-12-02,6.05,-0.013051,703045.8,423178.035
300166,2025-12-02,10.65,-0.023831,305346.8,326210.838
300167,2025-12-02,5.47,-0.005455,32205.0,17593.738
300168,2025-12-02,7.09,0.005674,240441.65,169349.148
300169,2025-12-02,6.64,-0.003003,61673.79,40826.932
300170,2025-12-02,18.99,-0.040909,1181322.1,2271037.926
300171,2025-12-02,15.58,-0.015170999999999999,75631.0,118066.643
300172,2025-12-02,5.87,0.022648,437719.13,257182.279
300173,2025-12-02,6.03,-0.011474999999999999,221415.7,133375.034
300174,2025-12-02,15.51,-0.004493,66350.0,102311.661
300175,2025-12-02,5.9,-0.010067,27358.01,16134.175
300176,2025-12-02,6.92,0.0,86457.0,59510.609
300177,2025-12-02,9.71,0.009356,232287.65,223225.112
300179,2025-12-02,15.42,-0.039251999999999995,392356.47,606573.582
300180,2025-12-02,6.6,-0.013453,163181.2,107845.164
300181,2025-12-02,17.25,-0.001158,61876.03,106111.554
300182,2025-12-02,5.8,-0.02027,578558.71,336160.112
300183,2025-12-02,15.63,-0.013258,28481.25,44627.418
300184,2025-12-02,10.17,-0.015489,194717.37,198440.708
300185,2025-12-02,2.89,0.0069689999999999995,617999.0,177773.012
300187,2025-12-02,5.42,0.007435000000000001,80377.0,43263.508
300188,2025-12-02,15.54,-0.015208999999999999,425544.68,657878.223
300189,2025-12-02,6.35,0.056572,2623902.49,1616478.69
300190,2025-12-02,4.16,-0.004785,132765.55,55030.83
300191,2025-12-02,18.57,-0.022632,36545.0,67842.382
300192,2025-12-02,21.81,-0.045932,414834.28,907927.224
300193,2025-12-02,9.13,-0.002186,48794.2,44465.134
300194,2025-12-02,4.64,0.006508000000000001,249557.38,115138.973
300195,2025-12-02,8.3,0.019656,157250.0,129591.014
300196,2025-12-02,13.39,-0.013991,33992.0,45608.834
300197,2025-12-02,1.95,-0.010152000000000001,408546.75,79708.536
300198,2025-12-02,2.53,-0.007843,211264.0,52958.949
300199,2025-12-02,18.67,-0.005857,247972.34,462240.767
300200,2025-12-02,12.82,0.038057,965802.54,1226973.218
300201,2025-12-02,5.83,-0.008503,652096.82,379989.872
300203,2025-12-02,15.44,0.003249,53228.37,82597.656
300204,2025-12-02,28.52,-0.053121,317068.0,911268.426
300205,2025-12-02,4.62,-0.008584000000000001,33679.0,15745.764
300206,2025-12-02,13.83,0.000724,60714.0,83687.359
300207,2025-12-02,29.19,-0.01485,358412.85,1046603.473
300209,2025-12-02,5.56,0.005425,101219.0,55741.521
300210,2025-12-02,8.67,-0.014773000000000001,44870.0,38909.934
300211,2025-12-02,8.75,-0.00906,36694.0,32364.541
300212,2025-12-02,18.54,-0.028302,118787.73,221385.003
300213,2025-12-02,8.91,-0.01547,205713.67,182452.413
300214,2025-12-02,7.1,-0.009762999999999999,90308.0,64068.953
300215,2025-12-02,7.71,-0.027743000000000004,632287.5,478355.548
300217,2025-12-02,5.22,0.0,273330.0,141052.178
300218,2025-12-02,16.65,-0.013626000000000001,47393.0,79342.505
300219,2025-12-02,7.73,-0.003866,214710.75,166133.506
300220,2025-12-02,16.23,-0.035651,119794.5,194722.924
300221,2025-12-02,9.39,0.039867,513137.95,480481.444
300222,2025-12-02,11.1,-0.018568,94768.0,105487.743
300223,2025-12-02,91.63,-0.038308,483399.29,4506855.987
300224,2025-12-02,14.94,-0.026076000000000002,126188.34,189675.859
300225,2025-12-02,5.48,-0.058419,161067.45,90131.259
300226,2025-12-02,24.43,-0.018087,41620.61,102089.526
300227,2025-12-02,8.97,0.0,83841.4,74789.557
300228,2025-12-02,9.02,0.032037,821122.54,732019.376
300229,2025-12-02,20.63,-0.015274000000000001,297409.37,619751.564
300230,2025-12-02,4.93,0.002033,109014.94,53549.466
300231,2025-12-02,10.88,-0.005484,61046.0,66270.39
300232,2025-12-02,7.26,-0.012244999999999999,163829.66,119150.542
300233,2025-12-02,16.5,-0.019608,36399.0,60318.627
300234,2025-12-02,5.37,0.0,67694.76,36147.621
300235,2025-12-02,15.77,-0.039001,150318.46,239845.407
300236,2025-12-02,58.66,-0.002381,136635.59,805438.384
300237,2025-12-02,2.79,-0.037931,625025.0,176273.722
300238,2025-12-02,14.99,-0.017049,42752.0,64101.509
300239,2025-12-02,5.8,0.010452999999999999,93741.02,53986.294
300240,2025-12-02,7.74,-0.003861,52689.0,40768.916
300241,2025-12-02,6.22,-0.003205,547457.57,339271.704
300242,2025-12-02,5.52,-0.010752999999999999,222503.0,122861.499
300243,2025-12-02,10.9,-0.009091,47296.22,51496.988
300244,2025-12-02,15.67,0.000639,125312.0,194884.093
300245,2025-12-02,14.71,0.006156,104448.29,152626.912
300246,2025-12-02,8.68,-0.0057269999999999995,38210.5,32971.436
300247,2025-12-02,5.02,0.006012,266313.04,133478.322
300248,2025-12-02,13.35,-0.021978,217157.54,294864.304
300249,2025-12-02,14.85,-0.021739,75262.0,112202.887
300250,2025-12-02,27.53,-0.015379,164209.81,451994.982
300251,2025-12-02,16.55,-0.020710000000000003,346516.6,576667.741
300252,2025-12-02,13.27,-0.01044,303142.7,401751.581
300253,2025-12-02,8.52,-0.019563,400779.98,342407.424
300254,2025-12-02,10.46,-0.012276,43547.29,45477.101
300255,2025-12-02,64.35,-0.049483,303746.19,1965579.642
300256,2025-12-02,4.45,-0.015486999999999999,720103.0,320559.542
300257,2025-12-02,14.16,-0.016667,50843.51,72128.195
300258,2025-12-02,12.93,-0.014482,76098.86,98627.66
300259,2025-12-02,4.39,-0.004535,214455.2,93702.135
300260,2025-12-02,52.95,-0.034288,172186.57,919532.296
300261,2025-12-02,7.36,-0.022576,144992.0,106711.866
300263,2025-12-02,8.21,-0.001217,155547.23,126890.9
300264,2025-12-02,6.9,-0.015691999999999998,244689.73,169131.388
300265,2025-12-02,9.67,0.009395,113001.0,108560.662
300266,2025-12-02,2.55,-0.019231,160790.0,41108.764
300267,2025-12-02,3.87,-0.005141,607117.53,234182.807
300268,2025-12-02,14.8,0.068592,40881.0,58737.37
300269,2025-12-02,7.19,0.200334,1490017.27,1034297.145
300270,2025-12-02,11.71,-0.129368,548088.33,662129.581
300271,2025-12-02,8.24,0.018541000000000002,340211.99,279893.466
300272,2025-12-02,7.4,0.010929,198031.08,145983.215
300274,2025-12-02,178.7,-0.004789,333052.2,5932321.878
300275,2025-12-02,13.38,-0.009623,93302.4,124960.764
300276,2025-12-02,8.96,-0.01862,140547.72,126292.956
300277,2025-12-02,12.38,-0.024429,79693.95,98875.43
300278,2025-12-02,5.67,-0.007005,138256.36,78110.414
300279,2025-12-02,7.31,-0.009485,57744.56,42211.877
300281,2025-12-02,7.89,-0.0025280000000000003,53065.5,41558.413
300283,2025-12-02,7.91,-0.001263,160379.23,126223.854
300284,2025-12-02,8.25,0.001214,117880.08,97656.366
300285,2025-12-02,22.57,-0.014410000000000001,160597.73,360637.112
300286,2025-12-02,22.78,-0.005674,25433.85,57905.673
300287,2025-12-02,5.26,-0.013132999999999999,293061.72,154221.962
300288,2025-12-02,15.09,0.014113,132958.83,198806.149
300289,2025-12-02,7.51,-0.015727,127846.0,95981.727
300290,2025-12-02,25.19,-0.035974,170422.45,429098.752
300291,2025-12-02,5.92,-0.008375,99889.84,59174.401
300292,2025-12-02,4.82,-0.004132,254221.7,122260.291
300293,2025-12-02,22.58,-0.022511,61664.56,140213.457
300294,2025-12-02,23.64,-0.008805,27167.21,64422.51
300295,2025-12-02,15.18,0.029153,237293.54,358936.583
300296,2025-12-02,6.65,-0.001502,1072487.12,707128.51
300298,2025-12-02,17.75,-0.007271,30364.0,53951.387
300299,2025-12-02,7.97,0.031048,1403435.26,1126998.505
300300,2025-12-02,18.46,0.135301,2126157.6,3774212.226
300301,2025-12-02,2.49,-0.007968,75199.02,18663.335
300302,2025-12-02,19.01,-0.030597,154932.76,296082.275
300303,2025-12-02,6.77,-0.007331,308138.2,208398.88
300304,2025-12-02,11.3,-0.010508,88897.11,100923.071
300305,2025-12-02,6.68,-0.014749000000000002,58144.32,38635.143
300306,2025-12-02,13.81,0.019941,158971.02,216342.296
300307,2025-12-02,7.51,-0.014436,170066.0,128025.165
300308,2025-12-02,542.0,0.007435000000000001,271615.33,14774407.355
300310,2025-12-02,6.54,-0.010589999999999999,343205.73,223661.389
300311,2025-12-02,4.74,-0.02268,98319.0,46873.802
300313,2025-12-02,9.87,-0.011022,49706.0,49370.744
300314,2025-12-02,13.32,-0.007451999999999999,20375.0,27170.496
300315,2025-12-02,5.13,-0.017241,495921.12,254606.049
300316,2025-12-02,35.95,-0.008002,107835.82,388100.633
300317,2025-12-02,4.03,-0.0049380000000000005,194771.09,77951.771
300318,2025-12-02,7.14,0.008475,278155.03,196041.229
300319,2025-12-02,12.0,-0.0058,178520.32,214543.435
300320,2025-12-02,9.72,-0.014199,77194.04,75157.806
300321,2025-12-02,47.25,-0.033545,17374.0,83018.837
300322,2025-12-02,21.66,-0.020796000000000002,124285.77,270582.625
300323,2025-12-02,7.98,-0.023256000000000002,250634.18,201467.304
300324,2025-12-02,6.04,0.016835,1125009.99,674126.9
300326,2025-12-02,5.67,-0.015625,47789.0,27222.872
300327,2025-12-02,29.17,-0.020155,158166.54,459971.957
300328,2025-12-02,16.54,-0.016647000000000002,253801.93,423097.76
300329,2025-12-02,17.35,-0.006868999999999999,29934.0,51953.939
300331,2025-12-02,31.16,-0.016413999999999998,76547.73,238952.326
300332,2025-12-02,5.55,-0.019435,131526.64,73257.403
300333,2025-12-02,11.04,-0.023873000000000002,74283.0,82421.793
300334,2025-12-02,8.18,-0.016827,224966.01,183345.929
300335,2025-12-02,6.11,0.008251,139004.25,84232.42
300337,2025-12-02,10.87,-0.006399,355234.01,383733.527
300338,2025-12-02,4.14,-0.007194000000000001,44768.0,18553.121
300339,2025-12-02,50.22,-0.03181,289234.44,1466858.756
300340,2025-12-02,13.6,-0.019466,70363.0,95917.914
300341,2025-12-02,17.08,0.009455999999999999,58652.0,99957.74
300342,2025-12-02,19.93,-0.002003,366711.69,730647.747
300343,2025-12-02,6.22,0.01634,277834.53,172040.973
300344,2025-12-02,2.69,-0.199405,14822.0,3987.118
300345,2025-12-02,6.6,-0.011976,84984.0,56171.087
300346,2025-12-02,42.27,0.018554,901735.08,3805518.149
300347,2025-12-02,48.8,-0.038801999999999996,125738.8,620982.842
300348,2025-12-02,13.57,-0.021629,125971.51,171729.701
300349,2025-12-02,13.4,-0.002234,57000.57,76330.542
300350,2025-12-02,7.28,0.01676,533667.15,390761.989
300351,2025-12-02,17.05,-0.0069889999999999996,68352.59,117096.061
300352,2025-12-02,5.96,0.013605,381726.84,223745.063
300353,2025-12-02,20.27,-0.026417000000000003,116740.57,238927.651
300354,2025-12-02,43.8,-0.027963000000000002,31418.47,138903.809
300355,2025-12-02,4.21,0.004773,285343.92,119805.932
300357,2025-12-02,30.93,-0.019341,26494.66,82595.782
300358,2025-12-02,9.3,-0.01169,163238.93,151377.623
300359,2025-12-02,5.87,0.0,114643.5,67002.285
300360,2025-12-02,16.47,-0.013772,105086.62,172846.744
300363,2025-12-02,23.19,-0.028488000000000003,66993.44,156061.24
300364,2025-12-02,26.26,-0.029922,471085.27,1249538.053
300365,2025-12-02,6.71,-0.004451,173544.0,115309.694
300366,2025-12-02,6.75,-0.011713,102578.13,69564.83
300368,2025-12-02,14.39,-0.043218,355461.74,517516.529
300369,2025-12-02,8.3,0.003628,323341.65,267235.509
300370,2025-12-02,2.82,-0.013986,204489.0,57740.813
300371,2025-12-02,12.73,-0.009339,20567.36,26203.491
300373,2025-12-02,64.11,-0.017321,60702.85,390595.318
300374,2025-12-02,17.09,0.002346,117711.0,201251.147
300375,2025-12-02,5.28,-0.0075190000000000005,133178.84,70197.405
300376,2025-12-02,5.95,-0.016529000000000002,303473.0,183521.289
300377,2025-12-02,16.43,-0.022024,136836.13,225516.829
300378,2025-12-02,43.96,0.006871,89467.24,391268.635
300380,2025-12-02,40.54,-0.018402,19695.6,80070.124
300381,2025-12-02,6.99,-0.002853,49305.0,34414.711
300382,2025-12-02,15.77,-0.00379,135496.0,213176.816
300383,2025-12-02,13.14,0.017816000000000002,396068.55,508389.443
300384,2025-12-02,16.57,-0.012515,34825.35,57758.441
300385,2025-12-02,6.66,0.004525,132665.2,88325.345
300386,2025-12-02,16.59,-0.016014,35186.5,58624.987
300387,2025-12-02,9.09,0.003311,39945.8,36193.265
300388,2025-12-02,9.28,-0.023157999999999998,101239.4,94404.529
300389,2025-12-02,16.01,-0.013555,32859.83,52744.704
300390,2025-12-02,54.0,-0.019252000000000002,521462.17,2845641.801
300391,2025-12-02,2.14,-0.040359,263908.05,56822.039
300393,2025-12-02,6.96,-0.018335999999999998,347061.34,242189.861
300394,2025-12-02,161.98,0.023118,378898.3,6193640.241
300395,2025-12-02,75.41,-0.016562,133014.69,1006883.204
300396,2025-12-02,13.52,-0.004418,16926.13,22890.909
300397,2025-12-02,14.49,0.037966,578385.49,823467.484
300398,2025-12-02,22.37,0.003589,253122.09,566484.581
300399,2025-12-02,24.86,-0.013491999999999999,28354.2,70630.543
300400,2025-12-02,18.98,-0.018106999999999998,77133.9,147672.208
300401,2025-12-02,14.06,-0.013333,86759.35,122280.761
300402,2025-12-02,20.84,-0.011854,59453.0,124041.948
300403,2025-12-02,14.03,0.012265999999999999,248882.18,344736.924
300404,2025-12-02,9.92,-0.002012,76558.14,75305.484
300405,2025-12-02,7.13,0.0014039999999999999,137990.6,97877.757
300406,2025-12-02,13.72,-0.014368,48719.82,66878.089
300407,2025-12-02,12.88,-0.022761999999999998,132120.25,170079.278
300408,2025-12-02,42.42,-0.010728,147696.93,628246.695
300409,2025-12-02,21.37,-0.020173999999999997,165190.62,354519.287
300410,2025-12-02,8.63,-0.011455,84141.23,72647.018
300411,2025-12-02,11.54,-0.016198,35217.0,40729.586
300412,2025-12-02,5.77,-0.0051719999999999995,178759.3,102379.205
300413,2025-12-02,24.73,-0.029054000000000003,242838.31,603363.049
300414,2025-12-02,12.14,-0.005733,74364.86,90220.578
300415,2025-12-02,24.85,0.0016120000000000002,64220.68,159457.576
300416,2025-12-02,15.56,0.0006429999999999999,97254.19,150841.361
300417,2025-12-02,13.89,0.005064999999999999,37241.56,51505.068
300418,2025-12-02,41.89,-0.037454,508447.06,2144429.527
300419,2025-12-02,6.77,-0.023088,76168.0,51734.645
300420,2025-12-02,4.18,-0.002387,270742.22,112354.34
300421,2025-12-02,24.32,-0.051852,412810.36,1014420.339
300422,2025-12-02,5.18,0.001934,61802.5,31740.958
300423,2025-12-02,7.93,-0.005019,163722.35,128083.876
300424,2025-12-02,17.17,-0.012083,115120.0,197162.075
300425,2025-12-02,5.16,0.0,63920.56,32981.758
300426,2025-12-02,8.52,-0.021814,62485.8,53339.887
300427,2025-12-02,9.27,0.055809,1340809.0,1207878.236
300428,2025-12-02,21.69,-0.004132,114300.31,249887.288
300429,2025-12-02,14.09,-0.007047,280184.57,395245.14
300430,2025-12-02,18.78,0.0,39594.17,74515.539
300432,2025-12-02,15.74,-0.027795,400857.93,633767.993
300433,2025-12-02,28.97,0.010816,1095022.23,3198434.394
300434,2025-12-02,12.24,-0.033938,307642.0,378133.434
300435,2025-12-02,19.1,-0.017995,51771.0,99066.619
300436,2025-12-02,94.3,-0.052546999999999996,81963.0,779475.864
300437,2025-12-02,24.08,0.114815,786303.16,1726389.236
300438,2025-12-02,54.96,-0.049957,332152.28,1847747.883
300439,2025-12-02,10.44,-0.00666,26755.0,27918.576
300440,2025-12-02,12.02,-0.009885,27147.0,32630.478
300441,2025-12-02,7.76,-0.0012870000000000002,41772.68,32356.42
300442,2025-12-02,50.1,-0.012029000000000001,326990.61,1659965.127
300443,2025-12-02,27.1,-0.0055049999999999995,67679.5,181991.75
300444,2025-12-02,9.39,-0.011578999999999999,361139.6,337441.308
300445,2025-12-02,21.11,-0.021779000000000003,55310.27,116790.954
300446,2025-12-02,20.44,-0.015888,293315.5,599663.214
300447,2025-12-02,16.34,0.021889,180677.62,293138.874
300448,2025-12-02,7.57,-0.018158,197332.59,150253.481
300449,2025-12-02,7.35,-0.006757,107590.42,78759.523
300450,2025-12-02,48.17,-0.021928999999999997,330204.94,1598855.962
300451,2025-12-02,5.17,-0.005769,373746.57,192702.509
300452,2025-12-02,14.38,-0.00622,59810.5,85968.699
300453,2025-12-02,9.16,-0.011866000000000002,46265.63,42364.696
300454,2025-12-02,115.15,-0.01269,46766.8,536773.782
300455,2025-12-02,25.73,-0.008095999999999999,661661.16,1723234.343
300456,2025-12-02,58.43,0.152693,1806119.48,9974059.929
300457,2025-12-02,27.15,-0.028623,113238.88,309554.198
300458,2025-12-02,43.24,-0.017049,236990.95,1033239.269
300459,2025-12-02,4.86,-0.033797,1470133.89,719713.048
300460,2025-12-02,10.51,-0.0066159999999999995,162541.38,171287.177
300461,2025-12-02,20.58,-0.010577000000000001,16293.0,33659.435
300462,2025-12-02,11.45,-0.021368,26557.0,30548.908
300463,2025-12-02,11.5,-0.0034660000000000003,32701.92,37586.412
300464,2025-12-02,7.09,0.032023,234670.26,164037.646
300465,2025-12-02,21.12,-0.031637,114659.0,243703.102
300466,2025-12-02,10.05,-0.018555,81329.2,81820.698
300467,2025-12-02,26.96,0.000371,71072.0,190449.326
300468,2025-12-02,32.04,-0.023468,143865.94,463007.687
300469,2025-12-02,63.1,-0.023069000000000003,61999.37,398109.343
300470,2025-12-02,35.29,-0.005915,13257.0,46958.298
300471,2025-12-02,14.84,0.049505,539282.7,786600.519
300472,2025-12-02,9.03,-0.014192,93236.6,84918.095
300473,2025-12-02,28.18,-0.017776,20797.0,58880.518
300474,2025-12-02,72.28,-0.022317999999999998,70259.94,511275.245
300475,2025-12-02,130.57,-0.036739,417382.98,5469657.191
300476,2025-12-02,272.36,0.013169,340792.66,9341413.118
300477,2025-12-02,3.43,-0.092593,1494213.41,522256.595
300478,2025-12-02,27.98,0.009744000000000001,56068.2,157414.35
300479,2025-12-02,19.85,-0.011453999999999999,30484.0,60508.096
300480,2025-12-02,15.91,-0.019717,45283.55,72201.806
300481,2025-12-02,16.55,-0.033294000000000004,111393.98,185081.531
300482,2025-12-02,20.92,-0.012742,28708.0,60317.924
300483,2025-12-02,16.2,0.017588,197787.28,317026.271
300484,2025-12-02,19.19,-0.016906,29495.89,56796.872
300485,2025-12-02,11.52,-0.022071,68721.36,79446.528
300486,2025-12-02,20.23,-0.036208,105234.68,214951.588
300487,2025-12-02,53.74,-0.013221,18163.24,98070.002
300488,2025-12-02,31.58,-0.020471,12795.0,40477.05
300489,2025-12-02,40.63,-0.0048980000000000004,7348.0,29864.603
300490,2025-12-02,13.4,-0.024745,310393.0,415299.712
300491,2025-12-02,25.6,-0.013487,48508.55,124007.737
300492,2025-12-02,68.65,-0.018444000000000002,9499.47,65909.212
300493,2025-12-02,22.09,0.005462,524550.71,1145598.759
300494,2025-12-02,12.24,-0.013699,84915.6,104083.245
300496,2025-12-02,67.03,-0.010188999999999998,224182.91,1515807.552
300497,2025-12-02,16.13,0.003734,706332.72,1148265.276
300498,2025-12-02,17.2,-0.019384,437327.49,756151.749
300499,2025-12-02,26.18,-0.028932000000000003,137792.84,364196.203
300500,2025-12-02,16.45,-0.019666,124141.98,204452.125
300501,2025-12-02,16.75,0.042315,67975.0,112105.003
300502,2025-12-02,365.0,0.026404999999999998,378605.49,13668752.053
300503,2025-12-02,29.46,-0.039765,145413.58,432577.801
300504,2025-12-02,14.64,0.0,39030.43,56932.492
300505,2025-12-02,23.22,-0.009386,135907.15,315173.166
300506,2025-12-02,4.34,-0.029083,157996.4,68002.872
300507,2025-12-02,8.86,-0.014461,96135.65,85177.362
300508,2025-12-02,34.52,-0.021265,31192.4,108543.52
300509,2025-12-02,12.96,-0.028485999999999997,234132.29,305595.747
300510,2025-12-02,4.3,0.0,126511.0,54184.305
300511,2025-12-02,7.1,-0.017981,114930.55,81722.414
300512,2025-12-02,9.75,0.012461,133320.17,129222.475
300513,2025-12-02,9.94,-0.00996,61484.0,61170.158
300514,2025-12-02,13.66,-0.002191,29923.43,40619.529
300515,2025-12-02,19.5,-0.012658,15218.0,29768.791
300516,2025-12-02,53.44,0.067093,223438.51,1162542.441
300517,2025-12-02,12.0,0.0,64436.0,76763.732
300518,2025-12-02,16.98,-0.021889,83227.15,140917.15
300519,2025-12-02,16.26,-0.010347,26786.0,43562.491
300520,2025-12-02,34.25,-0.024772,141839.47,487150.539
300521,2025-12-02,29.69,-0.023034,36516.4,108791.477
300522,2025-12-02,13.36,-0.014022,72688.0,97968.573
300525,2025-12-02,14.18,0.024565999999999998,353833.86,497871.396
300527,2025-12-02,8.48,-0.0046949999999999995,166069.69,141555.923
300528,2025-12-02,22.14,-0.072864,364247.78,823151.254
300529,2025-12-02,20.24,-0.003447,20906.75,42284.42
300530,2025-12-02,28.13,-0.041567,30104.55,85814.739
300531,2025-12-02,17.53,-0.010722,38411.02,67438.528
300532,2025-12-02,11.98,-0.008278,23992.05,28785.199
300533,2025-12-02,34.38,-0.021349,41984.0,144982.57
300534,2025-12-02,10.56,-0.003774,121275.12,127163.657
300535,2025-12-02,19.39,-0.00666,17600.34,34070.077
300536,2025-12-02,8.22,-0.020262,43795.0,36015.462
300537,2025-12-02,23.5,-0.0063419999999999995,60041.8,140344.542
300538,2025-12-02,18.26,0.000548,188026.0,344107.017
300539,2025-12-02,42.21,-0.024723000000000002,34157.0,144910.638
300540,2025-12-02,19.13,0.015931999999999998,77668.44,146793.065
300541,2025-12-02,14.77,-0.008059,93504.99,137974.095
300542,2025-12-02,18.72,0.025192000000000003,113397.55,210725.006
300543,2025-12-02,10.93,-0.009066,33029.79,36158.611
300545,2025-12-02,34.16,-0.042064000000000004,238260.41,820072.717
300546,2025-12-02,24.2,0.0,40377.55,97933.267
300547,2025-12-02,32.93,-0.024296,55483.07,183648.353
300548,2025-12-02,117.52,-0.027152,282530.28,3298195.121
300549,2025-12-02,20.0,0.013685000000000001,28975.0,57646.24
300550,2025-12-02,13.91,-0.009963999999999999,19425.0,27003.513
300551,2025-12-02,13.33,-0.034058000000000005,113581.0,153235.767
300552,2025-12-02,24.96,-0.014218,17610.0,44018.834
300553,2025-12-02,36.25,-0.055005,32509.3,119996.739
300554,2025-12-02,23.67,-0.014161,23282.17,55261.412
300555,2025-12-02,13.96,0.024211,181231.5,262610.656
300556,2025-12-02,20.91,-0.003811,65451.0,136800.824
300557,2025-12-02,28.48,-0.013167,15976.58,45613.336
300558,2025-12-02,48.3,-0.017893,42866.82,208147.357
300559,2025-12-02,11.79,-0.012563,47564.0,56100.428
300560,2025-12-02,19.94,0.037461,620977.47,1227307.541
300561,2025-12-02,13.98,-0.023060999999999998,44944.92,62963.167
300562,2025-12-02,14.19,-0.006303,43934.0,62417.343
300563,2025-12-02,38.19,0.040883,105395.93,395658.007
300564,2025-12-02,15.91,-0.018507,15768.0,25199.033
300565,2025-12-02,12.97,0.00387,135765.49,174553.927
300566,2025-12-02,18.94,0.00852,79268.6,150230.43
300567,2025-12-02,67.19,-0.020839,30877.1,208186.705
300568,2025-12-02,16.18,0.051332,1968582.1,3227303.851
300569,2025-12-02,5.92,-0.016611,231033.03,136567.246
300570,2025-12-02,102.33,-0.023195999999999998,147822.13,1511339.594
300571,2025-12-02,29.29,-0.012808,23946.0,69975.094
300572,2025-12-02,28.28,0.008919,40932.48,114511.495
300573,2025-12-02,71.42,-0.017336,41286.25,296430.051
300575,2025-12-02,6.13,0.003273,74612.77,45586.628
300576,2025-12-02,39.23,-0.042937,508983.56,1994097.921
300577,2025-12-02,24.25,0.002066,18589.1,45071.492
300578,2025-12-02,19.0,-0.007833,51686.0,98481.102
300579,2025-12-02,30.07,-0.01053,19602.89,58939.886
300580,2025-12-02,23.98,-0.014386000000000001,35340.7,85096.209
300581,2025-12-02,17.52,0.005163999999999999,335434.02,587382.127
300582,2025-12-02,15.28,0.008581,74251.43,112905.853
300583,2025-12-02,15.05,-0.011819,14955.6,22547.39
300584,2025-12-02,53.71,-0.026286999999999998,44298.05,237692.595
300585,2025-12-02,19.56,-0.010622,64671.49,125993.19
300586,2025-12-02,10.33,0.00194,82121.9,84936.027
300587,2025-12-02,7.7,-0.003881,163408.69,125796.602
300588,2025-12-02,30.1,-0.070988,150878.2,459515.26
300589,2025-12-02,23.24,0.073441,1015766.72,2344671.742
300590,2025-12-02,12.66,-0.005499,83907.58,105999.599
300591,2025-12-02,10.12,0.017085,433894.4,437641.922
300592,2025-12-02,11.64,-0.020202,186034.4,218194.393
300593,2025-12-02,25.87,-0.003467,319083.05,810391.092
300594,2025-12-02,18.19,-0.017287999999999998,17268.0,31382.957
300595,2025-12-02,15.65,-0.018193,58343.44,91744.482
300596,2025-12-02,39.18,-0.008603,30330.0,118733.98
300597,2025-12-02,9.76,0.007224,65812.0,63850.86
300598,2025-12-02,47.42,-0.038329,106528.94,510804.656
300599,2025-12-02,7.3,0.002747,47443.47,34277.479
300600,2025-12-02,16.68,0.016453,189573.65,317217.166
300601,2025-12-02,15.66,-0.027329,115705.37,182335.994
300602,2025-12-02,27.78,-0.022174999999999997,276873.26,776496.739
300603,2025-12-02,10.44,-0.0038169999999999996,59134.0,61587.341
300604,2025-12-02,78.68,-0.009193,183629.1,1451891.32
300605,2025-12-02,19.61,0.121212,457349.56,860049.433
300606,2025-12-02,22.14,-0.02122,25764.0,57188.254
300607,2025-12-02,28.69,-0.040468000000000004,130927.22,376681.011
300608,2025-12-02,12.02,-0.017171000000000002,66633.2,79979.242
300609,2025-12-02,43.7,0.019837,90971.0,390891.007
300610,2025-12-02,12.21,-0.015323,61135.1,74891.191
300611,2025-12-02,27.54,0.0125,79798.09,217069.904
300612,2025-12-02,19.08,0.00899,356292.8,666675.557
300613,2025-12-02,46.06,-0.005613,37196.54,171427.496
300614,2025-12-02,13.13,-0.022338,22652.0,29819.119
300615,2025-12-02,14.13,-0.007027,41142.5,58088.46
300616,2025-12-02,14.31,0.024338000000000002,68467.9,97484.23
300617,2025-12-02,31.16,-0.012674000000000001,14191.14,44139.445
300618,2025-12-02,43.17,-0.026607,59342.06,257530.111
300619,2025-12-02,48.73,-0.030056,98625.97,485089.003
300620,2025-12-02,144.18,-0.045292000000000006,298574.4,4303393.295
300621,2025-12-02,9.28,-0.005359,40854.0,37864.068
300622,2025-12-02,32.05,-0.024947,217319.8,692857.462
300623,2025-12-02,27.26,-0.011603,73286.15,200093.584
300624,2025-12-02,74.19,-0.019429000000000002,83197.32,618068.377
300625,2025-12-02,12.42,0.001613,16173.0,20017.45
300626,2025-12-02,14.38,-0.015743,150899.8,218640.292
300627,2025-12-02,30.54,-0.028317000000000002,177298.12,542962.23
300628,2025-12-02,34.18,-0.005528,40519.52,138133.289
300629,2025-12-02,18.82,-0.005285,29729.6,55926.7
300631,2025-12-02,29.2,-0.032472,40385.0,118528.646
300632,2025-12-02,15.84,0.049006999999999995,350317.14,541444.264
300633,2025-12-02,27.05,-0.0217,37919.0,103281.869
300634,2025-12-02,26.76,-0.014728000000000002,146892.24,397095.627
300635,2025-12-02,17.51,-0.016843999999999998,46616.0,82424.13
300636,2025-12-02,8.14,-0.0036720000000000004,39579.5,32214.188
300637,2025-12-02,12.28,-0.007276,52306.3,64221.914
300638,2025-12-02,34.4,0.062384,1897125.52,6190557.764
300639,2025-12-02,5.9,0.003401,80086.8,46922.486
300640,2025-12-02,7.92,0.007633999999999999,294192.07,231614.971
300641,2025-12-02,18.6,-0.012215,35705.92,66656.94
300642,2025-12-02,19.2,-0.020408,33159.4,63950.102
300643,2025-12-02,19.38,-0.019726999999999998,30757.94,59784.182
300644,2025-12-02,32.3,-0.007376000000000001,15106.4,48964.547
300645,2025-12-02,18.63,-0.005339,30370.0,56514.352
300647,2025-12-02,7.44,0.0,228814.0,170322.497
300648,2025-12-02,48.73,-0.014360999999999999,31194.84,152496.445
300649,2025-12-02,15.67,-0.005711000000000001,21510.0,33605.3
300650,2025-12-02,18.39,0.0016339999999999998,63591.0,116460.53
300651,2025-12-02,21.3,-0.00653,55949.75,119204.718
300652,2025-12-02,52.04,-0.020884,15159.1,79298.662
300653,2025-12-02,22.46,-0.003991,58291.59,129114.648
300654,2025-12-02,10.63,-0.014829000000000002,187655.96,199005.403
300655,2025-12-02,16.29,-0.010929,932942.5,1514235.827
300656,2025-12-02,21.21,-0.009804,16003.78,34000.36
300657,2025-12-02,29.24,0.03946,364756.83,1048601.704
300658,2025-12-02,12.23,0.043515,202514.4,239403.943
300659,2025-12-02,18.19,0.027684,252695.0,457202.984
300660,2025-12-02,46.17,-0.035916000000000003,60090.42,279953.371
300661,2025-12-02,65.7,-0.017203,79567.29,525279.231
300662,2025-12-02,27.52,-0.009716,18801.0,51991.378
300663,2025-12-02,17.77,-0.016058,78991.8,141451.002
300664,2025-12-02,5.67,0.0035399999999999997,138821.0,77988.568
300665,2025-12-02,9.64,-0.024291,93872.75,90588.85
300666,2025-12-02,86.32,-0.021981,59599.0,517501.17
300667,2025-12-02,16.89,0.023636,172283.37,291531.67
300668,2025-12-02,19.53,-0.001534,16272.5,31597.235
300669,2025-12-02,26.75,-0.019787,10212.0,27516.666
300670,2025-12-02,8.73,-0.035359,211245.5,184869.873
300671,2025-12-02,34.72,-0.009415,34827.72,121303.049
300672,2025-12-02,102.05,0.03541,158989.26,1617524.425
300673,2025-12-02,18.33,0.004384,56036.0,101630.708
300674,2025-12-02,22.3,-0.015453,57767.53,129578.488
300675,2025-12-02,17.17,-0.016046,52044.21,89260.168
300676,2025-12-02,45.74,-0.020975999999999998,38864.8,178211.401
300677,2025-12-02,42.4,-0.024839000000000003,87455.96,372777.247
300678,2025-12-02,30.71,-0.016021,35405.08,109343.406
300679,2025-12-02,46.78,-0.01764,36631.73,172610.374
300680,2025-12-02,46.52,-0.037849,90997.41,426419.201
300681,2025-12-02,28.16,-0.008451,33088.0,93000.058
300682,2025-12-02,15.7,-0.035627,246239.27,389568.369
300683,2025-12-02,30.0,-0.019608,38500.74,115736.744
300684,2025-12-02,43.29,0.011685000000000001,233780.09,1027902.86
300685,2025-12-02,21.55,-0.01373,36176.6,78258.967
300686,2025-12-02,15.88,-0.050239000000000006,242179.2,386729.79
300687,2025-12-02,22.81,-0.02145,61645.41,140908.785
300688,2025-12-02,29.58,-0.019556,70149.5,208453.39
300689,2025-12-02,47.16,-0.043213999999999995,12991.0,62046.053
300690,2025-12-02,29.68,-0.012969999999999999,24637.79,73379.711
300691,2025-12-02,18.36,0.032621000000000004,188989.22,349345.917
300692,2025-12-02,8.28,-0.00241,57342.09,47277.598
300693,2025-12-02,38.17,-0.021533000000000004,97087.08,371233.773
300694,2025-12-02,12.24,-0.005686,29986.0,36671.048
300695,2025-12-02,89.37,-0.019636,4665.0,41784.319
300696,2025-12-02,25.43,-0.011659999999999998,50862.59,129571.937
300697,2025-12-02,15.88,-0.029933,114978.78,182396.108
300698,2025-12-02,39.89,-0.002251,34937.0,139674.41
300699,2025-12-02,29.13,-0.0027389999999999997,61946.3,180063.811
300700,2025-12-02,11.52,-0.022071,43212.96,50074.704
300701,2025-12-02,12.15,-0.015397000000000001,40398.5,49248.4
300702,2025-12-02,24.66,-0.02104,22012.0,54646.791
300703,2025-12-02,24.63,-0.028401999999999997,47658.0,118197.494
300705,2025-12-02,15.94,-0.010551999999999999,39686.4,63358.632
300706,2025-12-02,35.15,-0.007623,46119.8,161003.92
300707,2025-12-02,15.94,0.007585,78806.0,125259.429
300708,2025-12-02,8.7,-0.002294,123765.45,107499.172
300709,2025-12-02,44.95,-0.014902,77068.8,348702.627
300710,2025-12-02,26.06,-0.019563999999999998,89269.91,233413.386
300711,2025-12-02,22.5,0.0,49001.73,110084.822
300712,2025-12-02,28.73,0.011264000000000001,66236.3,189984.654
300713,2025-12-02,17.53,-0.008484,24291.53,42431.699
300715,2025-12-02,10.88,-0.011807000000000002,20410.0,22236.194
300716,2025-12-02,11.8,-0.021559,17236.0,20586.066
300717,2025-12-02,19.89,-0.011431,13616.59,27110.591
300718,2025-12-02,81.65,-0.029709,51067.17,420650.615
300719,2025-12-02,16.55,-0.01194,70253.24,116166.401
300720,2025-12-02,28.25,-0.016707,19694.26,55811.249
300721,2025-12-02,14.59,-0.008158,43906.3,64351.229
300722,2025-12-02,33.38,0.006938,65593.99,217146.373
300723,2025-12-02,48.22,-0.022105,60145.0,290909.339
300724,2025-12-02,83.3,-0.019077,81765.73,683762.401
300725,2025-12-02,37.88,-0.013798,26288.4,99999.717
300726,2025-12-02,41.13,-0.017908,87979.97,362288.672
300727,2025-12-02,33.53,-0.016715999999999998,15958.86,53650.133
300729,2025-12-02,14.13,-0.011196999999999999,25313.99,35817.444
300730,2025-12-02,13.29,-0.021355,82033.22,109174.95
300731,2025-12-02,46.8,-0.030855,78158.0,365849.846
300732,2025-12-02,7.9,-0.0037830000000000003,58427.63,45959.986
300733,2025-12-02,16.96,-0.022477999999999998,27856.8,47641.794
300735,2025-12-02,25.72,-0.014558999999999999,90621.2,233824.075
300736,2025-12-02,19.92,0.038582,123330.6,243217.383
300737,2025-12-02,5.34,0.024952000000000002,276773.64,145719.079
300738,2025-12-02,18.99,-0.022645,225879.31,430610.123
300739,2025-12-02,16.99,-0.011635,111248.58,189471.71
300740,2025-12-02,20.0,-0.016715999999999998,88712.06,177907.921
300741,2025-12-02,17.51,0.00229,20892.08,36563.644
300743,2025-12-02,17.92,-0.009396999999999999,17436.4,31228.204
300745,2025-12-02,27.4,-0.035211,68787.67,189700.362
300746,2025-12-02,13.4,-0.01034,37314.26,50201.914
300747,2025-12-02,24.65,-0.008048,63395.53,156408.236
300748,2025-12-02,33.86,-0.027010999999999997,313856.64,1059186.975
300749,2025-12-02,10.87,0.014939000000000001,63162.0,68320.382
300750,2025-12-02,380.08,-0.007546000000000001,163484.61,6220569.502
300751,2025-12-02,119.5,0.045952,111924.51,1332159.593
300752,2025-12-02,19.37,-0.007684,58464.2,113142.602
300753,2025-12-02,27.46,0.011791000000000001,65269.54,179151.593
300755,2025-12-02,18.79,-0.025415,29914.87,56564.417
300756,2025-12-02,54.1,-0.043324,43849.21,239908.525
300757,2025-12-02,198.85,-0.01754,28048.24,558539.386
300758,2025-12-02,13.63,0.011128,135162.2,186010.856
300759,2025-12-02,29.0,-0.022252,113035.75,328625.266
300760,2025-12-02,200.62,-0.00496,42517.96,855263.688
300761,2025-12-02,20.35,-0.01405,63368.52,129849.581
300762,2025-12-02,27.72,-0.004668,588784.66,1640600.19
300763,2025-12-02,70.6,-0.019308000000000002,70911.14,503245.668
300765,2025-12-02,30.94,-0.033729,117778.6,366898.184
300766,2025-12-02,35.1,-0.038356,350727.6,1251200.429
300767,2025-12-02,20.48,-0.026153,66633.3,137776.471
300768,2025-12-02,19.15,-0.01593,55471.0,106528.983
300769,2025-12-02,47.57,-0.004187,205869.28,982799.344
300770,2025-12-02,42.38,-0.020116000000000002,31500.32,134003.063
300771,2025-12-02,13.43,-0.009587,35310.59,47491.845
300772,2025-12-02,17.55,0.005731000000000001,110190.71,192125.856
300773,2025-12-02,21.67,-0.020786,98042.95,213584.484
300774,2025-12-02,18.88,-0.055528,221359.55,417891.571
300775,2025-12-02,28.52,0.0,224997.84,642547.808
300776,2025-12-02,59.46,-0.017677000000000002,21773.43,130196.245
300777,2025-12-02,31.06,-0.013028,57053.0,177982.039
300778,2025-12-02,14.33,0.018479000000000002,148566.18,213387.796
300779,2025-12-02,122.59,-0.027063,68643.74,853795.72
300780,2025-12-02,17.54,-0.019015999999999998,32983.02,58021.749
300781,2025-12-02,39.21,0.014227,97682.52,376293.786
300782,2025-12-02,70.59,0.003269,53827.92,378913.457
300783,2025-12-02,23.4,0.004723,90385.0,213173.569
300784,2025-12-02,51.87,-0.00365,3597.02,18648.646
300785,2025-12-02,43.66,-0.009528,243306.75,1071392.905
300786,2025-12-02,16.48,-0.016706000000000002,62482.23,103542.723
300787,2025-12-02,12.0,-0.004149,48679.0,58268.785
300788,2025-12-02,29.65,-0.034201999999999996,66768.0,200131.961
300789,2025-12-02,23.58,-0.025619999999999997,13328.46,31622.529
300790,2025-12-02,29.2,0.0034360000000000003,86974.44,254422.667
300791,2025-12-02,23.59,0.00383,12448.74,29295.893
300792,2025-12-02,29.98,-0.02186,71661.8,215725.136
300793,2025-12-02,18.02,-0.033262,292349.6,525863.348
300795,2025-12-02,15.9,0.021851,112844.49,177554.395
300796,2025-12-02,9.03,-0.007692,40397.0,36501.465
300797,2025-12-02,16.02,-0.020782,25296.5,40730.925
300798,2025-12-02,7.57,-0.021964,79215.0,60243.902
300800,2025-12-02,12.01,-0.001663,20371.95,24400.031
300801,2025-12-02,29.18,-0.008832,77331.0,225924.4
300802,2025-12-02,19.3,-0.013292,17316.0,33539.069
300803,2025-12-02,121.41,-0.025289000000000002,133494.81,1626800.615
300804,2025-12-02,35.63,-0.018187,4980.4,17848.832
300805,2025-12-02,12.34,0.018151999999999998,100533.0,122787.276
300806,2025-12-02,27.19,-0.002934,76880.56,209909.287
300807,2025-12-02,47.67,0.043107,32802.01,153950.397
300808,2025-12-02,29.49,-0.000678,17697.0,52496.14
300809,2025-12-02,36.03,-0.029363999999999998,39026.53,141515.921
300810,2025-12-02,39.72,-0.0025109999999999998,35104.5,140720.942
300811,2025-12-02,71.71,-0.022092,61409.37,440734.735
300812,2025-12-02,28.76,0.04392,231938.6,648704.847
300813,2025-12-02,26.34,-0.029477000000000003,16583.0,43821.987
300814,2025-12-02,80.24,-0.011701,163127.09,1325227.162
300815,2025-12-02,22.85,-0.021831999999999997,58199.2,134017.738
300816,2025-12-02,44.51,-0.026678,16595.0,73714.309
300817,2025-12-02,18.92,-0.014070000000000001,25373.8,48533.957
300818,2025-12-02,31.06,-0.003529,20927.0,64747.103
300819,2025-12-02,25.44,0.035409,38031.05,94635.327
300820,2025-12-02,50.63,-0.062060000000000004,91531.15,462837.168
300821,2025-12-02,13.4,0.001495,765724.65,1015546.863
300822,2025-12-02,19.19,-0.014381,100339.55,192276.851
300823,2025-12-02,16.12,-0.009828,22138.6,35658.25
300824,2025-12-02,12.24,-0.018444000000000002,26855.79,32958.59
300825,2025-12-02,10.25,-0.014422999999999998,40413.76,41569.386
300826,2025-12-02,17.08,-0.00813,17344.55,29618.012
300827,2025-12-02,36.18,-0.022162,206496.26,752604.498
300828,2025-12-02,16.52,-0.010778000000000001,20517.0,33874.017
300829,2025-12-02,17.66,-0.00451,20659.94,36355.623
300830,2025-12-02,10.9,-0.032831,159797.76,175061.338
300831,2025-12-02,13.42,-0.004451,20866.0,27980.181
300832,2025-12-02,59.05,-0.010556000000000001,20274.36,120647.179
300833,2025-12-02,41.25,-0.000969,4288.68,17739.983
300834,2025-12-02,23.31,0.0008590000000000001,11289.0,26254.498
300835,2025-12-02,61.36,0.000979,28114.0,172528.486
300836,2025-12-02,51.35,-0.01534,9305.41,47726.107
300837,2025-12-02,25.94,-0.011056,14704.0,38135.018
300838,2025-12-02,15.07,-0.009204,16426.77,24716.736
300839,2025-12-02,12.61,-0.01944,20978.41,26533.756
300840,2025-12-02,18.7,-0.021967,53595.0,100657.279
300841,2025-12-02,82.25,-0.023275,22151.0,183128.779
300842,2025-12-02,53.37,-0.029636,34923.48,187694.376
300843,2025-12-02,44.96,-0.017268,25143.11,113124.402
300844,2025-12-02,37.2,-0.016653,11158.38,41597.448
300845,2025-12-02,11.57,-0.01448,47642.82,55141.603
300846,2025-12-02,20.47,-0.026629,187765.47,388819.068
300847,2025-12-02,18.12,-0.017354,122360.5,224450.087
300848,2025-12-02,15.02,-0.007925999999999999,35230.06,52839.181
300849,2025-12-02,15.51,-0.006405999999999999,20670.42,32061.369
300850,2025-12-02,45.37,-0.016049,86500.26,393026.036
300851,2025-12-02,27.95,-0.012367,11592.0,32320.791
300852,2025-12-02,36.98,0.013706000000000001,60239.35,223568.453
300853,2025-12-02,20.8,-0.019331,17197.0,35927.959
300854,2025-12-02,17.53,-0.009045,14807.02,25910.607
300855,2025-12-02,26.98,-0.010270999999999999,19886.5,53731.84
300856,2025-12-02,15.96,-0.029197,118020.92,189204.27
300857,2025-12-02,138.01,-0.016112,53389.2,738898.628
300858,2025-12-02,18.02,0.002225,40461.7,72669.186
300859,2025-12-02,37.0,0.007351,79886.91,297625.805
300860,2025-12-02,28.65,0.0017480000000000002,36142.4,103016.713
300861,2025-12-02,14.93,-0.010603,49433.04,73732.272
300862,2025-12-02,27.7,0.076146,244053.99,672912.835
300863,2025-12-02,47.85,-0.02327,24611.0,118072.27
300864,2025-12-02,20.25,-0.011713,12896.75,26159.284
300865,2025-12-02,28.55,-0.019237,8945.84,25667.495
300866,2025-12-02,107.93,-0.029232,45327.84,492145.378
300867,2025-12-02,21.93,-0.007243,106758.98,234497.229
300868,2025-12-02,28.72,-0.030712000000000003,33492.34,96947.517
300869,2025-12-02,16.46,-0.0179,35237.0,58572.252
300870,2025-12-02,194.86,-0.031703,37044.24,725664.496
300871,2025-12-02,19.5,-0.015649,27037.7,52811.961
300872,2025-12-02,19.47,-0.023570999999999998,76364.0,149363.366
300873,2025-12-02,22.22,-0.012444,14965.46,33379.255
300875,2025-12-02,44.74,-0.014537,41271.13,186770.188
300876,2025-12-02,32.48,0.00216,8161.18,26494.241
300877,2025-12-02,25.79,-0.014897,10391.23,26900.807
300878,2025-12-02,25.81,-0.025301999999999998,22417.1,58375.221
300879,2025-12-02,28.18,-0.014684999999999998,17277.0,49025.504
300880,2025-12-02,18.42,-0.009145,13008.95,23921.554
300881,2025-12-02,33.3,-0.005079,10047.7,33415.493
300882,2025-12-02,19.11,-0.017481,41792.33,79919.57
300883,2025-12-02,7.01,-0.002845,44155.05,30934.346
300884,2025-12-02,15.14,0.03486,264769.47,396411.674
300885,2025-12-02,21.99,-0.058244,140692.57,310908.633
300886,2025-12-02,27.8,-0.014883,12675.0,35382.478
300887,2025-12-02,8.54,-0.003501,52668.34,44852.032
300888,2025-12-02,39.45,-0.005796,35003.05,139587.175
300890,2025-12-02,31.5,-0.012849,42206.91,133278.779
300891,2025-12-02,9.26,-0.019068,62613.38,58190.07
300892,2025-12-02,35.25,0.008007,55927.63,197751.015
300893,2025-12-02,22.91,-0.017581,23852.4,54909.178
300894,2025-12-02,12.35,0.003249,42076.0,51786.405
300895,2025-12-02,45.65,-0.017223,26279.1,120836.158
300896,2025-12-02,145.06,-0.006438,16030.97,232621.821
300897,2025-12-02,26.37,0.039417,41659.89,108267.883
300898,2025-12-02,28.86,-0.007906,58271.36,168349.316
300899,2025-12-02,34.6,-0.01983,8701.0,30149.671
300900,2025-12-02,18.84,-0.006329,125367.67,235986.96
300901,2025-12-02,16.4,0.001833,17397.0,28406.908
300902,2025-12-02,24.65,0.02794,218682.81,529212.194
300903,2025-12-02,20.88,0.029586,985969.05,2062141.232
300904,2025-12-02,66.0,-0.043478,15633.0,104135.677
300905,2025-12-02,31.39,-0.020593,25589.0,80741.291
300906,2025-12-02,33.61,-0.047336,33605.15,114344.23
300907,2025-12-02,29.98,-0.017049,22120.16,66508.041
300908,2025-12-02,29.22,0.012123,22659.17,66336.334
300909,2025-12-02,45.0,-0.007718,26248.27,118728.649
300910,2025-12-02,55.59,-0.005901,15269.81,84962.891
300911,2025-12-02,34.15,-0.049541,38262.32,132130.651
300912,2025-12-02,17.19,-0.02274,33634.0,57847.066
300913,2025-12-02,53.47,0.056511,154459.24,811656.834
300915,2025-12-02,26.7,0.027318,38824.69,103451.697
300916,2025-12-02,34.36,-0.017724,7302.03,25118.884
300917,2025-12-02,42.2,0.001899,69508.52,294494.781
300918,2025-12-02,17.9,-0.036598,68864.41,124449.902
300919,2025-12-02,40.89,-0.016831,94996.4,389381.498
300920,2025-12-02,39.02,-0.025718,7576.16,29763.673
300921,2025-12-02,24.31,-0.026821,70897.25,173387.351
300922,2025-12-02,22.92,-0.019675,27821.0,64177.111
300923,2025-12-02,25.9,-0.007663,10789.0,27956.571
300925,2025-12-02,20.61,-0.017636,65741.99,135967.131
300926,2025-12-02,29.8,-0.016177,33609.5,100217.277
300927,2025-12-02,24.93,-0.031091999999999998,30266.0,75925.048
300928,2025-12-02,31.26,-0.012322,6012.0,18845.078
300929,2025-12-02,11.69,-0.0008550000000000001,29307.4,34186.137
300930,2025-12-02,29.82,-0.015192,7425.63,22223.401
300931,2025-12-02,11.43,0.007048,30172.27,34470.882
300932,2025-12-02,12.7,0.053068,155558.2,194962.271
300933,2025-12-02,8.61,0.012941000000000001,155412.38,133536.138
300935,2025-12-02,29.23,0.005158,17129.22,49553.588
300936,2025-12-02,38.4,-0.009799,7947.0,30557.176
300937,2025-12-02,34.49,0.064178,140119.2,481538.592
300938,2025-12-02,35.45,0.032023,124157.86,429821.611
300939,2025-12-02,33.34,-0.009212,26326.12,87993.452
300940,2025-12-02,27.11,-0.012386,41997.26,114496.725
300941,2025-12-02,27.01,0.053021000000000006,166641.43,445279.92
300942,2025-12-02,10.19,0.000982,42587.0,43552.175
300943,2025-12-02,18.18,-0.017297,61980.0,112852.209
300945,2025-12-02,16.98,-0.023014999999999997,51403.16,87492.825
300946,2025-12-02,48.98,-0.020987,6717.6,33008.734
300947,2025-12-02,19.93,0.012702999999999999,51541.45,102505.186
300948,2025-12-02,20.55,0.047935,197943.95,406862.31
300949,2025-12-02,46.79,-0.000214,12070.08,56398.026
300950,2025-12-02,23.12,-0.012809999999999998,24518.82,56771.895
300951,2025-12-02,35.72,0.038372,68587.44,242548.744
300952,2025-12-02,33.1,-0.027042999999999998,111921.19,377330.202
300953,2025-12-02,145.45,-0.019548,25590.53,373327.008
300955,2025-12-02,39.45,0.00792,25156.26,99046.016
300956,2025-12-02,17.86,-0.007778,42301.88,75916.749
300957,2025-12-02,41.18,-0.008189,23491.95,96768.59
300958,2025-12-02,13.4,-0.004458,27320.88,36561.222
300959,2025-12-02,113.56,-0.038523,44533.57,506124.631
300960,2025-12-02,24.54,-0.007281999999999999,8338.37,20506.534
300961,2025-12-02,14.92,-0.011921,23127.0,34691.666
300962,2025-12-02,17.99,-0.045623,107838.88,194980.116
300963,2025-12-02,18.21,-0.020968,83721.78,152527.692
300964,2025-12-02,53.3,-0.014422999999999998,29319.62,156161.759
300965,2025-12-02,59.4,-0.015415000000000002,11315.98,67809.63
300966,2025-12-02,21.13,-0.007981,15870.0,33588.634
300967,2025-12-02,19.58,-0.013602000000000001,29114.6,57160.947
300968,2025-12-02,15.68,0.016861,361202.45,567253.596
300969,2025-12-02,92.18,-0.046743,23184.98,214864.397
300970,2025-12-02,17.49,0.004018,23571.2,41081.848
300971,2025-12-02,23.45,-0.03299,65346.35,153903.645
300972,2025-12-02,186.94,0.009341,14368.08,266970.657
300973,2025-12-02,39.35,-0.004805,15399.0,60822.939
300975,2025-12-02,12.68,-0.019335,170901.3,217444.635
300976,2025-12-02,60.16,-0.013609,12067.25,73003.529
300977,2025-12-02,19.22,-0.009788999999999999,14690.0,28207.031
300978,2025-12-02,12.56,0.016181,235121.51,297024.088
300979,2025-12-02,62.0,-0.018987,14568.27,91087.776
300980,2025-12-02,25.94,0.035529000000000005,81939.15,210196.187
300981,2025-12-02,14.85,0.014343999999999999,120228.82,177235.565
300982,2025-12-02,17.71,-0.01337,18844.77,33529.199
300983,2025-12-02,25.75,-0.013788,14938.83,38465.204
300984,2025-12-02,60.98,-0.00392,25882.0,156947.083
300985,2025-12-02,20.22,-0.0059,21686.39,43817.931
300986,2025-12-02,10.61,-0.029277,80564.68,86110.255
300987,2025-12-02,17.88,-0.010515000000000002,33119.57,59058.534
300988,2025-12-02,24.04,0.010084,36407.28,87577.287
300989,2025-12-02,18.3,-0.010276,45126.88,82178.138
300990,2025-12-02,67.6,-0.031101999999999998,24150.08,164815.076
300991,2025-12-02,38.15,-0.029508999999999997,22510.26,86968.249
300992,2025-12-02,24.67,-0.010428999999999999,8951.0,22077.42
300993,2025-12-02,15.24,-0.0071660000000000005,59670.65,91144.797
300994,2025-12-02,16.16,-0.017032000000000002,14037.6,22780.822
300995,2025-12-02,37.33,-0.032149000000000004,21440.75,80716.559
300996,2025-12-02,17.93,0.002236,64045.92,114327.698
300997,2025-12-02,24.41,0.00082,234453.13,574472.567
300998,2025-12-02,22.32,-0.001342,13163.0,29491.332
300999,2025-12-02,29.4,-0.010767,91603.41,269641.647
301000,2025-12-02,39.67,-0.034558,59791.27,240963.809
301001,2025-12-02,34.07,-0.044052,69117.46,235890.894
301002,2025-12-02,29.33,-0.019064,16565.5,48771.56
301003,2025-12-02,37.88,0.011752,10131.19,38217.29
301004,2025-12-02,56.06,-0.016146,3560.0,20108.107
301005,2025-12-02,64.18,0.041883,231884.91,1503191.959
301006,2025-12-02,17.3,-0.008596,13262.15,22919.087
301007,2025-12-02,37.44,0.001605,39259.38,146004.289
301008,2025-12-02,35.66,-0.037777,30611.6,110250.234
301009,2025-12-02,13.55,-0.014544999999999999,31150.0,42393.7
301010,2025-12-02,26.82,0.029954,146778.19,390442.044
301011,2025-12-02,25.95,-0.018904,17349.39,45196.725
301012,2025-12-02,25.3,-0.007064,45442.53,115897.062
301013,2025-12-02,29.66,-0.024663,161296.83,483766.531
301015,2025-12-02,22.38,-0.0048909999999999995,26316.1,58577.6
301016,2025-12-02,19.2,-0.009799,29025.16,56027.281
301017,2025-12-02,14.76,0.048295000000000005,256788.38,370997.971
301018,2025-12-02,51.95,-0.030421999999999998,40237.21,210034.647
301019,2025-12-02,26.94,0.11001200000000001,186707.6,478816.044
301020,2025-12-02,22.52,-0.012714000000000001,8900.09,20089.222
301021,2025-12-02,37.5,-0.040184,41838.04,158563.491
301022,2025-12-02,31.68,-0.007208,14323.14,45556.871
301023,2025-12-02,37.0,-0.013859,4990.81,18483.586
301024,2025-12-02,37.48,-0.008203,7039.24,26358.958
301025,2025-12-02,10.98,-0.029178000000000003,305769.92,336186.446
301026,2025-12-02,25.27,-0.024324,32863.9,83761.857
301027,2025-12-02,16.91,-0.013994,59205.0,100728.999
301028,2025-12-02,14.41,0.019816,103433.91,147948.117
301029,2025-12-02,25.92,-0.001156,58895.02,152476.651
301030,2025-12-02,14.18,0.002829,30727.77,43463.562
301031,2025-12-02,100.72,-0.020424,14541.69,146830.356
301032,2025-12-02,12.79,-0.007758,19325.87,24665.018
301033,2025-12-02,63.72,-0.035568,4653.96,29938.666
301035,2025-12-02,71.29,0.005784,7792.0,55039.103
301036,2025-12-02,34.95,-0.009354,10057.63,35256.755
301037,2025-12-02,15.14,0.001323,15807.96,23910.932
301038,2025-12-02,23.9,-0.014433,25904.56,61932.046
301039,2025-12-02,9.88,-0.009027,65738.0,64887.968
301040,2025-12-02,26.16,-0.029674,77507.77,203415.841
301041,2025-12-02,30.0,-0.016071,56399.19,171054.633
301042,2025-12-02,72.6,0.044154,14622.97,104505.65
301043,2025-12-02,55.92,0.100354,65079.12,362168.185
301045,2025-12-02,27.65,-0.023313,20458.0,56892.768
301046,2025-12-02,28.82,-0.019060999999999998,63175.37,181499.118
301047,2025-12-02,69.07,-0.010458,5620.9,38792.638
301048,2025-12-02,11.54,-0.017872,41241.86,47780.156
301049,2025-12-02,22.76,-0.007847,12196.0,27718.771
301050,2025-12-02,45.98,-0.010544,51984.72,239447.589
301051,2025-12-02,21.65,-0.010511999999999999,11641.66,25300.97
301052,2025-12-02,41.28,-0.010784,31980.32,132059.592
301053,2025-12-02,33.57,-0.018421,4483.05,15197.386
301055,2025-12-02,19.66,-0.004557,11480.0,22654.24
301056,2025-12-02,11.85,0.004237,20940.67,24820.129
301057,2025-12-02,30.06,0.013486,21672.0,64657.695
301058,2025-12-02,11.43,0.0,73114.43,83394.667
301059,2025-12-02,12.9,0.001553,47650.1,61288.869
301060,2025-12-02,10.52,-0.010348,107021.88,113139.07
301061,2025-12-02,101.37,0.010668,7920.33,80099.755
301062,2025-12-02,7.98,-0.0025,30636.0,24427.291
301063,2025-12-02,24.14,-0.004946,12060.0,29089.451
301065,2025-12-02,22.47,-0.008822,8508.64,19120.785
301066,2025-12-02,15.96,0.011407,72409.27,115432.217
301067,2025-12-02,31.76,-0.034062999999999996,44348.6,142101.03
301068,2025-12-02,30.16,-0.016308,27279.26,84044.623
301069,2025-12-02,25.42,-0.015872999999999998,174130.34,447136.161
301070,2025-12-02,54.8,-0.027334,27450.02,147925.999
301071,2025-12-02,37.4,-0.023754,76381.17,285827.569
301072,2025-12-02,22.98,-0.017949,8137.0,18796.586
301075,2025-12-02,49.0,0.017442,17011.87,82717.946
301076,2025-12-02,42.13,-0.027245,40870.85,173519.983
301077,2025-12-02,27.38,0.012948999999999999,35925.58,97518.522
301078,2025-12-02,10.09,-0.007866,132897.33,133982.709
301079,2025-12-02,24.08,-0.016742,16424.12,39751.015
301080,2025-12-02,55.31,-0.019674,20268.57,112575.707
301081,2025-12-02,11.11,-0.006261,19583.38,21681.262
301082,2025-12-02,17.28,-0.015945,50193.0,86831.494
301083,2025-12-02,22.73,-0.029047,56232.0,128895.918
301085,2025-12-02,55.01,-0.011678,24631.63,135910.639
301086,2025-12-02,91.17,-0.018938999999999998,12810.0,117712.031
301087,2025-12-02,43.42,0.0050929999999999994,11682.05,50578.96
301088,2025-12-02,14.9,-0.00534,26873.1,40000.697
301089,2025-12-02,33.76,-0.007058999999999999,35188.18,118645.118
301090,2025-12-02,7.34,-0.004071,68761.0,50311.761
301091,2025-12-02,26.96,-0.028818,62347.08,169209.012
301092,2025-12-02,35.86,-0.022622,52088.1,187741.473
301093,2025-12-02,48.85,-0.0006140000000000001,17477.83,85498.04
301095,2025-12-02,67.28,-0.014501,42549.55,289237.704
301096,2025-12-02,53.39,-0.014034999999999999,19088.2,102029.545
301097,2025-12-02,57.06,-0.031075,11292.83,64853.051
301098,2025-12-02,9.51,0.0,62765.0,59540.898
301099,2025-12-02,42.75,-0.010188,23441.9,100208.083
301100,2025-12-02,21.45,-0.009238,7204.0,15459.007
301101,2025-12-02,42.38,-0.009812999999999999,44576.96,188559.843
301102,2025-12-02,11.96,-0.009934,27947.95,33365.029
301103,2025-12-02,20.46,-0.009681,13194.74,26984.477
301105,2025-12-02,45.01,0.013967,6474.64,29100.23
301106,2025-12-02,30.67,-0.001303,12553.2,38421.646
301107,2025-12-02,28.58,0.010608,15495.17,43968.671
301108,2025-12-02,31.29,-0.00255,8150.0,25464.472
301109,2025-12-02,14.91,-0.013236000000000001,122930.35,183814.183
301110,2025-12-02,69.03,-0.009755,19674.73,136481.275
301111,2025-12-02,24.28,-0.033055,254406.51,611082.616
301112,2025-12-02,37.43,-0.0037259999999999997,13131.5,49430.601
301113,2025-12-02,25.26,0.0,9882.2,24911.01
301115,2025-12-02,16.3,-0.006703,15595.17,25474.787
301116,2025-12-02,12.51,0.023732000000000003,180361.1,223008.351
301117,2025-12-02,50.81,0.035882,265853.13,1341193.357
301118,2025-12-02,25.48,-0.016596,37082.6,94260.459
301119,2025-12-02,45.74,0.00329,15050.6,67766.862
301120,2025-12-02,17.73,-0.009497,98201.11,173990.926
301121,2025-12-02,44.05,-0.02888,30762.0,136159.022
301122,2025-12-02,26.55,0.008355,19949.2,52826.616
301123,2025-12-02,41.1,-0.009877,39650.62,165057.039
301125,2025-12-02,17.2,-0.017704,24043.0,41419.497
301126,2025-12-02,13.07,0.01554,112593.4,146399.035
301127,2025-12-02,14.91,-0.034325999999999995,102897.21,154878.828
301128,2025-12-02,82.7,-0.027631000000000003,17794.98,148110.07
301129,2025-12-02,24.75,-0.017857,9726.83,24177.927
301130,2025-12-02,29.99,-0.010230999999999999,9358.56,28041.662
301131,2025-12-02,46.87,-0.0027660000000000002,6735.0,31564.583
301132,2025-12-02,33.29,-0.012166,11429.05,38234.869
301133,2025-12-02,32.4,-0.005829999999999999,71406.63,232698.874
301135,2025-12-02,27.12,-0.008047,9439.37,25556.827
301136,2025-12-02,19.92,0.2,462410.58,827155.471
301137,2025-12-02,41.5,-0.015888,31762.69,131929.333
301138,2025-12-02,39.4,-0.012779,19651.0,77769.472
301139,2025-12-02,19.81,-0.007514999999999999,23924.0,47407.8
301141,2025-12-02,54.55,-0.016408,18345.52,99271.336
301148,2025-12-02,47.57,0.20004999999999998,106395.31,490204.97
301149,2025-12-02,11.21,-0.010591,46547.0,52223.551
301150,2025-12-02,43.23,-0.034614,123195.56,535348.098
301151,2025-12-02,19.22,-0.002595,12130.46,23236.764
301152,2025-12-02,34.06,-0.009883999999999999,53586.0,183148.265
301153,2025-12-02,20.49,-0.023356,38135.56,78302.047
301155,2025-12-02,77.13,-0.023176000000000002,26466.18,203852.392
301156,2025-12-02,18.41,-0.024894,34001.94,62712.941
301157,2025-12-02,52.89,-0.028472,20111.14,106480.43
301158,2025-12-02,21.49,-0.016026,40716.09,87501.119
301159,2025-12-02,42.0,0.004064,68281.31,282278.485
301160,2025-12-02,62.0,0.006167000000000001,25970.48,162436.736
301161,2025-12-02,31.92,-0.03565,22730.03,73087.774
301162,2025-12-02,50.75,-0.059314,27214.48,140205.997
301163,2025-12-02,27.96,-0.017914,15574.7,43724.775
301165,2025-12-02,75.5,0.0030559999999999997,69240.9,519643.681
301166,2025-12-02,31.87,-0.009016999999999999,7229.21,22987.578
301167,2025-12-02,17.1,-0.008696,18028.4,30693.688
301168,2025-12-02,47.96,-0.001457,21524.11,102556.612
301169,2025-12-02,44.65,-0.018466,13190.0,59177.052
301170,2025-12-02,28.11,-0.005659999999999999,8448.0,23792.903
301171,2025-12-02,39.57,-0.022480000000000003,560122.33,2212023.193
301172,2025-12-02,24.89,0.010556000000000001,105054.74,256790.477
301173,2025-12-02,46.22,-0.003235,3023.52,13976.225
301175,2025-12-02,5.27,0.0,139761.42,73349.934
301176,2025-12-02,26.31,-0.011645,16499.49,43493.907
301177,2025-12-02,29.79,-0.022958,11848.0,35516.417
301178,2025-12-02,52.53,-0.01315,11324.86,59508.201
301179,2025-12-02,15.5,-0.008951,18600.2,28758.632
301180,2025-12-02,17.61,-0.002831,102696.79,180748.846
301181,2025-12-02,37.95,0.017426,37570.79,143208.286
301182,2025-12-02,37.78,-0.042575,38689.04,147599.772
301183,2025-12-02,115.37,-0.036817,95462.64,1113763.745
301185,2025-12-02,20.37,-0.0024490000000000002,65730.81,133358.312
301186,2025-12-02,46.96,-0.010952,7675.0,36240.257
301187,2025-12-02,24.9,0.021328999999999997,40733.77,102050.486
301188,2025-12-02,16.91,-0.007629,14008.0,23740.141
301189,2025-12-02,41.21,-0.011276,27476.03,113438.65
301190,2025-12-02,22.03,-0.012108,11319.0,24941.381
301191,2025-12-02,112.2,0.2,104895.29,1079476.993
301192,2025-12-02,31.29,-0.045454999999999995,25780.35,81876.442
301193,2025-12-02,21.23,0.0023610000000000003,51535.1,111919.995
301195,2025-12-02,33.68,-0.0044340000000000004,4478.33,15067.539
301196,2025-12-02,75.49,-0.043219,42134.97,320874.783
301197,2025-12-02,21.94,0.016211,47643.8,104457.42
301198,2025-12-02,12.43,-0.007981,21705.33,26935.007
301199,2025-12-02,22.08,-0.020408,13569.72,30064.414
301200,2025-12-02,107.39,-0.036515,32198.63,349520.666
301201,2025-12-02,45.35,-0.011982999999999999,85148.59,390418.631
301202,2025-12-02,39.21,-0.013585,7855.0,30899.669
301203,2025-12-02,33.09,-0.005709,4652.04,15411.497
301205,2025-12-02,120.05,-0.023825,72631.72,879585.962
301206,2025-12-02,27.55,-0.0057740000000000005,7916.0,21791.245
301207,2025-12-02,22.9,-0.02053,107386.87,244583.162
301208,2025-12-02,37.9,-0.010444,8121.4,30826.801
301209,2025-12-02,104.11,-0.017459,8966.0,94349.564
301210,2025-12-02,38.9,-0.010682,12079.8,47335.462
301211,2025-12-02,14.75,-0.022531,115737.01,171058.123
301212,2025-12-02,30.18,-0.016297,15875.41,47900.133
301213,2025-12-02,61.21,-0.013219000000000002,12513.0,77221.195
301215,2025-12-02,6.53,-0.004573,66481.85,43426.399
301216,2025-12-02,18.2,-0.027778,88154.67,161957.075
301217,2025-12-02,30.59,-0.037445,230686.77,709385.384
301218,2025-12-02,22.72,-0.013889,46288.72,105643.63
301219,2025-12-02,61.52,-0.017408999999999997,32497.53,200254.91
301220,2025-12-02,39.06,-0.012639000000000001,7905.09,31131.038
301221,2025-12-02,48.03,-0.008872999999999999,7694.0,36993.889
301222,2025-12-02,30.33,-0.009794,7892.0,23966.49
301223,2025-12-02,18.76,0.0016020000000000001,10426.0,19491.454
301225,2025-12-02,98.97,-0.018057,19523.14,191930.388
301226,2025-12-02,27.88,-0.024493,10636.01,29771.49
301227,2025-12-02,46.05,0.044218,22162.96,100018.804
301228,2025-12-02,44.82,-0.027555,71371.45,325591.222
301229,2025-12-02,20.02,-0.021983000000000003,19255.17,38774.063
301230,2025-12-02,30.59,-0.024554,20937.62,64497.872
301231,2025-12-02,32.52,0.0,85607.14,275231.082
301232,2025-12-02,58.29,0.019769000000000002,39118.92,227083.55
301233,2025-12-02,50.05,-0.007929,6545.0,32807.411
301234,2025-12-02,37.68,-0.010244,5879.0,22169.473
301235,2025-12-02,29.03,-0.02223,14720.22,42834.002
301236,2025-12-02,47.08,-0.029878000000000002,134509.21,639092.655
301237,2025-12-02,48.81,-0.017314,6018.0,29404.861
301238,2025-12-02,21.37,-0.017471,88854.78,191060.028
301239,2025-12-02,33.71,-0.013172999999999999,7636.25,25787.51
301246,2025-12-02,18.12,-0.015752,65058.5,118133.654
301248,2025-12-02,28.15,-0.007405,37100.5,103896.828
301251,2025-12-02,53.02,-0.01742,35092.55,187629.232
301252,2025-12-02,26.04,-0.013263,9325.31,24363.375
301255,2025-12-02,28.21,-0.017416,7486.53,21248.13
301256,2025-12-02,18.1,0.051714,775906.1,1398971.055
301257,2025-12-02,45.58,-0.013633,12323.3,55821.379
301258,2025-12-02,32.76,-0.01087,6051.0,19884.374
301259,2025-12-02,36.29,-0.030975000000000003,58017.54,211767.959
301260,2025-12-02,17.21,-0.0069240000000000005,66218.07,115316.087
301261,2025-12-02,83.55,-0.041968,31900.93,267993.542
301262,2025-12-02,26.41,-0.010490999999999999,56515.44,148530.343
301263,2025-12-02,27.75,-0.020472999999999998,44704.2,124327.327
301265,2025-12-02,12.91,0.067825,220205.21,284901.615
301266,2025-12-02,34.91,-0.014119999999999999,12279.97,42954.797
301267,2025-12-02,18.95,-0.007334,25632.64,48584.392
301268,2025-12-02,19.79,-0.011489000000000001,20424.85,40573.701
301269,2025-12-02,105.54,-0.002457,43102.51,459335.503
301270,2025-12-02,39.6,0.025640999999999997,52104.0,205455.147
301272,2025-12-02,41.78,-0.012293,4286.0,17870.92
301273,2025-12-02,27.64,-0.018814,7948.0,22025.193
301275,2025-12-02,53.27,-0.015524,12032.83,64270.117
301276,2025-12-02,23.95,0.006725999999999999,18997.33,45188.955
301277,2025-12-02,12.44,-0.010342,13820.43,17187.451
301278,2025-12-02,35.51,-0.015798,12109.4,43054.196
301279,2025-12-02,27.89,-0.030587,20613.4,57808.926
301280,2025-12-02,47.95,-0.027581,8766.5,42519.534
301281,2025-12-02,28.9,0.033618999999999996,37221.43,105943.189
301282,2025-12-02,25.57,0.010672,32443.0,82655.13
301283,2025-12-02,45.66,-0.005662,6827.0,31301.459
301285,2025-12-02,52.17,-0.01566,22314.0,117500.011
301286,2025-12-02,35.17,-0.053552,96759.21,344832.373
301287,2025-12-02,40.4,-0.014394,4577.0,18508.453
301288,2025-12-02,17.58,0.0062970000000000005,4678.0,8186.727
301289,2025-12-02,55.89,-0.003388,10199.0,56839.518
301290,2025-12-02,26.29,-0.008673,4484.27,11795.529
301291,2025-12-02,40.85,-0.024827,45884.0,187662.961
301292,2025-12-02,72.75,-0.043769999999999996,268218.57,1982710.265
301293,2025-12-02,55.27,-0.001986,56417.42,313696.591
301295,2025-12-02,27.61,0.008769,13139.4,35998.83
301296,2025-12-02,8.77,-0.0034089999999999997,24045.36,21146.437
301297,2025-12-02,36.8,-0.013405,18477.15,68269.905
301298,2025-12-02,16.37,-0.010278,17290.0,28350.81
301299,2025-12-02,56.72,-0.004738,5519.0,31273.441
301300,2025-12-02,45.76,0.011493999999999999,33353.55,151863.74
301301,2025-12-02,10.32,-0.019011,98269.11,101853.507
301302,2025-12-02,23.51,-0.011770000000000001,37490.73,88430.621
301303,2025-12-02,15.59,-0.005104999999999999,18744.44,29149.594
301305,2025-12-02,21.67,-0.016788,27297.0,59557.009
301306,2025-12-02,58.2,-0.003766,37478.44,218146.773
301307,2025-12-02,38.72,-0.022222,89561.22,345685.266
301308,2025-12-02,245.41,-0.014734,97764.84,2400303.438
301309,2025-12-02,28.6,-0.011748000000000001,7602.0,21804.341
301310,2025-12-02,41.55,0.0033810000000000003,4185.3,17393.197
301311,2025-12-02,19.44,-0.014698,64462.0,126500.44
301312,2025-12-02,48.82,-0.01513,24065.5,118316.411
301313,2025-12-02,28.62,-0.014462999999999998,26423.0,75832.017
301314,2025-12-02,46.24,0.01985,11070.8,50908.247
301315,2025-12-02,58.75,-0.02067,39440.21,231708.284
301316,2025-12-02,45.18,-0.022078,39757.4,180085.305
301317,2025-12-02,31.46,-0.011314,14308.13,44875.136
301318,2025-12-02,29.1,-0.002742,5694.15,16567.475
301319,2025-12-02,45.38,0.063261,106062.87,478571.319
301320,2025-12-02,17.37,-0.005155,15194.06,26377.48
301321,2025-12-02,16.18,-0.007362,31498.75,51117.539
301322,2025-12-02,27.79,-0.049264,29886.7,83795.854
301323,2025-12-02,54.0,-0.020318999999999997,10863.89,58837.439
301325,2025-12-02,50.42,-0.03907,28930.31,147352.429
301326,2025-12-02,102.44,-0.003502,6880.73,70482.73
301327,2025-12-02,56.6,-0.01049,6495.74,36726.763
301328,2025-12-02,42.32,-0.0075049999999999995,9873.0,41813.634
301329,2025-12-02,23.67,0.022462,137374.65,323567.113
301330,2025-12-02,29.2,-0.009834,18067.16,52982.682
301331,2025-12-02,29.39,-0.017384999999999998,5786.19,17022.346
301332,2025-12-02,9.85,0.002035,25243.0,24867.952
301333,2025-12-02,54.81,-0.022298,13283.83,72998.28
301335,2025-12-02,29.32,-0.019398,12446.6,36590.929
301336,2025-12-02,59.2,0.001353,41147.97,242845.854
301337,2025-12-02,30.74,0.007208,33888.31,103557.747
301338,2025-12-02,63.63,-0.016538,25875.08,165163.933
301339,2025-12-02,14.64,-0.012811999999999999,57804.54,84773.74
301345,2025-12-02,204.5,-0.017771,6431.0,132544.881
301348,2025-12-02,21.19,0.006651000000000001,59079.2,124152.206
301349,2025-12-02,49.93,-0.010894999999999998,25190.53,126377.68
301353,2025-12-02,27.2,-0.007299,9087.9,24605.43
301355,2025-12-02,14.12,0.04360699999999999,278473.71,393232.33
301356,2025-12-02,21.6,-0.000925,13063.08,28167.211
301357,2025-12-02,162.92,0.028795,71389.92,1169140.092
301358,2025-12-02,73.14,0.017954,309076.76,2290309.874
301359,2025-12-02,20.4,-0.008264,13847.4,28152.29
301360,2025-12-02,70.99,-0.035462,16888.43,121138.228
301361,2025-12-02,33.48,-0.010931,19787.0,66401.769
301362,2025-12-02,40.8,-0.013062,6342.94,25927.447
301363,2025-12-02,21.21,0.000944,26974.04,56760.436
301365,2025-12-02,22.95,-0.001305,28588.0,65385.433
301366,2025-12-02,36.7,-0.00542,64010.14,234190.853
301367,2025-12-02,96.4,-0.010267,21295.96,206096.798
301368,2025-12-02,57.09,-0.018229,15975.37,91882.769
301369,2025-12-02,103.81,-0.025167000000000002,11060.4,114885.05
301370,2025-12-02,11.83,0.011976,89961.04,105951.094
301371,2025-12-02,27.79,0.008711,60511.7,166721.407
301372,2025-12-02,27.43,-0.010819,9650.0,26559.843
301373,2025-12-02,30.92,-0.012456,8205.3,25390.534
301376,2025-12-02,18.53,-0.002154,15162.0,28046.265
301377,2025-12-02,99.49,-0.015047999999999999,45572.56,454938.46
301378,2025-12-02,31.7,-0.014610000000000001,16767.0,53316.275
301379,2025-12-02,27.05,0.009328,48665.24,130435.367
301380,2025-12-02,33.61,-0.018973,9508.26,32073.154
301381,2025-12-02,21.97,-0.01524,38943.13,85332.919
301382,2025-12-02,38.33,-0.022194,202140.53,779613.848
301383,2025-12-02,37.66,-0.073783,121996.51,462097.062
301386,2025-12-02,24.26,0.001238,12238.92,29649.452
301387,2025-12-02,41.89,-0.022632,27478.2,115552.707
301388,2025-12-02,31.38,0.008355,14546.0,45438.101
301389,2025-12-02,51.8,-0.024115,45089.76,234270.721
301390,2025-12-02,36.57,-0.008943,6089.68,22250.644
301391,2025-12-02,83.03,-0.012371,6224.0,52024.714
301392,2025-12-02,121.68,-0.039394,20427.5,250788.439
301393,2025-12-02,50.43,-0.016767,9053.23,45883.314
301395,2025-12-02,11.14,-0.000897,15810.3,17540.676
301396,2025-12-02,60.68,-0.021131999999999998,45344.81,276745.824
301397,2025-12-02,34.84,-0.009101,46928.74,163288.195
301398,2025-12-02,49.25,0.020091,25456.11,124386.979
301399,2025-12-02,18.14,-0.013058,9392.35,17077.224
301408,2025-12-02,16.93,0.06478,480386.74,795049.918
301413,2025-12-02,131.68,-0.062041000000000006,54891.27,734036.93
301418,2025-12-02,37.41,-0.011364,4884.0,18319.155
301419,2025-12-02,31.9,-0.016646,9259.78,29644.043
301421,2025-12-02,96.96,-0.04076,73324.14,720165.149
301428,2025-12-02,35.79,0.02904,73466.59,262632.117
301429,2025-12-02,19.77,-0.006032999999999999,14413.48,28532.098
301439,2025-12-02,14.94,-0.000669,15078.02,22507.385
301446,2025-12-02,28.75,-0.019106,9018.81,25989.199
301448,2025-12-02,57.5,-0.045326000000000005,10507.7,61371.119
301456,2025-12-02,28.45,-0.011466,11898.03,33933.548
301458,2025-12-02,33.65,-0.004143,21802.01,73484.905
301459,2025-12-02,40.31,-0.013943,6033.9,24417.143
301468,2025-12-02,37.9,-0.013278000000000002,29724.0,113322.476
301469,2025-12-02,29.72,0.001685,6361.39,18775.402
301479,2025-12-02,86.04,-0.0015090000000000001,5987.12,51713.289
301486,2025-12-02,78.08,-0.008256,15382.58,119783.001
301487,2025-12-02,23.03,-0.02291,95605.81,220934.453
301488,2025-12-02,133.79,-0.052948,34819.75,471383.842
301489,2025-12-02,173.0,-0.036587,35180.77,611287.97
301491,2025-12-02,59.85,0.005544,24047.16,145706.414
301498,2025-12-02,69.15,-0.005607999999999999,10783.69,74420.868
301499,2025-12-02,30.75,0.028428,101339.01,310503.765
301500,2025-12-02,15.05,-0.01117,29310.71,44134.511
301501,2025-12-02,45.45,0.007537,37412.19,171595.588
301502,2025-12-02,45.38,-0.022615,4118.0,18751.47
301503,2025-12-02,37.37,-0.010851999999999999,5942.23,22332.79
301505,2025-12-02,22.2,-0.017699,12731.95,28368.977
301507,2025-12-02,16.09,-0.027795,102118.98,164473.845
301508,2025-12-02,31.6,-0.005977,9646.67,30503.075
301509,2025-12-02,33.78,-0.017166,13413.8,45475.931
301510,2025-12-02,34.46,-0.060523,225271.0,784367.373
301511,2025-12-02,32.8,-0.012346,214586.83,706226.591
301512,2025-12-02,45.66,-0.009974,7517.05,34160.346
301515,2025-12-02,22.13,-0.002254,10244.0,22497.789
301516,2025-12-02,16.52,-0.010185999999999999,16852.0,27867.901
301517,2025-12-02,47.41,-0.003154,65844.59,313463.469
301518,2025-12-02,37.16,-0.019525,40167.29,149974.359
301519,2025-12-02,14.51,-0.003434,17308.45,24977.549
301520,2025-12-02,41.68,-0.019294,5034.56,21140.534
301522,2025-12-02,31.33,0.00256,48126.57,150053.734
301525,2025-12-02,81.78,-0.027122999999999998,9802.72,80843.939
301526,2025-12-02,5.76,-0.005181,231559.43,133606.445
301528,2025-12-02,60.81,-0.014424999999999999,4949.01,30057.757
301529,2025-12-02,71.5,-0.037426,36991.38,265573.497
301533,2025-12-02,39.2,0.009009,19335.61,75694.051
301535,2025-12-02,18.77,0.015693,25449.98,47274.292
301536,2025-12-02,58.93,-0.0075780000000000005,93681.52,548029.216
301538,2025-12-02,71.85,-0.026817999999999998,6023.82,43605.257
301539,2025-12-02,20.12,0.005496999999999999,17612.0,35387.985
301548,2025-12-02,49.17,-0.014629000000000001,9032.0,44585.162
301550,2025-12-02,105.4,-0.001421,70451.21,745901.414
301551,2025-12-02,35.47,-0.023403,34837.41,123985.047
301552,2025-12-02,37.5,-0.005568999999999999,4462.88,16800.954
301555,2025-12-02,31.72,-0.014601,13391.0,42744.429
301556,2025-12-02,98.49,-0.006957,10664.54,105267.509
301557,2025-12-02,128.99,-0.055434000000000004,11311.7,148159.337
301558,2025-12-02,9.19,0.0,112859.0,103328.863
301559,2025-12-02,16.16,-0.009197,11299.17,18335.361
301560,2025-12-02,34.07,-0.013892999999999999,7104.43,24300.066
301563,2025-12-02,164.64,-0.029588999999999997,23149.26,387038.733
301565,2025-12-02,28.91,0.070741,182829.01,523578.822
301566,2025-12-02,18.71,-0.015263,173991.75,325705.774
301567,2025-12-02,57.04,0.025346,150549.06,885389.423
301568,2025-12-02,43.99,-0.00968,17899.0,78744.425
301571,2025-12-02,49.8,0.013844,66537.69,331862.005
301575,2025-12-02,49.19,-0.013438,6566.93,32452.148
301577,2025-12-02,58.78,0.0030719999999999996,7767.66,45528.645
301578,2025-12-02,35.68,-0.008614,6139.23,21945.878
301580,2025-12-02,43.65,-0.013559000000000002,7329.08,32121.94
301581,2025-12-02,48.69,-0.017950999999999998,3734.87,18289.304
301584,2025-12-02,34.02,0.023774000000000003,113840.44,383374.328
301585,2025-12-02,30.89,-0.009301,3735.3,11573.316
301586,2025-12-02,45.97,-0.011822999999999998,5198.35,23965.443
301587,2025-12-02,24.1,0.0029130000000000002,27495.12,66436.494
301588,2025-12-02,19.62,-0.011587,18961.19,37205.991
301589,2025-12-02,155.56,-0.0196,3724.0,58284.324
301590,2025-12-02,163.89,-0.020792,2963.99,48741.452
301591,2025-12-02,39.08,-0.000512,5209.1,20404.866
301592,2025-12-02,118.99,-0.012039,3221.52,38431.835
301595,2025-12-02,36.95,0.00217,6430.9,23760.294
301596,2025-12-02,73.77,-0.012450000000000001,3779.4,27966.735
301598,2025-12-02,60.94,-0.008298999999999999,2525.0,15436.523
301600,2025-12-02,120.78,-0.007885999999999999,8057.74,97068.945
301601,2025-12-02,29.05,-0.008871,5703.68,16608.297
301602,2025-12-02,22.72,-0.013461,7488.0,17058.128
301603,2025-12-02,69.11,-0.018742,13756.8,95534.731
301606,2025-12-02,61.03,-0.010859,17177.38,104975.453
301607,2025-12-02,40.67,-0.014777,21602.34,89113.882
301608,2025-12-02,83.9,-0.019402,6522.26,55036.143
301609,2025-12-02,44.26,-0.009399999999999999,6962.1,30841.715
301611,2025-12-02,52.92,-0.002451,33960.46,180102.167
301613,2025-12-02,46.61,-0.013127,8758.14,41041.802
301616,2025-12-02,50.1,-0.020911,9495.0,47762.848
301617,2025-12-02,78.38,-0.03055,11201.97,88494.062
301618,2025-12-02,53.66,-0.009415,4186.65,22626.914
301622,2025-12-02,67.67,-0.028009,9227.3,63091.249
301626,2025-12-02,172.25,0.001978,22159.61,392284.985
301628,2025-12-02,85.36,-0.017269,8144.53,69977.639
301629,2025-12-02,217.1,-0.005725,20579.01,454691.568
301630,2025-12-02,172.92,-0.001271,2861.41,49723.741
301631,2025-12-02,97.36,-0.029699,21453.81,210727.194
301632,2025-12-02,25.48,-0.026366,27326.0,70175.478
301633,2025-12-02,67.43,-0.013604,1881.94,12724.247
301636,2025-12-02,49.4,-0.014561999999999999,4630.74,22974.702
301638,2025-12-02,22.63,-0.04635500000000001,609910.49,1395412.418
301656,2025-12-02,26.56,-0.005988,37997.14,100998.859
301658,2025-12-02,29.22,-0.01217,15234.06,44646.087
301662,2025-12-02,126.33,-0.017652,16080.84,204318.799
301665,2025-12-02,29.71,0.004395,17441.1,51814.261
301668,2025-12-02,51.3,0.007463,21773.33,112440.912
301678,2025-12-02,65.49,-0.026171000000000003,17284.35,114220.27
302132,2025-12-02,80.0,-0.0026179999999999997,52875.21,423479.142
600000,2025-12-02,11.45,-0.007799,503314.01,577904.085
600004,2025-12-02,9.75,0.009316999999999999,176033.09,171170.922
600006,2025-12-02,7.42,-0.0053620000000000004,123044.49,91331.827
600007,2025-12-02,19.91,0.0015090000000000001,35507.05,70809.678
600008,2025-12-02,3.02,0.0,620807.41,187353.488
600009,2025-12-02,31.83,-0.0018809999999999999,72222.4,229434.899
600010,2025-12-02,2.45,-0.016064000000000002,4209558.35,1030071.236
600011,2025-12-02,7.89,-0.0025280000000000003,391394.11,308750.203
600012,2025-12-02,15.07,0.0013289999999999999,82105.0,124398.649
600015,2025-12-02,7.0,-0.0014269999999999999,486259.28,340270.066
600016,2025-12-02,4.12,-0.007229,3348210.47,1379252.007
600017,2025-12-02,3.04,0.0033,234615.75,71026.655
600018,2025-12-02,5.58,0.00722,379211.83,211119.45
600019,2025-12-02,7.29,0.006906,814164.42,591863.214
600020,2025-12-02,4.46,0.018265,138859.66,61445.062
600021,2025-12-02,20.88,-0.035566,1088629.74,2268497.438
600022,2025-12-02,1.52,0.0,842132.6,127621.145
600023,2025-12-02,5.11,0.007890000000000001,395108.14,201192.987
600025,2025-12-02,9.51,0.0010530000000000001,132274.67,125810.51
600026,2025-12-02,11.8,-0.08456200000000001,1155171.74,1393559.995
600027,2025-12-02,5.27,0.011516,848561.32,445631.597
600028,2025-12-02,5.98,0.022222,1524030.42,905660.019
600029,2025-12-02,7.01,0.004298,453196.92,317784.856
600030,2025-12-02,27.37,-0.010842000000000001,652921.52,1793505.908
600031,2025-12-02,20.16,0.001988,507928.25,1022891.993
600032,2025-12-02,7.38,-0.001353,73709.71,54288.084
600033,2025-12-02,4.25,0.101036,1645320.32,670778.285
600035,2025-12-02,4.04,0.007481,129514.6,52140.798
600036,2025-12-02,43.38,-0.001381,406734.97,1765681.348
600037,2025-12-02,7.63,-0.023046999999999998,174000.0,132964.985
600038,2025-12-02,35.11,-0.010148999999999998,48944.58,172219.866
600039,2025-12-02,9.44,0.004255,168072.13,159005.958
600048,2025-12-02,6.59,-0.004532,951534.12,629087.563
600050,2025-12-02,5.45,0.0,1407460.5,767276.248
600051,2025-12-02,7.84,0.006418,49519.53,38616.486
600052,2025-12-02,5.14,0.01581,332872.76,170932.887
600053,2025-12-02,18.6,-0.027197,41875.0,77792.972
600054,2025-12-02,11.41,-0.0017499999999999998,71887.76,81977.413
600055,2025-12-02,16.34,0.007398,46687.11,75811.066
600056,2025-12-02,10.9,0.0027600000000000003,119971.9,130331.317
600057,2025-12-02,8.39,0.01451,195077.33,163413.683
600058,2025-12-02,8.61,-0.009205999999999999,53260.76,45819.466
600059,2025-12-02,9.23,0.0,59454.84,54793.61
600060,2025-12-02,26.24,0.012346,63783.33,167010.472
600061,2025-12-02,7.35,-0.005413,169101.32,124310.108
600062,2025-12-02,18.75,-0.003719,42895.0,80403.378
600063,2025-12-02,6.09,0.018394999999999998,426393.0,260258.946
600064,2025-12-02,8.58,0.014184,182559.21,155889.891
600066,2025-12-02,32.1,0.003125,90782.02,290670.862
600067,2025-12-02,4.19,0.019465,563442.17,234212.949
600071,2025-12-02,21.55,0.0,53707.08,116539.873
600072,2025-12-02,12.17,-0.0024590000000000002,143226.44,174774.512
600073,2025-12-02,6.7,-0.004458,69448.73,46496.577
600075,2025-12-02,4.91,-0.004057,162885.6,79622.764
600076,2025-12-02,3.04,0.0,289866.37,88035.797
600078,2025-12-02,11.31,-0.018229,378656.71,425309.938
600079,2025-12-02,19.21,-0.011831000000000001,125549.63,241819.344
600080,2025-12-02,8.48,0.004739,158600.96,131764.743
600081,2025-12-02,12.14,-0.0032840000000000005,13676.6,16590.269
600082,2025-12-02,4.8,0.010526,142272.0,67519.9
600084,2025-12-02,5.7,0.0017569999999999999,34783.21,19775.835
600085,2025-12-02,33.64,-0.003259,41178.25,138588.579
600088,2025-12-02,17.2,-0.028249,84665.2,147078.595
600089,2025-12-02,21.76,-0.021143000000000002,1140274.26,2484335.112
600094,2025-12-02,4.12,-0.014354,411053.03,168636.575
600095,2025-12-02,11.17,-0.011504,173053.7,193649.505
600096,2025-12-02,30.69,-0.007759,330385.87,1014738.094
600097,2025-12-02,12.18,-0.004088,158257.42,193036.487
600098,2025-12-02,6.84,-0.004366999999999999,97099.89,66324.924
600099,2025-12-02,10.81,0.0009260000000000001,22467.29,24234.703
600100,2025-12-02,8.94,0.0,699952.25,620815.254
600101,2025-12-02,9.07,-0.006572,72395.71,65521.571
600103,2025-12-02,4.02,0.017722,2454993.93,978746.042
600104,2025-12-02,15.52,0.003232,1004348.31,1566278.598
600105,2025-12-02,15.94,-0.009323,1167722.2,1868516.915
600106,2025-12-02,6.16,0.016502,205028.44,126781.229
600107,2025-12-02,7.48,-0.018373,57659.01,43671.633
600108,2025-12-02,3.23,0.018927,512506.01,164068.092
600109,2025-12-02,9.09,-0.010881,177761.54,161865.359
600110,2025-12-02,7.67,-0.014138999999999999,1424152.47,1101976.599
600111,2025-12-02,46.4,-0.024595,855246.22,3978219.201
600113,2025-12-02,54.5,-0.021894999999999998,37268.92,203484.089
600114,2025-12-02,27.71,-0.019809,104581.81,290546.402
600115,2025-12-02,5.12,0.0,674134.84,345027.986
600116,2025-12-02,6.5,-0.0015359999999999998,53620.44,34786.872
600117,2025-12-02,2.91,0.003448,219323.24,63429.57
600118,2025-12-02,42.68,-0.017043,319141.27,1366780.596
600119,2025-12-02,8.85,0.026682,107075.0,94350.588
600120,2025-12-02,6.27,-0.001592,594034.62,370510.001
600121,2025-12-02,4.55,0.008869,545944.59,247943.019
600123,2025-12-02,6.42,-0.0077280000000000005,129201.86,82893.487
600125,2025-12-02,6.11,0.0,101209.55,61652.268
600126,2025-12-02,8.82,-0.01891,445205.01,394048.492
600127,2025-12-02,7.2,0.043478,659029.32,470761.15
600128,2025-12-02,11.26,0.028311000000000003,142212.0,158478.504
600129,2025-12-02,19.19,-0.009293000000000001,39248.23,75326.104
600130,2025-12-02,4.1,-0.012048000000000001,119105.0,48896.969
600131,2025-12-02,16.34,-0.023311000000000002,119275.31,196193.623
600132,2025-12-02,54.25,0.006494,21297.07,115415.692
600133,2025-12-02,8.88,-0.0022470000000000003,126574.8,112436.505
600135,2025-12-02,8.02,0.006273999999999999,120989.01,96725.341
600136,2025-12-02,1.81,-0.005495,101894.0,18406.367
600137,2025-12-02,19.73,-0.001013,16484.4,32382.098
600138,2025-12-02,9.64,0.001038,84594.51,81355.097
600141,2025-12-02,32.34,-0.0009270000000000001,126342.0,409839.436
600143,2025-12-02,18.03,-0.024878,564913.18,1022378.843
600148,2025-12-02,19.67,-0.009068,12591.8,24859.526
600149,2025-12-02,5.49,0.0,81051.01,44199.35
600150,2025-12-02,34.36,0.000582,520463.64,1793068.653
600151,2025-12-02,10.25,0.055613,1823052.65,1858788.777
600152,2025-12-02,7.58,-0.00915,235949.19,178615.062
600153,2025-12-02,9.63,-0.012308,281913.6,271855.104
600155,2025-12-02,6.9,-0.007194000000000001,250108.37,172454.825
600156,2025-12-02,8.96,-0.023965,80502.37,72528.502
600157,2025-12-02,1.64,0.012346,11517109.85,1911579.9
600158,2025-12-02,8.67,-0.008008999999999999,100856.0,87358.993
600159,2025-12-02,3.2,0.003135,192024.13,60941.936
600160,2025-12-02,33.41,-0.0074270000000000004,94821.42,317344.569
600161,2025-12-02,17.13,-0.014951,89391.44,153525.193
600162,2025-12-02,2.03,0.0049499999999999995,551386.87,110678.06
600163,2025-12-02,5.77,0.030357,578287.49,330636.567
600165,2025-12-02,4.01,0.0,97148.87,38785.654
600166,2025-12-02,2.82,0.007143,783134.59,219531.46
600167,2025-12-02,8.19,-0.029620999999999998,175830.24,144611.752
600168,2025-12-02,5.25,-0.009434,77856.74,40805.792
600169,2025-12-02,2.39,-0.0041670000000000006,253355.44,60379.851
600170,2025-12-02,2.75,-0.010791,1432404.3,393667.172
600171,2025-12-02,32.14,-0.017124999999999998,93123.18,300314.714
600172,2025-12-02,6.15,-0.028436,616120.36,379359.285
600173,2025-12-02,8.12,0.029150999999999996,483495.36,399091.331
600176,2025-12-02,15.64,-0.006353,265601.53,417729.424
600177,2025-12-02,7.69,-0.0064600000000000005,186363.92,143203.033
600178,2025-12-02,12.08,0.0075060000000000005,63384.76,77158.298
600179,2025-12-02,4.2,0.002387,478407.58,198734.65
600180,2025-12-02,4.6,0.002179,145407.01,66726.892
600182,2025-12-02,15.85,-0.003771,22560.0,35779.229
600183,2025-12-02,58.77,-0.00034,299321.35,1766208.898
600184,2025-12-02,18.17,-0.016774999999999998,112194.0,204600.772
600185,2025-12-02,6.84,-0.018651,433643.12,303184.219
600186,2025-12-02,5.54,-0.007168,176327.96,97619.067
600187,2025-12-02,2.68,0.0,164427.0,43887.609
600188,2025-12-02,13.93,-0.0035770000000000003,171678.0,239501.916
600189,2025-12-02,7.6,0.007958,247321.47,187830.131
600191,2025-12-02,11.93,0.028448,237174.32,280901.246
600192,2025-12-02,9.09,-0.0032890000000000003,59498.91,53778.001
600193,2025-12-02,4.15,0.002415,132860.0,55349.864
600195,2025-12-02,7.64,-0.002611,69436.35,53077.009
600196,2025-12-02,27.09,-0.008782,97738.79,264719.169
600197,2025-12-02,14.33,-0.004861,19840.0,28448.029
600198,2025-12-02,8.67,0.0058,378813.49,329658.29
600199,2025-12-02,9.99,-0.007944,66356.43,66330.152
600201,2025-12-02,12.45,0.016327,282145.54,349591.478
600202,2025-12-02,6.15,-0.001623,75656.22,46270.819
600203,2025-12-02,15.17,0.001982,1269236.97,1913043.696
600206,2025-12-02,20.0,-0.013807,118402.0,236969.091
600207,2025-12-02,5.15,-0.007707,130926.88,67115.999
600208,2025-12-02,4.3,0.026253000000000002,1037892.29,441279.276
600210,2025-12-02,7.37,0.004087,173319.0,127194.933
600211,2025-12-02,42.03,-0.011291,17566.07,73895.907
600212,2025-12-02,8.32,-0.014218,65845.0,54912.946
600215,2025-12-02,6.97,-0.012747999999999999,49715.0,34677.306
600216,2025-12-02,14.01,-0.0070869999999999995,48448.84,67892.105
600217,2025-12-02,4.15,0.004843,114438.28,47481.477
600218,2025-12-02,11.02,-0.029075000000000004,288460.08,320057.451
600219,2025-12-02,4.75,-0.012474,1361729.09,646967.45
600221,2025-12-02,1.76,0.0,4816438.44,842204.469
600223,2025-12-02,7.58,-0.005249,62004.0,46944.187
600226,2025-12-02,4.34,-0.022523,529385.96,230672.462
600227,2025-12-02,2.74,-0.003636,709163.6,194045.079
600228,2025-12-02,7.35,0.016597999999999998,164501.94,120547.034
600229,2025-12-02,6.98,-0.001431,55995.18,38918.232
600230,2025-12-02,12.42,-0.013503000000000001,85834.28,106051.914
600231,2025-12-02,2.29,0.0,159020.6,36080.439
600232,2025-12-02,7.16,0.001399,69287.0,49204.854
600233,2025-12-02,17.07,-0.001754,90261.98,154116.437
600234,2025-12-02,13.0,-0.013656999999999999,58895.0,76276.891
600235,2025-12-02,6.89,0.0029110000000000004,59262.0,40717.907
600236,2025-12-02,7.03,-0.0014199999999999998,98745.34,69100.444
600237,2025-12-02,8.55,-0.01611,312243.01,266807.162
600238,2025-12-02,6.67,-0.005960999999999999,37998.0,25207.163
600239,2025-12-02,2.7,0.015038000000000001,366229.5,97808.447
600241,2025-12-02,9.41,0.008574,67903.0,63936.375
600243,2025-12-02,5.2,-0.020716000000000002,49726.15,25966.673
600246,2025-12-02,13.8,-0.009332,2540282.66,3541615.5
600248,2025-12-02,3.72,0.0,119696.4,44440.859
600249,2025-12-02,6.44,0.015773,146890.0,93834.846
600250,2025-12-02,10.57,-0.004708,69364.35,73478.065
600251,2025-12-02,8.92,0.004505,73754.41,65331.916
600252,2025-12-02,2.94,-0.010101,826431.33,242587.518
600255,2025-12-02,3.59,-0.005540000000000001,271723.0,97005.384
600256,2025-12-02,5.0,-0.0059640000000000006,365806.5,183135.176
600257,2025-12-02,6.19,-0.001613,242419.0,150248.961
600258,2025-12-02,15.66,0.002561,150418.88,235965.404
600259,2025-12-02,53.0,-0.02788,70766.09,377063.219
600261,2025-12-02,3.5,-0.002849,115266.11,40232.774
600262,2025-12-02,25.36,-0.018956,21558.0,54883.861
600265,2025-12-02,20.42,-0.018269,3629.01,7413.481
600266,2025-12-02,4.77,0.017058,373303.12,176580.543
600267,2025-12-02,10.46,0.001916,79454.46,82820.576
600268,2025-12-02,10.28,-0.016268,159069.16,163625.986
600269,2025-12-02,5.32,0.009488,128447.82,68043.685
600271,2025-12-02,9.12,0.016722,524236.28,476751.53
600272,2025-12-02,16.73,0.099934,305803.25,485082.864
600273,2025-12-02,8.3,0.001206,116399.25,96506.585
600276,2025-12-02,61.12,-0.013239,182306.14,1115986.037
600278,2025-12-02,7.92,0.006353,76917.67,60760.941
600279,2025-12-02,5.17,0.0038829999999999997,82824.51,42700.118
600280,2025-12-02,3.74,-0.005319000000000001,544521.0,204027.845
600281,2025-12-02,5.96,-0.008319,84163.1,49982.109
600282,2025-12-02,5.39,-0.011009,307244.22,166526.589
600283,2025-12-02,9.39,-0.002125,22735.8,21312.544
600284,2025-12-02,8.13,0.007435000000000001,571621.79,463332.099
600285,2025-12-02,21.93,-0.006793,46771.45,102898.03
600287,2025-12-02,6.09,0.044597,224609.91,136410.361
600288,2025-12-02,15.1,-0.001323,52438.0,79054.346
600289,2025-12-02,7.04,0.050746,15795.2,11119.821
600292,2025-12-02,12.87,0.005469000000000001,134384.06,171821.809
600293,2025-12-02,3.18,-0.00625,275588.81,87090.763
600295,2025-12-02,11.13,0.011818,84573.88,94152.328
600298,2025-12-02,41.68,0.018573,88328.69,364385.111
600299,2025-12-02,9.08,0.0033150000000000002,49741.49,45085.728
600300,2025-12-02,3.66,0.011049999999999999,458531.43,166469.338
600301,2025-12-02,35.78,-0.065308,168685.86,603191.205
600302,2025-12-02,10.0,-0.030068,136160.0,137337.891
600303,2025-12-02,3.5,0.0057469999999999995,186976.34,64734.656
600305,2025-12-02,7.97,0.001256,62049.57,49318.074
600307,2025-12-02,1.67,0.024540000000000003,771865.14,126638.572
600308,2025-12-02,3.94,0.007673,216860.55,84787.942
600309,2025-12-02,67.0,-0.014126000000000001,205282.97,1383080.399
600310,2025-12-02,3.84,-0.005181,96478.43,36937.801
600312,2025-12-02,16.63,-0.01772,133141.7,221967.556
600313,2025-12-02,6.87,0.031532,604143.6,409864.814
600315,2025-12-02,23.06,-0.023295,33231.24,76929.628
600316,2025-12-02,32.76,-0.005162,42350.85,138724.289
600318,2025-12-02,8.59,-0.010369,55693.0,47944.44
600319,2025-12-02,9.55,-0.021516,234158.0,226358.822
600320,2025-12-02,4.61,0.010965,345547.13,158042.093
600322,2025-12-02,2.57,0.0,211112.05,53924.06
600323,2025-12-02,28.86,-0.0031090000000000002,25530.87,73935.277
600325,2025-12-02,4.55,-0.004376,207951.22,94670.551
600326,2025-12-02,11.16,-0.0035709999999999995,262577.98,292506.711
600327,2025-12-02,5.34,0.053254,953958.1,499047.393
600328,2025-12-02,8.44,-0.004717,113755.31,95705.82
600329,2025-12-02,45.85,-0.017991,41749.28,192430.673
600330,2025-12-02,9.68,-0.013252,236421.32,228880.431
600331,2025-12-02,10.86,-0.026882000000000003,335013.14,365039.637
600332,2025-12-02,25.84,-0.001931,111409.34,287636.013
600333,2025-12-02,6.3,-0.014085,218751.79,137217.219
600335,2025-12-02,6.37,0.020833,214167.26,135242.941
600336,2025-12-02,7.99,-0.0074529999999999996,239625.25,190858.574
600337,2025-12-02,2.81,0.0369,1761522.04,484415.032
600338,2025-12-02,14.26,-0.023955999999999998,327846.51,468824.229
600339,2025-12-02,3.4,0.0,368003.23,124328.949
600340,2025-12-02,2.6,0.101695,4236590.47,1056807.442
600343,2025-12-02,24.14,0.047289000000000005,1432177.9,3428856.568
600345,2025-12-02,27.29,0.041603,197734.65,544066.284
600346,2025-12-02,19.2,0.0,195282.42,378188.365
600348,2025-12-02,8.12,0.035714,869039.21,694367.795
600350,2025-12-02,9.16,0.004386,97413.08,89516.147
600351,2025-12-02,6.68,0.007541,165588.92,110465.24
600352,2025-12-02,10.53,-0.002841,145345.51,153168.734
600353,2025-12-02,14.79,-0.006048,113393.34,166926.237
600354,2025-12-02,6.67,0.010605999999999999,242067.54,160379.111
600355,2025-12-02,2.96,0.006803,117468.02,34588.014
600356,2025-12-02,8.81,0.001136,65653.16,57558.394
600358,2025-12-02,5.76,-0.0017330000000000002,39712.8,22812.114
600359,2025-12-02,7.4,0.00955,97319.01,71388.428
600360,2025-12-02,8.03,-0.0123,80860.21,65067.43
600361,2025-12-02,4.45,-0.0044740000000000005,371102.0,163342.081
600362,2025-12-02,40.46,-0.00979,509686.12,2040853.222
600363,2025-12-02,53.23,-0.014258999999999999,43053.63,229223.259
600365,2025-12-02,3.54,0.050445000000000004,156323.93,54548.468
600366,2025-12-02,13.18,-0.012734,201083.8,263056.676
600367,2025-12-02,16.65,-0.015957,81997.0,136678.252
600368,2025-12-02,4.02,0.010049999999999998,116000.36,46357.405
600369,2025-12-02,4.44,-0.0022470000000000003,197805.67,87513.543
600370,2025-12-02,2.38,0.004219,292320.5,68904.632
600371,2025-12-02,9.51,0.013859,104189.11,98553.645
600372,2025-12-02,12.38,0.003241,376061.49,465593.361
600373,2025-12-02,10.49,-0.007569,138017.7,144232.456
600375,2025-12-02,6.35,0.012759,326997.99,205827.075
600376,2025-12-02,6.01,0.0067,1567943.71,937187.833
600377,2025-12-02,12.65,0.0,194860.0,246107.093
600378,2025-12-02,29.63,-0.013977,59911.0,177922.013
600379,2025-12-02,11.57,0.0026,29822.4,34357.748
600380,2025-12-02,12.44,-0.000803,117477.95,145940.113
600381,2025-12-02,4.65,0.049661,26938.0,12526.17
600382,2025-12-02,7.15,0.039244,271657.36,192606.081
600383,2025-12-02,3.33,-0.00597,1076476.64,359821.977
600386,2025-12-02,4.78,0.030171999999999997,257835.99,122613.482
600388,2025-12-02,15.47,0.005852,80769.99,125031.728
600389,2025-12-02,21.49,-0.007849,39515.45,84895.791
600390,2025-12-02,5.51,-0.008993,203384.2,112024.414
600391,2025-12-02,26.69,-0.013673,41466.61,110929.243
600392,2025-12-02,20.88,-0.026573000000000003,402164.57,843200.033
600395,2025-12-02,4.79,0.002092,127186.71,60725.882
600396,2025-12-02,3.07,0.0,103165.0,31445.682
600397,2025-12-02,6.44,-0.019787,87013.0,56261.348
600398,2025-12-02,6.2,0.001616,225163.53,139768.654
600399,2025-12-02,5.32,-0.009311,202712.77,107816.351
600400,2025-12-02,2.66,-0.011152,475049.1,125630.548
600403,2025-12-02,8.36,0.032099,1011386.63,846068.179
600405,2025-12-02,5.41,-0.012774,107442.05,58061.951
600406,2025-12-02,22.32,-0.002235,279107.21,622976.247
600408,2025-12-02,5.08,0.099567,2262472.9,1110647.963
600409,2025-12-02,6.24,0.006452,317137.49,197948.035
600410,2025-12-02,18.83,-0.009469,1172690.02,2224239.984
600415,2025-12-02,16.26,0.0037040000000000003,279069.91,454057.608
600416,2025-12-02,13.61,-0.013052999999999999,102445.01,139478.313
600418,2025-12-02,49.51,-0.007019999999999999,357756.12,1766246.691
600419,2025-12-02,9.95,0.0,33288.0,32957.262
600420,2025-12-02,10.27,-0.0048449999999999995,49365.34,50737.513
600421,2025-12-02,7.8,0.027667999999999998,52965.0,41163.364
600422,2025-12-02,13.15,-0.005294999999999999,25987.0,34200.739
600423,2025-12-02,4.18,0.019512,290970.3,120985.916
600425,2025-12-02,4.39,-0.013483,219062.0,96146.816
600426,2025-12-02,28.66,0.013079,163563.96,469497.054
600428,2025-12-02,7.23,-0.009589,347994.96,250694.028
600429,2025-12-02,5.58,0.00722,340299.0,188883.465
600433,2025-12-02,3.29,0.015432,188317.83,61363.916
600435,2025-12-02,13.84,-0.0057469999999999995,177621.85,246650.768
600436,2025-12-02,169.23,-0.01599,26510.84,451080.33
600438,2025-12-02,22.35,-0.04159500000000001,672671.03,1516488.634
600439,2025-12-02,3.04,-0.0032790000000000002,151581.0,45882.41
600444,2025-12-02,18.71,-0.010576,40900.0,76395.857
600446,2025-12-02,15.69,-0.005703000000000001,163333.63,256292.504
600448,2025-12-02,3.4,-0.002933,172684.95,58131.568
600449,2025-12-02,13.08,-0.006079,26662.0,34887.027
600452,2025-12-02,9.19,-0.005411,103230.55,94925.738
600455,2025-12-02,27.18,-0.012355,16355.0,44347.007
600456,2025-12-02,31.01,-0.01399,36183.81,112334.607
600458,2025-12-02,13.16,-0.010526,54171.86,71355.082
600459,2025-12-02,17.63,-0.015634,209267.99,368809.432
600460,2025-12-02,27.88,-0.022783,226565.71,635463.499
600461,2025-12-02,9.96,0.021537999999999998,262174.74,260247.73
600463,2025-12-02,11.21,-0.006206000000000001,26177.0,29267.979
600467,2025-12-02,2.65,0.01145,886564.0,232937.818
600468,2025-12-02,6.09,-0.004902,188133.0,113925.954
600469,2025-12-02,7.01,0.014472,88911.28,61649.259
600470,2025-12-02,6.29,0.004792,173076.43,107599.793
600475,2025-12-02,17.55,-0.019553,119289.0,211136.924
600476,2025-12-02,16.31,-0.024522,35846.38,58866.508
600477,2025-12-02,2.79,-0.010638000000000002,320114.16,89220.673
600478,2025-12-02,6.86,-0.015782,316236.03,216446.279
600479,2025-12-02,10.68,-0.00466,37814.51,40438.837
600480,2025-12-02,11.9,0.0,91460.2,108602.053
600481,2025-12-02,5.8,-0.021922,310311.79,180118.92
600482,2025-12-02,20.1,-0.003471,158383.55,319610.31
600483,2025-12-02,10.07,0.003988,179163.57,179851.665
600486,2025-12-02,61.26,-0.015746,29289.42,180452.031
600487,2025-12-02,19.84,-0.01146,328928.89,653675.254
600488,2025-12-02,4.37,0.004598,84856.84,36821.991
600489,2025-12-02,22.48,-0.017053,366545.51,824105.214
600490,2025-12-02,7.15,-0.035088,404477.73,290622.518
600491,2025-12-02,3.06,-0.006494,88170.22,26972.788
600493,2025-12-02,7.77,0.033245,201270.8,155242.361
600495,2025-12-02,4.91,-0.010081,66924.0,32911.361
600496,2025-12-02,4.36,0.006928,323664.83,139058.31
600497,2025-12-02,6.51,-0.003063,586761.31,379154.294
600498,2025-12-02,22.92,-0.034541,533255.65,1227940.668
600499,2025-12-02,12.67,-0.021622,196126.95,248817.889
600500,2025-12-02,3.98,-0.007481,148118.0,58895.056
600501,2025-12-02,21.81,0.017257,151638.48,330411.702
600502,2025-12-02,4.8,0.008403,208758.92,99864.988
600503,2025-12-02,2.95,-0.010067,292468.59,85950.394
600505,2025-12-02,12.68,-0.00549,34725.99,43856.066
600506,2025-12-02,26.12,0.023912,269068.0,702179.309
600507,2025-12-02,5.96,-0.006666999999999999,275478.26,163428.542
600508,2025-12-02,12.41,-0.001609,22590.73,27970.869
600509,2025-12-02,8.4,-0.037801,462137.78,390589.147
600510,2025-12-02,9.22,-0.012848,139358.52,128613.647
600511,2025-12-02,29.13,0.001031,30166.96,87811.159
600512,2025-12-02,2.58,0.003891,205975.0,52740.44
600513,2025-12-02,18.29,-0.017723,93203.2,170470.226
600515,2025-12-02,5.01,0.0,1235439.7,610650.864
600516,2025-12-02,6.17,-0.026814,802418.27,495591.228
600517,2025-12-02,5.88,-0.010101,191070.8,112066.381
600518,2025-12-02,2.0,-0.004975,1212239.3,242574.768
600519,2025-12-02,1436.03,-0.008267,25047.26,3607543.825
600520,2025-12-02,25.86,-0.023414,24448.0,63726.271
600521,2025-12-02,17.8,-0.019284,138617.83,247450.774
600522,2025-12-02,16.74,-0.004756,646295.43,1079043.73
600523,2025-12-02,14.36,-0.000696,21078.41,30167.425
600525,2025-12-02,3.71,-0.018519,109615.0,40999.257
600526,2025-12-02,5.39,0.003724,105842.17,56714.783
600527,2025-12-02,2.28,0.004405,372277.08,84288.037
600528,2025-12-02,8.03,-0.0037219999999999996,88655.0,71078.612
600529,2025-12-02,20.09,-0.004953,39374.0,79162.559
600530,2025-12-02,7.43,-0.017196,46684.02,34768.682
600531,2025-12-02,11.35,-0.012185,429730.24,488382.429
600533,2025-12-02,2.76,0.010989,249303.51,68276.672
600535,2025-12-02,15.47,-0.007697000000000001,52840.96,82053.939
600536,2025-12-02,44.96,-0.015545999999999999,93899.59,423667.185
600537,2025-12-02,4.12,-0.014354,664256.77,272702.269
600538,2025-12-02,6.47,0.014107000000000001,153177.51,98444.224
600539,2025-12-02,10.77,-0.013736,40403.0,43535.303
600540,2025-12-02,4.89,0.002049,116177.0,56282.176
600543,2025-12-02,6.15,0.004902,97200.01,59644.439
600545,2025-12-02,2.76,-0.010752999999999999,176314.0,48638.52
600546,2025-12-02,10.6,-0.012116,113150.0,120048.066
600547,2025-12-02,36.66,-0.011859999999999999,210592.91,773821.942
600548,2025-12-02,9.57,-0.007261,69427.01,66412.691
600549,2025-12-02,35.0,-0.003984,274294.28,958165.791
600550,2025-12-02,9.4,-0.010526,464772.92,435134.955
600551,2025-12-02,8.66,0.001156,45694.64,39411.264
600552,2025-12-02,11.33,-0.007011,117487.2,133536.962
600556,2025-12-02,6.48,-0.03139,1244787.1,805192.15
600557,2025-12-02,15.1,-0.00527,54975.32,83076.333
600558,2025-12-02,5.53,0.00363,138247.41,76157.122
600559,2025-12-02,16.34,-0.003659,51954.89,84935.754
600560,2025-12-02,16.7,-0.01649,18539.0,31138.079
600561,2025-12-02,6.93,0.004348,55688.0,38196.266
600562,2025-12-02,26.13,-0.0173,67044.85,176190.618
600563,2025-12-02,103.28,-0.011864,18415.69,190850.341
600566,2025-12-02,27.33,0.009978,111269.8,303284.853
600567,2025-12-02,1.72,0.0,1091199.92,187322.484
600568,2025-12-02,2.95,0.035088,1272638.48,371878.567
600569,2025-12-02,2.37,0.008511,203449.47,47649.837
600570,2025-12-02,28.98,-0.015625,211905.55,614658.075
600571,2025-12-02,16.08,-0.016514,91687.24,147726.224
600572,2025-12-02,4.69,0.006438,264743.67,123652.673
600573,2025-12-02,12.95,0.061475,403047.84,526503.468
600575,2025-12-02,3.61,0.002778,252278.87,90834.549
600576,2025-12-02,7.37,-0.018642000000000002,174342.07,128957.518
600577,2025-12-02,10.15,-0.012646,438721.59,445064.947
600578,2025-12-02,4.58,0.0,281058.59,127806.296
600579,2025-12-02,8.86,0.002262,62822.0,55326.111
600580,2025-12-02,41.75,-0.030423,665164.48,2805317.415
600581,2025-12-02,3.57,-0.008333,176397.1,62835.164
600582,2025-12-02,5.88,-0.006757,248549.22,146360.288
600583,2025-12-02,5.54,0.012797000000000001,441293.75,243775.984
600584,2025-12-02,36.46,-0.017251000000000002,275384.92,1009123.627
600585,2025-12-02,22.74,-0.00043999999999999996,192279.62,435922.778
600586,2025-12-02,5.73,0.0,332640.6,188192.045
600587,2025-12-02,15.09,-0.01114,41239.3,62379.978
600588,2025-12-02,13.88,-0.02391,511563.14,714181.801
600589,2025-12-02,7.77,-0.032379,963755.97,755949.94
600590,2025-12-02,8.93,-0.006674,71645.16,63903.04
600592,2025-12-02,26.13,-0.008349,383776.98,996244.86
600593,2025-12-02,50.1,0.027482000000000003,129847.7,644580.904
600594,2025-12-02,4.28,0.002342,127251.27,54165.582
600595,2025-12-02,6.97,0.008683,428479.14,296429.161
600596,2025-12-02,11.11,-0.000899,207269.46,229390.995
600597,2025-12-02,8.31,0.006052999999999999,121202.0,99976.23
600598,2025-12-02,14.99,0.004019,196368.0,294372.754
600599,2025-12-02,10.33,-0.011483,18125.69,18661.381
600600,2025-12-02,64.2,0.002342,26214.09,168344.001
600601,2025-12-02,11.96,-0.031579,1872309.91,2246226.024
600602,2025-12-02,18.76,-0.012632,82190.01,155162.694
600603,2025-12-02,6.7,-0.027576,98388.0,66622.793
600604,2025-12-02,6.11,0.004934,259637.98,158746.357
600605,2025-12-02,29.23,-0.014165,12171.46,35792.393
600606,2025-12-02,1.71,-0.005814000000000001,665126.74,113824.885
600608,2025-12-02,4.35,-0.013605,24676.78,10755.192
600609,2025-12-02,4.91,-0.004057,136778.89,67142.401
600610,2025-12-02,10.19,-0.014507,138762.94,141588.07
600611,2025-12-02,5.8,0.058394,805385.71,466425.627
600612,2025-12-02,44.68,-0.007993,10402.5,46486.787
600613,2025-12-02,6.86,-0.001456,75440.17,51552.741
600615,2025-12-02,11.7,-0.018456,27306.17,31788.376
600616,2025-12-02,5.68,0.0,72001.12,40743.321
600617,2025-12-02,3.46,0.005814000000000001,314429.12,107558.751
600618,2025-12-02,13.04,-0.014360999999999999,138136.02,180250.272
600619,2025-12-02,20.73,-0.029494,319028.47,667833.044
600620,2025-12-02,6.45,0.00311,73739.98,47556.666
600621,2025-12-02,15.33,-0.006481,77892.0,119644.446
600622,2025-12-02,3.19,-0.0062309999999999996,712281.82,227188.783
600623,2025-12-02,7.84,0.0,98766.41,77147.067
600624,2025-12-02,5.7,-0.018933,62935.5,36008.82
600626,2025-12-02,4.7,-0.004237,118024.0,55063.204
600628,2025-12-02,7.95,0.035156,438735.43,349715.425
600629,2025-12-02,20.84,-0.026623,477727.25,998686.232
600630,2025-12-02,10.27,0.019861,370530.68,378922.3
600633,2025-12-02,13.02,-0.015128999999999998,116215.49,151802.281
600635,2025-12-02,7.69,-0.041147,2013787.87,1562172.565
600636,2025-12-02,8.4,-0.017544,22569.0,19055.337
600637,2025-12-02,9.84,-0.02284,570239.04,565484.11
600638,2025-12-02,5.93,0.006791,79072.2,46529.88
600639,2025-12-02,10.5,0.001908,34129.43,35748.136
600640,2025-12-02,13.63,0.002943,73435.47,99134.485
600641,2025-12-02,16.53,-0.016071,116548.33,192951.991
600642,2025-12-02,8.13,0.008685,397998.62,324559.142
600643,2025-12-02,5.47,-0.001825,80142.1,43667.291
600644,2025-12-02,10.3,-0.009615,64896.0,66765.181
600645,2025-12-02,28.39,-0.010801,78140.52,220873.97
600648,2025-12-02,10.73,-0.008317999999999999,28913.0,31032.734
600649,2025-12-02,4.44,0.018349,261639.89,114928.076
600650,2025-12-02,14.49,0.019704,69726.01,101352.172
600651,2025-12-02,8.0,-0.011125000000000001,264756.42,211297.811
600653,2025-12-02,2.04,0.004926,285176.88,57868.651
600654,2025-12-02,3.98,-0.033981,1129930.23,450632.249
600655,2025-12-02,5.36,0.0,75538.75,40429.528
600657,2025-12-02,3.84,-0.002597,362060.2,138919.125
600658,2025-12-02,5.44,-0.009106999999999999,124134.71,67414.93
600660,2025-12-02,64.4,-0.0067859999999999995,101148.05,650732.371
600661,2025-12-02,10.82,-0.0046,36108.17,39044.792
600662,2025-12-02,5.28,0.003802,73603.5,38752.073
600663,2025-12-02,8.2,0.002445,41207.74,33716.558
600664,2025-12-02,3.64,0.0055249999999999995,330653.94,120006.164
600665,2025-12-02,3.7,0.00271,134021.8,49180.658
600666,2025-12-02,3.45,-0.028169,841361.95,290744.417
600667,2025-12-02,7.98,-0.019656,455271.69,364474.656
600668,2025-12-02,11.6,-0.0034360000000000003,19876.43,23010.299
600671,2025-12-02,17.08,-0.008706,19023.15,32317.975
600673,2025-12-02,20.81,-0.023462999999999998,237194.76,494933.429
600674,2025-12-02,14.61,0.0,82056.5,119883.014
600675,2025-12-02,2.86,0.0,239987.12,68279.376
600676,2025-12-02,6.17,0.018151999999999998,127571.48,78128.574
600678,2025-12-02,11.62,0.041219,1173944.34,1340614.592
600679,2025-12-02,13.93,-0.00571,62859.0,87805.943
600681,2025-12-02,4.32,0.0,332659.0,142282.295
600682,2025-12-02,7.76,-0.007673,170813.78,132564.547
600683,2025-12-02,4.71,0.008565,137220.06,63802.351
600684,2025-12-02,4.74,-0.006289,169002.88,79919.379
600685,2025-12-02,29.85,0.016343,554099.64,1665233.437
600686,2025-12-02,16.43,0.026875,258635.2,426127.634
600688,2025-12-02,2.77,0.007272999999999999,358140.32,98812.422
600689,2025-12-02,15.08,-0.008547,29021.0,43708.083
600690,2025-12-02,27.76,0.010557,360693.13,1004523.177
600691,2025-12-02,3.07,-0.016026,262737.5,80545.219
600692,2025-12-02,7.95,-0.008728,53371.08,42417.157
600693,2025-12-02,11.0,0.06383,1874763.27,2006303.733
600694,2025-12-02,17.55,-0.002274,22740.77,39935.381
600696,2025-12-02,4.55,-0.048117,84548.0,38667.833
600697,2025-12-02,13.93,0.016047,98524.43,136529.502
600698,2025-12-02,9.29,-0.01797,119270.0,111371.939
600699,2025-12-02,26.98,-0.015328,371178.99,1000544.243
600702,2025-12-02,60.5,-0.031225,93293.11,570354.297
600703,2025-12-02,13.14,-0.011287,274828.2,361559.582
600704,2025-12-02,5.48,0.0055049999999999995,373630.57,204006.053
600706,2025-12-02,10.98,-0.00363,130090.0,143147.296
600707,2025-12-02,5.78,0.021200999999999998,365416.93,211995.177
600708,2025-12-02,3.41,-0.002924,143223.52,48792.509
600710,2025-12-02,10.7,0.0,85357.08,91180.108
600711,2025-12-02,12.46,-0.009538999999999999,1005910.14,1249516.112
600712,2025-12-02,7.16,0.005618,98468.06,70038.205
600713,2025-12-02,5.17,0.015717000000000002,185529.68,95363.04
600714,2025-12-02,12.21,-0.002451,55308.0,67495.229
600715,2025-12-02,2.47,-0.023715,418621.0,103693.916
600716,2025-12-02,3.97,0.012755,133074.0,52471.873
600717,2025-12-02,4.56,-0.002188,156509.43,71236.337
600718,2025-12-02,10.26,-0.010608,167697.01,172108.514
600719,2025-12-02,6.09,-0.0065249999999999996,51047.38,31038.556
600720,2025-12-02,7.5,0.001335,53121.53,39737.84
600721,2025-12-02,10.01,-0.00398,214460.0,214417.179
600722,2025-12-02,6.27,-0.018779,114906.64,72067.966
600724,2025-12-02,5.85,0.099624,440887.63,253654.317
600725,2025-12-02,3.78,0.008,143328.04,53777.302
600726,2025-12-02,2.57,-0.003876,256409.0,65832.544
600727,2025-12-02,7.09,-0.0070030000000000005,43807.0,31067.79
600728,2025-12-02,6.42,-0.012308,194235.05,125041.867
600729,2025-12-02,27.39,0.000365,23214.0,63664.709
600730,2025-12-02,12.37,-0.048462,694761.28,860165.708
600731,2025-12-02,6.97,-0.011348,44268.08,30872.316
600732,2025-12-02,13.44,-0.008118,261708.89,354333.466
600733,2025-12-02,7.84,0.006418,576154.77,450993.288
600734,2025-12-02,5.93,0.060823,9283257.98,5414361.21
600735,2025-12-02,5.76,-0.049505,203308.0,119304.938
600736,2025-12-02,5.77,0.0017360000000000001,252723.74,145058.888
600737,2025-12-02,17.34,-0.022548,220410.08,383965.105
600738,2025-12-02,5.14,0.007843,171960.01,87895.171
600739,2025-12-02,11.63,-0.014407000000000001,147998.0,172014.271
600740,2025-12-02,4.02,0.002494,215346.89,86166.881
600741,2025-12-02,19.66,0.004599,88773.82,174377.523
600742,2025-12-02,9.66,-0.008214,50643.69,49056.587
600743,2025-12-02,2.15,0.0,251620.67,53924.96
600744,2025-12-02,6.07,-0.011401,220722.18,134005.167
600745,2025-12-02,40.0,-0.022244,375868.08,1508897.519
600746,2025-12-02,7.13,0.002813,34184.17,24280.828
600748,2025-12-02,5.73,-0.022184,251998.22,145036.487
600749,2025-12-02,17.34,-0.003448,51564.01,89659.988
600750,2025-12-02,23.0,0.014557,192506.51,442489.629
600751,2025-12-02,3.95,-0.017413,319278.01,125769.818
600753,2025-12-02,8.47,-0.003529,16897.0,14236.714
600754,2025-12-02,26.4,0.016166,191688.43,504980.151
600755,2025-12-02,6.68,0.007541,533439.55,356052.28
600756,2025-12-02,23.0,0.007005,668121.98,1532084.758
600757,2025-12-02,9.19,0.011001,257281.88,235524.869
600758,2025-12-02,3.94,0.012853000000000002,215219.1,84082.553
600759,2025-12-02,2.76,0.014705999999999999,2372764.46,649351.247
600760,2025-12-02,57.58,-0.011163000000000001,117283.11,678488.064
600761,2025-12-02,19.53,0.0046300000000000004,46824.67,91456.702
600763,2025-12-02,41.93,-0.009216,26753.86,112232.769
600764,2025-12-02,29.93,-0.002001,139577.18,419559.832
600765,2025-12-02,15.9,-0.013035000000000001,113920.99,181479.191
600768,2025-12-02,13.78,0.009524,45668.0,62625.355
600769,2025-12-02,12.77,-0.00931,41747.73,53394.617
600770,2025-12-02,5.22,-0.007605,88507.03,46084.779
600771,2025-12-02,19.14,-0.013402,48797.05,93816.214
600773,2025-12-02,12.89,-0.050110999999999996,217396.29,283653.748
600774,2025-12-02,9.86,-0.00404,26628.99,26216.768
600775,2025-12-02,11.25,0.009874,133080.69,148816.998
600776,2025-12-02,13.59,-0.015217000000000001,241360.42,328793.7
600777,2025-12-02,3.89,-0.0025640000000000003,77595.1,30205.358
600778,2025-12-02,7.05,0.007143,100888.06,70670.364
600779,2025-12-02,39.84,-0.012639000000000001,19251.88,77000.356
600780,2025-12-02,5.86,0.003425,81013.0,47291.811
600782,2025-12-02,3.88,0.005181,394356.05,152328.333
600783,2025-12-02,14.66,0.011033999999999999,147144.54,216130.988
600784,2025-12-02,6.71,0.004491,54376.0,36437.449
600785,2025-12-02,13.81,-0.001446,82837.58,114189.614
600787,2025-12-02,5.7,-0.001751,101188.66,57590.103
600789,2025-12-02,9.8,-0.0091,199166.88,195029.448
600790,2025-12-02,3.83,0.010554,120813.94,46088.74
600791,2025-12-02,5.27,0.009578999999999999,64755.0,33868.309
600792,2025-12-02,4.51,0.011211,356260.0,160010.958
600793,2025-12-02,22.83,-0.029748999999999998,35191.0,81030.551
600794,2025-12-02,3.92,-0.007594999999999999,107906.0,42298.367
600795,2025-12-02,5.72,0.005272,953818.52,543860.112
600796,2025-12-02,6.44,0.027113,94536.55,60140.326
600797,2025-12-02,10.84,-0.024302,501075.08,544568.556
600798,2025-12-02,3.74,-0.010582000000000001,157779.46,58960.662
600800,2025-12-02,4.3,0.026253000000000002,441983.0,191049.469
600801,2025-12-02,22.15,-0.016866000000000003,63411.23,140813.154
600802,2025-12-02,8.12,0.025253,994213.95,798422.352
600803,2025-12-02,21.76,-0.009558,92054.86,200992.823
600805,2025-12-02,5.5,-0.001815,93690.29,51294.728
600807,2025-12-02,3.48,0.014577,185932.6,64158.954
600808,2025-12-02,3.87,-0.020253,556362.75,214763.0
600809,2025-12-02,192.16,-0.00836,40552.32,786806.099
600810,2025-12-02,8.78,0.011520999999999998,252660.89,220877.537
600812,2025-12-02,5.87,0.001706,86196.84,50482.61
600814,2025-12-02,7.81,0.015605,108370.0,84411.841
600815,2025-12-02,4.17,0.047739000000000004,2407455.37,987766.4
600816,2025-12-02,2.95,0.003401,635466.46,186070.818
600817,2025-12-02,11.04,-0.007194000000000001,13318.0,14689.482
600818,2025-12-02,10.41,-0.014205,50064.42,52249.494
600819,2025-12-02,8.18,-0.002439,88472.0,71957.414
600820,2025-12-02,6.42,0.0,132459.67,84864.464
600821,2025-12-02,5.3,0.00189,140328.0,74038.748
600822,2025-12-02,11.19,-0.003562,35720.0,39859.1
600824,2025-12-02,4.67,0.0,301393.04,140590.483
600825,2025-12-02,6.78,-0.031429,205785.88,140211.575
600826,2025-12-02,11.4,-0.014693000000000001,143740.11,164903.308
600827,2025-12-02,9.12,0.002198,77528.95,70604.209
600828,2025-12-02,6.53,0.099327,1371576.16,842018.45
600829,2025-12-02,13.49,0.100326,450625.81,582521.054
600830,2025-12-02,9.43,-0.005274,40660.76,38330.658
600831,2025-12-02,4.63,-0.027311000000000002,158788.72,73832.119
600833,2025-12-02,14.18,0.035036,93303.29,130701.816
600834,2025-12-02,8.42,0.0035759999999999998,37623.0,31784.749
600835,2025-12-02,29.65,-0.012983,214485.03,632030.522
600838,2025-12-02,9.2,-0.0075509999999999996,118967.12,109601.997
600839,2025-12-02,9.43,-0.014629000000000001,543400.57,513834.699
600841,2025-12-02,6.1,-0.00974,49952.0,30419.075
600843,2025-12-02,11.23,-0.008826,91637.28,103219.038
600844,2025-12-02,3.39,0.01497,215378.2,72241.665
600845,2025-12-02,21.2,-0.010733,69668.42,147958.959
600846,2025-12-02,17.16,-0.002326,90046.8,153831.505
600847,2025-12-02,12.06,-0.016313,26786.94,32277.782
600848,2025-12-02,11.45,-0.02387,143784.6,165331.281
600850,2025-12-02,26.12,-0.012849999999999999,45221.08,118440.795
600851,2025-12-02,7.31,0.056358,334835.96,242747.673
600853,2025-12-02,4.38,0.0,511446.0,220994.336
600854,2025-12-02,5.37,0.009398,68947.97,36695.093
600855,2025-12-02,17.45,0.024061,490271.22,845972.574
600857,2025-12-02,14.54,0.011127,72512.0,104808.978
600858,2025-12-02,6.06,0.015075,235697.95,141886.369
600859,2025-12-02,14.67,0.004795,318247.15,464882.33
600860,2025-12-02,12.71,0.0031569999999999997,124280.78,157461.654
600861,2025-12-02,18.14,-0.006027,18087.64,32865.894
600862,2025-12-02,20.97,-0.013641,97472.03,205192.364
600863,2025-12-02,4.77,0.028017,892881.39,422743.253
600864,2025-12-02,6.72,-0.013216,149268.0,100632.771
600865,2025-12-02,9.63,0.011555,114887.21,110640.657
600866,2025-12-02,6.85,-0.0029110000000000004,139315.0,95652.082
600867,2025-12-02,8.74,-0.002283,95375.18,83339.382
600868,2025-12-02,3.85,-0.022843,5881046.17,2300542.757
600869,2025-12-02,6.92,0.001447,187839.0,130111.734
600871,2025-12-02,2.33,-0.008511,1304705.44,301385.631
600872,2025-12-02,17.62,-0.0017000000000000001,55643.0,98215.836
600873,2025-12-02,10.21,0.003933,368959.45,377361.963
600874,2025-12-02,5.98,-0.001669,92149.61,54854.048
600875,2025-12-02,21.23,-0.005621,275051.78,580335.608
600876,2025-12-02,10.06,-0.002973,28105.52,28232.598
600877,2025-12-02,15.25,-0.012945,407602.19,618743.238
600879,2025-12-02,11.64,0.030088,1762852.49,2035199.758
600880,2025-12-02,5.32,-0.009311,272120.44,144591.847
600881,2025-12-02,2.15,0.023809999999999998,1461018.89,310218.277
600882,2025-12-02,27.24,-0.020496,58667.45,161534.952
600883,2025-12-02,8.44,0.0,36006.56,30266.982
600884,2025-12-02,13.25,0.023166000000000003,672649.01,882112.464
600885,2025-12-02,28.21,-0.011215999999999999,185397.07,519400.621
600886,2025-12-02,13.81,0.0,94487.83,130902.013
600887,2025-12-02,29.35,-0.002718,244418.02,716507.514
600888,2025-12-02,7.77,-0.007663,127511.41,98888.022
600889,2025-12-02,14.81,-0.009365,26857.0,39809.698
600892,2025-12-02,3.71,-0.026247,91192.0,33982.506
600893,2025-12-02,36.96,-0.010707,103911.88,385435.056
600894,2025-12-02,9.23,0.003261,24750.38,22822.126
600895,2025-12-02,40.3,-0.02915,390617.22,1582421.623
600897,2025-12-02,16.34,0.011765000000000001,72496.45,118582.576
600900,2025-12-02,28.26,0.006769,748779.62,2111131.853
600901,2025-12-02,6.28,0.017828,506506.29,315258.956
600903,2025-12-02,6.9,-0.0028899999999999998,59614.72,41114.362
600905,2025-12-02,4.18,-0.002387,493699.19,206403.797
600906,2025-12-02,6.82,-0.005830999999999999,123573.0,84156.97
600908,2025-12-02,6.21,0.006483,146438.61,90709.258
600909,2025-12-02,6.33,-0.010938000000000002,289980.44,183697.771
600916,2025-12-02,8.1,-0.0012330000000000002,93135.87,75256.266
600917,2025-12-02,5.73,-0.003478,43240.94,24751.442
600918,2025-12-02,6.58,-0.0045390000000000005,157540.0,103482.925
600919,2025-12-02,10.95,0.016713,1743530.12,1896840.736
600925,2025-12-02,4.77,0.002101,77608.04,36949.461
600926,2025-12-02,15.77,0.00127,307187.41,484400.275
600927,2025-12-02,14.28,-0.008333,28315.96,40395.145
600928,2025-12-02,3.9,0.005155,226817.19,87830.468
600929,2025-12-02,6.15,0.049488000000000004,344078.03,207565.964
600930,2025-12-02,6.7,0.029186,3731179.86,2489117.349
600933,2025-12-02,19.04,-0.010909,101773.43,194416.493
600935,2025-12-02,2.67,0.007547000000000001,200291.0,52897.565
600936,2025-12-02,3.54,-0.002817,88085.02,30990.114
600938,2025-12-02,28.76,0.009831,295936.07,851179.776
600939,2025-12-02,3.88,0.015707,674853.57,263415.795
600941,2025-12-02,107.35,0.0028020000000000002,104786.81,1124172.308
600955,2025-12-02,15.48,0.005195,60504.4,93412.741
600956,2025-12-02,7.58,-0.006553,55180.33,41762.899
600958,2025-12-02,10.28,-0.016268,386285.89,398953.088
600959,2025-12-02,3.5,-0.005682,284240.85,99066.081
600960,2025-12-02,5.04,-0.009823,122559.0,61718.083
600961,2025-12-02,14.87,-0.021065999999999998,114372.0,170580.595
600962,2025-12-02,19.91,-0.015331,18639.01,37245.971
600963,2025-12-02,4.35,0.002304,161195.91,69985.102
600965,2025-12-02,5.91,0.015464,187852.0,110523.22
600966,2025-12-02,6.22,-0.034161000000000004,279754.96,175215.948
600967,2025-12-02,17.15,-0.009243,175114.77,301143.791
600968,2025-12-02,3.86,0.015789,596003.0,227837.74
600969,2025-12-02,9.13,0.024691,156949.98,143055.076
600970,2025-12-02,9.68,0.013613,269657.54,259360.658
600971,2025-12-02,6.79,0.005926,73848.96,49895.213
600973,2025-12-02,5.24,-0.001905,194907.96,101534.171
600975,2025-12-02,6.12,-0.009709,121930.64,74701.252
600976,2025-12-02,37.01,-0.001349,7674.06,28380.767
600977,2025-12-02,18.2,-0.043113,2188579.02,4115161.656
600979,2025-12-02,4.68,-0.004255,88581.7,41404.162
600980,2025-12-02,22.59,-0.011378999999999998,16332.0,36811.529
600981,2025-12-02,3.73,0.10029500000000001,1034572.04,381722.136
600982,2025-12-02,4.52,0.004444,150960.83,67828.698
600983,2025-12-02,10.25,0.003918,17445.46,17836.434
600984,2025-12-02,4.36,-0.006834,427566.26,188473.305
600985,2025-12-02,12.02,-0.00249,186813.44,223874.828
600986,2025-12-02,9.7,-0.013225,406609.99,394740.744
600987,2025-12-02,7.23,0.006964000000000001,80458.43,58043.239
600988,2025-12-02,31.61,-0.018323,329291.23,1042639.034
600989,2025-12-02,18.46,-0.002162,260053.44,480803.188
600990,2025-12-02,26.08,0.003463,49480.17,128355.77
600992,2025-12-02,13.69,-0.018638,42780.0,58817.021
600993,2025-12-02,28.91,0.017599,86081.71,247697.241
600995,2025-12-02,12.47,-0.015007999999999999,86124.0,107529.722
600996,2025-12-02,11.92,0.003367,350939.27,417856.526
600997,2025-12-02,6.16,0.004894,99920.15,61466.118
600998,2025-12-02,5.02,0.01006,289695.16,144804.466
600999,2025-12-02,16.29,-0.006706999999999999,185144.6,302016.643
601000,2025-12-02,3.87,0.007813,509190.56,196405.805
601001,2025-12-02,14.6,-0.001368,182686.0,264746.792
601002,2025-12-02,5.09,0.0,44444.01,22577.92
601003,2025-12-02,5.0,0.002004,113629.02,56425.359
601005,2025-12-02,1.46,-0.006803,1518965.79,221056.293
601006,2025-12-02,5.51,-0.0036170000000000004,771641.14,425095.376
601007,2025-12-02,7.88,0.008963,105104.4,82724.31
601008,2025-12-02,5.31,0.001887,86319.46,45629.065
601009,2025-12-02,12.03,0.015189999999999999,496821.25,593528.753
601010,2025-12-02,2.96,0.02069,1617967.08,481024.081
601011,2025-12-02,3.88,0.031915,1431255.3,554821.108
601012,2025-12-02,18.31,-0.023467,1262765.37,2319595.364
601015,2025-12-02,4.16,0.019608,529715.36,219702.663
601016,2025-12-02,3.01,0.003333,284754.3,85351.306
601018,2025-12-02,3.8,0.0052910000000000006,605424.23,230036.69
601019,2025-12-02,8.69,-0.004582,114121.0,99221.071
601020,2025-12-02,29.27,-0.01481,241605.46,702754.267
601021,2025-12-02,54.9,-0.011878999999999999,37504.1,206418.553
601022,2025-12-02,9.19,-0.015005,82341.74,75888.048
601026,2025-12-02,20.35,-0.002451,69290.1,142053.633
601033,2025-12-02,15.47,0.0025919999999999997,21688.88,33483.995
601038,2025-12-02,12.78,0.002353,36531.12,46511.0
601058,2025-12-02,16.36,0.023139,271271.6,442263.89
601061,2025-12-02,14.33,-0.025169999999999998,201669.63,290848.98
601065,2025-12-02,8.58,0.005862000000000001,49805.22,42515.78
601066,2025-12-02,25.22,0.0,158093.22,400570.373
601068,2025-12-02,5.1,-0.022989000000000002,224448.64,114329.568
601069,2025-12-02,26.62,-0.023478,112092.71,298816.867
601077,2025-12-02,6.72,0.012048000000000001,538370.02,360503.57
601083,2025-12-02,11.26,-0.0070550000000000005,43175.15,48609.385
601086,2025-12-02,10.53,-0.011268,143729.0,152230.308
601088,2025-12-02,41.6,0.006289,194336.72,806183.848
601089,2025-12-02,24.9,-0.012297,63200.64,156886.497
601096,2025-12-02,4.16,0.004830999999999999,197119.05,81533.983
601098,2025-12-02,11.17,-0.007110999999999999,101662.19,113597.881
601099,2025-12-02,4.11,-0.009639,775147.21,318860.253
601100,2025-12-02,103.8,0.0,104375.96,1083348.947
601101,2025-12-02,7.46,0.008107999999999999,93590.57,69890.706
601106,2025-12-02,3.03,0.003311,327879.95,98684.75
601107,2025-12-02,5.95,0.013629,202064.0,120000.947
601108,2025-12-02,8.15,-0.007308,205764.0,167659.488
601111,2025-12-02,8.35,-0.013002,484957.57,406560.0
601113,2025-12-02,4.76,0.050773,970988.27,461621.519
601116,2025-12-02,15.77,-0.034293,435824.22,700742.608
601117,2025-12-02,7.54,-0.0039629999999999995,337162.35,254170.428
601118,2025-12-02,5.95,0.006768,706242.18,413033.963
601121,2025-12-02,7.61,0.009284,182425.0,137984.463
601126,2025-12-02,28.39,-0.02774,312952.0,884180.203
601127,2025-12-02,128.9,-0.01768,173564.7,2242740.607
601128,2025-12-02,7.26,0.002762,256306.61,185728.445
601133,2025-12-02,14.4,0.032999,279416.94,395525.758
601136,2025-12-02,20.31,-0.025899000000000002,207237.55,423611.168
601137,2025-12-02,21.53,-0.0037019999999999996,110167.0,236497.383
601138,2025-12-02,60.96,0.019228000000000002,2091277.21,12795589.25
601139,2025-12-02,6.62,0.0015129999999999998,60736.62,40117.141
601155,2025-12-02,15.1,-0.003958,160306.67,241922.143
601156,2025-12-02,16.42,-0.00243,58517.47,96395.349
601158,2025-12-02,4.69,0.0,118347.0,55417.412
601162,2025-12-02,4.38,-0.017937,2818527.87,1239485.668
601163,2025-12-02,14.57,0.008304,37490.0,54403.88
601166,2025-12-02,21.15,-0.000473,531469.79,1121724.094
601168,2025-12-02,23.8,-0.012447999999999999,267509.6,637386.423
601169,2025-12-02,5.73,-0.0017419999999999998,1247782.4,714298.622
601177,2025-12-02,16.87,-0.014603,45849.28,77507.266
601179,2025-12-02,8.23,-0.016726,643816.91,529777.422
601186,2025-12-02,7.79,0.0025740000000000003,207529.35,161340.64
601187,2025-12-02,7.63,0.014628,231308.28,175110.002
601188,2025-12-02,3.7,0.019284,797226.0,298107.65
601199,2025-12-02,5.7,0.0035210000000000003,61966.0,35321.576
601200,2025-12-02,8.07,0.0,59666.75,48050.968
601208,2025-12-02,19.78,-0.017875000000000002,491674.8,977771.655
601211,2025-12-02,19.54,-0.004077,523489.9,1024749.464
601212,2025-12-02,5.15,-0.022770000000000002,2250950.65,1160917.004
601216,2025-12-02,4.87,-0.010163,381322.0,185854.797
601218,2025-12-02,4.93,-0.006048,211623.0,104000.688
601222,2025-12-02,5.75,0.005245,105226.0,60122.685
601225,2025-12-02,22.82,-0.003058,234623.98,532492.497
601226,2025-12-02,7.69,-0.010296000000000001,130361.72,99914.974
601228,2025-12-02,3.32,0.003021,150459.0,49807.218
601229,2025-12-02,10.08,0.001988,361531.76,363929.878
601231,2025-12-02,23.2,0.008696,280794.75,655025.829
601233,2025-12-02,15.4,-0.004525,215559.38,332650.921
601236,2025-12-02,8.51,-0.010465,118561.3,101586.494
601238,2025-12-02,9.17,0.020022,1708900.11,1582918.442
601279,2025-12-02,4.71,0.004264,398169.0,185493.174
601288,2025-12-02,8.02,0.003755,2266719.18,1808356.617
601298,2025-12-02,8.52,0.004717,200667.7,171102.043
601311,2025-12-02,9.12,-0.008696,99833.3,91154.478
601318,2025-12-02,58.8,0.0029,373837.34,2200530.387
601319,2025-12-02,8.36,0.015795999999999998,1490245.1,1248080.796
601326,2025-12-02,3.57,0.005634,219349.78,78055.319
601328,2025-12-02,7.65,-0.005202,975516.34,747924.349
601330,2025-12-02,6.93,-0.00431,74095.0,51017.266
601333,2025-12-02,3.07,0.009868,536071.01,164188.299
601336,2025-12-02,65.27,-0.007602,97505.43,639657.825
601339,2025-12-02,5.48,0.003663,79188.0,43282.012
601360,2025-12-02,12.93,-0.024887000000000003,1787150.55,2313764.004
601366,2025-12-02,4.66,0.006479,89395.0,41483.968
601368,2025-12-02,5.09,0.0,61393.0,31185.89
601369,2025-12-02,9.31,-0.0010730000000000002,217016.38,201800.534
601375,2025-12-02,4.28,-0.006961,188398.0,80469.944
601377,2025-12-02,6.86,0.0,743977.76,509929.08
601388,2025-12-02,3.01,0.016892,748750.92,221053.542
601390,2025-12-02,5.48,0.0,435446.58,238330.533
601398,2025-12-02,8.09,0.0,2145189.91,1731677.085
601399,2025-12-02,3.48,0.008696,1389476.07,485426.706
601456,2025-12-02,10.58,0.003795,361090.5,381908.207
601500,2025-12-02,4.69,0.100939,1104740.19,502068.132
601512,2025-12-02,9.18,-0.004338,25948.87,23771.355
601515,2025-12-02,4.52,-0.019523,214559.1,97229.201
601518,2025-12-02,2.96,0.0033900000000000002,177408.62,52035.52
601519,2025-12-02,12.75,-0.009324,178041.56,226520.576
601528,2025-12-02,5.63,0.003565,93588.5,52461.93
601555,2025-12-02,8.91,-0.007795,165029.31,147341.166
601566,2025-12-02,14.12,0.045926,711692.17,994304.448
601567,2025-12-02,22.59,-0.011811,142981.89,323211.368
601568,2025-12-02,3.91,-0.002551,141647.4,55321.96
601577,2025-12-02,9.81,0.005123,153015.01,149455.917
601579,2025-12-02,21.28,-0.0032790000000000002,80676.0,171253.974
601588,2025-12-02,1.87,0.005376,363405.75,67461.365
601595,2025-12-02,29.6,-0.047006,153280.6,456762.857
601598,2025-12-02,6.36,-0.00625,188452.82,119415.562
601599,2025-12-02,3.88,-0.005128000000000001,170890.0,66023.618
601600,2025-12-02,10.58,-0.010289999999999999,1633136.02,1721064.048
601601,2025-12-02,35.61,0.012511000000000001,317172.97,1130577.462
601606,2025-12-02,52.49,0.00517,448465.07,2368635.804
601607,2025-12-02,17.88,-0.002789,79910.47,142764.655
601608,2025-12-02,6.88,0.011765000000000001,869642.39,593681.517
601609,2025-12-02,10.19,-0.018304,172138.0,175464.409
601611,2025-12-02,11.51,-0.015398,298250.61,343764.219
601615,2025-12-02,13.27,-0.005247000000000001,199163.41,263193.38
601616,2025-12-02,3.99,0.0,156885.8,62123.579
601618,2025-12-02,3.24,-0.003077,1359008.17,437829.815
601619,2025-12-02,4.3,-0.00232,346378.4,147896.918
601628,2025-12-02,43.88,0.0043490000000000004,105413.3,464141.974
601633,2025-12-02,22.01,-0.004973,104422.3,230261.067
601636,2025-12-02,6.21,0.0,415225.13,255866.521
601658,2025-12-02,5.67,-0.005263,1137251.0,645574.363
601665,2025-12-02,6.1,-0.0032679999999999996,599824.18,365235.984
601666,2025-12-02,7.97,-0.008706,122381.94,97420.723
601668,2025-12-02,5.25,0.001908,1148721.61,603508.804
601669,2025-12-02,5.27,-0.013108999999999999,1191491.15,628929.4
601677,2025-12-02,13.96,-0.012729999999999998,155118.17,216571.532
601678,2025-12-02,4.46,0.0022470000000000003,230111.35,102218.344
601686,2025-12-02,6.46,0.0078000000000000005,135205.72,86915.312
601688,2025-12-02,21.21,-0.008879,484021.92,1025042.345
601689,2025-12-02,64.28,-0.024583,263482.05,1703263.565
601696,2025-12-02,12.77,-0.012374000000000001,196184.48,250628.88
601698,2025-12-02,21.14,-0.0103,271275.99,573660.807
601699,2025-12-02,13.11,-0.014286,254307.69,332598.919
601700,2025-12-02,4.96,-0.008,115186.0,56938.719
601702,2025-12-02,18.62,0.035019,161381.5,297661.091
601717,2025-12-02,23.48,-0.022481,148907.9,352488.933
601718,2025-12-02,3.53,0.005698,372507.39,130453.028
601727,2025-12-02,8.56,-0.01496,1121875.52,960993.813
601728,2025-12-02,6.96,0.011628000000000001,1329758.63,924260.915
601766,2025-12-02,7.11,-0.002805,554333.46,393562.494
601777,2025-12-02,10.43,-0.010436,209760.2,217084.16
601778,2025-12-02,3.35,-0.005935,483012.0,161074.962
601788,2025-12-02,17.28,-0.0074670000000000005,114842.38,198779.134
601789,2025-12-02,5.19,-0.0038390000000000004,124909.0,64721.583
601798,2025-12-02,8.95,-0.008859,39996.01,35740.03
601799,2025-12-02,119.51,-0.0057399999999999994,13839.0,165242.23
601800,2025-12-02,8.56,0.002342,125598.27,107135.583
601801,2025-12-02,6.68,0.003003,67717.2,45195.993
601808,2025-12-02,14.41,0.008397,90510.81,129928.147
601811,2025-12-02,14.08,0.00428,20455.47,28738.604
601816,2025-12-02,5.14,0.007843,908387.47,465746.891
601818,2025-12-02,3.59,-0.002778,2273179.39,815208.698
601825,2025-12-02,9.54,0.010592999999999998,212186.87,201412.618
601827,2025-12-02,8.4,0.004785,54903.27,46048.135
601828,2025-12-02,2.67,0.0,140021.6,37314.31
601838,2025-12-02,17.21,0.00233,176558.25,303315.127
601857,2025-12-02,10.0,0.0040160000000000005,1105500.61,1111677.353
601858,2025-12-02,18.59,-0.014316,23767.0,44291.301
601860,2025-12-02,2.81,0.0035709999999999995,176005.97,49268.324
601865,2025-12-02,16.05,-0.013522000000000001,146359.0,234228.551
601866,2025-12-02,2.56,0.0,605241.4,154427.594
601868,2025-12-02,2.36,0.0,1215075.36,285697.171
601869,2025-12-02,83.11,-0.028748,108246.88,902738.108
601872,2025-12-02,8.7,-0.09937900000000001,2412115.26,2157519.433
601877,2025-12-02,27.67,-0.012843,149106.72,413633.879
601878,2025-12-02,10.95,-0.008152,131145.57,143706.27
601880,2025-12-02,1.63,0.0,833750.58,135875.405
601881,2025-12-02,15.76,-0.011912,221730.81,350674.967
601882,2025-12-02,19.14,-0.00468,13370.86,25576.825
601886,2025-12-02,7.9,-0.014962999999999999,27791.6,21982.547
601888,2025-12-02,83.42,-0.012314,356769.95,2970633.358
601890,2025-12-02,10.51,0.0,680359.57,716631.697
601898,2025-12-02,13.56,-0.006593,160577.0,219105.511
601899,2025-12-02,29.74,-0.010645,1548725.15,4605561.852
601900,2025-12-02,14.23,0.0,39034.0,55367.362
601901,2025-12-02,7.67,-0.010323,463713.07,356476.471
601908,2025-12-02,3.72,-0.015872999999999998,355342.14,132180.151
601916,2025-12-02,3.12,-0.003195,1365897.61,426294.304
601918,2025-12-02,6.91,0.00436,309496.66,213564.577
601919,2025-12-02,14.96,-0.010582000000000001,410851.52,616468.895
601921,2025-12-02,8.01,0.0,62560.77,50040.632
601928,2025-12-02,10.32,0.004869,244315.34,252243.512
601929,2025-12-02,3.8,-0.023136,1604585.97,609496.06
601933,2025-12-02,4.07,0.0049380000000000005,888391.16,360183.331
601939,2025-12-02,9.6,-0.005181,877046.53,841785.696
601949,2025-12-02,6.58,-0.006042,47673.12,31387.528
601952,2025-12-02,9.23,0.0076419999999999995,79512.97,73122.88
601956,2025-12-02,7.12,-0.006974,72887.02,51880.206
601958,2025-12-02,14.03,-0.008480999999999999,127909.85,179208.737
601963,2025-12-02,11.45,0.015071000000000001,94742.37,108109.05
601965,2025-12-02,16.84,-0.00414,23630.0,39945.459
601966,2025-12-02,14.89,0.0033689999999999996,98152.34,145965.86
601968,2025-12-02,5.16,0.011765000000000001,87888.0,45050.574
601969,2025-12-02,11.6,-0.006848999999999999,347988.1,399741.121
601975,2025-12-02,3.09,-0.043343999999999994,2104869.91,655970.975
601985,2025-12-02,8.7,-0.001148,488789.9,425238.987
601988,2025-12-02,6.06,-0.001647,2533891.1,1530042.693
601990,2025-12-02,8.05,-0.0024779999999999997,95892.93,77109.858
601991,2025-12-02,3.54,-0.002817,577424.55,204047.299
601992,2025-12-02,1.72,0.005848,619547.0,105352.413
601996,2025-12-02,2.62,0.035573,479591.0,124464.472
601997,2025-12-02,6.08,0.0,214758.04,130174.597
601998,2025-12-02,7.78,0.0,526976.44,411890.136
601999,2025-12-02,7.6,-0.006535999999999999,50557.02,38357.556
603000,2025-12-02,19.75,-0.020337,191419.28,379901.846
603001,2025-12-02,8.81,-0.033991,274097.42,237195.106
603002,2025-12-02,7.15,-0.016506,154049.5,110322.772
603004,2025-12-02,24.25,0.005390000000000001,53874.96,130985.819
603005,2025-12-02,27.14,-0.014166000000000002,103633.78,282190.414
603006,2025-12-02,13.31,-0.005232,23858.0,31630.888
603007,2025-12-02,5.48,-0.019678,66718.68,36653.749
603008,2025-12-02,21.15,0.016827,147402.97,309381.605
603009,2025-12-02,40.36,-0.027938,58036.0,236147.181
603010,2025-12-02,11.31,-0.017376,91179.23,103376.201
603011,2025-12-02,20.24,-0.018429,186461.48,377077.122
603012,2025-12-02,5.83,-0.0034189999999999997,72699.07,42319.606
603013,2025-12-02,22.05,-0.018692,25276.0,55976.679
603014,2025-12-02,40.85,-0.009457,17801.38,73197.762
603015,2025-12-02,11.17,-0.008872999999999999,32761.17,36543.086
603016,2025-12-02,26.56,-0.007845,12624.0,33546.447
603017,2025-12-02,10.82,-0.010969,206819.24,225201.519
603018,2025-12-02,7.51,-0.006614,33880.0,25459.599
603019,2025-12-02,99.61,-0.015029999999999998,266032.54,2648500.046
603020,2025-12-02,10.15,0.001974,19105.0,19346.901
603021,2025-12-02,5.38,0.013183,71598.0,38568.685
603022,2025-12-02,10.49,-0.001903,34616.77,36120.47
603023,2025-12-02,4.5,0.011236,117123.24,52028.201
603025,2025-12-02,17.23,-0.00977,39609.76,68260.424
603026,2025-12-02,85.77,-0.070042,174190.16,1504588.242
603027,2025-12-02,9.72,0.0062109999999999995,87350.66,84907.162
603028,2025-12-02,7.78,-0.007653,47686.56,36955.3
603029,2025-12-02,19.03,-0.0041860000000000005,18168.0,34458.876
603030,2025-12-02,3.17,0.0063490000000000005,360240.54,113422.717
603031,2025-12-02,38.68,0.001813,26640.06,102745.885
603032,2025-12-02,18.88,-0.019221,67338.09,127541.63
603033,2025-12-02,11.15,0.030499000000000002,139727.03,157036.925
603035,2025-12-02,15.45,-0.003868,51754.77,80099.504
603036,2025-12-02,22.02,0.00182,59952.01,132804.831
603037,2025-12-02,13.34,-0.018396,162926.7,217453.13
603038,2025-12-02,17.49,-0.006814,41324.0,72376.087
603039,2025-12-02,52.9,-0.009363,9165.15,48618.328
603040,2025-12-02,78.08,-0.019095,14610.69,113798.359
603041,2025-12-02,12.43,-0.004804,21111.0,26265.859
603042,2025-12-02,16.57,-0.016033,99997.82,165428.54
603043,2025-12-02,17.93,0.015288999999999999,59029.6,104855.138
603045,2025-12-02,19.88,-0.028822999999999998,24283.0,48445.271
603048,2025-12-02,21.21,0.018732,36801.67,77461.217
603049,2025-12-02,55.76,0.004504,30373.4,169413.215
603050,2025-12-02,17.08,-0.010428999999999999,20377.1,34831.75
603051,2025-12-02,20.86,-0.009497,26485.91,55245.159
603052,2025-12-02,30.11,-0.017618,35222.83,106360.783
603053,2025-12-02,9.98,-0.003992,24431.0,24314.674
603055,2025-12-02,9.13,0.0044,34770.0,31794.879
603056,2025-12-02,14.17,-0.016655,45680.91,65033.084
603057,2025-12-02,18.62,-0.002144,18145.22,33474.605
603058,2025-12-02,9.03,0.00222,46291.95,41366.198
603059,2025-12-02,30.25,-0.012728,14947.0,45478.447
603060,2025-12-02,6.39,-0.00312,53205.53,33802.099
603061,2025-12-02,125.44,-0.0008759999999999999,7065.0,88751.232
603062,2025-12-02,44.97,-0.006846,3325.9,14997.621
603063,2025-12-02,30.92,-0.041835000000000004,257436.07,800994.222
603065,2025-12-02,8.37,-0.001193,29271.37,24442.596
603066,2025-12-02,11.16,-0.0026810000000000002,18342.0,20461.974
603067,2025-12-02,27.39,-0.034203000000000004,275036.26,764544.562
603068,2025-12-02,42.5,-0.0011749999999999998,309326.75,1341147.542
603069,2025-12-02,25.99,0.018816,115298.86,295608.354
603070,2025-12-02,13.11,-0.0037990000000000003,13881.13,18127.035
603071,2025-12-02,13.33,-0.014782,25993.0,34830.934
603072,2025-12-02,42.97,-0.020960999999999997,15981.67,69010.612
603073,2025-12-02,19.19,0.006293,16092.0,30890.055
603075,2025-12-02,22.66,0.007559,20480.84,46537.904
603076,2025-12-02,24.56,-0.010077000000000001,8324.0,20453.632
603077,2025-12-02,2.39,-0.008298999999999999,4318910.73,1025463.474
603078,2025-12-02,18.0,-0.007169999999999999,59011.71,106222.6
603079,2025-12-02,18.19,-0.019407,48282.0,87586.562
603080,2025-12-02,22.88,-0.013368,17243.55,39556.853
603081,2025-12-02,12.95,0.004655,106630.0,137143.616
603082,2025-12-02,36.39,-0.015422,8694.65,31817.448
603083,2025-12-02,106.88,-0.017015,173021.28,1866046.047
603085,2025-12-02,10.58,-0.011215,43191.95,45691.262
603086,2025-12-02,8.37,0.004802,89411.4,74843.951
603087,2025-12-02,62.3,-0.026715,57916.46,363915.233
603088,2025-12-02,9.98,-0.016749,79768.0,79627.23
603089,2025-12-02,12.94,-0.0030819999999999997,24625.22,31866.256
603090,2025-12-02,43.57,-0.029837,22532.0,98382.406
603091,2025-12-02,73.91,-0.019371,3059.0,22603.004
603092,2025-12-02,67.09,-0.037584,30671.87,206975.719
603093,2025-12-02,18.84,-0.014643999999999999,32689.0,61457.237
603095,2025-12-02,14.55,-0.004788,11271.6,16359.024
603096,2025-12-02,18.59,-0.018997,19434.75,36168.499
603097,2025-12-02,27.01,-0.014234,32656.0,88779.13
603098,2025-12-02,12.71,-0.020045999999999998,40331.0,51328.405
603099,2025-12-02,51.33,0.014627,142537.92,730151.312
603100,2025-12-02,23.76,0.006353,80732.11,190496.665
603101,2025-12-02,9.75,0.0,63108.43,61482.991
603102,2025-12-02,42.25,-0.0011819999999999999,3104.0,13057.377
603103,2025-12-02,17.07,-0.009285999999999999,78105.56,133275.705
603105,2025-12-02,9.22,-0.009667,82631.51,76094.409
603106,2025-12-02,13.37,0.100412,290237.51,381770.754
603107,2025-12-02,15.33,-0.005191,17649.0,27061.959
603108,2025-12-02,15.36,-0.011583000000000001,93765.43,144278.455
603109,2025-12-02,25.12,-0.015674,17295.0,43617.099
603110,2025-12-02,15.94,-0.015442,44267.0,70698.228
603111,2025-12-02,6.93,-0.005738999999999999,40247.0,27888.206
603112,2025-12-02,18.0,0.005587,108420.78,194939.184
603113,2025-12-02,6.92,0.100159,539997.53,356878.561
603115,2025-12-02,18.13,-0.0032990000000000003,26610.0,48400.893
603116,2025-12-02,6.22,0.008104,128365.0,79830.939
603117,2025-12-02,5.08,-0.024952000000000002,103243.4,52631.742
603118,2025-12-02,11.57,0.0069630000000000004,207888.94,238404.592
603119,2025-12-02,91.85,-0.037614999999999996,88056.09,812960.438
603120,2025-12-02,39.91,-0.004242,7880.76,31482.364
603121,2025-12-02,18.13,0.030699,257315.4,464795.709
603122,2025-12-02,25.56,0.09982799999999999,1000195.63,2478138.002
603123,2025-12-02,11.53,-0.008598,69166.24,79733.369
603124,2025-12-02,71.45,-0.027759,12516.8,90354.179
603125,2025-12-02,17.68,-0.015042,60958.18,107849.689
603126,2025-12-02,7.09,-0.004213,50348.0,35593.064
603127,2025-12-02,27.7,-0.022238,71887.1,200295.726
603128,2025-12-02,5.93,-0.001684,60656.18,35942.314
603129,2025-12-02,264.54,-0.022538999999999997,14022.23,372103.325
603130,2025-12-02,42.67,0.002349,30436.8,130746.994
603131,2025-12-02,27.67,-0.008954,282575.66,780554.878
603132,2025-12-02,13.66,-0.013006,45398.21,61943.051
603135,2025-12-02,9.55,-0.010363,23417.8,22390.607
603136,2025-12-02,11.43,-0.004355,35929.99,41062.356
603137,2025-12-02,14.76,-0.001353,16343.82,23995.759
603138,2025-12-02,15.11,-0.011772,37645.0,56998.595
603139,2025-12-02,22.08,0.003636,14387.0,31570.208
603150,2025-12-02,37.23,-0.001877,10892.0,40579.959
603151,2025-12-02,18.41,-0.014981,21332.93,39303.047
603153,2025-12-02,17.71,-0.004497,19499.0,34411.459
603155,2025-12-02,18.91,-0.00891,159853.37,299173.335
603156,2025-12-02,27.65,0.001449,39511.64,108929.017
603158,2025-12-02,9.97,-0.012870999999999999,89120.0,88880.655
603159,2025-12-02,22.74,-0.025707,15176.8,34607.374
603160,2025-12-02,81.75,-0.014110000000000001,45725.69,376433.351
603161,2025-12-02,13.7,-0.002185,26164.0,35817.36
603162,2025-12-02,12.56,0.025306000000000002,503862.69,629203.943
603163,2025-12-02,58.27,0.100057,43183.45,238637.257
603165,2025-12-02,12.8,-0.009288,17983.2,23065.94
603166,2025-12-02,15.05,0.026602999999999998,255909.37,381328.079
603167,2025-12-02,9.96,0.001005,34624.16,34407.223
603168,2025-12-02,8.36,0.010883,203857.12,169837.387
603169,2025-12-02,9.41,-0.023858999999999998,532688.96,503650.905
603170,2025-12-02,15.02,-0.004639,12065.0,18088.998
603171,2025-12-02,52.49,0.027202,77608.64,409583.726
603172,2025-12-02,18.55,-0.009081,13065.52,24277.583
603173,2025-12-02,38.0,-0.006276,9688.0,36889.265
603175,2025-12-02,72.4,0.002909,50525.81,365862.975
603176,2025-12-02,6.25,0.014610000000000001,390883.69,233823.383
603177,2025-12-02,11.82,-0.035102,80113.0,95282.03
603178,2025-12-02,18.28,-0.012959,26473.8,48581.738
603179,2025-12-02,67.75,-0.02672,103698.62,707265.247
603180,2025-12-02,21.14,0.023233,33946.83,70893.947
603181,2025-12-02,14.48,-0.012951999999999998,70945.0,102657.711
603182,2025-12-02,15.91,0.000629,16529.38,26307.604
603183,2025-12-02,4.65,0.006494,92684.11,42678.201
603185,2025-12-02,31.63,-0.018616,247313.53,784487.413
603186,2025-12-02,43.25,-0.034814,57019.0,248618.41
603187,2025-12-02,15.32,0.0032740000000000004,44932.56,68174.408
603188,2025-12-02,5.02,0.01006,138560.0,69061.964
603189,2025-12-02,20.82,-0.027557,66242.76,139203.595
603190,2025-12-02,26.56,0.0015079999999999998,37196.33,98478.004
603191,2025-12-02,14.85,-0.008678,36532.0,54264.683
603192,2025-12-02,23.45,-0.013047,19191.57,45062.671
603193,2025-12-02,25.34,-0.010929,15148.55,38523.344
603194,2025-12-02,36.4,-0.011675,10291.9,37583.726
603195,2025-12-02,43.32,0.0,28552.47,123306.247
603196,2025-12-02,25.15,0.007612,40494.0,101356.53
603197,2025-12-02,35.35,-0.00254,15419.0,54534.255
603198,2025-12-02,41.08,-0.027922,44614.0,185334.933
603199,2025-12-02,35.71,-0.00028000000000000003,14439.0,51631.361
603200,2025-12-02,72.27,-0.025879,42703.8,309761.309
603201,2025-12-02,16.96,-0.002353,9354.52,15830.035
603202,2025-12-02,92.67,-0.000863,5641.64,52415.328
603203,2025-12-02,30.41,-0.002297,15945.37,48589.653
603205,2025-12-02,28.5,-0.005235999999999999,11992.34,34501.771
603206,2025-12-02,17.05,0.0,27665.0,46968.884
603207,2025-12-02,29.25,-0.00544,7400.48,21729.853
603208,2025-12-02,15.04,0.012113,19278.65,28841.187
603209,2025-12-02,16.24,0.014366,104688.8,169155.885
603210,2025-12-02,19.65,-0.007576,9021.01,17730.675
603211,2025-12-02,17.32,-0.011979,13130.05,22791.16
603212,2025-12-02,13.27,-0.005993000000000001,180284.05,239536.239
603213,2025-12-02,13.85,0.0,19979.98,27639.196
603214,2025-12-02,17.51,0.00229,24440.4,42704.96
603215,2025-12-02,20.74,-0.011439,32160.0,66818.637
603216,2025-12-02,33.66,0.1,178975.48,572910.425
603217,2025-12-02,28.0,-0.011298999999999998,54928.68,154732.527
603218,2025-12-02,12.74,-0.004688,67820.44,86153.024
603219,2025-12-02,16.19,-0.015207,18876.4,30643.229
603220,2025-12-02,22.6,-0.010074000000000001,54960.1,124479.667
603221,2025-12-02,12.45,0.013019000000000001,28380.0,35094.097
603222,2025-12-02,9.69,-0.012232,132012.19,127586.017
603223,2025-12-02,10.84,0.008372000000000001,75024.12,80513.493
603225,2025-12-02,17.43,0.015733999999999998,117733.42,205702.748
603226,2025-12-02,35.94,-0.034131,31037.0,112570.948
603227,2025-12-02,8.48,-0.009346,56182.0,47665.61
603228,2025-12-02,64.51,-0.014964,220510.91,1438220.542
603229,2025-12-02,9.79,-0.011111,33502.5,32814.856
603230,2025-12-02,12.5,0.0,17897.0,22237.126
603231,2025-12-02,19.62,-0.005071,15258.2,29951.778
603232,2025-12-02,23.98,-0.031893,238793.61,576846.047
603233,2025-12-02,18.02,-0.014223,96660.29,174403.893
603235,2025-12-02,26.69,-0.004847000000000001,3950.0,10535.232
603236,2025-12-02,91.99,-0.023979,112884.25,1040423.517
603237,2025-12-02,17.14,0.0041010000000000005,16677.8,28613.562
603238,2025-12-02,17.4,-0.009676,14598.06,25526.839
603239,2025-12-02,19.37,-0.007176,40840.67,79311.27
603255,2025-12-02,33.22,-0.029506,8496.0,28247.363
603256,2025-12-02,33.2,-0.002704,129348.0,428804.871
603257,2025-12-02,57.99,-0.027503000000000003,9505.95,55463.482
603258,2025-12-02,19.64,-0.014055999999999999,19200.0,37780.59
603259,2025-12-02,89.42,-0.031202999999999998,433339.06,3903610.447
603260,2025-12-02,55.56,-0.008034,151809.5,835213.935
603261,2025-12-02,25.42,-0.006254999999999999,5652.0,14270.046
603262,2025-12-02,28.06,0.00107,11583.35,32649.663
603266,2025-12-02,20.75,0.028246000000000004,100515.64,210147.842
603267,2025-12-02,47.03,-0.010728,30302.45,142817.765
603268,2025-12-02,77.34,0.006769,39433.0,310032.262
603269,2025-12-02,11.94,-0.007481,52243.55,62244.31
603270,2025-12-02,24.47,-0.006899,13087.0,32127.863
603271,2025-12-02,38.26,-0.0129,13027.71,49812.775
603272,2025-12-02,19.56,-0.02004,18666.8,36532.518
603273,2025-12-02,19.16,-0.002603,13104.59,25029.221
603275,2025-12-02,41.88,-0.002857,23922.0,100022.156
603276,2025-12-02,17.75,0.0,10955.31,19351.018
603277,2025-12-02,17.05,0.013071999999999999,17616.54,29977.587
603278,2025-12-02,9.48,-0.004202,38522.02,36515.43
603279,2025-12-02,16.84,0.001785,41357.0,69948.773
603280,2025-12-02,41.12,-0.00484,57702.63,235773.346
603281,2025-12-02,27.54,0.005844,17904.4,49265.125
603282,2025-12-02,19.98,-0.0014990000000000001,15828.78,31583.801
603283,2025-12-02,42.07,-0.020489,55101.8,233141.519
603285,2025-12-02,24.63,-0.021842999999999998,15075.61,37402.33
603286,2025-12-02,51.18,0.005896,60495.19,305237.938
603288,2025-12-02,36.87,-0.007804,66069.46,243701.618
603289,2025-12-02,10.0,-0.0029909999999999997,28519.72,28435.148
603290,2025-12-02,94.17,-0.018347,27230.38,257596.737
603291,2025-12-02,10.73,-0.006481,96074.0,103587.192
603296,2025-12-02,89.6,-0.009945,72264.22,650031.775
603297,2025-12-02,97.02,-0.020989,12039.46,117575.157
603298,2025-12-02,25.22,-0.0007920000000000001,48727.0,123407.628
603299,2025-12-02,10.35,-0.009569,55870.0,57774.885
603300,2025-12-02,7.29,-0.01752,578139.99,421668.139
603301,2025-12-02,77.6,-0.017846,30687.03,238800.153
603303,2025-12-02,13.15,-0.003033,11748.84,15510.452
603305,2025-12-02,13.3,-0.016999,184145.14,245207.623
603306,2025-12-02,47.39,0.0038129999999999995,49974.1,235486.462
603307,2025-12-02,41.72,-0.008084000000000001,4210.0,17513.562
603308,2025-12-02,35.4,-0.016393,98786.76,349689.596
603309,2025-12-02,13.63,-0.009448,25763.8,35242.868
603310,2025-12-02,17.06,-0.009292,12476.56,21339.884
603311,2025-12-02,12.01,-0.00332,21396.0,25609.412
603312,2025-12-02,47.84,-0.025463,16424.25,79052.55
603313,2025-12-02,9.31,0.0054,106855.7,99125.633
603315,2025-12-02,14.9,0.014295,84955.99,125984.308
603316,2025-12-02,14.84,-0.023041,70925.6,104989.868
603317,2025-12-02,13.04,0.003077,39481.73,51467.908
603318,2025-12-02,6.86,0.005865,65479.11,44533.918
603319,2025-12-02,38.02,0.018757,163479.92,617012.341
603320,2025-12-02,19.02,-0.001575,16200.0,31050.704
603321,2025-12-02,7.92,-0.003774,26672.97,21032.418
603322,2025-12-02,48.13,-0.025511,76285.0,369114.001
603323,2025-12-02,5.31,0.001887,224972.4,118934.189
603324,2025-12-02,23.67,-0.011278,5193.2,12313.744
603325,2025-12-02,78.63,-0.014415,4432.0,35050.905
603326,2025-12-02,9.38,0.004283,58539.0,54729.825
603327,2025-12-02,12.09,0.100091,616854.05,745639.087
603328,2025-12-02,10.81,-0.013686,96722.18,104846.944
603329,2025-12-02,11.63,-0.001717,19041.45,22046.044
603330,2025-12-02,7.79,-0.002561,58257.0,45235.262
603331,2025-12-02,11.65,-0.000858,34784.12,40360.651
603332,2025-12-02,12.93,-0.005385,19768.74,25590.799
603333,2025-12-02,7.7,-0.019108,67240.0,51992.518
603334,2025-12-02,45.2,0.030552000000000003,46190.21,206924.51
603335,2025-12-02,6.27,-0.001592,95425.53,59479.894
603336,2025-12-02,9.14,-0.011892,106105.9,96621.463
603337,2025-12-02,38.82,-0.014721,30314.0,117956.061
603338,2025-12-02,55.28,-0.007362,27600.22,153131.492
603339,2025-12-02,12.87,-0.006178,21540.08,27673.059
603341,2025-12-02,45.1,0.020824,310133.08,1418833.028
603344,2025-12-02,25.41,-0.011669,9396.0,23978.033
603345,2025-12-02,83.75,-0.001193,49190.0,412587.676
603348,2025-12-02,20.51,-0.010613,18011.04,36894.367
603350,2025-12-02,37.63,-0.014664,6901.0,26117.183
603351,2025-12-02,29.03,0.000689,21848.16,61671.226
603353,2025-12-02,32.39,-0.02645,157238.9,523533.887
603355,2025-12-02,33.52,0.06751599999999999,95843.6,312812.889
603356,2025-12-02,13.99,0.0007149999999999999,38066.0,53077.679
603357,2025-12-02,8.31,0.001205,34402.76,28504.524
603358,2025-12-02,42.1,0.028083,105186.15,437141.076
603359,2025-12-02,8.28,-0.004808,245955.71,204456.44
603360,2025-12-02,32.05,0.005647999999999999,71326.68,228038.716
603363,2025-12-02,4.82,-0.012295,273196.5,131369.634
603365,2025-12-02,21.32,0.010426999999999999,19943.0,42206.085
603366,2025-12-02,10.0,0.051525,889475.09,877858.928
603367,2025-12-02,18.46,-0.015467,80754.0,149044.44
603368,2025-12-02,18.38,0.01547,52699.47,96303.29
603369,2025-12-02,37.63,-0.008954,31874.48,120207.421
603370,2025-12-02,46.25,-0.0019420000000000001,7987.5,36815.622
603373,2025-12-02,41.24,-0.028046,6815.0,28423.34
603375,2025-12-02,38.48,-0.014849000000000001,20209.63,77968.068
603376,2025-12-02,39.38,0.0007620000000000001,30189.43,118789.585
603377,2025-12-02,3.93,-0.019950000000000002,76099.0,30013.993
603378,2025-12-02,7.32,0.033898000000000005,300357.21,218787.937
603379,2025-12-02,52.06,0.00019199999999999998,39455.61,204096.332
603380,2025-12-02,36.14,-0.014721999999999999,21121.2,76359.995
603381,2025-12-02,20.22,-0.01462,35601.2,72026.436
603382,2025-12-02,30.76,0.004244,10782.4,33253.534
603383,2025-12-02,37.04,-0.019328,46722.96,172520.96
603385,2025-12-02,7.27,0.012535000000000001,37337.86,26952.755
603386,2025-12-02,12.51,-0.011848000000000001,49112.0,61644.882
603387,2025-12-02,8.5,0.0023580000000000003,45725.88,38836.203
603389,2025-12-02,40.71,0.050039,15058.0,61285.871
603390,2025-12-02,12.47,-0.011886,18475.68,23063.741
603391,2025-12-02,68.19,0.032400000000000005,30476.94,204662.484
603392,2025-12-02,47.63,-0.02895,40297.98,193672.153
603393,2025-12-02,27.21,-0.008381999999999999,32285.0,87907.393
603395,2025-12-02,31.83,-0.012717000000000001,25420.43,81255.225
603396,2025-12-02,33.71,-0.012306,42758.0,144950.481
603398,2025-12-02,8.68,-0.039823,262825.0,236010.738
603399,2025-12-02,11.2,-0.028620999999999997,178521.79,201055.242
603400,2025-12-02,53.64,-0.009967,3952.95,21248.508
603406,2025-12-02,41.71,0.002403,9305.03,38685.013
603408,2025-12-02,13.33,0.032533,64240.65,85397.57
603409,2025-12-02,34.48,0.006421,10001.62,34762.751
603416,2025-12-02,52.84,-0.028676,22377.0,118860.445
603418,2025-12-02,56.13,0.003935,16600.85,93131.293
603421,2025-12-02,8.12,0.007443999999999999,261474.3,211923.234
603429,2025-12-02,10.7,-0.027273000000000002,95691.0,103870.511
603439,2025-12-02,12.01,-0.006617,24115.0,28956.978
603444,2025-12-02,437.74,-0.008561,10323.52,453741.057
603456,2025-12-02,18.08,-0.023231,158042.5,287447.524
603458,2025-12-02,8.01,-0.026730999999999998,50383.42,40522.978
603466,2025-12-02,10.1,0.0,168523.24,168848.158
603477,2025-12-02,17.34,-0.021445,70832.8,123539.777
603486,2025-12-02,77.93,-0.010287,38395.46,298743.035
603488,2025-12-02,8.18,-0.003654,31301.0,25550.399
603489,2025-12-02,31.44,-0.023906,44620.09,141092.365
603496,2025-12-02,28.45,-0.003852,88179.36,251102.071
603499,2025-12-02,20.14,-0.031730999999999995,114712.56,233811.95
603500,2025-12-02,11.17,-0.015859,37488.78,42015.552
603501,2025-12-02,121.08,-0.001814,120435.68,1467085.447
603505,2025-12-02,17.81,-0.006138,77246.76,137043.478
603506,2025-12-02,12.27,-0.0016270000000000002,22140.0,27105.1
603507,2025-12-02,24.03,0.005019,43120.67,104025.256
603508,2025-12-02,29.66,0.063845,197275.69,566379.923
603511,2025-12-02,16.12,-0.0018579999999999998,17940.25,28862.783
603515,2025-12-02,18.11,0.026062,27057.31,49021.896
603516,2025-12-02,167.69,-0.040126,76155.97,1298505.94
603517,2025-12-02,13.4,0.002994,45477.91,60907.221
603518,2025-12-02,10.08,0.003984,133080.32,133592.211
603519,2025-12-02,12.78,0.001567,21580.0,27533.933
603520,2025-12-02,9.96,-0.017751,77790.56,77680.892
603527,2025-12-02,10.64,-0.010233,60860.78,64488.997
603528,2025-12-02,9.56,0.030171999999999997,330419.69,314208.792
603529,2025-12-02,30.73,-0.010306,34787.0,107126.92
603530,2025-12-02,41.48,-0.00718,44429.0,184609.944
603533,2025-12-02,21.84,-0.01355,175458.9,383051.231
603535,2025-12-02,10.92,0.002755,49360.14,53380.811
603536,2025-12-02,14.87,0.09985200000000001,192914.16,272928.051
603538,2025-12-02,19.87,-0.010950999999999999,26420.77,52456.675
603551,2025-12-02,12.0,0.019541,98648.99,119536.486
603556,2025-12-02,33.98,-0.037939,43515.3,149285.669
603557,2025-12-02,2.9,0.050725,17153.0,4974.37
603558,2025-12-02,11.52,-0.000867,37887.0,43740.145
603559,2025-12-02,8.5,-0.012776000000000001,33463.0,28979.187
603565,2025-12-02,10.45,0.0,58917.13,61466.557
603566,2025-12-02,13.11,-0.017241,45443.0,59834.694
603567,2025-12-02,10.26,-0.010608,31226.0,32060.633
603568,2025-12-02,22.03,-0.010777000000000002,46020.94,101612.858
603569,2025-12-02,7.91,-0.002522,48199.78,37969.103
603577,2025-12-02,10.22,0.003929,77425.99,78726.084
603578,2025-12-02,12.79,0.000782,25390.32,32334.621
603579,2025-12-02,24.16,-0.005761,28828.67,69552.452
603580,2025-12-02,16.75,0.045568,24523.0,40571.576
603583,2025-12-02,35.79,-0.011872,27420.86,98421.753
603585,2025-12-02,18.17,-0.001648,12997.2,23673.002
603586,2025-12-02,18.26,-0.007609,10814.86,19766.345
603587,2025-12-02,13.43,0.00524,30963.05,41448.093
603588,2025-12-02,7.06,-0.020804,224279.88,158690.057
603589,2025-12-02,30.68,-0.010003,29392.6,90423.121
603590,2025-12-02,42.7,-0.020867,12680.0,54389.7
603595,2025-12-02,17.07,-0.013295,38197.28,65093.951
603596,2025-12-02,45.65,-0.010190999999999999,40816.44,186307.273
603598,2025-12-02,18.86,0.051868,558750.0,1069272.567
603599,2025-12-02,11.43,0.004394,64740.73,73892.214
603600,2025-12-02,12.38,-0.006421,76765.0,94836.903
603601,2025-12-02,5.25,0.003824,511992.23,267319.231
603602,2025-12-02,15.03,-0.007921000000000001,34699.33,52197.913
603605,2025-12-02,70.06,-0.007789000000000001,20171.68,141463.979
603606,2025-12-02,57.26,-0.019856,43252.04,248558.331
603607,2025-12-02,25.28,0.001982,42094.0,105975.82
603608,2025-12-02,7.14,-0.009709,67216.0,47834.575
603609,2025-12-02,7.48,-0.009272,40652.6,30453.283
603610,2025-12-02,20.09,0.038243,105718.98,209691.548
603611,2025-12-02,23.37,0.000428,15399.0,35847.449
603612,2025-12-02,23.29,-0.02307,116963.63,273966.622
603613,2025-12-02,28.53,0.036324,177316.94,496778.775
603615,2025-12-02,23.91,-0.01968,20930.0,50281.421
603616,2025-12-02,5.69,-0.001754,117154.92,66001.381
603617,2025-12-02,7.44,-0.005348,54029.91,39936.913
603618,2025-12-02,7.99,-0.006219,96813.0,76985.532
603619,2025-12-02,22.24,-0.0194,119909.0,269452.758
603626,2025-12-02,13.18,-0.014211,416985.51,547958.282
603628,2025-12-02,14.05,0.0064470000000000005,94087.75,130499.507
603629,2025-12-02,26.38,-0.009016,57686.96,152201.792
603630,2025-12-02,20.76,-0.009069,19679.5,40865.277
603633,2025-12-02,11.23,-0.013181,94549.5,106404.08
603636,2025-12-02,14.54,0.043789999999999996,977430.56,1400401.778
603637,2025-12-02,10.65,0.0018809999999999999,44109.72,46473.452
603638,2025-12-02,20.04,0.000999,55825.0,111942.475
603639,2025-12-02,12.84,0.003909,18591.4,23810.536
603648,2025-12-02,10.41,-0.006679000000000001,17868.0,18618.734
603650,2025-12-02,45.35,0.063057,551294.28,2469680.566
603655,2025-12-02,38.42,0.0023480000000000003,9256.0,35422.496
603656,2025-12-02,23.05,-0.001732,23276.0,53433.428
603657,2025-12-02,36.53,-0.008683999999999999,58668.0,214974.071
603658,2025-12-02,36.07,-0.012322,34092.56,123248.76
603659,2025-12-02,26.8,-0.015068,234896.28,632361.928
603660,2025-12-02,9.88,-0.016915,250948.47,246002.135
603661,2025-12-02,33.44,0.005714,8254.66,27513.635
603662,2025-12-02,61.1,-0.022713,25284.55,155589.376
603663,2025-12-02,32.24,0.007185,140695.34,455731.557
603665,2025-12-02,30.59,-0.013862000000000001,19294.0,59319.319
603666,2025-12-02,30.03,-0.01541,24772.0,74605.76
603667,2025-12-02,44.78,-0.032410999999999995,155574.35,704096.23
603668,2025-12-02,15.71,0.01159,291309.97,455219.182
603669,2025-12-02,5.17,-0.009578999999999999,53049.0,27333.902
603676,2025-12-02,11.25,-0.004425,16086.0,18119.73
603677,2025-12-02,20.59,0.010304,99412.93,203297.447
603678,2025-12-02,30.71,-0.008715,59828.29,183918.498
603679,2025-12-02,15.64,-0.002551,42848.7,67112.669
603680,2025-12-02,10.38,-0.017044999999999998,36673.51,38148.949
603681,2025-12-02,17.39,-0.008551999999999999,17916.0,31169.799
603682,2025-12-02,6.4,0.011057999999999998,164076.99,103981.731
603683,2025-12-02,28.35,0.048059000000000004,229017.34,642586.823
603685,2025-12-02,21.81,0.022982999999999996,29745.04,64261.884
603686,2025-12-02,28.64,0.034308,979071.6,2799002.555
603687,2025-12-02,9.0,0.004464,118852.0,106670.087
603688,2025-12-02,36.25,-0.017082,42765.89,155911.445
603689,2025-12-02,8.27,0.0,34865.25,28786.168
603690,2025-12-02,28.68,-0.016461,81894.18,235502.836
603693,2025-12-02,12.05,-0.002483,17618.7,21176.49
603696,2025-12-02,14.63,0.1,274016.62,377831.274
603697,2025-12-02,13.28,-0.003003,80626.92,107078.759
603698,2025-12-02,19.83,0.049206,229117.97,453302.438
603699,2025-12-02,47.1,-0.051551,136829.44,642719.637
603700,2025-12-02,12.95,-0.002311,24044.0,31002.988
603701,2025-12-02,18.5,0.036415,47664.3,87163.253
603703,2025-12-02,11.92,-0.016502,95993.89,114808.155
603706,2025-12-02,20.39,-0.008268,8916.0,18174.358
603707,2025-12-02,9.68,-0.005139,73604.84,71225.394
603708,2025-12-02,11.6,0.010452999999999999,56791.38,65626.343
603709,2025-12-02,15.34,-0.008403,28476.53,43550.375
603711,2025-12-02,14.3,-0.0048709999999999995,58147.43,83360.193
603712,2025-12-02,21.55,0.009368,248424.83,531693.271
603713,2025-12-02,53.93,-0.0055320000000000005,10010.0,53779.76
603716,2025-12-02,21.86,-0.0022819999999999997,66315.48,143559.184
603717,2025-12-02,8.57,-0.018328,52354.0,44971.879
603718,2025-12-02,6.8,-0.008746,62279.29,42302.634
603719,2025-12-02,12.46,0.0048389999999999996,35003.0,43387.858
603721,2025-12-02,19.16,-0.007254,7563.0,14466.046
603722,2025-12-02,39.3,-0.010076,8294.0,32581.534
603725,2025-12-02,9.32,-0.005336,23967.44,22325.588
603726,2025-12-02,22.53,-0.01054,24174.68,54195.047
603727,2025-12-02,15.35,-0.02167,61496.64,94341.239
603728,2025-12-02,65.44,-0.032239,46733.71,308757.795
603729,2025-12-02,17.49,-0.006814,35089.84,60989.874
603730,2025-12-02,8.25,0.001214,203802.59,168215.934
603733,2025-12-02,23.28,-0.005128000000000001,26767.5,62401.381
603737,2025-12-02,46.19,0.008955999999999999,36058.56,165020.433
603738,2025-12-02,16.08,0.006888,195742.77,314800.912
603739,2025-12-02,15.0,-0.010554,33387.8,50122.61
603755,2025-12-02,35.46,-0.008112000000000001,19214.0,68105.215
603757,2025-12-02,36.65,0.000273,28900.97,105663.642
603758,2025-12-02,18.59,-0.014838,158998.44,295010.818
603759,2025-12-02,10.87,-0.003666,296171.19,329175.122
603766,2025-12-02,15.32,0.015915,328685.7,498205.84
603767,2025-12-02,23.32,-0.010607,67755.4,159315.677
603768,2025-12-02,12.0,-0.011532,25068.0,30089.675
603773,2025-12-02,31.54,0.0057399999999999994,114347.73,360268.568
603776,2025-12-02,19.01,-0.013491999999999999,18374.95,35029.905
603777,2025-12-02,13.8,0.003636,65972.57,90649.095
603778,2025-12-02,13.11,0.028235,2206067.4,2832467.625
603779,2025-12-02,7.0,-0.0014269999999999999,45703.15,31845.278
603786,2025-12-02,72.6,-0.012782,18900.75,137153.956
603787,2025-12-02,14.07,-0.014705999999999999,37050.0,52116.95
603788,2025-12-02,16.07,-0.004337,9882.6,15858.022
603789,2025-12-02,5.74,-0.012048000000000001,33062.0,18957.543
603790,2025-12-02,19.09,-0.013946,24001.0,46003.07
603797,2025-12-02,4.86,0.004132,47917.0,23174.278
603798,2025-12-02,15.05,-0.011819,39529.03,59288.94
603799,2025-12-02,60.93,-0.018999,334240.5,2045477.296
603800,2025-12-02,45.6,-0.022508,24867.91,114511.112
603801,2025-12-02,9.47,0.016094,72678.87,68706.109
603803,2025-12-02,11.27,-0.013998,560134.96,626743.628
603806,2025-12-02,13.96,-0.012031,145338.18,202557.187
603808,2025-12-02,8.88,0.0022570000000000003,38017.4,33395.271
603809,2025-12-02,12.44,-0.018153,184166.73,229908.093
603810,2025-12-02,17.13,-0.014384,22138.21,37957.007
603811,2025-12-02,10.99,-0.013465,44013.0,48548.536
603813,2025-12-02,38.0,-0.0070550000000000005,7025.0,26799.796
603815,2025-12-02,12.45,-0.0032029999999999997,230528.48,285620.321
603816,2025-12-02,32.31,-0.002162,64870.8,210203.741
603817,2025-12-02,7.72,0.037634,425554.0,323772.842
603818,2025-12-02,3.93,0.012887,168165.42,65406.266
603819,2025-12-02,11.5,-0.00605,25086.0,28728.44
603822,2025-12-02,84.81,0.026755,26887.5,226695.146
603823,2025-12-02,16.93,-0.014552,219822.8,377750.839
603825,2025-12-02,9.41,-0.0063360000000000005,19494.0,18326.374
603826,2025-12-02,17.7,-0.003378,26584.8,47154.236
603828,2025-12-02,7.5,0.01626,83101.12,63262.286
603829,2025-12-02,26.99,0.059261999999999995,134031.9,352365.309
603833,2025-12-02,54.0,0.0057740000000000005,30857.14,166222.948
603836,2025-12-02,14.56,0.002755,22957.0,33334.604
603838,2025-12-02,7.72,-0.012787999999999999,6710.0,5207.325
603839,2025-12-02,8.22,-0.014388000000000001,58492.09,48139.685
603848,2025-12-02,19.5,-0.012658,20162.0,39653.102
603855,2025-12-02,19.11,-0.002089,11110.0,21234.103
603856,2025-12-02,12.98,-0.004601,25068.73,32387.616
603858,2025-12-02,16.96,-0.011655,39025.43,66353.049
603859,2025-12-02,40.07,-0.005954,40775.56,163219.353
603860,2025-12-02,31.48,-0.007566000000000001,12085.0,38039.802
603861,2025-12-02,11.57,-0.015319000000000001,90640.0,104779.918
603863,2025-12-02,19.1,-0.034378,60872.0,116251.38
603866,2025-12-02,5.58,0.009042,136717.33,75860.215
603867,2025-12-02,26.92,-0.022158,38821.4,105456.181
603868,2025-12-02,35.16,-0.001704,4361.0,15319.03
603869,2025-12-02,10.62,0.013359000000000001,15652.0,16518.811
603871,2025-12-02,12.92,-0.046494,182976.61,239707.18
603876,2025-12-02,13.57,-0.008041,263459.47,359568.39
603877,2025-12-02,16.28,-0.001227,37307.02,60639.447
603878,2025-12-02,10.6,-0.042457,291157.98,310215.803
603879,2025-12-02,5.8,-0.0034360000000000003,47164.11,27316.45
603880,2025-12-02,6.68,-0.001495,48850.17,32389.306
603881,2025-12-02,33.29,-0.027176999999999996,337355.96,1132084.985
603882,2025-12-02,29.12,-0.009186999999999999,35365.8,102666.77
603883,2025-12-02,16.07,-0.0006219999999999999,59391.16,95421.601
603885,2025-12-02,13.17,-0.012003,101920.4,134729.381
603886,2025-12-02,13.26,0.029502999999999998,63307.0,82960.384
603887,2025-12-02,15.0,-0.010554,84582.2,126456.108
603888,2025-12-02,19.87,-0.015362,86535.1,172671.382
603889,2025-12-02,7.54,0.003995,60284.3,45361.717
603890,2025-12-02,16.48,0.007951,443925.72,731025.478
603893,2025-12-02,186.0,-0.019865999999999998,109944.32,2068782.123
603895,2025-12-02,29.14,-0.033499,21366.0,63185.368
603896,2025-12-02,20.12,-0.0069099999999999995,14683.65,29595.14
603897,2025-12-02,26.38,-0.002647,27717.0,73008.118
603898,2025-12-02,13.93,0.10031599999999999,71613.64,95834.851
603899,2025-12-02,28.5,0.007423,46283.0,131993.52
603900,2025-12-02,9.09,-0.013028999999999999,54602.0,49584.319
603901,2025-12-02,13.56,0.0022170000000000002,170817.76,229597.611
603903,2025-12-02,16.89,-0.022002999999999998,77446.02,131347.322
603906,2025-12-02,21.28,0.062937,878616.26,1846458.589
603908,2025-12-02,24.89,-0.002405,11352.0,28141.194
603909,2025-12-02,13.0,0.019608,133653.65,172612.474
603912,2025-12-02,8.33,-0.014200999999999998,56164.52,46827.068
603915,2025-12-02,16.8,-0.024390000000000002,90438.0,153288.945
603916,2025-12-02,9.67,-0.001033,25802.76,24931.167
603917,2025-12-02,14.16,-0.0007059999999999999,44010.0,62155.645
603918,2025-12-02,17.23,-0.00577,141347.0,244712.205
603919,2025-12-02,20.15,-0.02657,31366.44,63956.96
603920,2025-12-02,40.62,-0.024260999999999998,149051.01,610930.183
603922,2025-12-02,19.8,-0.008016,24615.2,48694.589
603926,2025-12-02,15.1,0.0,28910.69,43674.725
603927,2025-12-02,19.82,-0.009000000000000001,66667.96,132324.365
603928,2025-12-02,16.7,-0.021675,240081.1,404586.328
603929,2025-12-02,68.1,0.088033,81904.44,547965.582
603931,2025-12-02,35.75,-0.017587,188042.78,676025.379
603933,2025-12-02,27.85,0.09992100000000001,481714.39,1288686.041
603936,2025-12-02,10.88,-0.011807000000000002,113944.52,123878.593
603937,2025-12-02,12.59,-0.0023769999999999998,30797.0,38426.667
603938,2025-12-02,17.77,-0.0072629999999999995,58103.59,103379.82
603939,2025-12-02,23.47,0.037577,169800.4,395804.161
603948,2025-12-02,26.36,-0.006032999999999999,22210.0,58423.311
603949,2025-12-02,18.42,-0.017076,12919.0,23905.674
603950,2025-12-02,31.09,0.019679,30881.0,95009.776
603955,2025-12-02,29.62,-0.037687,21337.0,63780.774
603956,2025-12-02,6.88,-0.001451,84305.59,57925.227
603958,2025-12-02,15.89,-0.013656,44794.0,71129.803
603959,2025-12-02,6.29,-0.024805999999999998,107338.97,67711.285
603960,2025-12-02,18.92,-0.016632,28118.86,53382.999
603966,2025-12-02,10.99,-0.01435,64459.54,70971.448
603967,2025-12-02,12.28,-0.002437,81150.0,99830.676
603968,2025-12-02,11.63,-0.003428,22396.05,25978.351
603969,2025-12-02,9.61,-0.018386,90019.73,86767.406
603970,2025-12-02,13.11,0.0,16653.6,21786.677
603976,2025-12-02,21.47,-0.015138,16912.0,36242.285
603977,2025-12-02,12.26,0.0016339999999999998,74531.91,91036.438
603978,2025-12-02,30.89,-0.049538,152248.24,478644.434
603979,2025-12-02,64.08,-0.027618,60878.3,390699.468
603980,2025-12-02,5.33,-0.007449,85309.0,45456.904
603982,2025-12-02,8.86,-0.010056,50370.06,44618.185
603983,2025-12-02,34.82,-0.018325,21467.0,75083.534
603985,2025-12-02,14.14,-0.007719,60955.78,86098.246
603986,2025-12-02,210.5,-0.010901000000000001,249243.69,5283394.789
603987,2025-12-02,8.71,-0.002291,37400.94,32481.102
603988,2025-12-02,25.61,-0.013102,56592.82,144946.405
603989,2025-12-02,16.62,-0.012478,29710.35,49695.878
603990,2025-12-02,15.45,-0.011516,49833.06,76707.01
603991,2025-12-02,78.9,0.059059999999999994,58886.99,460735.883
603992,2025-12-02,28.12,-0.016094999999999998,14602.01,41030.591
603993,2025-12-02,17.19,-0.005784,1693164.73,2904714.636
603995,2025-12-02,17.33,0.001734,29096.0,50351.498
603997,2025-12-02,13.39,0.003748,63921.84,85497.409
603998,2025-12-02,11.24,-0.019197,83203.0,93944.811
603999,2025-12-02,7.7,-0.029004,671362.96,521858.417
605001,2025-12-02,7.54,-0.001325,47287.61,35539.106
605003,2025-12-02,25.16,-0.006711,16885.25,42659.703
605005,2025-12-02,19.03,-0.021091000000000002,31519.45,60293.107
605006,2025-12-02,7.31,-0.010825,33189.53,24250.248
605007,2025-12-02,11.86,0.0,9465.0,11198.868
605008,2025-12-02,15.36,-0.010947,17636.3,27125.816
605009,2025-12-02,32.08,-0.015951,17994.72,57830.317
605011,2025-12-02,20.69,-0.003372,12535.0,25874.397
605016,2025-12-02,20.79,-0.010942,25532.5,52977.342
605018,2025-12-02,11.25,-0.00266,17139.07,19320.225
605020,2025-12-02,25.69,0.0019500000000000001,51009.56,130905.945
605028,2025-12-02,29.97,-0.023142,31124.0,94889.638
605033,2025-12-02,20.5,0.00441,37779.81,77933.466
605050,2025-12-02,13.3,-0.012621,90031.03,118022.434
605055,2025-12-02,8.76,-0.014622999999999999,26144.0,22945.872
605056,2025-12-02,18.99,-0.017081,52463.89,99191.961
605058,2025-12-02,31.2,0.001605,25375.79,79016.69
605060,2025-12-02,35.16,-0.001704,54969.0,197937.364
605066,2025-12-02,7.37,0.006831,70052.81,51442.182
605068,2025-12-02,27.54,0.050343,40515.0,107528.04
605069,2025-12-02,10.13,-0.005888,26759.2,26982.739
605077,2025-12-02,15.51,-0.021450999999999998,26838.76,41893.495
605080,2025-12-02,23.33,-0.0063880000000000004,7530.0,17596.948
605081,2025-12-02,10.42,-0.005725,55388.05,58538.979
605086,2025-12-02,40.35,0.09349600000000001,102379.49,395587.908
605088,2025-12-02,33.4,-0.032165,31777.75,107173.867
605089,2025-12-02,29.18,0.004129,82556.95,241336.776
605090,2025-12-02,32.26,0.002798,48868.4,158794.777
605098,2025-12-02,41.39,0.007546000000000001,7040.0,29122.028
605099,2025-12-02,35.77,-0.030623,21015.0,76099.689
605100,2025-12-02,45.2,0.0,40279.94,179200.321
605108,2025-12-02,21.88,0.10005000000000001,211844.7,454119.83
605111,2025-12-02,34.0,-0.024390000000000002,101662.03,348543.238
605116,2025-12-02,22.66,-0.010048,10737.99,24339.656
605117,2025-12-02,82.79,0.01359,111261.58,924163.313
605118,2025-12-02,28.38,-0.009424,18779.0,53364.334
605122,2025-12-02,13.26,0.009901,26624.0,34884.509
605123,2025-12-02,71.0,0.029432999999999997,42204.0,297374.041
605128,2025-12-02,36.1,-0.026954,19653.29,71303.733
605133,2025-12-02,37.15,-0.062579,164148.98,619950.125
605136,2025-12-02,11.26,0.028311000000000003,401079.0,446034.481
605138,2025-12-02,7.43,0.0026989999999999996,37680.0,27815.955
605151,2025-12-02,19.8,-0.010495,16323.0,32282.782
605155,2025-12-02,16.53,0.011009,34196.0,56095.364
605158,2025-12-02,8.39,0.005995,33366.7,27897.409
605162,2025-12-02,9.19,-0.007559,28345.0,26058.224
605166,2025-12-02,10.7,-0.009259,41669.0,44634.288
605167,2025-12-02,10.49,0.022417,114861.3,121085.841
605168,2025-12-02,30.8,-0.012504,47898.69,147289.784
605169,2025-12-02,13.64,-0.014451,22536.0,30768.56
605177,2025-12-02,20.06,-0.010360000000000001,14176.0,28392.112
605178,2025-12-02,58.5,-0.029529,71848.58,426355.349
605179,2025-12-02,22.37,0.000895,71263.0,159008.426
605180,2025-12-02,15.76,-0.000634,29855.0,47012.776
605183,2025-12-02,19.07,-0.0057350000000000005,7877.18,15003.641
605186,2025-12-02,20.83,-0.006676,12359.7,25753.131
605188,2025-12-02,23.74,0.018009999999999998,300220.0,715311.617
605189,2025-12-02,15.58,-0.018892,27758.74,43749.605
605196,2025-12-02,34.48,0.024666,95442.0,319801.506
605198,2025-12-02,38.4,-0.007239,11111.8,42591.6
605199,2025-12-02,9.15,-0.011878999999999999,38967.0,35594.319
605208,2025-12-02,13.11,-0.021642,42033.0,55428.433
605218,2025-12-02,19.67,-0.011061000000000001,12622.65,24841.028
605222,2025-12-02,16.85,0.008982,31047.76,52103.788
605228,2025-12-02,14.52,-0.017591000000000002,20040.0,29199.111
605258,2025-12-02,32.33,-0.006454,15807.2,50960.461
605259,2025-12-02,21.55,-0.008283,13639.0,29286.837
605266,2025-12-02,20.28,-0.000493,15788.0,32058.587
605268,2025-12-02,10.75,-0.007387,52892.0,56914.788
605277,2025-12-02,23.37,0.042838,184308.63,426917.775
605286,2025-12-02,40.88,-0.039699,26829.28,109717.998
605287,2025-12-02,28.54,-0.015862,31833.2,91019.809
605288,2025-12-02,99.31,-0.026373,11889.8,119082.306
605289,2025-12-02,65.15,0.014639,25015.74,163538.286
605296,2025-12-02,27.92,-0.009578,11603.0,32458.304
605298,2025-12-02,38.05,-0.005489000000000001,10839.0,41042.526
605299,2025-12-02,10.38,0.020649,159096.0,164671.027
605300,2025-12-02,12.57,0.001594,31688.42,39629.133
605303,2025-12-02,21.43,-0.09995799999999999,141483.0,306716.689
605305,2025-12-02,40.78,-0.014023,36821.62,151101.664
605318,2025-12-02,52.73,0.01054,19264.0,101526.905
605319,2025-12-02,20.48,-0.010628,35131.17,72232.392
605333,2025-12-02,30.81,-0.015655,76720.43,240190.059
605336,2025-12-02,15.59,-0.014539,28448.0,44314.676
605337,2025-12-02,12.4,0.015561,75988.01,93704.3
605338,2025-12-02,28.68,0.03913,63147.0,177857.519
605339,2025-12-02,20.12,0.017704,112818.0,223463.912
605358,2025-12-02,29.54,-0.010717,91151.97,269649.89
605365,2025-12-02,17.6,-0.009566999999999999,43690.0,77243.131
605366,2025-12-02,6.9,-0.026798000000000002,315938.83,219123.008
605368,2025-12-02,9.51,-0.004188,27478.8,26103.274
605369,2025-12-02,19.04,-0.00988,8026.88,15274.133
605376,2025-12-02,48.43,-0.022801000000000002,27203.0,132624.308
605377,2025-12-02,8.39,0.00479,73076.0,61218.819
605378,2025-12-02,22.93,-0.024255,37244.64,86019.431
605388,2025-12-02,7.95,0.0,131528.6,104532.992
605389,2025-12-02,65.02,-0.045087,20070.32,131268.396
605398,2025-12-02,31.68,-0.014619,50742.29,162669.267
605399,2025-12-02,15.7,-0.021807,152280.33,240221.416
605488,2025-12-02,33.79,-0.03319,91376.45,310680.392
605499,2025-12-02,266.09,-0.010928,10567.91,282206.566
605500,2025-12-02,8.92,-0.005574,19773.4,17675.644
605507,2025-12-02,24.3,-0.00369,27532.69,66730.134
605555,2025-12-02,17.33,-0.005737,31232.9,54190.729
605566,2025-12-02,29.97,-0.028525000000000002,19475.0,59066.355
605567,2025-12-02,11.51,0.007881,36872.0,42249.927
605577,2025-12-02,13.65,-0.015862,29871.0,40946.454
605580,2025-12-02,41.93,0.0,55128.97,227643.676
605588,2025-12-02,51.77,-0.019508,13081.0,67994.241
605589,2025-12-02,26.93,0.0041010000000000005,110657.28,297424.342
605598,2025-12-02,45.98,-0.030571,140758.58,648305.701
605599,2025-12-02,15.56,0.017659,56235.95,87126.057
688001,2025-12-02,27.29,-0.011231999999999999,15275.72,41864.468
688002,2025-12-02,77.57,0.003493,41776.94,325977.592
688003,2025-12-02,52.74,0.00745,12346.04,64626.595
688004,2025-12-02,25.95,-0.030631,28939.47,75720.815
688005,2025-12-02,29.3,-0.017438,197811.81,584205.278
688006,2025-12-02,28.17,-0.018125,50023.57,141480.835
688007,2025-12-02,17.73,-0.010603,89581.1,159506.515
688008,2025-12-02,118.16,-0.019012,167436.06,1986826.731
688009,2025-12-02,5.24,0.001912,219249.33,114888.16
688010,2025-12-02,28.27,-0.014296,27185.74,76765.629
688011,2025-12-02,43.7,-0.017978,11652.48,51381.578
688012,2025-12-02,260.4,-0.006182999999999999,79864.7,2086543.542
688013,2025-12-02,49.8,-0.024295,7625.12,38258.936
688015,2025-12-02,23.54,-0.002542,12236.28,28810.647
688016,2025-12-02,92.15,-0.016017,8636.35,79946.451
688017,2025-12-02,144.39,-0.036758,34518.87,504531.019
688018,2025-12-02,181.95,0.001872,90723.72,1668017.339
688019,2025-12-02,198.7,-0.025503,16905.0,338893.06
688020,2025-12-02,60.0,-0.014455,16012.12,97719.954
688021,2025-12-02,19.15,-0.009824000000000001,11275.6,21577.756
688022,2025-12-02,14.97,-0.018361000000000002,28116.24,42254.529
688023,2025-12-02,54.5,-0.009091,19796.67,107424.927
688025,2025-12-02,138.24,0.007213000000000001,11279.01,155315.515
688026,2025-12-02,16.86,-0.007067,9918.86,16726.04
688027,2025-12-02,443.6,-0.020751,23259.5,1035223.751
688028,2025-12-02,64.4,-0.045218999999999995,110158.76,717564.859
688029,2025-12-02,77.96,-0.021095000000000003,10212.33,79932.065
688030,2025-12-02,19.53,-0.027875,27494.34,53955.919
688031,2025-12-02,64.2,-0.023128000000000003,48843.88,311060.931
688032,2025-12-02,98.19,-0.011477,4542.19,44796.452
688033,2025-12-02,6.85,-0.025605000000000003,442881.48,304852.805
688035,2025-12-02,46.32,-0.016352,14729.64,68512.146
688036,2025-12-02,76.08,0.084688,534115.88,3939612.394
688037,2025-12-02,124.01,-0.022697,22087.97,274958.596
688038,2025-12-02,16.85,0.013838999999999999,30910.55,51405.274
688039,2025-12-02,47.76,-0.013427,21165.53,100958.275
688041,2025-12-02,212.58,-0.015969999999999998,121352.27,2585425.044
688045,2025-12-02,39.1,-0.019804,12093.58,47410.939
688046,2025-12-02,15.98,-0.02561,28134.48,45162.658
688047,2025-12-02,132.14,-0.018932,25301.46,335122.675
688048,2025-12-02,110.5,-0.01207,145982.84,1605033.233
688049,2025-12-02,55.01,0.003283,74196.87,410562.332
688050,2025-12-02,60.15,-0.01876,18672.73,113021.682
688052,2025-12-02,149.75,-0.019126,18947.76,284623.524
688053,2025-12-02,29.83,-0.010613999999999998,12558.31,37488.287
688055,2025-12-02,3.94,-0.015,76793.16,30190.799
688056,2025-12-02,35.08,-0.007919,2883.55,10094.329
688057,2025-12-02,12.46,-0.007962,9513.9,11866.569
688058,2025-12-02,28.67,-0.01376,13098.93,37507.514
688059,2025-12-02,79.13,-0.015306,8846.14,69926.293
688060,2025-12-02,44.16,-0.034332,5856.23,26069.647
688061,2025-12-02,33.08,0.0036409999999999997,7376.14,24331.398
688062,2025-12-02,42.14,-0.017945,54337.75,229872.314
688063,2025-12-02,57.8,-0.020836999999999998,40021.32,232620.834
688065,2025-12-02,45.94,-0.023384000000000002,33064.28,152980.184
688066,2025-12-02,28.98,0.000691,284766.33,816209.77
688067,2025-12-02,25.64,-0.004658,13810.56,35121.192
688068,2025-12-02,178.8,0.021772999999999997,27244.51,493595.05
688069,2025-12-02,21.38,-0.005119,7884.44,16772.842
688070,2025-12-02,53.42,0.028494000000000002,17761.18,93920.175
688071,2025-12-02,31.83,-0.030165,10776.82,34499.387
688072,2025-12-02,292.05,0.000994,43104.48,1263124.473
688073,2025-12-02,66.07,-0.047021,9318.28,62462.376
688075,2025-12-02,39.28,-0.014303999999999999,4869.91,19229.298
688076,2025-12-02,37.27,-0.015584,22211.14,83075.342
688077,2025-12-02,31.05,-0.019267,14474.05,44822.355
688078,2025-12-02,29.07,-0.020882,10345.89,30067.596
688079,2025-12-02,11.08,-0.00983,43005.66,47951.972
688080,2025-12-02,49.0,-0.012495000000000001,7984.4,39226.044
688081,2025-12-02,29.5,0.022885,35098.08,103574.331
688082,2025-12-02,157.7,-0.017874,19794.58,313125.505
688083,2025-12-02,71.49,-0.014882,8834.66,63430.507
688084,2025-12-02,78.08,0.007483999999999999,8981.26,70235.44
688085,2025-12-02,18.14,-0.014665999999999998,18018.09,32807.439
688087,2025-12-02,29.5,-0.016667,6902.09,20497.866
688088,2025-12-02,49.83,-0.017159999999999998,54462.79,274326.714
688089,2025-12-02,22.97,-0.003471,8330.91,19146.1
688090,2025-12-02,37.15,-0.000807,20429.71,76106.177
688091,2025-12-02,47.37,-0.024506,22179.77,105758.807
688092,2025-12-02,25.22,-0.018677,8262.45,20813.486
688093,2025-12-02,34.87,-0.01302,13854.71,48650.755
688095,2025-12-02,94.27,-0.014737,23847.2,223571.209
688096,2025-12-02,8.0,0.0,33379.46,26544.399
688097,2025-12-02,34.87,-0.020506000000000003,45993.45,160937.398
688098,2025-12-02,9.28,-0.029289,40854.53,38239.761
688099,2025-12-02,96.3,0.014644999999999998,136175.81,1314620.334
688100,2025-12-02,34.61,-0.02121,20144.28,70272.03
688101,2025-12-02,17.68,-0.007856,36493.64,64494.58
688102,2025-12-02,24.38,0.037447,326767.99,789546.811
688103,2025-12-02,58.86,0.009086,13240.21,77169.097
688105,2025-12-02,22.22,-0.013758999999999999,11952.0,26644.552
688106,2025-12-02,18.81,-0.012598,38524.73,72697.18
688107,2025-12-02,26.95,-0.022134,28434.18,77040.645
688108,2025-12-02,18.43,-0.020202,82866.59,153446.197
688109,2025-12-02,154.85,-0.013756999999999998,10501.52,164608.864
688110,2025-12-02,117.23,-0.024709,214753.78,2544469.07
688111,2025-12-02,309.3,-0.024536,42510.97,1321619.659
688112,2025-12-02,35.58,-0.008914,4341.26,15446.477
688113,2025-12-02,38.38,-0.017157,5166.64,19919.563
688114,2025-12-02,61.58,-0.024089,22494.0,138666.514
688115,2025-12-02,65.04,-0.005809,7107.19,45969.7
688116,2025-12-02,50.3,-0.027267,56444.41,286334.541
688117,2025-12-02,39.2,-0.009851,25577.23,99551.273
688118,2025-12-02,25.81,-0.020865,21753.74,56130.073
688119,2025-12-02,4.17,-0.009500999999999999,77882.82,32457.994
688120,2025-12-02,137.23,0.0015329999999999999,41383.07,567887.179
688121,2025-12-02,12.48,0.001605,20584.45,25550.481
688122,2025-12-02,65.61,-0.019429000000000002,104580.97,687943.61
688123,2025-12-02,129.0,-0.026415,40898.22,528775.091
688125,2025-12-02,74.9,-0.0009339999999999999,7261.39,53880.288
688126,2025-12-02,22.43,0.012641,579069.07,1282766.915
688127,2025-12-02,32.29,0.018290999999999998,77368.06,250247.38
688128,2025-12-02,28.48,-0.019621,15461.98,44213.497
688129,2025-12-02,20.11,-0.019024,9651.84,19478.726
688130,2025-12-02,22.79,-0.004803,7066.21,16133.748
688131,2025-12-02,75.6,-0.036329,21575.41,166230.09
688132,2025-12-02,19.33,-0.008209,13049.04,25297.869
688133,2025-12-02,22.96,-0.015437000000000001,17641.1,40362.977
688135,2025-12-02,28.96,-0.019634,47370.79,137539.226
688136,2025-12-02,32.63,-0.019531,16269.04,53212.104
688137,2025-12-02,40.62,-0.035154,6790.0,27836.676
688138,2025-12-02,27.85,-0.017637,28809.44,80721.222
688139,2025-12-02,32.15,-0.007103000000000001,17198.38,55494.602
688141,2025-12-02,38.2,-0.017490000000000002,47998.73,183624.526
688143,2025-12-02,37.05,-0.031373000000000005,40440.45,150272.637
688146,2025-12-02,39.99,-0.017927,35939.31,144000.398
688147,2025-12-02,63.3,-0.024201999999999998,122699.48,782573.889
688148,2025-12-02,9.39,-0.026943,228618.14,215946.35
688150,2025-12-02,21.82,-0.014453,26128.72,57214.192
688151,2025-12-02,20.29,-0.012171000000000001,12902.68,26205.535
688152,2025-12-02,42.83,-0.021252,13473.35,57982.163
688153,2025-12-02,38.53,0.011286000000000001,85964.95,330203.213
688155,2025-12-02,58.9,-0.027892,19096.16,113580.806
688156,2025-12-02,16.68,-0.013018,19857.87,32801.978
688157,2025-12-02,31.96,-0.031222,20454.7,65623.15
688158,2025-12-02,24.43,-0.004077,156760.57,388501.118
688159,2025-12-02,54.18,0.018421,69075.7,374752.008
688160,2025-12-02,94.19,-0.021403,10334.82,97600.125
688161,2025-12-02,28.77,-0.016073999999999998,7063.79,20437.636
688162,2025-12-02,29.65,-0.012325,7707.83,22867.513
688163,2025-12-02,23.11,-0.0073019999999999995,4178.75,9638.626
688165,2025-12-02,20.54,-0.030674999999999997,55215.73,114452.294
688166,2025-12-02,52.34,-0.018932,47341.16,248568.061
688167,2025-12-02,134.1,-0.038985,40945.15,553378.138
688168,2025-12-02,77.97,-0.012663,11898.24,92675.474
688169,2025-12-02,154.07,0.008378,26472.66,408320.747
688170,2025-12-02,32.0,-0.036435,29593.91,95768.322
688171,2025-12-02,48.33,-0.044862,14426.3,70943.62
688172,2025-12-02,24.05,-0.038384999999999996,53085.02,128852.451
688173,2025-12-02,17.42,-0.030067,270724.14,477729.175
688175,2025-12-02,25.33,-0.014397,9561.42,24320.068
688176,2025-12-02,10.02,0.0070350000000000005,68029.58,68185.797
688177,2025-12-02,24.28,-0.022938,16340.37,39895.546
688178,2025-12-02,25.1,-0.000398,6016.89,15080.899
688179,2025-12-02,13.41,-0.001489,46189.03,61874.367
688180,2025-12-02,35.81,-0.019173,47629.78,171554.475
688181,2025-12-02,34.28,-0.006377000000000001,46887.52,161788.702
688182,2025-12-02,24.2,-0.013453,23370.09,56672.861
688183,2025-12-02,98.4,0.003877,181403.61,1790618.682
688184,2025-12-02,9.82,-0.010081,5890.31,5804.202
688185,2025-12-02,67.31,-0.018948,8845.93,59591.331
688186,2025-12-02,21.77,-0.010904,23610.36,51528.025
688187,2025-12-02,48.49,0.001032,44677.82,217578.008
688188,2025-12-02,130.15,-0.014686999999999999,10754.61,140749.12
688189,2025-12-02,9.18,-0.010775999999999999,73404.76,67738.617
688190,2025-12-02,96.68,-0.021457,3758.35,36415.38
688191,2025-12-02,36.07,0.0,15706.22,56546.208
688192,2025-12-02,61.24,-0.023597,17828.71,109750.516
688193,2025-12-02,47.4,-0.023485999999999996,5112.05,24256.347
688195,2025-12-02,173.0,-0.044252,143146.57,2462178.541
688196,2025-12-02,55.41,0.008371,7486.42,41202.3
688197,2025-12-02,39.18,-0.052479,15176.12,60136.452
688198,2025-12-02,119.36,-0.009049,4569.09,54531.753
688199,2025-12-02,23.14,-0.014060999999999999,27874.14,65049.205
688200,2025-12-02,173.62,-0.021694,18983.02,330759.659
688201,2025-12-02,13.3,-0.017725,57418.69,76358.305
688202,2025-12-02,52.84,-0.058949,46615.11,250469.585
688203,2025-12-02,13.83,0.008753,29146.55,40306.42
688205,2025-12-02,125.0,0.0033710000000000003,157551.56,1927450.517
688206,2025-12-02,35.04,-0.010169,61369.54,219403.247
688207,2025-12-02,16.37,-0.022687,43560.82,71652.584
688208,2025-12-02,33.5,-0.014126000000000001,54016.82,181697.573
688209,2025-12-02,24.02,-0.009892999999999999,139282.9,336498.222
688210,2025-12-02,54.0,-0.028777,26604.16,143593.206
688211,2025-12-02,31.18,-0.0089,2876.17,8963.753
688212,2025-12-02,46.83,-0.011817,14203.6,66338.785
688213,2025-12-02,93.13,-0.017512,38351.75,357490.942
688215,2025-12-02,82.6,0.029925,17403.35,140420.73
688216,2025-12-02,22.66,-0.016066,12073.21,27432.789
688217,2025-12-02,27.11,-0.006595999999999999,5231.3,14182.087
688218,2025-12-02,22.19,-0.023327,14587.67,32564.84
688219,2025-12-02,11.67,-0.010178,36325.3,42499.832
688220,2025-12-02,92.46,0.0030380000000000003,91696.32,850365.582
688221,2025-12-02,18.8,-0.054326,150844.93,290192.116
688222,2025-12-02,22.53,-0.034291,54505.32,123471.139
688223,2025-12-02,5.6,-0.019264,651188.2,364087.741
688225,2025-12-02,18.74,-0.023450000000000002,26654.49,50237.561
688226,2025-12-02,32.48,-0.024332,38926.54,126486.084
688227,2025-12-02,73.01,-0.09618700000000001,113061.21,849441.512
688228,2025-12-02,168.01,-0.025916,20766.66,352544.647
688229,2025-12-02,64.0,-0.022153999999999997,13770.56,88285.671
688230,2025-12-02,67.93,-0.019911,6687.98,45230.746
688231,2025-12-02,23.22,-0.034511,62997.15,147372.651
688232,2025-12-02,26.24,-0.009811,9842.98,25816.421
688233,2025-12-02,64.17,-0.027726999999999998,76404.77,492826.438
688234,2025-12-02,83.89,-0.052946,117871.69,1010102.983
688235,2025-12-02,279.66,-0.028957999999999998,21902.77,614972.412
688236,2025-12-02,24.31,-0.008564,9241.31,22515.227
688237,2025-12-02,46.0,-0.07723200000000001,46996.25,219261.042
688238,2025-12-02,7.06,-0.020804,65526.34,46428.172
688239,2025-12-02,52.95,0.002841,58260.53,305376.815
688244,2025-12-02,23.64,-0.017456,64363.36,151483.611
688246,2025-12-02,23.51,-0.028111,23503.88,55241.55
688247,2025-12-02,10.34,-0.015238,21694.01,22509.844
688248,2025-12-02,43.67,-0.021291,29603.71,129337.094
688249,2025-12-02,29.87,-0.023856000000000002,267273.88,801044.612
688251,2025-12-02,28.34,-0.0007049999999999999,30224.0,85761.449
688252,2025-12-02,22.0,-0.018733,29681.76,65631.149
688253,2025-12-02,33.54,-0.015267,17985.96,60631.382
688255,2025-12-02,31.85,-0.025099,7629.95,24398.432
688256,2025-12-02,1328.73,-0.024742,46406.31,6242939.888
688257,2025-12-02,26.39,-0.00037900000000000005,33033.99,87665.383
688258,2025-12-02,69.09,-0.038815,30376.81,210897.627
688259,2025-12-02,41.69,-0.011851,12115.48,50566.303
688260,2025-12-02,41.04,-0.2,240496.5,1058142.483
688261,2025-12-02,65.62,0.025313,34615.5,222475.477
688262,2025-12-02,30.03,-0.024366,81785.59,246628.834
688265,2025-12-02,40.83,-0.023439,4469.38,18362.495
688266,2025-12-02,106.96,-0.017002,11988.28,128894.908
688267,2025-12-02,30.28,0.023319,51771.39,155940.066
688268,2025-12-02,58.4,-0.015177000000000001,19150.66,112841.34
688269,2025-12-02,37.11,-0.010664,4705.43,17523.196
688270,2025-12-02,68.45,0.033208,232225.78,1598819.748
688271,2025-12-02,128.71,-0.019726,33989.91,442022.29
688272,2025-12-02,28.42,0.013552,41855.82,120097.002
688273,2025-12-02,36.28,-0.031759,16715.19,60614.02
688275,2025-12-02,84.79,0.013507,130460.28,1122398.109
688276,2025-12-02,21.32,-0.010672999999999998,19965.88,42540.505
688277,2025-12-02,15.16,-0.034394999999999995,52549.48,81035.719
688278,2025-12-02,80.33,0.004125,11485.02,92253.93
688279,2025-12-02,180.0,-0.012670999999999998,6436.98,115431.867
688280,2025-12-02,8.11,-0.015777,79546.65,64468.342
688281,2025-12-02,63.77,-0.017411,10790.92,68936.735
688282,2025-12-02,53.04,-0.01376,17898.47,95861.143
688283,2025-12-02,34.53,0.017983,34181.04,118469.028
688285,2025-12-02,8.98,0.0,18407.67,16444.154
688286,2025-12-02,84.89,0.032976,61256.87,532760.216
688287,2025-12-02,5.17,0.001938,22508.85,11591.528
688288,2025-12-02,27.31,-0.010148999999999998,11529.61,31549.69
688289,2025-12-02,20.31,0.0,22883.2,46397.419
688290,2025-12-02,54.77,-0.027176,6824.7,37540.827
688291,2025-12-02,34.63,-0.031869999999999996,52071.72,183828.643
688292,2025-12-02,24.27,-0.048235,56230.64,138676.167
688293,2025-12-02,50.32,-0.080073,33380.98,170683.498
688295,2025-12-02,25.06,-0.015711,19568.18,49278.362
688296,2025-12-02,14.93,-0.024820000000000002,20887.38,31110.457
688297,2025-12-02,44.98,-0.01983,62220.9,282508.364
688298,2025-12-02,25.52,-0.015432,12570.69,32174.086
688299,2025-12-02,17.22,-0.018803,35153.77,60721.037
688300,2025-12-02,56.21,-0.01091,15503.63,87485.429
688301,2025-12-02,99.89,-0.009421,11841.75,117968.971
688302,2025-12-02,47.36,-0.018852,6000.54,28504.075
688303,2025-12-02,27.94,-0.038541,110897.09,312190.897
688305,2025-12-02,59.59,0.006928,10628.15,62893.308
688306,2025-12-02,10.75,-0.033273000000000004,123095.76,133513.448
688307,2025-12-02,41.23,-0.019501,56174.91,235602.559
688308,2025-12-02,28.86,-0.040877,25473.02,74358.403
688309,2025-12-02,23.51,-0.010105,13632.96,31933.144
688310,2025-12-02,15.02,-0.037795999999999996,51403.67,77646.817
688311,2025-12-02,32.59,-0.00030700000000000004,23193.22,75325.122
688312,2025-12-02,31.15,-0.032007,31887.76,100045.057
688313,2025-12-02,77.0,-0.020232,169634.42,1312860.848
688314,2025-12-02,32.02,-0.009589,6700.04,21459.286
688315,2025-12-02,13.8,-0.001447,24755.45,33955.119
688316,2025-12-02,62.42,-0.035687,24992.61,160015.478
688317,2025-12-02,21.47,-0.015588999999999999,9750.98,21003.904
688318,2025-12-02,126.94,-0.010446,16431.72,208854.471
688319,2025-12-02,24.86,-0.029664000000000003,44047.51,110409.899
688320,2025-12-02,33.21,-0.021797,22557.62,75193.973
688321,2025-12-02,27.68,-0.00966,49529.54,137143.251
688322,2025-12-02,80.22,-0.021946,45050.36,363207.262
688323,2025-12-02,15.7,-0.011957,41656.6,65803.552
688325,2025-12-02,87.66,-0.025783999999999998,8222.25,72773.658
688326,2025-12-02,91.3,-0.025821999999999998,9001.53,82648.805
688327,2025-12-02,14.47,-0.016984,145476.19,211144.979
688328,2025-12-02,25.87,-0.026345999999999998,18444.53,48102.052
688329,2025-12-02,22.3,0.0022470000000000003,12954.21,28920.826
688330,2025-12-02,39.67,-0.051638,38056.71,153422.055
688331,2025-12-02,93.23,-0.021105,27035.74,254542.959
688332,2025-12-02,149.08,-0.020177,43975.82,656143.187
688333,2025-12-02,76.6,0.007497,96061.59,736623.091
688334,2025-12-02,18.7,-0.012150000000000001,13852.96,25947.076
688335,2025-12-02,20.38,-0.029523999999999998,21201.56,43399.808
688336,2025-12-02,64.26,-0.015926,25853.99,166734.454
688337,2025-12-02,36.41,-0.012208000000000002,13248.3,48397.749
688338,2025-12-02,26.35,-0.013847,4214.13,11151.285
688339,2025-12-02,32.14,-0.0231,40038.13,129367.175
688343,2025-12-02,72.92,-0.038375,98657.63,731415.192
688345,2025-12-02,32.37,-0.011301,10121.91,32775.504
688347,2025-12-02,106.18,-0.024619,95361.88,1013798.891
688348,2025-12-02,52.6,-0.024481000000000003,17589.42,93095.572
688349,2025-12-02,25.88,0.005439,39209.63,101085.718
688350,2025-12-02,21.78,0.007866999999999999,12522.3,27153.557
688351,2025-12-02,22.98,-0.019206,26447.36,60780.579
688352,2025-12-02,12.91,-0.014504,59108.65,76506.7
688353,2025-12-02,104.83,-0.042648,112381.83,1206570.073
688355,2025-12-02,18.01,-0.015309,9645.96,17399.104
688356,2025-12-02,83.12,-0.017029000000000002,4183.25,35078.039
688357,2025-12-02,32.6,-0.018071999999999998,8602.42,28176.597
688358,2025-12-02,30.97,-0.019316,8068.91,24986.813
688359,2025-12-02,73.55,0.015884,22847.61,168139.87
688360,2025-12-02,19.9,0.02261,68560.78,138008.115
688361,2025-12-02,119.1,-0.011699999999999999,22003.32,262098.034
688362,2025-12-02,31.16,-0.006378,58269.24,180190.258
688363,2025-12-02,46.57,-0.008938,20621.25,96121.089
688365,2025-12-02,18.36,-0.021322,252737.01,463090.993
688366,2025-12-02,49.01,-0.0076939999999999995,4323.66,21241.192
688367,2025-12-02,30.77,-0.035423,72184.23,220594.936
688368,2025-12-02,94.79,-0.008887,6942.69,65548.332
688369,2025-12-02,24.26,-0.008177,41458.8,101179.783
688370,2025-12-02,23.96,-0.005809,3350.98,8026.096
688371,2025-12-02,19.16,-0.01288,39759.26,77461.808
688372,2025-12-02,93.2,-0.008827,29817.01,274943.823
688373,2025-12-02,6.22,-0.026604000000000003,79341.34,49694.222
688375,2025-12-02,66.15,-0.027921,21865.14,145645.598
688376,2025-12-02,46.0,0.051429,22481.21,101850.597
688377,2025-12-02,34.79,-0.019724,21156.17,73319.845
688378,2025-12-02,24.74,-0.0036249999999999998,31043.33,76436.593
688379,2025-12-02,45.93,-0.01754,7887.38,36255.415
688380,2025-12-02,31.93,-0.019048,33991.01,108898.9
688381,2025-12-02,24.24,-0.004517,31474.92,76900.048
688382,2025-12-02,26.8,-0.009242,124326.24,329556.948
688383,2025-12-02,62.66,-0.024899,6869.49,43457.191
688385,2025-12-02,59.63,-0.010289999999999999,77378.83,458845.466
688386,2025-12-02,70.82,-0.020877,11626.24,83082.201
688387,2025-12-02,7.09,-0.0014080000000000002,402750.35,284606.075
688388,2025-12-02,34.54,-0.012579,75140.99,262807.145
688389,2025-12-02,13.88,-0.008571,20120.14,28041.226
688390,2025-12-02,52.41,-0.014664,37615.59,197649.596
688391,2025-12-02,29.25,-0.003067,7668.75,22438.818
688392,2025-12-02,98.88,0.004878,14574.36,144445.142
688393,2025-12-02,23.76,-0.013289,11774.74,27958.931
688395,2025-12-02,24.28,-0.002465,7283.12,17627.474
688396,2025-12-02,49.38,-0.030434000000000003,151572.43,757066.749
688398,2025-12-02,18.13,-0.011989000000000001,8700.8,15782.667
688399,2025-12-02,67.65,0.007296,8771.55,59042.335
688400,2025-12-02,39.9,0.0017569999999999999,173303.42,694904.819
688401,2025-12-02,49.83,-0.020829,40033.23,199208.787
688403,2025-12-02,14.42,-0.023697,232094.18,332637.778
688408,2025-12-02,43.94,-0.025072,35537.09,157040.332
688409,2025-12-02,64.0,-0.021706,22885.02,146786.8
688410,2025-12-02,14.87,-0.014579,28287.77,42141.511
688411,2025-12-02,288.16,-0.018261,18589.08,535216.418
688416,2025-12-02,53.81,-0.003519,35874.24,194664.961
688418,2025-12-02,30.67,0.006234,50072.57,151883.175
688419,2025-12-02,27.21,-0.00036700000000000003,8664.66,23559.626
688420,2025-12-02,24.79,-0.016659999999999998,8694.16,21601.889
688425,2025-12-02,5.04,-0.007873999999999999,127727.92,64509.114
688426,2025-12-02,26.63,-0.01698,10941.44,29504.294
688428,2025-12-02,24.78,-0.02556,32390.8,80828.496
688429,2025-12-02,13.97,-0.062416,40611.32,58083.017
688432,2025-12-02,12.57,-0.011792,65895.01,82681.072
688433,2025-12-02,59.72,-0.034437999999999996,31740.43,191166.545
688435,2025-12-02,51.05,-0.012763,34409.21,174707.165
688439,2025-12-02,58.92,-0.0015249999999999999,22327.49,131701.669
688443,2025-12-02,27.26,-0.018719,20116.96,54959.621
688448,2025-12-02,43.93,-0.046451,19666.23,87689.083
688449,2025-12-02,45.45,-0.023631000000000003,51438.85,234452.235
688450,2025-12-02,27.65,0.001449,6166.01,16989.853
688455,2025-12-02,16.8,-0.008264,12980.75,21893.515
688456,2025-12-02,45.93,-0.01838,8024.29,37050.359
688458,2025-12-02,41.6,0.051567,86881.0,373005.05
688459,2025-12-02,9.77,0.002051,14158.41,13772.184
688466,2025-12-02,19.06,-0.010384,5257.59,9991.688
688468,2025-12-02,7.88,0.0,40382.73,31775.346
688469,2025-12-02,6.52,0.0,624639.59,405609.27
688472,2025-12-02,16.1,0.005621,1023632.23,1636395.617
688475,2025-12-02,29.82,0.000335,35480.67,105939.999
688478,2025-12-02,33.9,-0.03032,15941.68,54757.791
688479,2025-12-02,19.17,-0.015913999999999998,9843.41,18854.569
688480,2025-12-02,44.17,-0.030722,10579.09,47014.875
688484,2025-12-02,40.9,-0.004624,53483.48,221501.764
688485,2025-12-02,15.98,0.002509,11834.77,18851.509
688486,2025-12-02,73.07,-0.00922,23854.1,173217.021
688488,2025-12-02,13.12,-0.012048000000000001,29572.84,38787.676
688489,2025-12-02,42.93,-0.016944999999999998,6069.77,26236.203
688496,2025-12-02,7.1,-0.012517,29661.12,21143.683
688498,2025-12-02,523.99,-0.020762,24324.32,1285871.814
688499,2025-12-02,53.48,-0.023195999999999998,36210.62,194574.053
688500,2025-12-02,67.36,0.053323,29662.92,197463.621
688501,2025-12-02,26.46,-0.026132,15256.11,40646.91
688502,2025-12-02,345.32,-0.028635999999999998,6447.44,224263.722
688503,2025-12-02,54.3,-0.06669,94950.81,525544.647
688505,2025-12-02,8.51,-0.009313,21426.03,18238.308
688506,2025-12-02,369.44,-0.012667999999999999,6023.46,223175.393
688507,2025-12-02,92.18,-0.013696,10000.52,92786.221
688508,2025-12-02,58.24,-0.010532999999999999,16876.55,98732.142
688509,2025-12-02,4.86,0.014614,190613.02,91852.958
688510,2025-12-02,22.38,-0.011047,40757.24,90946.084
688511,2025-12-02,23.76,-0.010824,4906.23,11610.584
688512,2025-12-02,11.27,-0.006173,52454.72,58899.234
688513,2025-12-02,54.12,0.011022,8978.1,48031.017
688515,2025-12-02,100.51,-0.005639,8091.41,81323.467
688516,2025-12-02,39.81,-0.018733,23095.08,92796.458
688517,2025-12-02,15.99,-0.004359,22471.63,35821.501
688518,2025-12-02,23.44,-0.012637,66557.44,157626.237
688519,2025-12-02,64.7,-0.007973000000000001,49261.4,324550.999
688520,2025-12-02,46.8,-0.010989,17537.5,82459.181
688521,2025-12-02,142.42,-0.071275,170983.1,2462283.374
688522,2025-12-02,39.62,0.008656,45771.96,180515.296
688523,2025-12-02,39.86,-0.048233,292313.93,1159675.838
688525,2025-12-02,113.47,0.011319,345143.33,3971289.054
688526,2025-12-02,15.57,-0.017666,14680.32,22962.117
688528,2025-12-02,11.28,-0.012258999999999999,20345.95,22955.938
688529,2025-12-02,18.95,-0.015584,9493.33,18043.25
688530,2025-12-02,17.21,-0.008641,10038.76,17267.091
688531,2025-12-02,61.29,-0.024045,14598.14,90263.87
688533,2025-12-02,27.04,-0.00807,6646.64,17986.434
688535,2025-12-02,98.7,-0.047756999999999994,36674.44,365260.447
688538,2025-12-02,2.68,-0.003717,432472.9,116133.896
688539,2025-12-02,38.29,0.017269,62634.39,239027.792
688543,2025-12-02,55.39,-0.018082,108681.81,607497.28
688545,2025-12-02,33.65,-0.026049000000000003,29371.42,99405.713
688548,2025-12-02,12.55,-0.008689,55379.25,69887.616
688549,2025-12-02,9.25,-0.022199,133001.27,123634.103
688550,2025-12-02,46.99,0.008369,21932.79,102466.679
688551,2025-12-02,37.99,-0.0013139999999999998,12077.0,46091.591
688552,2025-12-02,34.01,-0.013630999999999999,46074.43,157761.939
688553,2025-12-02,19.45,-0.021137000000000003,23787.26,46540.382
688556,2025-12-02,10.62,-0.017576,198990.02,211241.744
688557,2025-12-02,37.85,-0.002372,15530.83,59041.082
688558,2025-12-02,29.36,-0.040522999999999997,23275.35,69140.551
688559,2025-12-02,46.82,0.017825999999999998,129307.15,606876.623
688560,2025-12-02,16.03,-0.024939,109441.96,176979.81
688561,2025-12-02,36.38,-0.006281999999999999,46344.21,168369.507
688562,2025-12-02,20.35,0.007426,147896.87,301257.589
688563,2025-12-02,54.63,-0.001462,17983.37,98218.384
688565,2025-12-02,10.42,0.004822,24800.14,25689.805
688566,2025-12-02,28.76,-0.022766,8353.66,24120.753
688567,2025-12-02,16.25,-0.001229,97313.76,158235.764
688568,2025-12-02,45.12,0.01874,239005.92,1073369.403
688569,2025-12-02,21.13,-0.001889,5678.17,11981.835
688570,2025-12-02,18.19,-0.006011,7308.48,13299.462
688571,2025-12-02,7.41,-0.002692,25110.02,18572.222
688573,2025-12-02,23.49,-0.017977,12960.6,30468.065
688575,2025-12-02,14.52,-0.016926,33646.48,49198.183
688576,2025-12-02,63.73,-0.01362,2705.74,17337.642
688577,2025-12-02,109.0,-0.009991,7987.86,87458.258
688578,2025-12-02,96.7,-0.022739,23216.34,225807.868
688579,2025-12-02,11.1,-0.015084,34716.74,38584.183
688580,2025-12-02,45.16,-0.016765000000000002,4991.72,22648.053
688581,2025-12-02,58.85,-0.012087,3356.16,19822.925
688582,2025-12-02,60.34,-0.005603,49898.52,301774.78
688583,2025-12-02,91.5,-0.001092,6885.45,63409.074
688584,2025-12-02,21.93,-0.022727,24570.35,54112.672
688585,2025-12-02,109.96,0.006038,37786.67,419566.527
688586,2025-12-02,12.14,0.04565,259038.26,311919.543
688588,2025-12-02,14.6,-0.013514,34661.67,50695.93
688589,2025-12-02,22.53,-0.005298000000000001,14152.31,31830.204
688590,2025-12-02,18.84,-0.011024,39492.23,74016.551
688591,2025-12-02,45.16,-0.016551,70159.6,319700.743
688592,2025-12-02,39.53,-0.02105,10757.18,42347.576
688593,2025-12-02,20.07,-0.009378,67759.27,135368.854
688595,2025-12-02,34.59,-0.010866,29402.12,101816.068
688596,2025-12-02,28.86,-0.018701000000000002,46940.68,136249.551
688597,2025-12-02,8.83,0.0,52426.63,46226.058
688598,2025-12-02,28.52,-0.029272,24911.26,71754.086
688599,2025-12-02,17.44,-0.013574999999999999,315398.64,548172.316
688600,2025-12-02,22.72,0.003534,13571.74,30754.519
688601,2025-12-02,45.86,-0.048942,99762.97,461905.005
688602,2025-12-02,9.12,-0.017241,140486.11,128272.208
688603,2025-12-02,72.46,-0.028817,8357.41,61175.452
688605,2025-12-02,59.12,-0.017614,12702.63,75398.245
688606,2025-12-02,65.16,-0.008520999999999999,3102.07,20192.574
688607,2025-12-02,33.42,0.014879999999999999,32958.62,108450.749
688608,2025-12-02,237.93,-0.00063,61436.27,1456326.304
688609,2025-12-02,10.09,-0.009814,61909.96,62362.969
688610,2025-12-02,59.94,-0.011054,3532.7,21162.736
688611,2025-12-02,47.84,0.015065,16724.39,79992.335
688612,2025-12-02,31.71,-0.01857,19344.13,61929.881
688613,2025-12-02,19.8,-0.008513,18399.55,36353.046
688615,2025-12-02,206.0,-0.02365,14676.3,303098.489
688616,2025-12-02,12.29,-0.011263,23109.65,28457.33
688617,2025-12-02,241.94,0.002112,13532.24,325235.818
688618,2025-12-02,26.9,-0.022529,12982.27,35069.06
688619,2025-12-02,14.47,0.004861,25477.53,36407.522
688620,2025-12-02,12.97,0.026108,220829.4,287298.697
688621,2025-12-02,64.36,-0.020545,21141.71,136209.967
688622,2025-12-02,108.1,-0.012785,8944.38,97154.282
688623,2025-12-02,76.16,0.005413,6028.39,45945.337
688625,2025-12-02,39.45,0.019379999999999998,25167.21,98840.655
688626,2025-12-02,49.44,0.016238,17669.6,87696.773
688627,2025-12-02,179.14,-0.014631,17448.65,314849.16
688628,2025-12-02,31.9,-0.00437,8294.45,26624.342
688629,2025-12-02,78.33,-0.026957,108180.54,852771.019
688630,2025-12-02,113.28,-0.032456,34710.3,396376.853
688631,2025-12-02,73.32,-0.021095000000000003,21637.09,158608.682
688633,2025-12-02,23.11,-0.011548000000000001,4478.8,10378.048
688636,2025-12-02,35.21,-0.004805,36230.75,127631.373
688638,2025-12-02,38.99,-0.013161,4192.26,16352.162
688639,2025-12-02,32.45,-0.012177,25186.65,81812.301
688646,2025-12-02,35.31,-0.024045999999999998,8118.39,28727.252
688648,2025-12-02,50.08,-0.017654,12320.89,61665.653
688651,2025-12-02,39.25,-0.008588,13034.0,51082.454
688652,2025-12-02,90.09,-0.013361000000000001,24695.27,222922.287
688653,2025-12-02,12.4,-0.013524000000000001,58440.29,72724.668
688655,2025-12-02,18.28,-0.026105,26188.86,47894.533
688656,2025-12-02,213.11,0.007612,5706.19,120209.704
688657,2025-12-02,54.66,-0.002737,5677.48,30936.766
688658,2025-12-02,24.32,-0.01975,48500.63,118291.232
688659,2025-12-02,9.97,-0.00796,26441.1,26284.14
688660,2025-12-02,16.58,-0.019515,152834.75,253864.774
688661,2025-12-02,41.9,-0.021484999999999997,18165.78,76213.671
688662,2025-12-02,40.62,-0.019077999999999998,20076.26,81489.446
688663,2025-12-02,41.11,-0.012016,16568.58,68250.612
688665,2025-12-02,47.69,-0.010581,5315.47,25395.449
688667,2025-12-02,58.35,-0.021629999999999996,5053.62,29646.393
688668,2025-12-02,92.65,-0.021027,26785.9,249540.264
688669,2025-12-02,22.04,0.013333,26578.67,57923.947
688670,2025-12-02,26.31,-0.026637,68115.1,179459.587
688671,2025-12-02,25.21,0.08992699999999999,27862.47,67505.589
688676,2025-12-02,79.09,-0.00927,118181.44,948484.581
688677,2025-12-02,44.94,-0.011004,5751.07,25916.565
688678,2025-12-02,25.4,0.016,107013.42,273369.381
688679,2025-12-02,23.97,0.003769,20832.52,49501.072
688680,2025-12-02,39.7,-0.017813000000000002,9396.88,37446.643
688681,2025-12-02,17.5,-0.009621,15671.33,27472.602
688682,2025-12-02,37.54,0.002403,29943.87,112230.496
688683,2025-12-02,30.69,-0.040938,8204.91,25715.943
688685,2025-12-02,51.05,0.004328,19182.41,97305.243
688686,2025-12-02,114.77,-0.018389,8093.31,93508.556
688687,2025-12-02,25.44,-0.014717000000000001,19849.06,50630.141
688689,2025-12-02,26.19,-0.010952,11025.99,28952.437
688690,2025-12-02,26.39,-0.018959,25353.52,67372.166
688691,2025-12-02,107.6,-0.043129999999999995,40466.63,439235.071
688692,2025-12-02,259.71,0.002741,10181.75,263513.927
688693,2025-12-02,40.26,0.000746,15638.11,63185.665
688695,2025-12-02,29.55,-0.014014,5342.42,15781.065
688696,2025-12-02,111.45,0.009694000000000001,7724.26,85066.747
688697,2025-12-02,14.95,-0.022237,23680.29,35599.239
688698,2025-12-02,85.91,-0.029266,44643.77,382983.553
688699,2025-12-02,47.2,-0.021152999999999998,39755.61,187820.195
688700,2025-12-02,33.93,-0.015094000000000002,33463.02,113765.484
688701,2025-12-02,11.08,0.041353,75517.27,82664.696
688702,2025-12-02,127.29,-0.028321,32169.73,410021.711
688707,2025-12-02,14.17,-0.023431999999999998,81436.88,115724.122
688708,2025-12-02,58.35,-0.037605,17813.97,105425.022
688709,2025-12-02,37.5,-0.026732,33377.75,125983.93
688710,2025-12-02,41.58,-0.072703,19547.74,82484.866
688711,2025-12-02,26.32,0.158451,335532.15,832906.435
688716,2025-12-02,36.2,-0.02923,18247.01,66519.286
688717,2025-12-02,65.62,-0.004098,25536.07,166699.885
688718,2025-12-02,14.91,0.010847,21663.06,31729.585
688719,2025-12-02,45.54,0.150581,152853.39,628591.001
688720,2025-12-02,51.87,-0.048430999999999995,43194.51,226365.973
688721,2025-12-02,43.73,-0.028006000000000003,9538.46,41939.99
688722,2025-12-02,17.51,-0.005114,21588.36,37949.628
688726,2025-12-02,40.78,-0.025102000000000003,12193.85,50170.783
688727,2025-12-02,49.88,-0.038921000000000004,122999.15,621786.392
688728,2025-12-02,14.56,-0.012212,100976.92,148048.391
688729,2025-12-02,24.44,-0.014913000000000001,38108.08,93540.772
688733,2025-12-02,31.62,-0.0031530000000000004,106034.52,340027.25
688737,2025-12-02,24.55,-0.002843,14497.15,35512.28
688739,2025-12-02,26.73,-0.0026119999999999997,10269.75,27453.5
688750,2025-12-02,18.26,-0.004905,24702.86,44895.05
688755,2025-12-02,40.58,-0.009519,2920.35,11849.463
688757,2025-12-02,26.42,-0.017113,7696.01,20441.95
688758,2025-12-02,20.36,-0.024904000000000003,28654.88,58934.95
688759,2025-12-02,33.25,-0.035952000000000005,65752.26,221542.788
688765,2025-12-02,81.69,0.001103,49405.82,409904.87
688767,2025-12-02,38.06,-0.025352,18969.95,73237.506
688768,2025-12-02,41.43,-0.016148,6496.5,27127.191
688772,2025-12-02,23.55,0.007271,146486.62,345442.649
688775,2025-12-02,291.08,0.035872,31591.52,926602.34
688776,2025-12-02,84.65,-0.02477,16280.17,139026.918
688777,2025-12-02,50.59,-0.0076500000000000005,52144.85,264735.584
688778,2025-12-02,70.46,-0.017294,33109.58,234502.095
688779,2025-12-02,7.27,-0.024161000000000002,338649.16,247635.957
688783,2025-12-02,23.78,-0.019381,78270.06,186998.272
688786,2025-12-02,27.05,-0.013134,9073.23,24588.991
688787,2025-12-02,113.4,-0.011248000000000001,25540.3,294379.117
688788,2025-12-02,59.74,-0.0106,21230.15,127763.962
688789,2025-12-02,77.3,-0.000905,4937.45,38224.171
688793,2025-12-02,27.91,-0.009581,4587.03,12802.112
688798,2025-12-02,76.3,-0.032708,58052.55,450155.087
688799,2025-12-02,47.56,-0.018977,16644.59,79237.028
688800,2025-12-02,71.86,0.007007,90063.16,651794.096
688819,2025-12-02,32.07,-0.012015,24539.92,78768.183
688981,2025-12-02,113.0,-0.012238,237771.82,2694922.636
689009,2025-12-02,59.6,0.011713,82699.6,492938.395
920000,2025-12-02,19.03,0.000526,10587.7,20198.598
920001,2025-12-02,20.72,-0.027687,25317.27,52685.976
920002,2025-12-02,103.17,-0.025318999999999998,6444.88,67064.45
920003,2025-12-02,33.54,-0.007692,7515.98,25352.816
920005,2025-12-02,42.25,-0.0011819999999999999,9258.19,39761.292
920006,2025-12-02,27.97,-0.005334,11594.01,32559.579
920007,2025-12-02,68.98,-0.005479,887.01,6111.682
920008,2025-12-02,32.5,-0.016641,15158.8,49627.009
920009,2025-12-02,82.47,-0.009726,6432.99,53264.325
920010,2025-12-02,12.68,-0.010920000000000001,23074.2,29331.215
920014,2025-12-02,12.34,-0.0040360000000000005,6147.33,7513.853
920015,2025-12-02,51.3,0.0060799999999999995,35573.78,180135.096
920016,2025-12-02,19.88,-0.017301,6393.71,12754.555
920017,2025-12-02,18.73,-0.014211,15616.54,29465.937
920018,2025-12-02,27.8,-0.017668,8159.81,22828.569
920019,2025-12-02,19.71,-0.015485,15941.19,31605.644
920020,2025-12-02,17.54,0.004007,24836.54,43667.783
920021,2025-12-02,6.63,-0.011923,33067.08,21926.99
920022,2025-12-02,29.83,-0.004339,6794.08,20444.468
920023,2025-12-02,4.28,-0.013825,57260.82,24623.472
920026,2025-12-02,35.88,-0.017525,9165.56,32956.009
920027,2025-12-02,23.38,-0.013086,4517.63,10649.36
920029,2025-12-02,91.37,-0.007925999999999999,3731.81,34233.177
920030,2025-12-02,6.66,-0.016248,25568.55,17154.406
920033,2025-12-02,16.72,-0.025640999999999997,7402.66,12478.459
920035,2025-12-02,52.12,3.3074380000000003,122117.77,686606.606
920037,2025-12-02,86.39,-0.025164,7886.92,69063.587
920039,2025-12-02,12.1,0.0058189999999999995,37213.31,45563.829
920046,2025-12-02,13.6,-0.012346,17520.94,23851.475
920047,2025-12-02,24.45,-0.004884,25050.7,62287.434
920056,2025-12-02,25.1,-0.014527000000000002,6680.77,16809.939
920057,2025-12-02,6.63,-0.019231,18065.15,12059.792
920058,2025-12-02,32.22,-0.022748,3672.08,11982.841
920060,2025-12-02,33.06,-0.018117,15762.34,52414.42
920061,2025-12-02,30.26,-0.0029649999999999998,6064.39,18090.762
920062,2025-12-02,10.05,-0.022374,27191.59,27597.763
920066,2025-12-02,24.9,-0.01581,4842.45,12141.56
920068,2025-12-02,17.01,-0.015055,11882.8,20170.531
920075,2025-12-02,27.85,-0.016596,17940.27,50929.198
920077,2025-12-02,13.94,-0.009943,20573.91,28923.734
920080,2025-12-02,27.12,-0.03659,14002.86,38504.084
920082,2025-12-02,17.33,-0.015341,7839.93,13620.058
920087,2025-12-02,16.75,0.021341000000000002,73904.31,123033.912
920088,2025-12-02,31.16,-0.026554,21136.35,65854.279
920089,2025-12-02,18.46,-0.017563,17360.32,32212.305
920090,2025-12-02,6.61,-0.019288,36062.85,24063.037
920091,2025-12-02,55.55,0.009816,49194.88,277156.406
920092,2025-12-02,31.11,-0.02139,5098.21,16012.075
920098,2025-12-02,27.12,-0.006957,4350.57,11811.912
920099,2025-12-02,30.43,-0.017119,3446.48,10582.75
920100,2025-12-02,59.76,-0.008791,4594.62,27590.86
920101,2025-12-02,40.57,-0.00928,3931.86,15971.763
920106,2025-12-02,82.16,-0.0041210000000000005,7549.94,62575.298
920108,2025-12-02,14.0,-0.012694,5138.01,7212.931
920110,2025-12-02,35.89,-0.014011000000000001,1981.18,7141.438
920111,2025-12-02,23.56,-0.0105,7910.45,18772.293
920112,2025-12-02,38.25,-0.010861,2950.37,11332.287
920116,2025-12-02,81.95,0.040371,99518.68,816568.881
920118,2025-12-02,23.12,-0.011543000000000001,4877.24,11325.068
920122,2025-12-02,36.94,-0.008322000000000001,4134.14,15291.309
920123,2025-12-02,15.56,-0.023227,11144.76,17527.435
920124,2025-12-02,19.66,-0.011066,120831.73,239717.253
920128,2025-12-02,27.18,-0.006579000000000001,4697.2,12738.01
920130,2025-12-02,23.03,-0.023739,8331.29,19456.37
920132,2025-12-02,18.01,-0.017458,10062.83,18152.801
920139,2025-12-02,20.97,-0.014104,23381.14,49395.042
920145,2025-12-02,22.56,-0.052499000000000004,12823.32,29144.527
920146,2025-12-02,8.59,-0.017162,15225.5,13152.784
920149,2025-12-02,12.13,-0.024135,8036.82,9759.31
920152,2025-12-02,32.55,0.070724,38066.67,121583.132
920158,2025-12-02,16.29,-0.015115,20844.04,34111.177
920160,2025-12-02,25.78,-0.012261,39370.04,100836.348
920163,2025-12-02,15.12,0.008,7050.15,10480.834
920167,2025-12-02,17.5,-0.019058,9531.02,16810.24
920169,2025-12-02,29.82,-0.018432999999999998,19828.99,59712.021
920171,2025-12-02,20.19,-0.024638,9619.24,19545.955
920174,2025-12-02,49.22,0.0138,27171.79,135782.473
920175,2025-12-02,11.9,-0.020575999999999997,14972.21,17920.563
920179,2025-12-02,34.27,-0.027801,8653.38,29931.857
920184,2025-12-02,17.73,-0.030088,21102.18,37804.152
920185,2025-12-02,31.03,-0.024521,66971.04,209779.051
920190,2025-12-02,27.07,-0.01492,34490.46,93909.134
920195,2025-12-02,20.0,-0.017199,16040.56,32636.133
920198,2025-12-02,10.04,-0.020488,19456.92,19630.497
920199,2025-12-02,35.11,0.001998,9723.22,34244.597
920204,2025-12-02,18.2,-0.007092,6261.28,11442.815
920207,2025-12-02,21.61,-0.017727,8528.67,18454.224
920208,2025-12-02,24.96,-0.011094,4320.1,10864.282
920212,2025-12-02,14.01,-0.021648,28872.68,40493.812
920221,2025-12-02,16.3,-0.016888,10507.98,17201.978
920223,2025-12-02,20.6,-0.027384,46705.13,97414.466
920225,2025-12-02,32.55,0.002773,38753.86,125349.66
920227,2025-12-02,63.46,-0.024142999999999998,13404.23,87105.484
920230,2025-12-02,12.99,-0.017398,9092.19,11840.671
920237,2025-12-02,24.22,-0.022204,11694.71,28479.847
920239,2025-12-02,33.3,-0.016538999999999998,12716.2,42542.715
920242,2025-12-02,29.28,-0.027243,4174.91,12333.478
920245,2025-12-02,26.35,-0.026598,3639.53,9687.229
920247,2025-12-02,25.66,-0.019862,14882.0,38412.385
920249,2025-12-02,13.93,-0.035318999999999996,77974.44,108861.984
920252,2025-12-02,30.25,-0.030449,41736.3,128169.932
920260,2025-12-02,11.21,-0.024369000000000002,6951.5,7884.133
920261,2025-12-02,14.88,-0.013263,9222.29,13780.491
920262,2025-12-02,24.43,-0.013328,5876.08,14411.733
920263,2025-12-02,13.17,-0.01643,8872.2,11725.65
920266,2025-12-02,9.4,-0.015707,10578.58,10013.9
920267,2025-12-02,23.36,-0.017662,8148.56,19093.339
920270,2025-12-02,16.2,-0.018182,5298.4,8621.802
920271,2025-12-02,15.94,-0.023284,5227.62,8401.772
920273,2025-12-02,34.55,0.002903,20723.92,71880.235
920274,2025-12-02,28.95,0.026596,26142.8,75407.394
920275,2025-12-02,9.31,-0.010627,9735.23,9100.175
920278,2025-12-02,9.08,-0.015184,7889.28,7186.036
920284,2025-12-02,41.28,-0.020176,12178.89,50605.253
920299,2025-12-02,19.84,-0.036425,32083.89,64451.079
920300,2025-12-02,14.16,-0.018711,14251.99,20333.81
920304,2025-12-02,13.56,-0.059639,87995.78,121411.294
920305,2025-12-02,10.66,-0.019319,20848.58,22366.143
920339,2025-12-02,10.62,0.0,6022.02,6346.807
920344,2025-12-02,25.1,-0.024864,11515.51,29078.308
920346,2025-12-02,24.91,-0.016969,9350.03,23466.109
920351,2025-12-02,22.56,-0.030928,12328.82,28142.171
920357,2025-12-02,25.38,-0.016279,9241.5,23621.525
920363,2025-12-02,18.0,-0.022271,12185.41,22078.424
920367,2025-12-02,21.7,-0.026469,17645.71,38800.267
920368,2025-12-02,26.66,-0.024515,26432.04,70887.696
920370,2025-12-02,4.24,-0.018519,27433.8,11690.43
920371,2025-12-02,10.49,-0.014098,14494.33,15332.898
920374,2025-12-02,25.3,-0.023166000000000003,16531.71,41596.04
920375,2025-12-02,13.86,-0.018414,12561.24,17505.415
920378,2025-12-02,9.86,-0.020853999999999998,9655.52,9551.424
920392,2025-12-02,34.33,-0.006368,3525.54,12209.677
920394,2025-12-02,36.38,-0.001647,8625.56,31456.763
920395,2025-12-02,12.11,-0.023386999999999998,10379.21,12673.807
920396,2025-12-02,29.51,-0.026394,17022.45,50608.372
920402,2025-12-02,10.83,-0.01991,47461.34,51690.631
920403,2025-12-02,21.5,0.009389999999999999,18284.51,39350.248
920405,2025-12-02,28.26,0.044346,54122.82,151976.484
920407,2025-12-02,20.03,-0.013786,11177.18,22595.362
920414,2025-12-02,12.03,-0.01876,11334.74,13695.564
920415,2025-12-02,15.3,-0.024857,25378.37,39336.442
920418,2025-12-02,26.97,-0.006264,11079.93,29941.744
920419,2025-12-02,16.6,-0.015421,5649.58,9380.044
920422,2025-12-02,13.05,-0.000766,30789.0,40484.727
920425,2025-12-02,20.8,-0.025761,16729.27,34928.124
920427,2025-12-02,12.97,-0.017424,8963.96,11727.705
920429,2025-12-02,16.06,-0.002484,8099.22,13058.949
920433,2025-12-02,6.25,-0.015747999999999998,15437.88,9690.368
920436,2025-12-02,19.7,-0.008056,11047.85,21909.117
920438,2025-12-02,42.12,0.04646,69431.82,283692.502
920445,2025-12-02,12.4,0.067126,130816.75,160877.055
920454,2025-12-02,16.65,0.0,24897.89,41439.821
920455,2025-12-02,8.95,-0.016484000000000002,8673.43,7757.2
920469,2025-12-02,11.63,-0.016073999999999998,16366.21,19130.455
920471,2025-12-02,12.99,-0.021837,7200.23,9396.47
920475,2025-12-02,16.68,-0.030233,7788.75,13124.435
920476,2025-12-02,21.44,-0.028546000000000002,10069.85,21761.854
920478,2025-12-02,19.2,-0.013361000000000001,6059.65,11659.044
920489,2025-12-02,19.42,0.0,59584.48,117141.321
920491,2025-12-02,27.52,-0.015737,21755.53,60236.977
920493,2025-12-02,138.45,-0.013819,10429.9,146013.783
920496,2025-12-02,10.43,-0.014178,16414.37,17272.804
920504,2025-12-02,23.67,-0.019876,3610.2,8630.919
920505,2025-12-02,46.65,-0.030549,12479.46,58486.917
920508,2025-12-02,22.3,-0.034214,7425.2,16690.427
920509,2025-12-02,35.28,-0.033424999999999996,31288.25,111284.117
920510,2025-12-02,16.97,-0.013372,9283.09,15840.154
920519,2025-12-02,12.45,-0.018139000000000002,7342.08,9177.923
920522,2025-12-02,57.88,0.000519,16548.33,96361.695
920523,2025-12-02,26.85,-0.030336,20553.68,55716.769
920526,2025-12-02,24.35,-0.024048,6908.61,16944.624
920527,2025-12-02,18.25,-0.021972000000000002,7826.41,14273.067
920533,2025-12-02,27.72,-0.016324,10845.4,30197.278
920541,2025-12-02,13.86,-0.01,7410.25,10296.65
920547,2025-12-02,23.87,-0.025316,4865.36,11752.138
920553,2025-12-02,10.15,-0.028708,17697.78,18050.635
920556,2025-12-02,10.11,-0.020349,17710.69,18005.836
920564,2025-12-02,25.02,-0.011067,99444.22,249160.534
920566,2025-12-02,11.93,-0.018106999999999998,30968.23,37105.025
920570,2025-12-02,34.15,-0.014999,4077.85,14017.489
920571,2025-12-02,10.19,-0.00098,136733.09,139508.016
920575,2025-12-02,12.23,-0.029365000000000002,21822.35,27058.128
920576,2025-12-02,27.82,-0.020423,8577.37,24057.096
920578,2025-12-02,24.84,-0.022816999999999997,7834.78,19645.197
920579,2025-12-02,24.05,-0.010287999999999999,6356.22,15296.217
920580,2025-12-02,14.74,-0.029625,23006.21,34076.618
920592,2025-12-02,40.17,-0.009127,7482.09,30222.146
920593,2025-12-02,32.67,-0.007896,18179.24,59604.283
920599,2025-12-02,20.1,-0.0069169999999999995,31424.85,63359.442
920608,2025-12-02,19.38,-0.022692999999999998,5724.51,11150.559
920627,2025-12-02,22.73,-0.019836,9831.37,22538.551
920634,2025-12-02,24.18,-0.030084,21204.71,51268.618
920639,2025-12-02,7.96,-0.01118,10389.04,8281.698
920640,2025-12-02,32.7,-0.009691,57998.35,189481.817
920641,2025-12-02,19.0,-0.020619000000000002,20256.0,39027.373
920642,2025-12-02,15.98,0.012033,69540.14,111854.243
920651,2025-12-02,39.0,-0.027916,5872.65,23001.0
920656,2025-12-02,17.39,-0.009681,8064.05,14016.59
920662,2025-12-02,25.3,-0.027671,8273.33,21114.521
920663,2025-12-02,16.72,-0.032966999999999996,8007.47,13531.492
920665,2025-12-02,13.72,0.016295999999999998,39456.28,54023.883
920670,2025-12-02,15.5,-0.039058,47547.22,74561.161
920675,2025-12-02,10.44,-0.019718,9673.68,10151.313
920679,2025-12-02,20.0,-0.032881999999999995,6594.68,13356.953
920682,2025-12-02,9.37,-0.015756,22282.12,21010.073
920685,2025-12-02,13.82,-0.017070000000000002,7246.4,10073.8
920689,2025-12-02,30.81,-0.014395,6213.91,19201.571
920690,2025-12-02,30.6,-0.006494,6307.53,19297.615
920693,2025-12-02,39.3,-0.023117000000000002,5237.17,20770.248
920694,2025-12-02,19.33,-0.013776,5837.72,11352.232
920699,2025-12-02,48.96,-0.025284,2928.2,14420.198
920701,2025-12-02,23.2,0.024735,141513.44,320093.49
920703,2025-12-02,14.4,-0.025051,7340.91,10704.142
920706,2025-12-02,27.86,0.015306,74289.49,206982.135
920717,2025-12-02,12.18,-0.012966,12111.4,14917.433
920718,2025-12-02,16.65,-0.002994,5885.78,9768.746
920719,2025-12-02,12.85,-0.025777,25506.58,32941.16
920720,2025-12-02,13.99,-0.008505,13247.0,18541.791
920725,2025-12-02,33.32,-0.039769,25290.17,84772.306
920726,2025-12-02,21.64,0.011688,89821.92,197291.334
920729,2025-12-02,8.89,-0.024148999999999997,8769.49,7856.87
920735,2025-12-02,35.29,0.000851,11707.65,41290.539
920748,2025-12-02,56.7,0.057836,47804.14,271780.999
920751,2025-12-02,19.03,-0.025602,8200.68,15740.981
920753,2025-12-02,23.37,-0.013508,4183.67,9784.974
920765,2025-12-02,25.77,0.025876,13849.3,35922.789
920768,2025-12-02,12.06,-0.023482,15339.45,18577.901
920770,2025-12-02,18.76,-0.027475,30549.47,57697.575
920779,2025-12-02,34.85,-0.016925,6158.45,21575.298
920781,2025-12-02,8.94,-0.022951000000000003,18670.51,16842.975
920786,2025-12-02,9.64,-0.019329,57970.63,56152.406
920790,2025-12-02,32.64,-0.018935999999999998,7628.95,25105.982
920792,2025-12-02,12.3,-0.015212000000000002,9065.61,11243.099
920799,2025-12-02,47.42,-0.00795,11692.23,55864.791
920802,2025-12-02,15.71,-0.019351,5600.85,8875.903
920806,2025-12-02,13.27,-0.008221000000000001,17222.59,23083.93
920807,2025-12-02,15.18,-0.020013,22570.67,34237.942
920808,2025-12-02,77.8,-0.0032029999999999997,10333.44,80959.947
920809,2025-12-02,7.41,0.001351,285238.79,212869.313
920810,2025-12-02,13.26,-0.026432,10931.24,14710.005
920819,2025-12-02,4.08,-0.007299,49893.78,20421.226
920821,2025-12-02,28.52,-0.04519599999999999,51369.13,146127.874
920826,2025-12-02,13.83,0.009489,98101.85,136480.555
920832,2025-12-02,7.46,-0.013228,11072.38,8282.78
920833,2025-12-02,16.76,-0.023879,12027.76,20156.654
920834,2025-12-02,16.76,-0.036782,31995.44,54541.15
920837,2025-12-02,14.15,-0.023464,10907.83,15569.62
920839,2025-12-02,41.8,-0.009948,8118.15,33869.453
920855,2025-12-02,18.12,-0.016287,6355.63,11545.443
920856,2025-12-02,17.77,-0.03108,27977.75,50789.627
920857,2025-12-02,34.03,-0.04140799999999999,15138.86,51242.137
920866,2025-12-02,8.28,-0.014286,12009.27,10005.838
920870,2025-12-02,17.63,-0.021099,9448.65,16776.226
920871,2025-12-02,15.99,-0.019018,5544.27,8871.401
920873,2025-12-02,7.64,-0.011642999999999999,21609.36,16636.957
920876,2025-12-02,27.43,0.008456,23232.39,64057.957
920879,2025-12-02,22.1,-0.0036070000000000004,5942.43,13188.455
920885,2025-12-02,19.41,-0.004105,30354.21,59068.836
920892,2025-12-02,15.97,0.003771,11029.87,17688.166
920895,2025-12-02,21.28,-0.020257999999999998,5685.29,12150.19
920896,2025-12-02,21.07,-0.031264,8399.14,17918.978
920906,2025-12-02,26.58,-0.030281,11470.51,30821.711
920914,2025-12-02,26.81,-0.026153,17010.02,45914.795
920924,2025-12-02,20.77,-0.011423,9141.55,19016.246
920925,2025-12-02,30.93,-0.010557,2713.11,8383.599
920926,2025-12-02,17.82,-0.019802,9071.01,16298.831
920931,2025-12-02,14.88,-0.019763,6633.17,9989.819
920932,2025-12-02,20.48,-0.020096,9811.42,20152.286
920942,2025-12-02,32.09,-0.018954,8027.43,26017.697
920943,2025-12-02,24.44,0.013687,35530.7,86628.424
920946,2025-12-02,11.21,-0.011464,23624.04,26618.98
920950,2025-12-02,18.5,-0.009636,3875.9,7142.59
920953,2025-12-02,35.29,-0.022708,15611.93,55695.001
920957,2025-12-02,13.57,-0.038271,15575.44,21352.391
920961,2025-12-02,25.31,-0.004327,61908.43,156712.894
920964,2025-12-02,7.01,-0.014065000000000001,15879.96,11155.211
920970,2025-12-02,8.12,-0.016949000000000002,10752.95,8765.046
920971,2025-12-02,30.96,-0.0035399999999999997,19903.34,61789.507
920974,2025-12-02,8.28,-0.016627,19378.93,16181.55
920976,2025-12-02,26.27,0.042047,33313.4,88577.145
920978,2025-12-02,33.94,-0.01509,16749.55,57271.155
920981,2025-12-02,32.99,-0.021067999999999996,8692.22,28720.609
920982,2025-12-02,223.43,0.024204,11281.92,252699.716
920985,2025-12-02,8.54,-0.011574,20165.59,17315.319
920992,2025-12-02,17.57,-0.023889,8290.06,14658.254
