symbol,date,close,ret,vol,amount
000001,2025-11-26,11.69,-0.009322,821301.09,962935.43
000002,2025-11-26,5.89,-0.024834000000000002,2005217.22,1192429.529
000004,2025-11-26,10.68,-0.012939,25462.0,27515.155
000006,2025-11-26,10.86,0.019718,399060.61,434251.639
000007,2025-11-26,9.68,0.022174999999999997,101755.0,98714.151
000008,2025-11-26,3.07,-0.012862,622681.66,192974.026
000009,2025-11-26,9.89,-0.018849,315966.63,314294.833
000010,2025-11-26,3.86,0.002597,220262.0,84810.277
000011,2025-11-26,9.85,-0.008056,93087.05,91873.008
000012,2025-11-26,4.66,0.006479,189799.63,88548.557
000014,2025-11-26,16.0,0.030264000000000003,236620.31,375971.852
000016,2025-11-26,5.16,0.0,345653.67,178354.531
000017,2025-11-26,7.73,-0.03616,847065.28,662056.724
000019,2025-11-26,7.35,-0.023904,376345.48,277817.082
000020,2025-11-26,16.4,0.063554,224545.38,363902.043
000021,2025-11-26,23.4,0.0008550000000000001,424080.4,994391.507
000025,2025-11-26,20.96,0.10026199999999999,248081.52,496304.611
000026,2025-11-26,15.23,-0.0032719999999999997,23317.0,35696.216
000027,2025-11-26,6.59,-0.0015149999999999999,147549.08,97609.433
000028,2025-11-26,25.08,0.0032,22323.9,56071.97
000029,2025-11-26,24.79,0.009776,40554.27,100298.619
000030,2025-11-26,5.5,0.016635999999999998,115809.02,63637.476
000031,2025-11-26,3.11,-0.012698000000000001,191207.0,60030.308
000032,2025-11-26,19.92,-0.00994,201725.08,407048.69
000034,2025-11-26,39.99,-0.007937999999999999,198198.61,804296.804
000035,2025-11-26,5.6,-0.017544,259627.64,147592.946
000036,2025-11-26,4.24,-0.011655,300133.91,128374.117
000037,2025-11-26,8.85,-0.010067,76651.0,68317.551
000039,2025-11-26,9.35,0.1,1947423.93,1764493.053
000042,2025-11-26,7.94,0.015345,57428.0,45760.346
000045,2025-11-26,12.7,0.016813,186382.0,237791.939
000048,2025-11-26,13.81,-0.026093,312657.83,433833.131
000049,2025-11-26,25.89,-0.013713999999999999,58317.39,152100.752
000050,2025-11-26,8.87,-0.010045,157209.65,140237.138
000055,2025-11-26,4.18,0.0,101310.0,42513.626
000056,2025-11-26,2.37,0.0,362754.0,86690.754
000058,2025-11-26,9.43,0.008556000000000001,155847.0,146972.589
000059,2025-11-26,5.05,-0.007859,152399.01,77363.123
000060,2025-11-26,5.12,-0.007752,778534.89,400931.235
000061,2025-11-26,9.56,-0.033367,285996.18,277388.003
000062,2025-11-26,25.73,-0.010385,86974.73,224043.264
000063,2025-11-26,40.97,0.027847,1517587.16,6205552.919
000065,2025-11-26,13.04,0.026772,970684.83,1282102.729
000066,2025-11-26,14.92,-0.008638,315703.95,473431.923
000068,2025-11-26,3.62,-0.008218999999999999,157999.0,57918.642
000069,2025-11-26,2.68,-0.01107,853095.5,229669.836
000070,2025-11-26,13.92,0.100395,2296269.93,3122149.775
000078,2025-11-26,2.81,0.101961,932475.97,257193.419
000088,2025-11-26,4.38,0.002288,235575.71,103413.297
000089,2025-11-26,6.91,-0.0014449999999999999,136303.0,94397.977
000090,2025-11-26,4.13,-0.002415,720740.21,297425.321
000096,2025-11-26,10.75,-0.012856000000000001,53949.0,58409.638
000099,2025-11-26,20.18,-0.008354,67730.0,137408.622
000100,2025-11-26,4.08,-0.002445,1640771.78,670862.001
000151,2025-11-26,12.83,0.007064,73942.95,95464.086
000153,2025-11-26,6.7,0.0,101393.4,68961.008
000155,2025-11-26,12.12,-0.008183000000000001,486075.0,596626.978
000156,2025-11-26,7.94,-0.005013,112013.69,89274.715
000157,2025-11-26,8.15,0.025157,716022.37,580125.475
000158,2025-11-26,22.44,0.012179,1265867.66,2793555.538
000159,2025-11-26,5.75,-0.013722000000000002,189736.0,110451.918
000166,2025-11-26,5.14,0.0,648657.08,334239.993
000301,2025-11-26,9.5,-0.015544,142442.56,136997.03
000333,2025-11-26,79.8,0.013977,320727.77,2538706.36
000338,2025-11-26,16.9,0.001778,673444.1,1139413.422
000400,2025-11-26,25.49,-0.013545,203913.04,525272.1
000401,2025-11-26,4.65,-0.0021460000000000003,88155.89,41154.549
000402,2025-11-26,2.88,-0.017065,475584.03,138526.068
000403,2025-11-26,15.05,-0.0046300000000000004,65503.71,98946.604
000404,2025-11-26,6.79,-0.001471,61297.77,41754.874
000407,2025-11-26,5.15,0.061856,1865196.49,952767.587
000408,2025-11-26,58.88,-0.008253,112047.19,666308.942
000409,2025-11-26,12.26,-0.040689,371523.66,459784.484
000410,2025-11-26,7.46,-0.018421,255208.66,191957.986
000411,2025-11-26,12.36,0.099644,143279.05,172023.839
000415,2025-11-26,3.55,0.014286,674595.77,239284.631
000417,2025-11-26,6.76,0.0014810000000000001,437488.0,295122.851
000419,2025-11-26,6.33,0.009569,72564.0,45987.105
000420,2025-11-26,3.9,0.002571,303574.33,118590.979
000421,2025-11-26,7.08,-0.008403,161650.0,116016.119
000422,2025-11-26,14.48,-0.017639000000000002,388454.76,568000.937
000423,2025-11-26,47.32,-0.006717,53717.89,255287.857
000425,2025-11-26,10.53,0.022330000000000003,1018969.76,1078532.737
000426,2025-11-26,31.89,0.016901,504528.12,1615961.673
000428,2025-11-26,3.39,-0.011661999999999999,180757.0,61907.906
000429,2025-11-26,12.18,0.0024690000000000003,90584.68,110778.008
000430,2025-11-26,8.19,0.003676,84814.49,68688.104
000488,2025-11-26,2.08,-0.004785,110370.0,23028.626
000498,2025-11-26,5.97,-0.003339,108564.0,65007.16
000501,2025-11-26,9.6,0.024546000000000002,142412.3,135745.838
000503,2025-11-26,10.01,-0.013793,134419.6,135384.69
000504,2025-11-26,9.31,-0.002144,17144.0,16109.429
000505,2025-11-26,8.12,-0.099778,915190.15,773751.836
000506,2025-11-26,12.07,0.010888,220302.91,266385.509
000507,2025-11-26,5.3,-0.001883,87341.42,46467.668
000509,2025-11-26,4.03,0.10109299999999999,296454.65,116329.022
000510,2025-11-26,7.72,0.09971500000000001,210198.86,162271.553
000513,2025-11-26,36.13,0.008373,48315.41,174989.755
000514,2025-11-26,5.27,-0.013108999999999999,239438.0,127442.351
000516,2025-11-26,4.71,0.004264,159660.19,75844.506
000517,2025-11-26,2.04,-0.009709,352424.0,72801.182
000518,2025-11-26,2.58,0.011765000000000001,67993.92,17506.715
000519,2025-11-26,18.54,-0.036883,603039.46,1125359.088
000520,2025-11-26,4.48,0.006742000000000001,365849.44,166663.881
000521,2025-11-26,6.74,-0.004431,56557.18,38274.928
000523,2025-11-26,3.55,0.09907099999999999,1244556.83,436987.063
000524,2025-11-26,11.95,-0.001671,62221.0,74537.345
000525,2025-11-26,5.8,-0.01528,83106.77,48754.562
000526,2025-11-26,37.43,-0.006371,15451.0,57971.32
000528,2025-11-26,12.04,0.06737599999999999,1239462.88,1486008.391
000529,2025-11-26,6.25,0.014610000000000001,273842.42,172459.511
000530,2025-11-26,6.1,-0.011345000000000001,185374.3,113892.4
000531,2025-11-26,6.52,-0.006098,59555.2,39076.337
000532,2025-11-26,14.1,0.002132,63247.0,90171.501
000533,2025-11-26,7.89,-0.017435,359864.95,285662.143
000534,2025-11-26,19.68,-0.051109,220280.08,439553.669
000536,2025-11-26,5.71,0.030686,4613219.55,2659622.516
000537,2025-11-26,8.32,-0.005974,96271.69,80484.262
000538,2025-11-26,55.98,0.0025069999999999997,57181.5,320507.226
000539,2025-11-26,4.55,0.0,188393.67,86038.348
000541,2025-11-26,6.11,-0.008117,99576.3,60978.054
000543,2025-11-26,7.85,0.007702,252808.15,198742.669
000544,2025-11-26,8.42,0.001189,62376.5,52698.193
000545,2025-11-26,2.85,-0.013841000000000001,374165.8,108532.625
000546,2025-11-26,6.01,-0.008251,1259437.41,770425.825
000547,2025-11-26,12.69,-0.1,4955873.25,6514400.444
000548,2025-11-26,5.86,-0.011803999999999999,107393.0,63217.823
000550,2025-11-26,18.66,-0.012698000000000001,19771.12,37217.888
000551,2025-11-26,10.59,-0.013966000000000001,42510.65,45401.782
000552,2025-11-26,2.47,-0.004032,390886.05,97208.246
000553,2025-11-26,6.18,-0.011200000000000002,63837.0,39816.685
000554,2025-11-26,6.56,-0.012048000000000001,156614.98,103751.67
000555,2025-11-26,17.54,-0.023929,474576.51,840795.285
000557,2025-11-26,4.99,-0.005976,113962.8,57048.951
000558,2025-11-26,5.8,-0.01528,1537917.5,899662.59
000559,2025-11-26,12.0,0.017811999999999998,1405375.35,1680289.858
000560,2025-11-26,3.07,-0.034591,2745898.54,856687.611
000561,2025-11-26,10.6,-0.031079,166445.0,178192.707
000563,2025-11-26,3.4,-0.017341,491419.88,168906.026
000564,2025-11-26,2.61,0.027559,4177624.78,1077087.995
000565,2025-11-26,7.26,-0.01626,96739.95,71008.082
000566,2025-11-26,8.7,0.035714,3547780.66,3189761.985
000567,2025-11-26,7.69,0.022606,552442.2,429535.069
000568,2025-11-26,134.93,0.010031000000000002,61719.39,830061.482
000570,2025-11-26,6.1,0.0016420000000000002,161029.91,97936.99
000571,2025-11-26,5.46,0.0055249999999999995,336281.28,189257.325
000572,2025-11-26,8.77,-0.022296999999999997,2926094.5,2660420.137
000573,2025-11-26,4.28,-0.004651,128031.99,55457.4
000576,2025-11-26,10.11,-0.031609,94089.85,96013.686
000581,2025-11-26,20.14,0.003988,60807.0,122541.538
000582,2025-11-26,8.74,-0.001143,126247.18,110941.666
000586,2025-11-26,13.06,-0.02099,73834.01,97533.259
000589,2025-11-26,4.88,-0.00813,212180.45,104128.471
000590,2025-11-26,11.45,-0.012931,35890.01,41740.392
000591,2025-11-26,4.45,-0.0044740000000000005,329723.66,147409.794
000592,2025-11-26,9.34,-0.059416000000000004,4810452.05,4665780.911
000593,2025-11-26,11.09,0.017431000000000002,349944.49,386974.836
000595,2025-11-26,5.59,-0.003565,78101.04,43678.297
000596,2025-11-26,164.15,-0.015769,23629.13,387723.444
000597,2025-11-26,5.61,0.007181,188641.07,106883.651
000598,2025-11-26,6.88,-0.002899,164320.42,113691.579
000599,2025-11-26,6.43,0.004688,272198.42,176428.238
000600,2025-11-26,8.08,0.004975,173813.68,140658.782
000601,2025-11-26,4.95,0.0020239999999999998,105711.5,52483.317
000603,2025-11-26,24.12,0.027694999999999997,280604.66,678830.815
000605,2025-11-26,7.07,-0.01532,57499.0,41132.466
000607,2025-11-26,4.67,-0.006383,286408.0,134221.083
000608,2025-11-26,2.63,0.023346,183599.0,47494.287
000609,2025-11-26,13.31,0.049685,5920.02,7879.547
000610,2025-11-26,12.22,-0.009724,53272.0,65432.007
000612,2025-11-26,9.46,-0.011493999999999999,245995.52,234348.19
000615,2025-11-26,4.22,0.024272000000000002,172418.02,73154.199
000617,2025-11-26,9.12,-0.005453,456377.43,418140.788
000619,2025-11-26,6.37,-0.00313,136142.0,87554.87
000620,2025-11-26,3.25,0.0,5286833.84,1742171.705
000623,2025-11-26,19.02,-0.002099,113617.79,217323.174
000625,2025-11-26,11.8,-0.009236,461277.85,546073.414
000626,2025-11-26,7.94,-0.009975000000000001,83191.0,66518.118
000628,2025-11-26,43.95,-0.0074529999999999996,50962.84,225283.78
000629,2025-11-26,2.99,-0.009934,810177.47,244190.422
000630,2025-11-26,5.04,0.01002,2117560.28,1074265.64
000631,2025-11-26,3.29,-0.01791,249504.35,82835.278
000632,2025-11-26,6.19,0.058120000000000005,1652222.79,982024.221
000633,2025-11-26,8.09,-0.033453,564970.97,463618.167
000635,2025-11-26,8.79,-0.00453,74682.0,66171.999
000636,2025-11-26,15.82,-0.025862,249745.0,399019.435
000637,2025-11-26,4.57,-0.002183,123170.0,56746.959
000638,2025-11-26,6.26,-0.007924,316604.04,202945.008
000639,2025-11-26,3.25,0.009316999999999999,470597.8,153814.119
000650,2025-11-26,6.0,0.011803999999999999,240641.97,145124.158
000651,2025-11-26,40.33,0.006489,319654.63,1285253.244
000652,2025-11-26,4.59,0.10071899999999999,828791.21,375937.365
000655,2025-11-26,9.07,-0.01413,62664.0,57254.47
000656,2025-11-26,1.44,-0.0068969999999999995,530579.06,76743.627
000657,2025-11-26,22.03,0.000909,506718.7,1121807.768
000659,2025-11-26,2.76,0.003636,193832.1,53739.819
000661,2025-11-26,99.56,0.001005,48930.07,490092.246
000663,2025-11-26,8.99,-0.1001,659236.66,610659.333
000665,2025-11-26,5.93,-0.016584,316589.14,189257.201
000668,2025-11-26,11.96,0.034602,49542.0,59634.759
000669,2025-11-26,2.93,-0.023333,60088.59,17800.094
000670,2025-11-26,7.65,0.018642000000000002,216477.35,164708.659
000672,2025-11-26,10.41,0.011661999999999999,142795.87,149883.318
000676,2025-11-26,9.51,0.0,843041.27,810260.671
000677,2025-11-26,4.37,-0.017978,119372.75,52755.035
000678,2025-11-26,13.74,-0.009373,777948.41,1076376.275
000679,2025-11-26,8.47,0.025424000000000002,65323.0,55041.938
000680,2025-11-26,10.56,0.030244,381866.12,407186.523
000681,2025-11-26,24.32,-0.039494,1247504.33,3073158.424
000682,2025-11-26,11.55,-0.015345,123601.43,143898.574
000683,2025-11-26,6.91,-0.011445,326497.72,227201.113
000685,2025-11-26,12.06,-0.010664,236368.8,286305.21
000686,2025-11-26,9.03,-0.006601,471772.3,427101.329
000688,2025-11-26,25.11,-0.014134,454417.14,1173447.225
000690,2025-11-26,4.39,0.004577,342742.59,150183.075
000691,2025-11-26,9.02,0.050058,63472.5,56896.855
000692,2025-11-26,3.69,-0.013368999999999999,130056.0,48475.545
000695,2025-11-26,16.97,0.006523999999999999,506274.03,848122.491
000697,2025-11-26,8.52,0.0011749999999999998,73348.1,62578.656
000698,2025-11-26,3.75,-0.005305,64805.5,24390.475
000700,2025-11-26,10.28,0.03629,690575.2,705540.595
000701,2025-11-26,7.38,0.023578,1767920.23,1318722.629
000702,2025-11-26,7.03,-0.023611,82387.0,58769.067
000703,2025-11-26,6.81,-0.020144000000000002,153321.43,105717.041
000705,2025-11-26,9.59,0.007352999999999999,101114.0,97783.941
000707,2025-11-26,6.31,0.0,87486.0,55412.054
000708,2025-11-26,14.88,0.01087,179959.16,266993.602
000709,2025-11-26,2.3,-0.008621,868193.44,200657.155
000710,2025-11-26,12.18,-0.004088,133243.0,164730.557
000711,2025-11-26,1.74,0.0,207913.78,36220.227
000712,2025-11-26,12.97,-0.018911,149449.42,195586.25
000713,2025-11-26,6.87,-0.008658,149126.61,102966.196
000715,2025-11-26,6.5,0.06557400000000001,169531.18,105721.471
000716,2025-11-26,6.16,0.016502,258422.68,158320.566
000717,2025-11-26,2.57,-0.003876,291287.55,75491.251
000718,2025-11-26,2.48,0.004049,549718.51,137744.287
000719,2025-11-26,12.08,-0.015485,64741.39,78613.974
000720,2025-11-26,3.44,0.005848,187028.0,64969.953
000721,2025-11-26,8.78,-0.002273,148150.0,130395.711
000722,2025-11-26,12.34,-0.018298000000000002,73214.01,91330.503
000723,2025-11-26,5.06,0.014028,1678311.0,861754.969
000725,2025-11-26,3.86,0.002597,2765761.3,1068537.512
000726,2025-11-26,7.02,0.007174000000000001,73024.35,51485.878
000727,2025-11-26,2.65,0.0,744801.7,199828.594
000728,2025-11-26,8.17,-0.0048720000000000005,176529.33,144935.978
000729,2025-11-26,12.0,0.005024999999999999,130988.05,157945.713
000731,2025-11-26,6.68,-0.001495,68488.02,45953.12
000733,2025-11-26,46.9,-0.013876999999999999,107944.32,507999.877
000735,2025-11-26,8.97,0.038194,1499489.54,1351803.823
000736,2025-11-26,5.92,-0.027915000000000002,188027.02,112556.691
000737,2025-11-26,14.02,0.018154999999999998,574124.83,808210.466
000738,2025-11-26,18.82,-0.029397000000000003,157656.37,299456.794
000739,2025-11-26,16.09,-0.001241,112051.27,181013.462
000750,2025-11-26,4.21,-0.0047279999999999996,345342.33,145973.887
000751,2025-11-26,3.89,-0.01269,531276.78,209940.291
000752,2025-11-26,11.94,0.019641,45534.02,53973.249
000753,2025-11-26,8.0,-0.01599,407671.11,329868.769
000755,2025-11-26,5.31,-0.005618,74211.55,39772.648
000756,2025-11-26,18.15,0.05769199999999999,877886.25,1594861.562
000757,2025-11-26,5.02,-0.001988,112540.96,57086.582
000758,2025-11-26,5.92,-0.013333,219731.11,131166.378
000759,2025-11-26,7.83,0.072603,943161.26,717513.064
000761,2025-11-26,3.32,-0.008955,111371.59,37209.316
000762,2025-11-26,26.88,0.001117,297064.45,807570.714
000766,2025-11-26,27.54,0.015112,137285.49,377810.405
000767,2025-11-26,2.8,0.0,317349.31,89300.909
000768,2025-11-26,24.34,-0.019339,213280.88,520770.354
000776,2025-11-26,21.09,0.005243,436173.21,923282.042
000777,2025-11-26,20.21,-0.017979000000000002,114902.42,233758.076
000778,2025-11-26,3.93,-0.007576,381667.5,151124.141
000779,2025-11-26,8.79,0.005721,40690.0,35911.777
000782,2025-11-26,5.19,0.003868,119944.0,62657.039
000783,2025-11-26,7.86,-0.0025380000000000003,620434.27,490078.404
000785,2025-11-26,3.11,0.09894,1934168.62,584737.093
000786,2025-11-26,24.59,-0.012846,152380.18,375987.921
000788,2025-11-26,7.3,0.099398,906825.6,655370.702
000789,2025-11-26,5.51,-0.0036170000000000004,46015.24,25526.647
000790,2025-11-26,4.2,0.0,197256.71,83838.472
000791,2025-11-26,6.52,0.0015359999999999998,112124.26,73051.553
000792,2025-11-26,26.49,0.013389,1194030.4,3183707.05
000793,2025-11-26,2.91,-0.016892,153191.0,45170.462
000795,2025-11-26,9.97,-0.006972000000000001,83009.18,82915.413
000796,2025-11-26,6.82,-0.017291,1195786.75,835569.755
000797,2025-11-26,3.44,-0.067751,2164033.42,763197.104
000798,2025-11-26,13.45,-0.099732,361695.0,486927.851
000799,2025-11-26,58.29,0.002235,64510.26,375312.022
000800,2025-11-26,7.06,-0.011204,193593.0,137540.235
000801,2025-11-26,15.4,-0.012186999999999998,167711.24,258532.161
000802,2025-11-26,4.64,-0.006424,154003.04,71776.811
000803,2025-11-26,6.81,-0.022955999999999997,137658.0,94808.496
000807,2025-11-26,23.95,0.017417000000000002,667134.13,1619832.332
000809,2025-11-26,3.32,-0.014837,206706.84,69163.64
000810,2025-11-26,11.9,-0.004184,143738.14,171866.548
000811,2025-11-26,13.45,-0.0029649999999999998,125414.08,170013.521
000812,2025-11-26,4.7,-0.004237,145105.19,69005.644
000813,2025-11-26,4.15,-0.002404,511838.5,216127.465
000815,2025-11-26,11.98,-0.022040999999999998,105993.88,128579.349
000816,2025-11-26,3.51,-0.016807000000000002,494853.96,175881.227
000818,2025-11-26,20.19,-0.026519,122271.31,249911.373
000819,2025-11-26,17.31,-0.010857,64159.61,111768.901
000820,2025-11-26,3.35,0.0,249926.37,85522.185
000821,2025-11-26,12.57,-0.028593999999999998,167803.69,213170.102
000822,2025-11-26,5.41,-0.007339,128254.26,69926.15
000823,2025-11-26,12.07,-0.0016539999999999999,94542.82,114477.52
000825,2025-11-26,3.95,-0.007538,287831.5,114417.948
000826,2025-11-26,2.3,0.004366999999999999,578079.65,134589.404
000828,2025-11-26,11.15,-0.001791,40135.29,45019.065
000829,2025-11-26,10.35,-0.012405,152116.0,158199.138
000830,2025-11-26,14.23,-0.019296999999999998,241315.68,345885.373
000831,2025-11-26,46.38,-0.015913,217048.68,1010078.115
000833,2025-11-26,19.7,-0.015,379344.0,751507.169
000837,2025-11-26,12.16,-0.004095,111956.0,136688.91
000838,2025-11-26,3.43,-0.049861,1325192.06,461145.844
000839,2025-11-26,2.8,-0.007092,414815.08,116966.666
000848,2025-11-26,8.49,-0.001176,79355.67,67472.952
000850,2025-11-26,4.54,-0.002198,93413.21,42732.327
000852,2025-11-26,7.04,0.002849,188839.26,133542.808
000856,2025-11-26,10.91,-0.031083,63558.0,70083.613
000858,2025-11-26,118.26,-0.00211,91697.59,1085069.921
000859,2025-11-26,9.41,0.032931,3141263.74,2961302.413
000860,2025-11-26,15.28,-0.001307,48690.23,74482.413
000862,2025-11-26,5.6,-0.010601000000000001,103817.55,58623.381
000863,2025-11-26,5.0,-0.034749,447285.02,227393.115
000868,2025-11-26,5.1,-0.026718000000000002,180503.38,92809.765
000869,2025-11-26,20.95,-0.004751,10951.01,23033.213
000875,2025-11-26,5.58,0.012704,399663.52,223112.969
000876,2025-11-26,9.41,-0.004233,137190.0,129490.352
000877,2025-11-26,5.82,0.008666,175817.07,102735.685
000878,2025-11-26,16.33,0.000613,367724.19,603741.552
000880,2025-11-26,26.62,0.0007520000000000001,84531.76,225876.408
000881,2025-11-26,8.41,-0.023229000000000003,524945.63,444111.318
000882,2025-11-26,2.05,0.035354000000000003,1970303.6,399633.282
000883,2025-11-26,4.6,-0.002169,143207.0,66092.964
000885,2025-11-26,13.75,-0.001452,27325.54,37722.275
000886,2025-11-26,7.42,-0.0053620000000000004,559679.53,423245.099
000887,2025-11-26,20.9,0.002398,224152.11,469501.7
000888,2025-11-26,12.87,-0.022778999999999997,110728.0,143762.615
000889,2025-11-26,3.87,0.0,187699.4,73146.295
000890,2025-11-26,4.36,-0.020225,91522.0,40538.478
000892,2025-11-26,9.75,0.100451,2656834.56,2444477.354
000893,2025-11-26,42.32,0.019513,117948.76,506400.672
000895,2025-11-26,26.93,-0.009926,108161.34,291814.06
000897,2025-11-26,2.45,0.025105,759047.47,186552.594
000898,2025-11-26,2.52,-0.011765000000000001,357947.01,90999.135
000899,2025-11-26,9.75,0.0030859999999999998,92013.0,90142.849
000900,2025-11-26,4.23,-0.004706,117441.93,50165.126
000901,2025-11-26,18.19,-0.040612,501184.17,922309.587
000902,2025-11-26,15.36,-0.010308999999999999,140689.0,216527.139
000903,2025-11-26,2.9,0.0,210655.6,61339.573
000905,2025-11-26,10.44,-0.014164000000000001,256661.39,269582.758
000906,2025-11-26,5.93,-0.008361,56164.26,33479.891
000908,2025-11-26,9.12,0.0,227201.0,206945.688
000909,2025-11-26,5.79,0.0,12982.0,7515.96
000910,2025-11-26,7.45,-0.01455,36793.0,27639.555
000911,2025-11-26,7.96,-0.008717,88469.21,70965.038
000912,2025-11-26,4.39,0.009195,143618.78,62957.643
000913,2025-11-26,15.28,-0.000654,22557.48,34508.134
000915,2025-11-26,34.49,-0.00029,22953.82,79459.075
000917,2025-11-26,8.55,-0.0069689999999999995,353536.02,303411.577
000919,2025-11-26,7.19,0.005594,101659.0,73536.301
000920,2025-11-26,12.22,-0.016103,56567.0,69486.125
000921,2025-11-26,26.53,0.008745000000000001,66482.43,175259.909
000922,2025-11-26,12.32,-0.00885,119495.81,147826.186
000923,2025-11-26,17.48,-0.0056879999999999995,64637.0,113691.778
000925,2025-11-26,8.32,-0.018868,214958.4,179996.057
000926,2025-11-26,2.55,0.0,454490.62,116473.591
000927,2025-11-26,2.61,0.003846,668514.0,174775.8
000928,2025-11-26,6.65,0.023077,843017.15,564474.057
000929,2025-11-26,8.39,-0.011779,14139.0,11920.256
000930,2025-11-26,5.82,-0.010204,145263.61,85185.052
000931,2025-11-26,5.18,0.005825,89727.1,46881.622
000932,2025-11-26,5.62,-0.015762,680412.57,386061.674
000933,2025-11-26,23.94,-0.015220000000000001,375351.93,905989.333
000935,2025-11-26,22.79,-0.033913,224617.82,517249.062
000936,2025-11-26,7.16,0.0,148002.11,106789.307
000937,2025-11-26,5.86,0.0,135703.44,79622.03
000938,2025-11-26,24.98,0.011335999999999999,497228.16,1245190.183
000948,2025-11-26,17.56,-0.015695,47948.44,85208.375
000949,2025-11-26,4.45,-0.015486999999999999,551749.21,246829.491
000950,2025-11-26,5.29,0.017308,377251.35,200718.83
000951,2025-11-26,16.56,-0.001808,102911.23,170412.841
000952,2025-11-26,9.47,0.099884,415669.72,393639.225
000953,2025-11-26,7.96,-0.018496,369502.0,296929.594
000955,2025-11-26,7.07,-0.030177999999999996,705462.59,512826.413
000957,2025-11-26,10.77,-0.002778,84476.0,91412.791
000958,2025-11-26,6.9,0.026785999999999997,872067.94,600213.209
000959,2025-11-26,4.1,-0.016787,454088.88,188192.9
000960,2025-11-26,23.08,-0.021619000000000003,312853.42,728761.996
000962,2025-11-26,26.83,0.015134000000000002,144702.51,387392.168
000963,2025-11-26,41.45,0.011715999999999999,56261.31,233672.397
000965,2025-11-26,4.21,-0.009412,312802.27,132783.312
000966,2025-11-26,4.25,-0.002347,145831.0,62154.333
000967,2025-11-26,6.37,0.007911,133879.31,85465.904
000968,2025-11-26,6.83,-0.008708,120808.69,82969.682
000969,2025-11-26,18.16,-0.018909,476767.36,867401.102
000970,2025-11-26,12.54,-0.007126,90319.13,113763.692
000972,2025-11-26,3.87,0.002591,81031.6,31297.996
000973,2025-11-26,12.6,-0.046898999999999996,1198105.38,1524674.298
000975,2025-11-26,20.67,0.001453,216003.22,447145.068
000977,2025-11-26,63.56,0.057394999999999995,995398.62,6266293.498
000978,2025-11-26,6.63,-0.017778000000000002,81080.0,54390.576
000980,2025-11-26,3.5,0.002865,956696.7,332206.699
000981,2025-11-26,3.3,0.006098,3459566.58,1143061.142
000983,2025-11-26,6.72,-0.004444,244329.67,164010.155
000985,2025-11-26,19.09,-0.023529,28304.0,54596.947
000987,2025-11-26,7.25,0.008345,287485.49,209746.26
000988,2025-11-26,72.4,0.023032,590681.84,4289590.017
000989,2025-11-26,9.47,-0.003158,84059.18,80292.479
000990,2025-11-26,7.45,0.0,88855.5,66465.578
000993,2025-11-26,11.62,-0.016088,186593.99,219551.986
000995,2025-11-26,12.63,-0.007855,35181.0,44762.054
000997,2025-11-26,26.15,-0.012461999999999999,94263.03,248308.904
000998,2025-11-26,9.68,-0.005139,176544.79,171291.436
000999,2025-11-26,28.59,-0.001048,95948.2,275584.996
001201,2025-11-26,15.21,-0.003277,22099.6,33752.235
001202,2025-11-26,15.18,-0.009138,22457.5,34383.09
001203,2025-11-26,28.64,-0.017833,723700.44,2111317.981
001205,2025-11-26,17.3,0.010513999999999999,42349.29,73857.564
001206,2025-11-26,30.9,0.0,46943.32,145504.478
001207,2025-11-26,22.29,-0.01153,20347.38,45573.734
001208,2025-11-26,11.16,-0.029565,119915.0,134933.697
001209,2025-11-26,20.6,-0.014825,38469.2,80129.573
001210,2025-11-26,16.49,-0.019036,18574.04,30960.251
001211,2025-11-26,26.0,-0.013283,16122.99,42348.5
001212,2025-11-26,43.0,0.011051,35166.58,151476.811
001213,2025-11-26,4.08,-0.002445,117572.09,48159.701
001215,2025-11-26,36.7,0.012972999999999998,18936.0,69275.322
001216,2025-11-26,16.73,-0.079758,299044.49,509036.442
001217,2025-11-26,13.95,-0.023109,83381.0,117332.814
001218,2025-11-26,22.25,-0.015486999999999999,14058.2,31724.553
001219,2025-11-26,14.81,0.024912999999999998,65344.25,96790.297
001221,2025-11-26,59.07,0.016695,19029.12,112161.263
001222,2025-11-26,25.11,0.012908,62066.18,155036.74
001223,2025-11-26,51.95,-0.032588,9472.2,49769.955
001225,2025-11-26,53.21,-0.021695000000000002,10050.74,54012.668
001226,2025-11-26,39.42,-0.011535,18231.0,72931.177
001227,2025-11-26,2.37,0.0,475353.0,112584.511
001228,2025-11-26,26.54,-0.017401,19375.1,51983.546
001229,2025-11-26,39.3,-0.062724,61891.0,248199.286
001230,2025-11-26,21.88,-0.013081,11063.4,24574.952
001231,2025-11-26,22.44,-0.021796000000000003,32560.58,74114.647
001233,2025-11-26,80.0,-0.042145999999999996,201958.11,1560274.975
001234,2025-11-26,29.48,-0.060847,63761.0,192665.018
001236,2025-11-26,10.1,-0.008832,65279.0,66312.222
001238,2025-11-26,50.02,0.0006,4220.0,21170.636
001239,2025-11-26,15.76,-0.01315,20874.0,33311.462
001255,2025-11-26,30.31,-0.018776,13362.0,41041.213
001256,2025-11-26,21.33,-0.008368,8375.0,17996.077
001258,2025-11-26,7.53,-0.007905,89588.0,67974.41
001259,2025-11-26,29.67,-0.01363,8157.0,24321.562
001260,2025-11-26,20.0,-0.027237,47021.67,94949.044
001266,2025-11-26,33.32,-0.043353,68692.52,230772.2
001267,2025-11-26,18.48,0.022124,675424.9,1237901.581
001268,2025-11-26,34.49,-0.014853,41588.0,145772.799
001269,2025-11-26,25.69,-0.0050349999999999995,20273.0,52501.64
001270,2025-11-26,42.8,-0.014505999999999998,29772.28,129343.805
001277,2025-11-26,37.88,-0.015337,14013.82,53565.285
001278,2025-11-26,18.54,-0.010144,39947.0,75679.104
001279,2025-11-26,35.57,-0.012493,7365.89,26355.706
001282,2025-11-26,20.52,-0.008217,32179.86,66686.963
001283,2025-11-26,66.04,-0.0177,19405.0,129090.168
001285,2025-11-26,49.65,-0.000604,13206.71,65654.107
001286,2025-11-26,9.7,-0.005128000000000001,100514.63,97881.507
001287,2025-11-26,21.89,-0.017945,184175.95,406072.737
001288,2025-11-26,30.4,-0.019986999999999998,35457.52,109322.406
001289,2025-11-26,16.21,0.002474,38161.12,61953.668
001296,2025-11-26,28.1,-0.089731,340979.92,1032310.088
001298,2025-11-26,30.4,-0.019355,93746.52,287223.475
001299,2025-11-26,12.86,-0.010768999999999999,347399.18,482247.193
001300,2025-11-26,15.34,-0.002601,51515.0,80169.932
001301,2025-11-26,83.86,-0.016305,68701.3,574239.847
001306,2025-11-26,82.35,-0.007951,7115.22,58909.683
001308,2025-11-26,21.62,-0.005977,12776.97,27787.375
001309,2025-11-26,217.35,-0.016783,135117.13,2939826.226
001311,2025-11-26,25.23,0.020631,49376.47,123548.201
001313,2025-11-26,7.92,0.047618999999999995,211083.0,166214.764
001314,2025-11-26,45.45,0.0,17462.0,79817.903
001316,2025-11-26,33.6,-0.023256000000000002,10867.0,36836.561
001317,2025-11-26,41.28,-0.00602,20622.31,85816.046
001318,2025-11-26,14.32,0.005618,34620.0,49729.796
001319,2025-11-26,25.5,0.0047279999999999996,24483.0,62751.049
001322,2025-11-26,8.78,0.013857,58516.4,51448.843
001323,2025-11-26,26.71,-0.016568,13434.95,36179.207
001324,2025-11-26,18.79,-0.010532,19577.23,37006.339
001326,2025-11-26,44.22,-0.009852,15732.33,71104.319
001328,2025-11-26,35.24,-0.01975,8669.0,30829.642
001330,2025-11-26,6.95,0.0,586440.19,410272.608
001331,2025-11-26,13.51,0.0059570000000000005,52514.46,71470.915
001332,2025-11-26,51.71,-0.007295,11658.53,60704.839
001333,2025-11-26,22.82,-0.005664,12072.92,27909.842
001335,2025-11-26,38.63,-0.052257,51997.94,211653.841
001336,2025-11-26,24.88,0.0,16096.0,40456.228
001337,2025-11-26,27.08,-0.007331,75994.06,206957.484
001338,2025-11-26,11.67,-0.0025640000000000003,43916.0,51564.65
001339,2025-11-26,53.51,0.010576,43863.0,235502.713
001356,2025-11-26,13.45,-0.008843,22439.0,30356.829
001358,2025-11-26,26.59,-0.007095000000000001,8316.46,22320.245
001359,2025-11-26,55.12,-0.017819,29188.47,162206.559
001360,2025-11-26,15.91,-0.028694,43424.0,69906.564
001366,2025-11-26,13.88,-0.022535,54147.22,75290.853
001367,2025-11-26,22.83,-0.0008749999999999999,10950.51,25129.4
001368,2025-11-26,26.12,-0.020621999999999998,21806.0,57694.811
001373,2025-11-26,31.35,-0.021230000000000002,12521.0,39859.81
001376,2025-11-26,12.65,-0.012490000000000001,58840.21,75138.271
001378,2025-11-26,22.41,-0.005326,9682.36,21820.211
001379,2025-11-26,21.46,-0.004638,46148.12,100521.31
001380,2025-11-26,24.06,-0.014338,36616.03,88638.506
001382,2025-11-26,20.09,-0.010832,22225.69,44898.17
001386,2025-11-26,22.58,-0.00878,66405.78,150888.776
001387,2025-11-26,15.02,0.100366,147853.02,221107.6
001388,2025-11-26,42.48,-0.017349,6329.43,27133.665
001389,2025-11-26,68.59,0.006752,52718.82,362595.045
001390,2025-11-26,29.47,0.026829000000000002,137888.87,401220.748
001391,2025-11-26,6.28,-0.006329,120498.83,75956.787
001395,2025-11-26,43.8,-0.013736,5488.0,24294.984
001400,2025-11-26,59.95,-0.006463,3604.0,21602.333
001696,2025-11-26,21.76,0.013507,149545.01,324744.29
001872,2025-11-26,19.73,0.007661,26750.22,52736.556
001896,2025-11-26,5.46,-0.007272999999999999,140541.0,77105.364
001914,2025-11-26,11.16,-0.015872999999999998,75344.3,84688.187
001965,2025-11-26,10.11,-0.002959,159613.73,162699.368
001979,2025-11-26,9.44,-0.017689999999999997,435447.34,411920.427
002001,2025-11-26,23.94,-0.004574,133300.84,320452.74
002003,2025-11-26,10.82,-0.007339,151161.26,164695.621
002004,2025-11-26,4.79,-0.002083,257024.0,124460.608
002005,2025-11-26,2.82,0.0,118681.0,33630.953
002006,2025-11-26,19.93,0.0,136779.68,272470.321
002007,2025-11-26,15.6,-0.0006410000000000001,181970.23,286437.083
002008,2025-11-26,36.6,0.008264,238743.62,877654.387
002009,2025-11-26,16.26,-0.007932,129034.51,213294.234
002010,2025-11-26,5.71,-0.013817,217226.16,125412.595
002011,2025-11-26,12.53,-0.003975,96092.07,120885.806
002012,2025-11-26,6.06,-0.0304,371714.02,230478.539
002014,2025-11-26,11.24,-0.014034999999999999,37957.53,42918.81
002015,2025-11-26,9.96,-0.003003,112789.91,112765.23
002016,2025-11-26,6.17,-0.006441,78353.98,48721.601
002017,2025-11-26,21.37,-0.008353000000000001,104360.98,224373.588
002019,2025-11-26,12.25,-0.0016300000000000002,89129.78,110296.008
002020,2025-11-26,21.1,0.00716,152500.44,323157.599
002021,2025-11-26,2.6,0.0,284372.55,74703.361
002022,2025-11-26,6.69,-0.008889000000000001,64276.0,43619.655
002023,2025-11-26,11.65,-0.021008,142866.03,167679.149
002024,2025-11-26,1.72,0.0,232759.71,40032.927
002025,2025-11-26,41.18,-0.032425,91242.38,381097.826
002026,2025-11-26,13.66,-0.020086,95266.53,131777.224
002027,2025-11-26,7.29,-0.014865,1647662.92,1197506.898
002028,2025-11-26,141.0,-0.018789,101398.27,1440126.018
002029,2025-11-26,10.76,0.100204,494611.13,510821.293
002030,2025-11-26,6.63,-0.0015060000000000002,204241.84,137166.286
002031,2025-11-26,7.22,-0.002762,359227.5,260753.922
002032,2025-11-26,50.17,0.0013969999999999998,10504.42,52581.546
002033,2025-11-26,8.84,-0.012291000000000002,91027.5,81027.67
002034,2025-11-26,16.52,0.00609,33982.16,56339.868
002035,2025-11-26,6.21,-0.00321,58333.89,36368.793
002036,2025-11-26,9.99,0.001002,296187.43,298648.684
002037,2025-11-26,9.66,-0.006173,54589.0,53184.148
002038,2025-11-26,7.97,0.011420999999999999,568652.0,457522.325
002039,2025-11-26,17.72,-0.0005639999999999999,35473.73,63040.799
002040,2025-11-26,10.1,-0.004926,79554.3,80627.528
002041,2025-11-26,9.55,-0.015464,134181.05,129081.898
002042,2025-11-26,4.43,-0.004494000000000001,123930.0,55155.047
002043,2025-11-26,13.84,0.002899,84393.5,116322.662
002044,2025-11-26,5.37,-0.009225,1064813.59,581604.228
002045,2025-11-26,14.54,0.012535000000000001,237751.09,348814.554
002046,2025-11-26,31.45,-0.010072000000000001,266852.09,842176.945
002047,2025-11-26,3.62,0.005556,458939.71,161165.816
002048,2025-11-26,27.83,0.008699,163172.95,455852.494
002049,2025-11-26,75.5,0.006398,175464.41,1329574.245
002050,2025-11-26,43.19,0.024188,2064341.65,8854635.476
002051,2025-11-26,8.94,0.010169,479417.62,433576.911
002052,2025-11-26,12.82,0.026421,287871.0,373460.437
002053,2025-11-26,11.75,-0.014261999999999999,79453.28,94663.444
002054,2025-11-26,7.61,-0.005229,125580.0,96150.61
002055,2025-11-26,6.93,-0.012821,137806.0,96379.311
002056,2025-11-26,18.69,-0.008488,182341.71,342856.893
002057,2025-11-26,9.9,-0.010989,103208.16,102883.018
002058,2025-11-26,22.31,-0.019772,16506.0,37238.596
002059,2025-11-26,5.89,-0.019967,605971.0,359985.094
002060,2025-11-26,3.84,0.021277,519782.97,200447.611
002061,2025-11-26,4.06,0.0049499999999999995,162470.31,66062.802
002062,2025-11-26,9.7,0.012525999999999999,466329.7,457962.957
002063,2025-11-26,6.32,-0.017107,354629.18,226637.45
002064,2025-11-26,9.14,-0.0032719999999999997,237773.99,218270.613
002065,2025-11-26,10.38,-0.018904,1154128.38,1209491.943
002066,2025-11-26,16.26,-0.0055049999999999995,35336.38,57893.201
002067,2025-11-26,5.51,0.018484,904176.86,498356.029
002068,2025-11-26,9.47,-0.008377,116145.0,110872.893
002069,2025-11-26,4.25,-0.09188,969083.03,419662.232
002072,2025-11-26,7.19,-0.021768999999999997,56347.0,41030.498
002073,2025-11-26,8.39,-0.008274,206166.37,173994.757
002074,2025-11-26,38.34,0.002353,381451.43,1461310.024
002075,2025-11-26,5.88,0.035211,809165.69,477456.681
002076,2025-11-26,2.14,0.0,320433.0,67827.084
002077,2025-11-26,15.63,-0.016981,308897.41,484465.435
002078,2025-11-26,14.47,0.0,110882.97,161542.593
002079,2025-11-26,9.39,-0.010537000000000001,106241.62,100331.1
002080,2025-11-26,33.21,0.017463,643070.63,2131535.231
002081,2025-11-26,3.3,-0.003021,146370.0,48439.548
002082,2025-11-26,13.07,0.006934,75676.0,99006.553
002083,2025-11-26,9.76,0.034995,1613664.75,1563583.955
002084,2025-11-26,4.4,-0.039301,837362.13,376393.094
002085,2025-11-26,15.75,0.007033,291732.46,460980.464
002086,2025-11-26,2.58,-0.037313,1451790.57,378606.468
002088,2025-11-26,11.67,0.0,40209.75,46476.171
002090,2025-11-26,10.85,-0.029517,100539.0,110424.259
002091,2025-11-26,9.01,-0.016375999999999998,236455.45,214630.839
002092,2025-11-26,4.73,0.006383,374679.46,177340.782
002093,2025-11-26,12.28,-0.014446,603487.41,744689.442
002094,2025-11-26,7.39,0.0,89670.88,66373.871
002095,2025-11-26,20.48,-0.0029210000000000004,58939.69,121385.082
002096,2025-11-26,13.28,0.0,37632.01,50077.411
002097,2025-11-26,12.14,0.00165,330532.5,404027.852
002098,2025-11-26,9.84,-0.023809999999999998,435899.02,430398.828
002099,2025-11-26,6.16,-0.011236,120714.0,75199.92
002100,2025-11-26,7.14,-0.017882,238368.25,171442.365
002101,2025-11-26,12.36,-0.002421,55562.0,69378.716
002102,2025-11-26,3.63,0.0,172264.02,62852.85
002103,2025-11-26,9.96,-0.013861000000000002,187068.6,188027.411
002104,2025-11-26,18.51,0.0,225501.96,418044.474
002105,2025-11-26,7.11,-0.0014039999999999999,81824.0,58646.502
002106,2025-11-26,10.44,0.003846,70384.31,73578.291
002107,2025-11-26,6.25,-0.007937,72019.12,45635.742
002108,2025-11-26,4.6,-0.031579,678438.03,314855.521
002109,2025-11-26,3.54,-0.002817,152411.0,54518.536
002110,2025-11-26,4.29,-0.011520999999999998,178968.0,77146.058
002111,2025-11-26,9.65,-0.035,104700.0,102429.536
002112,2025-11-26,13.1,-0.032496,177857.95,235080.514
002114,2025-11-26,9.72,0.09954800000000001,93021.61,90417.005
002115,2025-11-26,10.62,-0.014842,553543.96,595152.548
002116,2025-11-26,10.92,0.003676,135087.0,148600.76
002117,2025-11-26,11.98,-0.017227,108213.0,130988.116
002119,2025-11-26,15.97,-0.00869,122074.6,196296.172
002120,2025-11-26,6.98,-0.009929,177630.72,124768.368
002121,2025-11-26,7.64,-0.010363,249072.74,191002.337
002122,2025-11-26,3.21,-0.006192,312413.01,100535.385
002123,2025-11-26,11.75,-0.018379,137307.69,162966.86
002124,2025-11-26,2.73,-0.00365,203586.0,55675.497
002125,2025-11-26,13.68,-0.019355,236248.61,324348.346
002126,2025-11-26,34.5,0.029543,221395.15,760623.158
002127,2025-11-26,3.65,0.008287,589821.92,215533.899
002128,2025-11-26,26.47,0.003412,92105.01,245027.291
002129,2025-11-26,9.27,0.0,832362.32,777654.725
002130,2025-11-26,24.78,-0.0008060000000000001,331016.35,823752.473
002131,2025-11-26,5.25,-0.020522,4465986.11,2367358.63
002132,2025-11-26,3.65,-0.01084,240107.0,88209.137
002133,2025-11-26,3.38,-0.014577,155494.0,53356.352
002134,2025-11-26,22.03,-0.007658000000000001,60226.0,134492.795
002135,2025-11-26,4.49,-0.011013,74842.02,33965.341
002136,2025-11-26,12.24,-0.021583,113785.0,140801.094
002137,2025-11-26,9.38,-0.003188,260535.0,245290.574
002138,2025-11-26,35.35,0.0,118390.04,421187.71
002139,2025-11-26,12.88,0.003897,116561.57,150165.822
002140,2025-11-26,10.84,-0.010046,56964.57,62357.214
002141,2025-11-26,4.24,0.046914,1008163.3,420035.448
002142,2025-11-26,28.58,-0.007294,186101.08,535647.92
002144,2025-11-26,12.99,-0.015909,54563.0,71607.046
002145,2025-11-26,4.86,-0.012195000000000001,395210.82,193951.132
002146,2025-11-26,1.63,-0.012121,2077999.52,343034.011
002148,2025-11-26,8.86,-0.011161,95173.04,85013.489
002149,2025-11-26,16.65,0.011543000000000001,97459.84,163020.333
002150,2025-11-26,19.21,-0.010813999999999999,205540.11,397001.715
002151,2025-11-26,30.05,-0.016045,106738.54,322697.051
002152,2025-11-26,12.15,-0.017785,187870.79,230519.768
002153,2025-11-26,13.53,0.1,1183801.81,1542456.945
002154,2025-11-26,4.16,0.029703,584554.88,241570.4
002155,2025-11-26,22.2,-0.009371,302645.35,677058.919
002156,2025-11-26,36.13,0.004448,402274.07,1456907.364
002157,2025-11-26,2.94,-0.006757,559725.84,165104.633
002158,2025-11-26,22.05,0.010541,44591.42,98472.07
002159,2025-11-26,15.38,-0.012202999999999999,23174.0,35959.66
002160,2025-11-26,5.1,-0.017341,413550.14,212721.036
002161,2025-11-26,7.33,-0.012129000000000001,91613.38,67771.8
002162,2025-11-26,4.83,0.018987,607976.47,296438.724
002163,2025-11-26,13.72,-0.007236,768934.22,1071278.765
002164,2025-11-26,13.7,0.050613,373969.69,505645.683
002165,2025-11-26,7.93,-0.012453,186064.09,148322.255
002166,2025-11-26,8.02,-0.006196,93998.49,76257.125
002167,2025-11-26,12.04,-0.022727,183071.5,221880.992
002168,2025-11-26,3.95,-0.010025,34611.0,13688.871
002169,2025-11-26,7.78,0.005168000000000001,217586.99,169920.677
002170,2025-11-26,11.66,-0.005119,311766.19,363806.976
002171,2025-11-26,11.39,0.016057,836524.09,959282.689
002172,2025-11-26,4.22,0.002375,244541.0,104325.3
002173,2025-11-26,21.46,0.006567,265159.06,569726.142
002174,2025-11-26,11.76,-0.017544,194619.22,230840.092
002175,2025-11-26,4.98,-0.033010000000000005,1139332.0,572974.629
002176,2025-11-26,10.23,-0.008721,988639.67,1019584.812
002177,2025-11-26,6.76,-0.017442,171846.0,117239.095
002178,2025-11-26,7.78,0.10042400000000001,670871.76,514429.889
002179,2025-11-26,34.31,-0.022507000000000003,203726.29,702706.788
002180,2025-11-26,18.51,-0.020116000000000002,138164.31,258699.677
002181,2025-11-26,9.26,-0.005371,525878.65,490576.659
002182,2025-11-26,13.12,-0.015015,112206.2,148903.279
002183,2025-11-26,4.82,-0.012295,350326.21,169981.606
002184,2025-11-26,13.41,-0.005193,55668.22,75082.951
002185,2025-11-26,10.75,-0.007387,403728.75,436710.109
002186,2025-11-26,11.93,0.009306,76792.69,91624.61
002187,2025-11-26,7.18,0.099541,423941.38,298938.04
002188,2025-11-26,6.13,-0.020767,92901.0,57784.334
002189,2025-11-26,23.1,-0.027778,72696.73,168380.325
002190,2025-11-26,39.43,-0.020373000000000002,109635.67,432888.572
002191,2025-11-26,4.27,-0.004662,141858.0,61156.331
002192,2025-11-26,53.26,-0.012424,322308.48,1742254.624
002193,2025-11-26,5.98,-0.006645,100221.0,60973.151
002194,2025-11-26,12.03,-0.009877,156254.26,189887.39
002195,2025-11-26,6.98,-0.00428,1185894.25,832001.665
002196,2025-11-26,14.19,0.063718,1425791.94,1977637.886
002197,2025-11-26,10.42,0.0,167138.75,176495.127
002198,2025-11-26,7.47,0.017710999999999998,290590.72,217381.066
002199,2025-11-26,9.57,0.014846,69070.01,66994.281
002200,2025-11-26,8.04,-0.0024809999999999997,21941.0,17642.991
002201,2025-11-26,7.97,-0.025672,164934.76,132484.597
002202,2025-11-26,15.4,0.034946000000000005,1061514.58,1625687.577
002203,2025-11-26,12.47,0.002412,403890.77,505198.787
002204,2025-11-26,6.48,-0.024096000000000003,402725.6,264234.891
002205,2025-11-26,16.04,-0.053129,231623.38,373780.155
002206,2025-11-26,5.52,-0.010752999999999999,148984.0,82791.189
002207,2025-11-26,8.05,-0.003713,230397.0,188582.52
002208,2025-11-26,10.67,-0.042190000000000005,754115.4,807509.235
002209,2025-11-26,14.75,-0.016667,83865.1,124713.543
002210,2025-11-26,3.86,0.005208000000000001,978020.06,378547.871
002211,2025-11-26,3.6,0.014085,103664.0,37792.574
002212,2025-11-26,9.04,-0.015250999999999999,250149.7,228083.764
002213,2025-11-26,27.62,-0.09054999999999999,600794.47,1706973.077
002214,2025-11-26,15.75,0.028068,43065.2,67456.595
002215,2025-11-26,10.77,-0.069144,407295.07,448376.591
002216,2025-11-26,11.48,0.004374,56383.55,64762.527
002217,2025-11-26,3.14,-0.009464,856995.9,270662.706
002218,2025-11-26,3.89,0.002577,552896.0,215631.614
002219,2025-11-26,2.3,0.004366999999999999,843121.62,196654.399
002221,2025-11-26,7.93,-0.002516,51806.0,41180.439
002222,2025-11-26,48.57,0.017386,497357.74,2398894.783
002223,2025-11-26,35.94,0.007569,55280.81,198849.137
002224,2025-11-26,4.4,-0.013453,116738.0,51772.065
002225,2025-11-26,5.89,0.022569,443496.83,263772.038
002226,2025-11-26,6.16,-0.003236,129444.6,79949.27
002227,2025-11-26,12.82,-0.020626000000000002,67113.0,86948.121
002228,2025-11-26,4.24,-0.055679,1845593.4,785362.193
002229,2025-11-26,15.58,-0.021970999999999997,153236.0,240842.977
002230,2025-11-26,50.02,-0.010093000000000001,300177.6,1507441.648
002231,2025-11-26,3.1,-0.034268,108647.0,34037.526
002232,2025-11-26,18.81,-0.01208,47391.0,89691.747
002233,2025-11-26,8.44,0.01199,82271.73,69788.87
002234,2025-11-26,9.06,-0.009836000000000001,48212.0,43990.561
002235,2025-11-26,8.56,-0.070575,1310866.35,1140971.147
002236,2025-11-26,18.86,0.002125,242852.76,458984.676
002237,2025-11-26,12.72,-0.003915,179483.13,229411.828
002238,2025-11-26,8.44,0.010778000000000001,92240.23,77276.773
002239,2025-11-26,3.02,0.010033,710471.72,215610.254
002240,2025-11-26,33.39,-0.017363,1018711.81,3456839.088
002241,2025-11-26,29.34,0.029474,1127409.28,3295809.129
002242,2025-11-26,10.3,-0.007707,127779.29,132068.808
002243,2025-11-26,9.6,0.013728,440579.37,423241.508
002244,2025-11-26,10.07,-0.047304000000000006,653373.59,664245.649
002245,2025-11-26,16.05,-0.0018659999999999998,234805.32,378278.108
002246,2025-11-26,17.95,-0.096628,485938.2,891232.395
002247,2025-11-26,3.0,-0.009901,224663.0,68703.877
002248,2025-11-26,11.29,-0.016551,152134.1,173282.39
002249,2025-11-26,11.04,0.09960200000000001,1646452.24,1750211.368
002250,2025-11-26,12.05,-0.004955,360739.77,436794.04
002251,2025-11-26,5.62,0.042672,2517469.67,1389316.431
002252,2025-11-26,6.62,0.0,223934.61,148545.199
002253,2025-11-26,9.56,-0.013415999999999999,45464.0,43455.0
002254,2025-11-26,9.64,-0.015322,132969.46,128969.508
002255,2025-11-26,12.78,-0.040541,1027069.92,1325809.315
002256,2025-11-26,3.42,-0.008696,658162.8,227558.832
002258,2025-11-26,12.72,-0.007026,107426.71,137258.223
002259,2025-11-26,3.94,-0.007557,98890.0,39559.194
002261,2025-11-26,31.9,-0.006540000000000001,439280.36,1407613.176
002262,2025-11-26,24.53,0.038527,136322.73,330737.798
002263,2025-11-26,3.4,-0.020173,457425.17,156931.23
002264,2025-11-26,10.79,0.099898,68631.0,74052.849
002265,2025-11-26,26.93,-0.033728,143521.94,388154.454
002266,2025-11-26,4.02,-0.0024809999999999997,479640.98,193465.721
002267,2025-11-26,7.93,-0.006266000000000001,44409.02,35418.931
002268,2025-11-26,17.4,0.002882,96231.57,167449.645
002269,2025-11-26,2.11,0.019323999999999997,1414960.85,298449.385
002270,2025-11-26,24.15,-0.005764,70980.21,172335.704
002271,2025-11-26,12.58,-0.049131,533438.92,685608.685
002272,2025-11-26,14.04,-0.010570999999999999,119527.46,168919.394
002273,2025-11-26,24.08,0.035254,439623.04,1055032.769
002274,2025-11-26,6.15,-0.004854,91014.8,56190.813
002275,2025-11-26,15.22,0.0,59110.0,90322.327
002276,2025-11-26,15.55,-0.010185,250043.4,391646.91
002277,2025-11-26,6.51,0.009302,198450.55,128885.038
002278,2025-11-26,11.2,-0.0062109999999999995,165397.0,186197.542
002279,2025-11-26,9.5,-0.063116,2704288.21,2691199.33
002281,2025-11-26,60.28,0.02343,405622.05,2442682.502
002282,2025-11-26,7.3,-0.01084,56381.81,41596.54
002283,2025-11-26,6.04,-0.0033,82386.77,50033.828
002284,2025-11-26,11.94,0.005897,63139.4,75601.802
002285,2025-11-26,2.85,0.0035210000000000003,2787602.08,821263.738
002286,2025-11-26,8.93,-0.001119,117851.0,105907.053
002287,2025-11-26,24.76,0.0,21823.41,54318.871
002289,2025-11-26,36.3,-0.012514,17991.51,65505.768
002290,2025-11-26,38.15,-0.018271,45023.0,172276.849
002291,2025-11-26,8.44,0.100391,1519343.36,1191582.027
002292,2025-11-26,9.18,-0.017131,524908.3,483337.649
002293,2025-11-26,9.51,0.0010530000000000001,50322.91,48163.894
002294,2025-11-26,62.46,0.056853,80000.49,495889.74
002295,2025-11-26,11.33,-0.003518,63517.0,72872.309
002296,2025-11-26,10.49,-0.01131,50147.0,53200.805
002297,2025-11-26,8.89,-0.029476,216317.2,195187.755
002298,2025-11-26,11.31,0.022604000000000003,763701.51,851568.611
002299,2025-11-26,16.01,-0.009282,78485.05,126283.245
002300,2025-11-26,6.86,-0.02,334868.75,231340.341
002301,2025-11-26,7.67,-0.007762,675702.03,524142.267
002302,2025-11-26,6.55,0.012365,250416.25,165402.815
002303,2025-11-26,4.12,-0.009615,106699.48,44360.971
002304,2025-11-26,66.14,0.0065439999999999995,39651.15,261799.595
002305,2025-11-26,2.38,0.004219,528074.58,126224.513
002306,2025-11-26,1.95,-0.029851000000000003,419118.94,82752.669
002307,2025-11-26,5.74,0.043636,2855322.71,1677205.829
002309,2025-11-26,3.18,-0.021537999999999998,450485.0,144124.551
002310,2025-11-26,2.37,-0.024691,429196.48,102799.921
002311,2025-11-26,56.12,0.006817,96111.75,540843.053
002312,2025-11-26,11.8,-0.019119,521068.13,618185.563
002313,2025-11-26,11.1,0.011851,213326.0,238392.371
002314,2025-11-26,3.12,0.003215,445593.91,139874.746
002315,2025-11-26,47.5,0.001054,106799.01,512209.73
002316,2025-11-26,5.23,-0.020599,137796.0,72723.555
002317,2025-11-26,25.51,-0.017713,1682401.83,4418967.789
002318,2025-11-26,24.43,-0.008924999999999999,57100.2,140200.135
002319,2025-11-26,13.39,0.004501,144769.02,194914.92
002320,2025-11-26,12.6,0.004785,574692.0,733925.965
002321,2025-11-26,2.81,-0.014034999999999999,768264.0,218641.001
002322,2025-11-26,12.26,-0.009693,30188.59,37337.757
002323,2025-11-26,1.75,0.0057469999999999995,862997.52,152410.734
002324,2025-11-26,12.41,-0.027429000000000002,88067.0,110433.041
002326,2025-11-26,23.87,-0.018503000000000002,748340.93,1786654.434
002327,2025-11-26,7.3,0.011080000000000001,56826.0,41294.963
002328,2025-11-26,6.39,-0.024426999999999997,213908.66,138571.577
002329,2025-11-26,3.71,0.010899,192385.37,71799.175
002330,2025-11-26,5.21,0.005792,106548.02,55859.793
002331,2025-11-26,9.47,-0.012513000000000002,413294.91,396338.029
002332,2025-11-26,9.41,-0.00843,131457.5,125056.039
002333,2025-11-26,5.95,0.0033729999999999997,204333.0,121205.519
002334,2025-11-26,8.33,-0.003589,111886.91,93763.139
002335,2025-11-26,52.3,0.006543,176386.93,926837.436
002337,2025-11-26,5.99,-0.003328,115670.0,69659.877
002338,2025-11-26,50.6,-0.005112,31023.67,157274.504
002339,2025-11-26,7.72,-0.015306,97570.4,76089.329
002340,2025-11-26,7.48,-0.013193,1108460.4,836563.695
002342,2025-11-26,7.2,-0.017735,213316.0,154578.94
002343,2025-11-26,8.26,-0.006017,243439.6,202437.724
002344,2025-11-26,4.57,0.00883,116381.15,53320.893
002345,2025-11-26,12.44,0.011382000000000001,106197.39,133362.045
002346,2025-11-26,16.72,0.001797,22634.22,38210.846
002347,2025-11-26,6.64,-0.017751,96923.0,65218.288
002349,2025-11-26,8.05,0.00625,222028.5,179873.977
002350,2025-11-26,8.26,0.003645,120716.2,99703.109
002351,2025-11-26,12.65,0.021809,133212.21,169155.186
002352,2025-11-26,39.25,0.0,213439.49,836523.745
002353,2025-11-26,51.43,-0.01494,70873.11,365745.471
002354,2025-11-26,7.09,-0.011158,1076379.89,767977.341
002355,2025-11-26,5.82,-0.005128000000000001,91415.0,53692.412
002356,2025-11-26,4.14,0.009756,2007889.62,839653.008
002357,2025-11-26,10.11,0.013026,104893.0,107696.757
002358,2025-11-26,5.25,-0.015009,178079.36,94026.638
002360,2025-11-26,5.14,-0.013435999999999998,77772.0,40595.965
002361,2025-11-26,6.27,-0.026398,263270.75,166286.366
002362,2025-11-26,23.5,-0.020833,237487.1,565167.044
002363,2025-11-26,8.85,0.011429,113552.37,100411.452
002364,2025-11-26,23.89,-0.011175,364326.0,879480.277
002365,2025-11-26,16.23,0.0,66033.0,108063.873
002366,2025-11-26,7.25,-0.010914,335164.28,243902.311
002367,2025-11-26,7.12,-0.004196,89322.98,64227.007
002368,2025-11-26,24.24,-0.011822,58757.43,143810.671
002369,2025-11-26,9.71,-0.050831,814311.94,812308.838
002370,2025-11-26,7.62,-0.011673,577540.11,449041.162
002371,2025-11-26,421.71,0.008876,58039.19,2452043.766
002372,2025-11-26,10.39,-0.017029000000000002,122738.43,128310.267
002373,2025-11-26,11.62,-0.003431,747516.9,877267.658
002374,2025-11-26,3.47,0.017595,944721.0,322846.867
002375,2025-11-26,3.95,0.005089,108768.0,43099.212
002376,2025-11-26,7.44,-0.015872999999999998,87059.99,65447.496
002377,2025-11-26,3.12,-0.009524,157098.0,49590.398
002378,2025-11-26,12.44,0.01634,399169.76,497690.525
002379,2025-11-26,19.72,-0.02905,137761.35,274527.769
002380,2025-11-26,26.39,-0.00864,25436.0,67626.784
002381,2025-11-26,6.69,-0.011817,53344.0,36027.1
002382,2025-11-26,5.61,-0.0070799999999999995,74044.65,42068.495
002383,2025-11-26,9.41,-0.012592,155462.44,147760.087
002384,2025-11-26,74.0,0.06797500000000001,792004.69,5799155.267
002385,2025-11-26,4.03,-0.0049380000000000005,780388.4,315781.711
002386,2025-11-26,5.45,-0.009091,219784.9,120752.486
002387,2025-11-26,8.82,-0.012318,186970.03,167402.438
002388,2025-11-26,6.25,0.0,184718.16,116607.05
002389,2025-11-26,22.14,-0.019486,269627.4,595657.454
002390,2025-11-26,3.84,0.037838,643068.2,247645.25
002391,2025-11-26,5.99,-0.01318,76984.0,46540.516
002392,2025-11-26,7.56,0.038462,299290.85,226121.345
002393,2025-11-26,20.65,0.003889,25458.16,53055.547
002394,2025-11-26,12.4,-0.029733999999999997,114154.0,143018.392
002395,2025-11-26,16.51,-0.007216,20754.14,34382.708
002396,2025-11-26,26.47,-0.001132,238672.29,631879.482
002397,2025-11-26,4.41,0.09975099999999999,267172.18,113252.96
002398,2025-11-26,6.85,0.09951800000000001,638392.05,433787.798
002399,2025-11-26,11.86,0.005084999999999999,30773.0,36714.28
002400,2025-11-26,9.5,-0.022633999999999998,3725054.76,3576578.362
002401,2025-11-26,16.6,-0.010137,35894.66,59902.835
002402,2025-11-26,47.59,0.001895,640482.08,3027139.111
002403,2025-11-26,12.93,-0.001544,25880.5,33682.478
002404,2025-11-26,6.89,0.016224000000000002,338111.9,231929.254
002405,2025-11-26,8.48,0.0023639999999999998,304120.84,260136.437
002406,2025-11-26,7.51,-0.025939999999999998,175662.67,133517.325
002407,2025-11-26,32.39,-0.029658000000000004,1522975.82,4966278.221
002408,2025-11-26,4.78,0.004202,217469.35,103331.947
002409,2025-11-26,68.12,-0.012324,85714.66,585160.137
002410,2025-11-26,12.72,-0.013953,224213.24,287778.863
002412,2025-11-26,6.89,0.017725,190993.1,132971.732
002413,2025-11-26,7.71,0.099857,3982739.53,3063367.178
002414,2025-11-26,12.16,-0.005724,372493.41,456805.84
002415,2025-11-26,29.9,-0.0030009999999999998,299288.75,896599.313
002416,2025-11-26,11.81,-0.004216,113494.28,134339.7
002418,2025-11-26,4.71,-0.016701,579748.0,276023.16
002419,2025-11-26,5.43,0.005556,151473.32,82636.026
002420,2025-11-26,7.13,0.0,67892.0,48518.668
002421,2025-11-26,3.0,0.0033439999999999998,938730.94,286462.443
002422,2025-11-26,34.59,0.037181,133427.02,461574.535
002423,2025-11-26,11.54,-0.011986000000000002,124729.66,144889.936
002424,2025-11-26,5.72,0.0,200664.22,115377.859
002425,2025-11-26,4.02,-0.007407,183719.0,74510.855
002426,2025-11-26,3.44,-0.019943,1468635.11,511611.167
002427,2025-11-26,6.4,-0.015385,101214.75,65243.379
002428,2025-11-26,25.03,0.008867,208430.72,522349.257
002429,2025-11-26,6.38,0.019169000000000002,860567.89,550670.576
002430,2025-11-26,26.25,-0.024163999999999998,110611.59,292431.388
002431,2025-11-26,2.64,-0.011236,817712.13,220007.157
002432,2025-11-26,41.4,-0.009806,82680.53,345577.103
002434,2025-11-26,8.68,0.010477,205975.96,179822.927
002436,2025-11-26,19.94,-0.00796,697615.58,1403594.019
002437,2025-11-26,3.24,0.0062109999999999995,779096.68,256297.33
002438,2025-11-26,13.49,-0.016763999999999998,75645.78,102579.353
002439,2025-11-26,14.73,-0.012072000000000001,91339.31,135753.114
002440,2025-11-26,7.05,-0.004237,78576.5,55671.385
002441,2025-11-26,9.1,-0.005464,54560.35,49971.99
002442,2025-11-26,6.47,0.007788000000000001,125058.0,81578.521
002443,2025-11-26,7.89,0.032723,146270.0,115045.521
002444,2025-11-26,31.08,0.039117,147206.54,459297.717
002445,2025-11-26,2.55,0.0,418655.69,107043.567
002446,2025-11-26,8.27,-0.014303,301853.93,251972.694
002448,2025-11-26,10.4,-0.008579999999999999,115704.0,120874.298
002449,2025-11-26,8.63,-0.009185,69017.13,60054.573
002451,2025-11-26,10.85,0.046287,868763.81,918082.925
002452,2025-11-26,7.79,-0.007643,130631.0,102389.336
002453,2025-11-26,7.85,-0.022416000000000002,798828.07,639584.54
002454,2025-11-26,8.41,0.0071860000000000005,59266.35,50086.26
002455,2025-11-26,7.93,-0.009988,611192.3,485008.76
002456,2025-11-26,11.44,0.005272,935054.46,1068733.636
002457,2025-11-26,11.04,-0.016043,78546.0,87436.022
002458,2025-11-26,8.56,-0.005807,70114.49,60433.826
002459,2025-11-26,12.04,-0.012305,510231.54,619224.958
002460,2025-11-26,61.13,0.003777,698171.01,4280895.524
002461,2025-11-26,9.31,0.001075,63786.09,59630.294
002462,2025-11-26,15.4,0.004566,110841.0,172700.201
002463,2025-11-26,72.83,0.087827,1511730.93,10776163.172
002465,2025-11-26,11.88,-0.018182,508516.03,607858.396
002466,2025-11-26,54.16,0.008566,795488.32,4327278.85
002467,2025-11-26,6.51,-0.0181,713207.38,468243.941
002468,2025-11-26,14.35,0.002795,74319.0,106753.602
002469,2025-11-26,8.18,-0.007281999999999999,108034.43,88893.373
002470,2025-11-26,1.85,0.016484000000000002,969537.0,179210.937
002471,2025-11-26,4.13,-0.007212,254544.51,105783.89
002472,2025-11-26,39.8,0.017643,191336.93,761194.115
002474,2025-11-26,12.34,-0.09992699999999999,2822356.9,3629233.374
002475,2025-11-26,57.6,0.034110999999999995,1591539.19,9136365.853
002476,2025-11-26,6.38,0.051071,754638.76,485487.714
002478,2025-11-26,7.28,-0.018868,231417.0,170172.523
002479,2025-11-26,4.89,-0.010121,106390.22,52510.841
002480,2025-11-26,6.27,-0.020312999999999998,57546.0,36476.657
002481,2025-11-26,5.59,0.007207,254070.61,142917.518
002482,2025-11-26,1.85,0.010929,981700.71,181613.854
002483,2025-11-26,6.52,-0.003058,82027.47,53950.593
002484,2025-11-26,26.89,0.0018629999999999999,186916.48,504227.451
002485,2025-11-26,4.79,0.032328,146600.0,70523.636
002486,2025-11-26,3.31,0.09966799999999999,429743.52,138525.564
002487,2025-11-26,49.58,0.007724,164318.34,810502.111
002488,2025-11-26,8.81,0.002275,324053.01,286651.738
002489,2025-11-26,3.84,0.007873999999999999,332798.69,128583.232
002490,2025-11-26,7.23,0.012605,496513.0,361489.971
002491,2025-11-26,5.69,0.017889,1138207.12,649886.562
002492,2025-11-26,7.68,-0.010308999999999999,66309.5,51139.82
002493,2025-11-26,9.5,0.004228,280189.13,266963.222
002494,2025-11-26,5.49,-0.007233000000000001,103037.22,57142.378
002495,2025-11-26,2.78,0.007246,283001.38,79335.041
002496,2025-11-26,1.76,-0.00565,168609.4,29793.468
002497,2025-11-26,21.49,-0.016026,572460.73,1252354.063
002498,2025-11-26,3.54,-0.002817,230412.57,81827.822
002500,2025-11-26,5.99,-0.0049830000000000004,132953.19,79944.611
002501,2025-11-26,2.24,-0.004444,391203.41,88126.296
002506,2025-11-26,2.57,0.003906,2119297.5,545199.031
002507,2025-11-26,13.07,-0.00457,98983.1,130012.243
002508,2025-11-26,20.37,0.002954,65440.12,133245.902
002510,2025-11-26,7.04,0.1,1263868.92,880402.161
002511,2025-11-26,8.11,-0.014581,81951.0,67094.748
002512,2025-11-26,6.04,0.10018200000000001,809117.35,482208.86
002513,2025-11-26,7.8,0.02228,326199.0,253767.027
002514,2025-11-26,6.2,0.001616,138349.0,86628.81
002515,2025-11-26,6.11,0.00659,351902.77,215808.777
002516,2025-11-26,5.9,0.012007,366389.0,221187.838
002517,2025-11-26,22.18,-0.015535,488318.79,1097384.167
002518,2025-11-26,45.06,0.028767,132198.36,597295.762
002519,2025-11-26,4.7,-0.024895999999999998,301310.0,142975.23
002520,2025-11-26,5.9,-0.010067,124842.0,74134.011
002521,2025-11-26,8.63,-0.012586,32195.17,27949.165
002522,2025-11-26,5.0,-0.011858,197804.0,99536.339
002523,2025-11-26,4.01,-0.0024879999999999998,280540.08,113634.488
002524,2025-11-26,4.57,-0.002183,140972.0,65469.687
002526,2025-11-26,3.64,-0.005464,219640.26,80535.313
002527,2025-11-26,16.25,0.006192,105877.1,172407.006
002528,2025-11-26,3.18,0.022508,192360.5,60981.658
002529,2025-11-26,7.27,-0.008186,28542.0,20916.928
002530,2025-11-26,10.03,-0.020508000000000002,169483.51,171915.411
002531,2025-11-26,6.96,0.0,198214.2,138471.31
002532,2025-11-26,12.73,-0.001569,393007.08,504002.244
002533,2025-11-26,11.56,-0.005163999999999999,88124.3,102331.271
002534,2025-11-26,14.82,-0.004701,67059.62,99758.386
002535,2025-11-26,3.91,-0.007613999999999999,157160.6,61942.721
002536,2025-11-26,21.31,-0.007451999999999999,129642.34,279145.673
002537,2025-11-26,8.17,-0.008495,140401.0,115449.433
002538,2025-11-26,6.39,-0.02144,187288.0,120712.71
002539,2025-11-26,10.77,-0.01011,231130.94,249525.307
002540,2025-11-26,6.68,-0.021962000000000002,138503.0,93620.778
002541,2025-11-26,16.78,-0.015258,35020.05,59336.482
002542,2025-11-26,3.58,-0.005556,303286.03,109613.989
002543,2025-11-26,10.77,-0.008287,28748.48,31177.408
002544,2025-11-26,25.74,-0.026843,187599.14,489474.855
002545,2025-11-26,16.95,0.01497,164748.14,282962.251
002546,2025-11-26,6.72,-0.014662999999999999,183800.03,124697.443
002547,2025-11-26,4.97,0.02686,593104.19,293358.196
002548,2025-11-26,4.94,0.012295,315440.29,157261.937
002549,2025-11-26,23.13,-0.045004,842372.82,1969828.659
002550,2025-11-26,8.45,0.0,156047.08,133187.116
002551,2025-11-26,3.85,-0.005168000000000001,142984.51,55719.139
002552,2025-11-26,16.4,-0.005457999999999999,46245.02,76088.471
002553,2025-11-26,27.18,-0.009114,90991.0,248679.0
002554,2025-11-26,3.47,-0.011396,296131.0,103507.136
002555,2025-11-26,21.38,-0.009268,621290.25,1336323.88
002556,2025-11-26,5.75,-0.012027000000000001,138424.5,79964.019
002557,2025-11-26,21.6,-0.004608,53729.22,116261.644
002558,2025-11-26,40.98,0.009111000000000001,831698.71,3439949.692
002559,2025-11-26,10.15,-0.019323999999999997,112285.09,115003.696
002560,2025-11-26,8.12,-0.02521,165444.0,135758.749
002561,2025-11-26,8.88,0.014857,78145.73,68932.622
002562,2025-11-26,6.57,-0.003035,242306.35,160044.037
002563,2025-11-26,5.99,0.0016719999999999999,455719.11,275331.569
002564,2025-11-26,9.12,0.027027000000000002,346882.96,314632.953
002565,2025-11-26,7.4,-0.010695,1119737.18,842337.701
002566,2025-11-26,8.05,-0.0049440000000000005,47190.0,38468.748
002567,2025-11-26,4.7,-0.002123,155803.01,73253.757
002568,2025-11-26,23.88,-0.002089,31510.2,75348.116
002569,2025-11-26,10.9,0.001838,12961.0,14106.431
002570,2025-11-26,6.11,0.0032840000000000005,229471.31,139607.737
002571,2025-11-26,8.4,0.003584,94124.0,79704.57
002572,2025-11-26,14.18,0.003539,232117.63,328916.88
002573,2025-11-26,3.8,-0.002625,143179.02,54629.613
002574,2025-11-26,6.32,-0.023184,514309.0,322648.333
002575,2025-11-26,6.82,0.034901,1378343.79,931699.754
002576,2025-11-26,16.69,-0.005364,32704.5,55210.103
002577,2025-11-26,18.39,-0.001086,20210.04,37520.452
002578,2025-11-26,3.94,-0.017456,706866.0,284342.77
002579,2025-11-26,11.1,-0.004484,118812.0,132595.068
002580,2025-11-26,12.55,-0.010251999999999999,77784.6,98218.096
002581,2025-11-26,8.01,0.003759,36871.0,29767.599
002582,2025-11-26,10.02,-0.000997,83400.02,83736.377
002583,2025-11-26,11.8,-0.027205,617785.12,735572.198
002584,2025-11-26,8.87,-0.008939,307091.5,273025.315
002585,2025-11-26,5.57,-0.00713,165818.84,92767.324
002586,2025-11-26,4.29,0.03125,104320.0,44634.776
002587,2025-11-26,6.64,-0.007474,187293.89,124985.575
002588,2025-11-26,9.32,-0.010616,72728.15,68384.983
002589,2025-11-26,3.19,0.1,1574855.54,496448.633
002590,2025-11-26,13.21,0.016936,126329.86,168355.518
002591,2025-11-26,6.91,-0.033566,197485.0,139290.441
002592,2025-11-26,7.12,-0.01385,44701.0,32115.238
002593,2025-11-26,5.92,0.010239,682577.9,409071.907
002594,2025-11-26,95.09,0.012565,306576.97,2914626.393
002595,2025-11-26,66.26,0.005920999999999999,17801.47,118143.536
002596,2025-11-26,5.92,0.100372,1121200.41,657384.261
002597,2025-11-26,20.07,-0.015210999999999999,52625.89,106227.158
002598,2025-11-26,11.01,-0.021333,59385.72,66366.859
002599,2025-11-26,8.16,-0.021583,110153.0,90677.453
002600,2025-11-26,13.52,0.008203,1236319.66,1676872.867
002601,2025-11-26,17.68,-0.0056240000000000005,113246.82,201226.284
002602,2025-11-26,18.25,0.011640999999999999,1901795.77,3487487.02
002603,2025-11-26,19.17,0.000522,522106.27,1007520.496
002605,2025-11-26,23.89,-0.011585000000000002,45683.0,109708.514
002606,2025-11-26,8.83,-0.008979000000000001,82279.0,73027.373
002607,2025-11-26,2.63,-0.014981,1088155.05,287530.573
002608,2025-11-26,7.76,0.0,95747.71,74402.303
002609,2025-11-26,9.65,-0.00924,90843.5,88397.007
002611,2025-11-26,17.57,0.01268,588624.99,1029889.985
002612,2025-11-26,20.58,-0.0029070000000000003,119729.14,247762.458
002613,2025-11-26,3.85,0.0026040000000000004,118083.13,45668.884
002614,2025-11-26,7.32,-0.014804999999999999,151905.0,111702.014
002615,2025-11-26,7.97,-0.014833,66981.02,54188.773
002616,2025-11-26,5.97,-0.003339,87322.35,52272.913
002617,2025-11-26,7.85,-0.040342,1022730.07,804611.247
002620,2025-11-26,5.99,-0.01964,119660.0,72407.577
002622,2025-11-26,3.31,-0.020710000000000003,234017.0,79086.392
002623,2025-11-26,18.43,-0.012855,21181.0,39303.186
002624,2025-11-26,15.24,-0.024328,297619.27,457140.323
002625,2025-11-26,44.61,0.013633,291481.77,1302975.719
002626,2025-11-26,18.6,-0.005879,57466.06,107723.232
002627,2025-11-26,6.37,-0.004688,132883.67,86058.359
002628,2025-11-26,4.38,-0.013514,110795.0,48900.388
002629,2025-11-26,7.93,0.00507,210337.5,167187.385
002630,2025-11-26,2.87,0.051281999999999994,604660.72,171924.937
002631,2025-11-26,5.11,-0.011605,84962.56,43959.075
002632,2025-11-26,10.28,0.023904,272607.14,286542.619
002633,2025-11-26,17.19,-0.017714,22129.0,38634.438
002634,2025-11-26,6.3,0.05,283221.5,177438.456
002635,2025-11-26,13.58,0.0022140000000000003,65028.79,88795.709
002636,2025-11-26,14.82,-0.007368,203843.0,301902.644
002637,2025-11-26,10.54,-0.016791,48784.34,51960.871
002638,2025-11-26,3.36,0.101639,1062427.65,347462.966
002639,2025-11-26,13.65,-0.044118000000000004,1342881.99,1872551.319
002640,2025-11-26,4.63,0.006522,579986.0,269521.603
002641,2025-11-26,4.22,0.002375,143170.64,60739.705
002642,2025-11-26,9.49,0.014973,613618.77,580081.144
002643,2025-11-26,13.6,0.044546999999999996,485945.06,670682.541
002644,2025-11-26,8.93,-0.004459,61625.5,55888.917
002645,2025-11-26,14.41,-0.011659999999999998,78748.64,114289.117
002646,2025-11-26,9.4,-0.008439,42357.99,40032.194
002647,2025-11-26,6.76,0.025797,184781.12,124837.866
002648,2025-11-26,16.73,-0.00298,194292.13,325594.722
002649,2025-11-26,13.93,0.003602,272987.77,384502.891
002650,2025-11-26,7.34,0.009629,36106.0,26477.9
002651,2025-11-26,10.83,-0.017241,125746.95,136461.567
002652,2025-11-26,3.76,-0.023377,185760.0,70484.248
002653,2025-11-26,57.63,-0.005350000000000001,27059.0,156907.049
002654,2025-11-26,13.51,-0.013869,310371.06,421883.788
002655,2025-11-26,12.13,0.004139,118514.0,145430.254
002656,2025-11-26,2.68,0.019011,147836.2,39597.072
002657,2025-11-26,27.26,-0.013391,103781.0,285322.261
002658,2025-11-26,8.28,-0.020118,136713.82,114567.005
002659,2025-11-26,6.47,0.0352,1148062.99,738205.784
002660,2025-11-26,9.39,-0.019833,36522.0,34749.252
002661,2025-11-26,9.42,-0.006329,28385.99,26919.103
002662,2025-11-26,3.87,0.040323000000000005,455885.03,176301.621
002663,2025-11-26,2.15,0.004673,491841.0,107683.273
002664,2025-11-26,22.79,0.006181,60778.63,138746.339
002666,2025-11-26,5.09,-0.007796999999999999,109675.0,56303.547
002668,2025-11-26,10.68,0.0065980000000000006,102948.65,109365.163
002669,2025-11-26,13.11,-0.070213,410991.17,548775.613
002670,2025-11-26,17.94,0.002795,250066.99,448833.222
002671,2025-11-26,5.19,-0.011429,102911.85,54020.849
002672,2025-11-26,5.13,-0.007737000000000001,92594.38,47813.003
002673,2025-11-26,7.9,-0.007538,202589.72,160855.619
002674,2025-11-26,12.59,-0.016406,33703.0,42816.047
002675,2025-11-26,14.7,-0.0020369999999999997,63471.6,93757.674
002676,2025-11-26,7.85,-0.011335,151470.42,120597.826
002677,2025-11-26,8.22,-0.01083,87205.0,72293.469
002678,2025-11-26,5.24,0.005758,254822.67,134227.306
002679,2025-11-26,12.68,-0.056548,191026.42,247456.613
002681,2025-11-26,7.49,0.09985300000000001,1336565.8,987529.648
002682,2025-11-26,5.34,-0.044723,1071248.7,580260.371
002683,2025-11-26,39.75,0.033541,164724.19,654721.632
002685,2025-11-26,8.29,0.06146,1209185.22,994354.528
002686,2025-11-26,6.66,0.019908,177937.0,118768.538
002687,2025-11-26,4.94,0.0020280000000000003,94745.35,46922.217
002688,2025-11-26,6.13,0.003273,123915.75,76645.489
002689,2025-11-26,4.49,-0.011013,207579.18,94051.731
002690,2025-11-26,19.77,0.004573,27863.9,55360.783
002691,2025-11-26,8.72,-0.038589000000000005,209758.7,185814.563
002692,2025-11-26,5.07,-0.013619000000000001,83688.45,42829.337
002693,2025-11-26,7.28,-0.030626,136701.01,99363.788
002694,2025-11-26,4.46,-0.01978,90287.0,40748.606
002695,2025-11-26,11.88,-0.009174,35810.5,42841.471
002696,2025-11-26,6.74,-0.038516,353843.9,241650.618
002697,2025-11-26,5.88,0.022609,743606.08,431518.047
002698,2025-11-26,15.11,-0.0032979999999999997,41755.19,63282.054
002700,2025-11-26,7.1,0.004243,41261.0,29512.621
002701,2025-11-26,5.64,0.003559,244070.09,137695.702
002702,2025-11-26,5.98,0.099265,1343064.54,776175.534
002703,2025-11-26,12.15,-0.020161,153614.51,187975.424
002705,2025-11-26,14.71,-0.004736000000000001,30582.0,45099.391
002706,2025-11-26,9.66,-0.011258999999999998,205629.23,199734.661
002707,2025-11-26,7.0,-0.0014269999999999999,160434.0,112547.84
002708,2025-11-26,12.13,-0.016221,97757.0,119771.505
002709,2025-11-26,39.57,-0.015182,861516.0,3408603.983
002712,2025-11-26,6.38,0.0,540867.47,345608.878
002713,2025-11-26,14.39,-0.050164999999999994,120602.0,176065.019
002714,2025-11-26,49.6,-0.004616,248388.55,1242430.794
002715,2025-11-26,19.04,-0.015512,93934.0,178699.563
002716,2025-11-26,6.02,0.008375,724475.55,437568.806
002717,2025-11-26,1.88,-0.0052910000000000006,435886.4,82010.789
002718,2025-11-26,30.4,0.001978,15579.0,47502.556
002719,2025-11-26,9.27,-0.01278,98889.6,93111.241
002721,2025-11-26,3.43,0.020833,664856.0,229917.124
002722,2025-11-26,15.56,-0.007019999999999999,31605.0,49593.033
002723,2025-11-26,7.38,-0.012048000000000001,71672.03,53261.649
002724,2025-11-26,6.92,-0.002882,52773.8,36575.189
002725,2025-11-26,14.67,0.011027,74655.0,109533.531
002726,2025-11-26,4.61,-0.01073,261748.45,122147.689
002727,2025-11-26,13.03,0.0077339999999999996,65430.01,85485.136
002728,2025-11-26,13.61,0.019476,1437858.52,2005064.972
002729,2025-11-26,16.8,0.013269,540943.43,913053.745
002730,2025-11-26,14.91,-0.011928000000000001,30990.2,46562.961
002731,2025-11-26,13.95,-0.015526,104132.0,147424.185
002732,2025-11-26,17.87,0.004497,30484.01,54458.758
002733,2025-11-26,20.24,-0.000987,101219.07,205653.241
002734,2025-11-26,16.38,-0.007272999999999999,89491.29,147185.059
002735,2025-11-26,14.62,-0.018792,113547.63,167235.788
002736,2025-11-26,12.89,-0.003094,183275.0,237060.92
002737,2025-11-26,15.15,0.028513,85671.94,128714.222
002738,2025-11-26,63.93,0.038162,368715.18,2362397.307
002739,2025-11-26,11.34,-0.011334,298521.4,341178.885
002741,2025-11-26,21.38,-0.023744,232831.28,503140.421
002742,2025-11-26,4.84,-0.020243,128727.32,63194.684
002743,2025-11-26,5.43,-0.023381,76156.02,41890.231
002745,2025-11-26,9.55,0.004206,506062.01,484411.949
002746,2025-11-26,6.12,-0.004878,126191.94,77496.011
002747,2025-11-26,21.93,0.003202,104372.95,228410.159
002748,2025-11-26,11.75,-0.009275,168252.0,199833.113
002749,2025-11-26,13.78,-0.010057,21763.64,30135.069
002752,2025-11-26,6.78,-0.014535,940302.24,646631.56
002753,2025-11-26,7.75,-0.022698999999999997,308641.91,244862.783
002755,2025-11-26,17.28,0.00758,108882.3,189676.21
002756,2025-11-26,47.6,0.004008,167611.61,804592.417
002757,2025-11-26,17.1,-0.015544,50313.0,86773.85
002758,2025-11-26,9.55,0.004206,61805.0,59149.063
002759,2025-11-26,43.88,0.012927,911547.15,3965689.516
002760,2025-11-26,21.82,-0.027629,26831.0,59434.909
002761,2025-11-26,9.14,0.0,169752.6,156167.709
002762,2025-11-26,7.61,0.005284,78088.0,59778.221
002763,2025-11-26,7.34,-0.009447,36960.6,27351.758
002765,2025-11-26,12.1,-0.00165,96035.8,116540.323
002766,2025-11-26,5.19,0.003868,78937.0,41077.154
002767,2025-11-26,19.81,-0.011477,33474.0,66958.984
002768,2025-11-26,49.81,0.009935000000000001,18436.0,92079.654
002769,2025-11-26,9.83,0.004086,110138.0,110045.166
002771,2025-11-26,17.02,-0.038418,179475.21,310824.758
002772,2025-11-26,12.06,-0.001656,67145.62,81195.736
002773,2025-11-26,31.46,0.015822,66218.22,209162.444
002774,2025-11-26,9.95,-0.021632,45604.0,45877.616
002775,2025-11-26,4.29,-0.018307,126553.6,55145.496
002777,2025-11-26,19.62,-0.007085,129122.71,254112.343
002778,2025-11-26,20.49,-0.00292,24324.0,50090.311
002779,2025-11-26,111.85,0.000805,23815.6,267957.435
002780,2025-11-26,14.99,-0.008598,97508.6,146976.925
002782,2025-11-26,17.8,-0.006696,84164.0,150859.326
002783,2025-11-26,9.0,-0.010989,104547.0,94909.591
002785,2025-11-26,37.73,0.023881,118081.54,447363.243
002786,2025-11-26,9.24,0.016502,192797.0,177349.931
002787,2025-11-26,9.98,-0.006965,77649.16,78475.788
002788,2025-11-26,9.98,0.02045,393032.29,394845.739
002789,2025-11-26,10.76,-0.050309,53733.15,58546.031
002790,2025-11-26,8.72,-0.010216000000000001,66634.0,58384.606
002791,2025-11-26,23.37,-0.014755,56203.0,133331.001
002792,2025-11-26,19.65,0.010283,554247.03,1085558.65
002793,2025-11-26,5.36,-0.005566,168744.72,91970.39
002795,2025-11-26,6.37,0.029079,388352.92,248738.469
002796,2025-11-26,19.01,0.036532,127349.2,242867.48
002797,2025-11-26,6.85,-0.007246,302235.45,208242.918
002798,2025-11-26,6.3,0.0,50567.0,32036.87
002799,2025-11-26,9.09,-0.013028999999999999,321189.14,294078.196
002800,2025-11-26,16.02,0.100275,115738.72,181421.846
002801,2025-11-26,32.28,0.003108,10172.9,32922.443
002802,2025-11-26,12.82,-0.010039,20356.38,26338.325
002803,2025-11-26,16.49,-0.0018160000000000001,137576.09,227915.763
002805,2025-11-26,17.75,-0.035325999999999996,197773.8,356336.68
002807,2025-11-26,4.83,0.01046,499984.05,241829.253
002808,2025-11-26,5.45,-0.014467,69246.0,38056.114
002809,2025-11-26,10.99,-0.025709,35675.1,39828.128
002810,2025-11-26,12.75,-0.013921,42585.41,54637.498
002811,2025-11-26,15.21,-0.049969,459010.28,710270.801
002812,2025-11-26,53.24,-0.023298,266534.69,1431511.058
002813,2025-11-26,29.62,-0.00437,57174.6,169280.334
002815,2025-11-26,12.98,0.014855,282237.96,366575.57
002816,2025-11-26,20.58,-0.028329,18022.0,37581.71
002817,2025-11-26,7.89,-0.027127,65852.14,52814.577
002818,2025-11-26,10.94,-0.031000999999999997,93587.96,102785.333
002819,2025-11-26,27.17,-0.023364,37503.0,102895.029
002820,2025-11-26,12.93,0.004662,103162.0,133440.786
002821,2025-11-26,92.74,0.020242,53397.71,497179.516
002822,2025-11-26,4.43,0.049763,242585.98,107219.011
002823,2025-11-26,15.34,-0.012234,51768.12,79866.41
002824,2025-11-26,18.29,-0.027128,54398.62,100993.707
002825,2025-11-26,10.42,0.012634000000000001,76274.05,79255.185
002826,2025-11-26,18.85,-0.005802000000000001,19786.0,37512.062
002827,2025-11-26,35.22,-0.0036780000000000003,19482.71,69016.3
002828,2025-11-26,11.88,0.052259,541976.6,654024.912
002829,2025-11-26,26.76,-0.020498,77305.79,208994.671
002830,2025-11-26,17.94,-0.009934,33858.0,61334.457
002831,2025-11-26,29.54,-0.008392,48384.49,143009.875
002832,2025-11-26,15.66,-0.001912,40838.09,64091.726
002833,2025-11-26,15.99,0.000626,16606.93,26605.6
002835,2025-11-26,16.75,-0.013545,18889.0,32033.679
002836,2025-11-26,13.26,-0.050823,118964.76,161213.238
002837,2025-11-26,74.78,0.019218,677949.58,5026031.699
002838,2025-11-26,21.42,0.015647,37370.57,80431.422
002839,2025-11-26,4.54,-0.006565,291944.26,133332.565
002840,2025-11-26,9.92,0.004049,145757.74,144092.814
002841,2025-11-26,38.03,0.004225,30387.98,116166.479
002842,2025-11-26,11.04,0.006381,116185.92,129322.87
002843,2025-11-26,19.07,-0.0057350000000000005,40606.0,77798.571
002845,2025-11-26,13.97,-0.015504,41134.6,57964.778
002846,2025-11-26,16.49,-0.024836999999999998,131263.25,219005.145
002847,2025-11-26,72.84,0.004967,23719.15,171352.071
002848,2025-11-26,7.51,-0.022135,30007.0,22720.155
002849,2025-11-26,13.34,-0.013314,36176.1,48779.819
002850,2025-11-26,154.8,0.012162,36435.17,569461.888
002851,2025-11-26,71.9,0.006721,178968.47,1281907.778
002852,2025-11-26,10.68,0.028902,140591.65,152269.34
002853,2025-11-26,14.06,0.015162,39935.0,56327.961
002855,2025-11-26,19.31,0.011524000000000001,162989.94,307604.147
002856,2025-11-26,12.11,-0.059783,243950.64,308922.977
002857,2025-11-26,19.6,-0.016558,22881.0,45386.171
002858,2025-11-26,13.99,-0.009908,59967.0,84121.349
002859,2025-11-26,28.5,-0.010417000000000001,26719.35,76439.24
002860,2025-11-26,14.78,0.038651,205435.34,302557.263
002861,2025-11-26,19.2,-0.010308999999999999,39497.8,76232.305
002862,2025-11-26,21.94,0.01106,130183.2,290585.87
002863,2025-11-26,5.45,0.009259,139096.0,76215.86
002864,2025-11-26,35.15,0.020023,151595.19,541231.918
002865,2025-11-26,39.79,-0.013634,85590.14,343936.611
002866,2025-11-26,19.68,-0.032924,95256.0,189589.977
002867,2025-11-26,12.96,0.0038729999999999997,28762.25,37282.854
002868,2025-11-26,43.87,0.050024,422.0,1851.314
002869,2025-11-26,24.17,-0.006168,21316.47,51864.827
002870,2025-11-26,35.0,0.0057469999999999995,23175.0,81249.14
002871,2025-11-26,14.54,-0.012228000000000001,20773.86,30457.969
002872,2025-11-26,5.18,-0.003846,38481.0,20141.973
002873,2025-11-26,10.76,-0.0037040000000000003,72326.3,79192.861
002875,2025-11-26,16.8,-0.011765000000000001,28797.11,48848.972
002876,2025-11-26,24.3,-0.007758,22043.04,53946.791
002877,2025-11-26,9.45,-0.099142,681466.54,657380.23
002878,2025-11-26,20.84,-0.031148,392476.43,829287.974
002879,2025-11-26,15.72,-0.019950000000000002,26512.0,42158.099
002880,2025-11-26,26.29,-0.007925,6092.4,16137.242
002881,2025-11-26,41.2,0.007581,36963.9,153359.571
002882,2025-11-26,29.56,-0.024422000000000003,72700.0,216365.043
002883,2025-11-26,11.52,-0.012007,43593.0,51013.713
002884,2025-11-26,17.52,0.013302000000000001,44826.05,78539.216
002885,2025-11-26,25.56,0.022400000000000003,310332.34,793987.752
002886,2025-11-26,19.03,-0.009886,42402.0,81458.247
002887,2025-11-26,9.33,-0.0074470000000000005,31074.0,29241.832
002888,2025-11-26,19.99,-0.010396,90283.7,183893.801
002889,2025-11-26,16.15,0.024096000000000003,138816.17,222937.399
002890,2025-11-26,14.76,-0.016656,19428.61,28883.967
002891,2025-11-26,55.83,0.007398,32719.5,184010.601
002892,2025-11-26,12.85,0.001559,64213.8,82757.644
002893,2025-11-26,12.68,-0.032061,331952.69,428707.43
002895,2025-11-26,34.6,0.002317,105758.89,367308.335
002896,2025-11-26,83.48,0.00156,56298.52,470914.003
002897,2025-11-26,45.48,-0.011949000000000001,55583.51,255052.495
002898,2025-11-26,13.37,0.026094,13659.0,18189.672
002899,2025-11-26,23.7,0.011524000000000001,28024.0,66603.398
002900,2025-11-26,14.82,0.019257,261851.5,383298.845
002901,2025-11-26,47.75,0.0,11325.97,54165.617
002902,2025-11-26,22.12,0.00363,106655.0,236457.186
002903,2025-11-26,22.27,-0.025383,35284.0,79680.284
002905,2025-11-26,11.67,0.026385000000000002,262390.6,310090.522
002906,2025-11-26,28.53,-0.0055769999999999995,37676.29,108287.132
002907,2025-11-26,16.31,-0.003665,31808.98,52472.814
002908,2025-11-26,10.1,-0.006883,72711.2,74035.996
002909,2025-11-26,6.64,-0.016295999999999998,72934.42,49143.615
002910,2025-11-26,10.73,0.0037419999999999997,79655.0,86253.811
002911,2025-11-26,11.9,-0.013267,86811.4,104199.963
002912,2025-11-26,29.83,-0.008641,38763.07,117434.434
002913,2025-11-26,33.72,-0.000593,23740.0,80561.24
002915,2025-11-26,22.52,0.002225,118268.0,267601.967
002916,2025-11-26,204.85,0.019763,103032.25,2125523.75
002917,2025-11-26,13.36,-0.011834,32313.0,43605.131
002918,2025-11-26,14.0,-0.008499,33571.0,47208.096
002919,2025-11-26,22.74,-0.0035060000000000004,118410.65,268832.9
002920,2025-11-26,108.63,-0.007129,39868.39,435019.332
002921,2025-11-26,15.18,-0.007843,38975.86,59977.069
002922,2025-11-26,27.26,-0.002561,140043.38,382482.347
002923,2025-11-26,14.15,0.008553,65161.9,92674.614
002925,2025-11-26,17.91,-0.013223,113872.23,205458.053
002926,2025-11-26,9.54,-0.004175,154424.51,147859.227
002927,2025-11-26,17.58,-0.024958,330717.82,594220.917
002928,2025-11-26,10.42,-0.007619,260781.6,274514.259
002929,2025-11-26,42.61,0.0078049999999999994,113095.08,488733.912
002930,2025-11-26,11.57,0.016696,123134.08,141779.991
002931,2025-11-26,19.71,0.034645999999999996,266644.71,521640.205
002932,2025-11-26,18.92,-0.007345000000000001,24653.28,47126.664
002933,2025-11-26,32.36,-0.029976,19604.0,64059.231
002935,2025-11-26,17.81,-0.025710999999999998,100134.52,180278.378
002936,2025-11-26,2.0,-0.004975,648698.09,130185.893
002937,2025-11-26,19.12,-0.014941,73331.43,140073.63
002938,2025-11-26,45.11,-0.000886,318176.7,1442708.002
002939,2025-11-26,10.04,-0.000995,167145.83,168207.77
002940,2025-11-26,38.73,-0.02664,158577.67,630377.621
002941,2025-11-26,16.61,0.011571,433025.61,728000.738
002942,2025-11-26,19.32,-0.010752999999999999,14654.6,28569.24
002943,2025-11-26,32.19,0.017062,35161.81,112321.573
002945,2025-11-26,14.77,-0.008059,48893.54,72560.78
002946,2025-11-26,16.81,-0.012338,67116.06,113070.157
002947,2025-11-26,43.15,0.0,43951.82,189766.27
002948,2025-11-26,4.8,0.004184,486906.04,234924.219
002949,2025-11-26,14.11,-0.016039,30373.0,43470.051
002950,2025-11-26,11.46,0.007916,103575.0,119574.257
002951,2025-11-26,13.7,-0.011544,17982.0,24758.601
002952,2025-11-26,20.42,-0.009699,35871.25,73944.84
002953,2025-11-26,11.72,-0.067621,250942.67,299715.262
002955,2025-11-26,27.74,0.016117,51777.1,144213.862
002956,2025-11-26,24.59,-0.011656,23935.55,59399.942
002957,2025-11-26,19.23,-0.004143,47225.0,91256.175
002958,2025-11-26,3.15,-0.012539,447034.0,141932.652
002959,2025-11-26,44.48,0.004517,10052.06,44712.585
002960,2025-11-26,10.17,0.002959,63697.15,64798.005
002961,2025-11-26,21.3,-0.006993,50668.0,108328.47
002962,2025-11-26,14.41,-0.010302,20218.0,29409.837
002963,2025-11-26,15.22,0.044612,143671.0,216656.778
002965,2025-11-26,36.88,-0.007000999999999999,60404.4,225574.215
002966,2025-11-26,8.3,0.009732,488675.63,406056.916
002967,2025-11-26,20.19,-0.026987999999999998,109645.01,224271.957
002968,2025-11-26,11.81,-0.013367,25462.4,30358.782
002969,2025-11-26,3.7,-0.0026950000000000003,140484.0,52156.373
002970,2025-11-26,49.0,0.018923000000000002,150045.36,733701.751
002971,2025-11-26,33.42,0.017041999999999998,29389.0,97826.152
002972,2025-11-26,11.95,-0.01158,15956.0,19332.716
002973,2025-11-26,13.82,0.008023,49465.02,69233.628
002975,2025-11-26,77.03,0.00039,106898.35,832094.425
002976,2025-11-26,25.51,0.013508,28364.2,72797.406
002977,2025-11-26,37.93,-0.026437,108658.25,412569.457
002978,2025-11-26,30.61,-0.0077800000000000005,43148.28,132686.858
002979,2025-11-26,40.08,0.018550999999999998,46392.02,184326.751
002980,2025-11-26,22.89,-0.032135,96513.84,222033.64
002981,2025-11-26,29.36,0.007204,20477.4,60540.735
002982,2025-11-26,14.5,-0.011588000000000001,24895.72,36307.696
002983,2025-11-26,19.42,-0.0066500000000000005,13110.0,25742.768
002984,2025-11-26,20.03,-0.008905999999999999,79941.63,160671.891
002985,2025-11-26,27.66,-0.031852,43425.44,121220.083
002986,2025-11-26,10.77,0.0009289999999999999,23641.19,25603.09
002987,2025-11-26,19.35,-0.012251000000000001,70920.41,137999.297
002988,2025-11-26,38.52,0.041643999999999994,49743.74,191261.936
002989,2025-11-26,24.96,-0.026521,27164.56,68403.755
002990,2025-11-26,31.7,-0.032061,85929.0,274650.967
002991,2025-11-26,58.87,-0.015881,14356.99,85251.903
002992,2025-11-26,48.45,-0.000206,9402.0,45669.913
002993,2025-11-26,42.38,0.0028399999999999996,31372.78,133808.98
002995,2025-11-26,18.55,-0.015392999999999999,53924.0,100865.952
002996,2025-11-26,7.43,-0.02108,88214.0,66462.469
002997,2025-11-26,35.17,-0.005655,23866.0,84447.585
002998,2025-11-26,7.67,-0.003896,73077.86,56347.279
002999,2025-11-26,6.94,-0.015603,58876.55,41285.2
003000,2025-11-26,11.52,0.002611,29777.08,34311.088
003001,2025-11-26,21.01,-0.015464,15645.95,33187.49
003002,2025-11-26,25.71,-0.014943,27808.0,72322.01
003003,2025-11-26,12.71,-0.017774,34790.12,44806.737
003004,2025-11-26,21.06,-0.011268,5715.12,12106.882
003005,2025-11-26,21.5,-0.023615,69434.68,151347.039
003006,2025-11-26,21.29,-0.001875,22260.38,47604.235
003007,2025-11-26,36.75,-0.036192,58766.0,218452.778
003008,2025-11-26,23.66,-0.038211,99063.5,235539.222
003009,2025-11-26,53.48,-0.035528,87956.6,477169.966
003010,2025-11-26,36.67,0.003558,40964.85,150661.99
003011,2025-11-26,22.99,-0.0008690000000000001,34302.18,78562.042
003012,2025-11-26,7.0,0.0,53372.25,37545.606
003013,2025-11-26,15.04,0.0,20530.0,31134.466
003015,2025-11-26,15.81,0.014763,108703.0,173382.747
003016,2025-11-26,9.23,0.051253,246387.73,226928.241
003017,2025-11-26,29.63,-0.008699,17254.06,51591.139
003018,2025-11-26,16.95,0.099935,290421.15,477739.2
003019,2025-11-26,31.82,0.000629,27144.19,86638.097
003020,2025-11-26,28.23,0.010018,25936.2,73468.518
003021,2025-11-26,105.01,0.005939,38260.69,403355.949
003022,2025-11-26,18.69,-0.021466,101188.81,191283.918
003023,2025-11-26,23.13,0.0,29355.53,68243.045
003025,2025-11-26,13.97,-0.004986,25478.01,35786.392
003026,2025-11-26,29.97,-0.008601,17772.0,53666.277
003027,2025-11-26,21.6,-0.0018479999999999998,105491.26,229947.2
003028,2025-11-26,30.33,-0.003286,6320.2,19336.452
003029,2025-11-26,25.66,-0.022848,50792.0,132040.763
003030,2025-11-26,21.01,0.002385,17827.29,37733.703
003031,2025-11-26,51.95,-0.000577,16597.13,86443.057
003032,2025-11-26,6.63,-0.007485,38674.0,25776.309
003033,2025-11-26,62.62,0.016723,19572.06,121871.89
003035,2025-11-26,4.82,-0.004132,138168.28,66929.686
003036,2025-11-26,16.39,-0.010863000000000001,25665.26,42566.791
003037,2025-11-26,7.66,-0.007772,39207.0,30249.722
003038,2025-11-26,15.62,-0.016992,33018.68,52154.229
003039,2025-11-26,13.69,-0.015108,29848.0,41169.502
003040,2025-11-26,19.1,-0.006242999999999999,60100.0,115276.872
003041,2025-11-26,59.02,-0.013703,155371.1,889211.23
003042,2025-11-26,17.19,-0.009793,32599.64,56254.043
003043,2025-11-26,46.71,-0.009332,8608.6,40610.719
003816,2025-11-26,3.78,0.0,908377.37,342779.53
300001,2025-11-26,26.05,-0.013258,191569.24,501923.144
300002,2025-11-26,11.63,-0.029215,525746.25,618564.682
300003,2025-11-26,15.85,0.003165,141636.26,225659.418
300004,2025-11-26,10.2,-0.019231,111814.0,114967.212
300005,2025-11-26,10.85,0.028436,417383.82,452021.469
300006,2025-11-26,5.4,0.077844,909601.71,486166.417
300007,2025-11-26,48.41,0.013398,179580.16,871813.459
300008,2025-11-26,7.85,-0.092486,3583168.51,2868191.852
300009,2025-11-26,9.98,0.003015,235111.04,237173.676
300010,2025-11-26,6.79,-0.03,741851.32,509737.065
300011,2025-11-26,8.45,-0.017442,98922.0,83983.702
300012,2025-11-26,13.51,-0.008076,200697.85,271594.677
300013,2025-11-26,4.15,-0.009547,155661.0,65242.104
300014,2025-11-26,72.37,-0.0017929999999999999,349398.41,2535541.989
300015,2025-11-26,11.43,-0.013805000000000001,617940.9,711723.306
300016,2025-11-26,8.42,0.018138,138936.0,116843.415
300017,2025-11-26,10.4,-0.000961,342182.27,357902.662
300018,2025-11-26,10.76,-0.004625000000000001,106250.08,114838.932
300019,2025-11-26,21.09,-0.028111,137464.4,293496.425
300020,2025-11-26,3.74,0.0,98805.4,37187.124
300021,2025-11-26,4.67,-0.012685,145817.27,68747.697
300022,2025-11-26,8.22,-0.004843,70444.64,57852.071
300024,2025-11-26,17.06,-0.004667,151687.94,259858.037
300025,2025-11-26,6.31,-0.021705000000000002,109870.0,70188.532
300026,2025-11-26,3.75,0.013514,642565.18,243221.598
300027,2025-11-26,2.64,0.003802,1195079.93,317435.116
300029,2025-11-26,6.25,-0.014196,33674.0,21381.351
300030,2025-11-26,7.97,-0.002503,64893.0,52530.165
300031,2025-11-26,22.26,-0.015044,78703.57,176621.498
300032,2025-11-26,5.31,0.005682,285422.5,152298.942
300033,2025-11-26,321.88,0.005844,49677.01,1603770.686
300034,2025-11-26,15.88,-0.013665,87765.72,140300.022
300035,2025-11-26,21.53,-0.020027,285980.42,622901.899
300036,2025-11-26,18.9,-0.040122,487961.91,934183.218
300037,2025-11-26,50.21,-0.025804999999999998,227327.27,1152758.806
300039,2025-11-26,6.45,0.00624,362726.6,234919.978
300040,2025-11-26,6.3,-0.010989,111304.49,70753.163
300041,2025-11-26,10.95,-0.017056,152186.67,168821.148
300042,2025-11-26,27.2,-0.010188999999999998,101533.0,278529.68
300043,2025-11-26,5.81,-0.028428,633164.89,371860.173
300044,2025-11-26,4.76,-0.010395000000000001,199026.0,95419.209
300045,2025-11-26,21.89,-0.052381000000000004,500326.83,1116239.626
300046,2025-11-26,34.53,-0.006331,43675.79,151444.252
300047,2025-11-26,14.68,-0.017403,140540.26,208685.23
300048,2025-11-26,5.52,-0.00361,165424.0,91510.706
300049,2025-11-26,66.18,0.006540000000000001,35948.51,239255.131
300050,2025-11-26,5.98,-0.014827,154552.0,93366.233
300051,2025-11-26,6.88,-0.017143,80022.0,55671.419
300052,2025-11-26,12.21,-0.0016350000000000002,68148.0,83801.187
300053,2025-11-26,14.47,-0.014305000000000002,378426.16,551461.751
300054,2025-11-26,33.05,-0.005117,126358.19,418525.702
300055,2025-11-26,8.06,-0.011043,114571.82,93110.577
300056,2025-11-26,8.36,-0.021077,92389.73,78204.007
300057,2025-11-26,5.82,-0.020202,236503.0,139369.522
300058,2025-11-26,10.93,0.002752,9920638.85,10979854.379
300059,2025-11-26,23.34,-0.003416,1688908.08,3954330.984
300061,2025-11-26,11.57,0.037668,282260.3,323620.911
300062,2025-11-26,8.26,-0.030516,644510.23,535833.236
300063,2025-11-26,9.6,-0.0174,913148.0,883374.318
300065,2025-11-26,17.44,-0.028953000000000003,341677.82,599178.8
300066,2025-11-26,6.49,-0.00916,152482.91,99725.038
300067,2025-11-26,4.74,-0.018633999999999998,228277.0,109306.677
300068,2025-11-26,16.84,-0.02093,296934.79,503248.308
300069,2025-11-26,18.57,-0.010655,26572.0,49886.562
300070,2025-11-26,4.23,-0.0070420000000000005,218499.44,93004.424
300071,2025-11-26,6.93,-0.045454999999999995,1971587.21,1396779.852
300072,2025-11-26,4.6,-0.012876,542176.13,250785.786
300073,2025-11-26,57.89,-0.005839,121259.9,707077.479
300074,2025-11-26,5.21,-0.009506,233443.0,122810.304
300075,2025-11-26,16.02,-0.017178,116722.18,189278.086
300076,2025-11-26,6.86,-0.015782,207677.0,143870.354
300077,2025-11-26,20.88,-0.007605,102229.78,214792.911
300078,2025-11-26,4.9,0.00823,2285171.62,1142179.238
300079,2025-11-26,5.68,-0.010452999999999999,314031.04,179687.049
300080,2025-11-26,5.09,-0.028626,260697.4,134310.151
300081,2025-11-26,5.83,-0.018519,375596.5,222058.59
300082,2025-11-26,10.24,0.011858,559341.0,576239.791
300083,2025-11-26,9.03,-0.007692,302555.19,274901.491
300084,2025-11-26,8.85,-0.001129,69587.0,62103.774
300085,2025-11-26,38.65,-0.008211000000000001,163324.9,634595.86
300086,2025-11-26,12.97,0.056189,1655341.97,2199270.549
300087,2025-11-26,11.42,0.006167000000000001,669729.97,763018.682
300088,2025-11-26,5.85,-0.005102,213409.87,125719.437
300091,2025-11-26,2.96,-0.010033,302776.0,90538.19
300092,2025-11-26,16.4,-0.0018260000000000001,157634.8,255788.935
300093,2025-11-26,13.94,-0.027216,60139.38,84457.569
300094,2025-11-26,4.11,-0.072235,2422376.32,1012467.513
300095,2025-11-26,9.08,-0.046218,158980.7,147222.175
300096,2025-11-26,7.36,-0.023873000000000002,57013.55,42420.979
300097,2025-11-26,6.18,0.003247,36452.0,22587.94
300098,2025-11-26,5.51,-0.017825,337036.38,187291.136
300099,2025-11-26,7.06,-0.023513000000000003,229504.12,164508.17
300100,2025-11-26,36.9,0.008472,110294.8,409160.732
300101,2025-11-26,22.24,-0.024133,111814.31,250297.282
300102,2025-11-26,16.25,0.10469099999999999,1735276.92,2787219.649
300103,2025-11-26,6.9,-0.0028899999999999998,71129.5,49817.257
300105,2025-11-26,7.49,-0.009259,62711.0,47493.313
300106,2025-11-26,11.25,0.006261,84488.0,95168.324
300107,2025-11-26,6.89,-0.021307,55527.0,38671.062
300109,2025-11-26,17.6,-0.01566,89856.06,159467.116
300110,2025-11-26,3.47,0.020588000000000002,384764.5,134581.382
300111,2025-11-26,7.75,0.047297000000000006,1356820.87,1049344.547
300112,2025-11-26,8.82,-0.016722,54463.0,48975.212
300113,2025-11-26,20.38,-0.013552999999999999,157448.09,323351.614
300115,2025-11-26,37.9,0.09159,1688270.52,6312046.76
300118,2025-11-26,10.58,-0.009363,415536.81,445029.939
300119,2025-11-26,19.66,0.002039,51741.0,102690.353
300120,2025-11-26,8.82,-0.006757,103796.0,91925.496
300121,2025-11-26,14.19,-0.037966,158497.5,227817.992
300122,2025-11-26,20.36,-0.004888,200218.93,412680.82
300123,2025-11-26,6.88,-0.041783,1473772.44,1018227.854
300124,2025-11-26,70.3,0.007019,226346.28,1593335.84
300125,2025-11-26,8.38,-0.019882999999999998,93857.49,79853.787
300126,2025-11-26,9.58,0.024599000000000003,94441.0,91004.524
300127,2025-11-26,30.81,-0.017538,45691.0,141873.737
300128,2025-11-26,6.78,-0.0029409999999999996,338650.88,231565.987
300129,2025-11-26,7.54,-0.007895,181832.0,138803.35
300130,2025-11-26,25.62,-0.005821,76352.24,197300.61
300131,2025-11-26,11.59,0.008702999999999999,1177880.46,1355229.974
300132,2025-11-26,7.48,0.008086,221195.34,168782.964
300133,2025-11-26,7.83,-0.015094000000000002,654650.46,517274.091
300134,2025-11-26,12.05,-0.029009,181916.6,221490.021
300135,2025-11-26,4.01,-0.004963,144202.99,58325.499
300136,2025-11-26,30.96,0.057377000000000004,619996.63,1912070.081
300137,2025-11-26,8.04,0.012594000000000001,62800.95,50694.305
300138,2025-11-26,12.3,-0.005659,38924.0,48107.819
300139,2025-11-26,24.48,-0.00040800000000000005,226654.23,557605.045
300140,2025-11-26,6.31,-0.018663,130692.21,83367.365
300141,2025-11-26,11.05,-0.009857,46945.5,52209.099
300142,2025-11-26,12.22,-0.012126,356810.4,444363.198
300143,2025-11-26,10.16,0.003953,55071.38,56548.769
300144,2025-11-26,7.93,-0.002516,196257.98,156566.944
300145,2025-11-26,4.25,-0.013921,231159.36,98757.396
300146,2025-11-26,12.3,-0.010459000000000001,139621.99,172455.437
300147,2025-11-26,9.77,0.042689000000000005,196025.34,193622.023
300148,2025-11-26,4.82,-0.014315,380029.81,184807.02
300149,2025-11-26,10.42,0.006763,94679.0,99838.723
300150,2025-11-26,5.49,-0.026596,162289.0,90354.987
300151,2025-11-26,13.82,-0.026761,89440.34,125603.534
300152,2025-11-26,2.5,0.012145999999999999,595729.44,146779.629
300153,2025-11-26,31.0,-0.010532999999999999,109006.37,340639.508
300154,2025-11-26,9.02,-0.008791,38808.0,35277.274
300155,2025-11-26,5.89,-0.019967,224907.99,134165.492
300157,2025-11-26,4.82,-0.028226,402628.84,197012.099
300158,2025-11-26,6.77,0.008942,520366.32,360136.793
300159,2025-11-26,3.24,0.048544000000000004,422437.0,134384.956
300160,2025-11-26,5.64,-0.0052910000000000006,73831.15,41893.771
300161,2025-11-26,28.09,-0.017832,28667.0,81509.055
300162,2025-11-26,7.96,-0.013630999999999999,83383.0,66902.645
300163,2025-11-26,4.4,-0.009009,222903.0,98600.267
300164,2025-11-26,5.57,-0.017637,495468.0,280134.981
300165,2025-11-26,4.53,0.004435,46208.0,21090.159
300166,2025-11-26,11.1,-0.022887,467170.69,524942.782
300167,2025-11-26,5.63,0.0,45789.0,25732.336
300168,2025-11-26,7.14,-0.015172000000000001,259835.86,188058.026
300169,2025-11-26,6.57,-0.023774000000000003,72301.0,48039.183
300170,2025-11-26,18.43,-0.008073,777912.73,1445862.366
300171,2025-11-26,16.13,0.023477,197440.0,321750.18
300172,2025-11-26,5.65,-0.063018,658712.25,379952.491
300173,2025-11-26,6.03,-0.027419,370489.0,225066.392
300174,2025-11-26,15.53,-0.018331,84126.66,132337.996
300175,2025-11-26,5.71,0.0,74519.0,43636.818
300176,2025-11-26,6.69,-0.007418,77112.0,52157.39
300177,2025-11-26,9.41,-0.029897,216006.71,205512.042
300179,2025-11-26,16.03,0.070093,794120.97,1232004.242
300180,2025-11-26,6.68,-0.005952,250441.6,167744.562
300181,2025-11-26,17.07,-0.004084,57397.57,98666.044
300182,2025-11-26,6.02,-0.01473,793911.87,482382.653
300183,2025-11-26,15.49,-0.014631,39593.08,61841.048
300184,2025-11-26,10.06,-0.014691000000000001,246069.81,249624.748
300185,2025-11-26,2.85,-0.0069689999999999995,652709.09,186794.738
300187,2025-11-26,5.2,-0.015152,80580.0,42286.257
300188,2025-11-26,14.86,-0.021724999999999998,225645.48,338981.298
300189,2025-11-26,5.96,0.029361,2750752.36,1635404.489
300190,2025-11-26,4.03,-0.007389,114478.07,46482.718
300191,2025-11-26,18.39,-0.026983999999999998,62520.52,116531.337
300192,2025-11-26,22.67,-0.053445,750565.22,1713201.48
300193,2025-11-26,8.94,0.002242,53917.61,48198.935
300194,2025-11-26,4.59,0.015486999999999999,362370.26,166528.553
300195,2025-11-26,7.99,-0.029162,104222.0,84671.861
300196,2025-11-26,13.44,-0.011038,28138.1,38088.435
300197,2025-11-26,1.99,-0.005,396121.59,79681.596
300198,2025-11-26,2.64,0.060240999999999996,390084.82,100907.519
300199,2025-11-26,18.47,-0.004313,295334.26,553670.09
300200,2025-11-26,11.56,-0.040664,530687.52,618075.641
300201,2025-11-26,6.22,-0.022012999999999998,1015969.54,625633.075
300203,2025-11-26,15.42,0.0058709999999999995,53689.67,82981.299
300204,2025-11-26,31.2,0.015625,359163.07,1135066.148
300205,2025-11-26,4.43,-0.019912,49633.0,22011.3
300206,2025-11-26,13.73,0.017037,96823.0,133873.465
300207,2025-11-26,28.79,0.005237,471119.91,1354351.785
300209,2025-11-26,5.48,-0.0018210000000000001,108076.0,60112.249
300210,2025-11-26,8.76,-0.003413,56347.0,49451.358
300211,2025-11-26,8.6,0.010576,30737.0,26373.938
300212,2025-11-26,19.35,-0.020749,100799.49,197569.322
300213,2025-11-26,8.64,0.004651,214102.29,185663.107
300214,2025-11-26,7.17,-0.032389,113122.0,81768.506
300215,2025-11-26,7.63,0.077684,876856.75,656896.472
300217,2025-11-26,5.14,-0.013435999999999998,253178.68,130994.155
300218,2025-11-26,16.54,-0.018398,61117.0,102088.741
300219,2025-11-26,7.42,-0.013298,156806.26,117010.79
300220,2025-11-26,15.02,-0.024041999999999997,30073.54,45740.886
300221,2025-11-26,8.94,-0.058947,615455.17,560832.401
300222,2025-11-26,11.17,-0.0026790000000000004,102905.87,115420.261
300223,2025-11-26,78.78,-0.0036680000000000003,134643.73,1064736.048
300224,2025-11-26,14.93,-0.006653,124205.71,186272.36
300225,2025-11-26,5.87,-0.037705,139245.0,82037.185
300226,2025-11-26,24.64,-0.007252,48034.4,118965.779
300227,2025-11-26,8.77,-0.014607000000000002,100917.62,89170.645
300228,2025-11-26,8.15,-0.018071999999999998,242335.52,200295.97
300229,2025-11-26,20.84,-0.011854,398735.9,840097.402
300230,2025-11-26,4.83,-0.008214,117598.0,57355.026
300231,2025-11-26,10.83,-0.017241,100491.57,110133.585
300232,2025-11-26,7.04,0.0,116356.54,82050.757
300233,2025-11-26,16.99,0.007113,109687.19,189694.86
300234,2025-11-26,5.24,-0.013183,86112.0,45500.4
300235,2025-11-26,16.05,-0.008647,116469.5,186994.345
300236,2025-11-26,54.82,-0.035369000000000005,107927.65,594633.977
300237,2025-11-26,3.08,-0.006452,501134.9,153681.156
300238,2025-11-26,15.36,-0.014121,74850.0,116676.654
300239,2025-11-26,5.66,-0.01049,201619.02,115331.77
300240,2025-11-26,7.67,-0.014138999999999999,59629.0,46194.382
300241,2025-11-26,5.71,-0.005226,136458.0,78973.364
300242,2025-11-26,5.59,-0.003565,388795.0,219609.064
300243,2025-11-26,10.67,-0.019301,60092.7,64952.897
300244,2025-11-26,16.24,0.014366,353959.99,585342.99
300245,2025-11-26,14.93,-0.021625000000000002,130025.93,196474.705
300246,2025-11-26,8.51,-0.016185,53614.0,46397.735
300247,2025-11-26,5.1,0.078224,796348.88,402201.828
300248,2025-11-26,13.6,-0.008746,294734.18,406994.709
300249,2025-11-26,15.01,-0.005302,163035.95,249118.347
300250,2025-11-26,28.92,-0.037604,319695.0,933851.153
300251,2025-11-26,16.4,-0.009063,313014.67,516094.23
300252,2025-11-26,12.49,-0.024219,193697.0,244197.798
300253,2025-11-26,8.79,-0.003401,1210163.45,1083530.126
300254,2025-11-26,10.54,-0.000948,83727.0,89650.13
300255,2025-11-26,62.72,0.046031,292264.2,1814905.589
300256,2025-11-26,4.41,0.011468,1159233.76,513207.152
300257,2025-11-26,14.27,-0.013822000000000001,59139.99,85280.965
300258,2025-11-26,12.82,-0.006202,82517.63,106573.268
300259,2025-11-26,4.32,-0.020408,252944.1,110253.767
300260,2025-11-26,55.71,-0.038986,315473.36,1769107.314
300261,2025-11-26,7.37,0.005457,270558.69,202724.317
300263,2025-11-26,7.93,-0.016129,213215.19,170322.675
300264,2025-11-26,6.75,0.056338,628708.02,423095.506
300265,2025-11-26,9.23,-0.027397,83722.26,78237.85
300266,2025-11-26,2.57,-0.007722,182251.34,47519.753
300267,2025-11-26,4.04,0.01,1478506.32,611189.301
300268,2025-11-26,13.8,0.023739,24261.0,33331.197
300269,2025-11-26,5.83,-0.013536,988975.94,591654.216
300270,2025-11-26,11.76,0.019948,319871.4,378555.043
300271,2025-11-26,8.26,-0.028235,378377.24,316242.667
300272,2025-11-26,7.38,0.006821000000000001,338800.61,251056.748
300274,2025-11-26,182.53,0.038814,840095.76,15201379.161
300275,2025-11-26,12.57,-0.014117999999999999,57937.7,73940.811
300276,2025-11-26,8.86,-0.0033750000000000004,128312.31,114203.416
300277,2025-11-26,12.6,-0.030769,105712.48,134715.614
300278,2025-11-26,5.51,-0.02305,199512.54,111206.692
300279,2025-11-26,7.15,-0.011065,59711.0,43075.248
300281,2025-11-26,7.56,-0.030769,73938.5,56774.673
300283,2025-11-26,7.6,-0.021879,204906.91,156292.089
300284,2025-11-26,8.34,-0.002392,316419.43,272268.762
300285,2025-11-26,22.35,-0.0044540000000000005,149452.25,337983.379
300286,2025-11-26,22.28,-0.011096,38793.0,87167.411
300287,2025-11-26,5.39,-0.021779000000000003,601656.28,330535.499
300288,2025-11-26,15.0,-0.005305,129729.06,196482.502
300289,2025-11-26,7.79,0.014322999999999999,290180.0,229519.703
300290,2025-11-26,26.77,-0.014721999999999999,229112.56,616026.919
300291,2025-11-26,5.93,-0.024671,214359.73,128714.866
300292,2025-11-26,4.79,-0.014403,383733.0,185180.01
300293,2025-11-26,23.1,0.008733999999999999,112941.0,260514.833
300294,2025-11-26,23.85,-0.00625,34490.0,82790.247
300295,2025-11-26,14.67,-0.022652000000000002,221992.74,326785.621
300296,2025-11-26,6.14,-0.014446,352914.49,218639.238
300298,2025-11-26,17.95,0.009561,81145.58,145431.457
300299,2025-11-26,8.08,-0.111111,2097092.02,1757145.464
300300,2025-11-26,13.0,-0.032018,1792378.83,2382394.646
300301,2025-11-26,2.5,0.008065,96223.02,24095.168
300302,2025-11-26,18.78,-0.019320999999999998,155106.82,294108.118
300303,2025-11-26,6.49,0.01248,239703.74,155632.813
300304,2025-11-26,11.1,0.015553999999999998,171718.04,191991.973
300305,2025-11-26,6.51,-0.01214,65034.0,42358.148
300306,2025-11-26,13.45,-0.020392999999999998,121347.0,164859.057
300307,2025-11-26,7.84,-0.028501,378987.14,300132.488
300308,2025-11-26,543.22,0.132511,628951.48,32975131.626
300310,2025-11-26,6.61,0.039308,904373.3,589520.333
300311,2025-11-26,4.85,-0.006148,86861.9,42418.066
300313,2025-11-26,9.58,0.031216,75594.21,72485.448
300314,2025-11-26,13.32,-0.0022470000000000003,32214.0,43554.141
300315,2025-11-26,5.27,-0.018622,907981.67,481665.122
300316,2025-11-26,36.09,0.043365,293690.51,1050933.358
300317,2025-11-26,3.87,-0.01023,257208.0,100849.753
300318,2025-11-26,7.05,0.030701999999999997,475340.3,338462.444
300319,2025-11-26,11.72,-0.017603,167472.37,197856.172
300320,2025-11-26,9.71,-0.00308,91703.89,90178.543
300321,2025-11-26,45.83,-0.022397999999999998,15930.0,73615.786
300322,2025-11-26,21.24,-0.008403,136204.41,291811.129
300323,2025-11-26,7.67,0.015894,227328.48,175434.893
300324,2025-11-26,6.07,0.035836,1919950.82,1145939.409
300326,2025-11-26,5.75,0.0,48563.0,28112.382
300327,2025-11-26,27.81,0.015705,148989.76,413559.994
300328,2025-11-26,15.88,0.014049,305345.42,488989.549
300329,2025-11-26,16.68,-0.003584,42780.0,71363.765
300331,2025-11-26,31.52,-0.030452,123142.27,389886.099
300332,2025-11-26,5.53,-0.0125,142321.35,79564.106
300333,2025-11-26,11.34,-0.022414,88881.59,102033.098
300334,2025-11-26,7.5,-0.023438,62678.0,47667.67
300335,2025-11-26,5.87,-0.015101,148139.7,88035.537
300337,2025-11-26,9.97,-0.040423,273890.4,278332.27
300338,2025-11-26,4.26,0.028986,142227.07,59404.537
300339,2025-11-26,53.33,0.000563,434148.5,2299128.266
300340,2025-11-26,13.4,-0.042172999999999995,152800.0,208307.767
300341,2025-11-26,16.72,0.013333,83404.0,139021.164
300342,2025-11-26,18.42,-0.009677,249078.87,463438.293
300343,2025-11-26,5.74,-0.018803,205303.0,118765.77
300344,2025-11-26,3.85,-0.04703,329121.66,128818.472
300345,2025-11-26,6.47,-0.010703,80634.0,52843.789
300346,2025-11-26,39.01,-0.049,545366.44,2147469.008
300347,2025-11-26,51.08,0.004326,88848.77,457308.101
300348,2025-11-26,13.8,-0.017094,133132.8,185904.952
300349,2025-11-26,12.95,-0.008423,52202.0,68413.815
300350,2025-11-26,7.09,-0.045759999999999995,634632.65,455831.885
300351,2025-11-26,16.61,-0.010721000000000001,70261.64,117470.855
300352,2025-11-26,5.86,-0.024958,384323.56,227892.514
300353,2025-11-26,20.38,-0.007306,125849.04,258457.435
300354,2025-11-26,42.19,0.000949,29965.0,126731.195
300355,2025-11-26,4.14,0.0,324716.0,134799.715
300357,2025-11-26,31.29,0.006109,43631.72,137765.078
300358,2025-11-26,9.36,0.006452,276364.64,260304.25
300359,2025-11-26,5.85,-0.018456,176188.55,103625.915
300360,2025-11-26,16.4,-0.0018260000000000001,144843.38,239302.933
300363,2025-11-26,23.56,0.00813,78657.28,186813.485
300364,2025-11-26,28.38,-0.017993,767486.58,2211350.405
300365,2025-11-26,6.73,-0.005908,161713.0,109570.373
300366,2025-11-26,6.72,0.010526,135324.49,90748.169
300368,2025-11-26,14.8,-0.017263999999999998,289887.0,434090.417
300369,2025-11-26,8.48,-0.015099,298099.21,254033.134
300370,2025-11-26,2.86,-0.013793,216509.0,62624.891
300371,2025-11-26,12.49,-0.02116,28203.24,35715.273
300373,2025-11-26,64.12,0.002815,85430.5,548812.609
300374,2025-11-26,17.84,0.012485999999999999,329588.9,605173.737
300375,2025-11-26,5.15,-0.001938,147080.87,76560.111
300376,2025-11-26,5.78,0.015817,288651.15,167190.749
300377,2025-11-26,16.73,-0.02278,172668.77,291612.555
300378,2025-11-26,44.1,-0.027563,118698.25,530567.832
300380,2025-11-26,41.3,-0.015729,20792.0,86678.442
300381,2025-11-26,7.0,-0.012694,57193.0,40655.446
300382,2025-11-26,15.48,-0.0006460000000000001,119517.24,185270.205
300383,2025-11-26,12.96,-0.0068969999999999995,310502.99,406084.59
300384,2025-11-26,15.53,-0.01771,28036.61,43999.44
300385,2025-11-26,6.42,0.027200000000000002,182853.84,116136.368
300386,2025-11-26,16.72,-0.028472,59328.0,100725.839
300387,2025-11-26,8.81,-0.017837000000000002,57299.38,50915.204
300388,2025-11-26,9.08,0.013392999999999999,106750.8,97362.246
300389,2025-11-26,15.96,-0.006227,27113.0,43493.753
300390,2025-11-26,50.36,-0.012355,673407.26,3461092.88
300391,2025-11-26,2.49,-0.087912,466318.04,119313.851
300393,2025-11-26,7.05,-0.04212,659182.98,470733.441
300394,2025-11-26,156.95,0.062411,518913.8,7982288.777
300395,2025-11-26,77.34,0.002593,246494.0,1904520.095
300396,2025-11-26,13.39,-0.024051999999999997,36055.9,48990.883
300397,2025-11-26,13.74,-0.058904,546215.41,754498.743
300398,2025-11-26,21.12,-0.018587,152440.26,323255.427
300399,2025-11-26,25.34,-0.01324,31326.29,79881.514
300400,2025-11-26,19.86,0.0020180000000000003,39273.01,78539.309
300401,2025-11-26,13.67,0.010347,83899.0,114735.124
300402,2025-11-26,20.77,-0.023965999999999998,92135.0,192925.414
300403,2025-11-26,13.69,0.017844,262881.49,361485.246
300404,2025-11-26,10.05,-0.0049499999999999995,131479.4,134657.729
300405,2025-11-26,7.14,0.024390000000000002,266648.0,190388.994
300406,2025-11-26,13.46,0.0007430000000000001,37110.0,50057.209
300407,2025-11-26,13.35,0.107884,352784.94,461951.282
300408,2025-11-26,44.0,-0.00565,198041.56,866558.44
300409,2025-11-26,21.11,-0.00985,158277.19,335668.717
300410,2025-11-26,8.56,-0.016092,152896.0,133265.146
300411,2025-11-26,11.39,-0.018949,49585.0,56984.473
300412,2025-11-26,5.57,0.001799,164471.4,92502.223
300413,2025-11-26,26.05,-0.011385000000000001,140581.14,367228.112
300414,2025-11-26,12.44,-0.041602,191392.82,239124.742
300415,2025-11-26,23.84,0.001681,48542.91,116236.575
300416,2025-11-26,15.07,-0.013743,115402.05,176100.647
300417,2025-11-26,13.01,-0.021804999999999998,33891.0,44985.748
300418,2025-11-26,45.16,-0.0116,893777.15,4053887.432
300419,2025-11-26,6.84,0.007364000000000001,79262.0,54183.939
300420,2025-11-26,3.96,-0.005024999999999999,176515.9,70329.483
300421,2025-11-26,20.02,0.046524,311914.4,620743.077
300422,2025-11-26,5.05,-0.019417,77913.1,39957.053
300423,2025-11-26,7.51,-0.022135,126734.74,97285.48
300424,2025-11-26,16.68,-0.034163,149473.59,251635.675
300425,2025-11-26,5.09,-0.009728,63195.0,32407.544
300426,2025-11-26,8.95,-0.0033410000000000002,88156.22,79357.203
300427,2025-11-26,8.16,-0.09434,1142826.77,961483.32
300428,2025-11-26,20.84,-0.020676999999999997,88368.95,185857.938
300429,2025-11-26,13.34,-0.023426,169984.54,227695.041
300430,2025-11-26,18.19,-0.004923,34487.37,63292.444
300432,2025-11-26,15.39,-0.008376,415344.68,642243.186
300433,2025-11-26,27.47,0.012159,668751.15,1839909.515
300434,2025-11-26,12.63,-0.014052,662493.2,863557.744
300435,2025-11-26,19.11,-0.005206,54448.0,104765.854
300436,2025-11-26,100.92,0.023529,78211.0,787544.476
300437,2025-11-26,18.99,0.017685,707016.64,1357573.155
300438,2025-11-26,48.15,-0.0051649999999999995,216457.95,1050981.348
300439,2025-11-26,10.43,-0.006666999999999999,50246.0,53225.285
300440,2025-11-26,12.11,-0.011429,39509.0,48236.913
300441,2025-11-26,7.62,-0.009103,37225.0,28582.895
300442,2025-11-26,48.52,0.015913,203578.95,990701.037
300443,2025-11-26,26.03,-0.006109,47586.72,124461.847
300444,2025-11-26,9.29,-0.059717,781552.95,738998.154
300445,2025-11-26,20.06,0.003502,29708.8,59929.504
300446,2025-11-26,19.33,-0.030105,227592.0,444173.901
300447,2025-11-26,15.12,-0.019455,56686.0,86486.27
300448,2025-11-26,7.95,0.012739,439141.21,349100.601
300449,2025-11-26,7.07,-0.02213,61060.0,43729.234
300450,2025-11-26,48.5,-0.003902,410210.37,1993885.808
300451,2025-11-26,5.31,-0.022099,713380.63,384590.264
300452,2025-11-26,14.74,0.015851,193699.9,287532.051
300453,2025-11-26,9.27,0.002162,74292.73,69585.496
300454,2025-11-26,117.0,0.012373,60070.26,706994.687
300455,2025-11-26,23.88,-0.045182,639178.76,1574310.044
300456,2025-11-26,42.09,0.16270700000000002,2054255.16,8211031.129
300457,2025-11-26,27.33,-0.000731,108096.36,296318.298
300458,2025-11-26,41.9,0.009395,229373.26,967539.285
300459,2025-11-26,5.13,-0.037523,2949794.29,1531670.151
300460,2025-11-26,10.28,-0.033835000000000004,194968.8,201754.78
300461,2025-11-26,20.17,-0.005424,19592.0,39852.404
300462,2025-11-26,11.53,0.0017380000000000002,34751.0,40310.442
300463,2025-11-26,11.48,-0.002606,55843.78,64829.657
300464,2025-11-26,7.4,0.017882,248556.0,184746.151
300465,2025-11-26,22.05,-0.034588,266098.52,604329.624
300466,2025-11-26,9.75,-0.017137,52139.0,51322.106
300467,2025-11-26,26.51,0.029914999999999997,137441.86,364228.07
300468,2025-11-26,32.54,-0.010341,111641.17,365531.826
300469,2025-11-26,62.0,-0.004176,38289.0,238837.78
300470,2025-11-26,34.99,-0.006812,16978.0,59702.241
300471,2025-11-26,12.46,0.011364,192247.12,243082.973
300472,2025-11-26,9.16,0.078916,209723.43,186698.492
300473,2025-11-26,27.97,-0.020315,29426.0,83171.28
300474,2025-11-26,73.63,0.010014,119129.85,870585.362
300475,2025-11-26,133.4,0.016691,493572.67,6508022.022
300476,2025-11-26,277.0,0.045086,463362.04,12761901.501
300477,2025-11-26,3.85,0.129032,1958939.52,714619.978
300478,2025-11-26,30.4,-0.025640999999999997,141983.66,439385.376
300479,2025-11-26,20.0,-0.014293,58076.84,117469.471
300480,2025-11-26,15.49,-0.015883,39062.81,61038.2
300481,2025-11-26,17.21,-0.023269,249448.04,432152.828
300482,2025-11-26,20.92,-0.004284,42758.0,90283.315
300483,2025-11-26,15.02,-0.03284,154518.84,234593.15
300484,2025-11-26,18.96,-0.011984999999999999,31048.0,59401.017
300485,2025-11-26,12.06,0.009205,199697.0,246958.646
300486,2025-11-26,21.23,-0.025253,134895.9,288749.946
300487,2025-11-26,52.66,-0.005852,30682.94,162873.968
300488,2025-11-26,30.7,-0.003247,8820.92,27215.721
300489,2025-11-26,41.06,-0.022381,17025.6,70422.379
300490,2025-11-26,10.85,-0.025157,184124.0,202464.531
300491,2025-11-26,26.9,-0.022884,85149.0,232001.401
300492,2025-11-26,68.42,0.002197,10288.8,70480.315
300493,2025-11-26,20.1,0.032357,385123.53,779711.107
300494,2025-11-26,12.52,-0.020344,162985.8,206113.371
300496,2025-11-26,63.95,0.0025080000000000002,91198.75,583986.549
300497,2025-11-26,15.66,-0.045122,900914.04,1448875.28
300498,2025-11-26,17.78,-0.002245,305829.13,545303.466
300499,2025-11-26,26.21,0.001911,160289.32,420107.317
300500,2025-11-26,16.13,-0.051734,182581.55,297999.396
300501,2025-11-26,16.01,-0.014162999999999999,32250.0,52147.492
300502,2025-11-26,331.12,0.086637,678785.78,22049967.24
300503,2025-11-26,28.15,0.023636,198825.92,575443.902
300504,2025-11-26,14.1,-0.013986,28014.0,39786.477
300505,2025-11-26,21.22,-0.015313,135738.53,291284.189
300506,2025-11-26,4.73,-0.008386,84525.5,40340.365
300507,2025-11-26,8.68,-0.03125,188587.94,165612.026
300508,2025-11-26,34.45,-0.015432999999999999,28563.8,98806.709
300509,2025-11-26,10.73,-0.004638,43146.95,46570.52
300510,2025-11-26,4.23,-0.009368,150148.0,63870.991
300511,2025-11-26,7.04,0.021771,191304.74,134972.081
300512,2025-11-26,9.43,-0.013597999999999999,47901.0,45517.544
300513,2025-11-26,9.97,-0.014822,76235.0,76146.321
300514,2025-11-26,13.29,-0.015556,33383.0,44748.919
300515,2025-11-26,19.57,-0.0015310000000000002,14706.0,28915.34
300516,2025-11-26,53.35,-0.128268,263139.87,1451317.438
300517,2025-11-26,11.97,-0.034677,64416.99,78631.125
300518,2025-11-26,17.68,0.11055300000000001,206027.01,355118.192
300519,2025-11-26,16.1,0.003115,36122.0,59168.695
300520,2025-11-26,34.81,-0.024657,244561.48,857410.503
300521,2025-11-26,29.59,0.014745999999999999,44239.2,131133.506
300522,2025-11-26,13.1,-0.021658,50150.0,66218.493
300523,2025-11-26,26.85,0.044747,109536.34,289716.804
300525,2025-11-26,14.22,-0.039189,393550.2,568453.435
300527,2025-11-26,8.63,-0.042175000000000004,437030.7,382041.634
300528,2025-11-26,21.29,-0.026075,222257.4,482794.566
300529,2025-11-26,20.01,-0.009896,28945.72,58434.538
300530,2025-11-26,29.06,-0.018243,20599.0,60407.653
300531,2025-11-26,17.37,-0.005155,45770.0,80231.437
300532,2025-11-26,11.88,-0.009174,31133.45,37337.566
300533,2025-11-26,35.12,-0.029566,77351.0,274437.027
300534,2025-11-26,10.47,0.032544,267263.0,282474.331
300535,2025-11-26,19.39,-0.002059,38489.0,76268.995
300536,2025-11-26,8.1,-0.019370000000000002,51628.0,42516.434
300537,2025-11-26,22.68,-0.024516,51295.65,116992.447
300538,2025-11-26,17.42,-0.071923,272330.49,481341.117
300539,2025-11-26,44.18,0.033692,92065.88,409000.183
300540,2025-11-26,17.57,-0.005659,22355.0,39485.619
300541,2025-11-26,14.71,-0.01076,89975.03,133591.975
300542,2025-11-26,18.16,-0.022605,65361.0,120649.341
300543,2025-11-26,10.63,-0.00932,43409.79,46638.757
300545,2025-11-26,28.19,-0.012608999999999999,23210.0,65920.58
300546,2025-11-26,23.95,-0.009512,31639.0,76148.196
300547,2025-11-26,34.03,-0.011904999999999999,55191.0,189533.765
300548,2025-11-26,122.5,-0.004065,554828.74,6837550.668
300549,2025-11-26,18.96,-0.023184,23316.0,45068.249
300550,2025-11-26,14.08,0.004996,45590.69,64082.482
300551,2025-11-26,13.29,-0.014095,123796.0,167326.566
300552,2025-11-26,24.98,-0.018082,23305.54,58965.915
300553,2025-11-26,33.26,0.015263,15415.7,51059.959
300554,2025-11-26,23.65,-0.0029509999999999996,40899.72,97300.746
300555,2025-11-26,12.84,0.078992,85156.0,107820.623
300556,2025-11-26,21.14,-0.012150000000000001,64158.0,136941.996
300557,2025-11-26,28.18,-0.012960000000000001,20110.56,56884.218
300558,2025-11-26,49.56,0.002022,60781.65,303919.562
300559,2025-11-26,11.93,-0.02771,96384.0,116487.98
300560,2025-11-26,17.37,-0.058537,421840.26,749861.079
300561,2025-11-26,14.3,-0.013793,42283.51,61043.527
300562,2025-11-26,14.2,0.038771,107362.2,150815.969
300563,2025-11-26,35.74,-0.009424,27717.58,99929.967
300564,2025-11-26,16.0,-0.013564,47534.6,78534.297
300565,2025-11-26,12.68,-0.023112,357928.88,455449.986
300566,2025-11-26,17.96,-0.009923,23271.0,42105.467
300567,2025-11-26,65.77,0.001675,40034.0,264541.987
300568,2025-11-26,15.08,-0.033953000000000004,829109.02,1260106.523
300569,2025-11-26,5.93,-0.011667,140813.97,84294.351
300570,2025-11-26,99.99,0.030188000000000003,284137.47,2843040.477
300571,2025-11-26,30.15,0.0063419999999999995,56627.5,173292.479
300572,2025-11-26,27.77,-0.006795,39374.0,109228.171
300573,2025-11-26,71.23,-0.00294,58423.88,418815.24
300575,2025-11-26,6.01,-0.016367,103591.5,62951.435
300576,2025-11-26,34.75,-0.024698,63710.04,223176.75
300577,2025-11-26,23.8,0.0025269999999999997,9271.96,22142.135
300578,2025-11-26,18.67,-0.014776000000000001,69944.0,131936.715
300579,2025-11-26,30.3,-0.027599,34662.49,106511.868
300580,2025-11-26,23.52,0.0012770000000000001,37360.99,88352.409
300581,2025-11-26,17.42,-0.11348599999999999,721997.44,1289171.49
300582,2025-11-26,13.83,0.010965,70365.25,99051.705
300583,2025-11-26,15.08,0.0,26721.8,40871.141
300584,2025-11-26,56.27,0.014787999999999999,100745.08,570630.565
300585,2025-11-26,20.37,0.021564999999999997,63602.0,129296.879
300586,2025-11-26,10.08,-0.010794999999999999,70899.95,71626.904
300587,2025-11-26,7.05,-0.001416,97744.45,68897.25
300588,2025-11-26,28.71,0.008076,111590.6,324508.253
300589,2025-11-26,21.21,-0.124277,952851.88,2081556.198
300590,2025-11-26,12.21,-0.012136000000000001,65551.02,80369.793
300591,2025-11-26,10.23,0.01994,631441.9,643982.009
300592,2025-11-26,12.19,-0.020884,388937.44,482623.828
300593,2025-11-26,24.59,0.006549,445466.1,1101885.124
300594,2025-11-26,17.85,-0.020307,22487.0,40758.264
300595,2025-11-26,15.65,-0.01012,70504.0,111404.645
300596,2025-11-26,37.68,-0.008943,23618.89,89622.331
300597,2025-11-26,9.43,-0.023809999999999998,84867.29,81232.049
300598,2025-11-26,51.21,0.006684,138199.99,698558.982
300599,2025-11-26,7.13,-0.041666999999999996,62593.64,45570.033
300600,2025-11-26,16.8,-0.0625,245401.0,416645.264
300601,2025-11-26,16.22,-0.004908,119570.12,197197.622
300602,2025-11-26,27.91,0.001076,179473.67,502635.763
300603,2025-11-26,10.3,-0.016236999999999998,81671.3,85189.957
300604,2025-11-26,77.0,0.01677,233953.72,1805161.076
300605,2025-11-26,19.58,-0.009109,314390.08,599818.08
300606,2025-11-26,21.76,-0.022022,38032.0,83729.504
300607,2025-11-26,28.97,0.0027689999999999998,71063.03,205892.819
300608,2025-11-26,12.66,-0.020124,181116.28,232274.995
300609,2025-11-26,44.88,0.004476,147705.0,677635.299
300610,2025-11-26,11.3,-0.02418,40593.1,46471.085
300611,2025-11-26,26.27,0.001143,53690.08,141869.431
300612,2025-11-26,20.0,-0.054374000000000006,658337.1,1405546.126
300613,2025-11-26,43.82,0.003895,23508.32,103575.775
300614,2025-11-26,13.24,-0.017075,19472.0,26145.042
300615,2025-11-26,13.83,0.0072829999999999995,51348.5,71454.121
300616,2025-11-26,13.98,-0.001429,50750.0,71333.328
300617,2025-11-26,30.96,-0.015267,13852.0,43244.1
300618,2025-11-26,43.65,-0.009305,95634.24,421174.399
300619,2025-11-26,45.22,0.09518,205187.34,908547.556
300620,2025-11-26,150.65,0.02483,483773.02,7295496.854
300621,2025-11-26,9.1,-0.017279,38340.5,35348.031
300622,2025-11-26,30.86,0.016804,168980.86,522693.966
300623,2025-11-26,26.96,-0.0025900000000000003,57351.34,155069.919
300624,2025-11-26,79.35,-0.0016359999999999999,227712.74,1809565.16
300625,2025-11-26,12.05,-0.010672999999999998,17004.09,20732.863
300626,2025-11-26,13.51,-0.030846,138409.52,189203.054
300627,2025-11-26,31.49,-0.014397,130566.07,411880.662
300628,2025-11-26,33.69,-0.007366,46446.04,157160.355
300629,2025-11-26,18.55,-0.024710999999999997,54817.55,102317.612
300631,2025-11-26,29.06,-0.03743,62911.86,184791.119
300632,2025-11-26,14.3,-0.019877,200640.0,288026.405
300633,2025-11-26,27.37,-0.009768,41481.5,114143.935
300634,2025-11-26,27.33,-0.011573,249044.53,687299.593
300635,2025-11-26,17.81,0.001687,75547.03,135664.201
300636,2025-11-26,8.17,0.0,54248.48,44794.248
300637,2025-11-26,11.83,-0.024731999999999997,56625.5,67545.458
300638,2025-11-26,24.54,0.011541999999999998,162169.14,401356.542
300639,2025-11-26,5.91,-0.008389,77626.27,46408.589
300640,2025-11-26,7.36,-0.025166,182200.7,135250.844
300641,2025-11-26,18.63,-0.009569,46863.07,87589.273
300642,2025-11-26,19.51,-0.014149,57864.5,115048.288
300643,2025-11-26,19.8,-0.0010090000000000001,47079.0,94383.894
300644,2025-11-26,31.79,-0.015485,21560.0,69182.122
300645,2025-11-26,18.71,-0.017332,47642.0,90253.555
300647,2025-11-26,7.0,-0.031812,211252.8,149669.608
300648,2025-11-26,49.67,0.071398,114813.47,559185.885
300649,2025-11-26,15.69,-0.028483,25445.0,40690.991
300650,2025-11-26,16.94,0.0,91088.0,155206.897
300651,2025-11-26,20.96,-0.02963,58811.07,124539.289
300652,2025-11-26,53.36,0.008886,16306.9,87204.896
300653,2025-11-26,21.5,-0.019160999999999997,111968.75,242632.577
300654,2025-11-26,11.25,-0.022589,443725.67,502103.949
300655,2025-11-26,15.14,-0.034439000000000004,740842.28,1128555.529
300656,2025-11-26,21.12,-0.024931000000000002,22868.42,48983.787
300657,2025-11-26,27.41,-0.005803,113339.6,312136.001
300658,2025-11-26,10.58,0.030185,195343.8,205354.01
300659,2025-11-26,17.38,-0.030133999999999998,188458.0,332453.815
300660,2025-11-26,47.66,0.011245,80934.99,386016.26
300661,2025-11-26,64.76,-0.004764,73065.59,475237.724
300662,2025-11-26,27.55,-0.031634,42768.42,120137.659
300663,2025-11-26,18.09,-0.025848,142087.28,260602.725
300664,2025-11-26,5.61,-0.015789,129891.0,73529.534
300665,2025-11-26,9.28,-0.010661,86433.2,81215.627
300666,2025-11-26,84.46,0.0011849999999999999,53696.27,453946.923
300667,2025-11-26,15.93,-0.009944,44081.31,70958.32
300668,2025-11-26,19.32,-0.008722,25228.5,49102.491
300669,2025-11-26,27.76,0.038145,22969.0,62908.639
300670,2025-11-26,7.87,-0.021144,59438.5,47495.757
300671,2025-11-26,33.36,-0.004476,37950.0,127421.839
300672,2025-11-26,87.92,-0.004867,73777.86,652674.178
300673,2025-11-26,18.84,0.022801000000000002,104105.25,198665.768
300674,2025-11-26,22.48,-0.003546,80329.5,182295.443
300675,2025-11-26,17.44,0.005187000000000001,86044.0,149934.327
300676,2025-11-26,46.55,-0.003212,35946.44,169139.11
300677,2025-11-26,40.74,0.011923,156766.81,646518.291
300678,2025-11-26,30.71,-0.009674,33998.0,105152.011
300679,2025-11-26,46.26,-0.008572999999999999,48521.84,226764.469
300680,2025-11-26,46.5,0.063343,176199.14,816136.241
300681,2025-11-26,27.61,-0.006835,33320.57,92530.937
300682,2025-11-26,16.56,-0.014286,199125.53,334536.155
300683,2025-11-26,29.94,0.006725,59408.0,180724.361
300684,2025-11-26,40.75,0.030341,148056.4,602009.345
300685,2025-11-26,22.02,-0.004971,31524.4,69917.163
300686,2025-11-26,14.84,-0.011984,45749.0,68514.456
300687,2025-11-26,23.6,-0.011725000000000001,102527.37,244980.48
300688,2025-11-26,30.73,-0.016955,98488.0,306711.606
300689,2025-11-26,47.47,-0.010423,10971.0,52582.523
300690,2025-11-26,29.8,-0.008319,29557.91,88647.963
300691,2025-11-26,17.05,-0.008721,25079.24,43116.361
300692,2025-11-26,8.07,0.00875,106075.8,85680.275
300693,2025-11-26,38.9,-0.009170000000000001,103513.19,405110.631
300694,2025-11-26,12.0,-0.015587,32859.0,39789.391
300695,2025-11-26,89.97,0.008745000000000001,8623.7,78097.57
300696,2025-11-26,26.25,-0.058127000000000005,157441.3,420116.789
300697,2025-11-26,15.74,0.01287,121543.72,193435.699
300698,2025-11-26,39.27,-0.014802,35882.0,142402.621
300699,2025-11-26,28.81,-0.009625,97066.08,279636.674
300700,2025-11-26,11.12,-0.017668,38040.32,42727.12
300701,2025-11-26,11.92,-0.018122,41644.25,50047.331
300702,2025-11-26,24.71,-0.008825,22541.43,56248.23
300703,2025-11-26,24.74,-0.0044269999999999995,34236.74,85184.287
300705,2025-11-26,16.09,-0.004332,69696.94,113425.962
300706,2025-11-26,33.52,-0.024731,61681.3,208715.987
300707,2025-11-26,15.23,0.043151,142125.0,216771.12
300708,2025-11-26,8.46,-0.003534,151761.44,129283.068
300709,2025-11-26,42.07,-0.007783,42087.83,178217.629
300710,2025-11-26,27.82,0.068356,145982.55,399979.424
300711,2025-11-26,21.62,-0.012334000000000001,42090.48,91783.85
300712,2025-11-26,27.39,-0.045645,67179.19,187431.764
300713,2025-11-26,17.28,-0.023177,31603.95,55264.511
300715,2025-11-26,11.01,0.0,30875.0,34349.408
300716,2025-11-26,11.82,-0.008389,10696.0,12653.987
300717,2025-11-26,19.5,-0.017632000000000002,17072.2,33770.7
300718,2025-11-26,80.87,-0.007243,57766.33,470472.992
300719,2025-11-26,16.92,-0.049438,118172.5,202713.707
300720,2025-11-26,27.51,-0.012208000000000002,31382.0,86539.084
300721,2025-11-26,14.32,-0.015808,47993.0,69262.801
300722,2025-11-26,33.47,-0.042893999999999995,141104.47,471683.909
300723,2025-11-26,53.56,-0.0037199999999999998,126611.74,691349.492
300724,2025-11-26,84.98,0.023855,132901.48,1125684.983
300725,2025-11-26,38.08,-0.000787,39569.02,152265.826
300726,2025-11-26,38.09,-0.011933000000000001,53294.0,204401.465
300727,2025-11-26,33.83,-0.01024,17420.86,59217.913
300729,2025-11-26,14.11,-0.008433000000000001,26481.75,37601.589
300730,2025-11-26,13.72,-0.037193000000000004,101460.16,141608.975
300731,2025-11-26,46.42,-0.008332,99704.5,465023.87
300732,2025-11-26,7.89,-0.011278,71332.05,56871.368
300733,2025-11-26,17.0,-0.012202,21806.0,37410.257
300735,2025-11-26,25.53,-0.008544000000000001,131241.94,335985.802
300736,2025-11-26,20.28,0.043747,118941.5,239748.438
300737,2025-11-26,5.17,-0.020833,160154.8,83978.704
300738,2025-11-26,19.77,-0.010015000000000001,445581.07,892929.682
300739,2025-11-26,16.53,-0.011955,150726.06,250663.934
300740,2025-11-26,19.85,0.025840000000000002,148088.89,291525.172
300741,2025-11-26,17.24,-0.01542,11982.0,20846.036
300743,2025-11-26,17.76,-0.020948,19990.98,35861.93
300745,2025-11-26,26.43,-0.013068999999999999,47418.37,126089.245
300746,2025-11-26,13.12,-0.009811,37590.0,49608.554
300747,2025-11-26,24.1,-0.01873,84204.95,204653.356
300748,2025-11-26,33.39,-0.017074,228815.32,769161.751
300749,2025-11-26,10.72,0.05098,114241.0,121063.914
300750,2025-11-26,372.82,0.001235,189106.6,7048903.988
300751,2025-11-26,106.0,0.12754,138166.36,1419545.168
300752,2025-11-26,18.18,-0.006014,30732.0,56354.963
300753,2025-11-26,25.93,-0.006894,32172.0,84139.2
300755,2025-11-26,19.01,-0.007829000000000001,33362.27,63365.067
300756,2025-11-26,57.68,0.008215,41865.56,243038.499
300757,2025-11-26,207.13,0.016538999999999998,66652.64,1379444.707
300758,2025-11-26,13.25,-0.019245,44147.0,58974.588
300759,2025-11-26,28.89,-0.006192,150599.94,439701.842
300760,2025-11-26,193.4,-0.002476,60768.83,1176347.908
300761,2025-11-26,20.39,-0.011153999999999999,55402.85,113422.601
300762,2025-11-26,26.16,-0.016541,369874.42,979345.765
300763,2025-11-26,72.25,0.00208,89799.58,648219.62
300765,2025-11-26,33.08,0.042218,179359.94,598587.025
300766,2025-11-26,34.68,-0.013371,136244.79,476921.394
300767,2025-11-26,20.93,0.010135,79434.0,165554.974
300768,2025-11-26,19.09,-0.021526999999999998,82442.09,159102.017
300769,2025-11-26,46.6,-0.007243,231667.36,1087400.612
300770,2025-11-26,43.82,0.000457,17479.82,76711.697
300771,2025-11-26,13.25,-0.0067469999999999995,57249.9,76941.101
300772,2025-11-26,17.16,0.005272,108617.94,186609.721
300773,2025-11-26,22.17,-0.008941,108664.0,242686.806
300774,2025-11-26,19.3,-0.08487399999999999,456189.77,887836.911
300775,2025-11-26,28.21,-0.047603,354907.44,1012483.234
300776,2025-11-26,59.55,-0.007665,27768.7,166205.712
300777,2025-11-26,29.95,-0.01642,59008.54,177766.689
300778,2025-11-26,13.05,-0.008359,35761.77,47171.967
300779,2025-11-26,145.41,-0.021796000000000003,39043.16,570616.664
300780,2025-11-26,17.1,-0.015544,33686.73,58336.322
300781,2025-11-26,40.28,-0.028227000000000002,155267.57,637029.631
300782,2025-11-26,70.0,0.001431,47487.92,331566.154
300783,2025-11-26,22.67,0.0035410000000000003,58750.93,133474.868
300784,2025-11-26,50.24,-0.007507000000000001,5391.0,27375.213
300785,2025-11-26,49.0,-0.042969,457582.24,2309808.976
300786,2025-11-26,16.1,-0.035928,107168.0,174690.729
300787,2025-11-26,11.62,-0.0068379999999999995,38262.2,44854.28
300788,2025-11-26,29.82,-0.013889,31576.57,94558.206
300789,2025-11-26,23.55,-0.022010000000000002,10574.0,25194.79
300790,2025-11-26,28.22,-0.001062,90186.86,256428.442
300791,2025-11-26,22.97,0.01234,19989.86,46125.209
300792,2025-11-26,32.69,0.003993,219372.79,726355.335
300793,2025-11-26,18.17,0.056395,581523.81,1064475.962
300795,2025-11-26,14.91,0.012908,92196.95,137991.572
300796,2025-11-26,9.1,-0.023605,73955.6,68238.66
300797,2025-11-26,16.04,-0.017157,25929.5,41860.856
300798,2025-11-26,7.7,-0.019108,76520.0,59750.689
300800,2025-11-26,11.69,-0.016821,21689.5,25659.82
300801,2025-11-26,28.96,-0.024586999999999998,106309.8,311850.531
300802,2025-11-26,19.0,-0.006796,21595.8,41453.033
300803,2025-11-26,122.04,0.013874,203425.01,2484600.36
300804,2025-11-26,35.47,-0.010324,10141.98,36324.263
300805,2025-11-26,12.43,-0.005600000000000001,188502.52,235244.393
300806,2025-11-26,26.33,-0.00416,88336.5,231832.482
300807,2025-11-26,46.94,-0.016757,18556.0,87832.878
300808,2025-11-26,28.48,-0.01214,12837.01,36645.557
300809,2025-11-26,37.88,-0.007858,56387.0,217561.114
300810,2025-11-26,40.18,-0.050791,56107.5,227780.575
300811,2025-11-26,75.92,-0.00498,98783.8,753991.327
300812,2025-11-26,23.69,-0.026305000000000002,50656.0,121292.036
300813,2025-11-26,25.93,-0.025188000000000002,19242.05,50605.372
300814,2025-11-26,91.44,0.050551000000000006,309780.1,2760701.979
300815,2025-11-26,23.19,0.04224700000000001,149645.92,345935.0
300816,2025-11-26,43.64,-0.029143,25964.0,114354.863
300817,2025-11-26,18.59,-0.01117,19388.0,36438.039
300818,2025-11-26,30.08,0.0,17137.0,51653.28
300819,2025-11-26,23.78,0.006348,22426.7,53531.06
300820,2025-11-26,58.65,-0.005425999999999999,38006.93,222609.778
300821,2025-11-26,12.73,-0.053532,851886.48,1117527.375
300822,2025-11-26,18.39,-0.060776000000000004,107329.98,202426.105
300823,2025-11-26,15.78,-0.017435,23678.09,38032.146
300824,2025-11-26,12.07,0.000829,32812.79,39927.691
300825,2025-11-26,10.27,-0.006770000000000001,66935.0,69729.286
300826,2025-11-26,17.22,0.001163,37011.91,63654.478
300827,2025-11-26,36.21,-0.053581000000000004,495181.65,1815159.626
300828,2025-11-26,16.09,-0.042262,45720.5,74807.621
300829,2025-11-26,17.5,-0.017405999999999998,31901.17,56399.818
300830,2025-11-26,11.59,-0.021941000000000002,310987.45,364826.738
300831,2025-11-26,13.08,-0.020958,32601.0,43136.679
300832,2025-11-26,58.86,-0.012912999999999999,35131.86,207433.157
300833,2025-11-26,41.82,0.017518,9046.58,38141.786
300834,2025-11-26,22.6,-0.019097,13783.0,31519.319
300835,2025-11-26,62.76,-0.029084,76707.6,487336.136
300836,2025-11-26,51.5,0.007828,11920.03,61229.853
300837,2025-11-26,25.48,-0.049963,26744.0,69716.558
300838,2025-11-26,14.74,-0.017988,18656.0,27891.71
300839,2025-11-26,12.25,-0.013688,24438.4,30273.411
300840,2025-11-26,19.78,-0.021277,144996.0,290094.92
300841,2025-11-26,78.89,-0.008546,20459.95,163684.967
300842,2025-11-26,55.62,-0.01278,32418.49,181039.457
300843,2025-11-26,44.97,-0.005968,37392.0,169562.268
300844,2025-11-26,38.3,-0.048211000000000004,26989.65,104331.884
300845,2025-11-26,11.52,-0.023729,45028.1,52540.969
300846,2025-11-26,21.33,-0.00046899999999999996,289296.13,620154.206
300847,2025-11-26,18.61,-0.059626,222832.42,418614.206
300848,2025-11-26,14.74,-0.016021,50837.78,75462.303
300849,2025-11-26,15.16,-0.025707,28316.5,43519.709
300850,2025-11-26,47.03,0.0014910000000000001,109121.34,511794.3
300851,2025-11-26,27.32,-0.02254,9405.87,26036.858
300852,2025-11-26,35.35,-0.010081,23507.34,83721.682
300853,2025-11-26,20.71,-0.010038,17547.0,36800.78
300854,2025-11-26,17.18,-0.031567,22914.9,40165.474
300855,2025-11-26,27.03,-0.039446,69873.17,190829.194
300856,2025-11-26,14.8,-0.048843,126610.93,190669.716
300857,2025-11-26,138.06,-0.000362,83250.3,1156251.796
300858,2025-11-26,17.99,-0.030711,76982.1,140443.169
300859,2025-11-26,35.5,-0.004766,33473.77,119399.576
300860,2025-11-26,27.57,-0.017463,21256.0,59183.575
300861,2025-11-26,14.82,0.000675,62395.2,92663.372
300862,2025-11-26,25.66,-0.013077,39132.89,100863.65
300863,2025-11-26,48.02,0.026067999999999997,39310.71,189460.421
300864,2025-11-26,20.17,-0.005914,15346.4,31217.625
300865,2025-11-26,28.59,-0.035750000000000004,19145.75,55575.133
300866,2025-11-26,106.4,0.0014119999999999998,52884.95,561906.825
300867,2025-11-26,21.52,0.015094000000000002,209371.56,450042.463
300868,2025-11-26,27.95,0.007207,12415.0,34688.025
300869,2025-11-26,16.68,0.0006,54592.0,92389.859
300870,2025-11-26,220.99,0.028052,118070.87,2601451.624
300871,2025-11-26,19.52,-0.0056040000000000005,36389.64,71911.854
300872,2025-11-26,19.92,-0.009448,79790.35,160412.671
300873,2025-11-26,21.91,0.008283,19016.6,41827.424
300875,2025-11-26,47.0,-0.064677,97846.62,465230.723
300876,2025-11-26,33.02,-0.0069169999999999995,27778.81,92894.76
300877,2025-11-26,25.7,-0.015703,15117.0,39178.267
300878,2025-11-26,25.99,-0.011035,41453.39,111102.53
300879,2025-11-26,27.95,-0.008162,19927.0,56113.337
300880,2025-11-26,18.41,0.0016320000000000002,19948.64,37050.255
300881,2025-11-26,32.25,-0.018265,14302.1,46591.467
300882,2025-11-26,18.9,-0.027778,62872.92,120401.709
300883,2025-11-26,6.7,-0.017595,77685.22,52687.563
300884,2025-11-26,13.61,-0.013768,70568.49,97411.801
300885,2025-11-26,19.67,-0.000508,29346.25,58214.588
300886,2025-11-26,26.72,-0.018729,17749.0,47931.781
300887,2025-11-26,8.42,-0.016354999999999998,82279.73,69873.969
300888,2025-11-26,39.2,-0.005076000000000001,38654.52,152723.081
300890,2025-11-26,31.28,-0.030979,60320.49,191036.688
300891,2025-11-26,8.87,-0.012249000000000001,47180.0,42382.122
300892,2025-11-26,34.7,0.021789999999999997,49905.04,172449.88
300893,2025-11-26,23.66,0.008525,21259.01,50292.211
300894,2025-11-26,12.27,-0.0184,34275.56,42389.909
300895,2025-11-26,45.92,-0.007993,34527.49,160111.766
300896,2025-11-26,145.05,-0.003367,25110.71,365978.532
300897,2025-11-26,23.33,-0.004693,16032.83,37525.363
300898,2025-11-26,28.05,-0.000356,41240.49,115584.511
300899,2025-11-26,32.9,-0.012012,8604.0,28417.603
300900,2025-11-26,17.21,-0.032058,70240.59,121949.407
300901,2025-11-26,16.44,0.002439,23857.0,39354.543
300902,2025-11-26,22.17,-0.052159000000000004,117533.3,265071.652
300903,2025-11-26,16.25,-0.013358000000000002,217829.81,356739.052
300904,2025-11-26,67.68,-0.014846999999999999,6445.98,44145.455
300905,2025-11-26,31.33,-0.007602,24227.1,76023.509
300906,2025-11-26,32.6,-0.015106,18315.04,60105.66
300907,2025-11-26,34.38,0.038985,56710.7,195960.301
300908,2025-11-26,28.97,0.002422,11723.52,34012.468
300909,2025-11-26,42.28,0.006906,32880.18,138406.712
300910,2025-11-26,56.19,0.007892,20357.11,114694.268
300911,2025-11-26,37.03,0.015634,30066.27,111883.86
300912,2025-11-26,16.95,-0.033637,47029.69,81126.583
300913,2025-11-26,49.18,0.008407,54690.5,270107.356
300915,2025-11-26,25.42,-0.002355,8130.11,20796.306
300916,2025-11-26,33.68,-0.018362,12045.5,40907.647
300917,2025-11-26,41.82,-0.009004999999999999,101154.13,423564.154
300918,2025-11-26,17.93,0.012421999999999999,71761.42,129136.709
300919,2025-11-26,41.77,-0.024749,102130.28,430710.709
300920,2025-11-26,39.81,0.021293000000000003,19305.0,78362.352
300921,2025-11-26,23.81,-0.018953,42626.6,102749.14
300922,2025-11-26,22.76,-0.044500000000000005,44041.4,101499.297
300923,2025-11-26,25.81,-0.017509999999999998,11029.0,28922.644
300925,2025-11-26,20.82,-0.0062050000000000004,85448.1,179564.777
300926,2025-11-26,29.76,-0.0043490000000000004,26977.9,80387.162
300927,2025-11-26,25.38,-0.013603,26655.33,68221.369
300928,2025-11-26,30.95,0.00032300000000000004,11907.36,36914.103
300929,2025-11-26,11.26,-0.024263,29928.17,34210.116
300930,2025-11-26,29.62,-0.024373999999999996,11749.71,35283.454
300931,2025-11-26,10.86,-0.008218999999999999,65378.21,72383.056
300932,2025-11-26,11.53,0.006108,69022.97,80241.321
300933,2025-11-26,7.9,-0.025894,156008.42,124192.72
300935,2025-11-26,28.58,-0.022572000000000002,13182.2,38365.072
300936,2025-11-26,36.58,-0.016667,8471.0,31179.87
300937,2025-11-26,34.38,0.06604700000000001,139935.67,474745.034
300938,2025-11-26,31.67,0.023263,94093.01,301802.153
300939,2025-11-26,33.36,0.025830000000000002,106455.15,359172.289
300940,2025-11-26,26.62,-0.008935,49969.01,133822.081
300941,2025-11-26,26.04,-0.009886,58457.08,153809.079
300942,2025-11-26,10.14,-0.001969,49425.66,50871.476
300943,2025-11-26,17.11,-0.016667,53356.73,92496.879
300945,2025-11-26,17.25,-0.011460999999999999,50993.55,88210.881
300946,2025-11-26,49.25,-0.008855,7921.75,39409.649
300947,2025-11-26,20.04,-0.009881,70625.4,142347.165
300948,2025-11-26,17.28,0.0,46765.36,80985.047
300949,2025-11-26,45.99,-0.010754999999999999,21243.68,99326.814
300950,2025-11-26,22.9,-0.009516,29323.0,67821.974
300951,2025-11-26,32.9,-0.009035999999999999,12069.0,40074.908
300952,2025-11-26,28.35,0.007105,42677.73,121773.891
300953,2025-11-26,143.98,0.02404,45449.2,653052.062
300955,2025-11-26,37.84,-0.028498000000000002,36003.84,135848.509
300956,2025-11-26,17.62,-0.029201,49337.25,88102.728
300957,2025-11-26,41.39,-0.010519,36462.48,152095.272
300958,2025-11-26,13.12,-0.015754,29204.8,38920.505
300959,2025-11-26,129.09,-0.00501,69971.05,927293.555
300960,2025-11-26,24.28,-0.01541,12637.4,30993.777
300961,2025-11-26,14.83,-0.017230000000000002,28553.0,42782.366
300962,2025-11-26,18.6,-0.065327,182617.72,346135.885
300963,2025-11-26,18.68,-0.018908,98830.45,185765.981
300964,2025-11-26,51.81,-0.015767,29817.78,155752.7
300965,2025-11-26,57.61,-0.047926,15747.02,91557.222
300966,2025-11-26,21.18,-0.019898,18577.0,40284.651
300967,2025-11-26,19.51,-0.010147,37250.95,73142.211
300968,2025-11-26,14.45,-0.014325000000000001,143517.79,210347.334
300969,2025-11-26,97.13,0.029574,26823.01,261710.53
300970,2025-11-26,17.39,0.005202,24446.72,42164.491
300971,2025-11-26,23.41,-0.051074,81771.47,195487.016
300972,2025-11-26,171.5,0.018348,8874.2,151275.358
300973,2025-11-26,39.2,-0.018528,29540.0,117104.308
300975,2025-11-26,12.25,-0.027778,228419.52,282585.417
300976,2025-11-26,58.46,0.010719000000000001,18711.02,110536.988
300977,2025-11-26,19.08,-0.021537999999999998,18747.21,36223.207
300978,2025-11-26,11.9,0.011045000000000001,168234.63,201396.368
300979,2025-11-26,60.03,0.023529,20755.02,124568.704
300980,2025-11-26,24.05,-0.017565,38440.5,93060.694
300981,2025-11-26,14.59,-0.036328,128525.23,188487.628
300982,2025-11-26,17.85,-0.008333,24294.34,43466.403
300983,2025-11-26,26.75,-0.01582,28484.96,78112.126
300984,2025-11-26,58.44,-0.001026,14341.45,84343.578
300985,2025-11-26,18.97,-0.008364,19536.16,37474.674
300986,2025-11-26,10.49,-0.021455000000000002,60048.27,63538.439
300987,2025-11-26,18.3,-0.01824,65377.3,120783.482
300988,2025-11-26,22.57,-0.004411,31586.78,72219.259
300989,2025-11-26,18.52,0.006522,104262.35,192777.847
300990,2025-11-26,67.5,-0.007352999999999999,28223.06,191833.69
300991,2025-11-26,37.16,-0.008008999999999999,17855.72,66161.492
300992,2025-11-26,23.94,-0.018047999999999998,14524.03,34970.977
300993,2025-11-26,15.16,0.00066,99634.18,151535.034
300994,2025-11-26,16.14,-0.004932000000000001,18470.01,29962.742
300995,2025-11-26,36.65,-0.008924,11995.0,44232.312
300996,2025-11-26,18.33,-0.028102000000000002,147287.3,272970.113
300997,2025-11-26,26.14,0.150528,364955.1,873934.576
300998,2025-11-26,21.95,0.009195,22744.18,49342.838
300999,2025-11-26,29.6,-0.013004,147919.8,441945.019
301000,2025-11-26,38.03,0.005286999999999999,38916.03,148664.692
301001,2025-11-26,41.44,0.20011600000000002,140613.92,549515.91
301002,2025-11-26,30.16,-0.012766,17566.76,53678.005
301003,2025-11-26,36.6,0.005495,14172.4,52583.278
301004,2025-11-26,55.65,-0.006427,4608.0,25801.804
301005,2025-11-26,60.9,0.023357000000000003,242067.24,1469347.885
301006,2025-11-26,16.93,-0.019687,15728.0,26911.361
301007,2025-11-26,34.29,0.007048,26767.32,91546.005
301008,2025-11-26,36.87,0.010137,30033.32,111498.423
301009,2025-11-26,13.51,-0.007348,42814.0,58069.269
301010,2025-11-26,22.83,-0.021432000000000003,39742.6,92000.363
301011,2025-11-26,25.75,-0.017176,22707.97,59046.878
301012,2025-11-26,25.79,-0.014897,59887.8,155236.608
301013,2025-11-26,32.8,-0.041216,377385.05,1244593.243
301015,2025-11-26,22.33,0.011781,37937.95,84798.549
301016,2025-11-26,18.38,-0.01921,20444.56,37993.101
301017,2025-11-26,15.08,0.09354599999999999,346213.75,512059.086
301018,2025-11-26,54.98,0.005854000000000001,90375.0,496850.032
301019,2025-11-26,25.74,0.2,170966.47,406923.359
301020,2025-11-26,21.96,-0.00091,9280.06,20487.687
301021,2025-11-26,36.9,-0.014686,36935.73,137129.434
301022,2025-11-26,31.36,0.000319,16102.34,50860.751
301023,2025-11-26,36.63,-0.005430000000000001,5267.47,19448.849
301024,2025-11-26,37.5,-0.023438,10691.0,40738.379
301025,2025-11-26,10.93,0.05096199999999999,344712.31,369729.716
301026,2025-11-26,25.0,-0.015747999999999998,15873.0,40122.394
301027,2025-11-26,17.16,0.002922,77368.59,134782.024
301028,2025-11-26,13.59,0.021037,104080.45,143256.705
301029,2025-11-26,25.23,-0.010588,54610.64,138789.991
301030,2025-11-26,13.98,-0.022378,40973.6,57867.506
301031,2025-11-26,100.63,0.000497,11321.39,114299.299
301032,2025-11-26,12.33,-0.018312,29787.0,37244.629
301033,2025-11-26,65.01,-0.0038309999999999998,3873.0,25330.673
301035,2025-11-26,71.2,-0.012346,8829.0,63249.988
301036,2025-11-26,34.71,-0.021151,17024.5,59535.632
301037,2025-11-26,14.67,-0.027833,21526.6,32041.585
301038,2025-11-26,25.42,0.038399,110293.94,278983.653
301039,2025-11-26,9.9,0.019567,123074.45,121473.272
301040,2025-11-26,27.13,0.19991199999999998,165379.06,417818.163
301041,2025-11-26,32.31,0.067746,185363.41,574963.751
301042,2025-11-26,72.97,0.04392,20498.12,147878.522
301043,2025-11-26,45.94,0.052704,27021.0,122750.737
301045,2025-11-26,28.38,-0.0042109999999999995,21307.0,60973.419
301046,2025-11-26,28.59,-0.024565,44737.0,128350.649
301047,2025-11-26,68.34,-0.002336,7386.7,50935.642
301048,2025-11-26,11.81,-0.008396,63245.81,75998.625
301049,2025-11-26,22.71,-0.025322,11867.0,27402.618
301050,2025-11-26,43.88,-0.022934999999999997,31408.4,139338.361
301051,2025-11-26,21.22,-0.006554,15939.0,34118.73
301052,2025-11-26,41.75,-0.01533,47506.48,199630.061
301053,2025-11-26,32.7,-0.009091,5041.61,16546.438
301055,2025-11-26,19.51,-0.005607,13391.0,26335.862
301056,2025-11-26,11.41,-0.009549,18314.0,21158.508
301057,2025-11-26,27.49,0.0065910000000000005,23982.0,65774.616
301058,2025-11-26,11.02,-0.007207,69239.54,76906.492
301059,2025-11-26,12.44,-0.017378,24571.04,30810.879
301060,2025-11-26,10.79,0.079,409979.06,443657.276
301061,2025-11-26,103.12,0.058727,14713.55,149769.776
301062,2025-11-26,7.91,-0.01125,38920.0,31049.827
301063,2025-11-26,23.82,-0.015702,21508.92,51914.794
301065,2025-11-26,21.85,-0.016652,14315.28,31918.819
301066,2025-11-26,16.09,0.040077999999999996,109199.54,173771.858
301067,2025-11-26,32.47,-0.052248,50529.5,167209.308
301068,2025-11-26,28.22,-0.030574,35464.74,104726.445
301069,2025-11-26,25.63,-0.002336,308755.3,792811.889
301070,2025-11-26,54.56,0.0,14680.48,80103.17
301071,2025-11-26,37.76,0.010166,141596.81,533540.298
301072,2025-11-26,22.78,-0.020636,10345.0,23881.22
301075,2025-11-26,48.35,-0.012459,19522.0,94452.561
301076,2025-11-26,41.89,0.006004000000000001,50852.12,214114.076
301077,2025-11-26,25.37,0.038477000000000004,50276.88,127282.862
301078,2025-11-26,10.09,0.00398,198042.24,198817.684
301079,2025-11-26,23.98,-0.019624,18943.0,46024.991
301080,2025-11-26,58.32,0.009521,11104.85,65399.806
301081,2025-11-26,10.82,-0.012774,22985.46,25132.613
301082,2025-11-26,17.7,-0.021018,72207.0,128770.451
301083,2025-11-26,25.32,-0.010938000000000002,139061.45,354890.531
301085,2025-11-26,52.92,-0.017817,14709.78,78817.4
301086,2025-11-26,87.66,0.053226,23717.82,206569.287
301087,2025-11-26,41.84,0.005044,7381.6,31006.768
301088,2025-11-26,15.0,-0.016393,47704.23,72185.413
301089,2025-11-26,33.8,0.0,84499.17,291939.143
301090,2025-11-26,7.38,-0.02122,66702.73,49791.64
301091,2025-11-26,27.2,0.022941,96039.11,258743.157
301092,2025-11-26,36.4,-0.088633,95529.63,355204.869
301093,2025-11-26,47.7,-0.040435,29034.59,141616.085
301095,2025-11-26,66.71,0.006488000000000001,42822.51,286736.044
301096,2025-11-26,51.95,0.014648000000000001,28253.0,147630.313
301097,2025-11-26,57.98,0.021674000000000002,12599.0,73771.549
301098,2025-11-26,8.98,-0.019651000000000002,61858.0,56418.747
301099,2025-11-26,42.08,-0.008716,29591.2,125085.253
301100,2025-11-26,21.01,-0.011294,10334.0,21961.436
301101,2025-11-26,40.34,-0.0051790000000000004,27391.53,111486.813
301102,2025-11-26,12.08,0.00919,76962.48,93085.123
301103,2025-11-26,20.59,-0.011996,13986.6,29189.637
301105,2025-11-26,44.99,0.000667,7151.0,32229.496
301106,2025-11-26,29.19,-0.013185,7500.71,22126.645
301107,2025-11-26,26.81,-0.006301,9025.0,24403.459
301108,2025-11-26,30.78,-0.010289,8163.6,25344.598
301109,2025-11-26,14.48,-0.051734999999999996,208576.9,306712.911
301110,2025-11-26,74.66,-0.000535,40937.51,306003.777
301111,2025-11-26,22.06,0.20021799999999998,142844.89,304263.539
301112,2025-11-26,36.83,-0.007278,14485.5,53613.439
301113,2025-11-26,24.98,-0.03775,19797.55,50438.364
301115,2025-11-26,16.15,-0.021804999999999998,22880.0,37358.485
301116,2025-11-26,12.54,0.036364,228566.11,281864.846
301117,2025-11-26,51.05,0.059787999999999994,398588.73,2134827.642
301118,2025-11-26,25.03,-0.030972,81680.21,208164.072
301119,2025-11-26,47.11,0.02036,25644.1,120392.891
301120,2025-11-26,17.59,-0.012907,162995.14,288439.06
301121,2025-11-26,43.23,0.054132999999999994,52756.78,225139.266
301122,2025-11-26,26.02,0.00038399999999999996,22681.04,59692.554
301123,2025-11-26,41.07,0.011078,36587.34,149730.731
301125,2025-11-26,17.21,-0.019932000000000002,32963.0,57486.198
301126,2025-11-26,12.63,0.019370000000000002,90590.31,115459.395
301127,2025-11-26,13.33,-0.009658,56491.66,76401.01
301128,2025-11-26,84.55,0.004395,25640.25,217869.069
301129,2025-11-26,24.6,-0.018748,10448.66,26024.216
301130,2025-11-26,30.89,-0.0012929999999999999,15801.44,49637.495
301131,2025-11-26,45.54,-0.028584000000000002,9777.0,45184.707
301132,2025-11-26,32.84,-0.007855,15159.65,50177.81
301133,2025-11-26,29.5,0.056212,76517.9,225446.914
301135,2025-11-26,26.27,-0.011291,14307.0,38125.14
301136,2025-11-26,17.41,0.019918,574322.33,1002829.224
301137,2025-11-26,42.14,-0.029032,60260.16,255302.725
301138,2025-11-26,39.16,0.012410000000000001,37009.49,145304.452
301139,2025-11-26,19.87,-0.013406,27943.24,56205.459
301141,2025-11-26,54.13,-0.025563,19100.24,104397.214
301149,2025-11-26,11.12,0.01275,117340.37,131407.252
301150,2025-11-26,43.69,-0.027164999999999998,140409.0,622835.278
301151,2025-11-26,19.21,-0.028817,21205.0,41353.93
301152,2025-11-26,31.96,-0.032688,67684.95,219190.71
301153,2025-11-26,21.18,-0.019898,26895.8,57809.807
301155,2025-11-26,78.09,-0.013766,28189.4,220708.344
301156,2025-11-26,19.18,-0.006732,68048.67,132603.73
301157,2025-11-26,53.07,0.011628000000000001,17462.07,92251.361
301158,2025-11-26,21.17,-0.0056359999999999995,42080.0,89821.597
301159,2025-11-26,47.26,0.200102,82998.83,377139.026
301160,2025-11-26,59.33,0.018016,19328.55,115415.574
301161,2025-11-26,32.02,-0.00559,21042.33,68062.305
301162,2025-11-26,55.05,-0.0050609999999999995,8819.64,49193.326
301163,2025-11-26,27.19,-0.017702,12209.0,33712.301
301165,2025-11-26,74.0,0.003526,116050.45,861245.642
301166,2025-11-26,31.86,-0.0062380000000000005,10073.0,32460.442
301167,2025-11-26,16.57,-0.011926,38846.8,65744.811
301168,2025-11-26,45.0,0.034959,15905.0,70879.957
301169,2025-11-26,43.49,0.0032300000000000002,26290.0,117497.198
301170,2025-11-26,27.43,-0.008315,8882.0,24628.637
301171,2025-11-26,44.67,-0.026797,1088685.54,4921642.772
301172,2025-11-26,25.55,-0.049124999999999995,172807.82,448125.534
301173,2025-11-26,45.14,-0.012902,4023.4,18358.444
301175,2025-11-26,5.24,-0.011321000000000001,152264.21,80384.599
301176,2025-11-26,25.63,-0.018008,17754.02,46030.899
301177,2025-11-26,30.25,-0.005915,6871.0,20909.348
301178,2025-11-26,53.01,-0.034074,18592.92,100260.825
301179,2025-11-26,15.31,-0.014801,26245.47,40467.784
301180,2025-11-26,17.08,0.0017599999999999998,96753.03,164447.575
301181,2025-11-26,36.2,0.035173,63740.21,227989.804
301182,2025-11-26,36.56,0.069006,75094.63,274086.522
301183,2025-11-26,97.18,0.010397,80253.69,787044.089
301185,2025-11-26,20.68,-0.008629,143349.4,303191.211
301186,2025-11-26,47.17,0.012232,17382.0,82175.011
301187,2025-11-26,24.06,0.043818,40805.0,97002.501
301188,2025-11-26,16.68,-0.012433000000000001,22809.0,38299.4
301189,2025-11-26,40.09,0.063395,82849.07,331952.42
301190,2025-11-26,22.25,-0.0075829999999999995,12762.02,28572.36
301191,2025-11-26,89.54,0.005163999999999999,16318.93,147450.078
301192,2025-11-26,30.18,-0.010492,16629.02,50524.946
301193,2025-11-26,20.77,-0.108584,97238.0,209801.256
301195,2025-11-26,33.15,-0.007485,8781.5,29229.532
301196,2025-11-26,71.25,0.00211,29957.62,214724.188
301197,2025-11-26,20.05,-0.039751,23920.54,48822.043
301198,2025-11-26,12.34,-0.019857,32432.4,40565.579
301199,2025-11-26,21.98,-0.006329,16532.18,36680.16
301200,2025-11-26,110.82,0.006814,38280.77,423938.605
301201,2025-11-26,46.98,-0.016742999999999997,157831.81,772444.965
301202,2025-11-26,38.91,-0.007651,9485.21,37354.947
301203,2025-11-26,32.99,-0.014636,9952.0,32923.403
301205,2025-11-26,122.5,0.025790999999999998,149804.98,1831779.692
301206,2025-11-26,27.67,0.01133,15564.78,43339.166
301207,2025-11-26,24.08,0.032147,306543.24,749394.699
301208,2025-11-26,38.08,-0.019315,12756.8,49155.481
301209,2025-11-26,107.73,0.017568999999999998,10834.24,115980.327
301210,2025-11-26,39.2,-0.0111,10917.82,43212.658
301211,2025-11-26,15.42,-0.025284,403229.17,640698.935
301212,2025-11-26,29.0,0.008696,22957.09,66992.227
301213,2025-11-26,61.81,-0.056336000000000004,31342.07,196525.922
301215,2025-11-26,6.51,-0.007622,102050.19,67072.687
301216,2025-11-26,18.09,0.003885,133693.94,240885.412
301217,2025-11-26,31.43,-0.014424999999999999,283983.41,900401.914
301218,2025-11-26,24.35,0.06939000000000001,176428.52,425657.152
301219,2025-11-26,60.7,-0.003938,51813.1,317784.52
301220,2025-11-26,38.61,0.005731000000000001,12443.04,48325.991
301221,2025-11-26,47.18,-0.00359,11970.85,56905.874
301222,2025-11-26,29.71,-0.022376,10948.45,32876.627
301223,2025-11-26,18.16,-0.009274,13125.0,24099.429
301225,2025-11-26,94.8,0.046010999999999996,44918.92,428811.436
301226,2025-11-26,27.58,-0.005409000000000001,13407.87,37231.998
301227,2025-11-26,44.44,0.014844,22561.0,101060.06
301228,2025-11-26,43.17,0.0018570000000000001,63419.64,275569.876
301229,2025-11-26,19.74,-0.009533,16622.88,33012.867
301230,2025-11-26,31.34,0.004809,27176.74,85802.823
301231,2025-11-26,35.75,-0.036388,143365.99,522498.633
301232,2025-11-26,54.04,-0.028756,50000.09,272568.303
301233,2025-11-26,49.6,-0.018210999999999998,8463.0,42430.037
301234,2025-11-26,37.04,-0.024236,10172.0,38111.859
301235,2025-11-26,29.92,-0.004657,11533.86,34804.987
301236,2025-11-26,48.23,-0.015512999999999999,166282.11,808649.161
301237,2025-11-26,47.85,-0.01075,6100.0,29237.818
301238,2025-11-26,20.9,-0.018318,127898.3,269694.539
301239,2025-11-26,33.65,-0.01493,16248.3,55354.003
301246,2025-11-26,18.64,0.016912,171525.2,327232.761
301248,2025-11-26,28.08,0.000356,60850.45,170723.929
301251,2025-11-26,53.85,0.0009289999999999999,39226.08,212206.576
301252,2025-11-26,26.01,-0.0061140000000000005,13993.91,36655.343
301255,2025-11-26,27.6,-0.018841,8834.02,24682.548
301256,2025-11-26,15.2,0.052632000000000005,659746.99,986067.201
301257,2025-11-26,45.5,0.013589,16291.12,75107.993
301258,2025-11-26,32.88,-0.012019,9280.02,31080.368
301259,2025-11-26,39.03,0.026025,164043.72,639894.27
301260,2025-11-26,16.59,-0.005396,17028.59,28429.433
301261,2025-11-26,84.28,0.031832,59463.56,500540.478
301262,2025-11-26,28.78,0.030064,228050.0,656092.847
301263,2025-11-26,29.48,0.014104,40678.03,119682.144
301265,2025-11-26,11.93,-0.006661,50201.04,59812.509
301266,2025-11-26,33.65,-0.005615,19379.93,65703.426
301267,2025-11-26,18.89,-0.005789,32658.4,62223.462
301268,2025-11-26,19.35,-0.007183,19218.0,37576.584
301269,2025-11-26,103.7,0.001062,34111.07,354906.408
301270,2025-11-26,38.68,-0.005911,39570.98,154090.25
301272,2025-11-26,41.25,-0.011266,5070.03,21073.828
301273,2025-11-26,27.15,-0.030357,10300.0,28632.276
301275,2025-11-26,53.66,0.007320999999999999,19312.0,103419.45
301276,2025-11-26,23.3,0.009532,31828.2,73995.228
301277,2025-11-26,12.46,-0.0032,44560.96,56835.08
301278,2025-11-26,35.68,0.00791,25951.85,93254.95
301279,2025-11-26,29.37,0.016615,29754.0,87267.051
301280,2025-11-26,48.04,0.007128,10077.7,48630.057
301281,2025-11-26,29.69,-0.010993,9952.22,29961.747
301282,2025-11-26,24.39,-0.005707,21742.0,53402.554
301283,2025-11-26,44.37,0.016728,13255.53,59171.721
301285,2025-11-26,52.77,0.047439,37265.98,196200.747
301286,2025-11-26,35.06,-0.020123000000000002,44144.91,155312.849
301287,2025-11-26,39.99,-0.019372,7079.0,28621.286
301288,2025-11-26,16.96,-0.026406,7830.0,13432.794
301289,2025-11-26,54.8,-0.009399999999999999,8279.0,45651.663
301290,2025-11-26,26.22,0.0007630000000000001,9224.0,24329.9
301291,2025-11-26,41.6,-0.015385,47249.53,197800.501
301292,2025-11-26,62.61,0.060647,285467.04,1787136.805
301293,2025-11-26,54.12,-0.000554,39465.79,213982.548
301295,2025-11-26,27.01,-0.019245,28137.56,76303.503
301296,2025-11-26,8.6,-0.013761,25345.0,21959.238
301297,2025-11-26,36.99,0.008726000000000001,27452.0,101059.807
301298,2025-11-26,15.93,-0.0062380000000000005,16777.0,27062.489
301299,2025-11-26,56.6,-0.014280999999999999,9224.0,52968.933
301300,2025-11-26,42.52,-0.042342000000000005,45762.81,197262.391
301301,2025-11-26,10.56,0.000948,85669.0,90999.78
301302,2025-11-26,23.61,-0.030788000000000003,56955.2,135762.747
301303,2025-11-26,15.1,-0.022021000000000002,22427.4,34198.484
301305,2025-11-26,21.78,0.00184,37778.55,82611.318
301306,2025-11-26,55.65,-0.015567,44924.59,254630.475
301307,2025-11-26,40.61,-0.092514,162962.44,684422.834
301308,2025-11-26,246.1,0.01909,169945.94,4117583.398
301309,2025-11-26,28.35,-0.015625,7698.93,22062.021
301310,2025-11-26,41.4,-0.005764,5467.0,22812.478
301311,2025-11-26,20.23,-0.040778,106000.92,216361.267
301312,2025-11-26,48.45,0.06460099999999999,53477.17,254855.284
301313,2025-11-26,29.99,-0.019294,38506.43,116714.315
301314,2025-11-26,43.48,-0.038053,14686.2,65310.548
301315,2025-11-26,59.28,-0.006202999999999999,67429.92,402947.674
301316,2025-11-26,46.4,-0.005998,49217.0,228889.193
301317,2025-11-26,29.4,-0.010434,7843.67,23350.461
301318,2025-11-26,28.72,-0.00863,12339.82,35751.843
301319,2025-11-26,41.06,-0.044226999999999995,52871.57,221459.536
301320,2025-11-26,17.04,-0.0064139999999999996,37192.94,64608.903
301321,2025-11-26,15.51,-0.010842000000000001,30541.47,47916.304
301322,2025-11-26,28.75,-0.00519,10405.37,30175.606
301323,2025-11-26,53.52,-0.011269,14703.49,78931.202
301325,2025-11-26,52.27,-0.017481,24702.68,130868.833
301326,2025-11-26,102.38,-0.004086,7515.0,77984.4
301327,2025-11-26,56.0,-0.007268,8163.32,45892.762
301328,2025-11-26,41.44,-0.001686,10770.57,44957.194
301329,2025-11-26,21.66,-0.035189,77718.56,170652.898
301330,2025-11-26,28.86,-0.005856,21156.86,61632.557
301331,2025-11-26,29.2,0.009682,10791.38,31665.009
301332,2025-11-26,9.7,-0.014228000000000001,34757.03,34061.039
301333,2025-11-26,56.21,-0.009515000000000001,18896.36,108087.757
301335,2025-11-26,28.58,-0.005221,14085.85,40717.486
301336,2025-11-26,52.41,-0.0032329999999999998,10740.51,57123.284
301337,2025-11-26,30.73,0.003592,42342.32,129808.136
301338,2025-11-26,59.4,0.015038000000000001,20121.92,119364.937
301339,2025-11-26,14.96,-0.022222,67683.39,102389.456
301345,2025-11-26,204.76,0.042566,11520.76,234346.221
301348,2025-11-26,20.26,-0.008321,42172.31,86208.683
301349,2025-11-26,50.73,-0.024611,36010.8,185301.406
301353,2025-11-26,26.74,-0.014375,9438.99,25549.596
301355,2025-11-26,13.06,-0.012849999999999999,53659.0,70622.82
301356,2025-11-26,21.03,0.004778,14482.6,30615.84
301357,2025-11-26,161.55,-0.049985,75974.26,1233420.912
301358,2025-11-26,67.19,-0.022691,146740.27,992405.881
301359,2025-11-26,19.79,-0.012968,24193.59,49059.969
301360,2025-11-26,75.57,0.002787,17519.0,134548.252
301361,2025-11-26,32.8,-0.019432,23869.0,79108.37
301362,2025-11-26,41.5,-0.018913,9855.31,41416.171
301363,2025-11-26,20.89,-0.002864,29264.25,61613.723
301365,2025-11-26,22.64,-0.028325999999999997,61067.98,139737.352
301366,2025-11-26,36.42,-0.034464,71937.63,264635.145
301367,2025-11-26,95.62,0.007799,20265.55,194886.484
301368,2025-11-26,56.85,-0.00768,19589.44,112398.292
301369,2025-11-26,96.2,0.029758,12198.59,116650.428
301370,2025-11-26,11.5,0.008772,79327.89,91560.15
301371,2025-11-26,27.88,0.025754000000000003,82517.24,227206.795
301372,2025-11-26,26.76,-0.011817,14381.09,38980.625
301373,2025-11-26,30.31,-0.01206,9931.0,30487.36
301376,2025-11-26,17.95,0.003915,18951.0,34180.484
301377,2025-11-26,104.68,0.017694,65138.14,684095.218
301378,2025-11-26,32.34,-0.021483,52728.17,174184.205
301379,2025-11-26,26.03,0.00231,39053.49,102043.652
301380,2025-11-26,33.91,-0.012809,13020.7,44582.91
301381,2025-11-26,23.64,0.007243,44903.57,106336.288
301382,2025-11-26,38.57,0.043278,394834.48,1519098.325
301383,2025-11-26,32.18,-0.009846,22622.82,73964.763
301386,2025-11-26,23.34,-0.014358,19484.46,45875.864
301387,2025-11-26,39.99,0.013688,25054.29,99978.494
301388,2025-11-26,31.2,-0.024390000000000002,24597.0,77768.831
301389,2025-11-26,51.05,-0.003902,51547.0,264110.47
301390,2025-11-26,36.27,-0.017339,11184.0,41369.132
301391,2025-11-26,82.37,0.008818,7824.71,64228.72
301392,2025-11-26,120.47,-0.008967000000000001,15079.65,182280.339
301393,2025-11-26,51.29,0.007069,13013.0,67678.947
301395,2025-11-26,10.71,-0.017431000000000002,21315.88,23150.697
301396,2025-11-26,64.25,-0.023853,97439.51,636838.097
301397,2025-11-26,32.05,0.051854,79739.22,254303.856
301398,2025-11-26,47.35,-0.022905000000000002,19410.88,93091.623
301399,2025-11-26,17.91,-0.021846,14246.21,25855.613
301408,2025-11-26,17.4,0.2,345508.14,570473.981
301413,2025-11-26,130.88,0.01316,55151.14,722974.763
301418,2025-11-26,36.39,-0.010065,7141.91,26450.268
301419,2025-11-26,31.45,-0.000953,14519.13,45983.999
301421,2025-11-26,92.78,-0.003009,39664.26,369520.106
301428,2025-11-26,34.35,-0.016323,21325.68,74376.632
301429,2025-11-26,19.18,-0.021928,21704.0,42376.406
301439,2025-11-26,14.69,-0.009439999999999999,20904.0,30970.481
301446,2025-11-26,28.74,-0.011352,16602.69,48550.684
301448,2025-11-26,55.79,0.009226,6773.8,37534.716
301456,2025-11-26,27.85,-0.009954,11393.0,31969.532
301458,2025-11-26,32.6,-0.014807999999999998,18727.12,61525.134
301459,2025-11-26,39.09,-0.008874,6742.5,26617.247
301468,2025-11-26,37.6,-0.0063419999999999995,42456.63,162872.034
301469,2025-11-26,28.61,-0.027202,9749.0,28369.921
301479,2025-11-26,83.55,-0.004409,3388.22,28526.302
301486,2025-11-26,78.4,0.011742999999999998,46797.56,373345.23
301487,2025-11-26,23.19,-0.027673,114611.76,268954.409
301488,2025-11-26,129.89,0.000539,16479.51,216063.397
301489,2025-11-26,188.34,0.050946,71358.32,1333063.058
301491,2025-11-26,57.2,-0.010038,7346.81,42197.158
301498,2025-11-26,68.46,0.002343,17291.28,118968.654
301499,2025-11-26,26.51,-0.012295,10823.0,29137.341
301500,2025-11-26,14.96,-0.009927,21190.88,31946.315
301501,2025-11-26,42.32,-0.004235,7488.51,31958.83
301502,2025-11-26,44.76,-0.011266,4916.0,22279.227
301503,2025-11-26,36.6,-0.020343,7131.4,26390.32
301505,2025-11-26,22.29,-0.010213000000000002,20227.24,45824.518
301507,2025-11-26,16.8,0.053952,257834.03,433836.399
301508,2025-11-26,30.87,-0.019377,17402.4,54163.927
301509,2025-11-26,34.05,0.01279,28759.8,99630.513
301510,2025-11-26,29.01,-0.013265,25638.31,75169.14
301511,2025-11-26,32.53,-0.018999,299086.23,979802.632
301512,2025-11-26,44.2,-0.01559,7342.77,32842.473
301515,2025-11-26,21.46,-0.014692,10887.0,23762.043
301516,2025-11-26,16.18,-0.03403,33778.1,55549.395
301517,2025-11-26,44.56,-0.007572,57442.82,260668.656
301518,2025-11-26,43.57,0.05880899999999999,107298.68,456857.15
301519,2025-11-26,14.14,-0.024828000000000003,27735.0,39755.304
301520,2025-11-26,40.54,-0.013145,5747.0,23709.118
301522,2025-11-26,30.93,-0.006744,35590.58,111210.439
301525,2025-11-26,81.88,-0.003408,8849.67,72605.439
301526,2025-11-26,5.72,0.0,354938.33,202994.294
301528,2025-11-26,60.3,-0.030547,10280.0,62668.257
301529,2025-11-26,65.85,0.027301000000000002,74348.27,490215.875
301533,2025-11-26,38.08,-0.010395000000000001,18054.42,69336.922
301535,2025-11-26,18.06,-0.012575000000000001,12998.0,23708.997
301536,2025-11-26,55.4,-0.0027,48538.48,273066.052
301538,2025-11-26,71.57,0.0028020000000000002,5671.51,40664.685
301539,2025-11-26,19.17,-0.011856,14242.0,27512.967
301548,2025-11-26,48.7,-0.011769,12697.82,62345.895
301550,2025-11-26,104.88,0.109959,132916.07,1345345.258
301551,2025-11-26,36.35,-0.029113000000000003,61529.09,226004.429
301552,2025-11-26,36.74,-0.00649,5226.4,19310.728
301555,2025-11-26,31.8,-0.012116,16591.92,53373.247
301556,2025-11-26,96.18,-0.015759000000000002,9897.94,96061.795
301557,2025-11-26,121.2,0.011771,8298.0,100089.21
301558,2025-11-26,9.39,0.008593,220238.0,207507.451
301559,2025-11-26,16.21,0.004337,13503.0,21916.724
301560,2025-11-26,33.75,-0.019465,13008.21,44343.013
301563,2025-11-26,163.61,0.001776,22617.68,368941.495
301565,2025-11-26,26.02,-0.021067999999999996,57575.75,150736.912
301566,2025-11-26,19.75,0.057847,495857.59,956218.567
301567,2025-11-26,45.73,0.038138,41497.24,187686.148
301568,2025-11-26,42.2,-0.001892,13217.56,56246.632
301571,2025-11-26,46.84,-0.031631,43981.19,207809.453
301575,2025-11-26,48.88,-0.00040899999999999997,7902.17,38789.402
301577,2025-11-26,57.41,-0.018632,8726.24,50656.434
301578,2025-11-26,34.76,-0.016134,10203.25,35847.172
301580,2025-11-26,43.3,-0.014790000000000001,7911.6,34607.34
301581,2025-11-26,48.68,0.006201,5028.0,24368.424
301584,2025-11-26,34.3,0.041603,144252.04,488415.144
301585,2025-11-26,30.6,-0.010029,7871.8,24262.958
301586,2025-11-26,45.54,-0.025882000000000002,8480.0,38886.139
301587,2025-11-26,22.87,-0.021814,20348.0,47120.575
301588,2025-11-26,19.32,-0.012270000000000001,12894.48,25112.611
301589,2025-11-26,156.28,0.000576,4964.0,77982.755
301590,2025-11-26,167.0,-0.017069,3396.0,57094.77
301591,2025-11-26,38.27,-0.012386999999999999,9900.01,38116.864
301592,2025-11-26,118.91,-0.016297,5010.06,60001.957
301595,2025-11-26,35.47,-0.001689,5609.74,19987.883
301596,2025-11-26,71.84,-0.006362,4551.68,32935.465
301598,2025-11-26,60.4,-0.006089,3509.0,21304.99
301600,2025-11-26,122.15,0.005183999999999999,13946.85,171060.749
301601,2025-11-26,28.88,0.000346,7773.08,22418.964
301602,2025-11-26,22.76,-0.009574000000000001,10932.32,25090.982
301603,2025-11-26,69.31,0.00159,11951.99,83225.24
301606,2025-11-26,60.95,0.016680999999999998,26258.14,160325.516
301607,2025-11-26,39.8,0.0042899999999999995,17590.2,70245.573
301608,2025-11-26,82.98,-0.023305,9072.09,75793.349
301609,2025-11-26,44.1,-0.013864000000000001,11209.89,49914.481
301611,2025-11-26,50.66,0.00079,26039.53,131674.531
301613,2025-11-26,45.92,-0.010131,8082.49,37302.024
301616,2025-11-26,48.76,-0.006318000000000001,9048.0,44602.128
301617,2025-11-26,77.28,0.00625,15481.93,119682.755
301618,2025-11-26,53.01,-0.012113,5334.89,28507.421
301622,2025-11-26,68.29,-0.013863,6751.51,46425.665
301626,2025-11-26,167.23,0.00529,13143.0,220821.314
301628,2025-11-26,83.65,-0.0041670000000000006,9441.0,79602.308
301629,2025-11-26,211.9,0.047454,30928.72,642005.638
301630,2025-11-26,170.5,-0.00438,2490.85,42588.405
301631,2025-11-26,97.13,-0.033532,31573.49,314423.863
301632,2025-11-26,25.78,0.019375,45623.29,118786.739
301633,2025-11-26,66.82,-0.0032819999999999998,2877.95,19344.725
301636,2025-11-26,48.47,-0.009401,4436.24,21630.85
301638,2025-11-26,25.07,0.018692,1453189.87,3616414.461
301656,2025-11-26,26.51,-0.009712,49936.97,132964.925
301658,2025-11-26,28.97,-0.008556000000000001,20935.05,61042.47
301662,2025-11-26,124.89,0.0034549999999999997,30469.21,382719.896
301665,2025-11-26,29.8,-0.027415,31104.72,93667.284
301668,2025-11-26,51.57,0.00097,23111.28,118971.559
301678,2025-11-26,65.72,-0.007251,17677.35,115917.975
302132,2025-11-26,80.06,-0.021032000000000002,111642.63,895697.977
600000,2025-11-26,11.48,-0.011196999999999999,608769.72,702261.81
600004,2025-11-26,9.6,0.0,121261.51,116786.732
600006,2025-11-26,7.36,-0.012081,258033.01,190627.275
600007,2025-11-26,20.19,-0.022749000000000002,58204.1,118238.312
600008,2025-11-26,3.01,0.0,540825.3,163572.363
600009,2025-11-26,31.74,0.006022,110109.03,349222.959
600010,2025-11-26,2.42,-0.012244999999999999,3288477.13,800480.569
600011,2025-11-26,7.8,0.011673,502381.39,390721.868
600012,2025-11-26,15.46,-0.013401000000000001,71666.4,111531.52
600015,2025-11-26,7.0,-0.008499,596301.2,418537.904
600016,2025-11-26,4.1,-0.0072640000000000005,3264209.93,1340568.901
600017,2025-11-26,3.02,-0.0033,340142.09,102926.155
600018,2025-11-26,5.47,-0.001825,250264.78,137042.823
600019,2025-11-26,7.19,0.00419,835834.38,603444.987
600020,2025-11-26,4.43,0.0,105456.29,46922.043
600021,2025-11-26,24.0,-0.002494,483220.1,1161057.909
600022,2025-11-26,1.48,0.006803,1140679.8,169521.058
600023,2025-11-26,5.03,0.0,345232.86,173837.687
600025,2025-11-26,9.44,-0.0010580000000000001,164384.0,155283.424
600026,2025-11-26,12.32,-0.021446,387811.96,478506.83
600027,2025-11-26,5.11,-0.001953,582386.14,298089.83
600028,2025-11-26,5.74,-0.010345,1228693.6,707713.915
600029,2025-11-26,6.76,0.0014810000000000001,732699.96,497634.926
600030,2025-11-26,27.6,0.004732,681694.52,1881110.589
600031,2025-11-26,20.88,0.021526,615895.68,1287294.287
600032,2025-11-26,7.36,-0.006748,117418.0,86864.314
600033,2025-11-26,3.85,-0.030227,1772437.59,694665.479
600035,2025-11-26,3.99,-0.007463,94615.83,37989.154
600036,2025-11-26,43.25,0.0,451072.06,1950643.252
600037,2025-11-26,7.54,0.0,114157.0,86414.237
600038,2025-11-26,35.65,-0.012464999999999999,100879.31,361465.754
600039,2025-11-26,9.26,-0.002155,123531.4,114583.665
600048,2025-11-26,6.87,-0.015759000000000002,1060393.05,733048.274
600050,2025-11-26,5.45,0.001838,1566528.47,855205.606
600051,2025-11-26,7.72,-0.006435,83464.01,64799.758
600052,2025-11-26,4.55,-0.023605,128082.0,58950.918
600053,2025-11-26,18.66,0.006472,37511.26,70178.85
600054,2025-11-26,11.18,-0.007986,28876.06,32485.226
600055,2025-11-26,16.14,0.003731,46257.98,74787.312
600056,2025-11-26,10.87,0.002768,176404.89,192703.736
600057,2025-11-26,8.15,-0.003667,116586.0,95474.694
600058,2025-11-26,8.48,-0.011655,55590.0,47544.581
600059,2025-11-26,9.14,-0.004357,77287.13,70857.387
600060,2025-11-26,25.73,0.001557,82636.59,212024.366
600061,2025-11-26,7.3,-0.00545,236594.07,173275.349
600062,2025-11-26,18.78,0.005353,69562.74,131172.536
600063,2025-11-26,5.84,-0.011843999999999999,303032.0,179227.153
600064,2025-11-26,8.39,-0.0059240000000000004,114191.82,96324.185
600066,2025-11-26,31.06,0.005503,76211.66,236189.593
600067,2025-11-26,3.98,-0.00995,377225.0,150401.689
600071,2025-11-26,20.49,-0.022424,34758.36,71881.673
600072,2025-11-26,12.39,-0.022871000000000002,352991.58,436241.768
600073,2025-11-26,6.69,0.0,74797.0,50169.507
600075,2025-11-26,4.88,0.0061860000000000005,233520.0,114408.638
600076,2025-11-26,2.97,0.04947,863107.74,260024.864
600078,2025-11-26,10.85,-0.020758000000000002,344466.71,379143.677
600079,2025-11-26,19.4,0.007792,175156.89,340718.599
600080,2025-11-26,8.71,-0.030067,259805.59,229028.917
600081,2025-11-26,12.01,-0.010708,22979.9,27757.891
600082,2025-11-26,4.74,-0.016597999999999998,210010.54,100343.571
600084,2025-11-26,5.65,-0.012238,49844.0,28473.511
600085,2025-11-26,33.54,-0.006222,70233.57,236941.12
600088,2025-11-26,17.05,0.015485,112546.37,192781.868
600089,2025-11-26,21.88,-0.008609,1727032.63,3787084.552
600094,2025-11-26,4.32,0.016471,403135.57,174339.445
600095,2025-11-26,11.16,-0.005348,219768.27,245786.133
600096,2025-11-26,30.31,-0.00623,349072.74,1063092.403
600097,2025-11-26,12.58,-0.066073,261501.21,333996.541
600098,2025-11-26,6.71,0.0,128222.25,86488.376
600099,2025-11-26,10.48,-0.025116,30079.0,32023.612
600100,2025-11-26,8.63,-0.010321,508669.54,442102.647
600101,2025-11-26,8.96,-0.005548999999999999,83818.72,75431.998
600103,2025-11-26,3.88,0.09914999999999999,2061605.43,768246.026
600104,2025-11-26,14.86,-0.004021,314006.88,468398.627
600105,2025-11-26,17.29,0.09987299999999999,4050835.45,6794016.963
600106,2025-11-26,5.97,-0.006656,130134.61,78181.057
600107,2025-11-26,7.95,0.050198,105715.11,82823.187
600108,2025-11-26,3.04,-0.006535999999999999,550392.18,169257.634
600109,2025-11-26,9.14,-0.0054410000000000005,158785.98,145715.2
600110,2025-11-26,7.47,-0.033635,1349965.43,1020279.276
600111,2025-11-26,44.55,-0.011099000000000001,508080.43,2270306.058
600113,2025-11-26,54.46,-0.015189999999999999,40260.18,220163.799
600114,2025-11-26,27.16,-0.000368,126458.57,344940.749
600115,2025-11-26,5.06,0.024291,1258816.16,633864.668
600116,2025-11-26,6.46,0.00155,67872.11,43880.499
600117,2025-11-26,2.88,-0.010308999999999999,213725.91,61956.238
600118,2025-11-26,41.71,-0.021122000000000002,392016.36,1647864.954
600119,2025-11-26,8.35,0.009674,67506.0,56225.091
600120,2025-11-26,6.25,-0.012638,531178.04,334546.375
600121,2025-11-26,4.43,-0.008949,298108.89,132448.192
600123,2025-11-26,6.42,-0.004651,114536.5,73711.815
600125,2025-11-26,6.11,-0.003263,114290.0,70129.009
600126,2025-11-26,8.97,-0.00884,646629.41,586996.328
600127,2025-11-26,6.94,-0.028010999999999998,437862.0,306773.74
600128,2025-11-26,10.36,-0.009559999999999999,37263.0,38996.21
600129,2025-11-26,19.32,-0.008722,59554.6,115749.181
600130,2025-11-26,4.2,0.014493,251725.76,105280.026
600131,2025-11-26,16.69,-0.009496,97809.5,163844.698
600132,2025-11-26,53.03,-0.006183999999999999,21483.96,114232.525
600133,2025-11-26,8.89,0.0,134839.57,120312.55
600135,2025-11-26,7.93,0.016667,244979.5,192195.704
600136,2025-11-26,1.82,0.0055249999999999995,87799.44,15982.673
600137,2025-11-26,19.45,-0.01269,18727.0,36900.284
600138,2025-11-26,9.59,-0.008273,87381.44,84062.983
600141,2025-11-26,30.51,-0.008772,199838.16,615214.129
600143,2025-11-26,18.09,0.000553,512189.4,928761.135
600148,2025-11-26,19.5,-0.013158000000000001,17262.0,33913.355
600149,2025-11-26,5.42,-0.018116,70133.0,38499.296
600150,2025-11-26,34.23,-0.02004,781561.62,2681298.507
600151,2025-11-26,8.62,-0.045404,475168.03,413014.863
600152,2025-11-26,7.2,-0.043825,418783.46,307114.269
600153,2025-11-26,10.07,-0.004941,199480.44,202729.766
600155,2025-11-26,6.93,-0.014225000000000002,312187.9,218348.273
600156,2025-11-26,8.77,-0.013498000000000001,86692.37,76793.676
600157,2025-11-26,1.58,0.0063690000000000005,4808759.46,758579.635
600158,2025-11-26,8.46,-0.011682,128891.0,109784.957
600159,2025-11-26,3.1,-0.015872999999999998,176820.0,55445.028
600160,2025-11-26,33.5,0.001794,106286.86,356428.049
600161,2025-11-26,17.61,-0.004522,53231.34,94064.213
600162,2025-11-26,2.0,0.010101,670703.04,134834.14
600163,2025-11-26,5.46,0.0055249999999999995,285792.53,155531.733
600165,2025-11-26,3.98,0.002519,61130.0,24484.339
600166,2025-11-26,2.75,0.0,840193.19,232224.169
600167,2025-11-26,8.3,-0.014252,262957.29,218236.644
600168,2025-11-26,5.24,-0.007576,105263.4,55441.485
600169,2025-11-26,2.39,-0.008298999999999999,196402.03,47072.763
600170,2025-11-26,2.75,-0.00722,1440963.81,398079.918
600171,2025-11-26,32.6,0.034264,238767.74,769780.472
600172,2025-11-26,6.45,0.025436999999999998,1413215.58,906877.794
600173,2025-11-26,7.76,-0.011465000000000001,107225.8,83327.555
600176,2025-11-26,15.2,0.001318,170832.23,260644.165
600177,2025-11-26,7.63,0.006595999999999999,141805.32,107911.216
600178,2025-11-26,11.9,-0.011628000000000001,39713.05,47416.692
600179,2025-11-26,4.11,0.032663000000000005,1078790.51,448107.049
600180,2025-11-26,4.48,-0.0022270000000000002,138958.43,62841.632
600182,2025-11-26,15.06,0.0,13332.54,20184.034
600183,2025-11-26,57.2,0.03361,501602.33,2859530.664
600184,2025-11-26,17.47,-0.039582,162577.59,286679.339
600185,2025-11-26,7.02,0.033873,553302.14,389344.908
600186,2025-11-26,5.55,0.018349,525508.93,294033.941
600187,2025-11-26,2.67,0.003759,189050.1,50570.254
600188,2025-11-26,13.78,-0.005772,260047.9,359031.667
600189,2025-11-26,7.13,-0.0014010000000000001,104271.5,74424.588
600191,2025-11-26,10.29,-0.022792,205799.35,214214.604
600192,2025-11-26,8.95,-0.016484000000000002,78224.0,70497.016
600193,2025-11-26,3.68,-0.023873000000000002,242842.35,88334.704
600195,2025-11-26,7.71,-0.005161,102344.57,79760.442
600196,2025-11-26,27.53,0.001455,137654.56,381357.941
600197,2025-11-26,14.39,0.001392,18290.0,26353.029
600198,2025-11-26,8.49,-0.009335,233589.0,199302.698
600199,2025-11-26,10.05,-0.0069169999999999995,69390.49,70160.676
600201,2025-11-26,12.47,0.018791,354032.24,437173.756
600202,2025-11-26,6.03,-0.025848,83224.0,50874.363
600203,2025-11-26,12.93,-0.008436,434943.0,574391.066
600206,2025-11-26,19.64,-0.008582,121066.36,239061.444
600207,2025-11-26,5.01,-0.007921000000000001,197910.0,99830.604
600208,2025-11-26,3.97,-0.002513,337614.96,134713.25
600210,2025-11-26,7.27,-0.008186,198691.38,145114.764
600211,2025-11-26,42.43,0.002836,26509.4,113011.296
600212,2025-11-26,7.97,-0.016049,108603.0,87616.076
600215,2025-11-26,6.91,-0.010029,49866.0,34725.94
600216,2025-11-26,14.03,0.001428,71987.3,101547.769
600217,2025-11-26,4.03,-0.007389,168165.56,68337.738
600218,2025-11-26,11.09,-0.043966000000000005,389361.92,435326.135
600219,2025-11-26,4.72,-0.006316,1909160.24,902280.972
600221,2025-11-26,1.71,0.011834,5074482.93,872235.808
600222,2025-11-26,7.49,-0.007947,367948.73,279423.614
600223,2025-11-26,7.68,-0.010308999999999999,123631.58,95529.869
600226,2025-11-26,4.38,0.011547,880851.06,390711.868
600227,2025-11-26,2.71,0.101626,956911.46,254889.01
600228,2025-11-26,6.91,0.034430999999999996,103045.01,69272.485
600229,2025-11-26,7.06,0.002841,64120.26,45125.8
600230,2025-11-26,11.9,-0.018961,63532.4,76249.14
600231,2025-11-26,2.27,0.0,234009.6,53574.959
600232,2025-11-26,7.05,0.020259999999999997,151146.0,108238.421
600233,2025-11-26,16.99,-0.013357,186500.0,318778.725
600234,2025-11-26,11.52,-0.00604,15436.0,17894.376
600235,2025-11-26,6.71,-0.014684,50310.0,34005.517
600236,2025-11-26,6.87,0.0,66700.73,45970.634
600237,2025-11-26,8.71,-0.014705999999999999,1020713.97,894816.905
600238,2025-11-26,6.68,-0.010369999999999999,34523.0,23263.915
600239,2025-11-26,2.58,0.0,330475.55,86213.29
600241,2025-11-26,9.12,-0.026681,54572.0,50333.23
600243,2025-11-26,4.99,-0.015779,36850.0,18410.401
600246,2025-11-26,12.68,0.09974,1062937.78,1304728.322
600248,2025-11-26,3.68,-0.005405,134769.84,49867.575
600249,2025-11-26,6.23,0.008091000000000001,154910.5,97148.284
600250,2025-11-26,10.39,-0.000962,66557.01,69540.028
600251,2025-11-26,8.77,0.001142,128129.74,113792.654
600252,2025-11-26,2.95,0.100746,1291430.6,374356.189
600255,2025-11-26,3.58,-0.016484000000000002,269124.99,97340.16
600256,2025-11-26,5.0,-0.009901,827888.8,415450.002
600257,2025-11-26,5.81,-0.023529,397829.47,233109.556
600258,2025-11-26,15.5,-0.007682,112768.85,174978.473
600259,2025-11-26,52.54,-0.040716,121836.6,644586.511
600261,2025-11-26,3.43,0.008824,149365.5,51440.064
600262,2025-11-26,24.98,-0.014207000000000001,23852.0,60260.419
600265,2025-11-26,20.55,-0.013916,3989.6,8270.594
600266,2025-11-26,4.73,-0.01046,280266.28,133550.752
600267,2025-11-26,10.64,0.007576,185184.62,200060.527
600268,2025-11-26,10.27,-0.010597,161596.17,167037.889
600269,2025-11-26,5.23,0.0038390000000000004,133226.0,69858.921
600271,2025-11-26,8.86,-0.0033750000000000004,774199.51,708820.405
600272,2025-11-26,15.85,0.07167,391701.03,605620.339
600273,2025-11-26,8.33,0.002407,125740.28,105044.355
600276,2025-11-26,62.36,0.024310000000000002,439861.95,2739532.775
600278,2025-11-26,7.7,-0.007732,82082.0,63558.426
600279,2025-11-26,5.04,-0.009823,64080.0,32535.165
600280,2025-11-26,3.65,0.054913,1119454.59,401896.432
600281,2025-11-26,5.79,-0.030150999999999997,114513.0,67788.228
600282,2025-11-26,5.49,0.009191,303643.7,166799.947
600283,2025-11-26,9.38,-0.007407,36638.21,34479.518
600284,2025-11-26,7.35,-0.005413,107941.2,79999.2
600285,2025-11-26,22.12,-0.004948,49081.29,108817.801
600287,2025-11-26,5.62,-0.017483,38399.0,21804.304
600288,2025-11-26,14.69,-0.021318999999999998,86445.0,128751.951
600289,2025-11-26,6.2,0.0,35661.0,22371.648
600292,2025-11-26,12.64,-0.010955,114293.3,144884.651
600293,2025-11-26,3.02,0.003322,405274.35,122992.184
600295,2025-11-26,10.89,-0.001833,59070.99,64496.863
600298,2025-11-26,40.45,-0.0014810000000000001,48149.21,195204.17
600299,2025-11-26,9.05,-0.005495,58342.67,52963.429
600300,2025-11-26,3.49,0.008671,350995.82,122515.372
600301,2025-11-26,39.25,-0.034915,216906.0,854397.099
600302,2025-11-26,9.68,-0.010225,114674.0,112050.988
600303,2025-11-26,3.44,-0.002899,191831.0,66803.034
600305,2025-11-26,7.85,-0.006329,88997.0,70200.244
600307,2025-11-26,1.6,0.0,438082.75,70282.929
600308,2025-11-26,3.86,0.0,260984.41,101031.764
600309,2025-11-26,63.7,0.01047,168651.0,1069887.337
600310,2025-11-26,3.84,-0.010308999999999999,127708.4,49116.847
600312,2025-11-26,16.25,-0.010955999999999999,189550.09,309611.717
600313,2025-11-26,6.55,-0.025297999999999998,545740.67,363472.864
600315,2025-11-26,23.02,-0.0013020000000000002,36264.47,83456.645
600316,2025-11-26,33.31,-0.026307999999999998,98910.0,329524.398
600318,2025-11-26,8.57,-0.008102,75177.0,64870.461
600319,2025-11-26,8.71,0.006936,151981.99,132057.232
600320,2025-11-26,4.51,-0.015283999999999999,369852.24,167609.711
600322,2025-11-26,2.54,0.0,223834.0,57461.138
600323,2025-11-26,28.47,-0.008014,63947.55,182080.003
600325,2025-11-26,4.67,-0.014767999999999998,316068.92,148724.019
600326,2025-11-26,11.13,-0.008021,294567.2,330095.868
600327,2025-11-26,5.04,0.016129,548593.64,275577.437
600328,2025-11-26,8.37,0.009649999999999999,305885.3,256575.608
600329,2025-11-26,45.77,-0.000655,38934.38,179244.724
600330,2025-11-26,9.64,0.016878,591824.04,568551.602
600331,2025-11-26,10.84,0.002775,602119.85,660070.369
600332,2025-11-26,25.91,-0.004228,98634.95,256687.75
600333,2025-11-26,6.23,-0.00638,251656.01,158167.461
600335,2025-11-26,6.07,-0.0032840000000000005,87686.1,53484.862
600336,2025-11-26,7.68,-0.016645,209321.0,162173.802
600337,2025-11-26,2.65,0.099585,371010.32,96204.983
600338,2025-11-26,14.27,-0.01314,525342.1,757218.891
600339,2025-11-26,3.34,-0.005952,343523.53,115263.363
600340,2025-11-26,2.39,-0.044000000000000004,5082917.23,1225740.127
600343,2025-11-26,21.79,0.00045900000000000004,1755051.21,3915515.866
600345,2025-11-26,25.68,0.004302,94549.0,245018.336
600346,2025-11-26,18.36,-0.004338,104514.16,192633.642
600348,2025-11-26,7.53,-0.023346,411952.98,314394.153
600350,2025-11-26,9.27,-0.003226,100621.02,93447.457
600351,2025-11-26,6.62,0.009146,158227.4,105324.701
600352,2025-11-26,10.39,-0.001921,116540.52,121556.028
600353,2025-11-26,14.49,-0.010922000000000001,107644.91,156896.415
600354,2025-11-26,6.42,-0.009259,235019.64,152704.969
600355,2025-11-26,3.05,-0.0032679999999999996,83548.0,25588.444
600356,2025-11-26,8.78,-0.004535,37712.0,33365.347
600358,2025-11-26,5.89,0.024348,83151.0,48665.027
600359,2025-11-26,7.0,-0.008499,84719.02,59817.9
600360,2025-11-26,8.27,0.049492,228473.52,186615.354
600361,2025-11-26,4.33,-0.011415999999999999,324343.0,141858.207
600362,2025-11-26,37.11,0.006782,257091.34,954185.881
600363,2025-11-26,54.06,-0.007163,43472.41,236008.159
600365,2025-11-26,3.26,0.003077,33079.0,10804.584
600366,2025-11-26,13.0,-0.009146,146223.29,191250.446
600367,2025-11-26,16.26,-0.024009999999999997,149297.41,245086.39
600368,2025-11-26,3.98,-0.012407,147564.44,59031.941
600369,2025-11-26,4.39,-0.002273,251928.01,111068.728
600370,2025-11-26,2.36,0.017241,441920.81,104211.363
600371,2025-11-26,9.2,-0.012876,112917.68,105044.198
600372,2025-11-26,12.04,-0.030596,551246.91,670294.498
600373,2025-11-26,10.62,-0.030137,144592.0,155331.227
600375,2025-11-26,6.22,0.0,223825.43,139365.529
600376,2025-11-26,5.69,0.010657000000000002,1548281.54,878203.681
600377,2025-11-26,13.05,-0.009112,109547.74,143486.992
600378,2025-11-26,29.34,-0.004411,64278.23,189421.796
600379,2025-11-26,11.21,-0.013204,43447.87,48915.74
600380,2025-11-26,12.38,0.0040550000000000004,202581.96,253167.661
600381,2025-11-26,4.5,-0.019608,36490.0,16631.886
600382,2025-11-26,6.69,-0.008889000000000001,106046.73,71543.656
600383,2025-11-26,3.56,-0.035230000000000004,1325360.45,479230.309
600386,2025-11-26,4.53,0.0,101850.0,46378.479
600388,2025-11-26,15.89,0.00126,97743.03,154961.432
600389,2025-11-26,21.38,-0.030825,58290.95,126003.065
600390,2025-11-26,5.53,-0.001805,221841.36,123288.975
600391,2025-11-26,26.73,-0.025875,80660.36,216647.158
600392,2025-11-26,20.3,-0.00782,261913.96,533208.562
600395,2025-11-26,4.78,0.0,103397.0,49460.84
600396,2025-11-26,3.0,-0.003322,122347.01,36991.716
600397,2025-11-26,6.47,-0.009188,90227.0,58690.312
600398,2025-11-26,6.12,0.004926,319180.04,194519.191
600399,2025-11-26,5.29,-0.0075049999999999995,298657.46,158475.242
600400,2025-11-26,2.71,0.066929,1934569.32,524841.354
600403,2025-11-26,7.88,-0.039024,601200.94,477125.255
600405,2025-11-26,5.43,-0.010929,78400.09,42796.179
600406,2025-11-26,22.12,-0.003155,334354.09,740070.613
600408,2025-11-26,4.41,-0.030769,1383930.85,610097.652
600409,2025-11-26,5.94,0.0067800000000000004,472279.36,283427.613
600410,2025-11-26,18.85,-0.034817999999999995,1597818.1,3059144.47
600415,2025-11-26,16.14,0.006862,258116.75,416053.788
600416,2025-11-26,13.43,-0.030325,223029.82,302906.758
600418,2025-11-26,49.02,0.0022489999999999997,236458.25,1157677.007
600419,2025-11-26,9.63,-0.007216,44534.6,43161.629
600420,2025-11-26,10.36,0.007782,90094.17,93804.945
600421,2025-11-26,7.44,0.019178,46305.2,34340.815
600422,2025-11-26,13.22,0.0007570000000000001,43064.41,56961.836
600423,2025-11-26,3.88,-0.005128000000000001,113068.0,44240.698
600425,2025-11-26,4.47,0.018223,486243.94,219434.385
600426,2025-11-26,27.11,-0.010223,131392.05,357926.993
600428,2025-11-26,6.84,0.004405,259192.43,178344.518
600429,2025-11-26,5.56,0.027726,460584.97,252330.257
600433,2025-11-26,3.19,0.0,149241.56,47725.626
600435,2025-11-26,13.68,-0.028409,305549.49,420865.201
600436,2025-11-26,175.71,-0.005828,12437.71,219211.771
600438,2025-11-26,22.86,0.005718999999999999,540524.95,1249336.394
600439,2025-11-26,3.02,-0.006579000000000001,182634.42,55753.302
600444,2025-11-26,18.35,-0.008643999999999999,68601.0,128023.641
600446,2025-11-26,15.34,-0.01287,117096.0,181112.009
600448,2025-11-26,3.33,-0.00597,255132.8,85714.084
600449,2025-11-26,13.25,0.005311,34207.0,45225.325
600452,2025-11-26,9.24,-0.0053820000000000005,118899.49,110566.998
600455,2025-11-26,26.15,-0.02752,13541.0,35991.254
600456,2025-11-26,30.99,-0.0019320000000000001,58577.66,183768.42
600458,2025-11-26,12.84,-0.004651,59809.86,77099.268
600459,2025-11-26,16.92,-0.027027000000000002,260364.52,443549.606
600460,2025-11-26,27.55,0.000363,181474.06,502166.619
600461,2025-11-26,9.25,0.0043430000000000005,74587.2,68706.24
600463,2025-11-26,11.3,-0.016536,28398.06,32556.923
600467,2025-11-26,2.62,-0.057554,1666136.9,442990.86
600468,2025-11-26,6.03,-0.016313,199409.0,120991.005
600469,2025-11-26,6.75,-0.014598999999999999,124523.12,84760.669
600470,2025-11-26,6.03,-0.00659,183793.0,111652.029
600475,2025-11-26,18.04,0.058065,287966.31,518338.697
600476,2025-11-26,16.66,-0.028571,34958.0,59488.162
600477,2025-11-26,2.79,-0.010638000000000002,361350.56,101759.624
600478,2025-11-26,6.73,-0.013196000000000001,383486.56,260442.873
600479,2025-11-26,10.77,0.01317,77449.62,83460.966
600480,2025-11-26,11.83,0.000846,88153.69,104406.889
600481,2025-11-26,5.8,-0.0051459999999999995,316853.47,184831.162
600482,2025-11-26,20.17,-0.03215,292735.07,593410.856
600483,2025-11-26,9.84,-0.012048000000000001,130816.76,129686.296
600486,2025-11-26,62.25,0.008424000000000001,36932.64,231199.309
600487,2025-11-26,19.98,0.018349,572903.39,1138986.071
600488,2025-11-26,4.36,0.004608,96458.97,42536.695
600489,2025-11-26,22.18,0.004984,476644.94,1061402.636
600490,2025-11-26,7.32,0.004115,337403.17,247467.599
600491,2025-11-26,3.08,-0.003236,113896.0,35209.831
600493,2025-11-26,7.49,-0.009259,126822.0,96384.817
600495,2025-11-26,4.93,-0.012024,94517.37,46840.835
600496,2025-11-26,4.09,-0.007281999999999999,209515.0,86253.341
600497,2025-11-26,6.21,-0.011146,525574.47,329314.766
600498,2025-11-26,23.3,0.020587,574455.06,1339891.223
600499,2025-11-26,12.79,-0.006216,270541.88,350222.09
600500,2025-11-26,3.97,0.0,186983.07,74354.915
600501,2025-11-26,20.95,-0.02331,88012.94,186435.225
600502,2025-11-26,4.74,0.008511,143102.89,67808.86
600503,2025-11-26,2.93,-0.0067800000000000004,373859.33,111069.206
600505,2025-11-26,12.46,-0.011111,43814.01,54958.854
600506,2025-11-26,25.8,-0.023097,201302.0,524098.225
600507,2025-11-26,5.89,-0.003384,388424.31,229983.095
600508,2025-11-26,12.37,-0.007223,32050.32,39753.691
600509,2025-11-26,8.61,0.011751000000000001,549428.09,470581.174
600510,2025-11-26,8.69,-0.0125,90277.0,79198.926
600511,2025-11-26,29.03,0.003804,48628.97,141338.455
600512,2025-11-26,2.52,0.012048000000000001,311127.21,78682.472
600513,2025-11-26,18.86,-0.013597999999999999,155637.6,300775.729
600515,2025-11-26,4.87,0.006198,1644586.26,808476.518
600516,2025-11-26,6.41,-0.015361,1759765.04,1135337.129
600517,2025-11-26,5.88,-0.010101,231069.66,136767.263
600518,2025-11-26,2.03,0.015,2599958.61,526675.183
600519,2025-11-26,1449.15,0.003115,20306.16,2938818.095
600520,2025-11-26,26.65,-0.024524,31017.0,83372.023
600521,2025-11-26,17.79,0.018317,231685.43,413231.125
600522,2025-11-26,15.88,0.0044280000000000005,551235.99,874588.691
600523,2025-11-26,14.18,-0.026767,54589.31,78100.611
600525,2025-11-26,3.87,0.029255,244237.17,93361.197
600526,2025-11-26,5.37,-0.005556,98911.99,53395.666
600527,2025-11-26,2.23,0.013635999999999999,572514.4,128539.028
600528,2025-11-26,8.04,-0.00618,86646.62,70098.523
600529,2025-11-26,20.45,-0.004866,44909.59,92172.322
600530,2025-11-26,7.32,0.001368,48153.0,35412.239
600531,2025-11-26,10.76,-0.0037040000000000003,318297.46,343739.812
600533,2025-11-26,2.68,-0.007407,269543.0,73274.216
600535,2025-11-26,15.47,0.007161,92436.8,143052.461
600536,2025-11-26,45.45,-0.009588,115666.24,529443.904
600537,2025-11-26,4.06,-0.009756,1107598.85,455205.513
600538,2025-11-26,6.25,0.004823,319841.14,200974.703
600539,2025-11-26,10.95,-0.016173,57522.01,63939.154
600540,2025-11-26,4.73,-0.01046,153616.34,73712.308
600543,2025-11-26,6.13,-0.009693,70672.52,43726.017
600545,2025-11-26,2.72,0.0,265727.0,72998.959
600546,2025-11-26,10.38,-0.013308,175135.33,183471.002
600547,2025-11-26,35.92,0.008989,239028.62,858512.848
600548,2025-11-26,10.0,-0.004975,29913.01,30039.636
600549,2025-11-26,32.74,0.004911,230009.13,756786.901
600550,2025-11-26,9.4,-0.028925999999999997,783981.88,744456.95
600551,2025-11-26,8.6,-0.011493999999999999,60850.47,52677.209
600552,2025-11-26,11.17,-0.011504,124958.02,140520.246
600556,2025-11-26,6.87,-0.028288999999999998,2708939.06,1884979.673
600557,2025-11-26,15.46,-0.0032240000000000003,111963.37,175741.742
600558,2025-11-26,5.42,-0.014544999999999999,144668.46,79026.364
600559,2025-11-26,16.42,0.00122,59506.1,97634.535
600560,2025-11-26,16.53,-0.021314000000000003,20405.0,34105.18
600561,2025-11-26,6.8,-0.018758999999999998,51969.0,35760.177
600562,2025-11-26,26.5,-0.030015,113355.0,302006.163
600563,2025-11-26,103.95,-0.010471,23247.74,243286.713
600566,2025-11-26,26.25,0.001908,103629.0,271247.819
600567,2025-11-26,1.71,0.0,1135367.35,194676.685
600568,2025-11-26,2.7,0.050584,853852.95,230436.772
600569,2025-11-26,2.29,-0.008658,246048.0,56987.566
600570,2025-11-26,29.61,-0.0030299999999999997,270853.88,807848.303
600571,2025-11-26,16.63,-0.011883999999999999,150944.64,253916.212
600572,2025-11-26,4.68,0.008621,297979.35,139915.625
600573,2025-11-26,11.8,-0.001692,45998.01,54452.706
600575,2025-11-26,3.59,-0.005540000000000001,389412.4,140135.234
600576,2025-11-26,7.3,-0.016173,177165.96,130384.818
600577,2025-11-26,10.53,0.039487,1224810.23,1279894.485
600578,2025-11-26,4.5,0.013514,363740.79,163482.674
600579,2025-11-26,8.81,-0.028666,102191.0,91294.227
600580,2025-11-26,41.16,0.007589,629719.03,2593528.005
600581,2025-11-26,3.56,-0.002801,228332.84,81593.931
600582,2025-11-26,5.92,-0.003367,213880.59,126933.727
600583,2025-11-26,5.38,-0.0037040000000000003,309863.93,167559.911
600584,2025-11-26,35.8,0.008167,365634.89,1309368.383
600585,2025-11-26,22.83,-0.0034920000000000003,218196.19,500483.037
600586,2025-11-26,5.69,0.0,353862.39,201418.402
600587,2025-11-26,15.0,0.000667,40779.6,61301.648
600588,2025-11-26,14.67,-0.012785999999999999,424901.74,628668.404
600589,2025-11-26,7.22,-0.02168,456207.22,333956.216
600590,2025-11-26,8.83,-0.016704,113270.2,100413.118
600592,2025-11-26,25.8,-0.030440000000000002,498099.77,1282232.067
600593,2025-11-26,47.22,-0.021753,75020.0,357046.075
600594,2025-11-26,4.23,0.019277,237786.0,101529.902
600595,2025-11-26,6.68,-0.01909,402814.89,271528.627
600596,2025-11-26,10.5,-0.025974,355058.22,376764.22
600597,2025-11-26,8.18,-0.001221,126564.5,103572.441
600598,2025-11-26,14.65,-0.018097000000000002,227773.54,336138.171
600599,2025-11-26,10.48,-0.005693,54071.02,57523.805
600600,2025-11-26,64.4,0.000777,24175.0,155593.041
600601,2025-11-26,11.62,-0.017751,2799439.72,3259718.791
600602,2025-11-26,18.98,-0.0031509999999999997,142499.49,272789.381
600603,2025-11-26,6.93,0.005806,82134.0,56851.257
600604,2025-11-26,5.73,-0.008650999999999999,101868.0,58593.509
600605,2025-11-26,28.85,-0.0058579999999999995,9864.35,28481.718
600606,2025-11-26,1.74,-0.011364,1025755.6,180104.354
600608,2025-11-26,4.27,-0.004662,17381.0,7457.416
600609,2025-11-26,4.97,-0.00996,401422.08,198046.472
600610,2025-11-26,10.25,-0.018199,221219.42,229446.792
600611,2025-11-26,5.43,-0.00367,164062.5,89923.436
600612,2025-11-26,44.85,-0.000446,9486.0,42603.824
600613,2025-11-26,6.85,0.011817,158707.0,109667.952
600615,2025-11-26,11.79,-0.018318,21969.58,26171.402
600616,2025-11-26,5.58,-0.001789,87773.3,49250.112
600617,2025-11-26,3.36,-0.014662999999999999,318391.11,108226.766
600618,2025-11-26,13.11,0.099832,354074.63,445285.455
600619,2025-11-26,22.78,0.055607,978516.5,2169042.538
600620,2025-11-26,6.12,0.0032790000000000002,63419.44,39077.561
600621,2025-11-26,15.2,-0.009126,117542.77,179620.302
600622,2025-11-26,3.14,-0.01875,1027774.18,326002.143
600623,2025-11-26,7.75,-0.005135,125015.37,97011.555
600624,2025-11-26,5.71,-0.0034899999999999996,66149.39,38059.199
600626,2025-11-26,4.61,0.0,123374.0,57053.34
600628,2025-11-26,7.59,0.018792,125334.61,94555.812
600629,2025-11-26,21.5,0.018956999999999998,818659.81,1771281.111
600630,2025-11-26,9.7,-0.026104,224457.43,219655.641
600633,2025-11-26,13.42,-0.015406999999999999,241381.87,326889.953
600635,2025-11-26,7.75,0.011749,4323920.86,3321275.256
600636,2025-11-26,8.34,-0.009500999999999999,24086.0,20210.289
600637,2025-11-26,9.74,-0.005107,651384.1,638864.476
600638,2025-11-26,5.74,-0.010345,96878.38,56150.901
600639,2025-11-26,10.45,-0.005709,45864.08,48054.372
600640,2025-11-26,13.33,-0.019853,95229.1,127719.31
600641,2025-11-26,16.87,-0.004719999999999999,168200.41,285871.904
600642,2025-11-26,8.41,-0.001188,240340.32,203262.663
600643,2025-11-26,5.45,0.003683,105992.0,58177.404
600644,2025-11-26,10.24,-0.009670999999999999,98070.2,100702.874
600645,2025-11-26,28.49,-0.006278000000000001,165608.25,474277.048
600648,2025-11-26,10.71,-0.005571,28163.0,30195.213
600649,2025-11-26,4.38,-0.00905,178445.59,78580.947
600650,2025-11-26,14.26,0.002108,51337.0,74369.744
600651,2025-11-26,8.18,-0.007281999999999999,387741.19,317826.766
600653,2025-11-26,2.0,0.010101,252383.22,50628.849
600654,2025-11-26,3.88,-0.020202,840234.19,328973.824
600655,2025-11-26,5.3,0.00189,116815.13,61978.951
600657,2025-11-26,3.64,-0.01087,195502.12,71729.468
600658,2025-11-26,5.46,-0.00365,142110.6,78170.354
600660,2025-11-26,64.8,0.005431,56656.48,366734.793
600661,2025-11-26,10.8,0.0009270000000000001,56570.73,61165.437
600662,2025-11-26,5.23,0.001916,71021.65,37252.736
600663,2025-11-26,8.2,-0.009661999999999999,78464.8,64856.575
600664,2025-11-26,3.67,0.01662,667930.91,247651.578
600665,2025-11-26,3.59,0.008427,232106.6,84798.727
600666,2025-11-26,3.44,-0.002899,648601.4,224987.512
600667,2025-11-26,7.79,-0.013924,567283.44,444502.432
600668,2025-11-26,11.58,-0.014468000000000002,44007.2,51210.378
600671,2025-11-26,16.96,-0.015099,26185.0,45085.469
600673,2025-11-26,22.23,0.015068,657550.11,1461429.425
600674,2025-11-26,14.46,0.0013850000000000002,190945.25,276808.864
600675,2025-11-26,2.87,0.007018,498863.53,142790.507
600676,2025-11-26,6.01,0.008389,80085.33,48131.866
600678,2025-11-26,10.24,-0.0009760000000000001,408754.02,420939.758
600679,2025-11-26,13.64,-0.015162,81451.5,111977.387
600681,2025-11-26,4.28,-0.018349,394543.4,170780.418
600682,2025-11-26,8.0,0.013942000000000001,400864.33,320887.71
600683,2025-11-26,4.67,-0.006383,158521.52,74856.226
600684,2025-11-26,4.54,-0.006565,126318.6,57756.138
600685,2025-11-26,29.89,-0.09341799999999999,832210.29,2502936.625
600686,2025-11-26,15.34,-0.0013020000000000002,174959.0,270423.074
600688,2025-11-26,2.71,-0.003676,413206.04,112264.782
600689,2025-11-26,14.99,0.008748,33739.0,50665.301
600690,2025-11-26,27.4,0.017453,363757.9,988207.571
600691,2025-11-26,3.03,0.013378000000000001,403294.0,121123.148
600692,2025-11-26,8.05,0.004994,65134.0,52800.389
600693,2025-11-26,9.67,0.100114,1399295.64,1274630.194
600694,2025-11-26,17.51,0.00459,25431.08,44487.841
600696,2025-11-26,5.23,-0.013208,31590.0,16650.717
600697,2025-11-26,13.3,0.009871,82886.0,109907.409
600698,2025-11-26,9.36,-0.021943999999999998,145509.0,136796.456
600699,2025-11-26,26.5,0.005693,342597.31,911550.449
600702,2025-11-26,62.28,0.004678,83277.0,517644.319
600703,2025-11-26,12.94,0.002324,283091.47,366114.853
600704,2025-11-26,5.36,-0.005566,277904.56,149726.83
600706,2025-11-26,10.51,-0.013146,70379.0,74809.999
600707,2025-11-26,5.55,0.005435,145071.25,80649.157
600708,2025-11-26,3.49,-0.022409,197601.59,69733.182
600710,2025-11-26,10.42,-0.005725,88874.67,93057.306
600711,2025-11-26,11.82,-0.019087,1161404.21,1381932.538
600712,2025-11-26,7.15,0.004213,127268.03,91019.083
600713,2025-11-26,5.12,0.032258,250359.27,127826.224
600714,2025-11-26,11.85,-0.025493000000000002,70818.0,84806.862
600715,2025-11-26,2.52,0.008,465631.21,117174.222
600716,2025-11-26,3.89,-0.015189999999999999,121582.0,47802.091
600717,2025-11-26,4.55,-0.002193,206248.53,94291.611
600718,2025-11-26,10.48,-0.010387,272239.9,287432.385
600719,2025-11-26,6.08,-0.011382000000000001,73811.06,45155.095
600720,2025-11-26,7.43,-0.004021,62349.0,46580.377
600721,2025-11-26,9.31,0.0,332221.0,318781.568
600722,2025-11-26,6.22,-0.011129,85495.38,53612.878
600724,2025-11-26,5.23,0.009653,113627.0,60000.318
600725,2025-11-26,3.64,0.002755,159408.72,58514.742
600726,2025-11-26,2.5,0.012145999999999999,288174.6,72138.283
600727,2025-11-26,7.01,-0.008487,61371.6,43356.865
600728,2025-11-26,6.38,-0.01391,273175.57,175756.8
600729,2025-11-26,27.37,0.01183,20569.12,56054.387
600730,2025-11-26,10.88,0.035205,508377.44,555172.639
600731,2025-11-26,6.94,-0.004304,54599.0,38179.877
600732,2025-11-26,13.25,-0.017790999999999998,282491.11,377486.102
600733,2025-11-26,7.67,-0.005188000000000001,580238.57,448304.965
600734,2025-11-26,6.15,0.10017899999999999,440179.21,270710.214
600735,2025-11-26,5.97,-0.029268000000000002,211865.0,127391.879
600736,2025-11-26,5.79,0.037634,590034.56,345134.833
600737,2025-11-26,17.1,-0.00927,181975.84,312651.075
600738,2025-11-26,5.06,0.012,196748.0,98994.08
600739,2025-11-26,11.85,-0.0125,121007.0,144441.696
600740,2025-11-26,4.0,-0.002494,180728.26,72435.667
600741,2025-11-26,19.4,0.0031019999999999997,84283.7,163988.921
600742,2025-11-26,9.56,-0.008298999999999999,43299.0,41678.392
600743,2025-11-26,2.11,0.0,246506.02,52462.228
600744,2025-11-26,6.14,0.009868,303686.78,185894.71
600745,2025-11-26,39.56,-0.031105,576440.01,2306508.235
600746,2025-11-26,7.01,-0.005674,52119.0,36665.915
600748,2025-11-26,5.96,0.003367,192731.58,115098.754
600749,2025-11-26,17.17,-0.010375,41060.01,70863.222
600750,2025-11-26,21.81,0.016309,53072.28,115084.101
600751,2025-11-26,3.98,0.005051,395836.4,157678.956
600753,2025-11-26,8.36,0.0,36188.0,30391.04
600754,2025-11-26,25.44,-0.019275,126706.27,325449.535
600755,2025-11-26,6.68,0.021407,641716.81,428488.183
600756,2025-11-26,23.2,-0.007274,1069635.36,2590093.736
600757,2025-11-26,8.71,-0.010227,128654.81,112537.229
600758,2025-11-26,3.81,-0.012953,193437.0,74146.931
600759,2025-11-26,2.61,-0.0038169999999999996,2679301.82,707771.083
600760,2025-11-26,58.4,-0.032632,236827.23,1387467.023
600761,2025-11-26,19.45,0.015666,96665.7,188310.535
600763,2025-11-26,41.9,-0.001192,43275.15,182127.525
600764,2025-11-26,31.12,-0.055539,236510.52,741562.184
600765,2025-11-26,15.94,-0.017868,167640.92,268877.504
600768,2025-11-26,12.88,0.003115,54433.01,71419.973
600769,2025-11-26,12.83,-0.019113,37647.0,48837.871
600770,2025-11-26,5.22,-0.0038169999999999996,121727.67,63980.462
600771,2025-11-26,19.53,-0.014134,70717.5,139532.182
600773,2025-11-26,12.73,-0.020015,231795.53,298348.733
600774,2025-11-26,9.91,0.005071,58215.0,58367.415
600775,2025-11-26,10.98,-0.00091,98261.23,107919.335
600776,2025-11-26,13.38,0.004505,301490.46,405757.427
600777,2025-11-26,3.95,-0.014962999999999999,122314.44,48463.555
600778,2025-11-26,6.77,0.008942,103773.28,70291.088
600779,2025-11-26,40.25,-0.002231,15447.39,62233.7
600780,2025-11-26,5.82,0.001721,78436.29,45768.792
600782,2025-11-26,3.84,-0.012853000000000002,428551.21,166051.781
600783,2025-11-26,14.31,-0.0034820000000000003,86503.94,124100.17
600784,2025-11-26,6.51,0.0030819999999999997,47305.51,30881.947
600785,2025-11-26,13.24,0.013783,63750.07,83896.322
600787,2025-11-26,5.65,-0.008772,212046.32,120516.448
600789,2025-11-26,9.92,-0.003015,607851.27,612829.767
600790,2025-11-26,3.78,0.010695,164031.91,61666.556
600791,2025-11-26,5.2,-0.017013,90272.0,47483.519
600792,2025-11-26,4.27,-0.020642,288959.0,124458.09
600793,2025-11-26,22.09,-0.0031590000000000003,29663.0,66036.944
600794,2025-11-26,3.92,-0.005076000000000001,109095.0,42987.461
600795,2025-11-26,5.37,0.009398,905296.87,484738.954
600796,2025-11-26,6.16,-0.028391000000000003,94968.0,59129.432
600797,2025-11-26,11.21,-0.006206000000000001,1285772.57,1463764.18
600798,2025-11-26,3.69,-0.008065,212999.0,78925.011
600800,2025-11-26,4.06,0.035714,581014.93,240108.609
600801,2025-11-26,23.1,0.040541,123505.12,283558.321
600802,2025-11-26,6.86,-0.040559000000000005,408835.6,288809.88
600803,2025-11-26,20.99,0.010591999999999999,112514.39,236759.867
600805,2025-11-26,5.41,-0.003683,93808.94,51091.879
600807,2025-11-26,3.35,-0.011798999999999999,216383.0,73188.752
600808,2025-11-26,3.85,-0.007732,424188.57,164348.497
600809,2025-11-26,193.3,0.001606,25364.97,488779.273
600810,2025-11-26,8.65,-0.0034560000000000003,214583.87,185892.899
600812,2025-11-26,5.87,0.001706,183583.45,108976.977
600814,2025-11-26,7.61,0.016021,64099.0,48578.813
600815,2025-11-26,3.62,-0.032086,1112544.0,410291.073
600816,2025-11-26,2.88,0.0034839999999999997,460894.38,133500.65
600817,2025-11-26,10.98,-0.007233000000000001,20919.67,23086.767
600818,2025-11-26,10.53,0.0,89708.51,95266.612
600819,2025-11-26,8.14,-0.013333,99465.03,81346.455
600820,2025-11-26,6.27,-0.004762,168499.18,106096.735
600821,2025-11-26,5.28,-0.003774,156211.15,82662.307
600822,2025-11-26,11.44,-0.005217,54987.0,62847.798
600824,2025-11-26,4.6,0.029083,485221.04,222253.986
600825,2025-11-26,6.96,0.002882,115144.75,79721.031
600826,2025-11-26,12.37,-0.022134,302291.76,375152.286
600827,2025-11-26,8.87,0.014874,89382.62,78854.08
600828,2025-11-26,5.08,0.099567,468678.35,229184.694
600829,2025-11-26,13.18,0.100167,538852.53,671683.541
600830,2025-11-26,9.36,-0.009524,54557.0,51531.862
600831,2025-11-26,4.82,0.0062629999999999995,148552.01,72180.106
600833,2025-11-26,13.87,0.016117,67853.01,94207.98
600834,2025-11-26,8.22,-0.006046,35224.26,29133.089
600835,2025-11-26,33.0,0.1,537546.76,1703275.849
600838,2025-11-26,8.96,0.007873999999999999,63524.55,56878.622
600839,2025-11-26,9.5,-0.007315,575275.2,548644.637
600841,2025-11-26,6.15,0.0016289999999999998,74269.0,45791.688
600843,2025-11-26,11.07,0.010036,112916.39,125628.383
600844,2025-11-26,3.22,0.0,159036.0,51580.668
600845,2025-11-26,21.8,-0.015357,126567.95,278018.838
600846,2025-11-26,16.12,0.0037359999999999997,91839.0,147265.19
600847,2025-11-26,12.06,-0.021103999999999998,21493.38,26365.109
600848,2025-11-26,11.86,0.009362,165756.35,195969.518
600850,2025-11-26,25.9,-0.012581,67657.29,176696.867
600851,2025-11-26,6.8,0.004431,54349.64,37373.098
600853,2025-11-26,4.24,0.007126,196787.97,83812.396
600854,2025-11-26,5.21,-0.018832,75840.0,40024.874
600855,2025-11-26,16.45,-0.038012000000000004,465370.8,773864.382
600857,2025-11-26,15.0,0.010782,104362.0,157930.272
600858,2025-11-26,5.73,0.02139,105561.18,60268.561
600859,2025-11-26,14.48,0.002076,244352.63,353709.062
600860,2025-11-26,11.7,-0.0025580000000000004,136158.51,163205.796
600861,2025-11-26,18.27,-0.012432,23884.0,43953.178
600862,2025-11-26,21.05,-0.015895,101646.29,215097.542
600863,2025-11-26,4.45,0.0,373370.0,166679.869
600864,2025-11-26,6.72,-0.013216,200745.63,136058.443
600865,2025-11-26,9.16,0.008811,45553.0,41632.525
600866,2025-11-26,6.78,-0.0029409999999999996,135340.01,92186.254
600867,2025-11-26,8.78,0.02093,229952.85,202525.792
600868,2025-11-26,3.16,0.101045,423293.91,133714.544
600869,2025-11-26,6.81,-0.008733999999999999,187268.0,128307.217
600871,2025-11-26,2.27,-0.004386,1769258.88,404750.733
600872,2025-11-26,17.71,-0.006730000000000001,52621.12,93578.879
600873,2025-11-26,10.15,-0.006848999999999999,170056.41,173190.003
600874,2025-11-26,5.97,-0.003339,90055.01,53935.96
600875,2025-11-26,20.51,0.002934,305709.43,627020.746
600876,2025-11-26,9.9,-0.020772,48667.0,48981.431
600877,2025-11-26,14.39,-0.084606,769617.76,1121215.671
600879,2025-11-26,10.63,-0.023875,658546.8,708786.5
600880,2025-11-26,5.48,0.022387999999999998,715826.19,392112.338
600881,2025-11-26,2.11,-0.009389999999999999,1494882.84,318228.179
600882,2025-11-26,25.76,-0.010373,35366.0,91278.071
600883,2025-11-26,8.25,-0.017857,31354.0,26196.032
600884,2025-11-26,12.24,-0.036979000000000005,614658.46,759536.289
600885,2025-11-26,28.76,-0.021768999999999997,146700.11,424335.53
600886,2025-11-26,13.65,-0.005102,197663.96,270427.111
600887,2025-11-26,29.18,0.000686,287148.77,835332.535
600888,2025-11-26,7.69,-0.007742,169781.57,131153.829
600889,2025-11-26,14.96,0.004701,43914.0,66174.654
600892,2025-11-26,3.62,0.031339,100774.0,36067.069
600893,2025-11-26,37.21,-0.00268,118004.56,437672.879
600894,2025-11-26,9.23,0.001085,27808.69,25688.719
600895,2025-11-26,42.37,0.052409,1192898.86,4981487.953
600897,2025-11-26,15.89,-0.017316,43445.16,69653.979
600900,2025-11-26,27.94,-0.003211,662732.78,1854668.14
600901,2025-11-26,6.42,-0.021341000000000002,465769.05,299193.409
600903,2025-11-26,6.87,-0.005789,74937.1,51725.826
600905,2025-11-26,4.17,-0.002392,779513.03,325616.798
600906,2025-11-26,6.83,0.0,118870.51,81576.859
600908,2025-11-26,6.09,0.0049499999999999995,207523.09,126584.914
600909,2025-11-26,6.27,-0.006339,372316.32,234581.541
600916,2025-11-26,8.03,-0.0037219999999999996,144098.0,115762.558
600917,2025-11-26,5.68,-0.008726000000000001,58374.0,33381.851
600918,2025-11-26,6.61,-0.0015110000000000002,153043.0,101440.837
600919,2025-11-26,10.7,-0.007421,1155627.78,1238361.367
600925,2025-11-26,4.74,-0.004202,82478.5,39248.664
600926,2025-11-26,15.38,-0.007101,241175.93,372398.738
600927,2025-11-26,14.26,-0.004885,33167.0,47572.448
600928,2025-11-26,3.83,-0.007772,200249.0,76980.252
600929,2025-11-26,5.76,-0.013699,140169.0,81717.98
600930,2025-11-26,6.16,-0.001621,456904.2,282363.742
600933,2025-11-26,19.48,0.010898000000000001,107050.64,208224.966
600935,2025-11-26,2.58,0.011765000000000001,292750.0,75863.878
600936,2025-11-26,3.52,-0.00565,105349.74,37302.435
600938,2025-11-26,27.81,-0.012428999999999999,411403.13,1144814.489
600939,2025-11-26,3.55,0.002825,267201.13,95517.988
600941,2025-11-26,108.97,0.002853,98031.88,1068003.34
600955,2025-11-26,15.35,0.100358,137808.16,203674.965
600956,2025-11-26,7.73,-0.002581,65253.0,50804.108
600958,2025-11-26,10.34,-0.005769,354056.97,367400.172
600959,2025-11-26,3.51,-0.008475,364442.89,128713.295
600960,2025-11-26,4.94,0.004065,137966.0,68427.548
600961,2025-11-26,14.57,-0.012873,133638.35,196594.076
600962,2025-11-26,20.01,0.001502,13299.0,26607.09
600963,2025-11-26,4.28,-0.004651,145798.29,62632.802
600965,2025-11-26,5.93,0.011944999999999999,332055.05,197045.159
600966,2025-11-26,6.04,0.0,247505.21,147774.962
600967,2025-11-26,17.25,-0.024321000000000002,301774.41,521052.875
600968,2025-11-26,3.71,-0.0053620000000000004,280787.76,104625.756
600969,2025-11-26,8.81,0.006856999999999999,76966.51,68193.234
600970,2025-11-26,9.51,0.005285,301351.7,289195.393
600971,2025-11-26,6.8,-0.004392,78522.86,53573.77
600973,2025-11-26,5.1,-0.007782,271783.57,139147.165
600975,2025-11-26,6.14,-0.0016259999999999998,122778.84,75404.342
600976,2025-11-26,37.8,0.002387,7549.31,28648.481
600977,2025-11-26,16.26,-0.0373,799702.25,1318814.409
600979,2025-11-26,4.72,-0.010482,232868.52,109988.935
600980,2025-11-26,22.37,-0.01886,22040.0,49814.153
600981,2025-11-26,2.81,0.0,242409.11,68454.012
600982,2025-11-26,4.45,-0.0044740000000000005,193202.24,86543.263
600983,2025-11-26,10.05,-0.0049499999999999995,16190.0,16397.804
600984,2025-11-26,4.22,-0.018605,458736.6,196719.708
600985,2025-11-26,12.19,-0.017728,105371.42,129621.313
600986,2025-11-26,9.99,0.014213,1123554.1,1109540.385
600987,2025-11-26,7.14,0.011331,69423.85,49511.332
600988,2025-11-26,30.73,0.001956,290608.06,896665.39
600989,2025-11-26,17.87,-0.0027900000000000004,262057.7,468225.386
600990,2025-11-26,25.2,-0.033742,61830.08,157691.747
600992,2025-11-26,13.9,-0.01138,48775.01,68070.803
600993,2025-11-26,27.56,-0.007562,31229.62,86588.743
600995,2025-11-26,12.28,0.0032679999999999996,95799.53,118019.623
600996,2025-11-26,11.75,0.012931,784481.51,918413.654
600997,2025-11-26,6.17,0.00817,80472.02,49579.028
600998,2025-11-26,4.94,0.00611,300585.16,149127.912
600999,2025-11-26,16.31,-0.004881,202807.97,331853.281
601000,2025-11-26,3.87,-0.007692,462800.36,179542.235
601001,2025-11-26,13.8,-0.012169000000000001,159827.12,221104.284
601002,2025-11-26,5.01,-0.005952,69845.01,35196.207
601003,2025-11-26,4.96,-0.00998,97740.2,48913.964
601005,2025-11-26,1.44,0.006993,1524744.0,220119.483
601006,2025-11-26,5.54,0.0,782052.01,433895.33
601007,2025-11-26,7.61,-0.006527,79739.51,61125.497
601008,2025-11-26,5.25,-0.005682,86285.0,45496.478
601009,2025-11-26,11.49,-0.012887,514311.95,591672.555
601010,2025-11-26,2.7,0.026616,367705.0,98331.107
601011,2025-11-26,3.59,-0.013736,640709.0,231543.118
601012,2025-11-26,18.81,-0.008957,1474895.66,2791746.11
601015,2025-11-26,4.03,-0.0049380000000000005,347310.41,140149.472
601016,2025-11-26,2.97,-0.003356,342867.85,102213.661
601018,2025-11-26,3.67,0.005479,454924.0,167167.144
601019,2025-11-26,8.53,-0.016148,134026.0,115399.652
601020,2025-11-26,30.61,-0.015122,283832.69,873599.204
601021,2025-11-26,54.89,0.010866,47153.57,256868.811
601022,2025-11-26,9.17,-0.006501,81071.4,74766.623
601026,2025-11-26,20.49,0.015362,77718.76,159065.859
601033,2025-11-26,15.39,-0.001946,26098.37,40316.86
601038,2025-11-26,12.63,-0.0047279999999999996,53915.0,68631.46
601058,2025-11-26,15.85,0.011487,163233.24,257656.66
601061,2025-11-26,14.33,-0.024506,212999.7,308382.486
601065,2025-11-26,8.41,-0.009423,64072.22,54212.681
601066,2025-11-26,24.74,0.0,74977.13,185663.468
601068,2025-11-26,5.29,0.015355,252400.0,134800.344
601069,2025-11-26,26.95,-0.009919,118058.0,319561.819
601077,2025-11-26,6.53,0.001534,355301.82,232394.338
601083,2025-11-26,11.14,-0.003578,57714.74,64545.37
601086,2025-11-26,11.25,0.093294,373140.76,400807.503
601088,2025-11-26,41.0,-0.004854,166048.62,683326.469
601089,2025-11-26,24.53,0.1,113785.44,273575.183
601096,2025-11-26,4.13,-0.004819,224402.46,92935.87
601098,2025-11-26,11.17,-0.021034,157676.83,177272.384
601099,2025-11-26,4.1,-0.0072640000000000005,781406.68,322079.847
601100,2025-11-26,92.16,0.017218999999999998,85571.17,791796.384
601101,2025-11-26,7.35,-0.004065,68912.08,50792.636
601106,2025-11-26,3.01,-0.003311,332559.01,100479.905
601107,2025-11-26,6.0,0.013514,121645.01,72871.932
601108,2025-11-26,8.08,-0.00615,202036.26,164147.798
601111,2025-11-26,8.08,0.0024809999999999997,883101.91,716348.577
601113,2025-11-26,4.37,-0.004556,384024.0,168070.463
601116,2025-11-26,17.49,0.1,729226.12,1200059.976
601117,2025-11-26,7.44,0.0,500075.14,372797.641
601118,2025-11-26,5.77,0.008741,700080.1,409014.77
601121,2025-11-26,7.09,-0.008392,118419.0,84940.818
601126,2025-11-26,26.2,-0.009452,237978.68,626307.018
601127,2025-11-26,125.1,0.002002,125723.83,1569932.035
601128,2025-11-26,7.14,0.0,273607.98,196031.09
601133,2025-11-26,13.6,0.00295,142846.84,193859.319
601136,2025-11-26,20.82,-0.008099,276062.03,575219.204
601137,2025-11-26,20.91,-0.007594,60677.17,127764.519
601138,2025-11-26,58.93,0.040982000000000005,2812842.86,16345298.899
601139,2025-11-26,6.57,0.0015240000000000002,69313.4,45629.909
601155,2025-11-26,14.84,-0.023683999999999997,127462.78,190900.238
601156,2025-11-26,16.39,0.005521000000000001,76121.5,125262.412
601158,2025-11-26,4.7,0.008584000000000001,110988.0,52014.065
601162,2025-11-26,4.81,-0.004141000000000001,822130.1,397006.566
601163,2025-11-26,14.58,-0.004778,33320.0,48667.849
601166,2025-11-26,21.3,-0.004673,522058.02,1115834.134
601168,2025-11-26,22.55,-0.007919,173103.01,393044.825
601169,2025-11-26,5.73,-0.008650999999999999,1739845.28,999683.399
601177,2025-11-26,16.6,-0.014837,51041.78,85409.829
601179,2025-11-26,8.27,-0.017815,1148414.06,952261.292
601186,2025-11-26,7.74,-0.0012900000000000001,172142.0,133735.961
601187,2025-11-26,7.05,0.002845,147808.0,103893.038
601188,2025-11-26,3.53,0.002841,170249.3,60479.651
601199,2025-11-26,5.64,-0.017422,112858.0,64127.319
601200,2025-11-26,8.02,-0.008653,167527.66,134961.879
601208,2025-11-26,19.54,0.012435,1109402.72,2163577.868
601211,2025-11-26,18.9,-0.006831,514434.04,975089.56
601212,2025-11-26,4.75,-0.002101,733042.86,348950.507
601216,2025-11-26,4.89,-0.008114,488936.82,240108.716
601218,2025-11-26,4.91,-0.006072999999999999,251123.21,123988.961
601222,2025-11-26,5.71,-0.0034899999999999996,135362.28,77530.806
601225,2025-11-26,22.48,-0.009692,157527.74,355735.276
601226,2025-11-26,7.28,-0.001372,129799.0,94417.531
601228,2025-11-26,3.29,0.0,210849.47,69673.696
601229,2025-11-26,9.9,-0.0010090000000000001,349411.52,346984.447
601231,2025-11-26,21.67,0.018806,184988.98,403376.527
601233,2025-11-26,14.52,-0.014924999999999999,207161.21,303321.886
601236,2025-11-26,8.6,0.011765000000000001,187277.3,161834.753
601238,2025-11-26,8.27,-0.029342999999999998,1277746.84,1067842.532
601279,2025-11-26,4.53,-0.013071999999999999,582660.0,265721.067
601288,2025-11-26,7.94,-0.016109,3101549.0,2475714.918
601298,2025-11-26,8.41,0.00358,238846.27,200838.87
601311,2025-11-26,9.02,-0.010965,146385.38,132878.221
601318,2025-11-26,59.78,0.005213,434692.73,2598031.333
601319,2025-11-26,8.54,-0.011574,519248.23,443203.051
601326,2025-11-26,3.51,-0.002841,224319.53,79035.125
601328,2025-11-26,7.66,-0.007772,1500768.05,1152698.732
601330,2025-11-26,7.02,-0.004255,50032.08,35362.219
601333,2025-11-26,2.99,-0.003333,333613.1,100277.02
601336,2025-11-26,65.92,0.000607,95684.49,628006.76
601339,2025-11-26,5.32,0.0,108883.43,58062.848
601360,2025-11-26,13.71,-0.022808000000000002,3076000.46,4249227.355
601366,2025-11-26,4.61,0.015419,116292.0,53299.11
601368,2025-11-26,5.03,-0.011788,47887.0,24297.342
601369,2025-11-26,8.73,-0.009081,92552.49,81248.193
601375,2025-11-26,4.27,0.0,204396.4,87485.399
601377,2025-11-26,6.66,-0.008929,461363.13,307851.291
601388,2025-11-26,2.86,-0.010381,435248.63,125854.519
601390,2025-11-26,5.44,-0.001835,510137.98,278044.55
601398,2025-11-26,8.16,-0.018050999999999998,3310419.56,2718206.391
601399,2025-11-26,3.27,-0.006079,472770.92,154933.451
601456,2025-11-26,10.19,-0.006823,187705.62,192196.966
601500,2025-11-26,4.22,0.0,98164.15,41447.593
601512,2025-11-26,8.88,-0.011136,37767.0,33730.786
601515,2025-11-26,4.58,-0.012931,222514.39,102506.757
601518,2025-11-26,2.9,-0.0034360000000000003,137954.0,40257.467
601519,2025-11-26,12.63,-0.0031569999999999997,183182.55,232536.153
601528,2025-11-26,5.55,-0.001799,99569.65,55419.62
601555,2025-11-26,8.86,-0.0033750000000000004,227710.54,202413.861
601566,2025-11-26,13.1,-0.083916,676096.05,889326.308
601567,2025-11-26,22.81,-0.006533,213521.32,489079.006
601568,2025-11-26,3.88,-0.002571,173900.4,67696.7
601577,2025-11-26,9.63,-0.006192,124890.96,120705.927
601579,2025-11-26,21.27,0.021614,114234.82,241883.768
601588,2025-11-26,1.86,-0.005348,390188.1,73490.266
601595,2025-11-26,33.42,0.003604,177638.6,590739.977
601598,2025-11-26,6.26,0.0016,166962.21,105389.342
601599,2025-11-26,3.87,-0.005141,229904.04,89341.969
601600,2025-11-26,10.39,-0.015165999999999999,2135047.53,2226651.051
601601,2025-11-26,34.61,-0.009728,222205.16,770669.746
601606,2025-11-26,52.69,-0.08045400000000001,878661.37,4688231.043
601607,2025-11-26,17.87,-0.000559,94294.55,168878.969
601608,2025-11-26,6.48,-0.009174,430115.61,280246.493
601609,2025-11-26,10.12,-0.0039369999999999995,166614.32,169552.563
601611,2025-11-26,11.45,-0.028014,506600.3,584224.442
601615,2025-11-26,13.37,0.010582000000000001,252509.95,337517.953
601616,2025-11-26,3.94,-0.010049999999999998,169870.25,67457.715
601618,2025-11-26,3.19,-0.0062309999999999996,1316371.74,421903.973
601619,2025-11-26,4.32,0.004651,349972.52,151003.432
601628,2025-11-26,43.5,-0.010914,111562.44,485030.635
601633,2025-11-26,21.78,0.003687,92904.31,202165.616
601636,2025-11-26,5.77,-0.003454,370886.91,213890.736
601658,2025-11-26,5.79,-0.015306,1728975.73,1005134.374
601665,2025-11-26,5.95,0.001684,492860.9,294982.881
601666,2025-11-26,7.74,-0.012755,173247.36,135188.119
601668,2025-11-26,5.27,0.0,967424.69,510222.689
601669,2025-11-26,5.42,-0.0055049999999999995,660035.67,359150.878
601677,2025-11-26,13.92,-0.0071330000000000005,150968.65,211056.264
601678,2025-11-26,4.35,0.0,326525.29,142563.661
601686,2025-11-26,6.14,-0.009677,84012.0,51888.07
601688,2025-11-26,21.04,0.004776,406866.14,855714.789
601689,2025-11-26,62.81,0.019974000000000002,342075.0,2146712.07
601696,2025-11-26,12.7,-0.00626,219876.51,280793.818
601698,2025-11-26,20.49,-0.017737,284539.94,587490.87
601699,2025-11-26,13.01,-0.00687,153855.93,200326.129
601700,2025-11-26,4.86,-0.020161,160876.0,79003.604
601702,2025-11-26,18.07,0.06733600000000001,320904.22,576352.617
601717,2025-11-26,22.69,0.009342,109705.93,248322.137
601718,2025-11-26,3.57,0.017094,576732.91,204000.131
601727,2025-11-26,8.88,0.031359,2667645.2,2347844.612
601728,2025-11-26,6.83,0.0,1294185.31,887787.591
601766,2025-11-26,7.27,0.005533,850942.57,615135.372
601777,2025-11-26,10.5,0.0,227054.22,238240.624
601778,2025-11-26,3.34,-0.008902,547065.55,184166.332
601788,2025-11-26,17.28,-0.0034599999999999995,122841.03,212853.397
601789,2025-11-26,5.22,-0.013233,230260.62,121351.965
601798,2025-11-26,8.76,-0.011287,45622.0,40440.923
601799,2025-11-26,123.44,0.000243,16735.0,206075.196
601800,2025-11-26,8.55,0.001171,144266.84,123724.074
601801,2025-11-26,6.63,-0.004505,66549.12,44251.392
601808,2025-11-26,13.99,-0.012006,101533.87,142394.183
601811,2025-11-26,14.02,-0.005674,21100.75,29668.944
601816,2025-11-26,5.06,-0.001972,795834.14,403975.74
601818,2025-11-26,3.62,-0.008218999999999999,3018736.0,1098753.683
601825,2025-11-26,8.98,0.005599,161310.0,144899.884
601827,2025-11-26,8.22,0.0,74576.0,61336.554
601828,2025-11-26,2.67,0.019084,328185.48,87808.925
601838,2025-11-26,16.82,-0.005322,354682.19,597345.476
601857,2025-11-26,9.72,-0.008163,1244595.23,1211513.502
601858,2025-11-26,18.9,-0.015625,60026.0,114163.4
601860,2025-11-26,2.78,0.0,284587.0,79225.929
601865,2025-11-26,15.98,-0.008685,179084.1,287356.09
601866,2025-11-26,2.55,0.007905,1098977.31,281119.576
601868,2025-11-26,2.35,-0.004237,1228626.99,289872.922
601869,2025-11-26,85.64,0.057283999999999995,304203.11,2596842.901
601872,2025-11-26,8.65,-0.022599,936379.64,807876.966
601877,2025-11-26,27.53,-0.001089,215099.13,593614.631
601878,2025-11-26,10.93,-0.0054600000000000004,193099.14,211804.194
601880,2025-11-26,1.62,0.0062109999999999995,1070422.49,174144.87
601881,2025-11-26,15.84,0.0006320000000000001,212467.16,337017.908
601882,2025-11-26,18.85,-0.010499000000000001,20565.0,38920.292
601886,2025-11-26,8.0,-0.020808,49658.01,40237.031
601888,2025-11-26,80.34,0.008157,393654.99,3151195.069
601890,2025-11-26,10.34,-0.066787,1157895.26,1207326.505
601898,2025-11-26,13.7,-0.005084,287687.15,392767.538
601899,2025-11-26,28.43,-0.0028060000000000003,1590126.08,4530158.086
601900,2025-11-26,13.86,-0.018414,59328.97,82718.285
601901,2025-11-26,7.7,-0.007732,636990.62,492748.96
601908,2025-11-26,3.69,-0.0027029999999999997,389309.42,144468.886
601916,2025-11-26,3.09,-0.01278,1592029.05,495228.951
601918,2025-11-26,6.83,-0.007267,296217.2,203899.763
601919,2025-11-26,14.7,-0.004739,437109.13,644182.481
601921,2025-11-26,7.92,-0.005024999999999999,76283.0,60549.216
601928,2025-11-26,10.0,-0.009901,218620.39,218731.89
601929,2025-11-26,3.97,0.007613999999999999,3479157.6,1375748.997
601933,2025-11-26,4.11,0.017327,1288576.6,526590.228
601939,2025-11-26,9.72,-0.013198000000000001,1221971.93,1187962.993
601949,2025-11-26,6.7,-0.007407,75228.42,50535.61
601952,2025-11-26,9.15,-0.006515,105628.5,96968.413
601956,2025-11-26,7.02,-0.002841,72635.6,51240.479
601958,2025-11-26,13.69,-0.012265999999999999,114129.37,157500.371
601963,2025-11-26,11.12,-0.0026910000000000002,73865.5,82231.753
601965,2025-11-26,17.02,0.0065049999999999995,25328.76,43142.679
601966,2025-11-26,14.79,-0.00404,118918.15,176412.391
601968,2025-11-26,4.99,-0.013833999999999999,140028.0,70518.508
601969,2025-11-26,11.84,0.025108000000000002,620038.67,738040.786
601975,2025-11-26,3.2,-0.003115,898194.49,288542.697
601985,2025-11-26,8.64,-0.0068969999999999995,646534.24,559488.212
601988,2025-11-26,6.15,-0.017572,4148931.59,2562937.491
601990,2025-11-26,8.05,-0.008621,139539.55,113040.108
601991,2025-11-26,3.5,0.017442,1060267.76,370366.682
601992,2025-11-26,1.7,0.005917,553712.94,94855.983
601996,2025-11-26,2.5,-0.011858,419206.35,106401.49
601997,2025-11-26,6.04,-0.004941999999999999,237914.93,144235.238
601998,2025-11-26,7.81,-0.012642,477451.0,373377.283
601999,2025-11-26,7.47,-0.005326,69309.0,52176.691
603000,2025-11-26,20.58,-0.015310999999999998,464869.35,965185.0
603001,2025-11-26,8.9,-0.005587,59982.82,54153.41
603002,2025-11-26,6.83,-0.008708,309301.02,212638.654
603004,2025-11-26,22.96,0.003058,30945.91,71714.42
603005,2025-11-26,26.62,-0.004488,104028.51,277931.78
603006,2025-11-26,12.93,-0.015982,24417.0,31971.136
603007,2025-11-26,5.58,0.001795,191769.58,108982.77
603008,2025-11-26,20.03,-0.000998,153578.77,306633.602
603009,2025-11-26,40.58,0.011970000000000001,76533.64,311215.614
603010,2025-11-26,10.82,-0.0009229999999999999,87352.0,94453.16
603011,2025-11-26,20.86,-0.002868,298168.82,617114.464
603012,2025-11-26,5.72,-0.01209,70152.0,40504.698
603013,2025-11-26,22.3,0.010879000000000002,68393.0,153043.503
603014,2025-11-26,39.97,-0.020343,22858.73,92595.317
603015,2025-11-26,11.06,-0.015138,48122.9,53850.928
603016,2025-11-26,24.74,-0.011980999999999999,10581.0,26328.435
603017,2025-11-26,11.3,0.10029199999999999,204736.85,231328.719
603018,2025-11-26,7.54,0.003995,39174.63,29605.798
603019,2025-11-26,97.77,0.027212,508140.46,4969465.137
603020,2025-11-26,9.95,-0.013875,31042.0,31076.416
603021,2025-11-26,5.25,-0.022345999999999998,133264.75,73339.307
603022,2025-11-26,10.2,-0.019231,35033.0,36313.203
603023,2025-11-26,4.13,-0.030516,112549.13,47303.948
603025,2025-11-26,17.16,-0.0063690000000000005,47014.12,80970.981
603026,2025-11-26,81.35,-0.015967,169923.92,1400266.425
603027,2025-11-26,9.61,0.015856,180593.13,173068.467
603028,2025-11-26,7.61,-0.016796,77253.0,59563.443
603029,2025-11-26,18.96,-0.014553,19095.97,36571.76
603030,2025-11-26,3.15,-0.006309,376988.0,119266.916
603031,2025-11-26,38.24,0.041111,47513.72,179142.183
603032,2025-11-26,18.78,-0.014173,111300.0,210390.57
603033,2025-11-26,10.92,-0.001828,72597.52,79446.43
603035,2025-11-26,15.23,0.003955,49500.0,75659.44
603036,2025-11-26,20.25,0.000494,48148.0,99056.376
603038,2025-11-26,17.58,-0.009019000000000001,42549.6,75340.693
603039,2025-11-26,53.65,-0.019196,19606.06,106295.481
603040,2025-11-26,76.3,0.034575999999999996,22161.13,168284.226
603041,2025-11-26,12.2,-0.015335000000000001,25509.35,31494.455
603042,2025-11-26,16.18,-0.025301,123209.15,201658.117
603043,2025-11-26,17.13,0.010619,40715.99,69623.79
603045,2025-11-26,19.92,-0.013373,17861.4,35836.059
603048,2025-11-26,19.38,-0.011224000000000001,15420.0,30264.05
603049,2025-11-26,55.58,0.015345,49352.24,272290.016
603050,2025-11-26,16.97,-0.004108,25905.47,44105.309
603051,2025-11-26,20.66,-0.025931000000000003,45397.2,94694.811
603052,2025-11-26,31.28,-0.016352,115155.76,360897.405
603053,2025-11-26,9.95,-0.010934,24853.69,24898.128
603055,2025-11-26,8.88,-0.004484,33778.0,30097.709
603056,2025-11-26,14.51,0.011855,46486.99,67570.837
603057,2025-11-26,18.54,0.004334,17090.44,31655.057
603058,2025-11-26,8.92,-0.016538,33156.0,29858.721
603059,2025-11-26,29.53,-0.00906,30646.25,91139.597
603060,2025-11-26,6.33,-0.00315,44987.84,28582.282
603061,2025-11-26,123.45,-0.010024,8791.46,109189.967
603062,2025-11-26,44.45,-0.000225,4719.81,21051.546
603063,2025-11-26,29.81,0.035789,237603.38,709420.022
603065,2025-11-26,8.27,-0.008393000000000001,30335.0,25259.795
603066,2025-11-26,10.95,-0.00364,20456.0,22593.643
603067,2025-11-26,27.19,-0.031695,285735.7,789295.553
603068,2025-11-26,39.14,0.10005599999999999,91732.04,350356.683
603069,2025-11-26,25.22,0.011227000000000001,125120.43,318458.548
603070,2025-11-26,12.83,-0.014593,28668.52,37039.974
603071,2025-11-26,13.29,0.002262,18570.88,24790.823
603072,2025-11-26,42.9,-0.012204,13720.99,59261.427
603073,2025-11-26,18.39,-0.011822,13614.0,25383.652
603075,2025-11-26,21.23,0.004257,8715.59,18554.204
603076,2025-11-26,24.23,-0.017039,16699.41,40898.835
603077,2025-11-26,2.15,-0.0046300000000000004,1618150.9,350336.782
603078,2025-11-26,17.52,-0.017937,66142.9,116796.652
603079,2025-11-26,18.54,-0.031854,41581.96,78413.301
603080,2025-11-26,21.69,-0.010944,28189.0,62026.151
603081,2025-11-26,12.09,-0.017872,45024.0,54710.654
603082,2025-11-26,36.11,-0.0096,7222.0,26269.16
603083,2025-11-26,103.95,0.06299199999999999,432837.56,4451616.092
603085,2025-11-26,10.37,0.006796,65872.2,68655.143
603086,2025-11-26,8.19,-0.01444,59416.41,49042.979
603087,2025-11-26,63.38,0.013918,72898.36,463659.392
603088,2025-11-26,9.99,-0.021547999999999998,104974.4,105841.153
603089,2025-11-26,12.71,-0.006254999999999999,24853.87,31728.962
603090,2025-11-26,44.09,-0.001359,30407.0,133099.377
603091,2025-11-26,72.13,-0.004142,4114.0,29891.483
603092,2025-11-26,72.06,-0.019325000000000002,57374.48,417790.228
603093,2025-11-26,18.7,-0.006376,23602.0,44328.448
603095,2025-11-26,14.4,-0.0062109999999999995,20241.6,29403.187
603096,2025-11-26,18.68,-0.002137,18689.82,35169.212
603097,2025-11-26,26.7,-0.025903,64458.13,175388.251
603098,2025-11-26,12.79,-0.007758,56324.66,72138.453
603099,2025-11-26,49.16,-0.01935,69079.09,342863.373
603100,2025-11-26,25.3,-0.024296,102495.33,261751.843
603101,2025-11-26,9.68,0.017876,114785.51,110475.644
603102,2025-11-26,41.58,-0.004549,5759.39,24215.817
603103,2025-11-26,16.71,0.004207,79020.06,133894.272
603105,2025-11-26,9.12,-0.015119,113096.97,103694.204
603106,2025-11-26,13.01,0.030087000000000003,764717.0,992887.708
603107,2025-11-26,15.11,-0.006575,18374.85,27888.378
603108,2025-11-26,16.05,-0.00987,162842.0,264804.257
603109,2025-11-26,25.08,-0.008696,21259.0,53681.617
603110,2025-11-26,15.95,-0.013605,43783.0,70705.493
603111,2025-11-26,6.86,-0.010101,58851.09,40707.065
603112,2025-11-26,16.5,0.024845000000000002,99581.86,161746.237
603113,2025-11-26,5.92,-0.003367,55905.0,33292.184
603115,2025-11-26,17.83,-0.015461,27372.0,49374.749
603116,2025-11-26,6.07,0.006633,76506.2,46521.657
603117,2025-11-26,5.22,-0.001912,82329.0,43653.955
603118,2025-11-26,11.28,-0.002653,155365.87,175819.393
603119,2025-11-26,92.49,0.048639,165750.45,1520327.207
603120,2025-11-26,38.9,-0.019903999999999998,9436.05,37044.847
603121,2025-11-26,14.96,-0.008615000000000001,23614.1,35661.159
603122,2025-11-26,20.61,-0.033755,853360.2,1739159.012
603123,2025-11-26,11.63,-0.014407000000000001,89909.62,105579.969
603124,2025-11-26,73.23,0.001778,22503.16,164739.312
603125,2025-11-26,17.36,-0.021972000000000002,53378.96,92937.046
603126,2025-11-26,7.06,-0.0042309999999999995,85402.0,60541.089
603127,2025-11-26,28.31,0.016152,178504.88,510139.944
603128,2025-11-26,5.86,-0.003401,100818.29,59317.132
603129,2025-11-26,262.3,0.039594,21415.6,559660.605
603130,2025-11-26,40.57,0.048861999999999996,83162.4,334317.109
603131,2025-11-26,27.04,-0.016727000000000002,434172.1,1193654.439
603132,2025-11-26,13.26,-0.007485,52613.0,70401.703
603135,2025-11-26,9.5,-0.010417000000000001,27046.8,25894.451
603136,2025-11-26,11.4,-0.012132,27325.85,31373.756
603137,2025-11-26,14.54,-0.005472,18299.4,26631.787
603138,2025-11-26,15.4,-0.012186999999999998,87072.88,136094.087
603139,2025-11-26,21.78,-0.009099000000000001,19898.0,43922.156
603150,2025-11-26,35.93,0.005879,16897.0,61007.284
603151,2025-11-26,18.45,-0.008065,18949.0,35264.238
603153,2025-11-26,18.11,-0.018959999999999998,31474.75,57573.058
603155,2025-11-26,19.82,0.09988899999999999,152799.39,302732.316
603156,2025-11-26,26.6,0.0052910000000000006,41110.4,109103.281
603158,2025-11-26,9.89,-0.009018,109216.05,108569.484
603159,2025-11-26,23.65,0.011116,19639.8,46101.494
603160,2025-11-26,79.7,0.0015079999999999998,39042.72,311940.999
603161,2025-11-26,13.35,-0.015486999999999999,30143.44,40757.266
603162,2025-11-26,12.16,0.100452,169977.46,201953.187
603163,2025-11-26,50.57,-0.009597,47531.25,241349.37
603165,2025-11-26,12.58,-0.007885999999999999,24888.48,31495.72
603166,2025-11-26,14.46,-0.000691,81395.16,118050.297
603167,2025-11-26,9.72,-0.00715,43259.0,42370.692
603168,2025-11-26,7.95,0.003788,74842.02,60256.374
603169,2025-11-26,9.88,-0.09853999999999999,1486872.06,1508992.68
603170,2025-11-26,14.8,-0.008707,22701.0,33798.747
603171,2025-11-26,52.89,0.010315000000000001,69803.25,367967.419
603172,2025-11-26,18.16,-0.022605,17405.79,32078.004
603173,2025-11-26,37.82,-0.006306000000000001,9541.0,36299.424
603175,2025-11-26,77.46,0.009645,80120.4,616112.777
603176,2025-11-26,6.45,0.060855,293361.32,184070.762
603177,2025-11-26,12.75,-0.061810000000000004,148371.0,192094.823
603178,2025-11-26,18.1,-0.010929,24844.85,45331.513
603179,2025-11-26,65.88,0.015883,160469.3,1068415.066
603180,2025-11-26,20.66,0.020247,40824.24,83465.858
603181,2025-11-26,14.4,-0.0034599999999999995,83771.31,121579.54
603182,2025-11-26,15.66,-0.008861,12891.0,20404.084
603183,2025-11-26,4.52,-0.023757999999999998,111748.95,51334.323
603185,2025-11-26,29.67,-0.01133,248335.42,747917.9
603186,2025-11-26,43.67,0.016054,164919.72,729979.929
603187,2025-11-26,14.88,-0.011295999999999999,58142.8,86939.537
603188,2025-11-26,4.87,-0.010163,158975.0,77739.821
603189,2025-11-26,22.56,-0.0017699999999999999,110994.0,251628.451
603190,2025-11-26,25.3,-0.017476000000000002,52964.7,135888.14
603191,2025-11-26,14.62,-0.010825,83079.0,122577.929
603192,2025-11-26,23.14,-0.005587,24546.46,57191.851
603193,2025-11-26,25.63,-0.008127,37251.31,96400.69
603194,2025-11-26,36.6,0.0016420000000000002,12423.0,45739.794
603195,2025-11-26,42.85,-0.004183,22595.11,96982.278
603196,2025-11-26,23.52,0.036122999999999995,63680.72,151300.837
603197,2025-11-26,34.83,-0.005993000000000001,16374.4,57221.444
603198,2025-11-26,42.08,0.004776,32625.0,136989.644
603199,2025-11-26,34.98,-0.01437,11003.0,38714.856
603200,2025-11-26,73.58,-0.000272,37215.45,273431.663
603201,2025-11-26,16.85,-0.014043000000000002,12193.42,20798.217
603202,2025-11-26,91.38,-0.005117,5459.68,50054.645
603203,2025-11-26,28.96,-0.0075390000000000006,10407.99,30292.077
603205,2025-11-26,28.11,0.010787,14811.07,41483.889
603206,2025-11-26,16.95,0.005338000000000001,60488.0,103893.086
603207,2025-11-26,29.38,0.003073,10291.22,30450.468
603208,2025-11-26,14.84,-0.017218999999999998,21618.09,32376.628
603209,2025-11-26,15.89,0.008249,92744.81,148106.911
603210,2025-11-26,19.6,-0.013092,15565.25,30705.439
603211,2025-11-26,16.96,-0.011079,14359.0,24577.724
603212,2025-11-26,12.07,-0.010656,151027.77,184272.476
603213,2025-11-26,13.78,0.008047,15710.0,21599.72
603214,2025-11-26,17.3,-0.002307,27161.0,46994.643
603215,2025-11-26,20.15,0.005489000000000001,41580.0,84469.194
603216,2025-11-26,23.69,-0.063266,203305.24,494214.057
603217,2025-11-26,24.4,-0.00041,16084.14,39291.953
603218,2025-11-26,12.78,-0.013127,79556.98,102316.893
603219,2025-11-26,16.1,-0.0018599999999999999,21452.0,34682.201
603220,2025-11-26,22.29,-0.011968000000000001,60789.87,136583.42
603221,2025-11-26,11.82,-0.015,29743.0,35441.192
603222,2025-11-26,9.85,-0.006054,269420.73,270283.311
603223,2025-11-26,10.33,-0.012428,65745.48,68501.749
603225,2025-11-26,16.34,-0.010896,110093.47,182678.262
603226,2025-11-26,37.77,-0.010479,19571.0,74543.599
603227,2025-11-26,8.49,-0.0023499999999999997,54238.0,46249.284
603228,2025-11-26,65.15,0.02036,386910.83,2517894.681
603229,2025-11-26,9.95,0.002014,58432.37,58696.94
603230,2025-11-26,12.64,-0.020914000000000002,41287.0,52555.106
603231,2025-11-26,19.36,-0.001547,17372.0,33823.619
603232,2025-11-26,26.0,-0.03775,523207.73,1393531.291
603233,2025-11-26,17.79,0.0,46907.72,84111.351
603235,2025-11-26,27.09,0.001479,5645.0,15372.793
603236,2025-11-26,87.13,0.011257999999999999,63109.07,553606.422
603237,2025-11-26,16.9,-0.0064670000000000005,21826.2,37067.887
603238,2025-11-26,17.36,-0.0074329999999999995,18456.7,32233.712
603239,2025-11-26,18.55,0.020914000000000002,39806.0,73538.231
603255,2025-11-26,32.56,-0.007317000000000001,6140.0,20061.155
603256,2025-11-26,33.93,0.06297,432888.0,1432285.454
603257,2025-11-26,58.4,-0.006464999999999999,8614.07,50512.218
603258,2025-11-26,20.04,-0.013779999999999999,39899.0,80649.985
603259,2025-11-26,95.28,0.010284999999999999,331289.14,3164032.106
603260,2025-11-26,55.2,-0.031919,219772.4,1225056.646
603261,2025-11-26,25.95,-0.028817,8451.0,22076.533
603262,2025-11-26,27.36,-0.006535999999999999,5350.14,14704.407
603266,2025-11-26,19.72,-0.020368,43869.0,87576.828
603267,2025-11-26,45.97,-0.013519000000000002,32292.51,149135.913
603268,2025-11-26,70.07,0.045820999999999994,28937.4,201101.19
603269,2025-11-26,11.66,-0.030756000000000002,62729.64,73991.841
603270,2025-11-26,23.81,-0.012033,17005.76,40867.354
603271,2025-11-26,37.88,0.0,17923.75,68462.736
603272,2025-11-26,19.88,-0.029771000000000002,28495.0,56947.816
603273,2025-11-26,18.7,-0.014752000000000001,20151.0,38152.223
603275,2025-11-26,41.3,-0.004819,17718.47,73852.491
603276,2025-11-26,17.3,-0.017044999999999998,20829.6,36121.33
603277,2025-11-26,16.67,-0.0035859999999999998,10043.35,16887.565
603278,2025-11-26,9.16,-0.008658,40078.0,37086.247
603279,2025-11-26,16.43,-0.017344,50260.02,83037.388
603280,2025-11-26,43.27,-0.006201,140403.78,629571.348
603281,2025-11-26,27.27,0.0073880000000000005,30921.44,84735.631
603282,2025-11-26,19.31,-0.010251,15297.0,29918.11
603283,2025-11-26,42.08,0.0042959999999999995,79639.9,335234.708
603285,2025-11-26,24.31,-0.015390999999999998,14442.0,35467.633
603286,2025-11-26,48.19,0.07591,138222.26,662595.697
603288,2025-11-26,36.83,-0.007278,105459.37,388688.666
603289,2025-11-26,9.72,-0.019173,29861.6,29381.161
603290,2025-11-26,94.07,0.00149,21805.39,205964.327
603291,2025-11-26,10.81,-0.018165,111894.0,121577.083
603296,2025-11-26,88.19,0.004785,99103.59,877198.286
603297,2025-11-26,95.38,-0.009039,7473.6,71786.879
603298,2025-11-26,25.62,0.032232,110787.76,280923.596
603299,2025-11-26,10.38,-0.004794,50964.0,53232.05
603300,2025-11-26,7.38,-0.009396,665780.17,497181.893
603301,2025-11-26,78.5,0.009257,40925.83,319792.518
603303,2025-11-26,12.93,-0.001544,14250.0,18456.637
603305,2025-11-26,12.87,0.0039000000000000003,208656.02,269592.524
603306,2025-11-26,46.97,0.004062,77018.4,360673.068
603307,2025-11-26,41.55,-0.0035970000000000004,7977.6,33260.388
603308,2025-11-26,36.77,0.000272,103093.41,376606.274
603309,2025-11-26,13.66,0.016369,56078.3,76853.449
603310,2025-11-26,16.96,-0.009923999999999999,13759.58,23486.493
603311,2025-11-26,11.8,-0.005059,22038.0,26195.643
603312,2025-11-26,46.72,-0.028690000000000004,28929.95,136272.215
603313,2025-11-26,8.93,-0.005568,87186.0,78270.198
603315,2025-11-26,14.08,-0.011236,70056.0,100608.096
603316,2025-11-26,14.65,-0.016118,83743.4,123872.336
603317,2025-11-26,12.84,-0.005422,47802.53,61452.898
603318,2025-11-26,6.65,-0.007463,84883.0,56982.598
603319,2025-11-26,35.6,0.022107,154551.92,552921.18
603320,2025-11-26,18.47,-0.008056,12933.82,24037.874
603321,2025-11-26,7.86,-0.01627,39235.0,31195.478
603322,2025-11-26,47.63,-0.011826000000000001,92588.0,442106.578
603323,2025-11-26,5.19,0.0,256263.61,133279.558
603324,2025-11-26,23.3,-0.010195000000000001,6644.4,15573.805
603325,2025-11-26,78.48,-0.004314,3731.0,29452.508
603326,2025-11-26,9.27,-0.016967,42819.73,40056.145
603327,2025-11-26,9.75,-0.010152000000000001,227566.71,224196.934
603328,2025-11-26,10.53,0.000951,141884.0,150453.334
603329,2025-11-26,11.43,-0.022241,35396.2,40996.264
603330,2025-11-26,7.46,-0.015830999999999998,68844.6,51696.979
603331,2025-11-26,11.28,-0.014846999999999999,38843.0,44259.064
603332,2025-11-26,12.8,-0.015385,25537.0,33057.689
603333,2025-11-26,8.08,-0.04038,201739.82,163392.978
603334,2025-11-26,43.97,0.008718,32365.51,142786.289
603335,2025-11-26,6.22,0.018003,158665.46,99193.921
603336,2025-11-26,9.24,-0.012821,76151.11,70926.653
603337,2025-11-26,38.09,0.000788,19976.35,76319.892
603338,2025-11-26,55.53,0.022275,80178.59,445483.895
603339,2025-11-26,12.7,-0.013209,25568.64,32835.31
603341,2025-11-26,39.74,-0.007988,42591.04,170702.927
603344,2025-11-26,24.92,-0.007170999999999999,11470.0,28727.071
603345,2025-11-26,80.38,-0.00211,41357.15,331933.623
603348,2025-11-26,20.32,-0.000983,16892.05,34484.705
603350,2025-11-26,36.8,-0.005943,6668.0,24685.502
603351,2025-11-26,27.16,-0.006947,8642.16,23798.18
603353,2025-11-26,27.3,-0.040084,86410.15,239557.757
603355,2025-11-26,28.47,-0.017259,22004.0,63084.796
603356,2025-11-26,13.5,-0.023155000000000002,38016.0,51976.808
603357,2025-11-26,8.24,-0.007229,56009.65,46483.423
603358,2025-11-26,41.25,0.001214,169063.54,666904.718
603359,2025-11-26,7.72,-0.02402,157066.4,123595.349
603360,2025-11-26,31.24,-0.015132000000000001,124198.16,388258.485
603363,2025-11-26,4.88,-0.012145999999999999,324877.0,159195.228
603365,2025-11-26,21.22,0.0,12651.0,26972.748
603366,2025-11-26,9.54,-0.020534,402884.51,388574.33
603367,2025-11-26,18.73,-0.007945,159269.66,303500.351
603368,2025-11-26,18.07,0.005565,43618.19,79073.34
603369,2025-11-26,37.94,0.002113,30463.98,115369.389
603370,2025-11-26,44.28,-0.009618,9749.35,43435.579
603373,2025-11-26,41.9,-0.009923999999999999,5271.58,22192.118
603375,2025-11-26,39.34,-0.052048,91276.32,376438.537
603376,2025-11-26,38.81,-0.009444000000000001,25794.89,100681.048
603377,2025-11-26,4.07,-0.016908,117420.92,48063.763
603378,2025-11-26,6.85,-0.011544,83735.0,57864.84
603379,2025-11-26,52.09,-0.010824,45665.85,239001.457
603380,2025-11-26,35.41,-0.013373999999999999,16294.2,58187.105
603381,2025-11-26,20.53,-0.014402,40012.6,82900.123
603382,2025-11-26,29.95,-0.011551,13215.0,39935.093
603383,2025-11-26,38.02,-0.01985,38847.91,149057.054
603385,2025-11-26,6.97,-0.016925,27569.0,19371.271
603386,2025-11-26,12.1,-0.01626,39268.0,48060.335
603387,2025-11-26,8.35,0.008454,60920.48,51064.408
603389,2025-11-26,43.23,-0.04989,31163.0,135261.982
603390,2025-11-26,12.23,-0.009717,21981.0,27149.454
603391,2025-11-26,61.74,0.012131000000000001,33448.0,205966.061
603392,2025-11-26,50.55,-0.018637,34574.48,176247.136
603393,2025-11-26,27.21,-0.003297,30245.43,82554.258
603395,2025-11-26,32.54,-0.011843,27484.97,90026.013
603396,2025-11-26,32.06,-0.03142,67639.76,220220.099
603398,2025-11-26,10.16,-0.0058709999999999995,382833.64,401280.154
603399,2025-11-26,11.42,0.026978,386639.91,442476.768
603400,2025-11-26,52.87,-0.013619000000000001,7269.0,38729.926
603406,2025-11-26,41.12,-0.004117,8692.93,35900.746
603408,2025-11-26,12.72,0.003155,36819.0,47040.164
603409,2025-11-26,34.06,-0.006997,6632.63,22589.055
603416,2025-11-26,54.3,0.002585,31655.03,171261.256
603418,2025-11-26,54.8,-0.008504000000000001,13309.23,73388.999
603421,2025-11-26,7.94,0.008895,596726.12,475578.195
603429,2025-11-26,11.42,0.019643,143719.82,160919.706
603439,2025-11-26,12.0,-0.009901,49523.0,60174.931
603444,2025-11-26,444.3,-0.014113,15952.09,706411.796
603456,2025-11-26,18.83,0.004267,147451.01,279637.767
603458,2025-11-26,7.97,-0.045509,76657.0,62223.713
603466,2025-11-26,10.1,-0.027911000000000002,294852.17,300216.447
603477,2025-11-26,17.79,-0.006145,44204.0,78937.563
603486,2025-11-26,79.24,0.0030380000000000003,29305.58,231392.237
603488,2025-11-26,8.06,-0.013464,42245.2,34331.691
603489,2025-11-26,31.68,0.004757,47253.46,148912.822
603496,2025-11-26,29.16,-0.020819,175583.12,518511.241
603499,2025-11-26,21.05,0.007659,104851.8,222474.966
603500,2025-11-26,10.91,-0.011775,52324.72,57717.754
603501,2025-11-26,116.91,-0.001281,109225.19,1276876.694
603505,2025-11-26,17.63,-0.021643,95916.13,170836.275
603506,2025-11-26,12.05,-0.019528,20402.0,24803.693
603507,2025-11-26,22.35,-0.006666999999999999,34859.46,78286.127
603508,2025-11-26,30.56,0.056708,203321.75,614861.298
603511,2025-11-26,15.5,0.009115,18453.0,28620.952
603515,2025-11-26,17.47,-0.009637,9759.82,17201.337
603516,2025-11-26,174.31,-0.005704,64547.25,1122786.542
603517,2025-11-26,13.48,-0.002221,56513.99,76379.45
603518,2025-11-26,9.53,-0.015496000000000001,99627.4,95486.766
603519,2025-11-26,12.31,-0.00485,21004.0,26028.777
603520,2025-11-26,10.03,-0.010848,125338.9,127285.139
603527,2025-11-26,10.11,-0.01173,56870.43,58137.945
603528,2025-11-26,9.21,-0.007542999999999999,239576.0,223350.795
603529,2025-11-26,30.37,-0.006217,35603.2,108573.987
603530,2025-11-26,39.77,-0.007735,55502.43,221779.223
603533,2025-11-26,23.47,-0.0012770000000000001,352614.0,830788.123
603535,2025-11-26,10.6,-0.010270999999999999,76826.49,81336.599
603536,2025-11-26,12.58,0.008013,103551.8,129781.477
603538,2025-11-26,19.95,-0.001002,48660.94,98308.467
603551,2025-11-26,12.1,-0.035857,57692.0,70172.29
603556,2025-11-26,33.77,0.0035659999999999997,32362.0,109626.345
603557,2025-11-26,2.55,0.011904999999999999,196480.0,49540.021
603558,2025-11-26,11.36,-0.00786,34022.0,38748.68
603559,2025-11-26,8.22,-0.012019,24036.0,19789.101
603565,2025-11-26,10.36,0.008763,102413.63,106255.369
603566,2025-11-26,13.38,-0.0066820000000000004,24448.0,32996.764
603567,2025-11-26,10.31,0.002918,56187.07,58095.78
603568,2025-11-26,23.25,-0.005985000000000001,42230.02,99095.147
603569,2025-11-26,7.86,-0.011321000000000001,68569.48,54458.027
603577,2025-11-26,9.21,-0.024364,58128.0,54025.175
603578,2025-11-26,12.68,-0.017816000000000002,23056.0,29616.567
603579,2025-11-26,24.28,-0.012204999999999999,31376.44,76763.778
603580,2025-11-26,16.18,0.0006180000000000001,7183.0,11571.665
603583,2025-11-26,35.24,0.0057079999999999995,33992.16,120128.261
603585,2025-11-26,17.91,-0.012679000000000001,10406.0,18785.913
603586,2025-11-26,17.92,-0.002782,11468.0,20722.386
603587,2025-11-26,13.37,0.014416,60764.52,80932.616
603588,2025-11-26,6.99,-0.002853,172213.04,120818.0
603589,2025-11-26,30.82,-0.010276,43251.29,133927.942
603590,2025-11-26,43.83,-0.012838,17192.32,76691.885
603595,2025-11-26,17.26,0.0,63527.0,110927.228
603596,2025-11-26,44.66,-0.004902,49209.68,220344.622
603598,2025-11-26,18.3,-0.011878999999999999,244043.0,450776.237
603599,2025-11-26,11.23,-0.006195000000000001,96376.18,108917.927
603600,2025-11-26,12.17,0.015013,194781.0,239286.377
603601,2025-11-26,4.82,0.027719,557394.64,268993.46
603602,2025-11-26,14.7,-0.02,41936.0,62280.483
603605,2025-11-26,70.17,-0.012108,50091.83,352370.574
603606,2025-11-26,56.96,-0.012825,68960.66,394487.629
603607,2025-11-26,23.42,-0.018852,20854.0,49322.163
603608,2025-11-26,6.98,-0.023776000000000002,76596.6,53798.9
603609,2025-11-26,7.5,-0.003984,42531.5,31968.081
603610,2025-11-26,18.95,-0.00368,48475.39,92461.408
603611,2025-11-26,22.67,0.000441,30479.9,69619.41
603612,2025-11-26,23.82,0.020128,267203.9,633969.02
603613,2025-11-26,27.75,0.00398,78636.75,220240.746
603615,2025-11-26,24.82,0.00040300000000000004,20520.0,50868.77
603616,2025-11-26,5.63,-0.02931,154459.0,88077.132
603617,2025-11-26,7.31,-0.014825,68678.09,50910.831
603618,2025-11-26,7.92,-0.024631,171110.0,137046.4
603619,2025-11-26,23.15,0.004774,133661.23,308616.057
603626,2025-11-26,11.93,0.006751,239465.6,286626.848
603628,2025-11-26,13.67,-0.010138000000000001,103328.25,142842.277
603629,2025-11-26,26.1,-0.0026750000000000003,73761.0,193792.292
603630,2025-11-26,20.67,-0.004335,23841.0,49473.789
603633,2025-11-26,10.81,-0.005520000000000001,234439.15,256985.807
603636,2025-11-26,13.39,-0.051028000000000004,832623.97,1141050.67
603637,2025-11-26,10.24,-0.009670999999999999,34227.77,35297.818
603638,2025-11-26,19.97,0.003518,132797.1,267321.473
603639,2025-11-26,12.68,-0.001575,13291.0,16912.83
603648,2025-11-26,10.22,0.000979,34877.97,35778.696
603650,2025-11-26,40.31,-0.050412,262710.48,1064480.253
603655,2025-11-26,38.81,-0.015224999999999999,13440.46,52278.252
603656,2025-11-26,22.74,-0.00915,24626.85,56283.181
603657,2025-11-26,32.92,0.049745,97358.0,313262.41
603658,2025-11-26,36.88,-0.008602,24308.2,90072.972
603659,2025-11-26,25.94,-0.003458,219468.93,571632.546
603660,2025-11-26,10.03,-0.00199,195741.63,197130.075
603661,2025-11-26,32.5,-0.003679,8155.0,26665.306
603662,2025-11-26,61.4,0.00937,32531.28,199590.921
603663,2025-11-26,31.04,-0.008622999999999999,88752.71,275549.847
603665,2025-11-26,31.39,-0.033857,39838.0,126725.971
603666,2025-11-26,30.62,-0.019846,40118.0,123578.507
603667,2025-11-26,43.74,0.008764,150706.58,655390.038
603668,2025-11-26,14.6,-0.002051,221243.58,319599.724
603669,2025-11-26,5.31,0.003781,74085.34,39820.897
603676,2025-11-26,11.21,-0.00444,18687.0,21194.15
603677,2025-11-26,18.87,-0.001059,14110.95,26659.333
603678,2025-11-26,30.81,-0.016597999999999998,61598.17,190719.09
603679,2025-11-26,15.31,-0.009701999999999999,32579.0,50476.611
603680,2025-11-26,11.12,0.022999000000000002,156588.72,175471.672
603681,2025-11-26,17.21,-0.008641,33240.0,57610.337
603682,2025-11-26,5.98,-0.001669,73865.0,44550.536
603683,2025-11-26,25.78,-0.006551,62468.99,163509.265
603685,2025-11-26,20.16,0.033846,46646.83,94700.524
603686,2025-11-26,27.23,0.031439,873654.29,2353758.237
603687,2025-11-26,8.68,-0.003444,70399.0,61397.214
603688,2025-11-26,36.17,0.002494,57711.37,208526.094
603689,2025-11-26,8.24,-0.004830999999999999,44229.81,36545.361
603690,2025-11-26,28.39,-0.0063,95972.98,273011.645
603693,2025-11-26,11.88,-0.0075190000000000005,24416.5,29133.23
603696,2025-11-26,12.26,0.028523,154912.23,188672.547
603697,2025-11-26,12.69,0.046167,172191.2,218744.701
603698,2025-11-26,18.1,-0.035695000000000005,78315.23,143788.965
603699,2025-11-26,47.86,-0.003954,53770.57,257471.915
603700,2025-11-26,12.58,-0.015649,24978.9,31793.006
603701,2025-11-26,17.26,0.019492,26630.46,45435.96
603703,2025-11-26,11.88,-0.008347,111708.6,132455.957
603706,2025-11-26,19.95,-0.009434,10144.0,20450.766
603707,2025-11-26,9.87,-0.00504,99344.49,98877.859
603708,2025-11-26,11.54,-0.003454,91235.14,104841.327
603709,2025-11-26,14.98,-0.018349,24253.56,36953.155
603711,2025-11-26,13.78,-0.016417,34412.0,47860.546
603712,2025-11-26,19.89,-0.016319999999999998,94687.99,188377.396
603713,2025-11-26,54.1,-0.00037,10885.0,59087.875
603716,2025-11-26,21.44,-0.002327,110339.59,239733.061
603717,2025-11-26,8.35,-0.02907,87444.0,74108.114
603718,2025-11-26,6.7,-0.005935,72132.14,48675.71
603719,2025-11-26,12.23,-0.004072,36075.0,44361.169
603721,2025-11-26,19.11,-0.00365,9834.6,18913.196
603722,2025-11-26,39.42,-0.008551,9055.0,35803.415
603725,2025-11-26,9.2,-0.010752999999999999,25428.88,23593.922
603726,2025-11-26,21.98,0.001823,33867.48,74769.609
603727,2025-11-26,15.3,0.013245,113077.81,173043.234
603728,2025-11-26,66.29,0.010056,52609.75,348565.04
603729,2025-11-26,17.73,-0.015547,31869.56,57059.211
603730,2025-11-26,8.38,0.020706000000000002,405652.73,336629.141
603733,2025-11-26,22.49,0.001782,17234.37,39046.633
603737,2025-11-26,44.4,-0.017699,25467.41,114246.968
603738,2025-11-26,16.3,0.034264,342913.6,545024.563
603739,2025-11-26,14.96,-0.012541,31126.0,47118.824
603755,2025-11-26,37.12,-0.004292000000000001,9799.0,36470.216
603757,2025-11-26,36.25,-0.001652,27822.83,101250.531
603758,2025-11-26,15.49,-0.021478,33512.0,52399.084
603759,2025-11-26,10.51,-0.011289,114901.2,121873.176
603766,2025-11-26,14.14,0.020202,196638.66,277583.754
603767,2025-11-26,22.94,-0.006066,53908.8,124572.139
603768,2025-11-26,11.85,-0.014143,21275.0,25479.252
603773,2025-11-26,27.75,-0.009989,28714.0,80292.802
603776,2025-11-26,19.6,0.041444999999999996,76630.12,148148.189
603777,2025-11-26,13.37,0.003754,61156.6,82036.329
603778,2025-11-26,9.58,0.076404,1739906.4,1685710.5
603779,2025-11-26,6.94,-0.018388,58375.25,40949.746
603786,2025-11-26,73.0,-0.004907,23843.68,174913.875
603787,2025-11-26,13.77,-0.015726,32565.0,45309.084
603788,2025-11-26,15.76,-0.000634,12451.0,19740.381
603789,2025-11-26,5.64,-0.003534,28900.1,16443.343
603790,2025-11-26,19.1,0.0031509999999999997,20482.0,38904.622
603797,2025-11-26,4.71,-0.016701,48542.0,23110.608
603798,2025-11-26,15.39,0.002606,26370.2,40789.249
603799,2025-11-26,60.54,0.000496,556943.12,3416952.237
603800,2025-11-26,43.86,-0.006793,14021.66,61744.256
603801,2025-11-26,9.18,-0.021322,74930.92,69517.715
603803,2025-11-26,11.33,-0.044688,981094.95,1168419.605
603806,2025-11-26,13.95,-0.014831,167783.85,235132.961
603808,2025-11-26,8.8,-0.01676,39954.0,35484.18
603809,2025-11-26,12.16,0.0033,173832.27,211889.999
603810,2025-11-26,16.53,-0.005415,20549.6,34322.851
603811,2025-11-26,11.1,0.000902,64547.29,72150.16
603813,2025-11-26,40.34,0.03489,16786.0,67469.899
603815,2025-11-26,11.17,-0.012378,90487.1,100789.542
603816,2025-11-26,31.18,0.014314,60364.8,187509.828
603817,2025-11-26,7.14,-0.03252,266872.0,192409.102
603818,2025-11-26,3.89,-0.015189999999999999,162197.0,64076.956
603819,2025-11-26,11.22,-0.019231,25719.3,29302.508
603822,2025-11-26,82.75,-0.009101,18278.0,153016.383
603823,2025-11-26,16.5,-0.001815,210512.19,349124.74
603825,2025-11-26,9.67,0.001035,84601.0,83288.808
603826,2025-11-26,17.26,-0.023203,34866.28,60914.998
603828,2025-11-26,7.0,-0.002849,54765.24,38955.751
603829,2025-11-26,24.67,0.014391000000000001,136850.86,339907.971
603833,2025-11-26,53.5,0.008863,29139.02,155747.072
603836,2025-11-26,14.54,-0.010884,26554.0,38777.85
603838,2025-11-26,7.65,-0.012903,7996.0,6132.953
603839,2025-11-26,8.52,-0.012746,56086.0,48158.613
603848,2025-11-26,19.42,-0.009689,15569.0,30363.822
603855,2025-11-26,18.81,-0.012598,20100.0,38064.059
603856,2025-11-26,12.59,-0.016406,22318.0,28319.17
603858,2025-11-26,17.13,0.004103,68702.58,119270.503
603859,2025-11-26,40.69,-0.00877,52282.12,213918.817
603860,2025-11-26,31.21,-0.019785999999999998,11835.99,37381.335
603861,2025-11-26,11.43,-0.0121,113684.63,130713.6
603863,2025-11-26,18.87,0.002124,52942.66,99359.923
603866,2025-11-26,5.47,-0.005455,111554.57,61378.551
603867,2025-11-26,27.33,-0.020781,31802.49,87547.022
603868,2025-11-26,35.18,-0.011242,5173.08,18299.259
603869,2025-11-26,10.35,-0.005764,13837.2,14434.386
603871,2025-11-26,13.44,-0.004444,52458.01,71187.275
603876,2025-11-26,13.26,-0.025,478551.18,655324.936
603877,2025-11-26,16.15,-0.000619,97887.56,159739.741
603878,2025-11-26,9.58,0.014831,115948.19,111612.746
603879,2025-11-26,5.71,-0.041946000000000004,88324.48,51239.66
603880,2025-11-26,6.67,-0.00299,63391.7,42865.544
603881,2025-11-26,36.31,-0.004386999999999999,1158181.9,4302561.52
603882,2025-11-26,29.88,0.013569,122355.29,374235.222
603883,2025-11-26,16.1,0.007509,94254.19,152197.316
603885,2025-11-26,12.76,0.021617,409604.4,522571.307
603886,2025-11-26,12.68,0.011971,40746.0,51440.881
603887,2025-11-26,14.9,0.004043,140947.26,211122.737
603888,2025-11-26,20.69,-0.008625,228750.54,473698.605
603889,2025-11-26,7.6,-0.0013139999999999998,96764.8,74096.55
603890,2025-11-26,15.66,-0.04860299999999999,702000.85,1092583.265
603893,2025-11-26,182.03,0.041898,179091.92,3246082.831
603895,2025-11-26,27.18,0.004806,12026.02,32726.599
603896,2025-11-26,20.11,-0.00544,10834.36,21900.707
603897,2025-11-26,25.13,-0.032717,49815.55,126573.021
603898,2025-11-26,13.28,-0.0015040000000000001,128994.0,173585.505
603899,2025-11-26,27.9,0.00722,25242.8,70523.084
603900,2025-11-26,9.01,-0.017447999999999998,54742.4,49677.232
603901,2025-11-26,12.03,-0.004963,72407.0,88087.865
603903,2025-11-26,16.68,0.013366,189587.93,313553.929
603906,2025-11-26,19.87,0.100221,249264.35,495263.895
603908,2025-11-26,24.57,0.0,20001.0,49576.836
603909,2025-11-26,12.28,-0.019169000000000002,125715.04,158681.249
603912,2025-11-26,8.31,-0.01773,62603.84,52607.185
603915,2025-11-26,15.85,0.000631,56780.0,90202.037
603916,2025-11-26,9.5,-0.011446000000000001,29071.0,27830.748
603917,2025-11-26,13.8,-0.018491999999999998,58980.0,82332.374
603918,2025-11-26,18.16,-0.018909,306429.23,564025.961
603919,2025-11-26,20.44,-0.019664,43245.05,88935.189
603920,2025-11-26,39.77,0.037839,299397.15,1183521.019
603922,2025-11-26,19.92,0.00963,34134.0,68052.721
603926,2025-11-26,14.79,0.015797000000000002,36279.9,53872.996
603927,2025-11-26,19.89,-0.013392999999999999,93872.15,188032.434
603928,2025-11-26,15.7,-0.038579,113608.7,180847.871
603929,2025-11-26,56.7,0.0035399999999999997,41540.17,238026.6
603931,2025-11-26,31.6,-0.024691,76939.89,244438.27
603933,2025-11-26,19.03,0.007945,74830.52,143082.499
603936,2025-11-26,10.57,-0.001889,161798.4,172263.042
603937,2025-11-26,12.32,-0.027624,47079.0,58841.717
603938,2025-11-26,17.75,0.0,102745.95,183062.105
603939,2025-11-26,23.3,-0.0012859999999999998,59741.08,139431.393
603948,2025-11-26,26.33,-0.001895,42983.0,114486.647
603949,2025-11-26,18.38,-0.006486,15167.0,28104.326
603950,2025-11-26,31.13,0.026038000000000002,32615.8,101573.221
603955,2025-11-26,30.85,-0.006441,15693.3,48006.181
603956,2025-11-26,6.85,-0.015805,170264.23,117654.786
603958,2025-11-26,15.84,-0.019802,53357.34,85346.925
603959,2025-11-26,6.43,-0.010768999999999999,140241.47,90500.507
603960,2025-11-26,18.5,-0.021682,49060.99,92074.053
603966,2025-11-26,10.92,-0.015328999999999999,92864.68,102626.749
603967,2025-11-26,11.36,-0.005254,24884.3,28483.09
603968,2025-11-26,11.34,-0.022414,25347.0,29243.764
603969,2025-11-26,9.21,-0.008611,152020.57,140584.019
603970,2025-11-26,12.98,-0.008403,22968.4,30010.918
603976,2025-11-26,21.3,-0.052491,33781.4,74313.522
603977,2025-11-26,12.18,-0.012164999999999999,127020.17,156013.157
603978,2025-11-26,32.27,-0.025076,276877.0,910973.741
603979,2025-11-26,61.29,-0.006484,40831.28,251917.123
603980,2025-11-26,5.31,0.003781,120261.8,64074.143
603982,2025-11-26,8.58,0.0,81753.0,70679.033
603983,2025-11-26,33.55,-0.029505,53521.82,179348.487
603985,2025-11-26,14.15,-0.016678,102624.0,147696.095
603986,2025-11-26,196.5,0.030847000000000003,297685.3,5796501.768
603987,2025-11-26,8.65,-0.0034560000000000003,57482.14,50289.806
603988,2025-11-26,24.88,0.031937,55002.0,135180.49
603989,2025-11-26,16.41,0.00367,39629.0,65472.048
603990,2025-11-26,15.48,-0.01023,88063.45,136773.808
603991,2025-11-26,71.71,-0.0009750000000000001,21956.73,158376.773
603992,2025-11-26,28.61,0.012027000000000001,12064.0,34170.248
603993,2025-11-26,15.98,0.000626,1532232.76,2460971.923
603995,2025-11-26,16.98,-0.005272,43765.9,74716.571
603997,2025-11-26,13.19,-0.0015140000000000002,99094.5,130405.953
603998,2025-11-26,11.44,-0.008666,131100.0,151906.747
603999,2025-11-26,7.16,0.007032,139618.4,99443.752
605001,2025-11-26,7.45,-0.013245,40431.1,30399.49
605003,2025-11-26,26.01,-0.00038399999999999996,8272.0,21543.911
605005,2025-11-26,18.92,-0.015096,21091.34,40279.544
605006,2025-11-26,7.27,-0.017568,40463.4,29718.245
605007,2025-11-26,11.57,-0.010265,12065.91,14052.285
605008,2025-11-26,15.37,-0.012211000000000001,17429.4,26971.566
605009,2025-11-26,32.93,-0.024874,33032.93,110056.472
605011,2025-11-26,20.6,-0.006750000000000001,20362.41,42133.793
605016,2025-11-26,20.78,0.0,26060.87,54384.211
605018,2025-11-26,11.02,-0.000907,13977.0,15464.152
605020,2025-11-26,24.65,-0.01004,51208.29,127111.331
605028,2025-11-26,29.19,0.0051649999999999995,31528.18,91676.163
605033,2025-11-26,19.58,-0.016575,25746.0,51141.052
605050,2025-11-26,13.3,-0.014815,31897.0,42728.223
605055,2025-11-26,8.77,-0.0034089999999999997,39345.0,34791.867
605056,2025-11-26,18.42,0.008761999999999999,39069.91,71966.466
605058,2025-11-26,29.0,0.007994,19811.7,57389.921
605060,2025-11-26,34.27,0.004985,21657.0,74671.976
605066,2025-11-26,7.11,-0.009749,92484.75,66239.722
605068,2025-11-26,26.57,-0.008582,24381.0,65911.831
605069,2025-11-26,10.01,-0.027211,43203.4,43977.123
605077,2025-11-26,15.84,0.004439,26652.32,42316.498
605080,2025-11-26,22.93,-0.009503000000000001,11906.4,27549.988
605081,2025-11-26,9.32,-0.025105,34544.55,32513.841
605086,2025-11-26,31.08,-0.007029,40680.2,125491.686
605088,2025-11-26,33.3,0.015863000000000002,37343.14,124227.047
605089,2025-11-26,26.6,0.011792,18567.8,49311.854
605090,2025-11-26,33.31,0.008783,60451.28,203829.513
605098,2025-11-26,40.76,0.012419,10548.0,43092.558
605099,2025-11-26,36.27,-0.007661,16472.0,59911.273
605100,2025-11-26,43.91,-0.053868,84593.06,377381.256
605108,2025-11-26,18.91,-0.004737,14851.3,28197.969
605111,2025-11-26,34.47,-0.008628,68669.13,238006.981
605116,2025-11-26,22.52,0.023636,23878.01,53897.256
605117,2025-11-26,78.88,-0.001645,64908.47,513525.705
605118,2025-11-26,27.15,0.000368,16342.0,44627.264
605122,2025-11-26,13.2,-0.020772,64556.54,86639.334
605123,2025-11-26,67.89,-0.006730000000000001,20249.0,137690.726
605128,2025-11-26,36.73,0.035523,56188.44,206877.99
605133,2025-11-26,35.23,0.029214000000000004,92370.08,324785.382
605136,2025-11-26,11.59,0.022046,652340.5,753095.254
605138,2025-11-26,7.36,-0.005405,38351.0,28328.967
605151,2025-11-26,19.83,-0.010479,11065.0,22144.677
605155,2025-11-26,16.16,-0.0024690000000000003,39377.2,64188.569
605158,2025-11-26,8.2,-0.017964,22104.0,18348.577
605162,2025-11-26,9.18,0.002183,60404.0,55557.643
605166,2025-11-26,10.38,-0.002882,20720.0,21621.17
605167,2025-11-26,10.0,-0.01088,31153.0,31281.67
605168,2025-11-26,29.73,-0.005686,54517.23,162164.471
605169,2025-11-26,13.64,-0.009441,21480.0,29559.413
605177,2025-11-26,19.89,-0.013392999999999999,14035.0,28383.404
605178,2025-11-26,59.72,-0.020341,96764.6,570292.897
605179,2025-11-26,21.19,0.011456,59622.0,125961.778
605180,2025-11-26,15.4,-0.045257,67244.0,104902.651
605183,2025-11-26,18.82,-0.007383999999999999,14672.0,27749.261
605186,2025-11-26,20.74,-0.02262,13587.35,28714.094
605188,2025-11-26,24.09,0.1,332309.0,762976.673
605189,2025-11-26,16.21,0.0018540000000000002,41892.1,68164.311
605196,2025-11-26,32.48,-0.014862,74329.11,245627.146
605198,2025-11-26,39.0,0.00077,18442.8,72917.889
605199,2025-11-26,9.38,-0.004246,46526.0,44295.16
605208,2025-11-26,13.22,0.003035,43888.05,58244.522
605218,2025-11-26,19.34,-0.008713,16842.93,32800.268
605222,2025-11-26,16.48,-0.017293,33441.79,55464.32
605228,2025-11-26,14.58,-0.007488,24501.0,35870.771
605255,2025-11-26,140.36,0.1,44044.27,599812.747
605258,2025-11-26,31.33,-0.00823,17324.0,54928.107
605259,2025-11-26,21.34,-0.006518,11506.0,24783.636
605266,2025-11-26,20.11,0.0,23218.23,47051.101
605268,2025-11-26,10.08,-0.017544,27994.0,28526.565
605277,2025-11-26,22.08,-0.0022589999999999997,61607.28,137272.986
605286,2025-11-26,40.37,-0.000495,11827.41,47759.832
605287,2025-11-26,27.27,-0.02223,28043.4,77113.174
605288,2025-11-26,99.62,0.029983,22774.6,226432.293
605289,2025-11-26,63.23,-0.014495000000000001,16143.0,102895.553
605296,2025-11-26,28.19,-0.002477,13846.61,39180.252
605298,2025-11-26,37.6,0.001865,10071.3,37740.794
605299,2025-11-26,10.15,-0.008789,149083.0,152099.164
605300,2025-11-26,12.17,-0.0073409999999999994,28413.39,34739.795
605303,2025-11-26,20.9,-0.031062,54020.0,114755.632
605305,2025-11-26,40.86,0.005166,39119.91,160138.944
605318,2025-11-26,52.61,-0.027362,23877.0,125922.719
605319,2025-11-26,20.48,0.002938,27347.09,56170.0
605333,2025-11-26,28.38,-0.014582999999999999,26391.83,75602.516
605336,2025-11-26,16.02,-0.040719000000000005,58241.55,94561.253
605337,2025-11-26,11.95,0.0033589999999999996,44715.28,53364.794
605338,2025-11-26,27.9,-0.015872999999999998,35751.78,99663.882
605339,2025-11-26,20.23,-0.054673,135889.52,277635.52
605358,2025-11-26,29.14,-0.012538,123586.12,362802.937
605365,2025-11-26,17.19,-0.010363,91450.0,158621.352
605366,2025-11-26,6.57,-0.020863999999999997,190031.46,125451.372
605368,2025-11-26,9.5,-0.001052,26487.2,25183.257
605369,2025-11-26,18.83,-0.017223,15016.29,28613.861
605376,2025-11-26,48.82,0.002053,32944.0,160840.821
605377,2025-11-26,8.38,-0.024447,106101.25,89619.557
605378,2025-11-26,23.12,0.0,43990.6,101839.465
605388,2025-11-26,7.57,0.017473000000000002,149860.6,113613.693
605389,2025-11-26,67.4,0.00582,19619.4,133211.324
605398,2025-11-26,32.58,-0.042891000000000006,107813.21,356939.596
605399,2025-11-26,14.54,-0.07152,253902.63,377688.11
605488,2025-11-26,33.98,0.02257,124238.27,422210.335
605499,2025-11-26,259.5,0.0042959999999999995,11818.81,307655.772
605500,2025-11-26,8.83,-0.006749000000000001,27726.31,24590.196
605507,2025-11-26,23.63,0.004677,47734.36,113774.075
605555,2025-11-26,17.0,-0.001762,30711.4,52362.149
605566,2025-11-26,28.84,-0.010974,15582.8,45414.303
605567,2025-11-26,11.18,-0.007986,38978.36,43853.983
605577,2025-11-26,13.99,-0.019622,35606.0,50201.758
605580,2025-11-26,43.0,0.032660999999999996,88007.37,375194.748
605588,2025-11-26,50.33,-0.005729,9784.99,49483.057
605589,2025-11-26,26.36,-0.001893,109392.2,289147.115
605598,2025-11-26,46.87,-0.043079,253887.11,1181081.549
605599,2025-11-26,15.33,0.007227,65216.54,100279.215
688001,2025-11-26,27.24,0.0018390000000000001,17202.53,47100.448
688002,2025-11-26,75.28,-0.014789000000000002,50833.92,385703.078
688003,2025-11-26,50.39,-0.009436,8906.47,45235.356
688004,2025-11-26,29.15,0.005866,43088.78,127869.022
688005,2025-11-26,29.79,-0.023599000000000002,323982.69,975730.273
688006,2025-11-26,28.14,-0.0038940000000000003,50962.42,143782.664
688007,2025-11-26,18.1,0.016854,140667.56,256013.293
688008,2025-11-26,117.11,0.007050999999999999,221755.21,2605052.139
688009,2025-11-26,5.17,-0.001931,193244.79,100163.089
688010,2025-11-26,27.43,-0.034155000000000005,36596.58,101439.112
688011,2025-11-26,44.84,-0.025217,24073.34,108263.722
688012,2025-11-26,270.25,0.003043,90693.47,2457437.254
688013,2025-11-26,48.51,-0.023157,9412.52,46447.546
688015,2025-11-26,22.78,-0.015983,12128.45,27860.073
688016,2025-11-26,93.0,-0.001396,7622.72,71026.552
688017,2025-11-26,145.31,0.011134,33433.77,485260.795
688018,2025-11-26,165.9,0.055948000000000005,80582.94,1329521.301
688019,2025-11-26,192.68,0.003908,19047.48,367996.345
688020,2025-11-26,60.0,-0.024707,19256.05,117763.378
688021,2025-11-26,19.01,-0.024628,11489.82,22171.945
688022,2025-11-26,14.71,-0.0316,28362.68,42188.859
688023,2025-11-26,53.14,-0.017926,26023.49,140503.833
688025,2025-11-26,139.94,0.000357,15657.53,218328.604
688026,2025-11-26,16.77,-0.027261999999999998,25482.34,43409.305
688027,2025-11-26,455.88,-0.008957,34335.29,1570213.763
688028,2025-11-26,74.9,0.127163,141828.11,1023843.057
688029,2025-11-26,77.44,-0.004883,19695.82,153753.69
688030,2025-11-26,19.5,-0.019115,33921.44,67004.724
688031,2025-11-26,66.66,-0.049886,62969.5,429479.116
688032,2025-11-26,98.43,-0.024383,10933.57,107679.722
688033,2025-11-26,5.64,-0.02253,131384.15,74710.483
688035,2025-11-26,45.07,-0.010971999999999999,18358.11,83579.609
688036,2025-11-26,65.07,-0.011094,132717.27,868574.173
688037,2025-11-26,123.89,0.028987,47400.3,590103.686
688038,2025-11-26,16.57,-0.020106000000000002,24159.72,40691.183
688039,2025-11-26,49.56,-0.032031000000000004,57000.0,286418.821
688041,2025-11-26,213.65,0.033624,298220.61,6371850.335
688045,2025-11-26,38.21,0.011649,14857.83,57434.106
688046,2025-11-26,17.1,0.020286,19027.13,32695.34
688047,2025-11-26,131.66,0.008733999999999999,30919.47,405519.032
688048,2025-11-26,107.15,0.20002199999999998,310887.9,3101125.303
688049,2025-11-26,51.31,0.006078,57182.7,295639.754
688050,2025-11-26,60.39,-0.008374,15595.77,94842.248
688052,2025-11-26,152.0,-0.001052,15974.2,243932.212
688053,2025-11-26,29.09,0.0031030000000000003,22437.55,66820.03
688055,2025-11-26,3.85,-0.035088,112025.2,43923.424
688056,2025-11-26,34.5,-0.014849000000000001,5619.94,19619.298
688057,2025-11-26,12.12,-0.0032890000000000003,11815.09,14366.247
688058,2025-11-26,29.13,-0.022483,16452.42,48811.958
688059,2025-11-26,78.41,0.041301,14862.91,116223.433
688060,2025-11-26,45.72,-0.005004999999999999,5362.62,24626.458
688061,2025-11-26,31.83,-0.0018809999999999999,6077.18,19525.357
688062,2025-11-26,44.04,0.024663,96671.1,429645.511
688063,2025-11-26,57.62,-0.003976,49192.84,286359.891
688065,2025-11-26,48.02,-0.011731,27761.88,134955.543
688066,2025-11-26,25.41,-0.015879,216536.44,563652.972
688067,2025-11-26,25.34,-0.01324,12332.77,31686.113
688068,2025-11-26,177.17,0.00096,21893.64,394978.185
688069,2025-11-26,21.71,-0.01363,6661.68,14604.701
688070,2025-11-26,48.84,-0.00040899999999999997,12466.6,61598.077
688071,2025-11-26,31.86,-0.016059,11878.74,38416.101
688072,2025-11-26,295.19,0.015795,49494.31,1470057.674
688073,2025-11-26,72.98,-0.046013,12222.08,92197.487
688075,2025-11-26,39.28,-0.010579,9838.55,39154.361
688076,2025-11-26,37.77,-0.011515,27053.06,103625.275
688077,2025-11-26,30.75,-0.010299,13361.51,41488.489
688078,2025-11-26,29.44,-0.022900999999999998,9410.79,28234.012
688079,2025-11-26,10.73,-0.008317999999999999,40344.98,43813.801
688080,2025-11-26,47.95,-0.008478,10467.88,50640.55
688081,2025-11-26,28.45,-0.045301999999999995,49323.35,142266.516
688082,2025-11-26,156.99,0.010947,25195.9,395230.428
688083,2025-11-26,72.0,-0.014239,14175.2,102758.769
688084,2025-11-26,73.08,-0.093525,28804.52,218116.476
688085,2025-11-26,18.71,-0.016298999999999998,17488.0,33034.172
688087,2025-11-26,29.06,0.005189,13561.64,39517.912
688088,2025-11-26,47.51,-0.018388,55444.67,266020.122
688089,2025-11-26,22.7,-0.00132,12943.18,29525.692
688090,2025-11-26,37.01,0.0043419999999999995,27273.44,100916.59
688091,2025-11-26,49.11,0.0008150000000000001,20883.44,103898.416
688092,2025-11-26,24.36,-0.018533,6267.94,15441.895
688093,2025-11-26,34.5,0.00058,9982.08,34533.565
688095,2025-11-26,100.1,-0.005761,51292.49,517479.651
688096,2025-11-26,7.74,-0.008963,31306.21,24554.264
688097,2025-11-26,31.58,0.008622999999999999,21762.6,68654.609
688098,2025-11-26,9.65,-0.001035,65826.42,64560.379
688099,2025-11-26,95.0,-0.016563,163996.67,1563074.164
688100,2025-11-26,35.1,0.000285,18748.5,66078.379
688101,2025-11-26,18.62,0.029298,137637.62,250824.475
688102,2025-11-26,25.17,0.022755,432047.4,1060963.486
688103,2025-11-26,58.9,-0.009085,6035.04,35628.949
688105,2025-11-26,22.73,0.002647,13718.0,31484.142
688106,2025-11-26,18.53,-0.013836999999999999,54607.26,101998.574
688107,2025-11-26,26.41,-0.001512,32871.79,87457.584
688108,2025-11-26,18.8,0.0005319999999999999,106944.11,202816.014
688109,2025-11-26,174.5,-0.030501999999999998,28174.64,498239.981
688110,2025-11-26,118.8,0.2,518524.42,5612791.866
688111,2025-11-26,319.45,0.001411,65412.03,2093819.89
688112,2025-11-26,35.3,-0.012311,7462.83,26461.444
688113,2025-11-26,38.47,-0.007482,4268.93,16509.067
688114,2025-11-26,62.48,-0.0012790000000000002,26776.22,168653.935
688115,2025-11-26,63.0,0.05404,10696.5,66725.3
688116,2025-11-26,49.89,-0.008151,43737.04,219415.87
688117,2025-11-26,42.1,0.069886,103343.32,433722.559
688118,2025-11-26,27.0,-0.024565999999999998,23598.88,64675.804
688119,2025-11-26,4.09,-0.009685000000000001,117060.93,48154.895
688120,2025-11-26,129.25,0.009529,52399.38,677449.979
688121,2025-11-26,12.21,-0.012935,24364.81,30071.184
688122,2025-11-26,66.0,-0.004525,124296.67,824172.482
688123,2025-11-26,132.45,0.002043,39924.75,528476.805
688125,2025-11-26,74.55,0.008796,9468.01,69635.817
688126,2025-11-26,20.74,-0.00813,304945.38,633328.903
688127,2025-11-26,29.85,-0.00234,40315.73,120654.647
688128,2025-11-26,28.24,-0.010511999999999999,18410.96,52378.68
688129,2025-11-26,19.94,-0.013848000000000001,9566.31,19318.662
688130,2025-11-26,21.92,-0.011722,7427.57,16535.026
688131,2025-11-26,75.86,0.009985,21652.39,165520.567
688132,2025-11-26,18.87,-0.025813000000000003,18927.59,36429.997
688133,2025-11-26,22.35,-0.017582,18486.23,41711.676
688135,2025-11-26,29.55,0.01268,119521.47,354456.653
688136,2025-11-26,34.01,0.009199,18616.52,63756.828
688137,2025-11-26,41.32,-0.008875,4542.29,18975.802
688138,2025-11-26,27.19,0.009655,47666.64,131138.514
688139,2025-11-26,32.27,-0.012546,19010.1,61876.82
688141,2025-11-26,38.67,0.023016000000000002,93605.56,364019.207
688143,2025-11-26,39.95,0.057998,92696.3,369678.293
688146,2025-11-26,39.52,-0.013726,43150.13,171386.93
688147,2025-11-26,58.26,0.049729999999999996,137156.72,799827.61
688148,2025-11-26,9.22,-0.026399,297528.0,275953.935
688150,2025-11-26,22.07,-0.015172000000000001,27237.54,60592.249
688151,2025-11-26,20.41,-0.028558,24675.16,50850.153
688152,2025-11-26,43.32,-0.015231,9038.61,39474.432
688153,2025-11-26,33.34,0.024900000000000002,45924.48,152992.485
688155,2025-11-26,58.47,-0.028576,26528.96,157064.502
688156,2025-11-26,16.77,-0.023864999999999997,15609.28,26414.083
688157,2025-11-26,33.92,0.03069,46938.49,156866.25
688158,2025-11-26,23.67,-0.0062970000000000005,94598.18,226747.029
688159,2025-11-26,50.49,0.005977,29506.47,150574.647
688160,2025-11-26,88.0,0.012542,15698.38,138231.684
688161,2025-11-26,29.8,-0.011609000000000001,7191.38,21599.328
688162,2025-11-26,28.89,-0.012308,9812.64,28718.168
688163,2025-11-26,22.96,-0.007779,8281.53,19322.655
688165,2025-11-26,20.75,0.005329,57072.39,118719.21
688166,2025-11-26,53.21,0.010061,94133.63,505918.074
688167,2025-11-26,138.5,-0.00724,74704.73,1038630.573
688168,2025-11-26,79.14,-0.018113999999999998,16816.68,134815.231
688169,2025-11-26,154.25,-0.01261,26922.42,415938.024
688170,2025-11-26,33.1,-0.018387,31704.03,105539.624
688171,2025-11-26,46.25,0.008944,11110.15,52015.728
688172,2025-11-26,24.22,0.052586,150967.61,368707.709
688173,2025-11-26,13.75,-0.009366,55159.46,76653.757
688175,2025-11-26,25.78,0.007819,15928.56,40682.507
688176,2025-11-26,10.25,-0.004854,56751.91,58664.796
688177,2025-11-26,25.25,0.01,19421.27,49470.15
688178,2025-11-26,24.65,-0.021825,6263.28,15610.79
688179,2025-11-26,12.78,-0.010835999999999998,48484.52,62762.144
688180,2025-11-26,37.08,0.004606,78499.42,293633.424
688181,2025-11-26,32.78,-0.029316,40276.55,133392.391
688182,2025-11-26,23.42,-0.017617,35064.5,82877.966
688183,2025-11-26,94.31,0.060736,265864.8,2473084.529
688184,2025-11-26,9.75,-0.016145,10821.76,10672.093
688185,2025-11-26,68.75,-0.013063,16296.73,113636.301
688186,2025-11-26,21.57,-0.016416,40482.14,88011.244
688187,2025-11-26,49.3,-0.0034360000000000003,33978.28,167607.067
688188,2025-11-26,132.0,0.002202,10995.12,145411.736
688189,2025-11-26,9.81,-0.007085,231066.85,232468.78
688190,2025-11-26,98.7,-0.015167,5442.1,54079.712
688191,2025-11-26,35.91,-0.000278,17250.7,62399.236
688192,2025-11-26,65.61,0.021963,25184.97,166298.285
688193,2025-11-26,47.24,-0.001057,5620.26,26902.215
688195,2025-11-26,186.0,-0.012162,234251.9,4446999.134
688196,2025-11-26,53.28,0.017765,11094.3,58384.838
688197,2025-11-26,41.48,-0.01379,15497.7,65768.458
688198,2025-11-26,123.85,-0.024803000000000002,7163.02,89082.32
688199,2025-11-26,22.6,-0.022490999999999997,23448.98,53533.262
688200,2025-11-26,166.33,0.007084,18925.75,316292.714
688201,2025-11-26,13.32,-0.027027000000000002,78715.47,106428.197
688202,2025-11-26,57.0,0.0017569999999999999,31687.43,184290.604
688203,2025-11-26,13.9,-0.051195000000000004,58169.25,82162.106
688205,2025-11-26,133.03,-0.06684899999999999,360046.52,5077224.241
688206,2025-11-26,33.77,0.022713999999999998,60461.53,206201.929
688207,2025-11-26,16.61,-0.015411999999999999,42749.86,71924.351
688208,2025-11-26,34.03,0.001766,66005.56,224354.06
688209,2025-11-26,21.48,0.119333,244402.34,510985.548
688210,2025-11-26,52.0,-0.007633999999999999,51657.91,273575.724
688211,2025-11-26,30.63,-0.0016300000000000002,3853.74,11860.692
688212,2025-11-26,47.3,-0.000211,15396.71,72906.609
688213,2025-11-26,93.0,-0.00641,47677.19,443390.558
688215,2025-11-26,74.0,-0.010298,5841.44,43679.059
688216,2025-11-26,22.28,-0.004468,15491.77,34967.696
688217,2025-11-26,26.79,-0.018681,7656.06,20908.149
688218,2025-11-26,22.15,-0.008505,16576.94,37002.638
688219,2025-11-26,11.43,-0.018884,89361.89,103296.287
688220,2025-11-26,91.48,0.044411,104473.48,956155.419
688221,2025-11-26,20.2,0.128492,455534.61,915844.978
688222,2025-11-26,23.4,0.024517999999999998,110035.22,260487.1
688223,2025-11-26,5.61,-0.005319000000000001,608197.12,343025.21
688225,2025-11-26,18.66,-0.020985999999999998,24967.3,47164.479
688226,2025-11-26,32.79,-0.022653,115417.01,380125.72
688227,2025-11-26,83.98,0.189855,201635.54,1577914.317
688228,2025-11-26,165.0,0.019085,25799.18,423575.473
688229,2025-11-26,67.66,-0.015138,34909.1,245068.082
688230,2025-11-26,67.78,0.004446,8017.54,54327.733
688231,2025-11-26,23.22,-0.05379,81003.75,190258.285
688232,2025-11-26,26.7,-0.014395999999999999,11688.18,31438.195
688233,2025-11-26,67.95,-0.048985,144818.93,994149.582
688234,2025-11-26,84.56,0.070651,189433.15,1551030.403
688235,2025-11-26,285.28,0.006634,29755.34,856747.549
688236,2025-11-26,24.51,0.002044,23458.17,57862.737
688238,2025-11-26,7.19,0.008415,89716.6,65682.627
688239,2025-11-26,50.66,-0.013245,36552.56,184426.307
688244,2025-11-26,20.52,-0.021459000000000002,25682.94,53353.43
688246,2025-11-26,24.81,-0.019368,35015.66,89014.182
688247,2025-11-26,10.5,0.001908,48840.07,52000.287
688248,2025-11-26,43.51,-0.004576,20370.45,89036.957
688249,2025-11-26,28.91,0.017599,215902.42,624700.598
688251,2025-11-26,23.92,-0.004578,21791.26,52245.5
688252,2025-11-26,21.61,0.0032500000000000003,29733.4,64475.258
688253,2025-11-26,33.38,0.009069,29063.01,97827.018
688255,2025-11-26,32.06,-0.002799,8439.98,27222.104
688256,2025-11-26,1314.66,0.043380999999999996,91472.9,11889049.61
688257,2025-11-26,25.55,-0.01693,46072.83,120004.638
688258,2025-11-26,70.52,-0.016595,45597.17,322171.76
688259,2025-11-26,40.87,0.016413999999999998,31048.69,128258.49
688260,2025-11-26,31.87,-0.025382,94126.86,310739.971
688261,2025-11-26,64.21,-0.013065,19442.99,126130.121
688262,2025-11-26,28.14,-0.0024809999999999997,68914.75,194216.326
688265,2025-11-26,41.96,-0.0037990000000000003,4997.51,21118.693
688266,2025-11-26,110.73,0.028801999999999998,26568.49,295894.827
688267,2025-11-26,27.0,-0.01711,15642.23,42679.967
688268,2025-11-26,58.2,-0.027081,29763.42,174551.094
688269,2025-11-26,36.66,-0.023441999999999998,11043.83,41028.807
688270,2025-11-26,63.27,-0.000474,107274.91,686772.113
688271,2025-11-26,131.9,-0.013389,32464.35,431083.646
688272,2025-11-26,25.7,0.01022,16437.66,42637.448
688273,2025-11-26,35.17,-0.015673,8435.37,29831.577
688275,2025-11-26,75.1,-0.042824,48462.68,369431.242
688276,2025-11-26,21.7,-0.007319,42368.17,93413.07
688277,2025-11-26,15.77,-0.007552,22078.77,35077.163
688278,2025-11-26,76.42,-0.018116,19512.26,149322.606
688279,2025-11-26,181.27,0.026501999999999998,13002.82,237107.8
688280,2025-11-26,7.98,0.003774,110093.34,88566.865
688281,2025-11-26,63.88,-0.040841,17321.76,112554.396
688282,2025-11-26,48.19,-0.026661,9387.41,45285.322
688283,2025-11-26,33.69,-0.037978,44088.34,153138.571
688285,2025-11-26,8.9,-0.012209000000000001,19585.14,17612.693
688286,2025-11-26,76.0,-0.007574,13328.87,102500.856
688287,2025-11-26,4.96,-0.017822,20586.55,10271.979
688288,2025-11-26,28.13,-0.006358,19959.18,56876.049
688289,2025-11-26,20.26,0.005958,50640.17,102820.012
688290,2025-11-26,56.01,-0.017367999999999998,8284.74,46409.176
688291,2025-11-26,36.1,-0.019021999999999997,87708.2,313381.4
688292,2025-11-26,23.39,0.000856,51694.72,122558.377
688293,2025-11-26,55.6,0.0009,7533.55,42485.218
688295,2025-11-26,24.72,-0.020214,26011.73,64711.748
688296,2025-11-26,15.09,-0.018855999999999998,20078.27,30873.255
688297,2025-11-26,45.66,-0.035895,100757.4,462150.527
688298,2025-11-26,25.8,0.012559,30793.14,80499.991
688299,2025-11-26,16.99,-0.012783,46457.36,79687.746
688300,2025-11-26,55.8,-0.001253,26505.23,148259.224
688301,2025-11-26,101.98,0.0026550000000000002,10179.3,104255.246
688302,2025-11-26,46.42,0.006723,10803.27,50525.403
688303,2025-11-26,28.02,-0.012685,98220.86,278445.177
688305,2025-11-26,58.15,-0.004961999999999999,5861.0,34228.624
688306,2025-11-26,10.49,0.0,72340.05,76316.239
688307,2025-11-26,40.24,-0.018297,43830.07,178848.562
688308,2025-11-26,28.21,0.004272000000000001,21219.03,59999.325
688309,2025-11-26,23.25,-0.010638000000000002,9804.47,23004.936
688310,2025-11-26,16.02,0.026265,34122.23,54008.804
688311,2025-11-26,31.56,-0.01375,20908.8,66638.408
688312,2025-11-26,31.03,0.041974,38381.98,118472.251
688313,2025-11-26,78.68,0.040465,383320.21,3008392.947
688314,2025-11-26,31.52,-0.008493,5098.73,16214.676
688315,2025-11-26,13.61,-0.005844,31026.45,42746.249
688316,2025-11-26,65.98,-0.018301,41800.11,281611.948
688317,2025-11-26,22.03,-0.0045190000000000004,8942.77,19878.409
688318,2025-11-26,130.5,0.006168,25514.32,334242.955
688319,2025-11-26,24.28,0.04430100000000001,82913.11,202359.538
688320,2025-11-26,33.59,-0.00356,18201.6,61625.937
688321,2025-11-26,27.81,0.014964,97069.3,273004.568
688322,2025-11-26,81.76,0.016536,50216.69,411754.013
688323,2025-11-26,14.96,-0.009927,30621.6,46124.537
688325,2025-11-26,88.4,0.020078,15645.39,139728.987
688326,2025-11-26,92.18,-0.008497,8543.6,79504.631
688327,2025-11-26,15.12,-0.011765000000000001,264368.76,403268.572
688328,2025-11-26,25.4,-0.008199999999999999,14581.61,37514.33
688329,2025-11-26,22.32,-0.013699,13271.3,29910.994
688330,2025-11-26,37.86,-0.010196,23539.42,89485.753
688331,2025-11-26,92.25,0.054286,68767.93,635410.494
688332,2025-11-26,135.9,0.0,27943.96,382805.542
688333,2025-11-26,75.91,0.0041010000000000005,94991.06,723839.157
688334,2025-11-26,18.59,-0.010117000000000001,21758.24,40637.551
688335,2025-11-26,20.06,-0.007422,26508.3,53684.812
688336,2025-11-26,68.39,0.045879,74398.73,509550.692
688337,2025-11-26,36.5,-0.018817,17528.71,64687.136
688338,2025-11-26,26.33,-0.002652,8122.61,21616.533
688339,2025-11-26,32.03,0.0062829999999999995,64807.57,209345.906
688343,2025-11-26,72.4,0.004022,95664.78,698665.174
688345,2025-11-26,32.29,-0.020030000000000003,12040.04,39344.849
688347,2025-11-26,108.34,0.036746,207991.5,2241976.149
688348,2025-11-26,53.42,-0.017654,27208.44,147366.831
688349,2025-11-26,26.62,-0.012244999999999999,33319.76,89536.311
688350,2025-11-26,21.28,-0.0032790000000000002,10993.94,23365.833
688351,2025-11-26,22.45,0.007178,48740.53,111178.384
688352,2025-11-26,12.47,-0.003994,56550.29,71068.098
688353,2025-11-26,100.28,0.011193,181128.98,1809364.263
688355,2025-11-26,18.03,-0.017974,9866.85,18047.795
688356,2025-11-26,88.16,0.043314000000000005,12555.75,110536.024
688357,2025-11-26,34.0,-0.014493,6723.32,23002.029
688358,2025-11-26,31.54,-0.008176,10792.18,34443.278
688359,2025-11-26,78.79,-0.000634,12860.21,101769.221
688360,2025-11-26,18.83,-0.0052829999999999995,22691.95,43026.061
688361,2025-11-26,114.38,-0.00192,38593.67,445100.182
688362,2025-11-26,30.12,0.000332,60996.53,184302.465
688363,2025-11-26,48.3,-0.02719,29393.54,143792.874
688365,2025-11-26,20.95,0.040218,670460.49,1432079.65
688366,2025-11-26,49.3,-0.023182,9042.0,44910.178
688367,2025-11-26,28.85,0.07488800000000001,71295.28,201706.304
688368,2025-11-26,93.13,0.01982,8159.8,75849.419
688369,2025-11-26,24.83,-0.016244,45830.76,115757.879
688370,2025-11-26,23.6,-0.009236,7435.59,17728.636
688371,2025-11-26,18.97,-0.000527,20864.56,39836.031
688372,2025-11-26,90.68,-0.005375,40466.71,369546.961
688373,2025-11-26,6.48,0.0062109999999999995,108000.07,70798.803
688375,2025-11-26,65.45,-0.062724,36101.03,241612.443
688376,2025-11-26,43.4,-0.001381,12030.21,52570.981
688377,2025-11-26,35.88,-0.001114,10068.42,36227.255
688378,2025-11-26,24.27,0.008309,50871.03,123821.254
688379,2025-11-26,44.85,-0.012984,11455.93,51766.528
688380,2025-11-26,31.48,0.002867,40509.71,127775.356
688381,2025-11-26,23.53,0.002556,43700.42,103690.36
688382,2025-11-26,28.16,0.039114,165497.66,473422.701
688383,2025-11-26,61.06,-0.009731,7907.96,48326.379
688385,2025-11-26,57.1,-0.003142,60987.73,348954.625
688386,2025-11-26,72.99,0.040633,18710.35,135968.348
688387,2025-11-26,6.88,-0.010072000000000001,446549.92,310208.737
688388,2025-11-26,35.58,0.0073609999999999995,142280.94,507843.07
688389,2025-11-26,13.76,-0.0057799999999999995,24464.14,33860.221
688390,2025-11-26,53.39,-0.004846,50345.24,270544.309
688391,2025-11-26,28.91,-0.002071,11483.7,33507.788
688392,2025-11-26,96.32,-0.027071,17591.98,173427.97
688393,2025-11-26,24.93,-0.02541,18392.83,47004.123
688395,2025-11-26,23.64,-0.025958000000000002,9936.96,23885.139
688396,2025-11-26,45.88,-0.0073560000000000006,55917.6,257835.762
688398,2025-11-26,18.1,-0.011469,12420.95,22645.373
688399,2025-11-26,69.82,0.040381,21544.05,150051.063
688400,2025-11-26,41.5,0.01467,305130.18,1266164.068
688401,2025-11-26,48.28,0.043441,78315.75,374978.648
688403,2025-11-26,13.74,-0.001453,149986.72,207137.761
688408,2025-11-26,45.55,-0.017472,39819.84,183288.398
688409,2025-11-26,64.21,-0.007113,23904.15,154629.618
688410,2025-11-26,15.33,0.008553,50113.21,77764.163
688411,2025-11-26,294.45,-0.016730000000000002,37078.81,1073278.648
688416,2025-11-26,51.9,-0.016114,30397.44,159269.649
688418,2025-11-26,29.11,-0.022826,44397.75,131174.354
688419,2025-11-26,26.11,-0.020630000000000003,8485.99,22428.046
688420,2025-11-26,24.83,-0.006005,6652.7,16621.859
688425,2025-11-26,4.98,-0.005988,170670.06,85449.175
688426,2025-11-26,27.8,-0.107831,33008.68,98813.261
688428,2025-11-26,25.63,0.01505,68435.78,176885.23
688429,2025-11-26,14.73,-0.018000000000000002,12953.43,19300.431
688432,2025-11-26,12.2,-0.018504,82390.81,101301.985
688433,2025-11-26,62.18,0.072069,74113.69,447273.511
688435,2025-11-26,52.59,-0.025389,58359.37,315197.002
688439,2025-11-26,56.85,-0.017456,26415.12,151743.717
688443,2025-11-26,27.54,0.019622,36741.75,101813.686
688448,2025-11-26,44.9,-0.038338000000000004,29468.2,134746.66
688449,2025-11-26,46.7,0.0021460000000000003,31226.04,146481.879
688450,2025-11-26,27.2,-0.016274999999999998,6581.05,18169.201
688455,2025-11-26,16.35,0.001838,18596.42,30700.392
688456,2025-11-26,45.59,-0.03,14416.09,66891.584
688458,2025-11-26,37.33,-0.008763,15429.65,58469.427
688459,2025-11-26,9.66,0.001036,19418.21,18780.403
688466,2025-11-26,19.24,-0.004141000000000001,8692.37,16776.863
688468,2025-11-26,7.87,-0.0012690000000000002,40539.03,32259.564
688469,2025-11-26,6.35,-0.00936,850301.32,542959.97
688472,2025-11-26,17.06,-0.020666000000000004,939312.36,1610182.059
688475,2025-11-26,29.57,-0.013017,27972.26,83347.623
688478,2025-11-26,33.8,0.008052,20267.86,68921.906
688479,2025-11-26,19.36,-0.012749,9430.7,18461.507
688480,2025-11-26,44.93,-0.003106,14750.59,66653.15
688484,2025-11-26,40.32,0.005235999999999999,45465.19,183772.619
688485,2025-11-26,15.2,-0.007185,10046.8,15339.965
688486,2025-11-26,72.86,0.021736,41650.81,303065.977
688488,2025-11-26,13.48,0.0,83945.19,115646.0
688489,2025-11-26,42.56,-0.024971,6214.65,26795.849
688496,2025-11-26,6.95,-0.016973000000000002,47793.51,33470.779
688498,2025-11-26,587.08,0.074235,67429.78,3873769.577
688499,2025-11-26,54.8,-0.041791,68923.52,381621.878
688500,2025-11-26,63.7,-0.047832999999999994,23277.29,150577.579
688501,2025-11-26,28.4,-0.0031590000000000003,12589.49,35957.193
688502,2025-11-26,345.27,-0.005129,6222.1,214799.487
688503,2025-11-26,52.91,0.002083,33793.63,178950.854
688505,2025-11-26,8.57,-0.004646,27592.36,23918.932
688506,2025-11-26,388.28,0.0,9959.34,391225.705
688507,2025-11-26,92.21,-0.0009750000000000001,18789.74,175915.895
688508,2025-11-26,56.66,-0.0054410000000000005,14881.84,84886.692
688509,2025-11-26,4.7,-0.018789,130418.52,62038.967
688510,2025-11-26,22.7,-0.038136,28705.2,66054.486
688511,2025-11-26,23.31,0.01746,6757.66,15653.31
688512,2025-11-26,10.64,-0.0028120000000000003,50777.54,54576.107
688513,2025-11-26,52.5,0.011755999999999999,15302.08,81712.825
688515,2025-11-26,99.95,0.008272,8674.42,87010.303
688516,2025-11-26,38.87,-0.005881999999999999,50024.95,196554.426
688517,2025-11-26,15.68,-0.023053,32607.15,51706.509
688518,2025-11-26,24.16,-0.00821,93039.06,227432.826
688519,2025-11-26,64.45,0.023340999999999997,43380.82,280590.671
688520,2025-11-26,47.85,0.007368,31633.9,153789.598
688521,2025-11-26,153.0,0.052920999999999996,190309.69,2921466.127
688522,2025-11-26,37.96,-0.014794,30964.74,118785.352
688523,2025-11-26,33.4,-0.031323,304160.88,1034667.891
688525,2025-11-26,104.89,-0.000952,201991.62,2117734.782
688526,2025-11-26,15.57,-0.010801,20641.37,32474.805
688528,2025-11-26,11.12,-0.014184,15698.02,17629.92
688529,2025-11-26,18.64,-0.018431,12573.68,23676.915
688530,2025-11-26,16.69,-0.011840999999999999,12052.73,20328.095
688531,2025-11-26,60.7,-0.017322,14246.71,87240.515
688533,2025-11-26,26.63,0.007949000000000001,11210.62,29774.785
688535,2025-11-26,91.98,0.00966,24556.25,226791.407
688538,2025-11-26,2.65,0.007605,606102.2,161372.867
688539,2025-11-26,35.55,-0.001965,40892.35,145924.154
688543,2025-11-26,52.55,-0.065778,163919.6,873483.826
688545,2025-11-26,32.59,-0.016002000000000002,26394.52,86434.521
688548,2025-11-26,12.2,0.00082,53027.59,65155.514
688549,2025-11-26,9.11,-0.004372,128090.08,117023.063
688550,2025-11-26,45.6,-0.006535999999999999,30983.65,142603.284
688551,2025-11-26,37.2,-0.012739,9323.81,34849.938
688552,2025-11-26,33.22,-0.035983999999999995,46152.76,154383.57
688553,2025-11-26,20.14,0.0,67800.39,139616.599
688556,2025-11-26,9.54,-0.00625,146120.39,141112.606
688557,2025-11-26,35.7,0.0050680000000000005,9206.84,32888.645
688558,2025-11-26,27.61,-0.00612,8426.81,23441.818
688559,2025-11-26,46.08,-0.048524000000000005,137018.27,642263.836
688560,2025-11-26,14.08,-0.008451,33511.64,47742.653
688561,2025-11-26,36.75,-0.014480999999999999,50065.82,185744.084
688562,2025-11-26,19.12,0.008971,148637.22,288758.201
688563,2025-11-26,53.57,-0.011075999999999999,17761.63,95641.089
688565,2025-11-26,10.13,-0.013632,24221.41,24761.839
688566,2025-11-26,29.16,0.010745,14783.92,43611.551
688567,2025-11-26,16.53,0.000605,132558.55,218540.114
688568,2025-11-26,40.85,-0.012092,86053.43,355356.685
688569,2025-11-26,20.99,-0.009438,7334.75,15479.926
688570,2025-11-26,18.11,-0.011463000000000001,9662.5,17622.462
688571,2025-11-26,7.19,-0.009642,40872.45,29692.566
688573,2025-11-26,23.5,-0.014675,15469.64,36705.436
688575,2025-11-26,14.69,-0.009439999999999999,44515.48,66231.322
688576,2025-11-26,64.15,-0.006966,2798.7,18096.543
688577,2025-11-26,109.05,-0.008997,8487.31,93543.723
688578,2025-11-26,98.63,0.009932,27489.94,270804.498
688579,2025-11-26,11.34,-0.007873999999999999,43896.06,50592.088
688580,2025-11-26,44.6,-0.004909,5913.72,26463.081
688581,2025-11-26,58.69,-0.00017,4543.92,26836.482
688582,2025-11-26,57.28,-0.000523,42641.4,245295.81
688583,2025-11-26,87.04,-0.012256,6212.17,54901.585
688584,2025-11-26,21.64,-0.0009229999999999999,26544.74,57522.689
688585,2025-11-26,118.97,0.005324,98087.8,1194882.825
688586,2025-11-26,11.32,-0.027490999999999998,111790.04,127430.116
688588,2025-11-26,14.65,-0.019411,56542.46,83754.569
688589,2025-11-26,21.96,-0.006784,19496.1,43124.841
688590,2025-11-26,19.06,-0.039798,70260.52,136591.866
688591,2025-11-26,43.56,0.016332,80229.59,351266.447
688592,2025-11-26,38.4,-0.014627,7763.16,29932.446
688593,2025-11-26,20.05,-0.02338,74090.99,149735.702
688595,2025-11-26,32.84,0.003974,24218.78,80332.674
688596,2025-11-26,28.52,-0.014513,58942.84,169033.214
688597,2025-11-26,8.24,-0.010804000000000001,58685.81,49145.002
688598,2025-11-26,28.3,-0.018724,30322.17,86741.303
688599,2025-11-26,17.74,-0.011148,398679.73,716058.241
688600,2025-11-26,22.22,-0.001797,8593.61,19151.575
688601,2025-11-26,47.3,-0.054000000000000006,132616.25,635108.071
688602,2025-11-26,8.84,-0.0056240000000000005,190613.08,170218.73
688603,2025-11-26,73.28,0.004111,13230.69,96320.489
688605,2025-11-26,57.6,-0.005181,12758.55,74202.387
688606,2025-11-26,67.0,0.004648,2691.83,18017.17
688607,2025-11-26,30.0,0.00368,9696.27,29187.114
688608,2025-11-26,221.3,0.029302,56983.74,1262169.567
688609,2025-11-26,10.02,-0.009881,83760.88,84609.892
688610,2025-11-26,60.7,-0.008332,6141.77,37488.811
688611,2025-11-26,45.85,-0.015883,12185.92,56345.208
688612,2025-11-26,31.77,-0.0009429999999999999,15867.85,50670.248
688613,2025-11-26,19.84,-0.030777000000000002,30921.43,61952.229
688615,2025-11-26,210.66,0.01391,24018.72,504531.753
688616,2025-11-26,12.25,-0.011298999999999998,18053.92,22208.39
688617,2025-11-26,241.95,-0.018777,24321.71,585249.531
688618,2025-11-26,26.92,-0.00993,19680.58,53674.472
688619,2025-11-26,14.0,-0.019608,22026.45,31284.341
688620,2025-11-26,11.66,0.017452000000000002,71636.31,83949.973
688621,2025-11-26,68.55,0.076307,78762.5,536567.053
688622,2025-11-26,119.75,-0.049301000000000005,38379.76,454144.212
688623,2025-11-26,73.5,0.0008169999999999999,2650.14,19461.839
688625,2025-11-26,36.55,0.0027429999999999998,16516.41,60983.346
688626,2025-11-26,46.36,0.004333,8552.2,39578.455
688627,2025-11-26,173.63,-0.031299,29778.27,524754.328
688628,2025-11-26,31.48,-0.004742,5922.07,18748.595
688629,2025-11-26,82.0,0.025,191537.48,1588109.337
688630,2025-11-26,112.36,0.00456,33153.26,374031.765
688631,2025-11-26,66.6,0.019908,23938.86,158292.042
688633,2025-11-26,22.55,-0.018285,7986.82,18196.163
688636,2025-11-26,34.27,-0.012392,41972.85,144863.907
688638,2025-11-26,38.59,-0.023038,3970.11,15455.749
688639,2025-11-26,33.28,-0.010995999999999999,33935.99,113696.983
688646,2025-11-26,35.88,0.014419,9729.99,35242.882
688648,2025-11-26,51.7,0.034621,32275.52,165525.796
688651,2025-11-26,37.56,-0.011578999999999999,11416.52,43661.733
688652,2025-11-26,90.0,0.005474,48476.54,439883.223
688653,2025-11-26,11.84,-0.000844,50610.2,60347.977
688655,2025-11-26,17.3,-0.024253,21059.42,36922.745
688656,2025-11-26,201.8,0.09376699999999999,17210.66,343681.296
688657,2025-11-26,54.81,-0.024907,12600.97,70262.49
688658,2025-11-26,26.88,0.12,218579.63,576972.229
688659,2025-11-26,9.77,-0.017103,26699.34,26474.322
688660,2025-11-26,17.58,0.049552,443872.42,770934.258
688661,2025-11-26,42.79,-0.015869,18418.05,79525.545
688662,2025-11-26,40.28,0.019747,32020.37,129739.136
688663,2025-11-26,40.84,-0.012095,11698.99,47896.384
688665,2025-11-26,47.17,-0.009034,5680.9,27029.94
688667,2025-11-26,59.78,-0.050659,13148.37,79254.347
688668,2025-11-26,97.87,0.030211000000000002,79015.53,771817.457
688669,2025-11-26,21.24,0.022136999999999997,38719.4,81986.578
688670,2025-11-26,30.9,0.2,192397.84,572482.855
688671,2025-11-26,21.98,-0.006777999999999999,13441.83,29976.655
688676,2025-11-26,78.08,0.016931,213883.59,1652919.054
688677,2025-11-26,45.28,-0.007235,8448.93,38381.819
688678,2025-11-26,24.0,-0.010717,53102.24,127924.987
688679,2025-11-26,22.6,-0.089444,75112.33,176056.15
688680,2025-11-26,39.39,-0.000254,17985.5,71879.525
688681,2025-11-26,17.32,-0.015909,14298.58,25074.135
688682,2025-11-26,35.37,-0.004223,30986.95,110174.203
688683,2025-11-26,29.22,-0.022416000000000002,7775.92,22916.262
688685,2025-11-26,51.0,-0.048861999999999996,43860.86,224544.789
688686,2025-11-26,115.06,0.000261,7138.38,83028.577
688687,2025-11-26,25.58,-0.0035060000000000004,28961.56,74990.034
688689,2025-11-26,25.71,0.007050999999999999,17610.75,45843.041
688690,2025-11-26,26.88,-0.004444,23752.68,64302.171
688691,2025-11-26,118.13,0.060412999999999994,95293.09,1130132.962
688692,2025-11-26,252.8,-0.00855,6033.62,153587.452
688693,2025-11-26,37.22,0.002424,9123.45,34327.217
688695,2025-11-26,29.39,-0.030032999999999997,8846.01,26506.412
688696,2025-11-26,111.4,-0.008897,6503.33,73207.591
688697,2025-11-26,14.97,-0.013833999999999999,18587.51,28064.09
688698,2025-11-26,86.68,0.061734,75952.53,640738.7
688699,2025-11-26,49.96,0.200096,76410.54,361500.044
688700,2025-11-26,33.49,-0.0017879999999999999,38464.61,129693.034
688701,2025-11-26,9.64,-0.015322,21987.17,21412.284
688702,2025-11-26,132.99,0.057153999999999996,48223.39,639436.839
688707,2025-11-26,14.18,-0.011158,87925.75,126074.849
688708,2025-11-26,59.41,-0.081762,24749.11,149435.054
688709,2025-11-26,37.32,-0.001872,30054.44,112636.63
688710,2025-11-26,44.9,-0.004435,7607.21,34496.455
688711,2025-11-26,22.23,-0.012,53808.91,121169.213
688716,2025-11-26,36.14,-0.001933,14507.02,52784.743
688717,2025-11-26,67.32,-0.029552000000000002,59635.53,401716.932
688718,2025-11-26,14.68,-0.024585,27183.08,40139.006
688719,2025-11-26,44.63,0.03622,59335.9,262959.736
688720,2025-11-26,51.6,-0.017143,32708.09,169720.851
688721,2025-11-26,42.31,-0.0070409999999999995,6498.6,27620.141
688722,2025-11-26,16.98,-0.006437000000000001,16461.03,27950.628
688726,2025-11-26,41.34,-0.000242,11352.75,47010.436
688727,2025-11-26,47.33,-0.053021000000000006,149714.89,718527.157
688728,2025-11-26,14.32,-0.006246000000000001,111446.69,160510.445
688729,2025-11-26,24.26,0.004971,49720.22,120644.723
688733,2025-11-26,27.65,0.007286,72442.87,202463.564
688737,2025-11-26,24.27,0.020606,35410.5,87072.907
688739,2025-11-26,26.72,0.002251,15643.49,42026.431
688750,2025-11-26,18.23,-0.004913,26527.47,48516.32
688755,2025-11-26,40.17,0.006011,2930.66,11792.622
688757,2025-11-26,26.0,-0.007633999999999999,7186.68,18831.619
688758,2025-11-26,21.7,0.073726,52855.14,114117.727
688759,2025-11-26,32.24,0.090663,144285.36,465703.468
688765,2025-11-26,79.04,0.021189,55204.67,440372.999
688767,2025-11-26,39.15,0.0,8288.27,32793.592
688768,2025-11-26,42.2,-0.014939000000000001,11635.09,49358.866
688772,2025-11-26,22.26,-0.00625,112989.88,252634.533
688775,2025-11-26,256.52,0.018947000000000002,13433.49,343111.331
688776,2025-11-26,87.16,0.0,19137.25,166740.518
688777,2025-11-26,50.08,-0.0053620000000000004,66488.83,334999.054
688778,2025-11-26,70.89,0.001271,48959.7,348852.549
688779,2025-11-26,7.09,-0.022069000000000002,375852.03,268624.376
688783,2025-11-26,23.46,0.009901,101422.76,237326.738
688786,2025-11-26,27.42,0.003293,9816.13,26807.861
688787,2025-11-26,116.21,-0.020152,41751.33,492102.296
688788,2025-11-26,59.11,-0.049067,26544.64,159106.461
688789,2025-11-26,77.01,0.008116,9854.73,75319.923
688793,2025-11-26,27.76,-0.015603,7670.21,21461.469
688798,2025-11-26,73.24,-0.006781000000000001,20681.87,152181.925
688799,2025-11-26,48.0,0.004184,27420.44,133202.261
688800,2025-11-26,69.36,0.0047810000000000005,68382.93,477136.908
688819,2025-11-26,31.57,-0.012202999999999999,22130.84,70315.596
688981,2025-11-26,112.71,0.009223,419553.57,4731195.304
689009,2025-11-26,56.2,-0.002485,62562.64,350752.68
920000,2025-11-26,19.35,-0.008709,8114.09,15827.795
920001,2025-11-26,19.74,0.011789,18924.5,37744.83
920002,2025-11-26,105.17,-0.011094999999999999,9529.69,101443.48
920003,2025-11-26,33.47,0.002096,9305.31,31303.384
920005,2025-11-26,41.81,-0.003337,2437.96,10251.301
920006,2025-11-26,28.0,-0.027440000000000003,23128.42,65795.512
920007,2025-11-26,68.82,0.000582,971.98,6716.659
920008,2025-11-26,32.77,-0.040691,31627.52,104071.781
920009,2025-11-26,84.45,-0.040340999999999995,14985.93,131391.983
920010,2025-11-26,12.63,-0.015588,46904.92,59684.047
920014,2025-11-26,11.99,-0.009909,4776.81,5762.626
920015,2025-11-26,49.05,-0.011089,32400.98,159080.454
920016,2025-11-26,19.89,-0.012413,4668.81,9299.225
920017,2025-11-26,19.24,0.028877,51647.46,100380.787
920018,2025-11-26,27.89,-0.016226,9742.07,27411.388
920019,2025-11-26,19.8,0.012270000000000001,18496.67,36630.02
920020,2025-11-26,17.25,-0.002313,20048.58,34901.725
920021,2025-11-26,6.7,0.004497999999999999,69208.78,46350.218
920022,2025-11-26,30.44,0.007947,6428.86,19555.072
920023,2025-11-26,4.28,-0.004651,44742.89,19253.175
920026,2025-11-26,33.8,-0.007633999999999999,7398.4,25173.422
920027,2025-11-26,23.73,-0.009599,4750.94,11336.261
920029,2025-11-26,88.87,-0.009032,4304.03,38422.138
920030,2025-11-26,6.61,-0.006015,22009.74,14661.888
920033,2025-11-26,16.76,-0.002381,5716.66,9579.991
920037,2025-11-26,87.1,0.004614,10222.2,89918.093
920039,2025-11-26,12.01,-0.026742,26251.34,32285.284
920046,2025-11-26,13.67,-0.018665,19103.53,26264.468
920047,2025-11-26,24.42,-0.020064000000000002,30460.03,75349.517
920056,2025-11-26,25.47,-0.016602,10535.4,27079.945
920057,2025-11-26,6.74,0.0,20386.52,13801.02
920058,2025-11-26,32.21,-0.019482,4507.25,14730.68
920060,2025-11-26,32.74,0.0033710000000000003,23510.97,76934.611
920061,2025-11-26,29.78,-0.01975,5382.53,16238.082
920062,2025-11-26,10.1,-0.013672,39239.36,39832.708
920066,2025-11-26,25.06,0.006022,10935.49,27327.724
920068,2025-11-26,16.78,-0.002378,9710.86,16289.637
920075,2025-11-26,28.72,0.002443,23191.1,66957.147
920077,2025-11-26,13.77,-0.023403999999999998,32211.45,44856.777
920080,2025-11-26,27.76,-0.0121,8532.96,23896.547
920082,2025-11-26,17.15,-0.009815,8336.6,14364.0
920087,2025-11-26,16.5,0.006098,81659.31,135014.449
920088,2025-11-26,30.04,-0.006614,9774.1,29480.13
920089,2025-11-26,18.28,-0.002728,10964.59,20060.062
920090,2025-11-26,6.7,-0.008876,43047.11,28926.027
920091,2025-11-26,64.33,0.04077,94081.14,588121.297
920092,2025-11-26,31.15,-0.018897999999999998,5610.33,17636.713
920098,2025-11-26,26.72,-0.010369999999999999,6991.61,18940.652
920099,2025-11-26,30.65,-0.010013000000000001,4955.0,15236.756
920100,2025-11-26,60.96,0.011784,14292.0,86905.409
920101,2025-11-26,41.21,0.005612000000000001,10980.99,46337.672
920106,2025-11-26,84.17,-0.009532,5210.26,43844.67
920108,2025-11-26,13.9,-0.02319,7905.9,11102.503
920110,2025-11-26,35.44,-0.01964,1961.11,7025.232
920111,2025-11-26,23.58,-0.010076,11931.19,28185.223
920112,2025-11-26,39.3,-0.005063,1830.39,7219.187
920116,2025-11-26,70.66,0.001559,34605.17,249834.629
920118,2025-11-26,22.88,-0.008236,5914.99,13611.056
920122,2025-11-26,37.34,-0.005593,6085.7,22812.809
920123,2025-11-26,15.96,-0.019053,26427.91,42605.832
920128,2025-11-26,27.3,-0.007994,4084.04,11237.226
920130,2025-11-26,23.34,-0.023839000000000003,12518.29,29649.984
920132,2025-11-26,18.07,-0.009863,5833.78,10625.601
920139,2025-11-26,21.22,0.003784,37407.91,79723.376
920145,2025-11-26,24.75,0.011029,8579.27,21089.962
920146,2025-11-26,8.58,-0.013793,22597.37,19474.93
920149,2025-11-26,12.22,-0.016103,6740.55,8286.719
920152,2025-11-26,32.48,0.033079,42459.77,139011.115
920158,2025-11-26,16.06,-0.006803,19045.27,31007.856
920160,2025-11-26,24.99,0.004018,48706.58,123493.996
920163,2025-11-26,14.78,-0.018592,8519.0,12717.454
920167,2025-11-26,17.6,-0.011236,10648.2,18879.767
920169,2025-11-26,30.06,-0.027184,28950.0,87795.152
920171,2025-11-26,20.5,-0.021480000000000003,15337.0,31555.197
920174,2025-11-26,49.45,0.004061,25330.06,128434.139
920175,2025-11-26,11.94,-0.018899,19142.68,22958.058
920179,2025-11-26,35.36,0.052694,28536.11,100312.131
920184,2025-11-26,18.32,-0.009729999999999999,19252.44,35488.494
920185,2025-11-26,31.26,-0.005092,92623.65,290794.065
920190,2025-11-26,25.11,-0.012972,12618.62,31845.277
920195,2025-11-26,19.86,0.003537,10996.61,21757.33
920198,2025-11-26,10.1,-0.018465,20561.8,21032.402
920199,2025-11-26,34.27,0.011212999999999999,9772.16,33609.502
920204,2025-11-26,18.4,-0.017094,10970.11,20330.818
920207,2025-11-26,21.64,-0.013673999999999999,11997.95,26140.998
920208,2025-11-26,24.92,-0.011895,9047.5,22682.294
920212,2025-11-26,13.5,-0.008082,6580.32,8972.844
920221,2025-11-26,16.2,-0.010385,7764.9,12606.262
920223,2025-11-26,21.5,-0.065217,89588.08,195277.954
920225,2025-11-26,32.99,0.0033450000000000003,35289.45,118450.892
920227,2025-11-26,71.16,0.039136000000000004,30452.51,214442.37
920230,2025-11-26,13.1,-0.005314999999999999,12363.67,16374.196
920237,2025-11-26,24.29,-0.020959,13340.47,32648.312
920239,2025-11-26,33.29,-0.005081,20905.23,69823.377
920242,2025-11-26,28.9,-0.004477999999999999,2588.93,7524.943
920245,2025-11-26,26.5,-0.0067469999999999995,3574.55,9574.525
920247,2025-11-26,25.24,-0.017134,15937.25,40575.779
920249,2025-11-26,13.65,0.005895,53351.9,73813.013
920252,2025-11-26,30.0,-0.017038,56937.85,172023.096
920260,2025-11-26,11.37,-0.010444,6779.24,7766.012
920261,2025-11-26,14.97,-0.007952,10564.68,15811.953
920262,2025-11-26,25.11,0.025735,11227.85,27787.142
920263,2025-11-26,13.14,-0.028107000000000004,9900.3,13158.944
920266,2025-11-26,9.47,-0.013542,14503.61,13974.241
920267,2025-11-26,23.17,-0.0030120000000000004,5120.8,11892.225
920270,2025-11-26,16.0,-0.008674,7714.39,12401.4
920271,2025-11-26,15.94,-0.014833,5894.64,9466.429
920273,2025-11-26,35.3,0.030356,25190.67,88290.312
920274,2025-11-26,28.15,-0.01848,14143.14,40108.963
920275,2025-11-26,9.28,-0.016949000000000002,11234.16,10437.525
920278,2025-11-26,9.23,-0.007527000000000001,7130.53,6654.817
920284,2025-11-26,42.95,0.024326,33014.93,137912.733
920299,2025-11-26,19.54,0.017179,48755.82,93723.044
920300,2025-11-26,14.33,-0.017147,13653.06,19829.806
920304,2025-11-26,14.73,-0.073002,141949.08,216903.713
920305,2025-11-26,11.58,-0.057770999999999996,59432.77,69727.596
920339,2025-11-26,10.59,-0.004699,10872.55,11555.583
920344,2025-11-26,26.16,-0.004945,19305.32,51578.241
920346,2025-11-26,24.2,-0.013051,5523.22,13458.31
920351,2025-11-26,22.82,-0.013403,6709.9,15414.337
920357,2025-11-26,24.74,-0.002821,9210.05,22877.109
920363,2025-11-26,17.76,0.0,9293.3,16694.404
920367,2025-11-26,23.12,0.051864999999999994,73300.28,175448.246
920368,2025-11-26,26.79,-0.008145,24269.67,65337.172
920370,2025-11-26,4.26,-0.016166,31953.46,13675.623
920371,2025-11-26,10.65,0.014286,20002.04,21095.384
920374,2025-11-26,24.19,-0.010228999999999999,4805.51,11760.134
920375,2025-11-26,14.15,-0.018724,19730.03,28320.547
920378,2025-11-26,9.71,-0.013210999999999999,7531.09,7331.009
920392,2025-11-26,35.19,-0.011517,5782.41,20370.419
920394,2025-11-26,36.66,0.012148,12314.16,44842.545
920395,2025-11-26,11.9,-0.030945,14868.27,17871.089
920396,2025-11-26,30.59,-0.023931,20088.41,61887.901
920402,2025-11-26,10.9,-0.025045,57975.82,64113.756
920403,2025-11-26,21.41,-0.012454,17086.11,36948.891
920405,2025-11-26,27.56,-0.027866,75653.0,206774.95
920407,2025-11-26,20.8,-0.047618999999999995,21233.95,44629.134
920414,2025-11-26,12.14,-0.020968,11793.82,14443.425
920415,2025-11-26,14.89,0.026897,37258.7,55495.723
920418,2025-11-26,26.27,-0.015736,20488.48,54240.045
920419,2025-11-26,16.47,-0.007831,6417.09,10660.635
920422,2025-11-26,13.37,0.024521,29162.27,38457.984
920425,2025-11-26,20.29,-0.016481,10141.15,20716.281
920427,2025-11-26,13.02,-0.029806,7891.65,10460.112
920429,2025-11-26,16.23,0.015645,13949.8,22455.085
920433,2025-11-26,6.34,0.00158,23125.53,14738.18
920436,2025-11-26,19.76,-0.020327,8935.79,17778.897
920438,2025-11-26,37.2,0.027624,24322.05,89336.541
920445,2025-11-26,11.46,-0.029636,38776.43,45009.285
920454,2025-11-26,15.81,-0.014953000000000001,12307.17,19466.291
920455,2025-11-26,8.9,-0.023052000000000003,5579.48,5024.552
920469,2025-11-26,11.68,-0.01268,18114.99,21202.991
920471,2025-11-26,13.11,-0.008321,7102.26,9321.624
920475,2025-11-26,16.55,-0.022445,5972.19,10017.686
920476,2025-11-26,21.45,-0.0037159999999999997,12906.01,27713.844
920478,2025-11-26,19.54,0.010341,19837.49,39128.948
920489,2025-11-26,19.45,-0.032338,43399.2,85334.483
920491,2025-11-26,27.0,-0.014958,24329.6,66449.213
920493,2025-11-26,137.91,0.0024709999999999997,11879.31,165423.081
920496,2025-11-26,10.47,-0.016901,19684.86,20772.743
920504,2025-11-26,22.97,-0.059763000000000004,8514.85,21018.379
920505,2025-11-26,47.14,-0.023612,13381.81,63632.511
920508,2025-11-26,22.69,-0.012190000000000001,4974.01,11359.376
920509,2025-11-26,37.39,-0.026302,44747.85,168010.03
920510,2025-11-26,16.8,-0.023256000000000002,10988.52,18659.23
920519,2025-11-26,12.49,0.0,5998.38,7523.484
920522,2025-11-26,59.26,0.008166,30254.69,177871.373
920523,2025-11-26,27.27,-0.011240000000000002,18389.2,50276.437
920526,2025-11-26,24.76,-0.021344,12259.94,30690.537
920527,2025-11-26,17.93,-0.020219,3487.99,6313.206
920533,2025-11-26,27.56,-0.005413,12636.36,34916.133
920541,2025-11-26,13.93,-0.012057,7043.77,9831.37
920547,2025-11-26,24.16,0.004992,7677.99,18746.09
920553,2025-11-26,10.34,-0.015238,20356.59,21025.403
920556,2025-11-26,10.31,-0.020893000000000002,40753.55,43336.717
920564,2025-11-26,22.21,-0.013327,56764.43,128636.893
920566,2025-11-26,12.33,0.006531,46796.72,58658.814
920570,2025-11-26,34.0,-0.026625,4177.85,14395.521
920571,2025-11-26,9.9,-0.008016,87751.7,87323.707
920575,2025-11-26,12.86,-0.007716,19270.47,25121.569
920576,2025-11-26,27.35,-0.018657999999999998,6894.55,19041.852
920578,2025-11-26,25.0,0.001603,6567.0,16342.75
920579,2025-11-26,23.82,-0.013665,6676.37,16008.318
920580,2025-11-26,14.77,-0.012701,16519.82,24637.36
920592,2025-11-26,40.69,-0.005134,14289.91,58396.883
920593,2025-11-26,32.42,0.006832,16342.79,52848.474
920599,2025-11-26,19.87,0.003535,27971.67,55743.512
920608,2025-11-26,19.57,-0.01757,3747.78,7443.645
920627,2025-11-26,23.4,-0.016807000000000002,11298.18,26529.134
920634,2025-11-26,23.58,-0.025619999999999997,8110.03,19404.21
920639,2025-11-26,7.91,-0.02104,14804.3,11822.219
920640,2025-11-26,32.34,-0.023256000000000002,73391.9,240596.361
920641,2025-11-26,18.65,-0.017904,13272.79,24891.341
920642,2025-11-26,15.4,-0.020979,99172.21,162801.927
920651,2025-11-26,39.1,0.005141,7055.63,27959.55
920656,2025-11-26,17.49,-0.003986,10372.51,18261.559
920662,2025-11-26,25.66,-0.019862,10915.6,28263.896
920663,2025-11-26,16.75,-0.026729,11583.75,19560.694
920665,2025-11-26,12.68,-0.027607,28121.38,36484.272
920670,2025-11-26,17.0,-0.014493,58505.38,101635.957
920675,2025-11-26,10.41,-0.006679000000000001,10143.26,10589.127
920679,2025-11-26,20.02,-0.007437,5958.14,12098.073
920682,2025-11-26,9.43,-0.017707999999999998,26956.61,25652.678
920685,2025-11-26,13.9,-0.014184,7045.89,9865.274
920689,2025-11-26,31.44,-0.001905,7818.48,24632.952
920690,2025-11-26,29.82,-0.006,7355.52,22088.873
920693,2025-11-26,38.63,-0.013534,5521.25,21520.079
920694,2025-11-26,19.23,-0.020876000000000002,10025.66,19413.966
920699,2025-11-26,47.7,-0.009346,1287.39,6165.362
920701,2025-11-26,17.59,-0.020055999999999997,7425.1,13209.122
920703,2025-11-26,14.38,-0.015068,6889.38,9967.355
920706,2025-11-26,26.35,-0.024073999999999998,126974.29,368576.743
920717,2025-11-26,12.12,-0.004108,14890.29,18012.869
920718,2025-11-26,16.81,-0.007673999999999999,7747.48,13024.289
920719,2025-11-26,13.13,-0.015004,20134.48,26551.699
920720,2025-11-26,13.83,-0.007891,14165.66,19641.629
920725,2025-11-26,35.31,0.036699999999999997,54048.8,189131.26
920726,2025-11-26,22.41,0.13181800000000002,121014.68,258295.996
920729,2025-11-26,8.88,-0.019868,19758.42,17758.662
920735,2025-11-26,35.0,0.007194000000000001,23505.11,82722.729
920748,2025-11-26,47.36,-0.055068,21712.54,105464.117
920751,2025-11-26,18.92,-0.009424,7504.24,14278.152
920753,2025-11-26,23.74,-0.008768,5116.61,12223.656
920765,2025-11-26,24.69,-0.0016170000000000002,9647.22,23624.497
920768,2025-11-26,11.98,-0.018033,18467.84,22378.586
920770,2025-11-26,18.72,-0.016807000000000002,32222.28,60748.557
920779,2025-11-26,35.47,-0.011977999999999999,5905.47,21074.996
920781,2025-11-26,9.18,-0.017131,25967.44,23860.935
920786,2025-11-26,9.68,0.017876,75216.37,72058.627
920790,2025-11-26,33.1,-0.026471,9310.97,31291.506
920792,2025-11-26,12.04,-0.011493999999999999,11653.85,14219.915
920799,2025-11-26,48.23,-0.010667,14778.21,71860.342
920802,2025-11-26,15.8,-0.018633999999999998,7371.47,11786.247
920806,2025-11-26,13.2,-0.01566,19264.56,25572.252
920807,2025-11-26,15.22,-0.027475999999999997,24894.07,38341.632
920808,2025-11-26,78.79,0.01599,17811.59,140058.259
920809,2025-11-26,7.12,-0.04685399999999999,375396.12,271481.425
920810,2025-11-26,13.12,-0.013534,6620.59,8759.25
920819,2025-11-26,4.06,-0.004902,64016.72,26051.002
920821,2025-11-26,24.89,0.002013,12990.83,32434.111
920826,2025-11-26,13.75,0.036172,113870.59,154370.251
920832,2025-11-26,7.44,-0.005348,11831.59,8790.732
920833,2025-11-26,16.91,-0.012265999999999999,8942.39,15149.44
920834,2025-11-26,17.82,-0.026230000000000003,52837.99,93349.861
920837,2025-11-26,14.3,-0.013111999999999999,10836.92,15583.963
920839,2025-11-26,40.94,-0.0019500000000000001,7836.16,32215.81
920855,2025-11-26,18.0,-0.015856,4594.24,8338.099
920856,2025-11-26,16.35,-0.013872,7044.97,11652.086
920857,2025-11-26,35.59,0.108032,25783.71,89589.226
920866,2025-11-26,8.3,0.0,10419.39,8685.381
920870,2025-11-26,17.61,-0.013445,8337.47,14824.534
920871,2025-11-26,15.84,-0.027027000000000002,10102.36,16203.673
920873,2025-11-26,7.53,-0.011811,20966.25,15980.266
920876,2025-11-26,26.32,-0.008289,10338.14,27544.335
920879,2025-11-26,22.33,0.008582,11955.1,26617.489
920885,2025-11-26,18.7,-0.028067,28893.4,54913.304
920892,2025-11-26,16.11,-0.0073939999999999995,13225.77,21566.086
920895,2025-11-26,21.73,-0.010022999999999999,4404.46,9583.012
920896,2025-11-26,21.52,-0.009208,6160.98,13289.885
920906,2025-11-26,26.63,-0.0015,8955.58,23942.18
920914,2025-11-26,27.22,-0.009461,15841.35,43438.176
920924,2025-11-26,20.46,-0.011594,13672.33,28064.353
920925,2025-11-26,31.1,-0.000964,4694.75,14497.649
920926,2025-11-26,17.96,-0.0027760000000000003,7997.12,14359.706
920931,2025-11-26,14.54,-0.028724,5517.31,8130.052
920932,2025-11-26,20.53,-0.008690999999999999,13062.79,26884.222
920942,2025-11-26,32.65,0.015552,24228.84,80341.64
920943,2025-11-26,21.87,-0.033584,9161.2,20387.149
920946,2025-11-26,11.46,0.018667,71740.0,82967.064
920950,2025-11-26,18.12,-0.001103,4403.06,7981.453
920953,2025-11-26,35.75,-0.019204000000000002,25123.64,90828.676
920957,2025-11-26,14.19,-0.031398999999999996,19346.41,27813.147
920961,2025-11-26,24.22,-0.007377,50028.02,123853.318
920964,2025-11-26,7.02,-0.015427999999999999,25190.12,17896.309
920970,2025-11-26,8.1,-0.012195000000000001,10900.67,8901.278
920971,2025-11-26,30.97,0.01875,34684.56,106630.306
920974,2025-11-26,8.23,-0.016726,21710.11,18051.092
920976,2025-11-26,24.45,-0.006098,5245.35,12846.438
920978,2025-11-26,36.17,0.032838,35281.52,126881.463
920981,2025-11-26,33.15,-0.032682,15261.19,51277.33
920982,2025-11-26,216.31,-0.002168,5954.12,129047.133
920985,2025-11-26,8.69,-0.002296,22261.43,19358.151
920992,2025-11-26,17.8,-0.01385,10567.74,19017.103
