symbol,date,close,ret,vol,amount
000001,2025-11-27,11.71,0.001711,1011847.1,1178308.953
000002,2025-11-27,5.47,-0.071307,3961433.24,2181600.717
000004,2025-11-27,11.21,0.049625,26951.0,29909.088
000006,2025-11-27,10.71,-0.013812,288297.84,312933.081
000007,2025-11-27,9.79,0.011364,80442.11,78420.819
000008,2025-11-27,3.05,-0.006515,587229.51,179383.499
000009,2025-11-27,10.12,0.023256000000000002,434994.83,441947.052
000010,2025-11-27,3.93,0.018135,452554.0,178042.509
000011,2025-11-27,9.97,0.012183,146450.26,146062.78
000012,2025-11-27,4.63,-0.006438,95956.83,44458.037
000014,2025-11-27,15.81,-0.011875,199858.99,321124.631
000016,2025-11-27,5.11,-0.009689999999999999,237265.9,122069.186
000017,2025-11-27,7.29,-0.056921,583127.09,429296.232
000019,2025-11-27,7.09,-0.035373999999999996,265622.79,189644.416
000020,2025-11-27,17.06,0.040244,243618.81,406656.711
000021,2025-11-27,23.42,0.0008550000000000001,634665.28,1508209.796
000025,2025-11-27,20.07,-0.042462,338187.21,687174.003
000026,2025-11-27,15.28,0.003283,21614.0,33073.26
000027,2025-11-27,6.65,0.009105,182810.41,121693.734
000028,2025-11-27,24.98,-0.003987,16394.5,41052.663
000029,2025-11-27,24.26,-0.02138,28503.89,69850.252
000030,2025-11-27,5.47,-0.005455,61052.8,33518.576
000031,2025-11-27,3.13,0.006431,192483.76,60236.82
000032,2025-11-27,19.57,-0.01757,113114.47,223361.311
000034,2025-11-27,39.53,-0.011503000000000001,198701.89,794185.073
000035,2025-11-27,5.56,-0.007143,199427.42,111126.925
000036,2025-11-27,4.22,-0.004717,321544.4,136512.492
000037,2025-11-27,8.86,0.00113,73784.43,65465.651
000039,2025-11-27,8.91,-0.047059,1564141.13,1411846.159
000042,2025-11-27,7.9,-0.005038,36587.02,28963.562
000045,2025-11-27,12.41,-0.022835,139403.0,174340.263
000048,2025-11-27,13.54,-0.019551,159307.02,218698.566
000049,2025-11-27,26.55,0.025492,95473.18,253918.842
000050,2025-11-27,8.88,0.001127,107901.0,96348.103
000055,2025-11-27,4.19,0.002392,71881.0,30206.879
000056,2025-11-27,2.36,-0.004219,261724.0,61567.881
000058,2025-11-27,9.35,-0.008484,98971.98,92893.067
000059,2025-11-27,5.07,0.00396,115735.86,58769.588
000060,2025-11-27,5.12,0.0,1095195.66,565673.214
000061,2025-11-27,9.42,-0.014643999999999999,182386.2,172478.212
000062,2025-11-27,25.64,0.004309,89057.55,230090.813
000063,2025-11-27,42.3,0.032463,2614946.7,11094587.944
000065,2025-11-27,12.02,-0.078221,683285.26,829349.177
000066,2025-11-27,14.89,-0.002011,274496.08,411085.905
000068,2025-11-27,3.7,0.022099,149825.76,54887.596
000069,2025-11-27,2.63,-0.018657,1012366.02,266769.05
000070,2025-11-27,14.44,0.037356,3620909.83,5117688.823
000078,2025-11-27,3.09,0.099644,4112301.84,1245485.781
000088,2025-11-27,4.39,0.002283,188166.25,82515.332
000089,2025-11-27,6.9,-0.001447,136008.07,93973.333
000090,2025-11-27,4.06,-0.016949000000000002,458968.96,187240.934
000096,2025-11-27,10.8,0.004651,41730.0,44957.205
000099,2025-11-27,20.4,0.010902,116811.94,238655.323
000100,2025-11-27,4.07,-0.002451,1400706.08,571509.899
000151,2025-11-27,12.7,-0.010133000000000001,49710.0,63241.658
000153,2025-11-27,6.75,0.007463,83263.16,55626.419
000155,2025-11-27,12.11,-0.000825,369530.03,451660.259
000156,2025-11-27,7.82,-0.015113000000000001,93524.5,73633.442
000157,2025-11-27,8.01,-0.017178,522855.49,420678.078
000158,2025-11-27,21.92,-0.023173,651550.08,1437623.145
000159,2025-11-27,5.74,-0.001739,149270.82,86091.834
000166,2025-11-27,5.14,0.0,555322.15,285770.938
000301,2025-11-27,9.58,0.008421,120860.01,115841.503
000333,2025-11-27,79.8,0.0,316460.71,2524590.682
000338,2025-11-27,16.98,0.0047339999999999995,602312.27,1029747.975
000400,2025-11-27,25.15,-0.013339,274303.54,699319.377
000401,2025-11-27,4.57,-0.017204,109971.0,50502.254
000402,2025-11-27,2.84,-0.013889,382557.51,108678.677
000403,2025-11-27,14.96,-0.00598,51720.24,77685.125
000404,2025-11-27,6.82,0.004418,58601.25,40037.673
000407,2025-11-27,4.99,-0.031068,1172036.47,584959.834
000408,2025-11-27,60.23,0.022928,131700.78,797852.388
000409,2025-11-27,12.09,-0.013866,242133.68,291712.389
000410,2025-11-27,7.35,-0.014745,244402.65,181495.938
000411,2025-11-27,11.93,-0.03479,283127.92,342676.922
000415,2025-11-27,3.52,-0.008451,479602.41,169392.727
000417,2025-11-27,6.7,-0.008876,406347.14,279074.897
000419,2025-11-27,6.42,0.014218,96578.8,61862.329
000420,2025-11-27,3.88,-0.005128000000000001,252869.09,98455.741
000421,2025-11-27,7.12,0.00565,148069.57,105357.574
000422,2025-11-27,14.62,0.009669,402453.39,593613.66
000423,2025-11-27,47.25,-0.001479,42755.13,202233.025
000425,2025-11-27,10.26,-0.025640999999999997,842852.06,876424.897
000426,2025-11-27,32.9,0.031671,561828.88,1841994.812
000428,2025-11-27,3.44,0.014749000000000002,231595.9,79384.289
000429,2025-11-27,12.15,-0.002463,72082.19,87285.556
000430,2025-11-27,8.06,-0.015872999999999998,60433.0,48837.416
000488,2025-11-27,2.09,0.004808,220775.0,46242.617
000498,2025-11-27,5.97,0.0,91288.0,54458.67
000501,2025-11-27,9.62,0.002083,130991.0,125816.02
000503,2025-11-27,9.92,-0.008991,104737.6,103846.744
000504,2025-11-27,9.33,0.0021479999999999997,17831.1,16605.076
000505,2025-11-27,7.55,-0.07019700000000001,723935.81,554923.588
000506,2025-11-27,12.03,-0.0033139999999999997,179613.12,216748.389
000507,2025-11-27,5.3,0.0,78361.7,41550.993
000509,2025-11-27,3.94,-0.022333,1076139.2,424706.345
000510,2025-11-27,8.49,0.099741,966634.55,819069.407
000513,2025-11-27,35.9,-0.006366,31584.97,113588.139
000514,2025-11-27,5.31,0.00759,234697.57,124434.373
000516,2025-11-27,4.76,0.010616,150065.24,71532.168
000517,2025-11-27,2.06,0.009804,346931.97,70624.625
000518,2025-11-27,2.55,-0.011628000000000001,87639.0,22605.278
000519,2025-11-27,18.46,-0.004315,352277.43,652535.893
000520,2025-11-27,4.56,0.017857,285051.37,130479.149
000521,2025-11-27,6.69,-0.007418,95599.0,64255.976
000523,2025-11-27,3.42,-0.03662,1578979.69,542192.862
000524,2025-11-27,11.93,-0.001674,68819.69,82579.379
000525,2025-11-27,5.73,-0.012069000000000002,159789.23,91942.755
000526,2025-11-27,37.65,0.0058779999999999995,12347.83,46483.354
000528,2025-11-27,11.91,-0.010797000000000001,523483.74,623621.687
000529,2025-11-27,6.21,-0.0064,168901.47,105154.542
000530,2025-11-27,6.11,0.0016389999999999998,146358.65,89689.39
000531,2025-11-27,6.65,0.019939,94257.0,62507.926
000532,2025-11-27,14.05,-0.003546,37438.0,52694.69
000533,2025-11-27,7.92,0.003802,326209.26,259756.236
000534,2025-11-27,19.97,0.014736,136913.9,274310.847
000536,2025-11-27,5.49,-0.038529,3044198.43,1713771.057
000537,2025-11-27,8.31,-0.001202,76733.44,63872.205
000538,2025-11-27,56.07,0.001608,42924.51,240748.2
000539,2025-11-27,4.55,0.0,195859.0,89230.952
000541,2025-11-27,6.09,-0.003273,66936.16,40800.728
000543,2025-11-27,7.97,0.015287,315224.85,251049.725
000544,2025-11-27,8.48,0.007126,42813.58,36281.788
000545,2025-11-27,2.88,0.010526,319156.0,91749.03
000546,2025-11-27,5.96,-0.008319,751927.0,450444.408
000547,2025-11-27,12.28,-0.032309000000000004,4839792.93,5812888.553
000548,2025-11-27,5.84,-0.003413,88108.02,51649.269
000550,2025-11-27,18.69,0.001608,14175.0,26512.051
000551,2025-11-27,10.69,0.009443,43763.25,46834.138
000552,2025-11-27,2.48,0.004049,309452.93,76663.889
000553,2025-11-27,6.22,0.006472,55433.0,34404.24
000554,2025-11-27,6.6,0.006098,115584.88,76391.67
000555,2025-11-27,17.29,-0.014253,359884.15,629403.004
000557,2025-11-27,4.92,-0.014028,114235.31,56578.211
000558,2025-11-27,5.83,0.0051719999999999995,1482943.3,867497.846
000559,2025-11-27,12.7,0.058333,2048759.38,2536376.921
000560,2025-11-27,3.09,0.006515,2479841.63,762183.99
000561,2025-11-27,10.63,0.0028299999999999996,144834.77,154304.212
000563,2025-11-27,3.5,0.029411999999999997,1029813.51,361585.058
000564,2025-11-27,2.56,-0.019157,3227417.52,832788.258
000565,2025-11-27,7.38,0.016529000000000002,91637.0,67385.752
000566,2025-11-27,8.11,-0.067816,2734350.18,2239079.306
000567,2025-11-27,7.49,-0.026008,328197.46,246093.262
000568,2025-11-27,135.01,0.000593,61539.0,829966.657
000570,2025-11-27,6.08,-0.0032790000000000002,100149.98,60899.527
000571,2025-11-27,5.67,0.038462,365865.27,202677.781
000572,2025-11-27,8.6,-0.019384,2172394.61,1891302.531
000573,2025-11-27,4.26,-0.004673,146594.68,62547.811
000576,2025-11-27,10.12,0.000989,53713.92,54434.638
000581,2025-11-27,20.18,0.001986,52657.15,106388.507
000582,2025-11-27,8.67,-0.008008999999999999,107088.0,93184.805
000586,2025-11-27,13.01,-0.003828,56258.0,73945.103
000589,2025-11-27,4.87,-0.002049,153796.17,75162.999
000590,2025-11-27,11.55,0.008733999999999999,31015.0,35888.825
000591,2025-11-27,4.45,0.0,304423.0,135752.454
000592,2025-11-27,9.75,0.043897000000000005,4597011.41,4349758.728
000593,2025-11-27,11.26,0.015328999999999999,391906.17,442788.81
000595,2025-11-27,5.51,-0.014311,130002.0,72950.202
000596,2025-11-27,166.41,0.013768,26648.0,440637.972
000597,2025-11-27,5.66,0.008912999999999999,166644.49,93322.897
000598,2025-11-27,6.94,0.008721,134064.25,92885.327
000599,2025-11-27,6.34,-0.013996999999999999,209655.0,133857.925
000600,2025-11-27,8.12,0.0049499999999999995,188443.67,153700.756
000601,2025-11-27,4.95,0.0,111541.08,55446.186
000603,2025-11-27,25.16,0.043118,296628.73,737903.71
000605,2025-11-27,7.17,0.014144,48472.69,34584.596
000607,2025-11-27,4.59,-0.017131,175382.0,81021.941
000608,2025-11-27,2.54,-0.034221,150987.0,38843.292
000609,2025-11-27,12.64,-0.050338,593552.11,796621.045
000610,2025-11-27,12.76,0.04418999999999999,287276.04,368089.598
000612,2025-11-27,9.48,0.002114,359779.24,345957.794
000615,2025-11-27,4.21,-0.0023699999999999997,119405.0,50348.406
000617,2025-11-27,9.09,-0.0032890000000000003,453287.22,413924.469
000619,2025-11-27,6.37,0.0,110550.01,70406.369
000620,2025-11-27,3.12,-0.04,3230925.44,1023514.945
000623,2025-11-27,19.02,0.0,87537.19,167211.732
000625,2025-11-27,11.71,-0.007627,530399.75,623299.309
000626,2025-11-27,7.92,-0.002519,66386.0,52761.427
000628,2025-11-27,43.81,-0.003185,33586.61,148053.933
000629,2025-11-27,2.97,-0.0066890000000000005,806980.07,241379.414
000630,2025-11-27,5.07,0.005952,1592809.66,813399.95
000631,2025-11-27,3.3,0.0030399999999999997,181702.72,59721.263
000632,2025-11-27,5.98,-0.033926,1198260.14,718866.131
000633,2025-11-27,7.79,-0.037083,372661.0,291426.628
000635,2025-11-27,8.87,0.009101,58508.0,51823.663
000636,2025-11-27,15.65,-0.010746,250105.0,398571.361
000637,2025-11-27,4.64,0.015317,108093.0,49850.842
000638,2025-11-27,6.57,0.049520999999999996,153589.0,98703.711
000639,2025-11-27,3.32,0.021537999999999998,522210.44,172895.093
000650,2025-11-27,5.97,-0.005,155815.11,92919.369
000651,2025-11-27,40.33,0.0,295930.24,1191840.275
000652,2025-11-27,4.41,-0.039216,870363.8,387911.858
000655,2025-11-27,9.11,0.009978,63044.5,57564.329
000656,2025-11-27,1.45,0.0069440000000000005,637033.91,91977.991
000657,2025-11-27,21.4,-0.028597,585349.55,1280470.819
000659,2025-11-27,2.9,0.050725,907396.1,264740.546
000661,2025-11-27,99.66,0.0010040000000000001,39347.17,392144.015
000663,2025-11-27,8.41,-0.064516,462465.91,397181.571
000665,2025-11-27,5.88,-0.008432,237814.15,140522.9
000668,2025-11-27,11.89,-0.0058530000000000006,32522.66,39004.335
000669,2025-11-27,3.08,0.051195000000000004,104227.2,31470.526
000670,2025-11-27,7.56,-0.011765000000000001,175621.0,134143.539
000672,2025-11-27,10.45,0.003842,83788.5,87725.56
000676,2025-11-27,9.22,-0.030494,602673.26,561763.581
000677,2025-11-27,4.35,-0.004577,96643.14,42201.391
000678,2025-11-27,13.42,-0.02329,392453.17,530157.361
000679,2025-11-27,8.39,-0.009445,42907.0,36305.992
000680,2025-11-27,10.33,-0.02178,209555.21,217144.07
000681,2025-11-27,23.55,-0.031661,764545.45,1831075.225
000682,2025-11-27,11.51,-0.003463,125424.15,145191.825
000683,2025-11-27,7.15,0.034732,488154.62,346834.526
000685,2025-11-27,12.73,0.055556,666534.08,835429.193
000686,2025-11-27,9.04,0.0011070000000000001,534350.06,487183.232
000688,2025-11-27,24.16,-0.037834,350328.31,862186.24
000690,2025-11-27,4.37,-0.004556,245526.86,107561.696
000691,2025-11-27,9.47,0.049889,10157.5,9619.153
000692,2025-11-27,3.68,-0.00271,112954.0,41592.957
000695,2025-11-27,17.5,0.031232000000000003,448278.0,782646.152
000698,2025-11-27,3.75,0.0,54949.74,20617.746
000700,2025-11-27,10.39,0.010700000000000001,441827.49,453929.237
000701,2025-11-27,7.11,-0.036585,977836.76,692715.558
000702,2025-11-27,7.09,0.008535000000000001,54720.0,38722.841
000703,2025-11-27,6.97,0.023495,201855.25,139655.456
000705,2025-11-27,9.49,-0.010428,83168.02,79086.505
000707,2025-11-27,6.39,0.012678,95718.0,61001.648
000708,2025-11-27,14.94,0.004032,98687.02,147658.168
000709,2025-11-27,2.28,-0.008696,623935.0,142679.447
000710,2025-11-27,12.08,-0.00821,68519.42,82974.138
000711,2025-11-27,1.75,0.0057469999999999995,438112.94,77078.413
000712,2025-11-27,12.87,-0.00771,132506.62,170823.032
000713,2025-11-27,6.85,-0.0029110000000000004,82605.9,56670.191
000715,2025-11-27,6.29,-0.032307999999999996,349523.91,221186.197
000716,2025-11-27,6.08,-0.012987,178818.0,109146.916
000717,2025-11-27,2.56,-0.003891,200533.54,51329.464
000718,2025-11-27,2.46,-0.008065,438465.64,108196.736
000719,2025-11-27,12.03,-0.004139,34614.57,41749.174
000720,2025-11-27,3.43,-0.0029070000000000003,122801.0,42355.415
000721,2025-11-27,9.4,0.070615,875758.19,830534.278
000722,2025-11-27,12.37,0.002431,67880.0,84270.489
000723,2025-11-27,4.95,-0.021739,833652.86,415597.827
000725,2025-11-27,3.84,-0.005181,2477697.57,953888.296
000726,2025-11-27,7.07,0.007123000000000001,75409.85,53298.2
000727,2025-11-27,2.61,-0.015094000000000002,547967.64,144478.756
000728,2025-11-27,8.2,0.0036720000000000004,216450.22,177929.008
000729,2025-11-27,12.04,0.003333,103431.94,124774.452
000731,2025-11-27,6.69,0.001497,64710.91,43375.419
000733,2025-11-27,46.52,-0.008102,77504.44,362854.188
000735,2025-11-27,8.38,-0.065775,1061573.18,903573.893
000736,2025-11-27,5.9,-0.003378,134328.92,78638.76
000737,2025-11-27,14.01,-0.000713,423897.2,599928.533
000738,2025-11-27,18.77,-0.002657,59246.0,111389.615
000739,2025-11-27,16.02,-0.004351,66420.39,106340.055
000750,2025-11-27,4.2,-0.002375,332977.5,140682.197
000751,2025-11-27,3.88,-0.002571,436254.54,170431.794
000752,2025-11-27,11.77,-0.014237999999999999,33792.0,40159.478
000753,2025-11-27,7.82,-0.0225,437124.36,345173.319
000755,2025-11-27,5.29,-0.003766,64577.0,34275.722
000756,2025-11-27,18.07,-0.0044080000000000005,573253.29,1026843.033
000757,2025-11-27,5.05,0.005976,131623.0,66527.642
000758,2025-11-27,5.93,0.001689,236602.4,141087.803
000759,2025-11-27,7.4,-0.054917,919487.0,697098.303
000761,2025-11-27,3.28,-0.012048000000000001,116991.01,38636.223
000762,2025-11-27,26.82,-0.002232,198937.22,536531.569
000766,2025-11-27,27.71,0.006173,137542.27,379687.52
000767,2025-11-27,2.81,0.0035709999999999995,256423.9,72150.985
000768,2025-11-27,24.2,-0.005752,153231.51,370850.097
000776,2025-11-27,21.08,-0.000474,296802.4,628816.908
000777,2025-11-27,20.31,0.004948,122919.16,251126.152
000778,2025-11-27,3.92,-0.002545,339325.25,133256.523
000779,2025-11-27,8.69,-0.011377,33528.1,29232.227
000782,2025-11-27,5.29,0.019268,136096.46,71865.576
000783,2025-11-27,7.87,0.0012720000000000001,649707.02,514079.379
000785,2025-11-27,3.04,-0.022508,2570340.88,799194.779
000786,2025-11-27,25.13,0.02196,272145.42,682317.79
000788,2025-11-27,7.37,0.009589,1668083.25,1178714.538
000789,2025-11-27,5.54,0.005445,30482.0,16856.091
000790,2025-11-27,4.23,0.007143,150307.33,63073.207
000791,2025-11-27,6.54,0.003067,120015.61,78494.609
000792,2025-11-27,26.23,-0.009815,699036.7,1844550.619
000793,2025-11-27,2.92,0.0034360000000000003,182343.72,52955.383
000795,2025-11-27,9.9,-0.0070209999999999995,96940.77,96371.175
000796,2025-11-27,6.68,-0.020528,938476.89,631557.673
000797,2025-11-27,3.38,-0.017442,1562981.21,531519.191
000798,2025-11-27,12.11,-0.099628,841673.67,1026991.196
000799,2025-11-27,58.09,-0.003431,70254.94,408097.897
000800,2025-11-27,7.05,-0.001416,136773.84,96591.895
000801,2025-11-27,16.37,0.062987,855359.68,1402288.381
000802,2025-11-27,4.59,-0.010775999999999999,105499.0,48501.975
000803,2025-11-27,6.8,-0.0014680000000000001,88397.0,60245.061
000807,2025-11-27,24.44,0.020459,568854.03,1403180.153
000809,2025-11-27,3.35,0.009035999999999999,190611.0,63794.115
000810,2025-11-27,12.42,0.043697,275467.19,340170.806
000811,2025-11-27,13.33,-0.008922,128677.68,173399.027
000812,2025-11-27,4.77,0.014894000000000001,255354.08,121815.696
000813,2025-11-27,4.11,-0.009639,310158.01,127684.411
000815,2025-11-27,11.85,-0.010851,81208.0,96824.754
000816,2025-11-27,3.49,-0.005698,371540.11,129738.09
000818,2025-11-27,20.13,-0.0029720000000000002,82756.5,167158.563
000819,2025-11-27,17.17,-0.008088,47938.28,82814.499
000820,2025-11-27,3.48,0.038806,170992.77,57641.131
000821,2025-11-27,12.69,0.009547,149867.08,192234.052
000822,2025-11-27,5.53,0.022181000000000003,141452.01,77843.832
000823,2025-11-27,12.39,0.026511999999999997,171747.98,213136.017
000825,2025-11-27,3.97,0.005063,249474.54,99026.898
000826,2025-11-27,2.31,0.004348,468461.93,108248.423
000828,2025-11-27,11.15,0.0,35421.0,39551.418
000829,2025-11-27,10.47,0.011594,211917.67,221479.264
000830,2025-11-27,14.75,0.036543,328142.91,479632.203
000831,2025-11-27,46.02,-0.007762,220725.19,1026440.931
000833,2025-11-27,19.31,-0.019797,367728.1,716670.188
000837,2025-11-27,12.17,0.0008219999999999999,92009.65,112224.091
000838,2025-11-27,3.44,0.0029149999999999996,1009048.56,345355.773
000839,2025-11-27,2.82,0.007143,404138.83,113062.178
000848,2025-11-27,8.44,-0.005889,72017.0,61043.981
000850,2025-11-27,4.57,0.006608,84467.5,38560.571
000852,2025-11-27,7.0,-0.005682,130581.9,91672.062
000856,2025-11-27,11.02,0.010082,43190.0,47481.242
000858,2025-11-27,117.94,-0.002706,92156.51,1087246.956
000859,2025-11-27,8.47,-0.099894,2005065.59,1722246.808
000860,2025-11-27,15.25,-0.001963,39327.81,60096.174
000862,2025-11-27,5.66,0.010714,117240.21,66389.796
000863,2025-11-27,5.0,0.0,274781.0,138327.934
000868,2025-11-27,5.1,0.0,68477.5,34959.463
000869,2025-11-27,21.14,0.009069,9837.51,20743.838
000875,2025-11-27,5.5,-0.014336999999999999,266449.03,147879.764
000876,2025-11-27,9.37,-0.004251,194443.9,182587.798
000877,2025-11-27,5.75,-0.012027000000000001,121322.56,69887.333
000878,2025-11-27,16.34,0.000612,362084.89,599206.334
000880,2025-11-27,26.49,-0.004884,83153.09,222252.573
000881,2025-11-27,8.91,0.059453,820844.0,720412.431
000882,2025-11-27,2.03,-0.009756,1591253.76,327259.445
000883,2025-11-27,4.61,0.002174,163654.0,75574.508
000885,2025-11-27,13.73,-0.001455,24810.0,34139.923
000886,2025-11-27,7.19,-0.030997,430882.0,313190.284
000887,2025-11-27,20.68,-0.010526,190018.79,397577.402
000888,2025-11-27,12.82,-0.003885,118098.0,152443.705
000889,2025-11-27,3.81,-0.015504,155910.61,59840.717
000890,2025-11-27,4.4,0.009174,86845.01,38195.238
000892,2025-11-27,8.78,-0.099487,643642.0,567535.889
000893,2025-11-27,43.71,0.032845,105791.57,462481.887
000895,2025-11-27,27.1,0.006313,90242.86,244519.26
000897,2025-11-27,2.46,0.004082,518198.0,127731.685
000898,2025-11-27,2.5,-0.007937,313998.0,78768.593
000899,2025-11-27,9.93,0.018462,104071.36,103417.038
000900,2025-11-27,4.23,0.0,82041.89,34727.513
000901,2025-11-27,17.97,-0.012095,389420.98,700189.314
000902,2025-11-27,15.39,0.001953,90759.0,139492.728
000903,2025-11-27,2.87,-0.010345,198096.39,57084.189
000905,2025-11-27,10.19,-0.023946000000000002,205882.93,211155.408
000906,2025-11-27,6.07,0.023609,117206.73,70968.373
000908,2025-11-27,9.23,0.012060999999999999,204842.69,189442.934
000909,2025-11-27,5.8,0.001727,9181.0,5287.556
000910,2025-11-27,7.48,0.004027,38648.06,28881.649
000911,2025-11-27,8.05,0.011307000000000001,64456.01,51550.288
000912,2025-11-27,4.37,-0.004556,108661.0,47649.312
000913,2025-11-27,15.91,0.04123,122914.66,198074.223
000915,2025-11-27,34.48,-0.00029,20387.6,70377.79
000917,2025-11-27,8.57,0.002339,342036.1,294994.441
000919,2025-11-27,7.2,0.001391,76393.0,54715.624
000920,2025-11-27,12.13,-0.007365,51749.01,63376.841
000921,2025-11-27,26.59,0.002262,49947.31,132630.268
000922,2025-11-27,12.19,-0.010551999999999999,104627.56,129039.882
000923,2025-11-27,17.56,0.004577,68222.73,120788.12
000925,2025-11-27,8.3,-0.002404,136284.8,113140.311
000926,2025-11-27,2.52,-0.011765000000000001,375426.43,95299.712
000927,2025-11-27,2.62,0.0038309999999999998,724375.0,190868.785
000928,2025-11-27,6.36,-0.043609,583344.99,373431.601
000929,2025-11-27,8.38,-0.001192,12660.06,10633.06
000930,2025-11-27,5.77,-0.008591,118406.05,68649.354
000931,2025-11-27,5.16,-0.003861,63853.7,32880.069
000932,2025-11-27,5.58,-0.007117,549991.7,308109.591
000933,2025-11-27,24.1,0.006683,318977.74,779053.311
000935,2025-11-27,22.69,-0.004388,134980.69,308321.808
000936,2025-11-27,7.18,0.002793,97541.69,70395.915
000937,2025-11-27,5.85,-0.001706,111797.25,65459.728
000938,2025-11-27,24.8,-0.007206000000000001,374427.78,937857.244
000948,2025-11-27,17.43,-0.007403,28645.77,50166.936
000949,2025-11-27,4.58,0.029213,536365.6,243996.157
000950,2025-11-27,5.26,-0.005671000000000001,155096.4,81562.569
000951,2025-11-27,16.34,-0.013285,151914.78,249157.664
000952,2025-11-27,10.42,0.100317,1168894.45,1185582.585
000953,2025-11-27,7.98,0.002513,247537.0,194238.716
000955,2025-11-27,6.73,-0.048091,624908.5,422604.996
000957,2025-11-27,10.75,-0.0018570000000000001,81024.08,87303.726
000958,2025-11-27,7.07,0.024638,1012760.05,722531.339
000959,2025-11-27,4.06,-0.009756,333662.77,136110.534
000960,2025-11-27,23.94,0.037261999999999997,553390.63,1337436.463
000962,2025-11-27,26.12,-0.026463,146045.75,388495.809
000963,2025-11-27,41.3,-0.003619,59798.25,247004.757
000965,2025-11-27,4.46,0.059382000000000004,1498121.62,669698.092
000966,2025-11-27,4.24,-0.002353,119195.21,50704.304
000967,2025-11-27,6.38,0.00157,103842.02,66565.848
000968,2025-11-27,6.86,0.004392,101157.0,69448.224
000969,2025-11-27,18.01,-0.00826,388806.83,706459.159
000970,2025-11-27,12.47,-0.005582,79626.3,99971.465
000972,2025-11-27,3.79,-0.020672000000000003,83971.0,31913.342
000973,2025-11-27,12.7,0.007937,1008961.24,1305064.273
000975,2025-11-27,20.94,0.013062,268164.27,559161.171
000977,2025-11-27,62.05,-0.023757,636623.68,3996779.447
000978,2025-11-27,6.68,0.007541,74408.0,49584.059
000980,2025-11-27,3.58,0.022857,2068345.05,736317.791
000981,2025-11-27,3.25,-0.015152,2634868.05,862189.522
000983,2025-11-27,6.73,0.001488,306175.37,205213.961
000985,2025-11-27,19.17,0.004190999999999999,22941.0,43949.526
000987,2025-11-27,7.23,-0.0027589999999999997,219023.57,159121.696
000988,2025-11-27,72.91,0.007044,589690.67,4372482.548
000989,2025-11-27,9.4,-0.007391999999999999,71840.0,67638.312
000990,2025-11-27,7.5,0.006711,88745.33,66623.598
000993,2025-11-27,11.65,0.0025819999999999997,153759.43,179514.717
000995,2025-11-27,12.56,-0.005542,37939.01,47815.276
000997,2025-11-27,25.64,-0.019503,94946.32,245888.124
000998,2025-11-27,9.66,-0.002066,102626.79,99112.641
000999,2025-11-27,28.32,-0.009444000000000001,91955.04,261299.702
001201,2025-11-27,15.27,0.003945000000000001,17906.68,27299.691
001202,2025-11-27,15.23,0.003294,17191.06,26205.1
001203,2025-11-27,28.61,-0.001047,493218.92,1411736.18
001205,2025-11-27,17.18,-0.006936,27408.8,47134.445
001206,2025-11-27,30.46,-0.014239,58364.24,181961.836
001207,2025-11-27,22.88,0.026469,41497.0,95125.359
001208,2025-11-27,11.27,0.009857,68554.0,77275.888
001209,2025-11-27,20.82,0.01068,34879.65,72480.882
001210,2025-11-27,17.51,0.061856,47072.06,81368.776
001211,2025-11-27,26.4,0.015385,12769.0,33576.762
001212,2025-11-27,43.18,0.0041860000000000005,41390.9,181703.402
001213,2025-11-27,4.07,-0.002451,101323.99,41306.22
001215,2025-11-27,36.34,-0.009809,18346.0,67251.675
001216,2025-11-27,16.9,0.010161,182159.0,304959.475
001217,2025-11-27,13.94,-0.000717,49535.0,69241.198
001218,2025-11-27,22.56,0.013933,10065.0,22698.411
001219,2025-11-27,14.83,0.00135,44374.44,65714.82
001221,2025-11-27,58.32,-0.012697,13188.27,77508.256
001222,2025-11-27,25.8,0.027479,84523.12,217433.918
001223,2025-11-27,52.94,0.019057,8388.2,44605.932
001225,2025-11-27,54.55,0.025183,9984.0,54322.43
001226,2025-11-27,39.33,-0.002283,11793.0,46689.558
001227,2025-11-27,2.37,0.0,441994.9,104725.625
001228,2025-11-27,27.06,0.019593,17019.1,45816.622
001229,2025-11-27,39.44,0.003562,52766.5,204350.187
001230,2025-11-27,22.26,0.017367,11221.6,24909.012
001231,2025-11-27,22.66,0.009804,22769.25,51610.71
001233,2025-11-27,74.37,-0.070375,115806.63,884367.885
001234,2025-11-27,27.84,-0.05563100000000001,63917.02,178825.541
001236,2025-11-27,10.13,0.00297,56237.0,57073.011
001238,2025-11-27,50.44,0.008397,3815.26,19309.962
001239,2025-11-27,15.92,0.010152000000000001,20301.0,32369.317
001255,2025-11-27,30.64,0.010887,10981.0,33669.242
001256,2025-11-27,21.5,0.00797,6008.0,12894.872
001258,2025-11-27,7.54,0.001328,92262.82,70081.536
001259,2025-11-27,30.24,0.019211,11206.0,33747.008
001260,2025-11-27,20.0,0.0,22175.0,44280.15
001266,2025-11-27,31.7,-0.048619,53584.1,173220.241
001267,2025-11-27,18.69,0.011364,668637.29,1279918.643
001268,2025-11-27,35.25,0.022035,49497.0,177201.943
001269,2025-11-27,26.53,0.032698,49328.5,131401.844
001270,2025-11-27,43.14,0.007944,20421.82,87939.759
001277,2025-11-27,38.54,0.017423,13481.05,51610.313
001278,2025-11-27,19.59,0.056634000000000004,46364.0,89303.089
001279,2025-11-27,36.2,0.017712000000000002,13091.07,47521.496
001282,2025-11-27,20.76,0.011696,27269.84,56431.536
001283,2025-11-27,69.2,0.047850000000000004,42258.19,290460.933
001285,2025-11-27,49.8,0.003021,14475.03,72220.19
001286,2025-11-27,9.84,0.014433,152139.86,149218.254
001287,2025-11-27,21.95,0.002741,178137.4,395152.78
001288,2025-11-27,29.49,-0.029934,27590.04,82332.805
001289,2025-11-27,16.06,-0.009254,37464.25,60388.976
001296,2025-11-27,26.54,-0.055515999999999996,241830.43,635989.438
001298,2025-11-27,30.71,0.010197000000000001,103825.16,320741.047
001299,2025-11-27,12.15,-0.05521,276472.79,334103.698
001300,2025-11-27,14.88,-0.029987,50809.0,76831.247
001301,2025-11-27,83.33,-0.00632,56355.0,472448.053
001306,2025-11-27,82.74,0.004736000000000001,6182.0,51019.083
001308,2025-11-27,21.73,0.0050880000000000005,15412.24,33554.431
001309,2025-11-27,214.18,-0.014584999999999999,118768.8,2586914.953
001311,2025-11-27,25.57,0.013475999999999998,43949.55,113126.639
001313,2025-11-27,7.76,-0.020202,123975.08,96959.929
001314,2025-11-27,45.97,0.011441,22244.0,102143.682
001316,2025-11-27,33.84,0.007143,8446.2,28747.241
001317,2025-11-27,41.14,-0.003391,15442.03,63748.356
001318,2025-11-27,14.52,0.013966000000000001,42386.0,61341.423
001319,2025-11-27,25.49,-0.000392,14957.0,38233.399
001322,2025-11-27,8.73,-0.005695,47883.0,42004.659
001323,2025-11-27,26.83,0.004493,9110.2,24449.992
001324,2025-11-27,19.32,0.028206000000000002,26582.0,50681.296
001326,2025-11-27,43.76,-0.010403,9649.9,42629.671
001328,2025-11-27,35.53,0.008229,7675.78,27386.908
001330,2025-11-27,6.87,-0.011511,490090.0,336155.179
001331,2025-11-27,13.53,0.00148,27056.34,36725.022
001332,2025-11-27,52.06,0.006769,14114.75,74233.621
001333,2025-11-27,23.16,0.014899,8525.0,19762.549
001335,2025-11-27,41.03,0.062127999999999996,42135.3,171180.692
001336,2025-11-27,25.5,0.02492,11699.88,29554.728
001337,2025-11-27,28.64,0.057607,269343.05,760223.589
001338,2025-11-27,11.79,0.010283,49396.25,58088.83
001339,2025-11-27,52.44,-0.019996,35984.0,190711.909
001356,2025-11-27,13.46,0.0007430000000000001,15653.0,21087.927
001358,2025-11-27,26.82,0.00865,6366.02,17064.885
001359,2025-11-27,56.4,0.023222,42019.49,239688.54
001360,2025-11-27,16.83,0.057824999999999994,212975.61,361112.888
001366,2025-11-27,13.9,0.001441,30996.0,42782.681
001367,2025-11-27,23.12,0.012702999999999999,7844.59,18021.872
001368,2025-11-27,26.64,0.019908,45763.0,121826.55
001373,2025-11-27,32.3,0.030303,16853.05,53726.594
001376,2025-11-27,12.67,0.001581,39324.0,49894.568
001378,2025-11-27,22.61,0.008924999999999999,9077.67,20512.294
001379,2025-11-27,21.73,0.012582,40676.77,88348.313
001380,2025-11-27,24.11,0.002078,30590.61,73449.09
001382,2025-11-27,20.03,-0.002987,18511.2,37250.784
001386,2025-11-27,22.73,0.006643,60460.06,137544.274
001387,2025-11-27,16.52,0.09986700000000001,258710.22,421509.573
001388,2025-11-27,42.48,0.0,4609.25,19643.22
001389,2025-11-27,68.29,-0.004374,41160.3,284718.247
001390,2025-11-27,27.96,-0.051239,107789.74,304243.771
001391,2025-11-27,6.28,0.0,94661.53,59466.069
001395,2025-11-27,44.57,0.01758,6776.0,30117.003
001400,2025-11-27,60.03,0.001334,2720.02,16350.703
001696,2025-11-27,22.22,0.02114,304293.53,680249.656
001872,2025-11-27,19.79,0.003041,19308.08,38213.379
001896,2025-11-27,5.5,0.007326,153273.88,84461.072
001914,2025-11-27,11.07,-0.008065,74647.3,82787.166
001965,2025-11-27,10.11,0.0,118699.92,119713.8
001979,2025-11-27,9.51,0.007415000000000001,811487.82,762186.492
002001,2025-11-27,24.2,0.010860000000000002,143320.84,346578.673
002003,2025-11-27,10.79,-0.002773,115817.85,124406.552
002004,2025-11-27,4.78,-0.002088,208024.76,99855.004
002005,2025-11-27,2.69,-0.046098999999999994,300681.0,81073.467
002006,2025-11-27,19.63,-0.015053,137605.55,272209.437
002007,2025-11-27,15.61,0.0006410000000000001,119046.82,185863.908
002008,2025-11-27,36.18,-0.011474999999999999,171277.1,628769.493
002009,2025-11-27,16.3,0.00246,115752.0,189536.788
002010,2025-11-27,5.69,-0.003503,204634.66,116981.595
002011,2025-11-27,12.52,-0.000798,92120.01,116184.51
002012,2025-11-27,6.32,0.042904,353861.94,220089.083
002014,2025-11-27,11.32,0.007117,18918.13,21348.09
002015,2025-11-27,9.96,0.0,112104.08,112259.816
002016,2025-11-27,6.18,0.001621,102087.0,63062.003
002017,2025-11-27,21.15,-0.010295,91701.1,195640.245
002019,2025-11-27,12.26,0.0008160000000000001,57017.02,69883.367
002020,2025-11-27,19.84,-0.059716,281160.07,567809.179
002021,2025-11-27,2.58,-0.007692,205091.27,53140.319
002022,2025-11-27,6.71,0.00299,49851.0,33327.068
002023,2025-11-27,11.75,0.008584000000000001,110166.91,129788.83
002024,2025-11-27,1.7,-0.011628000000000001,198073.45,33864.164
002025,2025-11-27,40.46,-0.017484,64223.66,261383.316
002026,2025-11-27,13.56,-0.007320999999999999,78251.57,107073.308
002027,2025-11-27,7.33,0.005487,973004.76,710814.874
002028,2025-11-27,140.33,-0.004752,90341.02,1290829.044
002029,2025-11-27,10.72,-0.003717,824901.45,897177.51
002030,2025-11-27,6.6,-0.004525,130243.16,86111.726
002031,2025-11-27,7.17,-0.006925,269081.78,193835.508
002032,2025-11-27,50.56,0.007774,14010.25,70473.306
002033,2025-11-27,8.87,0.003394,73379.4,65215.038
002034,2025-11-27,16.5,-0.001211,17927.0,29586.516
002035,2025-11-27,6.22,0.00161,49751.39,30989.315
002036,2025-11-27,10.25,0.026025999999999997,611905.15,627910.508
002037,2025-11-27,9.65,-0.001035,38057.0,36841.349
002038,2025-11-27,7.97,0.0,318410.43,252831.646
002039,2025-11-27,18.07,0.019752000000000002,62419.88,112383.104
002040,2025-11-27,10.04,-0.005940999999999999,68540.0,69136.691
002041,2025-11-27,9.46,-0.009424,90054.9,85338.368
002042,2025-11-27,4.37,-0.013544,199581.0,87936.415
002043,2025-11-27,13.62,-0.015896,109888.5,149793.141
002044,2025-11-27,5.28,-0.01676,719753.35,381701.285
002045,2025-11-27,14.9,0.024759000000000003,338217.09,503637.666
002046,2025-11-27,30.46,-0.031479,242071.67,743622.49
002047,2025-11-27,3.73,0.030387,698785.74,261424.758
002048,2025-11-27,27.89,0.002156,131529.96,369006.8
002049,2025-11-27,75.02,-0.006358,143595.11,1085804.809
002050,2025-11-27,42.79,-0.009261,1614517.09,7003745.594
002051,2025-11-27,8.58,-0.040268,307233.02,265366.172
002052,2025-11-27,12.62,-0.015601,143861.0,183659.613
002053,2025-11-27,11.8,0.004255,69927.39,82967.751
002054,2025-11-27,7.71,0.013141,125911.0,97248.413
002055,2025-11-27,7.03,0.01443,161346.88,113751.799
002056,2025-11-27,18.68,-0.000535,174810.8,329514.045
002057,2025-11-27,9.92,0.00202,97545.9,97264.536
002058,2025-11-27,22.38,0.003138,19050.0,43040.361
002059,2025-11-27,5.78,-0.018675999999999998,499136.0,289682.18
002060,2025-11-27,3.74,-0.026042,347266.28,130682.466
002061,2025-11-27,4.04,-0.004926,140214.2,56826.593
002062,2025-11-27,9.72,0.002062,201835.9,195604.717
002063,2025-11-27,6.2,-0.018987,359726.32,225014.999
002064,2025-11-27,9.25,0.012035,280529.31,258754.309
002065,2025-11-27,10.12,-0.025048,818949.89,838096.333
002066,2025-11-27,16.0,-0.01599,44782.2,72692.748
002067,2025-11-27,5.69,0.032668,1482517.83,837889.752
002068,2025-11-27,9.42,-0.00528,88078.0,83364.105
002069,2025-11-27,4.16,-0.021176,560614.76,233669.256
002072,2025-11-27,7.21,0.002782,42812.0,31043.81
002073,2025-11-27,8.45,0.007150999999999999,298323.31,254432.717
002074,2025-11-27,38.5,0.004173,471197.95,1833385.711
002075,2025-11-27,6.03,0.02551,941505.6,566624.694
002076,2025-11-27,2.13,-0.004673,237140.0,50872.602
002077,2025-11-27,15.9,0.017274,379468.04,609161.139
002078,2025-11-27,15.03,0.038701,253936.76,378934.744
002079,2025-11-27,9.43,0.00426,102891.72,97473.961
002080,2025-11-27,32.38,-0.024992,410728.5,1378134.649
002081,2025-11-27,3.29,-0.0030299999999999997,132470.31,43604.364
002082,2025-11-27,13.2,0.009946,115004.02,154038.922
002083,2025-11-27,10.74,0.10041,2329396.36,2383555.539
002084,2025-11-27,4.57,0.038636,1060496.28,487155.448
002085,2025-11-27,15.97,0.013968000000000001,546359.32,879222.754
002086,2025-11-27,2.54,-0.015504,839628.0,214262.223
002088,2025-11-27,11.96,0.024849999999999997,98091.34,119306.135
002090,2025-11-27,10.86,0.0009220000000000001,70791.0,77562.402
002091,2025-11-27,9.06,0.005548999999999999,231103.75,210674.892
002092,2025-11-27,4.7,-0.0063419999999999995,290751.0,137211.585
002093,2025-11-27,12.65,0.03013,869959.26,1088306.865
002094,2025-11-27,7.38,-0.001353,94243.3,69700.953
002095,2025-11-27,20.54,0.00293,51264.67,105546.116
002096,2025-11-27,13.16,-0.009035999999999999,38204.0,50558.966
002097,2025-11-27,12.07,-0.005766,252525.56,307441.559
002098,2025-11-27,9.7,-0.014228000000000001,243987.58,237098.399
002099,2025-11-27,6.18,0.003247,89909.0,55562.862
002100,2025-11-27,7.17,0.004202,175916.26,126679.694
002101,2025-11-27,12.36,0.0,54921.0,68409.193
002102,2025-11-27,3.58,-0.013774,150899.0,54329.651
002103,2025-11-27,10.04,0.008032000000000001,194682.4,196787.312
002104,2025-11-27,18.44,-0.0037819999999999998,198367.0,368204.781
002105,2025-11-27,7.25,0.019691,134165.0,96887.028
002106,2025-11-27,10.68,0.022989000000000002,188726.98,203134.447
002107,2025-11-27,6.29,0.0064,62379.2,39049.58
002108,2025-11-27,4.63,0.006522,657281.27,304888.035
002109,2025-11-27,3.61,0.019774,206945.47,74558.651
002110,2025-11-27,4.22,-0.016316999999999998,163284.51,69211.824
002111,2025-11-27,10.11,0.047668,373453.89,387631.244
002112,2025-11-27,13.02,-0.0061070000000000004,111107.53,145887.708
002114,2025-11-27,8.75,-0.099794,596048.35,544709.963
002115,2025-11-27,10.53,-0.008475,427196.6,452093.072
002116,2025-11-27,10.99,0.00641,122874.0,133120.902
002117,2025-11-27,12.07,0.007513,94997.16,115577.605
002119,2025-11-27,16.05,0.005009,144186.25,233029.007
002120,2025-11-27,6.98,0.0,132719.79,92662.641
002121,2025-11-27,7.64,0.0,302978.11,234273.588
002122,2025-11-27,3.18,-0.009346,304370.32,97117.155
002123,2025-11-27,11.61,-0.011915,101315.26,118250.505
002124,2025-11-27,2.72,-0.003663,223942.0,60992.218
002125,2025-11-27,13.83,0.010965,223044.19,311576.4
002126,2025-11-27,34.75,0.007246,180522.09,622036.803
002127,2025-11-27,3.6,-0.013699,349835.03,126643.471
002128,2025-11-27,25.98,-0.018512,175827.72,464240.205
002129,2025-11-27,9.29,0.002157,898943.29,838974.379
002130,2025-11-27,24.78,0.0,405386.03,1016736.776
002131,2025-11-27,5.12,-0.024762,3091414.94,1599047.594
002132,2025-11-27,3.69,0.010959000000000002,297378.0,109645.445
002133,2025-11-27,3.41,0.008876,162003.23,54991.221
002134,2025-11-27,21.63,-0.018157,46780.0,102612.287
002135,2025-11-27,4.54,0.011136,177950.0,81464.0
002136,2025-11-27,12.42,0.014705999999999999,115014.0,142332.552
002137,2025-11-27,9.24,-0.014924999999999999,215557.0,200297.425
002138,2025-11-27,34.82,-0.014993000000000001,137681.26,486971.343
002139,2025-11-27,12.78,-0.007764,119422.99,154056.927
002140,2025-11-27,10.89,0.004613,51062.68,55782.381
002141,2025-11-27,4.37,0.03066,1029992.64,442869.786
002142,2025-11-27,28.53,-0.001749,213931.91,608408.848
002144,2025-11-27,13.15,0.012317,54349.0,71148.711
002145,2025-11-27,4.99,0.026749000000000002,668411.25,333952.502
002146,2025-11-27,1.62,-0.006135000000000001,1826207.64,295283.808
002148,2025-11-27,8.83,-0.003386,70121.97,62175.031
002149,2025-11-27,16.55,-0.006006,48775.14,81043.317
002150,2025-11-27,19.14,-0.003644,198860.22,387780.672
002151,2025-11-27,30.52,0.015641000000000002,136490.0,416538.639
002152,2025-11-27,12.23,0.006584,171519.89,210443.108
002153,2025-11-27,12.18,-0.099778,1138638.04,1411712.256
002154,2025-11-27,4.11,-0.012019,433091.0,179476.894
002155,2025-11-27,21.99,-0.009459,341410.34,753517.258
002156,2025-11-27,36.36,0.006366,515832.44,1901400.165
002157,2025-11-27,2.95,0.003401,669204.71,197268.531
002158,2025-11-27,22.11,0.002721,36476.0,81203.023
002159,2025-11-27,15.35,-0.001951,19201.0,29469.04
002160,2025-11-27,5.14,0.007843,732214.35,381137.276
002161,2025-11-27,7.33,0.0,81659.02,59991.807
002162,2025-11-27,5.1,0.055901,1548995.07,788630.493
002163,2025-11-27,13.45,-0.019679,531671.91,719531.527
002164,2025-11-27,13.22,-0.035036,223915.0,300098.196
002165,2025-11-27,8.09,0.020177,311406.34,251862.449
002166,2025-11-27,8.06,0.004988,54467.53,43865.027
002167,2025-11-27,11.96,-0.006645,130881.0,158132.09
002168,2025-11-27,3.9,-0.012658,27022.0,10609.815
002169,2025-11-27,7.85,0.008997,308093.11,243233.659
002170,2025-11-27,11.81,0.012864,368858.43,434139.002
002171,2025-11-27,11.35,-0.003512,590698.61,675477.402
002172,2025-11-27,4.25,0.007109,288656.0,122667.651
002173,2025-11-27,21.24,-0.010251999999999999,181534.01,387510.856
002174,2025-11-27,11.82,0.005102,222198.26,264890.384
002175,2025-11-27,4.99,0.0020080000000000002,1059925.73,527252.279
002176,2025-11-27,10.07,-0.01564,742098.87,753960.648
002177,2025-11-27,6.69,-0.010355000000000001,146982.43,99106.067
002178,2025-11-27,7.36,-0.053985000000000005,1303025.11,980334.656
002179,2025-11-27,33.93,-0.011075,147461.89,502313.911
002180,2025-11-27,18.57,0.003241,93627.74,174391.125
002181,2025-11-27,9.26,0.0,397768.1,369246.107
002182,2025-11-27,13.11,-0.0007620000000000001,120985.7,159798.018
002183,2025-11-27,4.76,-0.012447999999999999,310975.48,149217.619
002184,2025-11-27,13.44,0.0022370000000000003,64181.4,86738.196
002185,2025-11-27,10.87,0.011163000000000001,683090.15,749191.859
002186,2025-11-27,11.93,0.0,114590.01,137252.723
002187,2025-11-27,7.9,0.10027900000000001,252532.0,199444.567
002188,2025-11-27,6.14,0.0016309999999999999,75921.7,46504.056
002189,2025-11-27,23.01,-0.003896,27497.06,63522.001
002190,2025-11-27,39.27,-0.004058,65361.99,257590.27
002191,2025-11-27,4.23,-0.009368,111511.0,47339.545
002192,2025-11-27,53.12,-0.0026290000000000003,211039.36,1127485.516
002193,2025-11-27,5.99,0.0016719999999999999,80184.0,48222.063
002194,2025-11-27,12.06,0.002494,99380.73,120079.362
002195,2025-11-27,6.93,-0.007163,1078379.01,753850.263
002196,2025-11-27,13.63,-0.039464,883851.05,1215770.342
002197,2025-11-27,10.55,0.012476000000000001,114800.03,121393.704
002198,2025-11-27,7.51,0.0053549999999999995,228122.0,170492.841
002199,2025-11-27,9.44,-0.013584,25926.0,24716.518
002200,2025-11-27,7.91,-0.016169,11956.0,9535.363
002201,2025-11-27,7.89,-0.010038,106863.97,84947.539
002202,2025-11-27,15.19,-0.013635999999999999,657346.67,1005830.896
002203,2025-11-27,12.53,0.004812,226036.87,284072.729
002204,2025-11-27,6.52,0.006173,359836.1,236725.177
002205,2025-11-27,14.6,-0.08977600000000001,254157.67,373821.514
002206,2025-11-27,5.54,0.003623,106881.5,59440.173
002207,2025-11-27,7.97,-0.009938,157719.0,125354.754
002208,2025-11-27,10.66,-0.000937,556470.6,601092.585
002209,2025-11-27,15.22,0.031863999999999996,131578.9,200799.845
002210,2025-11-27,3.74,-0.031088,958699.42,363910.687
002211,2025-11-27,3.58,-0.005556,73995.0,26464.751
002212,2025-11-27,8.9,-0.015486999999999999,219701.0,197686.722
002213,2025-11-27,26.68,-0.034033,472445.4,1286019.976
002214,2025-11-27,15.48,-0.017143,26779.4,41763.19
002215,2025-11-27,10.77,0.0,172747.6,187059.715
002216,2025-11-27,11.5,0.0017419999999999998,49627.35,57099.704
002217,2025-11-27,3.11,-0.009554,776510.0,243645.041
002218,2025-11-27,3.87,-0.005141,508298.1,197372.521
002219,2025-11-27,2.29,-0.004348,551629.7,126565.107
002221,2025-11-27,7.94,0.001261,64700.18,51502.165
002222,2025-11-27,49.71,0.023471000000000002,401050.74,1994158.34
002223,2025-11-27,35.7,-0.006678,57394.06,205057.966
002224,2025-11-27,4.41,0.002273,102138.0,45176.05
002225,2025-11-27,5.86,-0.0050929999999999994,499253.38,295634.58
002226,2025-11-27,6.13,-0.00487,118849.79,73227.908
002227,2025-11-27,12.87,0.0039000000000000003,47721.0,61570.711
002228,2025-11-27,4.15,-0.021226,1033901.63,428627.355
002229,2025-11-27,16.03,0.028883000000000002,306212.91,489648.229
002230,2025-11-27,49.37,-0.012995000000000001,287799.29,1435825.349
002231,2025-11-27,3.03,-0.022581000000000004,91753.0,28052.382
002232,2025-11-27,18.57,-0.012759,51198.03,95710.799
002233,2025-11-27,8.48,0.004739,60179.52,51181.08
002234,2025-11-27,9.19,0.014349,62651.0,57934.498
002235,2025-11-27,9.42,0.100467,1389700.88,1249974.541
002236,2025-11-27,18.84,-0.00106,234977.38,444802.482
002237,2025-11-27,12.8,0.006289,162412.39,207904.31
002238,2025-11-27,8.4,-0.004739,57446.49,48197.27
002239,2025-11-27,3.0,-0.006623,449264.51,135484.502
002240,2025-11-27,32.9,-0.014675,762006.07,2518224.241
002241,2025-11-27,29.17,-0.0057940000000000005,827267.07,2440639.87
002242,2025-11-27,10.45,0.014563,125354.32,131000.004
002243,2025-11-27,9.77,0.017707999999999998,399460.74,389751.214
002244,2025-11-27,10.19,0.011917,446195.82,452115.813
002245,2025-11-27,16.11,0.003738,294198.26,477423.802
002246,2025-11-27,17.29,-0.036768999999999996,294298.48,513018.367
002247,2025-11-27,3.0,0.0,172767.0,51889.526
002248,2025-11-27,11.25,-0.003543,93094.0,105286.926
002249,2025-11-27,11.18,0.012681,2348279.29,2606703.859
002250,2025-11-27,12.5,0.037344,702496.06,871369.843
002251,2025-11-27,5.43,-0.033808,1913348.2,1055688.834
002252,2025-11-27,6.6,-0.003021,177474.66,117417.33
002253,2025-11-27,9.51,-0.00523,29173.65,27745.95
002254,2025-11-27,9.65,0.001037,72758.44,70373.596
002255,2025-11-27,12.52,-0.020344,1018347.09,1307075.132
002256,2025-11-27,3.46,0.011696,1016349.0,354509.855
002258,2025-11-27,12.86,0.011006,100484.86,129096.479
002259,2025-11-27,3.93,-0.0025380000000000003,93110.05,36852.556
002261,2025-11-27,31.45,-0.014107000000000001,357953.64,1137235.865
002262,2025-11-27,24.48,-0.002038,52519.0,128207.252
002263,2025-11-27,3.39,-0.0029409999999999996,348470.3,118583.729
002264,2025-11-27,10.59,-0.018536,2837397.76,3304508.625
002265,2025-11-27,26.71,-0.008169,80582.2,216536.062
002266,2025-11-27,4.0,-0.004975,512536.47,206063.49
002267,2025-11-27,7.94,0.001261,52011.82,41309.739
002268,2025-11-27,17.02,-0.021839,71308.36,122655.888
002269,2025-11-27,2.07,-0.018956999999999998,1129532.0,236632.974
002270,2025-11-27,24.2,0.00207,68519.05,167993.355
002271,2025-11-27,12.55,-0.002385,569547.57,701678.178
002272,2025-11-27,13.94,-0.007123000000000001,102497.1,144346.761
002273,2025-11-27,23.68,-0.016611,253130.58,608015.81
002274,2025-11-27,6.18,0.004878,83275.12,51454.072
002275,2025-11-27,15.18,-0.0026279999999999997,27749.54,41994.356
002276,2025-11-27,15.45,-0.006431,207733.92,324151.063
002277,2025-11-27,6.39,-0.018432999999999998,237971.21,153484.156
002278,2025-11-27,11.13,-0.00625,130539.44,145921.37
002279,2025-11-27,8.98,-0.054737,1766056.32,1614471.878
002281,2025-11-27,60.96,0.011281000000000001,390455.15,2392072.21
002282,2025-11-27,7.38,0.010959000000000002,40416.81,29813.251
002283,2025-11-27,6.03,-0.001656,59608.07,36097.546
002284,2025-11-27,12.05,0.009213,83071.0,100565.515
002285,2025-11-27,2.75,-0.035088,1864089.7,516468.508
002286,2025-11-27,8.98,0.005599,96894.0,86967.718
002287,2025-11-27,24.78,0.000808,14976.93,37131.495
002289,2025-11-27,35.21,-0.030028000000000003,17331.0,61589.772
002290,2025-11-27,37.78,-0.009699,36537.0,138453.031
002291,2025-11-27,7.74,-0.082938,2952984.06,2454445.352
002292,2025-11-27,9.06,-0.013071999999999999,381430.04,349897.361
002293,2025-11-27,9.53,0.002103,49375.0,47150.204
002294,2025-11-27,61.77,-0.011047,37222.54,231744.241
002295,2025-11-27,11.32,-0.000883,49731.33,56514.552
002296,2025-11-27,10.64,0.014299,93351.97,99877.685
002297,2025-11-27,8.99,0.011249,152146.28,136359.871
002298,2025-11-27,11.05,-0.022989000000000002,521584.86,581067.915
002299,2025-11-27,16.16,0.009368999999999999,83484.21,135124.587
002300,2025-11-27,6.79,-0.010204,205790.75,140807.485
002301,2025-11-27,7.86,0.024772,812394.92,644338.935
002302,2025-11-27,6.32,-0.035115,223919.88,142965.838
002303,2025-11-27,4.13,0.002427,83471.71,34588.092
002304,2025-11-27,66.06,-0.00121,25041.0,165443.672
002305,2025-11-27,2.38,0.0,335630.0,80005.634
002306,2025-11-27,1.96,0.005128000000000001,297701.85,58143.187
002307,2025-11-27,5.33,-0.071429,2166043.1,1148018.539
002309,2025-11-27,3.16,-0.006289,338535.23,107118.311
002310,2025-11-27,2.36,-0.004219,304575.0,72221.534
002311,2025-11-27,55.7,-0.007483999999999999,61281.58,344342.615
002312,2025-11-27,11.76,-0.0033900000000000002,473195.79,560405.829
002313,2025-11-27,10.8,-0.027027000000000002,135737.01,147820.795
002314,2025-11-27,3.11,-0.003205,315016.96,97547.69
002315,2025-11-27,45.78,-0.036211,94520.5,440875.775
002316,2025-11-27,5.26,0.005736,110677.0,58447.059
002317,2025-11-27,26.61,0.043120000000000006,1526895.7,4017395.335
002318,2025-11-27,24.44,0.00040899999999999997,52344.24,128879.878
002319,2025-11-27,13.25,-0.010456,88985.01,119001.888
002320,2025-11-27,12.28,-0.025397,442667.38,548467.385
002321,2025-11-27,2.76,-0.017794,622258.0,173903.223
002322,2025-11-27,12.29,0.002447,21367.97,26312.586
002323,2025-11-27,1.74,-0.005714,495314.46,86262.928
002324,2025-11-27,12.53,0.00967,86519.28,109073.75
002326,2025-11-27,24.23,0.015082,1038505.99,2525675.227
002327,2025-11-27,7.3,0.0,56824.0,41661.004
002328,2025-11-27,6.52,0.020344,295751.56,194546.794
002329,2025-11-27,3.74,0.008086,169604.96,63485.927
002330,2025-11-27,5.27,0.011516,109145.03,57414.584
002331,2025-11-27,9.18,-0.030623,350407.4,325934.331
002332,2025-11-27,9.39,-0.002125,73394.34,68994.585
002333,2025-11-27,5.91,-0.006723,105070.0,61963.937
002334,2025-11-27,8.35,0.002401,91868.08,77070.338
002335,2025-11-27,52.04,-0.004971,182815.18,965628.472
002337,2025-11-27,6.24,0.041736,447671.41,277144.443
002338,2025-11-27,50.29,-0.006126,25973.98,131696.407
002339,2025-11-27,7.77,0.006477,135699.8,105619.577
002340,2025-11-27,7.47,-0.001337,1126801.56,851378.014
002342,2025-11-27,7.15,-0.0069440000000000005,167774.0,120543.944
002343,2025-11-27,8.27,0.001211,234533.4,195281.317
002344,2025-11-27,4.57,0.0,114180.81,52432.938
002345,2025-11-27,12.71,0.021703999999999998,158136.95,200694.23
002346,2025-11-27,16.82,0.005980999999999999,29151.6,49401.859
002347,2025-11-27,6.67,0.0045179999999999994,85497.0,57225.924
002349,2025-11-27,8.12,0.008696,201841.97,162965.916
002350,2025-11-27,8.26,0.0,142829.37,119764.466
002351,2025-11-27,12.63,-0.001581,90890.76,115323.71
002352,2025-11-27,38.79,-0.01172,256722.45,999368.4
002353,2025-11-27,51.3,-0.0025280000000000003,47973.86,248603.386
002354,2025-11-27,6.99,-0.014104,672194.87,474058.634
002355,2025-11-27,5.75,-0.012027000000000001,93113.0,53885.446
002356,2025-11-27,4.04,-0.024155000000000003,1281643.5,523868.141
002357,2025-11-27,10.0,-0.01088,61289.4,61215.475
002358,2025-11-27,5.25,0.0,184883.23,97631.545
002360,2025-11-27,5.22,0.015564,93781.0,48512.216
002361,2025-11-27,6.27,0.0,97531.0,61271.827
002362,2025-11-27,23.24,-0.011064000000000001,80392.53,187754.434
002363,2025-11-27,8.92,0.00791,108412.0,96703.851
002364,2025-11-27,23.53,-0.015068999999999999,190453.05,454040.431
002365,2025-11-27,16.29,0.0036969999999999998,44245.0,71873.163
002366,2025-11-27,7.17,-0.011033999999999999,340313.29,245733.023
002367,2025-11-27,7.2,0.011236,64672.03,46569.312
002368,2025-11-27,24.08,-0.006601,47093.46,114082.426
002369,2025-11-27,10.05,0.035015,839356.46,839600.737
002370,2025-11-27,7.69,0.009186,499992.86,381415.679
002371,2025-11-27,422.0,0.000688,64146.06,2732297.241
002372,2025-11-27,10.46,0.006737,91128.98,94806.713
002373,2025-11-27,11.42,-0.017212,402315.25,461779.402
002374,2025-11-27,3.28,-0.054755000000000005,888644.63,296756.348
002375,2025-11-27,3.93,-0.005063,101864.0,40128.057
002376,2025-11-27,7.42,-0.002688,68978.0,51400.383
002377,2025-11-27,3.12,0.0,126283.0,39454.131
002378,2025-11-27,12.23,-0.016881,359973.34,446522.003
002379,2025-11-27,20.6,0.044625000000000005,144998.6,297068.508
002380,2025-11-27,26.43,0.0015160000000000002,22823.0,60709.118
002381,2025-11-27,6.76,0.010463,47426.0,31854.519
002382,2025-11-27,5.75,0.024954999999999998,151093.99,86610.201
002383,2025-11-27,9.44,0.003188,126643.75,119061.144
002384,2025-11-27,73.58,-0.005676,586559.04,4398944.003
002385,2025-11-27,4.03,0.0,613389.81,247329.417
002386,2025-11-27,5.53,0.014679,266503.2,147521.862
002387,2025-11-27,8.97,0.017007,287620.46,259358.694
002388,2025-11-27,6.29,0.0064,141617.86,89715.859
002389,2025-11-27,21.92,-0.009937,176617.03,388351.384
002390,2025-11-27,3.76,-0.020833,396914.07,149384.928
002391,2025-11-27,6.03,0.006678,74027.0,44705.566
002392,2025-11-27,7.63,0.009259,232360.17,176971.206
002393,2025-11-27,20.52,-0.006294999999999999,16972.89,34839.628
002394,2025-11-27,12.49,0.007258,80483.0,100757.776
002395,2025-11-27,16.54,0.001817,23773.5,39388.9
002396,2025-11-27,26.51,0.0015110000000000002,216108.82,581015.062
002397,2025-11-27,4.16,-0.056688999999999996,608112.47,258019.021
002398,2025-11-27,6.17,-0.09927,1760338.22,1131625.471
002399,2025-11-27,11.69,-0.014334,30535.8,35872.484
002400,2025-11-27,9.32,-0.018947000000000002,2742644.25,2608946.035
002401,2025-11-27,16.48,-0.007229,26156.8,43222.905
002402,2025-11-27,48.5,0.019122,685131.13,3333619.438
002403,2025-11-27,12.93,0.0,23834.5,31011.113
002404,2025-11-27,6.83,-0.008708,242416.8,166619.882
002405,2025-11-27,8.41,-0.008255,200423.69,169675.298
002406,2025-11-27,7.52,0.001332,101701.3,76699.424
002407,2025-11-27,32.39,0.0,1574952.43,5184492.391
002408,2025-11-27,4.76,-0.004184,145133.2,68979.777
002409,2025-11-27,67.45,-0.009836000000000001,112978.29,775955.692
002410,2025-11-27,12.68,-0.0031450000000000002,324362.04,418248.283
002412,2025-11-27,6.87,-0.002903,117788.07,80387.257
002413,2025-11-27,6.96,-0.097276,5710208.88,4243936.642
002414,2025-11-27,12.03,-0.010690999999999999,305279.09,371002.494
002415,2025-11-27,29.73,-0.005686,297374.24,888837.157
002416,2025-11-27,11.79,-0.001693,99327.45,117323.296
002418,2025-11-27,4.68,-0.0063690000000000005,462062.0,218462.572
002419,2025-11-27,5.42,-0.001842,157068.0,85735.387
002420,2025-11-27,7.19,0.008415,76468.0,55137.626
002421,2025-11-27,2.95,-0.016667,564414.0,167045.429
002422,2025-11-27,34.46,-0.003758,66235.83,227945.708
002423,2025-11-27,11.49,-0.004333,115245.04,133074.23
002424,2025-11-27,5.7,-0.003497,126782.99,72136.846
002425,2025-11-27,4.08,0.014924999999999999,122460.0,50049.519
002426,2025-11-27,3.4,-0.011628000000000001,1139692.15,391935.855
002427,2025-11-27,6.39,-0.001563,76584.0,49069.973
002428,2025-11-27,26.01,0.039153,583745.01,1537217.678
002429,2025-11-27,6.45,0.010971999999999999,869643.34,564016.969
002430,2025-11-27,26.43,0.006856999999999999,76841.15,204293.322
002431,2025-11-27,2.61,-0.011364,440469.01,115625.506
002432,2025-11-27,41.38,-0.00048300000000000003,58120.89,241927.028
002434,2025-11-27,8.64,-0.004608,167148.82,146531.567
002436,2025-11-27,20.19,0.012538,772978.87,1569260.176
002437,2025-11-27,3.24,0.0,444682.0,143657.346
002438,2025-11-27,13.46,-0.002224,89945.24,121720.597
002439,2025-11-27,14.54,-0.012899,89555.05,131006.41
002440,2025-11-27,7.32,0.038298,371299.04,276340.723
002441,2025-11-27,9.16,0.006593,51606.56,47416.934
002442,2025-11-27,6.66,0.029366,164794.0,109045.91
002443,2025-11-27,7.79,-0.012674000000000001,76823.5,60235.494
002444,2025-11-27,30.12,-0.030888,123027.37,375771.522
002445,2025-11-27,2.52,-0.011765000000000001,337134.0,85714.243
002446,2025-11-27,8.29,0.002418,260664.21,216397.736
002448,2025-11-27,10.34,-0.005769,77421.5,80594.712
002449,2025-11-27,8.69,0.006952000000000001,87137.8,75866.583
002451,2025-11-27,11.03,0.01659,789066.34,849614.167
002452,2025-11-27,7.84,0.006418,133643.05,105291.033
002453,2025-11-27,7.6,-0.031847,862025.92,661163.078
002454,2025-11-27,8.46,0.005945000000000001,49131.0,41626.958
002455,2025-11-27,7.89,-0.005044,426906.14,336993.952
002456,2025-11-27,11.26,-0.015733999999999998,669397.2,759672.561
002457,2025-11-27,11.0,-0.003623,58717.2,64801.98
002458,2025-11-27,8.79,0.026869,191373.18,169201.188
002459,2025-11-27,12.08,0.003322,453490.05,549799.895
002460,2025-11-27,61.27,0.00229,536734.53,3321707.157
002461,2025-11-27,9.34,0.003222,64403.24,60433.438
002462,2025-11-27,15.42,0.0012989999999999998,70508.0,108586.383
002463,2025-11-27,70.13,-0.037073,1160969.52,8351561.254
002465,2025-11-27,11.91,0.002525,389231.04,463001.185
002466,2025-11-27,53.75,-0.00757,542838.77,2941230.827
002467,2025-11-27,6.4,-0.016897,469071.0,302346.92
002468,2025-11-27,14.33,-0.001394,78757.91,112950.952
002469,2025-11-27,8.19,0.001222,75928.0,62366.516
002470,2025-11-27,1.85,0.0,749806.08,138511.727
002471,2025-11-27,4.1,-0.0072640000000000005,241744.02,99804.218
002472,2025-11-27,39.66,-0.003518,140630.3,560546.625
002474,2025-11-27,11.11,-0.09967599999999999,1616523.7,1816767.229
002475,2025-11-27,56.96,-0.011111,1263804.24,7319810.271
002476,2025-11-27,6.23,-0.023511,435878.62,272300.502
002478,2025-11-27,7.35,0.009615,267875.93,197889.564
002479,2025-11-27,4.92,0.006135000000000001,77656.71,38228.14
002480,2025-11-27,6.26,-0.001595,48388.02,30322.776
002481,2025-11-27,5.6,0.001789,201788.31,113764.306
002482,2025-11-27,1.84,-0.005405,581565.93,106763.463
002483,2025-11-27,6.48,-0.006135000000000001,74858.27,48712.422
002484,2025-11-27,26.7,-0.007066,199954.87,544878.923
002485,2025-11-27,4.81,0.004175,114239.26,54085.819
002486,2025-11-27,3.17,-0.04229599999999999,1290960.72,413509.317
002487,2025-11-27,49.9,0.006454,229806.26,1151753.083
002488,2025-11-27,8.89,0.009081,334215.12,297657.186
002489,2025-11-27,3.89,0.013021,528565.65,207969.845
002490,2025-11-27,7.02,-0.029046,361131.0,255439.25
002491,2025-11-27,5.63,-0.010545,710305.16,401610.045
002492,2025-11-27,7.94,0.033854,126332.5,101120.803
002493,2025-11-27,9.64,0.014737,412385.11,395261.659
002494,2025-11-27,5.51,0.003643,80783.99,44540.965
002495,2025-11-27,3.06,0.10071899999999999,344921.58,103445.417
002496,2025-11-27,1.78,0.011364,111920.0,19712.474
002497,2025-11-27,21.17,-0.014891000000000001,423553.44,904902.942
002498,2025-11-27,3.52,-0.00565,219788.52,77879.86
002500,2025-11-27,5.99,0.0,123973.98,74543.365
002501,2025-11-27,2.22,-0.008929,350398.39,78042.814
002506,2025-11-27,2.57,0.0,2029718.85,524316.472
002507,2025-11-27,13.04,-0.002295,71623.8,93543.056
002508,2025-11-27,20.53,0.007855,84097.0,172479.812
002510,2025-11-27,6.81,-0.03267,1113162.29,757026.297
002511,2025-11-27,8.12,0.0012330000000000002,66089.38,53749.163
002512,2025-11-27,5.64,-0.06622499999999999,2881336.68,1685747.887
002513,2025-11-27,7.69,-0.014103000000000001,262540.0,203759.433
002514,2025-11-27,6.5,0.048387,319466.0,204867.319
002515,2025-11-27,6.25,0.022913000000000003,494946.93,308860.373
002516,2025-11-27,5.97,0.011864,221670.58,132931.093
002517,2025-11-27,21.97,-0.009467999999999999,400587.46,898581.6
002518,2025-11-27,44.06,-0.022193,95020.51,428485.445
002519,2025-11-27,4.67,-0.006383,185095.18,86715.953
002520,2025-11-27,5.85,-0.008475,112808.0,66374.077
002521,2025-11-27,9.08,0.052144,104885.53,94082.016
002522,2025-11-27,5.0,0.0,197956.83,99543.489
002523,2025-11-27,3.95,-0.014962999999999999,218064.69,86768.812
002524,2025-11-27,4.61,0.008753,105649.96,48457.627
002526,2025-11-27,3.65,0.002747,215834.35,78777.788
002527,2025-11-27,16.0,-0.015385,67745.13,109241.863
002528,2025-11-27,3.1,-0.025157,124598.9,39049.973
002529,2025-11-27,7.24,-0.0041270000000000005,22558.0,16421.639
002530,2025-11-27,10.01,-0.001994,113825.75,114565.494
002531,2025-11-27,6.97,0.001437,201695.02,141500.069
002532,2025-11-27,12.88,0.011782999999999998,518357.31,676200.501
002533,2025-11-27,11.59,0.002595,101256.31,118378.999
002534,2025-11-27,14.7,-0.008097,65428.19,96759.961
002535,2025-11-27,3.89,-0.005115,112487.2,43883.947
002536,2025-11-27,21.57,0.012201,140203.91,304088.026
002537,2025-11-27,8.11,-0.007344000000000001,123471.69,100822.795
002538,2025-11-27,6.55,0.025039,173258.68,113595.476
002539,2025-11-27,10.74,-0.0027860000000000003,247439.88,268573.904
002540,2025-11-27,6.51,-0.025449000000000003,173846.0,114077.541
002541,2025-11-27,16.66,-0.007150999999999999,36174.0,60534.611
002542,2025-11-27,3.55,-0.00838,216988.0,77279.594
002543,2025-11-27,10.9,0.012071,27583.43,30076.673
002544,2025-11-27,25.5,-0.009324,125633.8,320116.527
002545,2025-11-27,17.22,0.015929,136222.29,235234.26
002546,2025-11-27,6.75,0.004464,141221.0,95811.444
002547,2025-11-27,4.87,-0.020121000000000003,340432.02,166285.118
002548,2025-11-27,5.43,0.09919,401023.88,211307.426
002549,2025-11-27,22.16,-0.041936999999999995,806757.94,1837648.517
002550,2025-11-27,8.42,-0.0035499999999999998,96058.0,80858.71
002551,2025-11-27,3.86,0.002597,99575.02,38396.907
002552,2025-11-27,16.66,0.015854,38119.77,63462.291
002553,2025-11-27,26.07,-0.040839,182111.57,475533.175
002554,2025-11-27,3.48,0.002882,300654.0,104861.85
002555,2025-11-27,20.95,-0.020112,528810.59,1121245.98
002556,2025-11-27,5.74,-0.001739,120872.59,69533.692
002557,2025-11-27,21.43,-0.00787,49001.22,105333.173
002558,2025-11-27,40.7,-0.0068330000000000005,481650.47,2004159.255
002559,2025-11-27,10.26,0.010837000000000001,113829.5,117061.361
002560,2025-11-27,8.15,0.003695,138969.0,113844.315
002561,2025-11-27,8.81,-0.007883,86159.73,76433.033
002562,2025-11-27,6.61,0.006088,229622.8,152034.071
002563,2025-11-27,5.92,-0.011686,353861.51,212995.328
002564,2025-11-27,8.99,-0.014254,200826.36,180932.818
002565,2025-11-27,7.3,-0.013514,568948.34,410501.32
002566,2025-11-27,8.24,0.023601999999999998,79391.0,65259.704
002567,2025-11-27,4.66,-0.008511,199237.17,93312.391
002568,2025-11-27,23.63,-0.010469,49195.19,116783.677
002569,2025-11-27,11.19,0.026606,19229.0,21409.426
002570,2025-11-27,6.07,-0.006547,207932.21,126622.932
002571,2025-11-27,8.6,0.023809999999999998,100670.0,86344.203
002572,2025-11-27,14.03,-0.010578,164909.22,230614.495
002573,2025-11-27,3.8,0.0,107893.25,41053.853
002574,2025-11-27,6.1,-0.03481,325987.0,200410.189
002575,2025-11-27,6.56,-0.038123,642805.95,422913.078
002576,2025-11-27,16.84,0.008987,26460.0,44449.429
002577,2025-11-27,18.53,0.007613,17863.1,33217.916
002578,2025-11-27,3.89,-0.01269,551017.0,217309.56
002579,2025-11-27,11.1,0.0,125656.0,140517.27
002580,2025-11-27,12.73,0.014343,110037.55,140546.626
002581,2025-11-27,7.92,-0.011236,27314.0,21687.898
002582,2025-11-27,10.01,-0.000998,70827.0,71092.041
002583,2025-11-27,11.72,-0.0067800000000000004,363957.16,429285.624
002584,2025-11-27,9.06,0.021421000000000003,593660.32,540399.277
002585,2025-11-27,5.61,0.007181,173268.29,97320.353
002586,2025-11-27,4.23,-0.013986,99106.01,42368.626
002587,2025-11-27,6.67,0.0045179999999999994,161016.0,107522.436
002588,2025-11-27,9.4,0.008584000000000001,67925.64,64035.592
002589,2025-11-27,3.1,-0.028213,1678492.72,524758.99
002590,2025-11-27,13.23,0.0015140000000000002,68241.96,90463.229
002591,2025-11-27,6.96,0.007236,129138.0,89967.999
002592,2025-11-27,7.1,-0.002809,35757.0,25491.017
002593,2025-11-27,5.82,-0.016892,455203.54,265811.809
002594,2025-11-27,94.29,-0.008413,202279.96,1915349.541
002595,2025-11-27,67.8,0.023242,26112.0,176922.239
002596,2025-11-27,5.76,-0.027027000000000002,2878826.3,1713414.268
002597,2025-11-27,20.11,0.001993,31053.64,62646.953
002598,2025-11-27,11.17,0.014532,52066.0,58063.705
002599,2025-11-27,8.15,-0.001225,69260.0,56750.214
002600,2025-11-27,13.66,0.010355000000000001,1749469.2,2422233.319
002601,2025-11-27,17.91,0.013009,100427.27,179520.71
002602,2025-11-27,18.09,-0.008767,1394382.74,2561234.356
002603,2025-11-27,19.13,-0.002087,369630.37,706687.223
002605,2025-11-27,23.7,-0.007953,33078.97,78960.81
002606,2025-11-27,8.83,0.0,53235.92,47216.247
002607,2025-11-27,2.59,-0.015208999999999999,742186.73,193795.031
002608,2025-11-27,7.76,0.0,86021.66,66946.292
002609,2025-11-27,9.61,-0.004144999999999999,82207.79,79201.049
002611,2025-11-27,17.59,0.001138,484680.1,855657.453
002612,2025-11-27,20.44,-0.006803,133805.54,276222.421
002613,2025-11-27,3.81,-0.01039,92979.0,35621.342
002614,2025-11-27,7.51,0.025956,301244.5,226652.077
002615,2025-11-27,8.05,0.010038,80932.23,65482.664
002616,2025-11-27,5.93,-0.0067,118568.89,70634.889
002617,2025-11-27,7.78,-0.008917000000000001,534022.7,418510.174
002620,2025-11-27,6.12,0.021703,119562.25,72907.012
002622,2025-11-27,3.31,0.0,150323.0,49575.0
002623,2025-11-27,18.6,0.009224,16912.05,31458.478
002624,2025-11-27,15.17,-0.004593,234366.0,360228.028
002625,2025-11-27,44.94,0.007397,274250.57,1245636.102
002626,2025-11-27,18.81,0.01129,52602.97,98850.862
002627,2025-11-27,6.38,0.00157,95796.22,61052.344
002628,2025-11-27,4.33,-0.011415999999999999,117353.0,50946.058
002629,2025-11-27,8.33,0.050441,242303.5,198292.796
002630,2025-11-27,2.8,-0.024390000000000002,404053.0,113832.577
002631,2025-11-27,5.17,0.011741999999999999,103557.0,53712.039
002632,2025-11-27,11.31,0.100195,283425.38,320254.794
002633,2025-11-27,17.26,0.004072,14349.0,24838.657
002634,2025-11-27,6.4,0.015872999999999998,218585.0,138935.279
002635,2025-11-27,13.64,0.004418,57748.72,79111.122
002636,2025-11-27,16.3,0.099865,340428.24,539805.818
002637,2025-11-27,10.66,0.011385000000000001,35176.08,37515.209
002638,2025-11-27,3.23,-0.03869,1708515.01,555602.001
002639,2025-11-27,13.28,-0.027105999999999998,1089814.23,1463015.843
002640,2025-11-27,4.63,0.0,440980.2,204727.331
002641,2025-11-27,4.23,0.0023699999999999997,116460.4,49261.566
002642,2025-11-27,9.29,-0.021075,436048.37,404938.652
002643,2025-11-27,13.89,0.021324,409332.99,574164.785
002644,2025-11-27,9.02,0.010078,55013.0,49211.222
002645,2025-11-27,14.48,0.004858,77677.06,112956.998
002646,2025-11-27,9.4,0.0,25791.67,24293.43
002647,2025-11-27,6.66,-0.014793,100957.78,67413.883
002648,2025-11-27,16.84,0.006575,294590.99,496356.33
002649,2025-11-27,13.79,-0.010049999999999998,162434.08,224686.399
002650,2025-11-27,7.19,-0.020436,42528.0,30854.335
002651,2025-11-27,10.74,-0.00831,62275.85,67012.654
002652,2025-11-27,3.78,0.005319000000000001,148912.03,56112.014
002653,2025-11-27,57.28,-0.006072999999999999,18374.47,105667.175
002654,2025-11-27,13.46,-0.003701,289014.62,392676.391
002655,2025-11-27,12.67,0.044518,247870.99,312488.82
002656,2025-11-27,2.67,-0.003731,148275.0,39623.985
002657,2025-11-27,27.15,-0.004035,90372.5,247052.925
002658,2025-11-27,8.36,0.009661999999999999,125034.82,104512.099
002659,2025-11-27,6.2,-0.041731,638423.42,399161.105
002660,2025-11-27,9.43,0.00426,46099.32,43697.37
002661,2025-11-27,9.51,0.009554,28286.0,26844.587
002662,2025-11-27,3.89,0.005168000000000001,309387.12,120593.253
002663,2025-11-27,2.14,-0.004651,315906.0,67731.878
002664,2025-11-27,22.73,-0.002633,75433.78,171824.726
002666,2025-11-27,5.17,0.015717000000000002,115868.0,59946.473
002668,2025-11-27,10.8,0.011236,154330.78,166589.27
002669,2025-11-27,12.96,-0.011442,194696.0,254051.797
002670,2025-11-27,17.82,-0.0066890000000000005,278460.38,501658.749
002671,2025-11-27,5.16,-0.0057799999999999995,86903.0,44977.347
002672,2025-11-27,5.15,0.003899,54727.0,28218.105
002673,2025-11-27,8.03,0.016456,489687.56,394863.482
002674,2025-11-27,13.17,0.046068,155047.51,209715.632
002675,2025-11-27,14.73,0.002041,62167.11,90869.195
002676,2025-11-27,7.77,-0.010190999999999999,104456.0,81914.283
002677,2025-11-27,8.2,-0.002433,64054.6,52349.391
002678,2025-11-27,5.17,-0.013359000000000001,177339.0,92152.297
002679,2025-11-27,12.71,0.002366,117486.34,148812.456
002681,2025-11-27,7.23,-0.034713,2339132.74,1717900.323
002682,2025-11-27,5.36,0.003745,690040.52,368835.914
002683,2025-11-27,39.3,-0.011321000000000001,145316.58,580236.066
002685,2025-11-27,8.18,-0.013269,973882.56,802168.044
002686,2025-11-27,6.52,-0.021021,113522.12,74461.627
002687,2025-11-27,4.98,0.008097,86864.57,43253.613
002688,2025-11-27,6.16,0.004894,93288.0,57661.324
002689,2025-11-27,4.52,0.0066820000000000004,184856.6,83549.413
002690,2025-11-27,19.9,0.006575999999999999,26536.06,52877.748
002691,2025-11-27,8.7,-0.002294,141888.63,123811.565
002692,2025-11-27,5.09,0.003945000000000001,63529.45,32497.055
002693,2025-11-27,7.17,-0.015109999999999998,88640.02,63700.994
002694,2025-11-27,4.42,-0.008969,75396.42,33376.95
002695,2025-11-27,11.95,0.005892,46434.5,55821.911
002696,2025-11-27,6.91,0.025223,276544.1,190765.866
002697,2025-11-27,5.79,-0.015306,664792.03,387426.267
002698,2025-11-27,15.29,0.011913,75576.6,115784.923
002700,2025-11-27,7.06,-0.005634,39563.0,28040.014
002701,2025-11-27,5.76,0.021277,324531.42,186962.497
002702,2025-11-27,6.58,0.100334,379156.09,249484.466
002703,2025-11-27,12.08,-0.005761,96001.87,116752.562
002705,2025-11-27,14.81,0.006797999999999999,40154.0,59669.782
002706,2025-11-27,9.77,0.011387000000000001,275864.06,271073.239
002707,2025-11-27,7.0,0.0,162057.4,113936.885
002708,2025-11-27,12.03,-0.008244,76562.53,92724.535
002709,2025-11-27,40.64,0.027041,1084193.25,4424796.034
002712,2025-11-27,6.27,-0.017241,375876.48,237194.948
002713,2025-11-27,13.67,-0.050034999999999996,9515.0,13007.005
002714,2025-11-27,49.9,0.006048,229943.01,1149734.029
002715,2025-11-27,19.22,0.009454,74368.0,142145.471
002716,2025-11-27,6.08,0.009967,786555.49,479479.791
002717,2025-11-27,1.84,-0.021277,453863.33,84065.035
002718,2025-11-27,30.09,-0.010197000000000001,17111.74,52091.18
002719,2025-11-27,9.43,0.01726,74169.2,69351.837
002721,2025-11-27,3.36,-0.020408,405759.0,136909.527
002722,2025-11-27,15.8,0.015424,41904.94,66139.546
002723,2025-11-27,7.5,0.01626,77591.03,57742.238
002724,2025-11-27,6.98,0.008671,72595.74,51030.712
002725,2025-11-27,15.23,0.038173,157282.0,239570.752
002726,2025-11-27,4.65,0.008677,197460.36,91869.253
002727,2025-11-27,12.95,-0.00614,47162.5,61019.271
002728,2025-11-27,14.97,0.09992699999999999,1371264.22,1919209.975
002729,2025-11-27,16.45,-0.020833,276931.13,455716.716
002730,2025-11-27,14.84,-0.0046949999999999995,23095.0,34414.222
002731,2025-11-27,13.77,-0.012903,91078.03,126787.271
002732,2025-11-27,18.21,0.019026,42119.0,76267.274
002733,2025-11-27,20.32,0.003953,126996.06,260425.915
002734,2025-11-27,16.45,0.004274,109275.77,180651.554
002735,2025-11-27,14.5,-0.008208,88258.21,128872.25
002736,2025-11-27,12.94,0.003879,176659.96,229240.541
002737,2025-11-27,14.94,-0.013861000000000002,55982.0,83654.94
002738,2025-11-27,63.73,-0.003128,235164.0,1520680.867
002739,2025-11-27,11.21,-0.011464,250404.26,282391.716
002741,2025-11-27,22.61,0.05753,629241.98,1444857.842
002742,2025-11-27,4.81,-0.006198,61783.0,29802.907
002743,2025-11-27,5.46,0.0055249999999999995,58734.6,32072.4
002745,2025-11-27,9.47,-0.008377,423697.75,403259.167
002746,2025-11-27,6.15,0.004902,129669.5,79900.541
002747,2025-11-27,21.76,-0.007752,101562.54,222905.626
002748,2025-11-27,11.8,0.004255,107004.0,126199.366
002749,2025-11-27,13.98,0.014514,14818.0,20672.453
002752,2025-11-27,6.63,-0.022124,449784.89,299291.433
002753,2025-11-27,8.12,0.04774200000000001,454043.22,364460.075
002755,2025-11-27,17.39,0.006366,93513.68,162164.049
002756,2025-11-27,46.92,-0.014286,160353.08,755287.311
002757,2025-11-27,16.97,-0.007602,36964.5,63031.591
002758,2025-11-27,9.57,0.002094,59558.0,57014.775
002759,2025-11-27,44.83,0.02165,937565.53,4231991.637
002760,2025-11-27,21.91,0.004125,21169.29,46419.55
002761,2025-11-27,8.95,-0.020788,175443.04,157570.001
002762,2025-11-27,7.7,0.011827,42432.0,32667.208
002763,2025-11-27,7.43,0.012262,35181.0,26053.051
002765,2025-11-27,12.12,0.001653,94585.89,114932.482
002766,2025-11-27,5.18,-0.0019270000000000001,64473.0,33544.967
002767,2025-11-27,19.84,0.0015140000000000002,30356.5,60256.487
002768,2025-11-27,50.21,0.008031,18461.04,93248.48
002769,2025-11-27,10.81,0.099695,211905.0,220767.443
002771,2025-11-27,16.99,-0.001763,108866.19,185549.209
002772,2025-11-27,12.22,0.013267,91138.4,111278.378
002773,2025-11-27,31.1,-0.011443000000000002,51995.0,162371.52
002774,2025-11-27,10.21,0.026131,49944.0,50890.867
002775,2025-11-27,4.3,0.002331,100117.84,43066.783
002777,2025-11-27,19.5,-0.006116,99585.76,194162.027
002778,2025-11-27,20.88,0.019034,30544.41,63574.823
002779,2025-11-27,112.5,0.005810999999999999,22639.42,257819.225
002780,2025-11-27,15.39,0.026684,152581.0,233601.847
002782,2025-11-27,17.75,-0.002809,127595.0,230964.524
002783,2025-11-27,9.0,0.0,83133.0,74972.801
002785,2025-11-27,36.92,-0.021467999999999998,66264.36,249061.882
002786,2025-11-27,9.13,-0.011904999999999999,145595.0,134125.58
002787,2025-11-27,10.25,0.027054,102768.95,104942.646
002788,2025-11-27,9.83,-0.015029999999999998,262310.94,260109.296
002789,2025-11-27,10.59,-0.015799,83445.6,87088.129
002790,2025-11-27,8.78,0.006881000000000001,71818.6,63167.945
002791,2025-11-27,23.47,0.004279,48199.0,113366.209
002792,2025-11-27,21.62,0.100254,576317.38,1206777.382
002793,2025-11-27,5.35,-0.0018659999999999998,144342.77,76944.533
002795,2025-11-27,6.31,-0.009419,301517.0,191469.373
002796,2025-11-27,19.71,0.036823,135604.5,264462.43
002797,2025-11-27,6.86,0.00146,286826.66,197340.052
002798,2025-11-27,6.28,-0.003175,34615.19,21745.658
002799,2025-11-27,9.24,0.016502,291138.82,267854.227
002800,2025-11-27,15.34,-0.042447,178425.4,275129.894
002801,2025-11-27,32.2,-0.0024779999999999997,9815.47,31794.314
002802,2025-11-27,13.03,0.016381,21032.19,27244.172
002803,2025-11-27,16.26,-0.013948,89871.2,147416.881
002805,2025-11-27,18.49,0.04169,269305.76,494941.387
002807,2025-11-27,4.85,0.004141000000000001,380959.84,185020.414
002808,2025-11-27,5.42,-0.0055049999999999995,44447.0,24368.37
002809,2025-11-27,11.2,0.019108,36792.05,40906.996
002810,2025-11-27,12.76,0.000784,23862.0,30546.048
002811,2025-11-27,16.73,0.099934,454950.87,731294.405
002812,2025-11-27,53.68,0.008264,298243.1,1617349.077
002813,2025-11-27,30.24,0.020932,85138.42,258390.716
002815,2025-11-27,12.9,-0.006162999999999999,203742.63,265833.674
002816,2025-11-27,20.74,0.007775,25235.0,52993.695
002817,2025-11-27,7.99,0.012674000000000001,49428.68,39286.714
002818,2025-11-27,10.91,-0.002742,30788.36,33676.042
002819,2025-11-27,27.1,-0.002576,23588.36,64025.026
002820,2025-11-27,12.99,0.00464,120744.0,157221.076
002821,2025-11-27,92.0,-0.007979,25645.55,237295.056
002822,2025-11-27,4.21,-0.049661,522861.54,223013.881
002823,2025-11-27,15.49,0.009778,62906.08,97810.366
002824,2025-11-27,18.03,-0.014215,45185.2,81759.269
002825,2025-11-27,11.46,0.09980800000000001,200870.92,222694.991
002826,2025-11-27,18.7,-0.007958,22018.0,41389.466
002827,2025-11-27,35.03,-0.005395,17085.0,60187.518
002828,2025-11-27,11.59,-0.024411000000000002,363523.0,421866.802
002829,2025-11-27,26.81,0.0018679999999999999,76674.8,207246.872
002830,2025-11-27,18.76,0.045708,48163.0,89418.077
002831,2025-11-27,30.13,0.019973,64635.0,195116.09
002832,2025-11-27,15.64,-0.0012770000000000001,37098.0,58160.026
002833,2025-11-27,16.14,0.009381,20450.53,33135.153
002835,2025-11-27,16.81,0.003582,15793.0,26556.317
002836,2025-11-27,13.65,0.029411999999999997,106195.37,143008.936
002837,2025-11-27,72.52,-0.030222000000000002,477021.13,3550698.302
002838,2025-11-27,21.26,-0.00747,29690.81,63738.443
002839,2025-11-27,4.57,0.006608,238966.86,108941.067
002840,2025-11-27,9.85,-0.007056,132556.0,131163.583
002841,2025-11-27,38.0,-0.000789,26362.2,100819.587
002842,2025-11-27,10.88,-0.014493,94344.5,103749.098
002843,2025-11-27,19.09,0.001049,40916.87,78322.217
002845,2025-11-27,14.7,0.052255,322094.74,481080.661
002846,2025-11-27,16.65,0.009703,143037.32,240139.778
002847,2025-11-27,72.55,-0.003981,20200.31,147036.373
002848,2025-11-27,7.62,0.014646999999999999,51128.0,38492.507
002849,2025-11-27,14.02,0.050975,120241.0,167233.114
002850,2025-11-27,153.8,-0.0064600000000000005,27591.99,430066.191
002851,2025-11-27,72.07,0.0023639999999999998,232332.45,1715386.496
002852,2025-11-27,10.58,-0.009363,87424.35,92768.535
002853,2025-11-27,14.05,-0.0007109999999999999,25097.0,35281.119
002855,2025-11-27,18.64,-0.034697,117298.94,222336.484
002856,2025-11-27,13.32,0.09991699999999999,172575.3,214009.746
002857,2025-11-27,19.72,0.006122,19317.0,38111.391
002858,2025-11-27,14.21,0.015726,84171.0,120064.354
002859,2025-11-27,29.27,0.027018,48447.4,142102.821
002860,2025-11-27,15.39,0.041272,290070.32,441873.357
002861,2025-11-27,19.2,0.0,51450.0,100317.412
002862,2025-11-27,21.38,-0.025524,102306.0,222148.573
002863,2025-11-27,5.56,0.020183,150969.94,83717.38
002864,2025-11-27,36.36,0.034424,147477.1,523818.525
002865,2025-11-27,39.5,-0.007288,80024.9,319809.014
002866,2025-11-27,20.32,0.03252,135773.61,275103.429
002867,2025-11-27,12.93,-0.0023150000000000002,29781.75,38551.813
002868,2025-11-27,42.88,-0.022567,74507.57,332671.121
002869,2025-11-27,24.31,0.005792,16915.0,41191.45
002870,2025-11-27,35.41,0.011714,23864.0,84180.556
002871,2025-11-27,14.65,0.007565,31650.63,46724.262
002872,2025-11-27,5.23,0.009653,28617.0,14905.622
002873,2025-11-27,10.77,0.0009289999999999999,49279.4,52675.81
002875,2025-11-27,16.71,-0.005357,23540.99,39603.187
002876,2025-11-27,24.46,0.006584,24025.51,58938.873
002877,2025-11-27,9.31,-0.014815,375780.48,345630.308
002878,2025-11-27,21.0,0.007678000000000001,304978.76,639397.681
002879,2025-11-27,15.95,0.014631,24925.2,39886.586
002880,2025-11-27,26.39,0.003804,3920.8,10350.664
002881,2025-11-27,41.96,0.018447,74860.47,316732.74
002882,2025-11-27,29.94,0.012855,56133.0,168431.05
002883,2025-11-27,11.7,0.015625,34502.44,39962.638
002884,2025-11-27,17.44,-0.004566,18252.0,31917.216
002885,2025-11-27,25.39,-0.006651000000000001,332359.54,869903.461
002886,2025-11-27,19.31,0.014714,44477.95,86004.798
002887,2025-11-27,9.53,0.021436,36766.75,34886.69
002888,2025-11-27,21.99,0.10005000000000001,163014.48,350026.295
002889,2025-11-27,15.88,-0.016718,84461.85,134078.326
002890,2025-11-27,15.04,0.01897,14988.9,22391.456
002891,2025-11-27,55.65,-0.0032240000000000003,23911.72,134680.161
002892,2025-11-27,12.76,-0.007004,51458.77,65979.318
002893,2025-11-27,13.36,0.053628,460660.73,614657.857
002895,2025-11-27,34.71,0.003179,82399.93,288422.524
002896,2025-11-27,83.47,-0.00012,47285.42,396067.827
002897,2025-11-27,45.55,0.001539,53646.79,247715.153
002898,2025-11-27,13.39,0.0014960000000000002,8471.0,11283.437
002899,2025-11-27,23.92,0.009283,29071.0,69591.178
002900,2025-11-27,14.35,-0.031714,158064.0,227493.264
002901,2025-11-27,48.08,0.0069110000000000005,11578.3,55720.072
002902,2025-11-27,22.13,0.000452,132326.0,295357.54
002903,2025-11-27,22.24,-0.0013469999999999999,24368.0,54565.711
002905,2025-11-27,11.21,-0.039417,173711.6,197093.176
002906,2025-11-27,28.57,0.0014019999999999998,27702.0,79483.123
002907,2025-11-27,16.37,0.003679,22206.96,36164.121
002908,2025-11-27,9.98,-0.011881,51963.32,52206.909
002909,2025-11-27,6.98,0.051205,230392.75,159839.086
002910,2025-11-27,10.81,0.007456000000000001,67244.53,72773.9
002911,2025-11-27,12.17,0.022689,86133.93,104745.514
002912,2025-11-27,30.26,0.014415,50634.0,153482.997
002913,2025-11-27,33.88,0.004745,41838.0,143373.392
002915,2025-11-27,22.47,-0.00222,99619.7,226425.009
002916,2025-11-27,197.86,-0.034123,85719.06,1733295.152
002917,2025-11-27,13.36,0.0,23874.0,32058.463
002918,2025-11-27,14.04,0.002857,31201.75,44004.451
002919,2025-11-27,23.07,0.014512,131612.13,300928.263
002920,2025-11-27,108.09,-0.004971,47347.96,517309.715
002921,2025-11-27,15.39,0.013833999999999999,28813.06,44272.054
002922,2025-11-27,27.16,-0.0036680000000000003,231412.83,649246.418
002923,2025-11-27,14.29,0.009894,51318.38,72831.021
002925,2025-11-27,18.24,0.018425,131569.64,240898.102
002926,2025-11-27,9.54,0.0,136436.8,130198.116
002927,2025-11-27,17.08,-0.028441,163697.0,283407.635
002928,2025-11-27,10.14,-0.026871,253273.17,258683.448
002929,2025-11-27,41.66,-0.022295,54141.98,227333.449
002930,2025-11-27,11.53,-0.003457,111270.38,129038.138
002931,2025-11-27,20.39,0.0345,195802.22,397678.334
002932,2025-11-27,18.86,-0.0031709999999999998,11733.87,22214.501
002933,2025-11-27,32.83,0.014523999999999999,16064.0,52490.888
002935,2025-11-27,17.77,-0.0022459999999999997,79963.47,142108.998
002936,2025-11-27,2.0,0.0,637229.43,127415.744
002937,2025-11-27,19.1,-0.001046,64010.66,122681.431
002938,2025-11-27,44.87,-0.00532,273315.09,1247291.174
002939,2025-11-27,10.05,0.000996,178832.87,180335.929
002940,2025-11-27,37.5,-0.031758,149431.68,561960.006
002941,2025-11-27,16.12,-0.029500000000000002,255462.22,414055.365
002942,2025-11-27,19.49,0.008799,12720.1,24745.548
002943,2025-11-27,32.25,0.0018640000000000002,45196.85,147233.358
002945,2025-11-27,14.75,-0.001354,37575.25,55629.612
002946,2025-11-27,16.88,0.004164,54695.0,92303.876
002947,2025-11-27,43.88,0.016918,54810.75,242321.702
002948,2025-11-27,4.86,0.0125,462762.86,224199.053
002949,2025-11-27,14.06,-0.003544,31060.17,43816.683
002950,2025-11-27,11.52,0.005235999999999999,77806.5,89490.947
002951,2025-11-27,13.57,-0.009489,17813.0,24405.865
002952,2025-11-27,21.03,0.029872999999999997,78925.5,165742.685
002953,2025-11-27,11.6,-0.010239,110907.49,129900.837
002955,2025-11-27,27.48,-0.009373,27175.05,74461.577
002956,2025-11-27,25.14,0.022366999999999998,35725.7,89848.957
002957,2025-11-27,19.43,0.0104,61740.04,120519.632
002958,2025-11-27,3.16,0.003175,418117.97,132019.383
002959,2025-11-27,44.17,-0.0069689999999999995,13555.0,60276.879
002960,2025-11-27,11.19,0.10029500000000001,178509.7,199752.354
002961,2025-11-27,21.5,0.009389999999999999,69371.0,149859.015
002962,2025-11-27,14.49,0.0055520000000000005,28578.0,41686.778
002963,2025-11-27,14.73,-0.032194,69927.0,105667.052
002965,2025-11-27,36.48,-0.010846,65033.22,239914.171
002966,2025-11-27,8.27,-0.003614,216207.45,178899.532
002967,2025-11-27,20.34,0.007429,57529.8,116885.035
002968,2025-11-27,11.93,0.010161,26490.45,31528.683
002969,2025-11-27,3.76,0.016215999999999998,143850.48,53914.564
002970,2025-11-27,49.38,0.007755,99383.84,491889.481
002971,2025-11-27,33.45,0.000898,20539.9,68021.276
002972,2025-11-27,12.23,0.023431,18098.8,21905.768
002973,2025-11-27,13.87,0.003618,29241.0,40651.206
002975,2025-11-27,83.0,0.077502,172203.96,1421838.333
002976,2025-11-27,25.85,0.013328,22445.2,58055.673
002977,2025-11-27,38.48,0.014499999999999999,133545.36,501505.208
002978,2025-11-27,30.72,0.003594,47414.77,146867.582
002979,2025-11-27,39.54,-0.013472999999999999,32724.0,130311.0
002980,2025-11-27,22.75,-0.006116,56654.83,130383.557
002981,2025-11-27,29.63,0.009196,18274.31,54367.074
002982,2025-11-27,14.64,0.009655,22960.64,33523.545
002983,2025-11-27,19.71,0.014933,13829.43,27325.813
002984,2025-11-27,20.02,-0.000499,67970.6,136190.478
002985,2025-11-27,27.67,0.000362,26766.5,74168.83
002986,2025-11-27,10.78,0.0009289999999999999,19001.28,20616.038
002987,2025-11-27,19.22,-0.006717999999999999,73172.24,141543.183
002988,2025-11-27,39.04,0.013499,34331.48,133929.263
002989,2025-11-27,25.43,0.01883,25320.6,64526.899
002990,2025-11-27,30.63,-0.033754,87080.0,264766.436
002991,2025-11-27,59.0,0.002208,8295.0,49011.934
002992,2025-11-27,49.13,0.014034999999999999,16172.0,79811.345
002993,2025-11-27,42.51,0.003067,22132.9,95099.014
002995,2025-11-27,18.5,-0.0026950000000000003,47326.35,87785.067
002996,2025-11-27,7.47,0.005384,82158.9,61813.635
002997,2025-11-27,35.32,0.008567,22721.44,80222.893
002998,2025-11-27,7.8,0.016949000000000002,40268.58,31236.673
002999,2025-11-27,7.02,0.011527,50393.55,35259.735
003000,2025-11-27,11.51,-0.0008680000000000001,29509.74,34114.48
003001,2025-11-27,21.35,0.016183,18792.33,39719.531
003002,2025-11-27,25.95,0.009335,28821.0,74886.239
003003,2025-11-27,12.93,0.017309,29506.0,37933.387
003004,2025-11-27,21.4,0.016144000000000002,7076.0,15098.156
003005,2025-11-27,21.31,-0.008837000000000001,48630.2,103995.617
003006,2025-11-27,21.39,0.004697,27214.88,58368.953
003007,2025-11-27,35.73,-0.027755000000000002,53877.23,194206.628
003008,2025-11-27,23.02,-0.02705,50016.3,115776.539
003009,2025-11-27,58.83,0.100037,109067.39,613895.002
003010,2025-11-27,36.21,-0.012544,38582.36,141279.492
003011,2025-11-27,23.0,0.00043499999999999995,20025.0,46120.519
003012,2025-11-27,6.98,-0.002857,54553.81,38179.627
003013,2025-11-27,14.99,-0.0033239999999999997,17955.0,26898.533
003015,2025-11-27,15.88,0.0044280000000000005,76158.16,121791.78
003016,2025-11-27,9.05,-0.019502,144859.12,133056.476
003017,2025-11-27,30.17,0.018225,14677.0,44011.568
003018,2025-11-27,18.65,0.10029500000000001,52688.65,98264.332
003019,2025-11-27,32.12,0.009427999999999999,28183.05,90539.151
003020,2025-11-27,28.19,-0.0014169999999999999,18963.2,53596.48
003021,2025-11-27,104.73,-0.002666,28544.37,300430.258
003022,2025-11-27,19.16,0.025147,119430.32,228190.514
003023,2025-11-27,23.26,0.005620000000000001,40963.6,96478.481
003025,2025-11-27,14.0,0.002147,19464.75,27262.562
003026,2025-11-27,30.12,0.005004999999999999,18103.8,54879.43
003027,2025-11-27,21.44,-0.007407,72524.0,155468.948
003028,2025-11-27,30.46,0.004286,5295.0,16157.16
003029,2025-11-27,25.29,-0.014419,34811.0,88662.862
003030,2025-11-27,21.66,0.030938,22781.29,49025.931
003031,2025-11-27,52.13,0.0034649999999999998,17223.46,90262.296
003032,2025-11-27,6.68,0.007541,27203.0,18082.174
003033,2025-11-27,62.31,-0.0049499999999999995,11666.0,73368.458
003035,2025-11-27,4.8,-0.004149,144575.0,69752.356
003036,2025-11-27,16.65,0.015863000000000002,23591.0,39186.121
003037,2025-11-27,7.62,-0.005222,31107.0,23782.522
003038,2025-11-27,15.86,0.015365,43618.74,69717.698
003039,2025-11-27,13.67,-0.001461,19911.0,27317.389
003040,2025-11-27,18.99,-0.005758999999999999,50851.0,97174.478
003041,2025-11-27,59.05,0.000508,217029.2,1322471.524
003042,2025-11-27,17.18,-0.000582,26852.5,46130.888
003043,2025-11-27,46.26,-0.009634,10078.43,47150.662
003816,2025-11-27,3.79,0.002646,928421.3,351787.656
300001,2025-11-27,26.14,0.0034549999999999997,180871.82,477234.001
300002,2025-11-27,11.43,-0.017197,397695.0,460453.209
300003,2025-11-27,15.87,0.001262,155671.23,248233.728
300004,2025-11-27,10.2,0.0,79203.2,81049.982
300005,2025-11-27,11.07,0.020276000000000002,428060.49,475584.073
300006,2025-11-27,5.27,-0.024073999999999998,677767.0,354295.151
300007,2025-11-27,48.28,-0.0026850000000000003,143562.31,698983.996
300008,2025-11-27,7.78,-0.008917000000000001,2504429.89,1969035.193
300009,2025-11-27,9.91,-0.007014,144396.98,143625.899
300010,2025-11-27,6.59,-0.029455,568907.0,378083.065
300011,2025-11-27,8.6,0.017751,133464.0,114876.153
300012,2025-11-27,13.45,-0.004441,147023.77,198627.348
300013,2025-11-27,4.13,-0.004819,135525.0,56120.143
300014,2025-11-27,71.69,-0.009396,480153.79,3502816.71
300015,2025-11-27,11.4,-0.002625,389598.31,444069.892
300016,2025-11-27,8.18,-0.028504,153763.64,127380.002
300017,2025-11-27,10.3,-0.009615,364930.96,379851.894
300018,2025-11-27,10.8,0.003717,122110.0,132245.68
300019,2025-11-27,22.01,0.043623,261101.72,573531.358
300020,2025-11-27,3.7,-0.010695,96093.4,35744.72
300021,2025-11-27,4.65,-0.004283,125948.09,58678.328
300022,2025-11-27,8.26,0.004866,50156.01,41301.244
300024,2025-11-27,16.97,-0.005274999999999999,146452.31,250395.749
300025,2025-11-27,6.28,-0.0047539999999999995,89788.88,56644.257
300026,2025-11-27,3.7,-0.013333,398883.26,147347.315
300027,2025-11-27,2.56,-0.030303,859250.97,222232.9
300029,2025-11-27,6.34,0.0144,33779.0,21402.658
300030,2025-11-27,8.13,0.020075,80254.5,64856.73
300031,2025-11-27,22.26,0.0,57298.82,128426.918
300032,2025-11-27,5.33,0.003766,244835.52,131250.615
300033,2025-11-27,319.39,-0.007736,43956.61,1416409.69
300034,2025-11-27,15.9,0.0012590000000000001,64367.33,102691.752
300035,2025-11-27,21.81,0.013005,303585.25,667664.209
300036,2025-11-27,18.69,-0.011111,329899.06,618552.217
300037,2025-11-27,51.45,0.024696,274397.0,1412582.362
300039,2025-11-27,6.47,0.007788000000000001,252785.72,161751.9
300040,2025-11-27,6.3,0.0,106811.07,67790.196
300041,2025-11-27,11.3,0.031963,252264.73,285950.546
300042,2025-11-27,27.02,-0.006618000000000001,104959.0,287827.736
300043,2025-11-27,5.65,-0.027538999999999998,454727.76,260019.907
300044,2025-11-27,4.72,-0.008403,199012.5,93883.33
300045,2025-11-27,21.6,-0.013248,280815.31,608674.785
300046,2025-11-27,34.63,0.002896,51153.99,178464.181
300047,2025-11-27,14.53,-0.010218,110965.33,162620.255
300048,2025-11-27,5.51,-0.001812,188779.4,104988.6
300049,2025-11-27,67.08,0.013599000000000002,53474.57,361192.978
300050,2025-11-27,5.92,-0.010033,112295.0,66872.441
300051,2025-11-27,6.89,0.001453,48862.01,33605.735
300052,2025-11-27,12.22,0.000819,55319.0,67775.216
300053,2025-11-27,14.72,0.017277,429236.74,627375.532
300054,2025-11-27,33.27,0.006657,176878.0,598871.801
300055,2025-11-27,8.24,0.022333,165181.0,136137.672
300056,2025-11-27,8.61,0.029904,177412.92,153364.694
300057,2025-11-27,5.88,0.010308999999999999,191469.42,112905.362
300058,2025-11-27,10.59,-0.031107,8532209.11,9191522.845
300059,2025-11-27,23.3,-0.001714,1937378.02,4540913.978
300061,2025-11-27,11.16,-0.035436,162343.29,183269.604
300062,2025-11-27,8.28,0.002421,596110.91,494834.152
300063,2025-11-27,9.38,-0.022917,673918.75,638262.688
300065,2025-11-27,17.22,-0.012615000000000001,208100.25,362213.392
300066,2025-11-27,6.49,0.0,132257.08,86464.977
300067,2025-11-27,4.65,-0.018987,194476.57,91055.804
300068,2025-11-27,17.31,0.02791,548279.54,956973.002
300069,2025-11-27,19.25,0.036618,60978.0,117492.847
300070,2025-11-27,4.22,-0.0023639999999999998,158082.61,66826.722
300071,2025-11-27,6.74,-0.027416999999999997,1456402.0,999428.322
300072,2025-11-27,4.61,0.002174,520029.4,240616.109
300073,2025-11-27,58.74,0.014683,156256.36,928693.905
300074,2025-11-27,5.25,0.007678000000000001,158989.68,83173.079
300075,2025-11-27,15.78,-0.014981,82772.78,131736.228
300076,2025-11-27,7.07,0.030612,316976.04,222890.505
300077,2025-11-27,20.8,-0.0038309999999999998,105709.45,222324.485
300078,2025-11-27,4.58,-0.065306,1645254.66,759872.465
300079,2025-11-27,5.62,-0.010563,258977.0,146470.542
300080,2025-11-27,5.1,0.001965,233826.4,119750.471
300081,2025-11-27,5.77,-0.010291999999999999,523301.7,304917.103
300082,2025-11-27,11.35,0.10839800000000001,943216.88,1014631.217
300083,2025-11-27,8.93,-0.011073999999999999,298907.22,269544.668
300084,2025-11-27,8.53,-0.036158,237627.42,206130.921
300085,2025-11-27,38.97,0.008279,313683.01,1232085.421
300086,2025-11-27,12.35,-0.047803000000000005,1165386.63,1435387.121
300087,2025-11-27,11.42,0.0,681017.36,780625.022
300088,2025-11-27,5.9,0.008547,331698.15,196878.233
300091,2025-11-27,2.99,0.010135,274439.0,82367.9
300092,2025-11-27,16.17,-0.014024000000000002,104725.0,171463.187
300093,2025-11-27,13.93,-0.000717,25294.28,35252.646
300094,2025-11-27,4.16,0.012164999999999999,1719192.41,702801.703
300095,2025-11-27,9.08,0.0,73793.94,67143.008
300096,2025-11-27,7.29,-0.009510999999999999,44399.0,32513.206
300097,2025-11-27,6.19,0.001618,32394.0,20161.265
300098,2025-11-27,5.47,-0.00726,222105.22,122329.538
300099,2025-11-27,7.13,0.009915,205513.5,144692.762
300100,2025-11-27,37.15,0.006775,82441.47,307856.827
300101,2025-11-27,22.16,-0.0035970000000000004,85019.2,189420.396
300102,2025-11-27,15.89,-0.022153999999999997,1262264.33,1988193.644
300103,2025-11-27,6.97,0.010145,63371.0,43830.869
300105,2025-11-27,7.5,0.001335,64192.16,48349.635
300106,2025-11-27,11.14,-0.009778,69281.0,77121.879
300107,2025-11-27,6.97,0.011611,45724.0,31882.019
300109,2025-11-27,17.93,0.01875,117668.41,211902.82
300110,2025-11-27,3.47,0.0,268270.2,92409.491
300111,2025-11-27,7.34,-0.052903000000000006,879909.38,648880.802
300112,2025-11-27,8.95,0.014739,45882.0,41017.085
300113,2025-11-27,20.18,-0.009814,137436.37,280619.997
300115,2025-11-27,38.6,0.01847,1411411.79,5465459.291
300118,2025-11-27,10.65,0.0066159999999999995,422115.17,450851.083
300119,2025-11-27,19.87,0.010682,45050.0,89581.874
300120,2025-11-27,8.85,0.003401,99962.0,88816.477
300121,2025-11-27,14.19,0.0,116513.88,167381.084
300122,2025-11-27,20.46,0.004912000000000001,150244.26,306563.142
300123,2025-11-27,6.6,-0.040698,1035178.88,689194.241
300124,2025-11-27,70.12,-0.00256,199939.06,1414840.249
300125,2025-11-27,8.46,0.009547,96944.56,80650.881
300126,2025-11-27,9.58,0.0,66556.0,63656.231
300127,2025-11-27,30.78,-0.000974,39309.2,121794.963
300128,2025-11-27,6.82,0.0059,275815.36,187568.779
300129,2025-11-27,7.88,0.045092999999999994,463961.52,367357.015
300130,2025-11-27,25.43,-0.007416000000000001,59746.0,153098.707
300131,2025-11-27,12.84,0.107852,2360506.54,2956866.158
300132,2025-11-27,7.5,0.002674,143374.47,107815.438
300133,2025-11-27,7.61,-0.028096999999999997,601290.36,462758.871
300134,2025-11-27,12.58,0.043983,334409.23,417111.834
300135,2025-11-27,4.0,-0.002494,93336.6,37492.598
300136,2025-11-27,30.4,-0.018088,353512.62,1090600.978
300137,2025-11-27,8.04,0.0,47029.8,37874.149
300138,2025-11-27,12.43,0.010569,41309.0,51244.521
300139,2025-11-27,24.6,0.004902,248718.75,611991.356
300140,2025-11-27,6.35,0.006339,104976.0,66575.031
300141,2025-11-27,11.14,0.008145,41860.0,46836.412
300142,2025-11-27,12.21,-0.0008179999999999999,222447.27,273345.972
300143,2025-11-27,10.14,-0.001969,39977.0,40639.796
300144,2025-11-27,7.93,0.0,178801.8,142219.581
300145,2025-11-27,4.21,-0.009412,200964.6,85319.087
300146,2025-11-27,12.22,-0.006503999999999999,115203.0,141776.439
300147,2025-11-27,9.64,-0.013306,95516.72,91710.834
300148,2025-11-27,4.78,-0.008298999999999999,272037.0,131057.633
300149,2025-11-27,10.4,-0.001919,71363.35,74120.008
300150,2025-11-27,5.6,0.020036,223738.0,125334.38
300151,2025-11-27,13.69,-0.009407,73619.44,101732.602
300152,2025-11-27,2.4,-0.04,360503.0,87734.468
300153,2025-11-27,30.85,-0.0048389999999999996,84146.27,262203.508
300154,2025-11-27,9.21,0.021064,44685.0,41007.202
300155,2025-11-27,5.9,0.001698,148244.11,86949.98
300157,2025-11-27,4.76,-0.012447999999999999,284291.36,136075.791
300158,2025-11-27,6.81,0.005908,341629.36,229210.073
300159,2025-11-27,3.2,-0.012346,258650.0,83030.617
300160,2025-11-27,5.64,0.0,64037.65,36304.216
300161,2025-11-27,28.11,0.000712,18729.0,52747.385
300162,2025-11-27,8.19,0.028894000000000003,136308.0,111235.825
300163,2025-11-27,4.4,0.0,193016.0,85241.896
300164,2025-11-27,5.57,0.0,340218.0,189957.703
300165,2025-11-27,4.56,0.006623,37172.0,16958.037
300166,2025-11-27,10.82,-0.025225,392140.44,428291.94
300167,2025-11-27,5.67,0.007105,45423.36,25747.558
300168,2025-11-27,7.02,-0.016807000000000002,205081.55,145017.332
300169,2025-11-27,6.53,-0.006088,62734.1,41155.982
300170,2025-11-27,18.96,0.028757,1371890.34,2568876.003
300171,2025-11-27,15.88,-0.015499,107180.98,171124.655
300172,2025-11-27,5.68,0.0053100000000000005,380042.6,216178.738
300173,2025-11-27,6.14,0.018242,405319.0,248607.196
300174,2025-11-27,15.59,0.0038629999999999997,70595.06,110572.696
300175,2025-11-27,5.8,0.015762,39843.0,23111.202
300176,2025-11-27,6.76,0.010463,78697.0,53140.261
300177,2025-11-27,9.31,-0.010627,127197.43,119226.199
300179,2025-11-27,15.0,-0.064255,578987.5,889166.018
300180,2025-11-27,6.6,-0.011976,201429.91,133827.234
300181,2025-11-27,16.96,-0.006444,38247.0,65171.873
300182,2025-11-27,5.85,-0.028239,918399.2,544143.21
300183,2025-11-27,15.46,-0.0019370000000000001,32771.97,50999.721
300184,2025-11-27,10.08,0.001988,222255.64,225749.977
300185,2025-11-27,2.82,-0.010526,536504.5,152148.538
300187,2025-11-27,5.23,0.005769,63276.0,33047.117
300188,2025-11-27,15.44,0.039030999999999996,361499.01,549351.798
300189,2025-11-27,5.51,-0.075503,2092153.31,1172736.162
300190,2025-11-27,4.07,0.009926,91921.18,37267.272
300191,2025-11-27,18.24,-0.008157,37357.66,68350.922
300192,2025-11-27,22.96,0.012792,625349.57,1435273.979
300193,2025-11-27,8.95,0.001119,51562.0,46224.567
300194,2025-11-27,4.57,-0.004357,197676.5,89904.956
300195,2025-11-27,8.08,0.011264000000000001,78686.0,63602.2
300196,2025-11-27,13.43,-0.000744,29169.7,39429.21
300197,2025-11-27,1.98,-0.005024999999999999,382815.4,76078.996
300198,2025-11-27,2.56,-0.030303,249044.0,63997.654
300199,2025-11-27,18.48,0.000541,181773.93,336247.256
300200,2025-11-27,11.91,0.030277,799323.1,962222.063
300201,2025-11-27,6.23,0.001608,1264633.61,816262.507
300203,2025-11-27,15.53,0.007134000000000001,53538.07,83176.13
300204,2025-11-27,30.1,-0.035255999999999996,274645.23,836044.155
300205,2025-11-27,4.44,0.0022570000000000003,31051.0,13763.686
300206,2025-11-27,13.91,0.01311,89636.5,124117.839
300207,2025-11-27,29.28,0.01702,746479.88,2213570.341
300209,2025-11-27,5.47,-0.001825,105409.0,57954.006
300210,2025-11-27,8.72,-0.004566,37684.6,33028.114
300211,2025-11-27,8.68,0.009302,23539.0,20388.691
300212,2025-11-27,19.08,-0.013953,84431.1,161718.192
300213,2025-11-27,8.52,-0.013889,165965.0,142233.419
300214,2025-11-27,7.17,0.0,82073.0,59126.474
300215,2025-11-27,7.78,0.019659,753734.18,567828.437
300217,2025-11-27,5.12,-0.003891,274857.6,141235.17
300218,2025-11-27,16.74,0.012092,50331.0,84379.324
300219,2025-11-27,7.57,0.020215999999999998,209167.3,158526.5
300220,2025-11-27,15.08,0.003995,19617.35,29634.39
300221,2025-11-27,9.23,0.032437999999999995,593627.99,550070.999
300222,2025-11-27,11.14,-0.002686,96838.0,108753.167
300223,2025-11-27,78.01,-0.009774,152537.49,1212178.985
300224,2025-11-27,14.89,-0.0026790000000000004,105474.46,158288.992
300225,2025-11-27,5.9,0.005111,82645.1,49099.358
300226,2025-11-27,24.68,0.001623,43869.84,108728.317
300227,2025-11-27,8.72,-0.005701,83964.0,73620.823
300228,2025-11-27,8.2,0.006135000000000001,210227.0,173089.938
300229,2025-11-27,20.76,-0.0038390000000000004,311799.61,645606.75
300230,2025-11-27,4.85,0.004141000000000001,110034.2,53492.476
300231,2025-11-27,10.79,-0.003693,61421.0,66625.031
300232,2025-11-27,7.08,0.005682,126814.22,89559.126
300233,2025-11-27,16.98,-0.000589,54323.0,92090.896
300234,2025-11-27,5.25,0.001908,62165.36,32622.148
300235,2025-11-27,16.3,0.015576000000000001,161090.05,258981.703
300236,2025-11-27,54.08,-0.013499,88369.82,487248.37
300237,2025-11-27,3.05,-0.00974,418493.0,128876.48
300238,2025-11-27,15.31,-0.003255,40581.0,62347.444
300239,2025-11-27,5.69,0.0053,81276.4,46128.349
300240,2025-11-27,7.67,0.0,54276.0,41802.666
300241,2025-11-27,5.91,0.035026,428841.0,253671.222
300242,2025-11-27,5.72,0.023256000000000002,618739.0,351498.259
300243,2025-11-27,10.83,0.014995000000000001,60531.1,65725.226
300244,2025-11-27,15.76,-0.029557000000000003,172319.86,274644.476
300245,2025-11-27,14.66,-0.018084,85779.95,126782.72
300246,2025-11-27,8.53,0.0023499999999999997,41054.49,34966.027
300247,2025-11-27,5.01,-0.017647,447180.62,226189.868
300248,2025-11-27,13.19,-0.030147,216489.07,288089.028
300249,2025-11-27,14.99,-0.001332,84193.0,126974.989
300250,2025-11-27,28.11,-0.028008,278189.0,798676.477
300251,2025-11-27,16.21,-0.011585000000000002,240548.19,393562.775
300252,2025-11-27,12.59,0.008006,202414.6,254613.991
300253,2025-11-27,8.59,-0.022753000000000002,720444.61,625482.357
300254,2025-11-27,10.54,0.0,51278.48,53793.328
300255,2025-11-27,61.3,-0.022639999999999997,248006.28,1526143.868
300256,2025-11-27,4.4,-0.002268,911026.5,404887.979
300257,2025-11-27,14.32,0.0035039999999999997,55176.77,79709.479
300258,2025-11-27,12.92,0.0078000000000000005,68836.79,88823.697
300259,2025-11-27,4.34,0.0046300000000000004,194998.0,84930.53
300260,2025-11-27,53.2,-0.045055,252205.17,1389894.863
300261,2025-11-27,7.39,0.002714,177750.92,131070.052
300263,2025-11-27,8.02,0.011349,176028.33,141437.957
300264,2025-11-27,6.78,0.004444,438895.72,297015.558
300265,2025-11-27,9.27,0.004334,63524.02,59171.27
300266,2025-11-27,2.58,0.003891,137736.0,35530.865
300267,2025-11-27,3.97,-0.017327,749500.64,296962.822
300268,2025-11-27,13.58,-0.015942,17724.0,24434.004
300269,2025-11-27,6.07,0.041166,1026702.62,621652.874
300270,2025-11-27,11.82,0.005102,243458.01,287052.29
300271,2025-11-27,8.25,-0.001211,259678.87,213555.729
300272,2025-11-27,7.4,0.00271,246574.14,183409.117
300274,2025-11-27,180.93,-0.008766000000000001,747178.74,13956674.422
300275,2025-11-27,12.62,0.003978,34080.0,42976.28
300276,2025-11-27,8.79,-0.007901,123855.52,109711.992
300277,2025-11-27,12.66,0.004762,70228.74,88879.783
300278,2025-11-27,5.51,0.0,148648.8,82504.032
300279,2025-11-27,7.19,0.005594,50953.0,36750.469
300281,2025-11-27,7.61,0.006614,60914.5,46254.443
300283,2025-11-27,7.74,0.018421,226843.69,177114.016
300284,2025-11-27,8.14,-0.023981,230286.27,188410.797
300285,2025-11-27,22.9,0.024609000000000002,258488.92,594628.186
300286,2025-11-27,22.89,0.027378999999999997,67803.85,156035.443
300287,2025-11-27,5.26,-0.024119,386293.11,204922.394
300288,2025-11-27,14.72,-0.018667,77159.16,114328.246
300289,2025-11-27,7.59,-0.025674000000000002,175382.0,134358.096
300290,2025-11-27,26.53,-0.008964999999999999,164710.05,442856.742
300291,2025-11-27,5.86,-0.011803999999999999,140832.73,82477.278
300292,2025-11-27,4.74,-0.010438000000000001,279853.0,133550.519
300293,2025-11-27,22.73,-0.016017,67938.0,155464.364
300294,2025-11-27,23.86,0.000419,30280.06,72362.247
300295,2025-11-27,14.78,0.007498,201952.8,297637.273
300296,2025-11-27,6.16,0.003257,351672.67,218203.483
300298,2025-11-27,17.85,-0.005571,34250.0,61161.354
300299,2025-11-27,7.53,-0.06806899999999999,1415482.13,1093103.269
300300,2025-11-27,13.78,0.06,1814942.9,2440425.486
300301,2025-11-27,2.54,0.016,111883.02,28225.327
300302,2025-11-27,19.26,0.025559,222196.81,427634.516
300303,2025-11-27,6.57,0.012327,444421.1,294778.583
300304,2025-11-27,11.21,0.00991,139236.49,157081.638
300305,2025-11-27,6.52,0.0015359999999999998,65149.0,42236.884
300306,2025-11-27,14.07,0.046097,221706.28,308665.187
300307,2025-11-27,7.68,-0.020408,260306.0,202892.988
300308,2025-11-27,524.0,-0.035382,437327.67,23641332.187
300310,2025-11-27,6.36,-0.037821,606470.95,392135.448
300311,2025-11-27,4.82,-0.0061860000000000005,92994.63,45097.677
300313,2025-11-27,9.85,0.028184,73138.04,71273.811
300314,2025-11-27,13.39,0.005254999999999999,20044.0,26829.809
300315,2025-11-27,5.19,-0.01518,570600.7,299737.889
300316,2025-11-27,35.53,-0.015517000000000001,218564.56,792741.977
300317,2025-11-27,3.94,0.018088,287801.0,113085.947
300318,2025-11-27,6.89,-0.022695,327814.89,226655.423
300319,2025-11-27,11.75,0.00256,166875.82,197961.294
300320,2025-11-27,9.8,0.009269,71933.65,70540.967
300321,2025-11-27,47.78,0.042549000000000003,27025.0,128503.309
300322,2025-11-27,21.45,0.009887,134979.87,291275.269
300323,2025-11-27,7.67,0.0,141886.72,109364.689
300324,2025-11-27,5.9,-0.028007,1133726.64,675213.749
300326,2025-11-27,5.79,0.006957,42459.0,24434.315
300327,2025-11-27,28.47,0.023732000000000003,212199.88,610100.841
300328,2025-11-27,16.54,0.041562,568872.96,948479.289
300329,2025-11-27,16.83,0.008993,56530.4,94680.414
300331,2025-11-27,30.68,-0.02665,122614.98,383388.698
300332,2025-11-27,5.6,0.012658,161901.83,90545.132
300333,2025-11-27,11.18,-0.014109,66079.4,74590.871
300334,2025-11-27,7.59,0.012,60096.0,45487.815
300335,2025-11-27,5.93,0.010221000000000001,108913.09,64614.209
300337,2025-11-27,9.93,-0.004012,192530.56,193420.295
300338,2025-11-27,4.11,-0.035211,93084.02,38758.266
300339,2025-11-27,51.84,-0.027939,335004.94,1756172.404
300340,2025-11-27,13.78,0.028357999999999998,146573.2,203276.241
300341,2025-11-27,16.45,-0.016148,56510.0,93605.148
300342,2025-11-27,18.56,0.0076,211898.28,389796.817
300343,2025-11-27,5.85,0.019164,273551.8,161343.272
300344,2025-11-27,3.56,-0.075325,463855.0,165361.569
300345,2025-11-27,6.49,0.003091,86481.0,56222.631
300346,2025-11-27,37.93,-0.027685,437758.56,1702909.393
300347,2025-11-27,51.2,0.002349,81701.47,419382.844
300348,2025-11-27,13.7,-0.007246,107420.89,148234.019
300349,2025-11-27,13.0,0.003861,56462.51,73817.672
300350,2025-11-27,7.22,0.018335999999999998,515776.16,362979.512
300351,2025-11-27,16.53,-0.004816,57340.6,95734.618
300352,2025-11-27,5.75,-0.018771,292117.01,169394.594
300353,2025-11-27,20.19,-0.009323,171284.66,348813.462
300354,2025-11-27,42.51,0.007585,36438.89,155395.335
300355,2025-11-27,4.2,0.014493,739180.83,312180.582
300357,2025-11-27,30.97,-0.010227,34902.5,108814.638
300358,2025-11-27,9.27,-0.009615,208885.02,194462.111
300359,2025-11-27,5.77,-0.013675,110934.5,64309.395
300360,2025-11-27,16.29,-0.006706999999999999,125020.4,205117.443
300363,2025-11-27,23.72,0.006791,70519.2,167492.146
300364,2025-11-27,27.35,-0.036293,612673.39,1704476.511
300365,2025-11-27,6.72,-0.0014860000000000001,114990.5,77110.499
300366,2025-11-27,6.56,-0.023809999999999998,123912.0,82575.744
300368,2025-11-27,15.0,0.013514,361390.05,547860.392
300369,2025-11-27,8.42,-0.0070750000000000006,202768.0,170690.556
300370,2025-11-27,2.84,-0.006993,174563.99,49712.064
300371,2025-11-27,12.69,0.016013,22698.0,28660.594
300373,2025-11-27,64.05,-0.001092,99750.99,649079.95
300374,2025-11-27,17.03,-0.045404,222620.4,380901.049
300375,2025-11-27,5.17,0.0038829999999999997,119778.24,62077.938
300376,2025-11-27,5.69,-0.015571,218132.0,126774.311
300377,2025-11-27,16.61,-0.0071730000000000006,157062.01,263296.638
300378,2025-11-27,43.24,-0.019501,96730.78,422917.469
300380,2025-11-27,40.96,-0.008232,17132.0,70657.781
300381,2025-11-27,7.03,0.004286,48716.0,34152.768
300382,2025-11-27,15.68,0.012920000000000001,150249.7,235654.724
300383,2025-11-27,12.7,-0.020062000000000003,300211.18,385635.72
300384,2025-11-27,15.58,0.00322,17475.43,27253.103
300385,2025-11-27,6.93,0.079439,331330.4,226852.735
300386,2025-11-27,16.65,-0.004187,32188.0,53911.413
300387,2025-11-27,8.94,0.014756,49033.38,43718.012
300388,2025-11-27,9.24,0.017621,175787.6,160735.937
300389,2025-11-27,16.01,0.0031330000000000004,26825.8,43116.623
300390,2025-11-27,50.13,-0.004567,588184.01,2948514.89
300391,2025-11-27,2.29,-0.080321,409324.0,95811.891
300393,2025-11-27,7.04,-0.001418,527640.72,374254.154
300394,2025-11-27,155.09,-0.011851,431450.06,6873642.602
300395,2025-11-27,78.61,0.016420999999999998,302108.87,2440210.583
300396,2025-11-27,13.48,0.006721,19751.8,26554.315
300397,2025-11-27,13.62,-0.008733999999999999,335149.02,456607.274
300398,2025-11-27,21.38,0.012311,188736.09,407645.565
300399,2025-11-27,25.27,-0.002762,24300.0,61761.24
300400,2025-11-27,20.24,0.019133999999999998,68335.0,138914.816
300401,2025-11-27,14.36,0.050475000000000006,303480.56,430615.946
300402,2025-11-27,20.8,0.001444,61011.0,127057.802
300403,2025-11-27,13.48,-0.01534,175509.6,238289.965
300404,2025-11-27,10.04,-0.000995,74052.04,74213.068
300405,2025-11-27,7.33,0.026611,296674.8,214914.327
300406,2025-11-27,13.3,0.003017,28279.3,37511.961
300407,2025-11-27,13.82,0.035206,316077.26,436407.33
300408,2025-11-27,43.75,-0.005682,163892.04,725707.436
300409,2025-11-27,21.31,0.009474,211324.72,454510.241
300410,2025-11-27,8.68,0.014018999999999998,122194.95,106245.965
300411,2025-11-27,11.6,0.018437,91802.31,107284.527
300412,2025-11-27,5.71,0.025135,180835.2,102231.857
300413,2025-11-27,25.68,-0.014202999999999999,120394.98,311393.042
300414,2025-11-27,12.12,-0.025723,113571.29,138772.185
300415,2025-11-27,24.04,0.008389,65343.0,157679.779
300416,2025-11-27,14.98,-0.005972,66318.26,99843.889
300417,2025-11-27,13.19,0.013836,30361.7,39755.364
300418,2025-11-27,43.85,-0.029008,633942.18,2828601.744
300419,2025-11-27,6.69,-0.02193,81697.0,55237.231
300420,2025-11-27,4.08,0.030303,481235.36,197007.077
300421,2025-11-27,22.36,0.116883,522220.63,1127739.889
300422,2025-11-27,5.12,0.013861000000000002,69473.24,35375.814
300423,2025-11-27,7.53,0.002663,125832.03,94063.093
300424,2025-11-27,16.83,0.008993,133891.0,224657.354
300425,2025-11-27,5.11,0.003929,71474.82,36518.021
300426,2025-11-27,8.78,-0.018994,52174.0,46092.786
300427,2025-11-27,8.59,0.05269599999999999,1161085.76,983458.899
300428,2025-11-27,20.75,-0.004319,81324.87,170510.595
300429,2025-11-27,13.4,0.004497999999999999,151113.4,203477.016
300430,2025-11-27,18.2,0.00055,26006.0,47492.751
300432,2025-11-27,15.54,0.009747,431504.43,674714.151
300433,2025-11-27,27.18,-0.010557,556130.99,1534341.96
300434,2025-11-27,13.0,0.029295,509885.0,644390.387
300435,2025-11-27,19.14,0.00157,43590.55,84052.163
300436,2025-11-27,99.66,-0.012485,50866.0,510568.78
300437,2025-11-27,19.89,0.047393,722259.9,1424616.756
300438,2025-11-27,55.2,0.146417,625764.38,3361731.246
300439,2025-11-27,10.54,0.010546999999999999,37183.0,39034.238
300440,2025-11-27,11.96,-0.012386,47028.16,56663.226
300441,2025-11-27,7.68,0.007873999999999999,34502.9,26541.407
300442,2025-11-27,47.86,-0.013603,147916.55,714085.165
300443,2025-11-27,26.41,0.014598999999999999,96119.33,256336.738
300444,2025-11-27,9.2,-0.009688,509411.35,476448.678
300445,2025-11-27,20.5,0.021934,36995.0,75928.69
300446,2025-11-27,19.01,-0.016555,214867.0,412213.562
300447,2025-11-27,15.45,0.021825,86313.96,132374.401
300448,2025-11-27,7.72,-0.028931,279647.0,217394.359
300449,2025-11-27,7.41,0.048091,157877.0,114796.316
300450,2025-11-27,48.33,-0.003505,557941.21,2746275.357
300451,2025-11-27,5.17,-0.026365,460054.86,240068.229
300452,2025-11-27,14.83,0.006106,120118.0,177514.913
300453,2025-11-27,9.26,-0.0010789999999999999,45231.58,42057.752
300454,2025-11-27,115.77,-0.010513,41900.01,488103.905
300455,2025-11-27,24.74,0.036013,653980.62,1582407.358
300456,2025-11-27,48.48,0.151818,2227549.96,10680753.317
300457,2025-11-27,27.53,0.007318,134723.41,374856.768
300458,2025-11-27,41.91,0.000239,213680.28,907422.306
300459,2025-11-27,4.96,-0.033138,2081687.74,1045819.14
300460,2025-11-27,10.36,0.007782,178052.0,183902.781
300461,2025-11-27,20.18,0.000496,12288.4,24842.412
300462,2025-11-27,11.85,0.027753999999999997,33599.0,39289.558
300463,2025-11-27,11.43,-0.004355,43644.08,50046.719
300464,2025-11-27,7.4,0.0,239966.0,178566.027
300465,2025-11-27,21.67,-0.017234,211555.61,463936.041
300466,2025-11-27,9.79,0.004103,51108.4,50030.082
300467,2025-11-27,25.97,-0.02037,80192.0,209578.079
300468,2025-11-27,32.59,0.001537,129851.0,426291.022
300469,2025-11-27,62.67,0.010806,69937.12,445485.721
300470,2025-11-27,35.07,0.002286,13808.0,48610.346
300471,2025-11-27,12.48,0.001605,181864.03,232615.106
300472,2025-11-27,9.13,-0.003275,152373.38,138958.435
300473,2025-11-27,28.42,0.016089,29388.39,83415.261
300474,2025-11-27,73.1,-0.0071979999999999995,103268.59,760165.467
300475,2025-11-27,133.42,0.00015,493533.74,6723435.574
300476,2025-11-27,277.17,0.0006140000000000001,373765.81,10550211.592
300477,2025-11-27,3.82,-0.007792,1999880.36,786756.615
300478,2025-11-27,29.05,-0.044408,101885.8,298076.054
300479,2025-11-27,19.84,-0.008,38557.0,76857.199
300480,2025-11-27,15.61,0.007747,40535.74,63789.589
300481,2025-11-27,16.72,-0.028472,193496.67,327643.465
300482,2025-11-27,20.97,0.0023899999999999998,32199.12,67529.071
300483,2025-11-27,15.15,0.008655000000000001,106198.89,160787.951
300484,2025-11-27,19.2,0.012658,34846.0,67307.947
300485,2025-11-27,11.95,-0.009121,111549.0,133025.743
300486,2025-11-27,21.06,-0.008008,83991.11,177417.805
300487,2025-11-27,52.34,-0.006077,31941.84,169458.822
300488,2025-11-27,30.77,0.00228,7291.0,22518.671
300489,2025-11-27,40.89,-0.00414,9924.0,40712.652
300490,2025-11-27,13.02,0.2,656582.0,796977.554
300491,2025-11-27,26.34,-0.020818,51989.0,138780.846
300492,2025-11-27,67.66,-0.011108,12015.41,81721.522
300493,2025-11-27,20.66,0.027860999999999997,414840.7,854917.616
300494,2025-11-27,12.35,-0.013578,105158.2,131043.048
300496,2025-11-27,63.95,0.0,100902.41,645214.846
300497,2025-11-27,16.27,0.038953,1010149.12,1630818.199
300498,2025-11-27,17.76,-0.0011250000000000001,239500.97,427264.64
300499,2025-11-27,25.95,-0.00992,156897.62,414513.991
300500,2025-11-27,17.16,0.063856,244980.45,400398.972
300501,2025-11-27,16.34,0.020612,33499.0,54739.424
300502,2025-11-27,340.8,0.029234,631253.16,22023299.079
300503,2025-11-27,27.51,-0.022735,127771.13,354228.982
300504,2025-11-27,14.2,0.007092,28423.0,40331.751
300505,2025-11-27,22.11,0.04194200000000001,241105.55,532963.899
300506,2025-11-27,4.56,-0.035941,127025.4,58453.976
300507,2025-11-27,8.93,0.028801999999999998,207927.02,185096.896
300508,2025-11-27,34.38,-0.002032,19218.4,65899.165
300509,2025-11-27,12.88,0.200373,291000.53,358920.041
300510,2025-11-27,4.26,0.007092,120845.0,51458.72
300511,2025-11-27,6.92,-0.017044999999999998,144068.0,100099.99
300512,2025-11-27,9.5,0.007423,66380.0,62717.814
300513,2025-11-27,9.85,-0.012036,53694.16,53237.893
300514,2025-11-27,13.44,0.011287,33428.0,44961.751
300515,2025-11-27,19.6,0.0015329999999999999,14174.0,27885.359
300516,2025-11-27,49.68,-0.068791,226454.71,1146080.05
300517,2025-11-27,11.84,-0.010860000000000002,42435.6,50172.471
300518,2025-11-27,17.4,-0.015837,112425.4,194402.969
300519,2025-11-27,16.66,0.034783,47673.1,77932.297
300520,2025-11-27,34.22,-0.016949000000000002,178485.75,619526.863
300521,2025-11-27,29.96,0.012504,41981.99,127163.219
300522,2025-11-27,13.25,0.01145,49313.8,65558.779
300523,2025-11-27,26.2,-0.024209,210739.81,598464.257
300525,2025-11-27,13.98,-0.016878,217084.6,305499.808
300527,2025-11-27,8.58,-0.0057940000000000005,229763.94,199023.075
300528,2025-11-27,20.8,-0.023016000000000002,156796.0,328006.747
300529,2025-11-27,20.09,0.003998,25413.8,51152.817
300530,2025-11-27,29.51,0.015485,27021.25,79946.958
300531,2025-11-27,17.39,0.001151,43588.0,76284.713
300532,2025-11-27,11.9,0.001684,28318.6,33777.291
300533,2025-11-27,34.99,-0.0037019999999999996,55540.75,196145.739
300534,2025-11-27,10.55,0.007641,193316.5,201371.234
300535,2025-11-27,19.7,0.015988,26885.34,52698.609
300536,2025-11-27,8.38,0.034568,82812.8,68746.93
300537,2025-11-27,22.62,-0.002646,30794.1,70160.74
300538,2025-11-27,17.37,-0.0028699999999999997,183018.82,321262.356
300539,2025-11-27,43.58,-0.013581000000000001,43382.1,191026.235
300540,2025-11-27,17.78,0.011952,40720.9,72980.47
300541,2025-11-27,14.62,-0.006118,74344.18,109433.764
300542,2025-11-27,17.96,-0.011013,40406.0,73075.142
300543,2025-11-27,10.8,0.015992,52009.45,56180.283
300545,2025-11-27,33.83,0.200071,234961.41,762388.779
300546,2025-11-27,23.68,-0.011273,24170.0,57577.19
300547,2025-11-27,33.83,-0.005877,57472.2,196941.48
300548,2025-11-27,117.8,-0.038367,476536.85,5819021.866
300549,2025-11-27,19.25,0.015295000000000001,16054.0,30837.051
300550,2025-11-27,13.91,-0.012074,34594.0,48075.06
300551,2025-11-27,13.27,-0.001505,146850.05,194243.149
300552,2025-11-27,25.02,0.001601,18296.6,45816.661
300553,2025-11-27,33.08,-0.005412,10730.9,35776.493
300554,2025-11-27,24.09,0.018605,51912.86,126050.531
300555,2025-11-27,12.69,-0.011682,41840.0,53241.486
300556,2025-11-27,21.03,-0.005203,48494.0,101842.269
300557,2025-11-27,28.58,0.014194,41478.25,120060.254
300558,2025-11-27,49.31,-0.005044,34788.95,172651.064
300559,2025-11-27,11.98,0.004190999999999999,67148.24,80446.161
300560,2025-11-27,18.1,0.042026,374638.62,668611.443
300561,2025-11-27,14.2,-0.006993,34300.21,49094.557
300562,2025-11-27,14.49,0.020423,215634.11,314527.137
300563,2025-11-27,35.85,0.003078,26136.78,94293.906
300564,2025-11-27,15.9,-0.00625,26426.0,42072.891
300565,2025-11-27,12.64,-0.003155,200984.78,255228.545
300566,2025-11-27,18.26,0.016704,40990.93,74918.147
300567,2025-11-27,65.36,-0.006234,44357.0,295117.977
300568,2025-11-27,15.09,0.000663,730150.16,1113094.122
300569,2025-11-27,5.95,0.0033729999999999997,157232.48,94219.648
300570,2025-11-27,107.5,0.075108,395346.26,4245085.392
300571,2025-11-27,30.0,-0.004975,36130.75,108915.789
300572,2025-11-27,27.85,0.0028810000000000003,36668.0,101785.924
300573,2025-11-27,71.04,-0.002667,38013.56,271465.848
300575,2025-11-27,6.07,0.009982999999999999,79080.1,47988.001
300576,2025-11-27,34.67,-0.002302,38892.34,135956.847
300577,2025-11-27,24.06,0.010924,13583.0,32771.924
300578,2025-11-27,18.51,-0.00857,47623.01,88628.281
300579,2025-11-27,30.0,-0.009901,31834.18,96047.612
300580,2025-11-27,23.52,0.0,34122.0,80693.691
300581,2025-11-27,17.54,0.006888999999999999,438734.09,772057.303
300582,2025-11-27,14.04,0.015184,58620.0,82366.618
300583,2025-11-27,15.3,0.014589000000000001,28132.57,42424.503
300584,2025-11-27,56.16,-0.001955,70666.19,392996.614
300585,2025-11-27,18.0,-0.11634800000000001,201565.0,375715.845
300586,2025-11-27,10.31,0.022816999999999997,187409.97,194281.297
300587,2025-11-27,7.7,0.092199,620625.24,466332.488
300588,2025-11-27,30.28,0.054685,177867.4,532832.514
300589,2025-11-27,21.57,0.016973000000000002,879763.28,1898064.157
300590,2025-11-27,12.23,0.001638,55049.31,67633.236
300591,2025-11-27,9.77,-0.044966,444078.0,442457.742
300592,2025-11-27,12.15,-0.003281,360780.39,448026.891
300593,2025-11-27,23.93,-0.026840000000000003,283763.66,691712.319
300594,2025-11-27,18.04,0.010644,18414.0,33154.55
300595,2025-11-27,15.66,0.000639,56648.17,88881.178
300596,2025-11-27,39.66,0.052548000000000004,76595.97,304290.862
300597,2025-11-27,9.52,0.009544,71382.0,67777.377
300598,2025-11-27,49.2,-0.03925,124242.6,621627.529
300599,2025-11-27,7.25,0.01683,50931.0,36704.055
300600,2025-11-27,16.44,-0.021429,146992.0,244657.554
300601,2025-11-27,16.15,-0.0043159999999999995,72303.89,117309.885
300602,2025-11-27,27.96,0.001791,153044.0,432006.766
300603,2025-11-27,10.24,-0.005825,57203.6,58828.305
300604,2025-11-27,75.91,-0.014156,200344.31,1547766.436
300605,2025-11-27,18.27,-0.066905,205430.46,377515.551
300606,2025-11-27,22.19,0.019761,38885.5,86659.323
300607,2025-11-27,28.85,-0.004142,67043.93,194948.652
300608,2025-11-27,12.28,-0.030015999999999998,116808.46,145169.586
300609,2025-11-27,44.0,-0.019608,87799.0,386193.471
300610,2025-11-27,12.23,0.082301,181774.12,219606.712
300611,2025-11-27,26.54,0.010278,63067.0,168345.453
300612,2025-11-27,18.97,-0.051500000000000004,456878.53,887963.565
300613,2025-11-27,43.91,0.002054,24871.71,109919.817
300614,2025-11-27,13.26,0.0015110000000000002,19012.0,25346.135
300615,2025-11-27,13.9,0.0050609999999999995,36337.3,50410.931
300616,2025-11-27,13.86,-0.008584000000000001,41787.0,58123.929
300617,2025-11-27,31.27,0.010013000000000001,13035.0,40869.7
300618,2025-11-27,43.51,-0.0032069999999999998,82519.9,362731.051
300619,2025-11-27,51.08,0.129589,330532.27,1657593.539
300620,2025-11-27,157.91,0.048191,416612.34,6613167.681
300621,2025-11-27,9.19,0.00989,46062.0,41998.258
300622,2025-11-27,31.49,0.020415000000000003,237370.94,752608.731
300623,2025-11-27,27.07,0.004079999999999999,99533.82,272327.484
300624,2025-11-27,76.24,-0.039193,196564.12,1517049.781
300625,2025-11-27,12.27,0.018257000000000002,17450.0,21371.792
300626,2025-11-27,15.55,0.150999,414013.87,638275.325
300627,2025-11-27,31.17,-0.010162,90136.31,281777.303
300628,2025-11-27,33.76,0.002078,50474.41,171014.795
300629,2025-11-27,18.48,-0.003774,24692.77,45673.171
300631,2025-11-27,29.09,0.001032,41186.0,120887.183
300632,2025-11-27,14.95,0.045454999999999995,360515.55,535630.097
300633,2025-11-27,27.43,0.002192,27009.0,74122.533
300634,2025-11-27,26.95,-0.013904000000000001,206680.37,559066.662
300635,2025-11-27,17.64,-0.009545,57150.0,101023.672
300636,2025-11-27,8.22,0.00612,45833.0,37534.392
300637,2025-11-27,11.94,0.009297999999999999,46652.03,55993.76
300638,2025-11-27,26.28,0.070905,525963.52,1386201.668
300639,2025-11-27,5.93,0.003384,52721.72,31112.174
300640,2025-11-27,7.59,0.03125,308735.7,234708.334
300641,2025-11-27,18.56,-0.003757,39948.85,74385.233
300642,2025-11-27,19.7,0.009739,39803.7,77927.228
300643,2025-11-27,19.99,0.009596,35750.7,71583.09
300644,2025-11-27,31.99,0.006291,16856.0,54265.083
300645,2025-11-27,18.78,0.003741,33747.0,63424.233
300647,2025-11-27,7.4,0.057143,413647.8,302796.146
300648,2025-11-27,48.58,-0.021945000000000003,63380.72,312257.983
300649,2025-11-27,15.76,0.004461,19498.0,30566.731
300650,2025-11-27,17.76,0.048406000000000005,143512.0,255809.188
300651,2025-11-27,21.32,0.017176,62615.69,133678.139
300652,2025-11-27,52.35,-0.018928,20921.2,110886.823
300653,2025-11-27,22.12,0.028837,115566.84,252628.81
300654,2025-11-27,10.94,-0.027555999999999997,266571.46,292928.028
300655,2025-11-27,15.46,0.021136,1054313.46,1652076.498
300656,2025-11-27,21.09,-0.0014199999999999998,19677.3,41613.296
300657,2025-11-27,27.3,-0.004013,103475.36,285164.252
300658,2025-11-27,11.25,0.063327,273356.09,299503.487
300659,2025-11-27,18.16,0.044878999999999995,325846.0,585752.167
300660,2025-11-27,47.17,-0.010281,60140.7,286014.237
300661,2025-11-27,64.24,-0.00803,90258.94,586532.114
300662,2025-11-27,27.27,-0.010163,26562.0,73083.066
300663,2025-11-27,17.95,-0.007739,91190.91,164532.697
300664,2025-11-27,5.65,0.00713,128129.53,72291.532
300665,2025-11-27,9.76,0.051724,188308.05,183077.998
300666,2025-11-27,83.86,-0.007104,67597.02,575255.274
300667,2025-11-27,16.04,0.006905,38750.0,62028.966
300668,2025-11-27,19.05,-0.013975,21893.0,41834.221
300669,2025-11-27,27.01,-0.027017000000000003,13388.5,36698.855
300670,2025-11-27,8.08,0.026684,84397.54,68450.201
300671,2025-11-27,33.82,0.013789000000000001,59571.94,204070.939
300672,2025-11-27,89.89,0.022407,119946.68,1093885.726
300673,2025-11-27,18.86,0.001062,83698.61,159813.426
300674,2025-11-27,22.23,-0.011121,65595.2,147041.755
300675,2025-11-27,17.17,-0.015482000000000001,58897.0,101435.655
300676,2025-11-27,46.37,-0.0038669999999999998,21563.65,100261.01
300677,2025-11-27,41.53,0.019391000000000002,145109.04,607620.065
300678,2025-11-27,30.42,-0.009443,30857.5,94682.211
300679,2025-11-27,46.85,0.012754000000000001,43502.56,204275.851
300680,2025-11-27,45.85,-0.013977999999999999,89691.09,415029.34
300681,2025-11-27,27.91,0.010866,47669.15,134057.705
300682,2025-11-27,16.36,-0.012077,196830.15,327003.547
300683,2025-11-27,31.61,0.055778,123487.75,383282.198
300684,2025-11-27,42.56,0.044417,247129.83,1050309.927
300685,2025-11-27,21.9,-0.00545,27364.94,60195.105
300686,2025-11-27,16.18,0.090296,395583.5,665169.877
300687,2025-11-27,23.34,-0.011016999999999999,61542.85,144636.431
300688,2025-11-27,29.73,-0.032541,84778.9,255490.654
300689,2025-11-27,47.66,0.004003,8794.2,42080.975
300690,2025-11-27,29.84,0.001342,25124.59,75460.034
300691,2025-11-27,17.24,0.011144000000000001,33569.61,58137.081
300692,2025-11-27,8.36,0.035935999999999996,124161.61,103239.25
300693,2025-11-27,38.7,-0.005141,149496.51,592525.616
300694,2025-11-27,12.15,0.0125,37600.0,45548.866
300695,2025-11-27,90.44,0.0052239999999999995,7838.3,71653.362
300696,2025-11-27,25.51,-0.02819,99064.61,253660.641
300697,2025-11-27,15.48,-0.016517999999999998,84633.12,132657.957
300698,2025-11-27,39.33,0.0015279999999999998,35736.0,141779.972
300699,2025-11-27,28.81,0.0,68679.68,197946.473
300700,2025-11-27,11.47,0.031475,53747.98,61075.261
300701,2025-11-27,12.08,0.013423000000000001,46330.88,56276.583
300702,2025-11-27,25.16,0.018210999999999998,28876.9,72061.562
300703,2025-11-27,25.03,0.011722,46890.75,118255.89
300705,2025-11-27,15.98,-0.006836999999999999,48583.6,77859.855
300706,2025-11-27,34.74,0.036396000000000005,108653.02,382858.616
300707,2025-11-27,15.6,0.024293999999999996,131942.99,205230.755
300708,2025-11-27,8.51,0.0059099999999999995,133219.15,113766.636
300709,2025-11-27,42.87,0.019015999999999998,54873.08,236660.079
300710,2025-11-27,28.53,0.025521,307936.64,905153.728
300711,2025-11-27,21.83,0.009713000000000001,39011.63,85082.725
300712,2025-11-27,27.57,0.006572,42315.81,117143.266
300713,2025-11-27,17.48,0.011574,26886.0,47125.619
300715,2025-11-27,10.93,-0.007266,24513.0,26847.26
300716,2025-11-27,11.53,-0.024535,24060.0,27874.327
300717,2025-11-27,19.69,0.009744000000000001,14226.0,27988.071
300718,2025-11-27,81.19,0.003957,45108.12,367316.032
300719,2025-11-27,16.85,-0.004137,63112.79,106298.248
300720,2025-11-27,27.08,-0.015631,28691.0,78121.302
300721,2025-11-27,14.34,0.0013969999999999998,39562.4,57065.719
300722,2025-11-27,33.18,-0.008664,86472.68,288729.874
300723,2025-11-27,51.63,-0.036034000000000004,78485.06,410053.176
300724,2025-11-27,84.28,-0.008237,107049.61,913353.899
300725,2025-11-27,38.12,0.00105,30264.33,115467.31
300726,2025-11-27,38.01,-0.0021,52056.0,200335.748
300727,2025-11-27,34.34,0.015075,24572.39,84764.812
300729,2025-11-27,14.12,0.000709,20944.62,29689.965
300730,2025-11-27,13.68,-0.0029149999999999996,72837.5,99976.671
300731,2025-11-27,48.79,0.051056,168232.4,822039.151
300732,2025-11-27,7.86,-0.003802,63145.12,49656.314
300733,2025-11-27,17.15,0.008824,22355.6,38379.435
300735,2025-11-27,25.59,0.0023499999999999997,128247.65,333151.186
300736,2025-11-27,20.6,0.015779,118053.4,240339.526
300737,2025-11-27,5.29,0.023211,213706.79,112225.807
300738,2025-11-27,19.14,-0.031866,387380.46,752165.655
300739,2025-11-27,16.62,0.005445,136002.09,227579.775
300740,2025-11-27,20.39,0.027204000000000002,280508.03,579708.883
300741,2025-11-27,17.3,0.0034799999999999996,9903.98,17221.856
300743,2025-11-27,17.95,0.010698000000000001,15715.0,28261.992
300745,2025-11-27,26.98,0.02081,64937.8,175836.566
300746,2025-11-27,13.35,0.01753,44751.5,59359.729
300747,2025-11-27,24.13,0.001245,59085.2,143443.802
300748,2025-11-27,33.27,-0.003594,259587.85,875995.14
300749,2025-11-27,10.94,0.020522,105949.6,115131.167
300750,2025-11-27,371.2,-0.004345,222002.59,8289124.681
300751,2025-11-27,113.17,0.067642,156449.41,1773151.872
300752,2025-11-27,18.35,0.009351,31602.0,58273.335
300753,2025-11-27,26.09,0.00617,26543.0,69367.771
300755,2025-11-27,18.77,-0.012624999999999999,38093.0,72138.352
300756,2025-11-27,60.89,0.055652,79960.8,484656.974
300757,2025-11-27,205.59,-0.007435000000000001,47621.16,995617.475
300758,2025-11-27,13.22,-0.002264,36254.3,48358.368
300759,2025-11-27,28.87,-0.000692,119882.61,347764.124
300760,2025-11-27,196.3,0.014995000000000001,71969.72,1404717.501
300761,2025-11-27,20.29,-0.004904,66359.09,135872.962
300762,2025-11-27,26.4,0.009174,356204.32,932247.811
300763,2025-11-27,71.58,-0.009273,96259.06,700537.054
300765,2025-11-27,33.03,-0.0015110000000000002,107711.2,357307.088
300766,2025-11-27,33.98,-0.020184999999999998,119230.92,409523.199
300767,2025-11-27,20.75,-0.0086,58272.31,120962.413
300768,2025-11-27,19.23,0.007334,70753.42,136315.213
300769,2025-11-27,47.25,0.013948,247891.71,1180236.286
300770,2025-11-27,43.82,0.0,15422.74,67720.499
300771,2025-11-27,13.22,-0.002264,39960.09,52977.301
300772,2025-11-27,16.98,-0.01049,87774.15,150617.26
300773,2025-11-27,22.03,-0.006314999999999999,89065.03,197681.725
300774,2025-11-27,19.34,0.002073,351413.96,693469.856
300775,2025-11-27,27.82,-0.013825,224986.97,631352.518
300776,2025-11-27,59.7,0.002519,24778.63,149142.118
300777,2025-11-27,29.98,0.001002,38314.36,115122.853
300778,2025-11-27,12.99,-0.004598,23051.45,29958.108
300779,2025-11-27,142.15,-0.022418999999999998,35537.01,510753.069
300780,2025-11-27,17.3,0.011696,44562.99,77192.321
300781,2025-11-27,38.95,-0.033019,104246.04,412108.103
300782,2025-11-27,69.85,-0.002143,47585.4,333213.887
300783,2025-11-27,22.51,-0.007058,53035.0,120490.59
300784,2025-11-27,50.76,0.01035,4271.0,21690.287
300785,2025-11-27,46.96,-0.041632999999999996,315590.7,1522729.569
300786,2025-11-27,16.1,0.0,73696.4,119113.227
300787,2025-11-27,11.82,0.017212,40506.0,47878.709
300788,2025-11-27,29.35,-0.015761,30012.57,89335.514
300789,2025-11-27,23.84,0.012314,8556.0,20423.499
300790,2025-11-27,28.33,0.003898,78147.0,224323.621
300791,2025-11-27,22.73,-0.010447999999999999,33155.0,75913.075
300792,2025-11-27,31.46,-0.037626,138078.7,440579.172
300793,2025-11-27,18.1,-0.0038529999999999997,455665.89,832249.4
300795,2025-11-27,15.35,0.02951,152836.1,235397.703
300796,2025-11-27,9.1,0.0,44482.64,40614.347
300797,2025-11-27,16.01,-0.00187,20448.0,32897.028
300798,2025-11-27,7.71,0.0012989999999999998,54274.0,42005.239
300800,2025-11-27,11.81,0.010265,22860.5,26931.383
300801,2025-11-27,30.07,0.038329,180037.8,539446.561
300802,2025-11-27,19.42,0.022105,33810.86,65848.715
300803,2025-11-27,121.0,-0.008522,163805.21,2005126.943
300804,2025-11-27,35.72,0.007048,5628.43,20173.63
300805,2025-11-27,12.34,-0.007241,100888.6,124790.066
300806,2025-11-27,26.67,0.012912999999999999,91382.0,244864.781
300807,2025-11-27,48.35,0.030038,28390.0,137161.666
300808,2025-11-27,28.88,0.014045,16869.0,48982.912
300809,2025-11-27,38.1,0.005808,31155.6,118905.373
300810,2025-11-27,39.62,-0.013937,37488.0,149502.071
300811,2025-11-27,69.6,-0.083246,157382.76,1141217.778
300812,2025-11-27,24.1,0.017307,54773.8,132921.851
300813,2025-11-27,27.2,0.048978,39326.3,106254.843
300814,2025-11-27,85.27,-0.06747600000000001,243806.54,2125628.823
300815,2025-11-27,22.82,-0.015955,75189.2,172881.88
300816,2025-11-27,44.92,0.029331,26782.0,119239.017
300817,2025-11-27,18.62,0.001614,14164.5,26481.384
300818,2025-11-27,30.3,0.007314,10479.0,31921.848
300819,2025-11-27,23.35,-0.018082,15745.89,37030.272
300820,2025-11-27,59.05,0.0068200000000000005,84846.32,507163.549
300821,2025-11-27,13.75,0.080126,1287493.8,1755930.191
300822,2025-11-27,18.5,0.0059819999999999995,82448.31,151460.681
300823,2025-11-27,16.0,0.013942000000000001,21377.18,33998.474
300824,2025-11-27,12.23,0.013255999999999999,28694.29,35048.665
300825,2025-11-27,10.16,-0.010711,50933.76,52062.781
300826,2025-11-27,17.23,0.000581,24344.64,41860.311
300827,2025-11-27,36.4,0.005247000000000001,465762.53,1724624.978
300828,2025-11-27,16.3,0.013052,29586.0,48253.21
300829,2025-11-27,17.64,0.008,24405.8,43151.311
300830,2025-11-27,11.32,-0.023296,169205.93,193261.583
300831,2025-11-27,13.27,0.014525999999999999,33192.0,44208.162
300832,2025-11-27,58.28,-0.009854,31168.34,181740.5
300833,2025-11-27,41.77,-0.001196,4564.5,19185.774
300834,2025-11-27,23.05,0.019912,13326.98,30494.619
300835,2025-11-27,61.61,-0.018324,42482.8,263956.829
300836,2025-11-27,51.12,-0.007379,20141.02,104864.969
300837,2025-11-27,26.0,0.020408,18773.0,48807.027
300838,2025-11-27,14.98,0.016282,15563.0,23225.849
300839,2025-11-27,12.37,0.009796000000000001,23522.38,29114.667
300840,2025-11-27,19.47,-0.015672,122936.9,242472.764
300841,2025-11-27,80.13,0.015718,24903.17,199724.462
300842,2025-11-27,55.93,0.005574,42778.85,240895.323
300843,2025-11-27,44.99,0.000445,34605.0,157609.036
300844,2025-11-27,38.28,-0.000522,16985.86,64758.323
300845,2025-11-27,11.54,0.0017360000000000001,31832.44,36798.558
300846,2025-11-27,20.87,-0.021566000000000002,185234.32,389693.799
300847,2025-11-27,18.67,0.0032240000000000003,134537.03,249630.017
300848,2025-11-27,14.93,0.012889999999999999,43226.85,64273.198
300849,2025-11-27,15.17,0.00066,22041.0,33565.284
300850,2025-11-27,46.41,-0.013183,107214.6,506113.109
300851,2025-11-27,27.68,0.013177000000000001,7189.0,19844.615
300852,2025-11-27,35.83,0.013579,26388.4,94931.62
300853,2025-11-27,20.84,0.0062770000000000005,16419.0,34223.737
300854,2025-11-27,17.43,0.014552,22870.0,39665.604
300855,2025-11-27,27.28,0.009249,47849.61,130839.694
300856,2025-11-27,16.15,0.091216,310694.38,489157.657
300857,2025-11-27,137.51,-0.003984,74525.34,1042233.331
300858,2025-11-27,17.91,-0.0044469999999999996,43629.1,78331.279
300859,2025-11-27,35.63,0.0036620000000000003,51446.0,184618.085
300860,2025-11-27,27.54,-0.001088,27560.4,76527.04
300861,2025-11-27,15.04,0.014844999999999999,82395.72,124010.197
300862,2025-11-27,25.92,0.010133000000000001,37074.84,96615.84
300863,2025-11-27,48.2,0.003748,21261.18,102623.417
300864,2025-11-27,20.32,0.007437,13426.24,27276.419
300865,2025-11-27,28.86,0.009444000000000001,12236.97,35380.8
300866,2025-11-27,110.7,0.040414000000000005,88512.8,975555.169
300867,2025-11-27,22.93,0.06552,293453.77,666943.488
300868,2025-11-27,27.7,-0.008945,18094.31,50591.969
300869,2025-11-27,16.74,0.0035970000000000004,38532.81,64380.692
300870,2025-11-27,212.5,-0.038418,72127.0,1564195.187
300871,2025-11-27,19.62,0.005123,23354.61,45980.813
300872,2025-11-27,19.81,-0.005522,66436.15,132606.772
300873,2025-11-27,22.07,0.007303,16481.2,36431.19
300875,2025-11-27,45.77,-0.02617,60460.71,280564.561
300876,2025-11-27,32.5,-0.015747999999999998,28656.99,92848.67
300877,2025-11-27,26.19,0.019066,22822.0,59594.102
300878,2025-11-27,27.21,0.046941,55917.64,151724.578
300879,2025-11-27,27.99,0.001431,16749.63,47014.757
300880,2025-11-27,18.51,0.005432,12416.15,22994.11
300881,2025-11-27,32.58,0.010233,10788.0,35186.782
300882,2025-11-27,18.94,0.0021160000000000003,51507.3,98417.74
300883,2025-11-27,6.91,0.031343,95532.79,65455.971
300884,2025-11-27,14.02,0.030125000000000002,125497.0,176871.456
300885,2025-11-27,19.8,0.006609,21910.9,43414.614
300886,2025-11-27,27.32,0.022455,16185.0,43972.403
300887,2025-11-27,8.45,0.003563,56209.43,47553.152
300888,2025-11-27,39.11,-0.002296,26836.54,105754.964
300890,2025-11-27,31.96,0.021739,77515.27,248474.956
300891,2025-11-27,8.97,0.011274,42426.99,38161.368
300892,2025-11-27,33.7,-0.028818,36941.0,125726.288
300893,2025-11-27,23.5,-0.006762000000000001,20281.22,48312.225
300894,2025-11-27,12.32,0.004075,34069.03,42061.761
300895,2025-11-27,45.21,-0.015462,24867.5,113296.092
300896,2025-11-27,146.26,0.008342,29022.13,425503.773
300897,2025-11-27,24.78,0.062152000000000006,60557.32,151982.686
300898,2025-11-27,27.78,-0.009626000000000001,36861.0,103038.314
300899,2025-11-27,33.66,0.0231,11737.0,38979.115
300900,2025-11-27,17.34,0.007554,47626.45,82670.624
300901,2025-11-27,16.47,0.001825,17733.0,29196.108
300902,2025-11-27,23.34,0.052774,337866.65,838254.693
300903,2025-11-27,16.26,0.000615,213941.73,352921.197
300904,2025-11-27,67.69,0.00014800000000000002,8589.0,58689.86
300905,2025-11-27,31.71,0.012129000000000001,25287.0,80364.375
300906,2025-11-27,35.78,0.097546,67421.19,234773.668
300907,2025-11-27,34.94,0.016289,42504.16,147754.032
300908,2025-11-27,28.88,-0.003107,12125.91,35156.13
300909,2025-11-27,43.5,0.028855,40533.63,175772.036
300910,2025-11-27,55.61,-0.010322,17035.0,95638.14
300911,2025-11-27,36.66,-0.009992,23061.0,85422.084
300912,2025-11-27,17.41,0.027139000000000003,38175.31,65691.037
300913,2025-11-27,50.35,0.02379,99301.36,502520.478
300915,2025-11-27,25.59,0.0066879999999999995,5250.6,13415.666
300916,2025-11-27,34.6,0.027315999999999997,17142.5,59166.711
300917,2025-11-27,41.49,-0.007891,74906.27,310013.249
300918,2025-11-27,18.16,0.012827999999999999,84345.42,154762.83
300919,2025-11-27,41.62,-0.0035909999999999996,87703.18,369949.635
300920,2025-11-27,39.54,-0.006782,10802.0,42888.333
300921,2025-11-27,23.45,-0.01512,34977.87,82537.968
300922,2025-11-27,22.72,-0.0017569999999999999,20917.6,47698.033
300923,2025-11-27,26.18,0.014336,9811.0,25514.388
300925,2025-11-27,20.58,-0.011527,71139.86,147600.718
300926,2025-11-27,29.55,-0.007056,25056.43,74623.539
300927,2025-11-27,25.38,0.0,26348.0,67690.734
300928,2025-11-27,31.37,0.01357,12433.0,38922.049
300929,2025-11-27,11.33,0.006217,28594.6,32399.108
300930,2025-11-27,29.97,0.011816,9137.0,27485.905
300931,2025-11-27,11.26,0.036832,51224.0,56991.907
300932,2025-11-27,11.83,0.026019,68972.57,81319.194
300933,2025-11-27,8.02,0.015189999999999999,221529.3,181714.821
300935,2025-11-27,28.98,0.013996,12140.8,35231.279
300936,2025-11-27,37.4,0.022417,11953.0,44867.82
300937,2025-11-27,33.12,-0.036649,97469.05,319429.379
300938,2025-11-27,32.14,0.014841,90479.31,292691.105
300939,2025-11-27,33.05,-0.009293000000000001,65686.05,219296.802
300940,2025-11-27,26.68,0.002254,44645.13,119029.161
300941,2025-11-27,25.75,-0.011137,36671.0,95004.563
300942,2025-11-27,10.12,-0.001972,30618.0,31009.691
300943,2025-11-27,18.37,0.073641,165866.54,299520.473
300945,2025-11-27,17.19,-0.003478,52218.86,90582.282
300946,2025-11-27,48.99,-0.005279000000000001,8228.24,40446.15
300947,2025-11-27,19.97,-0.003493,56247.4,112740.255
300948,2025-11-27,16.96,-0.018519,111469.52,191931.927
300949,2025-11-27,46.45,0.010002,16750.5,77421.918
300950,2025-11-27,23.08,0.00786,26705.35,61622.883
300951,2025-11-27,33.6,0.021277,24068.43,81310.154
300952,2025-11-27,29.38,0.036332,80834.01,239057.434
300953,2025-11-27,146.27,0.015905,57127.64,849221.004
300955,2025-11-27,37.84,0.0,19564.51,74152.098
300956,2025-11-27,17.79,0.009648,43852.67,78432.482
300957,2025-11-27,41.68,0.007007,35579.14,149099.132
300958,2025-11-27,13.25,0.009909,29114.0,38397.27
300959,2025-11-27,124.8,-0.033233,52038.55,660583.388
300960,2025-11-27,24.49,0.008649,8256.68,20194.703
300961,2025-11-27,14.79,-0.0026969999999999997,24467.15,36285.169
300962,2025-11-27,18.17,-0.023118,121709.54,225097.975
300963,2025-11-27,18.42,-0.013918999999999999,80242.25,149221.944
300964,2025-11-27,51.82,0.000193,26171.35,137342.48
300965,2025-11-27,57.2,-0.007117,9830.0,55974.362
300966,2025-11-27,21.39,0.009915,16243.0,34579.874
300967,2025-11-27,19.79,0.014352,56897.0,113131.654
300968,2025-11-27,14.66,0.014533,195923.27,291053.999
300969,2025-11-27,96.0,-0.011634,17140.56,165343.667
300970,2025-11-27,17.1,-0.016676,31247.04,53387.434
300971,2025-11-27,23.77,0.015378000000000001,44607.6,105954.075
300972,2025-11-27,173.24,0.010145999999999999,10241.0,178060.709
300973,2025-11-27,39.18,-0.0005099999999999999,20428.0,80408.706
300975,2025-11-27,12.31,0.0048980000000000004,185924.46,230632.381
300976,2025-11-27,59.93,0.025145,18001.0,107455.85
300977,2025-11-27,19.27,0.009958,15066.75,28827.709
300978,2025-11-27,12.08,0.015125999999999999,197134.89,235448.631
300979,2025-11-27,61.19,0.019323999999999997,21365.0,130068.303
300980,2025-11-27,24.75,0.029106,66231.27,163202.218
300981,2025-11-27,14.51,-0.005483,93534.04,135325.468
300982,2025-11-27,17.9,0.002801,18379.0,33005.814
300983,2025-11-27,26.85,0.003738,15412.1,41326.805
300984,2025-11-27,58.63,0.003251,11534.2,67966.631
300985,2025-11-27,19.2,0.012124,16687.21,31965.186
300986,2025-11-27,11.28,0.07531,247128.01,276910.262
300987,2025-11-27,18.19,-0.006011,36480.83,66602.625
300988,2025-11-27,23.8,0.054497,76178.83,180548.647
300989,2025-11-27,18.58,0.0032400000000000003,61335.19,113705.772
300990,2025-11-27,67.78,0.004148,40817.07,283381.621
300991,2025-11-27,38.12,0.025834000000000003,21165.2,80439.303
300992,2025-11-27,25.17,0.05137800000000001,25889.0,63636.333
300993,2025-11-27,14.93,-0.015172000000000001,67875.17,102208.052
300994,2025-11-27,16.24,0.006196,19751.2,32146.643
300995,2025-11-27,37.18,0.014461,14463.73,53872.304
300996,2025-11-27,18.05,-0.015276000000000001,95935.11,174087.876
300997,2025-11-27,23.06,-0.117827,296278.13,706012.289
300998,2025-11-27,22.21,0.011845000000000001,18429.0,41101.185
300999,2025-11-27,29.64,0.001351,101991.11,302797.025
301000,2025-11-27,38.19,0.004207,30762.12,118264.6
301001,2025-11-27,36.46,-0.120174,185529.78,691969.332
301002,2025-11-27,30.3,0.004642,11335.73,34459.77
301003,2025-11-27,38.16,0.042622999999999994,15471.59,58064.954
301004,2025-11-27,56.22,0.010243,6609.98,37297.969
301005,2025-11-27,69.0,0.13300499999999998,287306.21,1847960.913
301006,2025-11-27,17.34,0.024217,16888.0,29164.634
301007,2025-11-27,34.62,0.009624,37144.0,130397.233
301008,2025-11-27,36.0,-0.023596,31625.38,114923.202
301009,2025-11-27,13.67,0.011843,67590.0,93095.514
301010,2025-11-27,23.03,0.00876,38054.11,88384.503
301011,2025-11-27,25.69,-0.00233,22968.61,59571.278
301012,2025-11-27,25.33,-0.017836,69371.96,179177.184
301013,2025-11-27,30.21,-0.078963,382796.2,1190782.142
301015,2025-11-27,22.33,0.0,23184.0,51735.039
301016,2025-11-27,18.36,-0.001088,14755.59,27170.884
301017,2025-11-27,14.0,-0.071618,228992.22,322448.501
301018,2025-11-27,53.75,-0.022372,59599.48,326804.163
301019,2025-11-27,26.02,0.010878,201407.11,533774.424
301020,2025-11-27,22.18,0.010018,8919.0,19803.667
301021,2025-11-27,38.36,0.039566,74951.38,288951.325
301022,2025-11-27,31.69,0.010523,17489.89,55525.832
301023,2025-11-27,37.0,0.010101,6579.79,24263.91
301024,2025-11-27,38.06,0.014933,9899.2,37632.636
301025,2025-11-27,10.53,-0.036597,228237.5,240672.682
301026,2025-11-27,25.23,0.0092,91271.64,236570.724
301027,2025-11-27,16.88,-0.016316999999999998,55620.6,94590.722
301028,2025-11-27,13.79,0.014717000000000001,83703.0,115459.634
301029,2025-11-27,25.38,0.005945000000000001,55955.9,142871.052
301030,2025-11-27,14.1,0.008584000000000001,43827.6,60983.749
301031,2025-11-27,101.36,0.007254,13797.19,140467.574
301032,2025-11-27,12.54,0.017032000000000002,30182.0,37762.239
301033,2025-11-27,65.91,0.013844,4255.47,28093.239
301035,2025-11-27,70.62,-0.008146,8751.84,62030.573
301036,2025-11-27,33.88,-0.023912,21889.05,74764.294
301037,2025-11-27,15.03,0.024540000000000003,16691.03,25001.041
301038,2025-11-27,23.91,-0.059401999999999996,91939.95,222192.696
301039,2025-11-27,9.9,0.0,119223.0,118248.681
301040,2025-11-27,26.44,-0.025432999999999997,172607.01,465097.89
301041,2025-11-27,31.38,-0.028784,115545.84,360096.967
301042,2025-11-27,71.45,-0.02083,11244.3,79871.632
301043,2025-11-27,55.13,0.200044,49087.8,254774.36
301045,2025-11-27,28.57,0.0066949999999999996,15391.45,44238.204
301046,2025-11-27,30.67,0.072753,119097.73,357617.048
301047,2025-11-27,68.75,0.005999,6860.1,47117.305
301048,2025-11-27,11.7,-0.009314,52084.14,61073.248
301049,2025-11-27,23.19,0.021136,17102.0,39378.356
301050,2025-11-27,43.65,-0.005242,21306.62,93513.214
301051,2025-11-27,21.33,0.005183999999999999,18071.88,38803.937
301052,2025-11-27,41.15,-0.014371,36899.99,152657.827
301053,2025-11-27,33.22,0.015902,5055.0,16764.032
301055,2025-11-27,19.98,0.024089999999999997,16231.0,32298.336
301056,2025-11-27,11.66,0.021911,20568.78,23852.582
301057,2025-11-27,29.65,0.078574,59067.0,173710.579
301058,2025-11-27,11.1,0.00726,83759.49,92563.333
301059,2025-11-27,12.63,0.015273000000000002,23905.14,30126.478
301060,2025-11-27,10.58,-0.019462,277029.74,292969.986
301061,2025-11-27,102.8,-0.0031030000000000003,13425.73,139924.789
301062,2025-11-27,8.08,0.021492,67326.11,54215.326
301063,2025-11-27,23.93,0.004618,14190.0,33991.508
301065,2025-11-27,22.33,0.021968,12329.89,27370.467
301066,2025-11-27,15.79,-0.018645000000000002,136025.09,220472.935
301067,2025-11-27,33.0,0.016323,46897.6,155622.812
301068,2025-11-27,29.17,0.033664,27972.81,81045.884
301069,2025-11-27,25.71,0.003121,220381.53,567885.958
301070,2025-11-27,57.16,0.047653999999999995,37031.76,210749.52
301071,2025-11-27,36.85,-0.0241,98223.81,365458.95
301072,2025-11-27,23.16,0.016680999999999998,8440.0,19425.019
301075,2025-11-27,47.62,-0.015098,21637.92,102730.456
301076,2025-11-27,42.06,0.004058,36677.25,155039.74
301077,2025-11-27,24.66,-0.027986,33033.02,83515.993
301078,2025-11-27,9.99,-0.009911,159661.95,160938.791
301079,2025-11-27,24.01,0.001251,15061.5,36277.809
301080,2025-11-27,58.7,0.006515999999999999,9750.4,57450.387
301081,2025-11-27,11.0,0.016635999999999998,19351.8,21181.106
301082,2025-11-27,17.67,-0.0016950000000000001,43887.0,77996.448
301083,2025-11-27,24.79,-0.020932,89327.22,222606.028
301085,2025-11-27,52.49,-0.008125,10064.37,53256.831
301086,2025-11-27,89.5,0.02099,21191.02,188892.156
301087,2025-11-27,41.84,0.0,7762.5,32700.121
301088,2025-11-27,15.01,0.000667,36999.8,55824.355
301089,2025-11-27,34.34,0.015976,62396.09,211629.347
301090,2025-11-27,7.38,0.0,69901.73,51464.759
301091,2025-11-27,27.19,-0.000368,84562.85,231280.808
301092,2025-11-27,34.9,-0.041208999999999996,72130.81,253284.049
301093,2025-11-27,47.83,0.002725,18108.9,86866.162
301095,2025-11-27,67.58,0.013042,43694.26,297507.632
301096,2025-11-27,52.84,0.017132,35173.57,184619.843
301097,2025-11-27,58.97,0.017075,11007.25,64669.843
301098,2025-11-27,9.08,0.011136,51118.5,46170.545
301099,2025-11-27,42.31,0.0054659999999999995,36187.53,154546.53
301100,2025-11-27,21.42,0.019515,12370.0,26364.646
301101,2025-11-27,40.69,0.008676,34863.22,143293.005
301102,2025-11-27,11.9,-0.014901,47649.22,56763.314
301103,2025-11-27,20.76,0.008256,11789.0,24407.535
301105,2025-11-27,45.43,0.00978,3796.0,17243.264
301106,2025-11-27,29.49,0.010277000000000001,7573.0,22271.818
301107,2025-11-27,27.17,0.013428,7002.46,19007.261
301108,2025-11-27,31.15,0.012020999999999999,10635.12,33247.112
301109,2025-11-27,14.3,-0.012431000000000001,87700.72,126036.286
301110,2025-11-27,73.53,-0.015135000000000001,27989.91,207319.961
301111,2025-11-27,26.47,0.199909,383507.98,892003.793
301112,2025-11-27,37.18,0.009503000000000001,9453.61,35065.904
301113,2025-11-27,25.31,0.013210999999999999,13282.65,33497.261
301115,2025-11-27,16.28,0.00805,15497.5,25173.945
301116,2025-11-27,12.2,-0.027113,169932.54,208319.555
301117,2025-11-27,48.45,-0.05093,309477.56,1496821.052
301118,2025-11-27,26.05,0.040751,97868.23,253069.528
301119,2025-11-27,45.5,-0.034175,27267.0,124120.224
301120,2025-11-27,17.44,-0.008528,146511.48,260108.501
301121,2025-11-27,43.11,-0.0027760000000000003,39238.25,169181.154
301122,2025-11-27,26.18,0.006149,15831.7,41444.802
301123,2025-11-27,41.21,0.0034089999999999997,84613.81,354132.658
301125,2025-11-27,17.46,0.014525999999999999,22314.83,39134.205
301126,2025-11-27,12.71,0.006333999999999999,67986.49,85534.698
301127,2025-11-27,13.95,0.046512000000000005,87380.39,120134.816
301128,2025-11-27,84.41,-0.001656,27983.34,239809.859
301129,2025-11-27,24.78,0.007317000000000001,7775.4,19264.391
301130,2025-11-27,31.45,0.018129,17926.5,55421.535
301131,2025-11-27,46.43,0.019542999999999998,8131.0,37592.923
301132,2025-11-27,32.85,0.000305,14196.0,47072.737
301133,2025-11-27,29.86,0.012202999999999999,83743.31,251259.276
301135,2025-11-27,26.75,0.018272,11209.0,29934.41
301136,2025-11-27,15.39,-0.11602499999999999,424393.49,662044.099
301137,2025-11-27,42.02,-0.002848,44643.0,189087.007
301138,2025-11-27,39.18,0.000511,23709.58,92930.633
301139,2025-11-27,19.82,-0.002516,23646.54,46984.184
301141,2025-11-27,54.27,0.0025859999999999998,13163.0,71594.199
301149,2025-11-27,11.49,0.033273000000000004,169508.59,193423.341
301150,2025-11-27,46.22,0.057908,238504.67,1099241.376
301151,2025-11-27,19.15,-0.0031230000000000003,19151.46,36638.725
301152,2025-11-27,33.2,0.038798,82329.92,271554.264
301153,2025-11-27,20.91,-0.012747999999999999,20012.2,42123.44
301155,2025-11-27,78.61,0.006659000000000001,20874.99,164550.404
301156,2025-11-27,18.71,-0.024505,52125.47,98392.81
301157,2025-11-27,52.88,-0.00358,17656.0,93596.818
301158,2025-11-27,21.41,0.011337,49539.37,106001.845
301159,2025-11-27,42.21,-0.106856,165206.3,719793.263
301160,2025-11-27,60.14,0.013652,13764.8,82520.273
301161,2025-11-27,31.93,-0.002811,16888.0,54228.569
301162,2025-11-27,53.42,-0.029609,15706.0,85090.248
301163,2025-11-27,27.64,0.01655,8582.0,23622.075
301165,2025-11-27,73.7,-0.0040539999999999994,81847.1,611355.252
301166,2025-11-27,32.16,0.009416,7149.0,22793.467
301167,2025-11-27,16.84,0.016295,23056.2,38561.618
301168,2025-11-27,45.9,0.02,21991.42,100943.245
301169,2025-11-27,44.33,0.019315,21107.0,93061.835
301170,2025-11-27,27.75,0.011666000000000001,7526.0,20824.213
301171,2025-11-27,44.51,-0.003582,1082277.77,4896831.662
301172,2025-11-27,24.93,-0.024266,107484.63,270574.784
301173,2025-11-27,45.45,0.006868,4965.0,22587.924
301175,2025-11-27,5.24,0.0,119276.0,62592.665
301176,2025-11-27,25.8,0.006633,17128.0,44393.341
301177,2025-11-27,30.27,0.000661,8017.0,24335.53
301178,2025-11-27,53.25,0.004527,17762.0,95403.19
301179,2025-11-27,15.43,0.007838000000000001,16853.55,26037.809
301180,2025-11-27,16.82,-0.015222,98428.71,168161.134
301181,2025-11-27,37.96,0.048619,95634.2,360143.851
301182,2025-11-27,39.34,0.07603900000000001,98313.22,383601.414
301183,2025-11-27,101.85,0.048055,101055.35,1030930.622
301185,2025-11-27,20.26,-0.020309,104719.95,212743.715
301186,2025-11-27,47.39,0.004664,7057.5,33398.08
301187,2025-11-27,24.88,0.034081,51532.0,126921.785
301188,2025-11-27,16.68,0.0,16579.17,27761.891
301189,2025-11-27,42.38,0.057121000000000005,85584.33,359750.146
301190,2025-11-27,22.18,-0.003146,15537.0,34593.702
301191,2025-11-27,90.34,0.008935,17799.35,161771.898
301192,2025-11-27,30.62,0.014579,14529.92,44534.068
301193,2025-11-27,20.86,0.004333,68948.16,142851.821
301195,2025-11-27,33.39,0.00724,6635.5,22164.461
301196,2025-11-27,73.09,0.025825,34580.45,250286.584
301197,2025-11-27,20.08,0.0014960000000000002,17555.0,35254.139
301198,2025-11-27,12.52,0.014587000000000001,26057.0,32479.572
301199,2025-11-27,22.01,0.0013650000000000001,16001.14,35268.131
301200,2025-11-27,111.18,0.003249,31257.63,351180.055
301201,2025-11-27,45.75,-0.026181,103946.6,480661.522
301202,2025-11-27,39.11,0.0051400000000000005,8192.0,32167.034
301203,2025-11-27,33.11,0.003637,5833.0,19285.35
301205,2025-11-27,134.73,0.09983700000000001,196056.16,2507005.708
301206,2025-11-27,27.6,-0.00253,10038.0,27826.662
301207,2025-11-27,24.7,0.025748000000000004,222387.38,538356.368
301208,2025-11-27,37.94,-0.003676,8891.2,33865.309
301209,2025-11-27,107.18,-0.005104999999999999,9182.8,98763.567
301210,2025-11-27,39.44,0.006122,9482.19,37546.831
301211,2025-11-27,16.03,0.039559000000000004,375823.84,585008.011
301212,2025-11-27,29.95,0.032759,27227.0,81585.179
301213,2025-11-27,63.13,0.021356,29409.01,188779.165
301215,2025-11-27,6.5,-0.0015359999999999998,79302.75,51633.253
301216,2025-11-27,17.78,-0.017137,92925.82,167586.939
301217,2025-11-27,31.28,-0.004773,357510.08,1149613.043
301218,2025-11-27,23.58,-0.031622,119329.53,282848.397
301219,2025-11-27,60.92,0.003624,48538.21,299256.324
301220,2025-11-27,38.94,0.008547,9887.4,38344.175
301221,2025-11-27,47.14,-0.000848,8715.0,41375.765
301222,2025-11-27,30.09,0.01279,9583.0,28816.522
301223,2025-11-27,18.44,0.015419,9349.18,17158.34
301225,2025-11-27,96.51,0.018038000000000002,26473.65,254267.832
301226,2025-11-27,27.73,0.005439,10029.0,27929.312
301227,2025-11-27,45.0,0.012601,14197.32,64066.156
301228,2025-11-27,42.56,-0.01413,43437.0,186390.778
301229,2025-11-27,19.8,0.0030399999999999997,21303.66,42276.943
301230,2025-11-27,31.29,-0.001595,13756.38,43024.023
301231,2025-11-27,33.85,-0.053147,111302.27,388823.471
301232,2025-11-27,56.61,0.047557,67370.61,378404.164
301233,2025-11-27,50.02,0.008468,6552.0,32836.944
301234,2025-11-27,37.16,0.0032400000000000003,8240.0,30772.911
301235,2025-11-27,29.83,-0.0030080000000000003,10988.34,32901.151
301236,2025-11-27,47.65,-0.012025999999999998,130690.09,629267.756
301237,2025-11-27,48.41,0.011702999999999998,8424.0,41354.518
301238,2025-11-27,21.64,0.035407,198918.87,430503.186
301239,2025-11-27,33.79,0.00416,11515.7,39057.21
301246,2025-11-27,18.7,0.003219,110464.58,206172.579
301248,2025-11-27,28.49,0.014601,85948.53,243790.101
301251,2025-11-27,53.79,-0.001114,42554.79,232196.377
301252,2025-11-27,25.96,-0.001922,11153.23,29123.522
301255,2025-11-27,27.81,0.007609,7905.67,22049.022
301256,2025-11-27,14.62,-0.038158,617211.84,955436.569
301257,2025-11-27,45.81,0.0068130000000000005,13472.33,62058.114
301258,2025-11-27,33.11,0.006995,7323.0,24176.004
301259,2025-11-27,38.33,-0.017935,114544.55,444337.848
301260,2025-11-27,16.65,0.0036170000000000004,18557.11,30941.71
301261,2025-11-27,86.66,0.028239,50448.79,429410.36
301262,2025-11-27,27.34,-0.050034999999999996,152104.37,420701.313
301263,2025-11-27,28.9,-0.019674,41825.46,121230.085
301265,2025-11-27,11.89,-0.003353,29849.0,35634.809
301266,2025-11-27,35.13,0.043982,50645.98,177406.507
301267,2025-11-27,18.85,-0.002118,23318.0,44125.859
301268,2025-11-27,19.57,0.01137,13800.0,27028.655
301269,2025-11-27,104.8,0.010608,48650.59,508840.012
301270,2025-11-27,38.83,0.003878,28145.0,109261.498
301272,2025-11-27,41.6,0.008485,4728.0,19743.627
301273,2025-11-27,27.56,0.015101,7156.0,19743.681
301275,2025-11-27,53.76,0.0018640000000000002,10229.09,55022.201
301276,2025-11-27,23.43,0.005579,40868.38,95652.4
301277,2025-11-27,12.61,0.012039,27368.45,34222.901
301278,2025-11-27,35.81,0.003643,18127.0,65534.58
301279,2025-11-27,29.07,-0.010215,20014.66,58569.473
301280,2025-11-27,47.86,-0.003747,6344.2,30547.787
301281,2025-11-27,29.78,0.003031,5456.18,16267.41
301282,2025-11-27,24.72,0.01353,17878.0,44236.71
301283,2025-11-27,45.73,0.030651,15342.0,69627.058
301285,2025-11-27,51.82,-0.018003,23489.63,124154.075
301286,2025-11-27,37.55,0.071021,86851.52,327590.631
301287,2025-11-27,40.59,0.015004,5301.0,21406.374
301288,2025-11-27,17.02,0.003538,4464.0,7599.459
301289,2025-11-27,56.34,0.028102000000000002,16251.72,90904.181
301290,2025-11-27,26.39,0.006484,6227.0,16447.694
301291,2025-11-27,41.2,-0.009615,41606.33,173598.184
301292,2025-11-27,75.13,0.199968,339326.56,2351604.186
301293,2025-11-27,54.25,0.002402,35238.93,191326.431
301295,2025-11-27,26.72,-0.010737000000000002,16614.65,44647.247
301296,2025-11-27,8.73,0.015116000000000001,23831.0,20669.298
301297,2025-11-27,36.47,-0.014058,23645.79,87113.05
301298,2025-11-27,16.17,0.015066,17403.85,28117.864
301299,2025-11-27,56.76,0.002827,6916.0,39159.381
301300,2025-11-27,47.21,0.110301,68095.64,307481.675
301301,2025-11-27,10.57,0.000947,64922.23,68820.979
301302,2025-11-27,22.81,-0.033884,53979.99,124268.723
301303,2025-11-27,15.25,0.009934,16092.4,24501.243
301305,2025-11-27,21.65,-0.0059689999999999995,33273.98,72627.586
301306,2025-11-27,56.92,0.022820999999999998,42446.81,237258.262
301307,2025-11-27,35.86,-0.116966,257627.8,962532.068
301308,2025-11-27,239.09,-0.028484,164795.75,4022728.07
301309,2025-11-27,28.61,0.009171,5187.0,14851.42
301310,2025-11-27,41.0,-0.009661999999999999,5901.8,24388.293
301311,2025-11-27,19.54,-0.034108,91412.0,180011.083
301312,2025-11-27,47.94,-0.010526,41505.46,201526.039
301313,2025-11-27,29.94,-0.0016669999999999999,29591.92,88704.738
301314,2025-11-27,44.62,0.026219000000000003,11962.93,53097.186
301315,2025-11-27,59.92,0.010795999999999998,61435.6,370683.728
301316,2025-11-27,45.95,-0.009698,47994.3,223645.352
301317,2025-11-27,29.84,0.014966,6745.59,20077.356
301318,2025-11-27,28.92,0.006964000000000001,8246.62,23814.946
301319,2025-11-27,40.64,-0.010228999999999999,36925.77,150486.006
301320,2025-11-27,17.19,0.008803,15539.29,26695.65
301321,2025-11-27,15.7,0.01225,24757.17,38808.196
301322,2025-11-27,29.16,0.014261,11455.0,33468.928
301323,2025-11-27,54.1,0.010837000000000001,16669.51,90197.908
301325,2025-11-27,52.65,0.0072699999999999996,21546.8,114250.348
301326,2025-11-27,104.3,0.018754,10063.39,105648.268
301327,2025-11-27,56.68,0.012143,13182.71,74862.7
301328,2025-11-27,42.03,0.014237,10156.51,42743.09
301329,2025-11-27,22.15,0.022622,79843.0,177102.575
301330,2025-11-27,29.18,0.011088,22771.96,66593.163
301331,2025-11-27,30.28,0.036986,13880.18,41176.77
301332,2025-11-27,9.85,0.015464,30754.52,30183.336
301333,2025-11-27,55.88,-0.0058709999999999995,13775.94,77490.384
301335,2025-11-27,28.99,0.014346000000000001,18440.24,53668.24
301336,2025-11-27,53.36,0.018126,9180.38,48788.676
301337,2025-11-27,31.99,0.041002000000000004,87514.62,276132.448
301338,2025-11-27,63.99,0.077273,61406.92,389321.847
301339,2025-11-27,14.91,-0.003342,42376.07,63455.267
301345,2025-11-27,205.54,0.0038090000000000003,9208.09,190864.721
301348,2025-11-27,20.37,0.005429000000000001,38231.6,78354.732
301349,2025-11-27,50.77,0.000788,30871.46,158226.938
301353,2025-11-27,27.1,0.013463000000000001,9676.8,26257.856
301355,2025-11-27,13.15,0.006891,55386.24,73070.315
301356,2025-11-27,21.18,0.0071330000000000005,10881.7,23109.115
301357,2025-11-27,161.31,-0.0014860000000000001,69260.41,1128414.796
301358,2025-11-27,68.92,0.025748000000000004,196771.94,1361600.598
301359,2025-11-27,20.1,0.015664,11692.59,23416.924
301360,2025-11-27,75.97,0.005293,15250.0,117352.065
301361,2025-11-27,33.09,0.008841,18842.0,62637.167
301362,2025-11-27,42.0,0.012048000000000001,8979.32,37206.003
301363,2025-11-27,21.09,0.009574000000000001,37521.31,79273.395
301365,2025-11-27,23.21,0.025177,71713.98,166149.897
301366,2025-11-27,35.21,-0.033224000000000004,64047.44,226445.539
301367,2025-11-27,94.84,-0.008157,13336.8,126880.13
301368,2025-11-27,56.51,-0.005980999999999999,16367.26,93088.371
301369,2025-11-27,103.94,0.080457,25076.12,252764.291
301370,2025-11-27,11.44,-0.005217,72902.04,83362.467
301371,2025-11-27,28.45,0.020445,101959.51,288440.058
301372,2025-11-27,27.1,0.012706,10880.0,29387.927
301373,2025-11-27,30.84,0.017485999999999998,11415.0,35208.518
301376,2025-11-27,18.16,0.011699,19945.0,36303.408
301377,2025-11-27,101.59,-0.029519000000000004,57874.42,602490.654
301378,2025-11-27,31.66,-0.021027,34007.15,108466.219
301379,2025-11-27,26.13,0.003842,41916.99,110837.198
301380,2025-11-27,34.06,0.004423,11446.57,38990.279
301381,2025-11-27,23.6,-0.001692,28540.18,67579.444
301382,2025-11-27,37.8,-0.019964,275598.1,1053892.503
301383,2025-11-27,33.45,0.039466,39605.9,132627.589
301386,2025-11-27,23.58,0.010283,13893.0,32806.411
301387,2025-11-27,41.45,0.036509,59392.41,245818.014
301388,2025-11-27,30.99,-0.006731,13253.0,41162.341
301389,2025-11-27,51.9,0.01665,84380.72,443156.757
301390,2025-11-27,36.54,0.007443999999999999,8799.0,32085.133
301391,2025-11-27,81.84,-0.006434,8167.24,67915.518
301392,2025-11-27,119.74,-0.006059999999999999,20534.2,249422.285
301393,2025-11-27,50.8,-0.009554,8879.0,45386.295
301395,2025-11-27,10.91,0.018674,15319.38,16663.006
301396,2025-11-27,63.0,-0.019455,58309.2,372491.44
301397,2025-11-27,32.61,0.017473000000000002,64031.08,208719.419
301398,2025-11-27,47.53,0.003801,18288.5,87145.126
301399,2025-11-27,18.12,0.011725000000000001,13788.09,24979.556
301408,2025-11-27,16.26,-0.065517,496709.09,810774.594
301413,2025-11-27,130.18,-0.005348,39428.26,519246.047
301418,2025-11-27,37.34,0.026105999999999997,6243.0,23126.206
301419,2025-11-27,31.68,0.007312999999999999,12963.27,41255.592
301421,2025-11-27,92.28,-0.0053890000000000006,40671.07,381109.159
301428,2025-11-27,34.42,0.002038,13769.0,47520.569
301429,2025-11-27,19.29,0.0057350000000000005,12816.21,24716.517
301439,2025-11-27,14.82,0.00885,19540.0,28984.4
301446,2025-11-27,28.98,0.008350999999999999,10852.5,31418.084
301448,2025-11-27,56.65,0.015415000000000002,10592.68,60870.945
301456,2025-11-27,28.25,0.014362999999999999,12928.08,36583.407
301458,2025-11-27,32.66,0.00184,18425.0,60551.358
301459,2025-11-27,40.38,0.033001,17369.91,70436.042
301468,2025-11-27,37.92,0.008511,47080.95,182418.624
301469,2025-11-27,29.47,0.030059,9076.0,26550.253
301479,2025-11-27,85.28,0.020706000000000002,8316.77,71454.86
301486,2025-11-27,79.85,0.018494999999999998,45762.85,365745.273
301487,2025-11-27,23.56,0.015955,153120.98,363575.492
301488,2025-11-27,132.09,0.016937,23116.8,306520.171
301489,2025-11-27,183.0,-0.028353000000000003,41404.37,772311.301
301491,2025-11-27,57.54,0.0059440000000000005,7775.13,44901.161
301498,2025-11-27,68.4,-0.0008759999999999999,20738.91,143414.52
301499,2025-11-27,26.97,0.017352,9856.0,26476.143
301500,2025-11-27,14.98,0.001337,23600.07,35533.248
301501,2025-11-27,42.78,0.01087,8263.82,35412.951
301502,2025-11-27,45.19,0.009607,4038.0,18293.968
301503,2025-11-27,36.91,0.00847,5623.35,20805.396
301505,2025-11-27,22.76,0.021086,18673.21,42355.348
301507,2025-11-27,16.34,-0.027381000000000003,156070.05,258560.38
301508,2025-11-27,30.83,-0.0012959999999999998,11558.08,35807.568
301509,2025-11-27,34.1,0.0014680000000000001,19054.37,65009.081
301510,2025-11-27,30.2,0.04102,71017.71,213184.92
301511,2025-11-27,32.07,-0.014140999999999999,241790.84,791636.341
301512,2025-11-27,44.52,0.00724,7222.0,32212.501
301515,2025-11-27,21.84,0.017707,11605.0,25183.965
301516,2025-11-27,16.45,0.016687,26394.0,43344.126
301517,2025-11-27,46.92,0.052961999999999995,127296.94,590066.578
301518,2025-11-27,39.76,-0.08744500000000001,82727.66,342707.692
301519,2025-11-27,14.27,0.009194,18276.0,25989.683
301520,2025-11-27,41.1,0.013814,4232.0,17273.312
301522,2025-11-27,30.93,0.0,23442.78,72596.123
301525,2025-11-27,82.76,0.010747,7630.0,63487.707
301526,2025-11-27,5.71,-0.0017480000000000002,265633.24,152304.238
301528,2025-11-27,61.59,0.021393,9917.85,61188.186
301529,2025-11-27,67.77,0.029157000000000002,64415.99,431276.117
301533,2025-11-27,37.62,-0.01208,15673.63,59661.608
301535,2025-11-27,18.15,0.0049830000000000004,11194.23,20378.663
301536,2025-11-27,56.51,0.020036,60483.3,342748.552
301538,2025-11-27,73.19,0.022635000000000002,12897.53,94606.672
301539,2025-11-27,19.3,0.006781000000000001,11221.0,21652.623
301548,2025-11-27,49.2,0.010267,11488.7,56554.498
301550,2025-11-27,105.1,0.002098,122483.25,1288051.151
301551,2025-11-27,35.84,-0.01403,37795.98,135986.084
301552,2025-11-27,36.94,0.005444,4362.0,16139.3
301555,2025-11-27,32.62,0.025785999999999996,21025.0,68329.957
301556,2025-11-27,94.97,-0.012581,6630.76,63461.15
301557,2025-11-27,125.1,0.032178,8025.0,99618.134
301558,2025-11-27,9.3,-0.009585,134843.9,125397.983
301559,2025-11-27,16.22,0.0006169999999999999,9243.0,14982.479
301560,2025-11-27,34.06,0.009185,10003.78,34047.34
301563,2025-11-27,178.49,0.09094799999999999,55492.38,963677.328
301565,2025-11-27,26.31,0.011145,56120.87,147692.123
301566,2025-11-27,19.12,-0.031899000000000004,319834.16,614347.404
301567,2025-11-27,47.86,0.046578,56093.88,262469.238
301568,2025-11-27,42.56,0.008531,16740.22,71812.942
301571,2025-11-27,47.51,0.014303999999999999,32872.0,155580.137
301575,2025-11-27,49.21,0.006751,6968.13,34379.607
301577,2025-11-27,57.7,0.005051,6103.03,35338.099
301578,2025-11-27,35.41,0.0187,10491.8,37310.358
301580,2025-11-27,43.45,0.003464,6474.8,28115.183
301581,2025-11-27,48.88,0.004108,4309.79,21151.532
301584,2025-11-27,34.73,0.012536,145917.56,498813.759
301585,2025-11-27,30.72,0.003922,6369.33,19616.353
301586,2025-11-27,45.57,0.000659,5454.85,24890.173
301587,2025-11-27,23.37,0.021863,21947.19,51261.51
301588,2025-11-27,19.31,-0.000518,14492.48,28076.214
301589,2025-11-27,155.57,-0.004543,4188.6,65159.421
301590,2025-11-27,166.8,-0.001198,2740.96,45973.059
301591,2025-11-27,38.15,-0.003136,8900.8,34049.884
301592,2025-11-27,118.22,-0.005803,3349.54,39768.089
301595,2025-11-27,36.04,0.01607,7147.56,25703.203
301596,2025-11-27,72.54,0.009744000000000001,4099.96,29682.592
301598,2025-11-27,60.5,0.001656,2908.0,17698.747
301600,2025-11-27,122.7,0.004503,17723.48,221201.945
301601,2025-11-27,28.97,0.003116,7130.1,20635.601
301602,2025-11-27,22.77,0.000439,9313.65,21264.978
301603,2025-11-27,69.43,0.0017310000000000001,12135.26,84799.488
301606,2025-11-27,60.54,-0.0067269999999999995,21432.0,130540.459
301607,2025-11-27,39.61,-0.004774,16320.52,65446.079
301608,2025-11-27,83.49,0.006146,7191.68,60219.183
301609,2025-11-27,44.04,-0.001361,7315.0,32323.797
301611,2025-11-27,50.5,-0.003158,29963.96,152458.102
301613,2025-11-27,45.76,-0.0034839999999999997,8742.0,40201.399
301616,2025-11-27,49.26,0.010254000000000001,9510.83,46738.27
301617,2025-11-27,82.33,0.065347,37781.62,311222.973
301618,2025-11-27,53.17,0.0030180000000000003,3985.6,21273.602
301622,2025-11-27,68.36,0.0010249999999999999,8485.0,58301.92
301626,2025-11-27,171.0,0.022543999999999998,12129.0,207872.811
301628,2025-11-27,83.83,0.002152,9781.0,82798.196
301629,2025-11-27,203.15,-0.041292999999999996,18186.0,376519.194
301630,2025-11-27,170.4,-0.0005870000000000001,3460.0,59572.939
301631,2025-11-27,97.26,0.001338,18168.38,177773.328
301632,2025-11-27,25.87,0.003491,36754.19,94533.613
301633,2025-11-27,67.41,0.00883,2364.39,15896.838
301636,2025-11-27,49.37,0.018568,7542.79,37193.562
301638,2025-11-27,25.75,0.027124000000000002,1246164.23,3283690.062
301656,2025-11-27,26.55,0.0015090000000000001,52725.18,140715.098
301658,2025-11-27,29.31,0.011736,21834.97,64370.335
301662,2025-11-27,126.07,0.009448,31013.31,394943.662
301665,2025-11-27,29.94,0.004698,16532.68,49604.067
301668,2025-11-27,50.76,-0.015707,18605.63,95506.578
301678,2025-11-27,65.0,-0.010955999999999999,18690.36,123046.473
302132,2025-11-27,80.03,-0.000375,57709.87,462431.63
600000,2025-11-27,11.62,0.012195000000000001,936986.11,1086584.193
600004,2025-11-27,9.62,0.002083,117054.01,112571.009
600006,2025-11-27,7.33,-0.004076,177498.0,130605.123
600007,2025-11-27,20.05,-0.006934,27753.71,55738.678
600008,2025-11-27,3.02,0.003322,415638.34,125464.286
600009,2025-11-27,31.64,-0.0031509999999999997,80459.32,254773.456
600010,2025-11-27,2.42,0.0,2847922.88,690826.828
600011,2025-11-27,7.92,0.015385,539695.54,425679.537
600012,2025-11-27,15.61,0.009701999999999999,56877.33,88094.895
600015,2025-11-27,7.0,0.0,485710.72,339224.77
600016,2025-11-27,4.13,0.007317000000000001,3132631.83,1289277.857
600017,2025-11-27,3.0,-0.006623,253726.22,76265.651
600018,2025-11-27,5.47,0.0,235519.43,128851.013
600019,2025-11-27,7.19,0.0,527039.22,379586.155
600020,2025-11-27,4.41,-0.004515,84589.04,37363.58
600021,2025-11-27,22.8,-0.05,1032852.18,2432809.842
600022,2025-11-27,1.48,0.0,675414.1,100037.911
600023,2025-11-27,5.06,0.0059640000000000006,345117.29,174348.442
600025,2025-11-27,9.52,0.008475,196333.45,186488.919
600026,2025-11-27,12.1,-0.017857,452099.03,550756.872
600027,2025-11-27,5.19,0.015656,845492.59,437770.482
600028,2025-11-27,5.81,0.012195000000000001,1367408.14,788437.022
600029,2025-11-27,6.77,0.001479,514433.94,346082.319
600030,2025-11-27,27.58,-0.000725,648647.4,1794367.924
600031,2025-11-27,20.13,-0.03592,767003.76,1559622.909
600032,2025-11-27,7.36,0.0,87648.09,64664.621
600033,2025-11-27,3.78,-0.018182,775458.33,294793.806
600035,2025-11-27,4.0,0.002506,68647.43,27460.029
600036,2025-11-27,43.19,-0.001387,621434.34,2671439.102
600037,2025-11-27,7.67,0.017241,232859.03,177033.707
600038,2025-11-27,35.21,-0.012341999999999999,68371.71,242343.196
600039,2025-11-27,9.28,0.00216,152208.83,141310.117
600048,2025-11-27,6.77,-0.014556,1290220.53,872132.021
600050,2025-11-27,5.42,-0.0055049999999999995,1302135.12,707889.983
600051,2025-11-27,7.73,0.0012950000000000001,41170.0,31810.627
600052,2025-11-27,4.61,0.013186999999999999,120320.15,54823.573
600053,2025-11-27,18.51,-0.008039,32643.0,60589.57
600054,2025-11-27,11.19,0.0008939999999999999,28596.99,32060.451
600055,2025-11-27,16.27,0.008055,77141.31,126049.532
600056,2025-11-27,10.78,-0.00828,123658.27,133608.683
600057,2025-11-27,8.07,-0.009816,108447.88,88140.54
600058,2025-11-27,8.41,-0.008255,64741.0,54882.741
600059,2025-11-27,9.16,0.002188,52414.08,48064.477
600060,2025-11-27,25.53,-0.0077729999999999995,94885.82,242999.242
600061,2025-11-27,7.3,0.0,184385.55,134892.451
600062,2025-11-27,18.67,-0.005857,55002.99,102849.621
600063,2025-11-27,5.82,-0.003425,224217.33,131411.04
600064,2025-11-27,8.38,-0.001192,136593.88,114742.224
600066,2025-11-27,30.86,-0.006439,80179.0,248863.55
600067,2025-11-27,3.93,-0.012563,360485.0,143052.882
600071,2025-11-27,20.71,0.010737000000000002,30310.93,62816.941
600072,2025-11-27,12.33,-0.004843,167662.53,206292.107
600073,2025-11-27,6.69,0.0,66562.0,44564.98
600075,2025-11-27,4.84,-0.008197,186377.6,90460.886
600076,2025-11-27,2.9,-0.023569,536191.01,156661.796
600078,2025-11-27,11.16,0.028571,484596.25,540545.629
600079,2025-11-27,19.27,-0.006701,106647.71,206098.423
600080,2025-11-27,8.61,-0.011480999999999998,197484.67,168770.677
600081,2025-11-27,11.99,-0.001665,21083.91,25339.995
600082,2025-11-27,4.69,-0.010549,295951.44,135858.016
600084,2025-11-27,5.65,0.0,43640.0,24679.594
600085,2025-11-27,33.47,-0.002087,42648.0,143061.2
600088,2025-11-27,17.08,0.0017599999999999998,59802.32,102201.377
600089,2025-11-27,21.38,-0.022852,2037803.2,4460844.014
600094,2025-11-27,4.23,-0.020833,256743.4,109571.321
600095,2025-11-27,11.1,-0.005376,215704.75,240717.482
600096,2025-11-27,30.66,0.011547,388308.97,1194877.86
600097,2025-11-27,12.73,0.011923999999999999,218711.43,274263.611
600098,2025-11-27,6.75,0.005960999999999999,123688.76,83495.24
600099,2025-11-27,10.7,0.020992,32067.0,34111.793
600100,2025-11-27,8.58,-0.0057940000000000005,365693.63,315239.234
600101,2025-11-27,9.03,0.007813,90422.77,81870.307
600103,2025-11-27,4.03,0.03866,4648857.55,1864813.127
600104,2025-11-27,14.86,0.0,297988.26,444528.834
600105,2025-11-27,16.63,-0.038172000000000005,2978653.48,5054026.307
600106,2025-11-27,5.94,-0.005024999999999999,115560.18,68583.281
600107,2025-11-27,8.09,0.01761,95881.0,77866.642
600108,2025-11-27,3.02,-0.006579000000000001,535048.11,162263.14
600109,2025-11-27,9.14,0.0,150505.04,138085.34
600110,2025-11-27,7.46,-0.001339,908187.71,682584.334
600111,2025-11-27,44.43,-0.0026939999999999998,628490.38,2825468.348
600113,2025-11-27,53.23,-0.022585,39375.46,211398.441
600114,2025-11-27,27.18,0.000736,110520.0,302492.366
600115,2025-11-27,5.05,-0.001976,968634.47,488731.248
600116,2025-11-27,6.47,0.001548,77893.45,50472.922
600117,2025-11-27,2.88,0.0,381816.0,110989.974
600118,2025-11-27,41.8,0.0021579999999999998,358452.18,1490833.072
600119,2025-11-27,8.41,0.0071860000000000005,48222.64,40449.915
600120,2025-11-27,6.22,-0.0048,420206.32,262497.423
600121,2025-11-27,4.45,0.004515,411509.0,183352.546
600123,2025-11-27,6.42,0.0,86695.81,55764.948
600125,2025-11-27,6.08,-0.00491,136919.26,83482.14
600126,2025-11-27,8.83,-0.015608,465687.54,413955.375
600127,2025-11-27,6.79,-0.021614,329876.0,225011.899
600128,2025-11-27,10.42,0.005792,30709.01,31987.384
600129,2025-11-27,19.21,-0.005694,49743.21,95821.814
600130,2025-11-27,4.09,-0.02619,187243.0,77983.828
600131,2025-11-27,16.63,-0.0035949999999999997,70945.0,118345.069
600132,2025-11-27,53.01,-0.00037699999999999995,13048.43,69315.618
600133,2025-11-27,8.88,-0.0011250000000000001,99574.65,88567.019
600135,2025-11-27,7.79,-0.017654,142986.3,111714.72
600136,2025-11-27,1.79,-0.016484000000000002,98650.0,17787.516
600137,2025-11-27,19.55,0.005141,14366.0,28042.156
600138,2025-11-27,9.56,-0.003128,76145.69,73009.258
600141,2025-11-27,31.5,0.032448000000000005,265044.0,834124.795
600143,2025-11-27,18.09,0.0,529448.61,967044.832
600148,2025-11-27,19.44,-0.003077,9296.0,18084.93
600149,2025-11-27,5.49,0.012915000000000001,62016.0,33922.754
600150,2025-11-27,34.14,-0.0026290000000000003,412672.59,1411025.642
600151,2025-11-27,8.45,-0.019722,392915.33,332226.361
600152,2025-11-27,7.92,0.1,555920.11,421326.99
600153,2025-11-27,9.9,-0.016881999999999998,283432.53,282558.544
600155,2025-11-27,6.94,0.001443,245060.17,171118.733
600156,2025-11-27,8.76,-0.00114,104518.0,92312.516
600157,2025-11-27,1.58,0.0,5367347.18,845892.351
600158,2025-11-27,8.53,0.008274,132161.05,112867.272
600159,2025-11-27,3.11,0.003226,183609.02,57117.836
600160,2025-11-27,33.55,0.001493,116026.46,391834.392
600161,2025-11-27,17.44,-0.009654000000000001,63268.75,110611.338
600162,2025-11-27,1.97,-0.015,490857.6,97472.761
600163,2025-11-27,5.32,-0.025640999999999997,231993.5,124269.157
600165,2025-11-27,3.81,-0.042714,268286.0,102052.537
600166,2025-11-27,2.73,-0.007272999999999999,793762.21,218390.267
600167,2025-11-27,8.3,0.0,246284.03,205592.618
600168,2025-11-27,5.22,-0.0038169999999999996,89652.41,46993.36
600169,2025-11-27,2.39,0.0,171985.83,41133.823
600170,2025-11-27,2.74,-0.003636,1244939.7,342262.171
600171,2025-11-27,32.04,-0.017178,159442.67,515686.866
600172,2025-11-27,6.18,-0.04186,922638.38,575489.979
600173,2025-11-27,7.77,0.0012889999999999998,78391.0,60887.011
600176,2025-11-27,14.91,-0.019079,279935.25,422505.021
600177,2025-11-27,7.68,0.006553,131638.72,101067.193
600178,2025-11-27,11.83,-0.005881999999999999,29514.0,35052.317
600179,2025-11-27,4.02,-0.021898,576447.0,233424.123
600180,2025-11-27,4.51,0.006696,107003.0,48249.876
600182,2025-11-27,15.05,-0.000664,10545.0,15913.862
600183,2025-11-27,57.85,0.011364,503111.72,2999207.155
600184,2025-11-27,17.31,-0.009159,97217.82,168576.643
600185,2025-11-27,6.87,-0.021368,330613.27,228781.642
600186,2025-11-27,5.5,-0.009009,337352.91,186564.449
600187,2025-11-27,2.65,-0.007491,191091.0,50599.306
600188,2025-11-27,14.0,0.015965,313381.57,436594.145
600189,2025-11-27,7.16,0.004208,83630.02,59718.609
600191,2025-11-27,11.32,0.100097,235703.0,254004.926
600192,2025-11-27,8.98,0.003352,56374.76,50713.408
600193,2025-11-27,3.86,0.048913000000000005,14266.39,5506.827
600195,2025-11-27,7.74,0.003891,79199.28,61346.01
600196,2025-11-27,27.21,-0.011624,113262.25,309976.738
600197,2025-11-27,14.44,0.003475,18472.34,26621.002
600198,2025-11-27,8.36,-0.015312,175024.0,147264.441
600199,2025-11-27,10.03,-0.00199,57653.03,57859.098
600201,2025-11-27,12.15,-0.025661999999999997,244294.21,298207.696
600202,2025-11-27,6.06,0.004975,56686.0,34376.365
600203,2025-11-27,14.22,0.09976800000000001,619050.77,872234.168
600206,2025-11-27,19.67,0.001527,130958.34,259237.456
600207,2025-11-27,5.07,0.011976,148245.92,75253.258
600208,2025-11-27,3.96,-0.002519,443164.33,176639.871
600210,2025-11-27,7.25,-0.002751,170076.7,124106.745
600211,2025-11-27,42.21,-0.0051849999999999995,20958.36,88736.266
600212,2025-11-27,8.42,0.056462000000000005,301779.01,250835.705
600215,2025-11-27,7.04,0.018813,77116.0,54087.638
600216,2025-11-27,14.04,0.000713,65133.0,91945.938
600217,2025-11-27,4.03,0.0,122040.61,49220.526
600218,2025-11-27,11.61,0.046889,626252.53,714533.649
600219,2025-11-27,4.73,0.0021190000000000002,1728307.0,823810.171
600221,2025-11-27,1.69,-0.011696,3850614.64,653825.441
600222,2025-11-27,7.63,0.018692,386792.95,292314.507
600223,2025-11-27,7.71,0.003906,79585.13,61461.731
600226,2025-11-27,4.4,0.004566,612408.81,270045.316
600227,2025-11-27,2.52,-0.07011099999999999,1182588.61,309597.697
600228,2025-11-27,6.74,-0.024602,103741.0,71593.207
600229,2025-11-27,7.0,-0.008499,58432.02,40915.313
600230,2025-11-27,12.22,0.026890999999999998,85440.8,103555.793
600231,2025-11-27,2.25,-0.008811,179585.3,40506.296
600232,2025-11-27,7.2,0.021277,124462.5,89634.373
600233,2025-11-27,16.99,0.0,79550.26,135554.865
600234,2025-11-27,11.58,0.005208000000000001,19843.02,23092.432
600235,2025-11-27,6.79,0.011923,49643.0,33582.604
600236,2025-11-27,6.92,0.007278,61994.96,42911.541
600237,2025-11-27,8.62,-0.010333000000000002,528070.21,456809.119
600238,2025-11-27,6.69,0.001497,29029.5,19495.991
600239,2025-11-27,2.58,0.0,301006.34,77507.273
600241,2025-11-27,9.17,0.005482,39290.0,36043.179
600243,2025-11-27,5.24,0.0501,85552.67,44185.234
600246,2025-11-27,13.95,0.10015800000000001,1238090.68,1707524.097
600248,2025-11-27,3.7,0.005435,157983.69,58266.114
600249,2025-11-27,6.27,0.006421,142184.0,89502.432
600250,2025-11-27,10.35,-0.00385,68636.01,71189.534
600251,2025-11-27,8.86,0.010262,80738.77,71210.179
600252,2025-11-27,2.86,-0.030508,1917450.76,547421.735
600255,2025-11-27,3.55,-0.00838,265976.45,95204.446
600256,2025-11-27,4.98,-0.004,588505.39,293943.296
600257,2025-11-27,5.92,0.018933,321472.35,188864.249
600258,2025-11-27,15.35,-0.009677,126093.08,192903.262
600259,2025-11-27,51.99,-0.010468,86685.79,454577.86
600261,2025-11-27,3.43,0.0,90197.0,30953.733
600262,2025-11-27,25.24,0.010407999999999999,26614.0,67324.056
600265,2025-11-27,20.4,-0.007299,4540.0,9299.739
600266,2025-11-27,4.7,-0.0063419999999999995,302810.2,141412.75
600267,2025-11-27,10.56,-0.0075190000000000005,100569.75,106529.5
600268,2025-11-27,10.29,0.0019470000000000002,225608.56,234593.809
600269,2025-11-27,5.23,0.0,94383.73,49329.057
600271,2025-11-27,8.71,-0.01693,409619.88,357344.37
600272,2025-11-27,14.88,-0.061199,274302.13,406671.719
600273,2025-11-27,8.32,-0.0012,118484.3,98726.645
600276,2025-11-27,62.09,-0.00433,257307.63,1604386.052
600278,2025-11-27,7.75,0.006494,80929.25,63010.847
600279,2025-11-27,5.04,0.0,46864.5,23650.064
600280,2025-11-27,3.55,-0.027397,940102.32,339461.517
600281,2025-11-27,5.81,0.003454,62503.0,36510.89
600282,2025-11-27,5.41,-0.014572,206020.8,112264.839
600283,2025-11-27,9.36,-0.002132,22047.8,20668.251
600284,2025-11-27,7.29,0.002751,100232.26,73374.12
600285,2025-11-27,22.02,-0.004521,40864.37,89902.476
600287,2025-11-27,5.64,0.003559,34659.0,19520.047
600288,2025-11-27,14.83,0.00953,52929.01,78561.955
600289,2025-11-27,6.19,-0.001613,22133.0,13670.738
600292,2025-11-27,12.64,0.0,88868.0,112807.099
600293,2025-11-27,3.03,0.003311,322353.52,97839.659
600295,2025-11-27,10.85,-0.003673,58140.72,63271.546
600298,2025-11-27,40.61,0.003956,66639.42,271791.232
600299,2025-11-27,9.13,0.00884,57054.04,51836.429
600300,2025-11-27,3.47,-0.005731000000000001,300972.0,105059.514
600301,2025-11-27,38.76,-0.012484,173819.0,689673.294
600302,2025-11-27,10.17,0.050620000000000005,265966.0,269581.84
600303,2025-11-27,3.42,-0.005814000000000001,158965.53,54721.961
600305,2025-11-27,7.84,-0.0012740000000000002,81163.88,63656.588
600307,2025-11-27,1.67,0.04375,1689757.34,286744.933
600308,2025-11-27,3.95,0.023316,304127.03,119575.413
600309,2025-11-27,65.9,0.034537,378088.66,2464210.489
600310,2025-11-27,3.83,-0.0026040000000000004,83412.53,32005.457
600312,2025-11-27,16.33,0.004923,224329.29,368825.671
600313,2025-11-27,6.5,-0.007633999999999999,406040.03,264659.564
600315,2025-11-27,23.17,0.006515999999999999,33714.66,78396.273
600316,2025-11-27,33.11,-0.006004000000000001,54815.0,181925.518
600318,2025-11-27,8.59,0.002334,58707.04,50590.959
600319,2025-11-27,8.86,0.017222,128852.2,113871.343
600320,2025-11-27,4.5,-0.0022170000000000002,310160.03,140222.058
600322,2025-11-27,2.54,0.0,200887.74,50881.558
600323,2025-11-27,28.8,0.011591,32192.21,92265.135
600325,2025-11-27,4.6,-0.014988999999999999,310354.64,142938.607
600326,2025-11-27,11.01,-0.010782,239797.74,265588.836
600327,2025-11-27,4.96,-0.015872999999999998,453975.04,227168.838
600328,2025-11-27,8.34,-0.003584,184706.25,154361.6
600329,2025-11-27,45.59,-0.003933,34014.27,155730.052
600330,2025-11-27,9.81,0.017635,788725.5,777912.312
600331,2025-11-27,10.73,-0.010147999999999999,456458.7,497786.244
600332,2025-11-27,25.84,-0.002702,93260.77,241004.715
600333,2025-11-27,6.33,0.016051,250751.53,158237.372
600335,2025-11-27,6.16,0.014827,352990.83,220180.121
600336,2025-11-27,7.91,0.029948000000000002,484490.93,383069.212
600337,2025-11-27,2.49,-0.060377,2586255.69,703526.6
600338,2025-11-27,14.05,-0.015417,463759.29,657104.311
600339,2025-11-27,3.35,0.002994,294707.47,98640.651
600340,2025-11-27,2.44,0.020921,4892788.47,1156255.941
600343,2025-11-27,22.35,0.025699999999999997,1649366.81,3454967.643
600345,2025-11-27,25.54,-0.005452,70923.81,179938.431
600346,2025-11-27,18.81,0.02451,193705.31,361015.319
600348,2025-11-27,7.64,0.014608000000000001,302365.07,229698.297
600350,2025-11-27,9.28,0.0010789999999999999,114074.64,105112.312
600351,2025-11-27,6.62,0.0,105622.0,69684.373
600352,2025-11-27,10.43,0.00385,146212.0,153036.625
600353,2025-11-27,14.49,0.0,126288.08,184296.374
600354,2025-11-27,6.36,-0.009346,160676.0,102336.117
600355,2025-11-27,3.07,0.0065569999999999995,61746.0,18977.761
600356,2025-11-27,9.22,0.050114,124102.58,113415.066
600358,2025-11-27,5.82,-0.011885,45209.0,26455.804
600359,2025-11-27,7.11,0.015714,104282.3,73746.787
600360,2025-11-27,8.18,-0.010883,187398.1,154446.295
600361,2025-11-27,4.31,-0.004619,280875.56,121940.294
600362,2025-11-27,37.28,0.004581,294549.03,1108993.426
600363,2025-11-27,53.98,-0.00148,51074.25,278033.148
600365,2025-11-27,3.27,0.003067,39172.0,12819.35
600366,2025-11-27,12.97,-0.002308,125953.98,164550.087
600367,2025-11-27,16.38,0.00738,127670.0,210816.74
600368,2025-11-27,3.95,-0.007538,164592.74,65324.05
600369,2025-11-27,4.39,0.0,215397.0,94886.104
600370,2025-11-27,2.32,-0.016949000000000002,303277.03,70790.307
600371,2025-11-27,9.08,-0.013043,85812.93,77956.998
600372,2025-11-27,11.93,-0.009136,298047.32,357832.194
600373,2025-11-27,10.43,-0.017891,122738.0,128919.454
600375,2025-11-27,6.17,-0.008039,189716.73,117598.96
600376,2025-11-27,5.72,0.005272,1722168.87,988591.161
600377,2025-11-27,13.17,0.009195,74714.66,98171.928
600378,2025-11-27,29.58,0.00818,64293.69,191257.733
600379,2025-11-27,11.33,0.010705,35510.4,40179.583
600380,2025-11-27,12.41,0.002423,121584.72,150293.427
600381,2025-11-27,4.44,-0.013333,36880.46,16429.217
600382,2025-11-27,6.68,-0.001495,63402.97,42506.861
600383,2025-11-27,3.5,-0.016854,1941446.67,677867.577
600386,2025-11-27,4.57,0.00883,115498.8,52900.698
600388,2025-11-27,15.81,-0.0050349999999999995,96172.26,153442.746
600389,2025-11-27,21.33,-0.002339,42617.02,91704.96
600390,2025-11-27,5.52,-0.001808,245665.57,136184.188
600391,2025-11-27,26.66,-0.0026190000000000002,42195.38,112732.636
600392,2025-11-27,20.17,-0.006404,278589.94,568458.595
600395,2025-11-27,4.79,0.002092,127740.47,61204.104
600396,2025-11-27,3.02,0.006666999999999999,91780.01,27674.913
600397,2025-11-27,6.46,-0.0015459999999999998,66298.0,42993.301
600398,2025-11-27,6.12,0.0,303498.84,186745.348
600399,2025-11-27,5.27,-0.003781,227842.38,120418.878
600400,2025-11-27,2.64,-0.025830000000000002,1160891.74,307780.362
600403,2025-11-27,8.02,0.017766,589754.37,470748.939
600405,2025-11-27,5.44,0.001842,64666.43,35266.602
600406,2025-11-27,22.09,-0.001356,341809.17,757864.235
600408,2025-11-27,4.61,0.045351,1821118.6,821870.114
600409,2025-11-27,6.21,0.045454999999999995,717879.0,441887.416
600410,2025-11-27,18.56,-0.015385,1152829.55,2163708.33
600415,2025-11-27,15.91,-0.01425,302704.85,485902.336
600416,2025-11-27,13.34,-0.006701,133388.92,178932.651
600418,2025-11-27,48.73,-0.005916,340310.02,1681735.472
600419,2025-11-27,9.62,-0.001038,35869.0,34615.343
600420,2025-11-27,10.31,-0.0048259999999999996,49170.19,50643.208
600421,2025-11-27,7.73,0.038978,54031.0,41116.155
600422,2025-11-27,13.11,-0.008321,46048.52,60490.651
600423,2025-11-27,3.91,0.007732,129095.0,50594.477
600425,2025-11-27,4.38,-0.020134,393211.0,172849.877
600426,2025-11-27,28.09,0.036149,207811.91,575622.413
600428,2025-11-27,6.83,-0.001462,203415.38,139453.386
600429,2025-11-27,5.37,-0.034173,497090.0,268864.408
600433,2025-11-27,3.21,0.00627,152006.05,48676.217
600435,2025-11-27,13.6,-0.005848,162729.0,221709.07
600436,2025-11-27,174.66,-0.005976,13467.56,235580.697
600438,2025-11-27,23.0,0.006124000000000001,654011.32,1515990.816
600439,2025-11-27,3.0,-0.006623,168112.6,50667.65
600444,2025-11-27,18.75,0.021798,59230.0,110821.694
600446,2025-11-27,15.29,-0.003259,92232.0,142005.142
600448,2025-11-27,3.35,0.006006,199088.03,66616.048
600449,2025-11-27,13.11,-0.010565999999999999,33952.91,44612.09
600452,2025-11-27,9.25,0.001082,94831.89,88013.781
600455,2025-11-27,27.08,0.035564,32651.35,88402.963
600456,2025-11-27,30.8,-0.006131,49010.47,151175.47
600458,2025-11-27,12.93,0.007009,71273.78,92702.154
600459,2025-11-27,17.52,0.035461,614433.09,1098048.713
600460,2025-11-27,27.82,0.0098,243391.21,680951.261
600461,2025-11-27,9.34,0.009729999999999999,95091.15,88669.422
600463,2025-11-27,11.36,0.0053100000000000005,21051.0,23856.372
600467,2025-11-27,2.57,-0.019084,955647.7,245221.441
600468,2025-11-27,6.01,-0.003317,143669.3,86833.418
600469,2025-11-27,6.82,0.010369999999999999,85512.0,58117.19
600470,2025-11-27,6.13,0.016584,206043.0,126190.181
600475,2025-11-27,18.27,0.012749,222899.13,407609.93
600476,2025-11-27,16.67,0.0006,24126.0,40220.09
600477,2025-11-27,2.79,0.0,425813.6,120051.389
600478,2025-11-27,6.77,0.0059440000000000005,450208.55,308394.876
600479,2025-11-27,10.78,0.0009289999999999999,50053.0,53561.599
600480,2025-11-27,11.59,-0.020287000000000003,131323.34,153731.709
600481,2025-11-27,5.89,0.015517000000000001,420085.23,247509.715
600482,2025-11-27,20.14,-0.001487,132915.28,268003.786
600483,2025-11-27,9.94,0.010163,109911.35,109112.988
600486,2025-11-27,63.1,0.013654999999999999,27401.58,172906.9
600487,2025-11-27,19.88,-0.005004999999999999,488581.75,971693.428
600488,2025-11-27,4.38,0.004587,63486.47,27615.769
600489,2025-11-27,22.14,-0.001803,431541.12,959950.058
600490,2025-11-27,7.27,-0.006831,300816.0,220518.172
600491,2025-11-27,3.04,-0.012987,140713.49,42889.572
600493,2025-11-27,7.55,0.008011,81897.0,61711.388
600495,2025-11-27,4.91,-0.004057,63234.24,31147.18
600496,2025-11-27,4.07,-0.00489,229394.62,94319.823
600497,2025-11-27,6.22,0.00161,616677.87,388594.008
600498,2025-11-27,22.92,-0.016309,420349.92,973590.743
600499,2025-11-27,12.79,0.0,204421.89,262089.34
600500,2025-11-27,3.96,-0.002519,232279.8,92120.397
600501,2025-11-27,20.72,-0.010979000000000001,64557.75,133709.436
600502,2025-11-27,4.71,-0.006329,100459.68,47407.423
600503,2025-11-27,2.91,-0.006826,301686.33,88484.789
600505,2025-11-27,12.51,0.004013,30049.53,37739.854
600506,2025-11-27,25.4,-0.015504,176471.34,450689.004
600507,2025-11-27,5.97,0.013582,344338.11,203991.757
600508,2025-11-27,12.43,0.00485,29806.0,37052.808
600509,2025-11-27,8.54,-0.00813,299374.6,257084.713
600510,2025-11-27,8.93,0.027618,88239.16,78337.759
600511,2025-11-27,28.89,-0.004823,32533.09,94200.564
600512,2025-11-27,2.5,-0.007937,221526.0,55503.031
600513,2025-11-27,18.98,0.006363,108686.16,205129.671
600515,2025-11-27,4.82,-0.010267,981759.89,475186.579
600516,2025-11-27,6.29,-0.018721,1020748.95,648542.271
600517,2025-11-27,5.87,-0.001701,246872.25,145662.894
600518,2025-11-27,2.01,-0.009852,1875718.83,376892.971
600519,2025-11-27,1447.3,-0.0012770000000000001,22286.89,3216797.187
600520,2025-11-27,26.46,-0.007129,20402.52,54227.303
600521,2025-11-27,17.82,0.001686,178257.49,316972.909
600522,2025-11-27,15.82,-0.003778,523971.51,836462.04
600523,2025-11-27,14.17,-0.0007049999999999999,19729.0,27967.844
600525,2025-11-27,3.8,-0.018088,168131.65,64005.595
600526,2025-11-27,5.35,-0.003724,111766.56,59650.988
600527,2025-11-27,2.21,-0.008969,398307.27,88705.394
600528,2025-11-27,8.01,-0.003731,73179.7,58745.075
600529,2025-11-27,20.38,-0.003423,43042.93,87898.447
600530,2025-11-27,7.56,0.032787000000000004,122347.0,92179.156
600531,2025-11-27,10.79,0.002788,362874.33,393911.788
600533,2025-11-27,2.7,0.007463,256647.0,69325.627
600535,2025-11-27,15.47,0.0,52510.0,81202.447
600536,2025-11-27,45.18,-0.005940999999999999,110601.84,502151.361
600537,2025-11-27,4.13,0.017241,1045922.49,433668.993
600538,2025-11-27,6.32,0.011200000000000002,186355.51,116866.897
600539,2025-11-27,10.83,-0.010959000000000002,37026.0,40445.856
600540,2025-11-27,4.73,0.0,100127.0,47244.388
600543,2025-11-27,6.16,0.004894,52838.0,32517.515
600545,2025-11-27,2.74,0.007352999999999999,201786.01,55129.981
600546,2025-11-27,10.37,-0.000963,151120.01,156592.302
600547,2025-11-27,36.29,0.010301,273967.92,991779.934
600548,2025-11-27,9.98,-0.002,24773.0,24774.24
600549,2025-11-27,32.55,-0.005803,249508.99,822683.429
600550,2025-11-27,9.3,-0.010638000000000002,570733.42,536237.975
600551,2025-11-27,8.53,-0.00814,45597.28,39037.313
600552,2025-11-27,11.27,0.008953,132186.16,150015.996
600556,2025-11-27,6.6,-0.039301,1542421.16,1034834.376
600557,2025-11-27,15.31,-0.009701999999999999,99412.6,152945.857
600558,2025-11-27,5.43,0.001845,144670.5,78912.492
600559,2025-11-27,16.38,-0.0024360000000000002,55101.0,90317.877
600560,2025-11-27,16.48,-0.003025,28145.0,46589.836
600561,2025-11-27,6.88,0.011765000000000001,46368.0,31740.043
600562,2025-11-27,26.31,-0.007169999999999999,75905.46,200782.326
600563,2025-11-27,103.4,-0.0052910000000000006,23213.76,242257.37
600566,2025-11-27,26.34,0.0034289999999999998,86755.71,227301.972
600567,2025-11-27,1.72,0.005848,1195037.26,205132.853
600568,2025-11-27,2.58,-0.044444,1506376.77,398236.946
600569,2025-11-27,2.28,-0.004366999999999999,239806.0,54950.928
600570,2025-11-27,29.24,-0.012496,231348.5,681007.287
600571,2025-11-27,16.35,-0.016837,108437.22,178574.377
600572,2025-11-27,4.65,-0.00641,218171.05,101435.25
600573,2025-11-27,11.9,0.008475,45357.0,54068.938
600575,2025-11-27,3.61,0.005571,423714.0,152379.198
600576,2025-11-27,7.36,0.008218999999999999,148162.95,109097.259
600577,2025-11-27,10.33,-0.018993,702233.84,732847.824
600578,2025-11-27,4.53,0.006666999999999999,353816.19,160711.776
600579,2025-11-27,8.75,-0.00681,80124.0,70164.196
600580,2025-11-27,41.19,0.000729,636357.51,2646010.552
600581,2025-11-27,3.53,-0.008427,168011.0,59583.612
600582,2025-11-27,5.92,0.0,165560.48,98076.437
600583,2025-11-27,5.39,0.0018590000000000002,263183.09,141870.54
600584,2025-11-27,35.75,-0.0013969999999999998,367001.58,1326760.581
600585,2025-11-27,22.62,-0.009198,337373.49,763287.692
600586,2025-11-27,5.76,0.012302,305191.44,174065.827
600587,2025-11-27,15.0,0.0,35436.0,53072.545
600588,2025-11-27,14.26,-0.027948,456505.26,659063.387
600589,2025-11-27,7.37,0.020776,587152.16,431071.829
600590,2025-11-27,8.73,-0.011325,83069.87,72964.652
600592,2025-11-27,24.75,-0.040698,399264.39,994769.964
600593,2025-11-27,46.56,-0.013977,93626.39,445591.251
600594,2025-11-27,4.25,0.0047279999999999996,188877.99,79440.576
600595,2025-11-27,6.75,0.010479,511824.15,351644.142
600596,2025-11-27,10.98,0.045714,437616.6,476383.194
600597,2025-11-27,8.16,-0.002445,101555.0,83058.403
600598,2025-11-27,14.62,-0.002048,200803.94,292823.923
600599,2025-11-27,10.64,0.015267,35440.01,37613.907
600600,2025-11-27,64.24,-0.002484,27072.32,174030.067
600601,2025-11-27,11.58,-0.003442,2491548.75,2955706.308
600602,2025-11-27,18.74,-0.012645,102154.34,192977.934
600603,2025-11-27,6.87,-0.008658,68868.2,47378.225
600604,2025-11-27,5.96,0.04014,479329.21,286422.281
600605,2025-11-27,29.26,0.014211,17140.6,50379.236
600606,2025-11-27,1.71,-0.017241,1098718.34,187435.865
600608,2025-11-27,4.26,-0.002342,11765.0,5027.616
600609,2025-11-27,4.85,-0.024145,242213.0,118438.728
600610,2025-11-27,10.19,-0.005854000000000001,178950.58,183594.059
600611,2025-11-27,5.44,0.001842,120706.74,65633.558
600612,2025-11-27,44.68,-0.00379,8362.0,37475.749
600613,2025-11-27,6.95,0.014598999999999999,145775.41,100101.489
600615,2025-11-27,11.87,0.006785,16721.2,19863.192
600616,2025-11-27,5.59,0.001792,79803.54,44684.149
600617,2025-11-27,3.36,0.0,252123.53,85026.795
600618,2025-11-27,13.53,0.032037,600475.25,811203.837
600619,2025-11-27,22.0,-0.034241,651776.97,1468237.101
600620,2025-11-27,6.18,0.009804,58872.0,36297.937
600621,2025-11-27,15.31,0.007237,101914.65,156273.802
600622,2025-11-27,3.23,0.028662,1525916.32,488411.236
600623,2025-11-27,7.91,0.020644999999999997,155902.5,122253.42
600624,2025-11-27,5.8,0.015762,106931.72,62074.968
600626,2025-11-27,4.69,0.017354,228919.03,107538.909
600628,2025-11-27,7.5,-0.011858,151263.0,114820.797
600629,2025-11-27,21.59,0.0041860000000000005,773317.24,1685029.511
600630,2025-11-27,10.26,0.057732,548527.19,557995.964
600633,2025-11-27,13.22,-0.014903,153432.05,204574.039
600635,2025-11-27,8.27,0.067097,4278882.3,3493880.846
600636,2025-11-27,8.34,0.0,22816.0,19076.71
600637,2025-11-27,9.56,-0.01848,487296.58,471798.447
600638,2025-11-27,5.78,0.0069689999999999995,70885.4,40828.196
600639,2025-11-27,10.47,0.001914,54014.85,56624.116
600640,2025-11-27,13.31,-0.0015,83199.31,111892.332
600641,2025-11-27,16.81,-0.0035570000000000003,158148.0,268649.851
600642,2025-11-27,8.51,0.011891,264432.91,224632.858
600643,2025-11-27,5.44,-0.001835,108687.39,59448.166
600644,2025-11-27,10.23,-0.000977,75932.76,77918.246
600645,2025-11-27,28.48,-0.00035099999999999997,132945.28,382631.666
600648,2025-11-27,10.69,-0.001867,29005.86,30914.743
600649,2025-11-27,4.36,-0.004566,167287.56,72877.879
600650,2025-11-27,14.11,-0.010519,27646.1,39167.37
600651,2025-11-27,8.28,0.012225,416192.3,343751.523
600653,2025-11-27,1.99,-0.005,240670.06,47908.957
600654,2025-11-27,4.27,0.10051500000000001,1344385.09,570681.983
600655,2025-11-27,5.27,-0.005659999999999999,80709.15,42701.284
600657,2025-11-27,4.0,0.098901,1217386.26,478013.979
600658,2025-11-27,5.49,0.005495,163427.15,89613.754
600660,2025-11-27,64.55,-0.003858,57082.47,370152.55
600661,2025-11-27,10.71,-0.008333,30995.83,33245.307
600662,2025-11-27,5.18,-0.009559999999999999,70964.7,36888.505
600663,2025-11-27,8.15,-0.006098,92170.24,75179.86
600664,2025-11-27,3.64,-0.008174,368469.91,133906.271
600665,2025-11-27,3.66,0.019499,316460.38,116113.072
600666,2025-11-27,3.43,-0.0029070000000000003,505970.2,173776.817
600667,2025-11-27,7.93,0.017972,835944.17,665610.989
600668,2025-11-27,11.51,-0.006045,21527.11,24837.889
600671,2025-11-27,17.17,0.012381999999999999,21774.0,37041.622
600673,2025-11-27,21.51,-0.032389,567520.74,1256487.296
600674,2025-11-27,14.73,0.018672,266834.53,391214.046
600675,2025-11-27,2.84,-0.010452999999999999,440511.83,124870.419
600676,2025-11-27,5.99,-0.003328,53311.01,32053.72
600678,2025-11-27,10.09,-0.014648000000000001,301822.0,302716.803
600679,2025-11-27,14.05,0.030059,169088.88,236557.127
600681,2025-11-27,4.21,-0.016354999999999998,390888.2,166439.177
600682,2025-11-27,7.82,-0.0225,331156.0,261775.819
600683,2025-11-27,4.67,0.0,133578.0,62131.905
600684,2025-11-27,4.55,0.002203,121035.8,55041.993
600685,2025-11-27,30.04,0.005018,588472.91,1775624.197
600686,2025-11-27,15.39,0.003259,205222.59,317890.896
600688,2025-11-27,2.7,-0.00369,230018.33,62300.809
600689,2025-11-27,14.87,-0.008005,27673.0,41315.723
600690,2025-11-27,27.59,0.006934,524697.66,1434506.584
600691,2025-11-27,3.05,0.006601,352014.22,107386.084
600692,2025-11-27,8.08,0.003727,52787.72,42572.71
600693,2025-11-27,9.78,0.011375,2146472.73,2204810.929
600694,2025-11-27,17.52,0.000571,29618.29,52124.83
600696,2025-11-27,4.97,-0.049713,81389.01,40752.272
600697,2025-11-27,13.31,0.0007520000000000001,84417.0,112579.311
600698,2025-11-27,9.32,-0.004274,74702.0,69843.285
600699,2025-11-27,26.46,-0.0015090000000000001,281503.66,751460.045
600702,2025-11-27,61.85,-0.006904,89493.93,556448.401
600703,2025-11-27,12.99,0.0038640000000000002,395070.39,516959.915
600704,2025-11-27,5.38,0.003731,348944.26,188236.065
600706,2025-11-27,11.07,0.053283,294323.82,321942.66
600707,2025-11-27,5.53,-0.003604,100463.75,55765.035
600708,2025-11-27,3.45,-0.011460999999999999,320195.25,110119.072
600710,2025-11-27,10.42,0.0,68588.17,71676.717
600711,2025-11-27,11.72,-0.00846,1295979.01,1554279.759
600712,2025-11-27,7.04,-0.015385,126907.0,90150.671
600713,2025-11-27,5.04,-0.015625,152387.42,76911.393
600714,2025-11-27,11.89,0.003376,50677.0,60580.708
600715,2025-11-27,2.46,-0.023809999999999998,560132.0,138758.007
600716,2025-11-27,3.9,0.002571,99051.69,38514.032
600717,2025-11-27,4.53,-0.004396,124137.79,56371.994
600718,2025-11-27,10.31,-0.016221,200642.73,208538.2
600719,2025-11-27,6.1,0.0032890000000000003,61111.0,37280.216
600720,2025-11-27,7.42,-0.001346,50210.96,37296.93
600721,2025-11-27,9.19,-0.012889,194142.0,179275.74
600722,2025-11-27,6.25,0.004823,72496.0,45374.986
600724,2025-11-27,5.21,-0.003824,64132.01,33316.948
600725,2025-11-27,3.66,0.005495,118788.28,43512.193
600726,2025-11-27,2.49,-0.004,222193.0,55435.428
600727,2025-11-27,7.04,0.00428,44552.6,31400.583
600728,2025-11-27,6.35,-0.0047020000000000005,214212.6,136673.317
600729,2025-11-27,27.28,-0.0032879999999999997,22603.46,61923.635
600730,2025-11-27,11.46,0.053308999999999995,530694.32,588006.786
600731,2025-11-27,6.98,0.005764,71681.42,50035.297
600732,2025-11-27,13.49,0.018113,266210.74,357984.863
600733,2025-11-27,7.57,-0.013038000000000001,740635.03,562351.392
600734,2025-11-27,5.54,-0.099187,3512351.54,1998706.018
600735,2025-11-27,6.27,0.050251000000000004,201988.0,124349.507
600736,2025-11-27,5.59,-0.034542,377098.52,210189.604
600737,2025-11-27,16.75,-0.020468,234456.85,397585.978
600738,2025-11-27,5.07,0.001976,306162.0,156186.401
600739,2025-11-27,11.8,-0.004219,96271.17,114383.439
600740,2025-11-27,3.98,-0.005,164067.29,65572.529
600741,2025-11-27,19.3,-0.005155,92117.55,179087.003
600742,2025-11-27,9.57,0.001046,43482.86,41804.543
600743,2025-11-27,2.11,0.0,191011.88,40426.554
600744,2025-11-27,6.08,-0.009772,222815.06,136110.292
600745,2025-11-27,41.15,0.040192,776813.79,3184694.892
600746,2025-11-27,7.06,0.0071330000000000005,42023.01,29617.935
600748,2025-11-27,6.02,0.010067,850110.63,534416.038
600749,2025-11-27,17.15,-0.001165,36669.0,63126.032
600750,2025-11-27,21.88,0.00321,41453.82,90538.705
600751,2025-11-27,3.89,-0.022612999999999998,542278.04,213101.914
600753,2025-11-27,8.54,0.021530999999999998,38743.0,33003.635
600754,2025-11-27,25.27,-0.0066820000000000004,100839.11,253250.5
600755,2025-11-27,6.47,-0.031437,459127.86,298912.108
600756,2025-11-27,24.34,0.049138,997449.13,2421557.25
600757,2025-11-27,8.6,-0.012629,94779.57,81858.436
600758,2025-11-27,3.82,0.002625,167403.0,63925.198
600759,2025-11-27,2.57,-0.015326,1946746.19,500822.218
600760,2025-11-27,58.53,0.002226,149829.03,876586.64
600761,2025-11-27,19.47,0.001028,69787.33,135540.812
600763,2025-11-27,41.76,-0.0033410000000000002,41114.26,171812.434
600764,2025-11-27,29.97,-0.036954,261643.97,793376.016
600765,2025-11-27,15.92,-0.001255,94962.32,151484.167
600768,2025-11-27,12.91,0.002329,42019.0,54610.606
600769,2025-11-27,13.04,0.016368,49880.78,65060.397
600770,2025-11-27,5.21,-0.001916,94915.98,49623.336
600771,2025-11-27,19.46,-0.003584,51665.38,100672.354
600773,2025-11-27,12.67,-0.004713,156758.17,200237.104
600774,2025-11-27,9.95,0.0040360000000000005,38578.0,38327.561
600775,2025-11-27,10.92,-0.005464,83892.0,91932.683
600776,2025-11-27,13.44,0.004484,270844.22,364599.082
600777,2025-11-27,3.91,-0.010126999999999999,95707.24,37561.596
600778,2025-11-27,6.79,0.002954,138245.28,94123.614
600779,2025-11-27,40.14,-0.0027329999999999998,15451.75,62189.204
600780,2025-11-27,5.82,0.0,91621.0,53377.545
600782,2025-11-27,3.8,-0.010417000000000001,407738.62,155781.269
600783,2025-11-27,14.6,0.020266000000000003,127876.32,186241.825
600784,2025-11-27,6.6,0.013825,52039.32,34297.999
600785,2025-11-27,13.44,0.015106,109677.0,148002.877
600787,2025-11-27,5.64,-0.0017699999999999999,177900.53,100591.44
600789,2025-11-27,9.97,0.00504,403045.65,398489.247
600790,2025-11-27,3.78,0.0,123558.8,47090.406
600791,2025-11-27,5.24,0.007692,57275.0,29944.72
600792,2025-11-27,4.31,0.009368,289376.0,124043.239
600793,2025-11-27,22.38,0.013127999999999999,27166.0,60733.103
600794,2025-11-27,3.9,-0.005102,81608.28,31960.411
600795,2025-11-27,5.56,0.035382,1908441.76,1049228.616
600796,2025-11-27,6.21,0.008117,60425.62,37515.451
600797,2025-11-27,10.82,-0.03479,878738.36,960795.317
600798,2025-11-27,3.68,-0.00271,175366.5,64684.727
600800,2025-11-27,4.05,-0.002463,269340.0,108874.411
600801,2025-11-27,22.48,-0.026840000000000003,97388.97,220783.769
600802,2025-11-27,6.81,-0.007289,238163.78,162708.424
600803,2025-11-27,21.26,0.012863,146576.06,311201.028
600805,2025-11-27,5.43,0.0036969999999999998,79690.88,43362.436
600807,2025-11-27,3.37,0.00597,176167.0,58783.269
600808,2025-11-27,3.82,-0.007792,344249.48,132435.339
600809,2025-11-27,195.5,0.011380999999999999,45912.55,893686.171
600810,2025-11-27,8.51,-0.016185,185966.3,159988.592
600812,2025-11-27,5.82,-0.008518,119008.15,69208.904
600814,2025-11-27,7.54,-0.009198,81784.67,62149.008
600815,2025-11-27,3.5,-0.033149000000000005,965770.0,339460.866
600816,2025-11-27,2.87,-0.0034720000000000003,376703.51,108500.471
600817,2025-11-27,11.0,0.0018210000000000001,19478.07,21424.878
600818,2025-11-27,10.52,-0.00095,55857.01,58797.092
600819,2025-11-27,8.13,-0.001229,86805.1,70847.903
600820,2025-11-27,6.26,-0.001595,125081.46,78377.557
600821,2025-11-27,5.24,-0.007576,166935.12,87785.059
600822,2025-11-27,11.35,-0.007866999999999999,75604.06,86625.053
600824,2025-11-27,4.57,-0.006522,555015.01,256241.268
600825,2025-11-27,6.88,-0.011493999999999999,98391.0,68180.51
600826,2025-11-27,12.0,-0.029911,221453.99,266842.399
600827,2025-11-27,8.8,-0.007892,89417.33,79118.263
600828,2025-11-27,5.59,0.10039400000000001,73109.73,40868.339
600829,2025-11-27,12.63,-0.04173,708575.71,909406.6
600830,2025-11-27,9.34,-0.002137,37024.04,34778.61
600831,2025-11-27,4.88,0.012447999999999999,159902.0,77427.989
600833,2025-11-27,13.6,-0.019466,48562.0,66145.573
600834,2025-11-27,8.28,0.007299,31226.75,25774.609
600835,2025-11-27,30.59,-0.07303,634009.83,2008031.349
600838,2025-11-27,8.97,0.001116,67228.0,60456.607
600839,2025-11-27,9.44,-0.006316,559715.41,531243.635
600841,2025-11-27,6.11,-0.006503999999999999,48771.0,29891.197
600843,2025-11-27,11.42,0.031617,251614.51,286441.736
600844,2025-11-27,3.26,0.012421999999999999,159265.0,51786.755
600845,2025-11-27,21.31,-0.022477,173821.97,372070.52
600846,2025-11-27,15.72,-0.024814,61021.44,96730.076
600847,2025-11-27,12.29,0.019071,22860.0,27948.215
600848,2025-11-27,11.75,-0.009275,184810.95,219299.847
600850,2025-11-27,25.75,-0.005792,53077.44,137702.937
600851,2025-11-27,6.83,0.004412,41557.73,28277.53
600853,2025-11-27,4.18,-0.014151,178073.28,74512.384
600854,2025-11-27,5.28,0.013435999999999998,65375.86,34425.638
600855,2025-11-27,16.38,-0.004255,416155.7,678490.191
600857,2025-11-27,14.59,-0.027333,99394.86,146621.287
600858,2025-11-27,5.8,0.012216,235300.51,137859.23
600859,2025-11-27,14.31,-0.011739999999999999,244931.67,354717.126
600860,2025-11-27,11.67,-0.0025640000000000003,65366.04,76825.736
600861,2025-11-27,18.12,-0.00821,20112.92,36535.622
600862,2025-11-27,20.92,-0.006176,86578.87,181897.147
600863,2025-11-27,4.56,0.024719,712953.87,324175.642
600864,2025-11-27,6.73,0.001488,158054.81,106866.287
600865,2025-11-27,9.57,0.04476,203685.17,196750.074
600866,2025-11-27,6.84,0.00885,152051.0,104035.518
600867,2025-11-27,8.76,-0.002278,132599.76,116183.427
600868,2025-11-27,3.25,0.028481,4367274.6,1473736.193
600869,2025-11-27,6.9,0.013216,295218.0,205066.453
600871,2025-11-27,2.25,-0.008811,1550559.41,352289.423
600872,2025-11-27,17.63,-0.004517,54298.67,96095.359
600873,2025-11-27,10.14,-0.000985,155789.0,158283.421
600874,2025-11-27,5.97,0.0,85652.0,51191.779
600875,2025-11-27,20.33,-0.008776,336590.13,692472.315
600876,2025-11-27,9.99,0.009091,32560.0,32488.817
600877,2025-11-27,15.83,0.100069,596257.81,925754.245
600879,2025-11-27,10.72,0.008467,608359.68,644850.544
600880,2025-11-27,5.37,-0.020072999999999997,423637.15,228854.705
600881,2025-11-27,2.09,-0.009479,993248.98,205720.936
600882,2025-11-27,26.27,0.019798,67535.99,177719.167
600883,2025-11-27,8.31,0.007272999999999999,34706.03,28675.72
600884,2025-11-27,12.61,0.030229,759870.82,953437.229
600885,2025-11-27,28.81,0.001739,134541.9,388372.496
600886,2025-11-27,13.92,0.01978,196165.17,272219.573
600887,2025-11-27,29.05,-0.004455,223025.78,648115.983
600888,2025-11-27,7.65,-0.005202,190422.72,147386.29
600889,2025-11-27,15.08,0.008021,47358.0,71873.499
600892,2025-11-27,3.8,0.049724000000000004,86320.0,32646.264
600893,2025-11-27,37.18,-0.0008060000000000001,87569.54,325861.262
600894,2025-11-27,9.25,0.002167,27369.0,25259.867
600895,2025-11-27,42.14,-0.005428,908676.67,3869741.096
600897,2025-11-27,15.76,-0.008181,36003.0,57043.219
600900,2025-11-27,28.09,0.0053690000000000005,768692.86,2152113.661
600901,2025-11-27,6.41,-0.001558,229363.2,147770.999
600903,2025-11-27,6.86,-0.001456,79223.25,54346.497
600905,2025-11-27,4.17,0.0,510046.62,212807.103
600906,2025-11-27,6.82,-0.001464,99673.68,68245.91
600908,2025-11-27,6.16,0.011493999999999999,148905.79,91363.558
600909,2025-11-27,6.29,0.00319,331911.67,209883.115
600916,2025-11-27,8.01,-0.0024909999999999997,83596.26,67052.201
600917,2025-11-27,5.68,0.0,42377.15,24102.7
600918,2025-11-27,6.64,0.0045390000000000005,136002.0,90113.057
600919,2025-11-27,10.83,0.012150000000000001,1097820.63,1179344.643
600925,2025-11-27,4.75,0.00211,63697.43,30280.507
600926,2025-11-27,15.57,0.012354,269405.34,416818.341
600927,2025-11-27,14.21,-0.0035060000000000004,32181.0,45820.073
600928,2025-11-27,3.85,0.005222,220503.85,84753.796
600929,2025-11-27,5.77,0.0017360000000000001,75666.0,43807.638
600930,2025-11-27,6.16,0.0,368068.03,227032.677
600933,2025-11-27,19.4,-0.004107,152140.87,296499.603
600935,2025-11-27,2.59,0.003876,258358.0,67148.01
600936,2025-11-27,3.53,0.002841,83914.0,29586.462
600938,2025-11-27,28.08,0.009709,385108.18,1078619.171
600939,2025-11-27,3.47,-0.022535,244183.02,85387.267
600941,2025-11-27,108.25,-0.006606999999999999,85382.25,923580.309
600955,2025-11-27,15.21,-0.009121,181792.0,275922.285
600956,2025-11-27,7.62,-0.01423,79582.0,61268.848
600958,2025-11-27,10.31,-0.0029010000000000004,354324.42,367037.975
600959,2025-11-27,3.47,-0.011396,353904.99,123602.407
600960,2025-11-27,4.95,0.0020239999999999998,120703.0,59879.332
600961,2025-11-27,14.68,0.00755,120157.21,177598.011
600962,2025-11-27,20.27,0.012994,22509.0,45679.764
600963,2025-11-27,4.38,0.023364,352816.71,154423.017
600965,2025-11-27,5.74,-0.03204,229795.7,133696.542
600966,2025-11-27,6.35,0.051325,474193.53,296682.075
600967,2025-11-27,17.22,-0.001739,172649.41,297722.021
600968,2025-11-27,3.73,0.005391,241614.0,89902.157
600969,2025-11-27,8.77,-0.00454,83280.2,73402.668
600970,2025-11-27,9.31,-0.021030000000000004,355261.31,330405.634
600971,2025-11-27,6.82,0.0029409999999999996,53635.41,36476.666
600973,2025-11-27,5.08,-0.003922,206850.67,105761.466
600975,2025-11-27,6.15,0.0016289999999999998,120207.0,73758.958
600976,2025-11-27,37.42,-0.010053000000000001,16072.74,60201.735
600977,2025-11-27,15.72,-0.03321,765668.41,1217885.261
600979,2025-11-27,4.67,-0.010592999999999998,120697.4,56624.157
600980,2025-11-27,22.38,0.00044699999999999997,17733.0,39893.316
600981,2025-11-27,2.8,-0.003559,160391.07,45135.234
600982,2025-11-27,4.45,0.0,142215.0,63365.175
600983,2025-11-27,10.06,0.000995,18942.0,19042.326
600984,2025-11-27,4.24,0.004739,413674.59,173808.229
600985,2025-11-27,12.25,0.004922,72201.91,88556.694
600986,2025-11-27,9.76,-0.023023,748117.58,733988.193
600987,2025-11-27,7.15,0.0014010000000000001,94866.0,68181.586
600988,2025-11-27,31.08,0.01139,326894.65,1014221.357
600989,2025-11-27,18.05,0.010073,282251.15,508949.343
600990,2025-11-27,25.22,0.000794,43103.0,108677.13
600992,2025-11-27,13.85,-0.0035970000000000004,41454.0,57701.395
600993,2025-11-27,27.54,-0.000726,28165.48,77668.156
600995,2025-11-27,12.25,-0.002443,108427.06,134354.528
600996,2025-11-27,12.6,0.07234,1004381.27,1255444.898
600997,2025-11-27,6.16,-0.001621,74011.9,45606.28
600998,2025-11-27,4.92,-0.004049,229003.37,112863.028
600999,2025-11-27,16.28,-0.0018390000000000001,222073.14,362484.654
601000,2025-11-27,3.85,-0.005168000000000001,283129.4,109601.748
601001,2025-11-27,14.03,0.016667,177682.39,248263.947
601002,2025-11-27,5.01,0.0,58448.1,29386.571
601003,2025-11-27,4.94,-0.004032,115232.1,57104.698
601005,2025-11-27,1.44,0.0,1186043.0,170731.321
601006,2025-11-27,5.51,-0.005415,717653.77,395989.865
601007,2025-11-27,7.63,0.0026279999999999997,69149.6,52780.251
601008,2025-11-27,5.23,-0.00381,60237.88,31535.047
601009,2025-11-27,11.58,0.007833,294218.0,339498.544
601010,2025-11-27,2.7,0.0,351713.0,95336.954
601011,2025-11-27,3.62,0.008357,704282.29,253541.319
601012,2025-11-27,18.58,-0.012228000000000001,1570440.53,2953523.047
601015,2025-11-27,4.02,-0.0024809999999999997,325537.2,130649.645
601016,2025-11-27,2.97,0.0,261919.34,77958.329
601018,2025-11-27,3.7,0.008174,388768.01,143495.998
601019,2025-11-27,8.49,-0.004689,103016.98,87613.239
601020,2025-11-27,29.85,-0.024828000000000003,311862.68,941573.923
601021,2025-11-27,54.9,0.000182,41157.7,225732.714
601022,2025-11-27,9.18,0.001091,67519.86,62080.285
601026,2025-11-27,20.19,-0.014641,61012.19,124335.232
601033,2025-11-27,15.42,0.001949,22846.33,35275.802
601038,2025-11-27,12.68,0.003959,39596.8,50257.722
601058,2025-11-27,15.85,0.0,125259.5,199902.501
601061,2025-11-27,14.29,-0.002791,222419.0,318809.389
601065,2025-11-27,8.46,0.005945000000000001,45705.8,38639.851
601066,2025-11-27,24.62,-0.00485,91348.81,225789.256
601068,2025-11-27,5.21,-0.015123,145472.0,75856.849
601069,2025-11-27,26.82,-0.004824,106816.03,286428.973
601077,2025-11-27,6.56,0.004594,401523.0,262005.68
601083,2025-11-27,11.13,-0.000898,40348.74,44963.448
601086,2025-11-27,10.55,-0.062222,342919.36,370961.01
601088,2025-11-27,41.45,0.010976,140561.5,579667.183
601089,2025-11-27,25.86,0.054218999999999996,245381.9,614411.694
601096,2025-11-27,4.09,-0.009685000000000001,189428.42,77863.162
601098,2025-11-27,11.0,-0.015219,152936.55,169024.938
601099,2025-11-27,4.11,0.002439,825514.44,340378.33
601100,2025-11-27,101.38,0.100043,322693.87,3171910.535
601101,2025-11-27,7.35,0.0,66533.68,48875.732
601106,2025-11-27,2.98,-0.009967,366290.47,109635.287
601107,2025-11-27,5.97,-0.005,89075.02,53019.553
601108,2025-11-27,8.12,0.0049499999999999995,234148.8,190795.347
601111,2025-11-27,8.06,-0.0024749999999999998,666784.21,536451.464
601113,2025-11-27,4.46,0.020595,647133.0,291262.895
601116,2025-11-27,16.69,-0.045739999999999996,924369.09,1639979.534
601117,2025-11-27,7.42,-0.002688,414222.48,308324.494
601118,2025-11-27,5.63,-0.024263,515732.11,294137.25
601121,2025-11-27,7.13,0.005642,172784.0,124977.301
601126,2025-11-27,26.02,-0.00687,197368.86,521661.86
601127,2025-11-27,125.57,0.003757,147761.41,1859268.076
601128,2025-11-27,7.16,0.002801,215658.87,154368.14
601133,2025-11-27,13.69,0.006618000000000001,191752.16,262516.883
601136,2025-11-27,21.08,0.012487999999999999,394554.44,837039.135
601137,2025-11-27,20.9,-0.000478,89075.0,188722.937
601138,2025-11-27,60.27,0.022739,2758874.64,17029728.373
601139,2025-11-27,6.57,0.0,62955.03,41382.156
601155,2025-11-27,14.71,-0.00876,277682.24,405449.624
601156,2025-11-27,16.41,0.00122,64039.43,105466.673
601158,2025-11-27,4.7,0.0,80776.79,38037.082
601162,2025-11-27,4.81,0.0,843179.18,406837.307
601163,2025-11-27,14.58,0.0,22210.83,32464.29
601166,2025-11-27,21.39,0.004225,558515.32,1189138.08
601168,2025-11-27,22.79,0.010643,257020.79,593234.433
601169,2025-11-27,5.73,0.0,1448046.09,828886.97
601177,2025-11-27,16.6,0.0,38067.62,63416.665
601179,2025-11-27,8.16,-0.013301,1041969.51,858568.82
601186,2025-11-27,7.73,-0.0012920000000000002,162720.09,125952.124
601187,2025-11-27,7.11,0.008511,101947.16,72116.171
601188,2025-11-27,3.53,0.0,101286.3,35759.16
601199,2025-11-27,5.64,0.0,67240.38,37933.439
601200,2025-11-27,8.07,0.006234,77856.22,62735.66
601208,2025-11-27,20.0,0.023541,925956.98,1880015.989
601211,2025-11-27,19.0,0.0052910000000000006,412237.81,783008.551
601212,2025-11-27,4.74,-0.002105,912475.21,435168.419
601216,2025-11-27,4.86,-0.006135000000000001,380757.96,186010.715
601218,2025-11-27,4.87,-0.008147,222993.44,109221.601
601222,2025-11-27,5.69,-0.003503,109615.65,62574.601
601225,2025-11-27,23.04,0.024911,272932.39,621922.918
601226,2025-11-27,7.22,-0.008242000000000001,84995.0,61648.457
601228,2025-11-27,3.27,-0.006079,197186.09,64776.583
601229,2025-11-27,10.01,0.011111,447454.34,444825.293
601231,2025-11-27,22.16,0.022612,274114.28,618498.796
601233,2025-11-27,14.91,0.02686,267601.76,396861.887
601236,2025-11-27,8.54,-0.006977,112735.1,96395.851
601238,2025-11-27,8.41,0.016929,1435426.34,1206701.565
601279,2025-11-27,4.73,0.04415,862649.79,403933.251
601288,2025-11-27,8.1,0.020151,3336588.51,2678201.856
601298,2025-11-27,8.48,0.008323,235231.42,199087.347
601311,2025-11-27,9.06,0.004435,142776.97,129916.349
601318,2025-11-27,59.34,-0.00736,505700.87,2993560.813
601319,2025-11-27,8.67,0.015222,703422.34,605287.669
601326,2025-11-27,3.51,0.0,183085.0,64053.615
601328,2025-11-27,7.71,0.006527,1595184.54,1221929.081
601330,2025-11-27,7.03,0.0014249999999999998,55581.0,39109.581
601333,2025-11-27,3.0,0.0033439999999999998,303735.35,91011.571
601336,2025-11-27,65.65,-0.004096,124508.85,815750.607
601339,2025-11-27,5.35,0.005639,89996.94,48123.729
601360,2025-11-27,13.39,-0.023340999999999997,2277749.74,3083454.019
601366,2025-11-27,4.56,-0.010846,120982.0,55402.298
601368,2025-11-27,5.05,0.003976,44409.99,22427.451
601369,2025-11-27,8.83,0.011455,117032.38,103233.875
601375,2025-11-27,4.26,-0.002342,210827.85,90329.105
601377,2025-11-27,6.67,0.001502,441209.68,295044.487
601388,2025-11-27,2.83,-0.01049,396631.16,113266.643
601390,2025-11-27,5.42,-0.003676,510272.44,276958.017
601398,2025-11-27,8.16,0.0,2344122.23,1906028.13
601399,2025-11-27,3.23,-0.012232,567467.8,184335.251
601456,2025-11-27,10.18,-0.000981,183530.79,187412.466
601500,2025-11-27,4.24,0.004739,165217.2,69999.505
601512,2025-11-27,8.92,0.004505,48228.0,43123.017
601515,2025-11-27,4.53,-0.010917,187271.16,85437.969
601518,2025-11-27,2.88,-0.0068969999999999995,141113.35,40791.539
601519,2025-11-27,12.61,-0.0015840000000000001,170705.96,216841.088
601528,2025-11-27,5.56,0.001802,86148.35,47870.066
601555,2025-11-27,8.86,0.0,209956.42,186455.879
601566,2025-11-27,12.88,-0.016794,536232.75,682752.721
601567,2025-11-27,22.75,-0.00263,194189.24,443330.889
601568,2025-11-27,3.88,0.0,149209.8,57989.436
601577,2025-11-27,9.68,0.005192,137929.91,133254.829
601579,2025-11-27,21.0,-0.012694,100090.9,211993.5
601588,2025-11-27,1.86,0.0,393105.01,72945.653
601595,2025-11-27,31.06,-0.070616,198464.03,624763.003
601598,2025-11-27,6.2,-0.009585,113932.64,71477.549
601599,2025-11-27,3.82,-0.012920000000000001,183395.0,70495.811
601600,2025-11-27,10.44,0.004812,2447994.97,2591432.351
601601,2025-11-27,35.05,0.012713,284606.24,996105.624
601606,2025-11-27,52.1,-0.011198,529950.91,2786135.888
601607,2025-11-27,17.81,-0.003358,73695.33,131344.367
601608,2025-11-27,6.54,0.009259,602658.28,398916.076
601609,2025-11-27,10.12,0.0,175847.66,179166.617
601611,2025-11-27,11.33,-0.01048,391328.78,447948.522
601615,2025-11-27,13.24,-0.009723,199879.36,267233.767
601616,2025-11-27,3.92,-0.005076000000000001,139019.0,54801.285
601618,2025-11-27,3.17,-0.00627,1096595.29,349344.922
601619,2025-11-27,4.29,-0.0069440000000000005,304625.0,131278.386
601628,2025-11-27,43.95,0.010345,108128.71,473915.096
601633,2025-11-27,21.76,-0.0009180000000000001,106778.15,232185.713
601636,2025-11-27,5.97,0.034662,734376.3,430853.517
601658,2025-11-27,5.79,0.0,1348732.29,777252.505
601665,2025-11-27,5.97,0.0033610000000000003,401608.85,239213.181
601666,2025-11-27,7.77,0.003876,101566.95,78945.709
601668,2025-11-27,5.24,-0.005693,1173983.75,616323.321
601669,2025-11-27,5.39,-0.005535,730773.54,394663.655
601677,2025-11-27,13.89,-0.002155,167068.09,234169.617
601678,2025-11-27,4.44,0.02069,415158.45,183516.262
601686,2025-11-27,6.41,0.043974,247985.14,158130.59
601688,2025-11-27,21.0,-0.001901,376397.18,793818.71
601689,2025-11-27,62.27,-0.008597,255761.93,1608622.694
601696,2025-11-27,12.67,-0.002362,227729.78,290030.623
601698,2025-11-27,20.38,-0.005368,204432.59,418029.732
601699,2025-11-27,13.18,0.013067,225272.7,296018.223
601700,2025-11-27,4.89,0.006173,108138.5,52729.143
601702,2025-11-27,18.03,-0.0022140000000000003,181364.17,330549.556
601717,2025-11-27,22.47,-0.009696,85734.25,194406.952
601718,2025-11-27,3.49,-0.022409,458196.0,161176.416
601727,2025-11-27,8.7,-0.02027,1531120.26,1339798.142
601728,2025-11-27,6.77,-0.008785,1030116.07,699396.221
601766,2025-11-27,7.23,-0.005502,666076.32,481407.459
601777,2025-11-27,10.32,-0.017143,228185.14,238373.528
601778,2025-11-27,3.32,-0.005988,649972.56,217252.876
601788,2025-11-27,17.26,-0.001157,112850.0,195371.018
601789,2025-11-27,5.19,-0.0057469999999999995,198367.68,103113.079
601798,2025-11-27,8.86,0.011415999999999999,45100.0,39953.43
601799,2025-11-27,121.0,-0.019767,22452.32,272852.72
601800,2025-11-27,8.5,-0.005848,130066.95,110643.879
601801,2025-11-27,6.59,-0.006032999999999999,67902.0,44858.49
601808,2025-11-27,13.99,0.0,58059.96,81053.863
601811,2025-11-27,13.96,-0.00428,16940.04,23724.614
601816,2025-11-27,5.07,0.001976,699431.55,354395.93
601818,2025-11-27,3.65,0.008287,2665751.72,967170.957
601825,2025-11-27,9.15,0.018931,273698.68,249587.226
601827,2025-11-27,8.28,0.007299,74998.0,62054.304
601828,2025-11-27,2.64,-0.011236,184586.6,48915.613
601838,2025-11-27,17.01,0.011295999999999999,394133.92,667289.749
601857,2025-11-27,9.85,0.013373999999999999,1190049.78,1162008.521
601858,2025-11-27,18.68,-0.01164,37481.0,70441.289
601860,2025-11-27,2.77,-0.0035970000000000004,229694.04,63758.284
601865,2025-11-27,16.08,0.0062580000000000005,158715.0,254239.656
601866,2025-11-27,2.52,-0.011765000000000001,704936.31,178745.84
601868,2025-11-27,2.34,-0.004255,1346796.56,315966.192
601869,2025-11-27,87.3,0.019382999999999997,278525.28,2451651.587
601872,2025-11-27,8.65,0.0,550825.3,477388.277
601877,2025-11-27,27.93,0.014530000000000001,313579.33,881617.588
601878,2025-11-27,10.91,-0.00183,165290.94,180883.661
601880,2025-11-27,1.61,-0.006173,690508.99,111824.36
601881,2025-11-27,15.86,0.001263,210532.07,334542.378
601882,2025-11-27,18.86,0.000531,14607.0,27668.211
601886,2025-11-27,7.92,-0.01,66569.0,52629.268
601888,2025-11-27,78.5,-0.022902999999999996,367645.33,2914795.673
601890,2025-11-27,10.44,0.009670999999999999,891382.69,939522.25
601898,2025-11-27,13.68,-0.00146,347285.22,474183.01
601899,2025-11-27,28.6,0.00598,1636296.59,4722632.921
601900,2025-11-27,13.8,-0.004329,42515.0,58881.372
601901,2025-11-27,7.72,0.002597,416895.51,322133.014
601908,2025-11-27,3.69,0.0,338414.0,125276.837
601916,2025-11-27,3.09,0.0,1002584.14,309273.375
601918,2025-11-27,6.84,0.001464,380612.64,261330.382
601919,2025-11-27,14.67,-0.002041,403619.59,592028.916
601921,2025-11-27,7.86,-0.007576,55624.0,43930.01
601928,2025-11-27,9.95,-0.005,144391.39,144065.481
601929,2025-11-27,3.79,-0.04534,2987700.37,1145926.73
601933,2025-11-27,4.02,-0.021898,1134161.26,460900.369
601939,2025-11-27,9.71,-0.001029,975232.55,941813.661
601949,2025-11-27,6.51,-0.028357999999999998,129528.0,85340.064
601952,2025-11-27,9.12,-0.0032790000000000002,69763.26,63509.167
601956,2025-11-27,7.07,0.007123000000000001,66762.4,47233.227
601958,2025-11-27,13.77,0.005844,151924.29,211615.278
601963,2025-11-27,11.12,0.0,80495.19,89397.033
601965,2025-11-27,16.92,-0.005875,23105.07,39192.607
601966,2025-11-27,14.75,-0.0027050000000000004,92551.64,136901.738
601968,2025-11-27,5.07,0.016032,118029.0,59557.393
601969,2025-11-27,11.24,-0.050676,493496.39,561200.828
601975,2025-11-27,3.13,-0.021875,1012058.85,319624.783
601985,2025-11-27,8.6,-0.0046300000000000004,620124.88,534770.516
601988,2025-11-27,6.17,0.0032519999999999997,3420242.26,2092863.574
601990,2025-11-27,8.01,-0.004969,177202.2,142720.814
601991,2025-11-27,3.55,0.014286,959802.03,340982.473
601992,2025-11-27,1.69,-0.005881999999999999,373020.0,63038.176
601996,2025-11-27,2.49,-0.004,295136.6,73343.925
601997,2025-11-27,6.05,0.001656,236999.34,143646.201
601998,2025-11-27,7.84,0.003841,371984.64,290230.497
601999,2025-11-27,7.47,0.0,53617.0,40060.907
603000,2025-11-27,20.85,0.01312,332210.36,686236.866
603001,2025-11-27,9.14,0.026966,85578.88,77655.529
603002,2025-11-27,7.11,0.040996,460559.95,324865.184
603004,2025-11-27,23.46,0.021777,41672.0,97830.386
603005,2025-11-27,26.68,0.002254,123936.23,333137.432
603006,2025-11-27,13.08,0.011600999999999998,22652.0,29556.179
603007,2025-11-27,5.46,-0.021505,142568.97,79045.128
603008,2025-11-27,20.98,0.047429,274309.23,569117.804
603009,2025-11-27,41.15,0.014046000000000001,100283.0,416696.483
603010,2025-11-27,11.9,0.099815,184811.22,213896.928
603011,2025-11-27,20.5,-0.017258,278725.52,579422.449
603012,2025-11-27,5.77,0.008741,76233.0,44083.11
603013,2025-11-27,22.21,-0.0040360000000000005,41846.0,93931.449
603014,2025-11-27,39.98,0.00025,15830.26,63488.964
603015,2025-11-27,11.11,0.004521,38752.0,43190.298
603016,2025-11-27,25.19,0.018189,16381.0,41247.925
603017,2025-11-27,10.57,-0.064602,349756.14,367921.237
603018,2025-11-27,7.49,-0.006631000000000001,44388.4,33313.497
603019,2025-11-27,99.13,0.01391,579471.17,5865914.88
603020,2025-11-27,10.09,0.014070000000000001,32157.0,32422.808
603021,2025-11-27,5.28,0.005714,80206.0,42235.842
603022,2025-11-27,10.38,0.017647,29508.5,30434.532
603023,2025-11-27,4.16,0.0072640000000000005,67463.43,28059.939
603025,2025-11-27,17.14,-0.001166,52001.58,89892.749
603026,2025-11-27,89.49,0.100061,199874.88,1728037.228
603027,2025-11-27,9.55,-0.006242999999999999,98176.09,93918.706
603028,2025-11-27,7.73,0.015769,59583.2,45719.659
603029,2025-11-27,19.17,0.011075999999999999,15590.0,29765.494
603030,2025-11-27,3.12,-0.009524,359846.0,113315.513
603031,2025-11-27,39.7,0.03818,82533.68,330867.415
603032,2025-11-27,18.96,0.009585,125113.04,239185.267
603033,2025-11-27,10.88,-0.003663,59422.77,64306.763
603035,2025-11-27,15.25,0.001313,41699.98,63739.176
603036,2025-11-27,21.48,0.060740999999999996,99068.96,210052.378
603038,2025-11-27,17.81,0.013083000000000001,43038.3,76507.192
603039,2025-11-27,52.43,-0.02274,16318.98,86351.008
603040,2025-11-27,76.55,0.003277,14489.0,111352.511
603041,2025-11-27,12.4,0.016393,22256.0,27510.052
603042,2025-11-27,16.33,0.009271,112958.99,185842.889
603043,2025-11-27,17.22,0.005254,48065.42,82732.622
603045,2025-11-27,20.08,0.008032000000000001,15721.2,31603.509
603048,2025-11-27,19.61,0.011868,14531.0,28529.183
603049,2025-11-27,54.86,-0.012954,31855.15,176501.763
603050,2025-11-27,16.96,-0.000589,21166.47,36087.493
603051,2025-11-27,20.95,0.014036999999999999,46128.06,97053.004
603052,2025-11-27,31.57,0.009271,87174.22,279276.146
603053,2025-11-27,10.0,0.005024999999999999,25891.0,25906.401
603055,2025-11-27,9.04,0.018018,78635.0,71041.728
603056,2025-11-27,14.42,-0.006202999999999999,27295.04,39513.492
603057,2025-11-27,18.49,-0.0026969999999999997,16148.05,29979.397
603058,2025-11-27,8.89,-0.0033629999999999997,31288.0,27964.674
603059,2025-11-27,29.65,0.004064,19764.25,58688.02
603060,2025-11-27,6.34,0.00158,51663.15,32864.701
603061,2025-11-27,123.28,-0.001377,10760.0,134605.218
603062,2025-11-27,44.82,0.008324,3704.0,16588.945
603063,2025-11-27,29.82,0.000335,149412.36,448024.858
603065,2025-11-27,8.32,0.006046,22552.0,18735.92
603066,2025-11-27,10.94,-0.0009130000000000001,18098.0,19831.698
603067,2025-11-27,26.85,-0.012504999999999999,225025.41,619955.427
603068,2025-11-27,39.19,0.0012770000000000001,230270.57,921337.846
603069,2025-11-27,24.39,-0.03291,85363.56,210900.465
603070,2025-11-27,12.91,0.006235000000000001,22591.0,29097.802
603071,2025-11-27,13.45,0.012039,24247.0,32652.234
603072,2025-11-27,43.06,0.00373,12020.22,51915.406
603073,2025-11-27,18.8,0.022295,13247.0,24794.589
603075,2025-11-27,21.8,0.026848999999999998,19863.57,43202.517
603076,2025-11-27,24.5,0.011143,13840.63,33786.542
603077,2025-11-27,2.15,0.0,1270854.23,273748.177
603078,2025-11-27,17.61,0.005137,57893.12,102605.072
603079,2025-11-27,18.78,0.012945,42093.4,79329.636
603080,2025-11-27,21.88,0.00876,18542.0,40522.724
603081,2025-11-27,12.14,0.004136,41233.16,50210.491
603082,2025-11-27,36.24,0.0036,5156.29,18725.88
603083,2025-11-27,110.14,0.059548,589459.38,6608625.498
603085,2025-11-27,10.29,-0.007715,53924.58,55723.623
603086,2025-11-27,8.28,0.010989,61988.77,51266.516
603087,2025-11-27,63.03,-0.005522,47328.49,299755.454
603088,2025-11-27,10.03,0.004004,86706.19,87499.032
603089,2025-11-27,12.74,0.0023599999999999997,25926.03,33058.458
603090,2025-11-27,44.42,0.007485,31825.0,144663.122
603091,2025-11-27,72.05,-0.001109,4507.0,32653.455
603092,2025-11-27,69.51,-0.035387,49589.01,350141.531
603093,2025-11-27,18.73,0.001604,26672.0,50230.447
603095,2025-11-27,14.44,0.002778,18468.76,26697.592
603096,2025-11-27,18.8,0.006424,19048.02,35872.434
603097,2025-11-27,27.13,0.016105,44701.0,122380.634
603098,2025-11-27,12.84,0.003909,41610.0,53519.285
603099,2025-11-27,48.37,-0.01607,80319.61,394109.754
603100,2025-11-27,24.56,-0.029249,75998.88,189358.24
603101,2025-11-27,9.63,-0.0051649999999999995,168770.57,165948.41
603102,2025-11-27,41.88,0.007215,4011.0,16763.986
603103,2025-11-27,16.49,-0.013166,44281.7,73408.906
603105,2025-11-27,9.2,0.008772,118332.75,109487.869
603106,2025-11-27,12.68,-0.025365000000000002,481062.8,616115.847
603107,2025-11-27,15.14,0.0019850000000000002,12387.39,18755.037
603108,2025-11-27,15.71,-0.021183999999999998,166516.8,263263.461
603109,2025-11-27,25.32,0.009569,28631.6,73056.971
603110,2025-11-27,15.9,-0.003135,28052.0,44772.17
603111,2025-11-27,6.91,0.007289,50201.05,34697.366
603112,2025-11-27,16.71,0.012726999999999999,87386.0,146323.309
603113,2025-11-27,6.51,0.099662,441422.34,281381.213
603115,2025-11-27,18.1,0.015143,24221.01,43841.65
603116,2025-11-27,6.06,-0.001647,47260.17,28747.292
603117,2025-11-27,5.18,-0.007663,53653.2,27907.037
603118,2025-11-27,11.39,0.009752,189748.58,217568.003
603119,2025-11-27,92.5,0.00010800000000000001,114571.78,1061000.277
603120,2025-11-27,39.25,0.008997,6138.06,24090.295
603121,2025-11-27,15.13,0.011364,24671.72,37417.667
603122,2025-11-27,22.16,0.075206,1030964.23,2234860.733
603123,2025-11-27,11.61,-0.00172,69783.26,81120.287
603124,2025-11-27,72.95,-0.003824,18627.3,138961.878
603125,2025-11-27,17.32,-0.002304,45526.22,79663.374
603126,2025-11-27,7.13,0.009915,82296.0,58505.031
603127,2025-11-27,27.9,-0.014483,131909.8,371661.66
603128,2025-11-27,5.87,0.001706,87304.52,51282.213
603129,2025-11-27,260.28,-0.007701,13383.4,353922.493
603130,2025-11-27,40.83,0.006409000000000001,58324.19,237912.658
603131,2025-11-27,28.11,0.039571,468469.83,1284791.823
603132,2025-11-27,13.24,-0.0015079999999999998,39412.23,52616.575
603135,2025-11-27,9.55,0.005263,22416.4,21441.12
603136,2025-11-27,11.33,-0.00614,39332.94,44801.281
603137,2025-11-27,14.66,0.008253,28398.6,41505.314
603138,2025-11-27,15.2,-0.012987,47765.0,73114.35
603139,2025-11-27,22.19,0.018825,16072.0,35197.249
603150,2025-11-27,36.39,0.012803,13037.0,47431.293
603151,2025-11-27,18.68,0.012466,25820.0,48105.885
603153,2025-11-27,17.96,-0.008283,21599.0,38848.023
603155,2025-11-27,18.58,-0.06256300000000001,330327.32,607679.387
603156,2025-11-27,26.72,0.004511,43429.64,116670.697
603158,2025-11-27,10.03,0.014156,134712.64,135121.244
603159,2025-11-27,23.74,0.0038050000000000002,17500.8,41776.022
603160,2025-11-27,79.2,-0.006273999999999999,43369.26,347435.615
603161,2025-11-27,13.58,0.017228,26023.32,35365.736
603162,2025-11-27,11.4,-0.0625,370621.53,427871.307
603163,2025-11-27,52.77,0.043503999999999994,56717.78,299191.359
603165,2025-11-27,12.8,0.017488,25618.55,32811.803
603166,2025-11-27,14.34,-0.008298999999999999,89241.2,128443.954
603167,2025-11-27,9.83,0.011316999999999999,40958.0,40153.227
603168,2025-11-27,7.98,0.003774,47914.0,37954.759
603169,2025-11-27,9.98,0.010121,817071.55,801049.832
603170,2025-11-27,14.71,-0.006081,14966.0,22170.194
603171,2025-11-27,50.45,-0.046133,58397.49,299896.161
603172,2025-11-27,18.43,0.014868,15360.57,28121.984
603173,2025-11-27,38.0,0.004759,9510.0,36265.809
603175,2025-11-27,74.4,-0.039504000000000004,83359.01,635921.46
603176,2025-11-27,6.58,0.020155,264370.58,170860.005
603177,2025-11-27,12.26,-0.038431,122201.0,152412.382
603178,2025-11-27,18.32,0.012155000000000001,28200.0,51703.364
603179,2025-11-27,65.0,-0.013358000000000002,126140.89,832546.691
603180,2025-11-27,20.48,-0.008712,29314.92,60504.474
603181,2025-11-27,14.49,0.00625,68513.82,99556.408
603182,2025-11-27,15.83,0.010856,17170.0,27175.991
603183,2025-11-27,4.58,0.013274,87881.78,39934.996
603185,2025-11-27,29.27,-0.013482000000000001,217763.95,648900.261
603186,2025-11-27,44.37,0.016029,102035.0,455481.27
603187,2025-11-27,15.0,0.008065,34922.4,52602.608
603188,2025-11-27,4.91,0.008214,129765.0,63662.878
603189,2025-11-27,21.95,-0.027039,78667.0,175758.676
603190,2025-11-27,25.67,0.014624999999999999,43790.0,112170.053
603191,2025-11-27,14.68,0.004104,61523.0,90960.21
603192,2025-11-27,23.3,0.006914,22386.0,52286.253
603193,2025-11-27,25.5,-0.005072,37773.0,97406.794
603194,2025-11-27,36.66,0.0016389999999999998,10620.17,38893.983
603195,2025-11-27,42.75,-0.002334,17240.32,73833.699
603196,2025-11-27,23.21,-0.01318,28950.0,67094.48
603197,2025-11-27,34.95,0.0034449999999999997,18576.15,65096.828
603198,2025-11-27,42.4,0.007605,45628.83,193322.145
603199,2025-11-27,35.11,0.0037159999999999997,11538.0,40540.988
603200,2025-11-27,74.4,0.011144000000000001,61221.0,461686.54
603201,2025-11-27,16.95,0.005935,9470.26,16075.124
603202,2025-11-27,91.53,0.0016409999999999999,4248.79,38943.061
603203,2025-11-27,29.66,0.024171,28545.2,85356.449
603205,2025-11-27,28.48,0.013163000000000001,19044.91,54090.532
603206,2025-11-27,16.84,-0.00649,33826.0,57141.438
603207,2025-11-27,29.27,-0.003744,8234.0,24196.853
603208,2025-11-27,14.95,0.007411999999999999,18789.44,28060.385
603209,2025-11-27,15.51,-0.023914,57135.8,89540.356
603210,2025-11-27,19.56,-0.002041,12812.6,25172.741
603211,2025-11-27,17.02,0.003538,10442.0,17816.532
603212,2025-11-27,13.28,0.100249,362836.41,465697.717
603213,2025-11-27,13.84,0.004354,17024.0,23588.85
603214,2025-11-27,17.21,-0.005202,27173.0,47122.046
603215,2025-11-27,20.45,0.014887999999999998,44440.0,91021.358
603216,2025-11-27,26.05,0.09962,255815.48,644557.302
603217,2025-11-27,26.3,0.07786900000000001,83016.54,213089.034
603218,2025-11-27,12.79,0.000782,60945.0,78369.398
603219,2025-11-27,16.14,0.002484,20740.4,33569.874
603220,2025-11-27,22.18,-0.004935,45975.2,102472.545
603221,2025-11-27,12.01,0.016073999999999998,30673.0,36737.356
603222,2025-11-27,9.79,-0.006091,167635.23,165153.186
603223,2025-11-27,10.27,-0.005808,48897.44,50400.812
603225,2025-11-27,17.28,0.057527999999999996,196074.87,332777.976
603226,2025-11-27,37.3,-0.012444,22993.0,86878.371
603227,2025-11-27,8.47,-0.002356,45871.45,38998.934
603228,2025-11-27,63.36,-0.027475,261641.63,1709473.911
603229,2025-11-27,9.9,-0.005024999999999999,38476.15,38251.764
603230,2025-11-27,12.62,-0.001582,25483.19,32209.072
603231,2025-11-27,19.34,-0.001033,18464.0,35813.155
603232,2025-11-27,25.49,-0.019615,314409.0,816165.902
603233,2025-11-27,17.69,-0.005621,51690.97,92026.327
603235,2025-11-27,26.9,-0.007014,5801.0,15670.94
603236,2025-11-27,87.91,0.008952,94821.26,846978.078
603237,2025-11-27,16.88,-0.001183,14863.66,25137.251
603238,2025-11-27,17.28,-0.004608,20431.35,35584.148
603239,2025-11-27,18.3,-0.013477,32113.0,59164.88
603255,2025-11-27,33.79,0.037776000000000004,19518.53,64792.535
603256,2025-11-27,32.35,-0.046566,351904.0,1185426.804
603257,2025-11-27,58.25,-0.0025679999999999995,7133.75,41863.744
603258,2025-11-27,19.99,-0.002495,33806.0,68055.058
603259,2025-11-27,92.2,-0.032326,506124.97,4668477.069
603260,2025-11-27,57.26,0.037319,261396.69,1482641.313
603261,2025-11-27,25.63,-0.012331000000000002,4793.0,12329.053
603262,2025-11-27,27.41,0.001827,5744.85,15777.045
603266,2025-11-27,19.86,0.007098999999999999,31313.98,62377.533
603267,2025-11-27,45.68,-0.006308,24031.36,110473.888
603268,2025-11-27,69.68,-0.005566,23508.0,163743.362
603269,2025-11-27,11.87,0.018009999999999998,59190.48,70603.623
603270,2025-11-27,23.86,0.0021,10837.37,25855.33
603271,2025-11-27,38.44,0.014783999999999999,19828.75,76334.811
603272,2025-11-27,19.88,0.0,12851.0,25681.09
603273,2025-11-27,18.83,0.006952000000000001,12224.0,23006.955
603275,2025-11-27,41.33,0.000726,9911.41,41079.438
603276,2025-11-27,17.54,0.013873,17912.28,31255.147
603277,2025-11-27,16.69,0.0012,8108.9,13573.782
603278,2025-11-27,9.25,0.009825,44621.0,41365.069
603279,2025-11-27,16.65,0.013389999999999999,64043.0,105233.376
603280,2025-11-27,42.0,-0.029351,94583.0,393707.515
603281,2025-11-27,27.99,0.026403,39627.0,110233.723
603282,2025-11-27,19.56,0.012947,19707.0,38531.377
603283,2025-11-27,42.05,-0.000713,87255.92,371221.614
603285,2025-11-27,24.54,0.009461,15926.0,39168.102
603286,2025-11-27,48.34,0.0031130000000000003,95539.35,465535.891
603288,2025-11-27,36.99,0.004344,101806.24,375370.171
603289,2025-11-27,9.9,0.018519,33637.0,33339.668
603290,2025-11-27,94.15,0.0008500000000000001,29075.2,276836.43
603291,2025-11-27,10.73,-0.007401,95286.0,102197.017
603296,2025-11-27,87.15,-0.011793,84993.98,750185.178
603297,2025-11-27,95.58,0.002097,8625.0,82978.086
603298,2025-11-27,25.19,-0.016784,66322.0,168377.486
603299,2025-11-27,10.35,-0.0028899999999999998,42003.01,43552.47
603300,2025-11-27,7.31,-0.009485,789264.22,585377.165
603301,2025-11-27,79.1,0.007643,48157.88,380454.947
603303,2025-11-27,13.08,0.011600999999999998,12843.0,16753.695
603305,2025-11-27,13.41,0.041958,550708.73,733606.55
603306,2025-11-27,46.4,-0.012135,70475.86,335165.624
603307,2025-11-27,41.85,0.00722,6768.0,28293.892
603308,2025-11-27,36.35,-0.011422000000000002,102636.07,379848.062
603309,2025-11-27,13.64,-0.001464,31823.0,43334.631
603310,2025-11-27,16.99,0.001769,17254.0,29392.204
603311,2025-11-27,12.02,0.018644,31771.0,38009.669
603312,2025-11-27,48.15,0.030608,48282.38,235288.348
603313,2025-11-27,9.16,0.025756,152211.65,139919.623
603315,2025-11-27,15.05,0.068892,257147.0,387547.85
603316,2025-11-27,14.75,0.006826,96404.48,144138.859
603317,2025-11-27,12.85,0.000779,48424.2,62567.485
603318,2025-11-27,6.7,0.0075190000000000005,56503.0,37803.94
603319,2025-11-27,35.17,-0.012079,89358.52,316505.448
603320,2025-11-27,18.6,0.007038,10078.0,18779.234
603321,2025-11-27,7.94,0.010178,33959.0,26898.419
603322,2025-11-27,48.5,0.018266,174152.84,857522.791
603323,2025-11-27,5.21,0.0038540000000000002,207844.89,107939.812
603324,2025-11-27,23.45,0.006438,5983.41,14037.74
603325,2025-11-27,78.95,0.0059889999999999995,5268.61,41623.196
603326,2025-11-27,9.47,0.021575,50751.0,47989.277
603327,2025-11-27,10.07,0.032820999999999996,452325.93,458154.715
603328,2025-11-27,10.54,0.00095,130640.0,139312.566
603329,2025-11-27,11.51,0.006999,24605.5,28245.132
603330,2025-11-27,7.55,0.012063999999999998,52690.54,39674.599
603331,2025-11-27,11.58,0.026596,37301.8,42784.79
603332,2025-11-27,12.88,0.00625,22345.2,28852.092
603333,2025-11-27,7.83,-0.030941,128507.0,101869.108
603334,2025-11-27,43.9,-0.001592,23517.03,103641.173
603335,2025-11-27,6.22,0.0,108818.84,67679.79
603336,2025-11-27,9.26,0.002165,55360.58,51151.37
603337,2025-11-27,39.26,0.030716999999999998,40533.09,159570.914
603338,2025-11-27,54.9,-0.011345000000000001,47623.92,263544.986
603339,2025-11-27,12.76,0.004724,41119.6,52666.641
603341,2025-11-27,40.6,0.021641,69014.22,281083.828
603344,2025-11-27,25.19,0.010835,11225.31,28322.602
603345,2025-11-27,79.78,-0.007465,40857.01,328044.15
603348,2025-11-27,20.28,-0.001969,15250.81,31029.768
603350,2025-11-27,37.1,0.008152,6291.0,23288.235
603351,2025-11-27,27.34,0.006626999999999999,4858.6,13233.789
603353,2025-11-27,30.03,0.1,202541.6,586305.691
603355,2025-11-27,30.68,0.077626,102182.71,306295.527
603356,2025-11-27,14.0,0.037037,35811.0,49697.846
603357,2025-11-27,8.24,0.0,41849.4,34427.145
603358,2025-11-27,41.29,0.00097,114372.45,471736.703
603359,2025-11-27,7.8,0.010363,139949.04,108774.703
603360,2025-11-27,33.69,0.07842500000000001,285562.38,960818.478
603363,2025-11-27,4.9,0.004098,464478.0,230033.821
603365,2025-11-27,21.38,0.00754,11299.0,24186.12
603366,2025-11-27,9.39,-0.015723,354304.98,335779.455
603367,2025-11-27,18.86,0.006941,97817.0,184004.973
603368,2025-11-27,17.98,-0.004981,41763.66,75231.338
603369,2025-11-27,37.77,-0.004481,34716.68,131287.1
603370,2025-11-27,44.45,0.0038390000000000004,8801.77,39251.181
603373,2025-11-27,42.54,0.015274000000000001,8168.16,34786.508
603375,2025-11-27,39.87,0.013472,38758.41,155819.164
603376,2025-11-27,39.12,0.007988,30351.11,119041.321
603377,2025-11-27,4.1,0.007371,88383.2,35929.881
603378,2025-11-27,6.87,0.00292,128356.85,89211.732
603379,2025-11-27,52.0,-0.0017280000000000002,46256.24,241477.08
603380,2025-11-27,36.02,0.017227,21846.81,78677.465
603381,2025-11-27,20.48,-0.002435,28656.18,58840.873
603382,2025-11-27,29.92,-0.001002,8474.69,25428.578
603383,2025-11-27,37.57,-0.011836,23797.6,89975.437
603385,2025-11-27,7.05,0.011477999999999999,28569.0,20034.323
603386,2025-11-27,12.3,0.016529000000000002,40424.0,49698.458
603387,2025-11-27,8.36,0.001198,44991.47,37550.778
603389,2025-11-27,41.07,-0.049965,22756.0,93647.941
603390,2025-11-27,12.27,0.003271,19797.0,24349.737
603391,2025-11-27,64.18,0.039521,21697.29,138953.581
603392,2025-11-27,49.09,-0.028881999999999998,52622.3,260432.733
603393,2025-11-27,27.24,0.001103,27969.75,76392.5
603395,2025-11-27,32.24,-0.009219,26866.3,87058.921
603396,2025-11-27,33.34,0.039925,89395.97,296142.225
603398,2025-11-27,9.65,-0.050197000000000006,365360.9,354805.396
603399,2025-11-27,11.34,-0.007005,244006.98,279327.958
603400,2025-11-27,52.93,0.001135,5626.46,29879.838
603406,2025-11-27,41.0,-0.002918,8612.11,35427.897
603408,2025-11-27,12.82,0.007862000000000001,22157.0,28489.255
603409,2025-11-27,34.14,0.002349,8604.55,29538.258
603416,2025-11-27,53.93,-0.006814,21493.79,117576.149
603418,2025-11-27,54.9,0.001825,13359.09,73598.914
603421,2025-11-27,7.92,-0.002519,355641.28,281405.216
603429,2025-11-27,11.32,-0.008757000000000001,106157.55,121186.598
603439,2025-11-27,11.96,-0.003333,29856.97,35738.363
603444,2025-11-27,435.81,-0.019109,14498.1,640679.075
603456,2025-11-27,18.71,-0.006373,123431.0,231489.119
603458,2025-11-27,8.1,0.016311,81618.22,66583.754
603466,2025-11-27,9.99,-0.010891,193532.86,194327.167
603477,2025-11-27,17.69,-0.005621,46357.97,82197.211
603486,2025-11-27,79.77,0.0066890000000000005,38493.28,308938.677
603488,2025-11-27,8.12,0.007443999999999999,29450.0,23824.281
603489,2025-11-27,31.78,0.0031569999999999997,57679.53,185118.645
603496,2025-11-27,29.39,0.007888,157653.85,463812.097
603499,2025-11-27,21.08,0.0014249999999999998,118661.44,248695.704
603500,2025-11-27,11.05,0.012832,41766.4,46095.278
603501,2025-11-27,119.15,0.01916,175393.89,2096246.187
603505,2025-11-27,17.69,0.0034029999999999998,78959.94,140580.885
603506,2025-11-27,12.14,0.007469,25794.0,31256.057
603507,2025-11-27,22.8,0.020134,52231.17,119213.062
603508,2025-11-27,30.22,-0.011126,153176.19,466794.758
603511,2025-11-27,15.61,0.007097,19046.0,29779.03
603515,2025-11-27,17.68,0.012020999999999999,6642.65,11714.24
603516,2025-11-27,180.0,0.032643,89798.97,1642261.853
603517,2025-11-27,13.3,-0.013352999999999999,68833.59,92284.541
603518,2025-11-27,9.62,0.009444000000000001,96958.8,93524.589
603519,2025-11-27,12.51,0.016247,24044.98,30107.192
603520,2025-11-27,10.12,0.008973,98722.91,99448.469
603527,2025-11-27,10.4,0.028683999999999998,87764.79,90682.889
603528,2025-11-27,9.49,0.030402,297418.0,281160.968
603529,2025-11-27,30.48,0.0036220000000000002,35866.45,109243.566
603530,2025-11-27,39.5,-0.006789,58125.01,232546.935
603533,2025-11-27,22.87,-0.025565,264862.11,618504.291
603535,2025-11-27,10.37,-0.021698,59199.32,62080.089
603536,2025-11-27,12.97,0.031002000000000002,193374.0,250092.231
603538,2025-11-27,20.12,0.008520999999999999,33580.57,67234.442
603551,2025-11-27,11.98,-0.009917,48534.5,58077.815
603556,2025-11-27,33.95,0.0053300000000000005,55231.0,188956.578
603557,2025-11-27,2.5,-0.019608,111356.0,27971.721
603558,2025-11-27,11.38,0.001761,48869.05,55859.203
603559,2025-11-27,8.05,-0.020680999999999998,16382.0,13341.887
603565,2025-11-27,10.3,-0.005792,73791.75,76128.339
603566,2025-11-27,13.47,0.006725999999999999,22535.0,30327.687
603567,2025-11-27,10.37,0.00582,42310.82,43627.415
603568,2025-11-27,23.04,-0.009032,65011.98,150478.627
603569,2025-11-27,7.85,-0.0012720000000000001,55010.2,43258.585
603577,2025-11-27,9.47,0.028229999999999998,63896.5,60172.498
603578,2025-11-27,12.79,0.008675,19862.0,25332.019
603579,2025-11-27,24.43,0.006178,36292.03,88963.63
603580,2025-11-27,16.11,-0.004326,7377.0,11954.303
603583,2025-11-27,35.04,-0.005675,32826.9,115804.354
603585,2025-11-27,18.11,0.011167,11269.0,20462.23
603586,2025-11-27,18.06,0.007813,8669.0,15658.676
603587,2025-11-27,13.29,-0.005984000000000001,40155.0,53163.687
603588,2025-11-27,7.04,0.0071530000000000005,224927.12,159446.622
603589,2025-11-27,30.73,-0.00292,32928.22,101266.5
603590,2025-11-27,44.42,0.013461,15762.0,69969.094
603595,2025-11-27,17.06,-0.011587,45839.0,78991.432
603596,2025-11-27,45.0,0.007613,57949.64,262775.317
603598,2025-11-27,18.89,0.032240000000000005,592530.71,1145505.091
603599,2025-11-27,11.37,0.012466999999999999,125065.65,141248.648
603600,2025-11-27,12.45,0.023007,175833.37,218301.908
603601,2025-11-27,4.76,-0.012447999999999999,240744.89,114560.04
603602,2025-11-27,14.85,0.010204,40813.5,60780.838
603605,2025-11-27,70.34,0.002423,27595.97,194395.129
603606,2025-11-27,56.82,-0.002458,56513.45,321566.019
603607,2025-11-27,24.83,0.060205,63778.7,154513.482
603608,2025-11-27,7.4,0.060171999999999996,257123.0,188623.246
603609,2025-11-27,7.51,0.001333,34140.74,25668.637
603610,2025-11-27,18.98,0.001583,82577.69,159141.225
603611,2025-11-27,22.78,0.004852,22979.0,52563.75
603612,2025-11-27,23.58,-0.010076,214962.96,513758.273
603613,2025-11-27,28.06,0.011171,101650.67,287234.701
603615,2025-11-27,24.52,-0.012087,17364.0,42920.418
603616,2025-11-27,5.61,-0.003552,123199.0,69060.545
603617,2025-11-27,7.3,-0.001368,102005.86,74859.376
603618,2025-11-27,7.85,-0.008838,143273.51,113766.869
603619,2025-11-27,23.27,0.005183999999999999,81717.0,191361.452
603626,2025-11-27,13.12,0.099749,979244.59,1256717.095
603628,2025-11-27,13.81,0.010241,94496.84,130431.155
603629,2025-11-27,26.52,0.016092,85065.71,226310.765
603630,2025-11-27,20.82,0.007257,47011.0,98830.27
603633,2025-11-27,10.91,0.009251,140061.39,153489.118
603636,2025-11-27,13.12,-0.020164,496905.9,653785.195
603637,2025-11-27,10.4,0.015625,45861.1,47700.743
603638,2025-11-27,19.9,-0.003505,79997.75,158716.942
603639,2025-11-27,12.75,0.005521000000000001,12696.18,16174.499
603648,2025-11-27,10.3,0.007828,25548.0,26386.421
603650,2025-11-27,39.46,-0.021086999999999998,212948.71,854611.368
603655,2025-11-27,39.0,0.004896,12134.0,47386.868
603656,2025-11-27,22.69,-0.002199,16241.0,37239.52
603657,2025-11-27,33.88,0.029162,92105.0,310842.104
603658,2025-11-27,36.75,-0.003525,18257.47,67173.713
603659,2025-11-27,26.62,0.026214,388445.04,1043093.325
603660,2025-11-27,9.85,-0.017946,227483.13,228500.434
603661,2025-11-27,33.09,0.018154,9226.2,30609.547
603662,2025-11-27,61.22,-0.002932,29200.46,180108.4
603663,2025-11-27,31.85,0.026095,169022.48,541201.758
603665,2025-11-27,31.27,-0.0038229999999999996,33144.0,104450.255
603666,2025-11-27,30.52,-0.003266,37407.0,115158.752
603667,2025-11-27,43.29,-0.010287999999999999,135348.39,592655.505
603668,2025-11-27,14.89,0.019863,222892.96,326508.449
603669,2025-11-27,5.27,-0.007533,58179.24,30725.004
603676,2025-11-27,11.32,0.009812999999999999,19023.0,21434.228
603677,2025-11-27,18.76,-0.005829,11199.52,21092.546
603678,2025-11-27,30.57,-0.00779,38529.47,118317.395
603679,2025-11-27,15.31,0.0,23904.0,36755.663
603680,2025-11-27,10.88,-0.021583,81697.44,89234.622
603681,2025-11-27,17.58,0.021499,43631.5,77164.721
603682,2025-11-27,6.04,0.010033,78050.0,47214.907
603683,2025-11-27,26.01,0.008922,74955.71,196463.481
603685,2025-11-27,20.56,0.019841,29722.11,61095.636
603686,2025-11-27,26.41,-0.030114000000000002,594777.49,1603108.553
603687,2025-11-27,8.75,0.008065,92723.0,81160.208
603688,2025-11-27,36.06,-0.003041,56685.52,206064.265
603689,2025-11-27,8.23,-0.001214,42138.13,34728.237
603690,2025-11-27,28.19,-0.007045,104712.74,298712.04
603693,2025-11-27,11.96,0.006734,25121.8,30086.134
603696,2025-11-27,12.34,0.0065249999999999996,182931.1,225892.883
603697,2025-11-27,12.49,-0.01576,83061.36,104497.411
603698,2025-11-27,17.96,-0.007735,44401.8,80030.536
603699,2025-11-27,47.83,-0.0006270000000000001,33304.87,160951.903
603700,2025-11-27,12.8,0.017488,26029.0,33276.91
603701,2025-11-27,17.51,0.014483999999999999,45637.2,81297.122
603703,2025-11-27,11.77,-0.009259,84163.6,99217.885
603706,2025-11-27,19.99,0.0020050000000000003,9640.0,19319.755
603707,2025-11-27,9.75,-0.012158,127568.94,124937.396
603708,2025-11-27,11.42,-0.010399,68381.0,78647.835
603709,2025-11-27,15.3,0.021362000000000003,24862.86,37822.139
603711,2025-11-27,13.91,0.009434,43738.0,61127.981
603712,2025-11-27,19.85,-0.002011,60302.0,120391.27
603713,2025-11-27,54.05,-0.0009239999999999999,11473.51,62063.862
603716,2025-11-27,21.45,0.00046600000000000005,68369.61,146337.846
603717,2025-11-27,8.68,0.039521,97000.0,83578.288
603718,2025-11-27,6.8,0.014924999999999999,72686.95,49394.97
603719,2025-11-27,12.16,-0.005724,24405.0,29854.257
603721,2025-11-27,19.29,0.009419,9755.0,18823.34
603722,2025-11-27,39.01,-0.010401,9660.0,37841.679
603725,2025-11-27,9.36,0.017391,47373.6,44253.031
603726,2025-11-27,22.36,0.017287999999999998,50197.01,112889.815
603727,2025-11-27,15.2,-0.006535999999999999,65609.0,100125.045
603728,2025-11-27,65.65,-0.009655,39642.43,262810.375
603729,2025-11-27,17.55,-0.010152000000000001,23146.0,40905.57
603730,2025-11-27,8.32,-0.00716,345221.22,285992.704
603733,2025-11-27,22.77,0.012450000000000001,22986.39,52568.699
603737,2025-11-27,44.83,0.009685000000000001,32960.72,148055.758
603738,2025-11-27,16.0,-0.018405,214142.94,344939.876
603739,2025-11-27,15.03,0.004679,30018.2,45134.192
603755,2025-11-27,37.11,-0.000269,10897.0,40345.668
603757,2025-11-27,36.28,0.000828,26285.0,96095.937
603758,2025-11-27,16.27,0.050355,118650.76,194527.498
603759,2025-11-27,10.59,0.007612,113715.56,120422.746
603766,2025-11-27,14.3,0.011314999999999999,216207.86,310323.825
603767,2025-11-27,23.06,0.005231,40246.0,93063.872
603768,2025-11-27,11.94,0.007594999999999999,19548.0,23346.294
603773,2025-11-27,30.53,0.10018,94976.83,281152.837
603776,2025-11-27,19.55,-0.002551,54514.23,106677.279
603777,2025-11-27,13.35,-0.0014960000000000002,50834.0,68158.333
603778,2025-11-27,10.54,0.10020899999999999,608227.3,634489.259
603779,2025-11-27,6.94,0.0,54189.45,37720.386
603786,2025-11-27,72.75,-0.003425,20548.33,150221.276
603787,2025-11-27,13.93,0.011618999999999999,29554.0,41066.136
603788,2025-11-27,15.84,0.005076000000000001,9687.0,15362.046
603789,2025-11-27,5.92,0.049645,64932.0,38064.265
603790,2025-11-27,19.38,0.01466,35297.0,68903.027
603797,2025-11-27,4.73,0.004246,35851.0,16971.868
603798,2025-11-27,15.6,0.013645000000000001,26546.3,41417.721
603799,2025-11-27,60.18,-0.005946,405714.82,2473932.345
603800,2025-11-27,45.05,0.027132,41706.34,188537.332
603801,2025-11-27,9.3,0.013071999999999999,61191.32,56741.855
603803,2025-11-27,10.61,-0.063548,637179.21,681665.08
603806,2025-11-27,14.09,0.010036,150320.93,212123.744
603808,2025-11-27,8.85,0.005682,30349.45,26774.849
603809,2025-11-27,12.11,-0.004112,127180.68,154578.318
603810,2025-11-27,17.07,0.032668,39533.8,68121.019
603811,2025-11-27,11.09,-0.000901,62190.19,69032.572
603813,2025-11-27,38.59,-0.043380999999999996,14448.0,56719.094
603815,2025-11-27,11.05,-0.010743,67473.0,75292.39
603816,2025-11-27,31.2,0.0006410000000000001,48414.51,151066.075
603817,2025-11-27,7.23,0.012605,236748.01,171203.67
603818,2025-11-27,3.88,-0.002571,188970.0,74097.223
603819,2025-11-27,11.42,0.017825,31505.0,35787.371
603822,2025-11-27,81.3,-0.017523,18498.0,152262.289
603823,2025-11-27,16.51,0.000606,112940.8,185666.668
603825,2025-11-27,9.58,-0.009307,40087.0,38657.812
603826,2025-11-27,17.21,-0.0028970000000000003,24354.61,42049.267
603828,2025-11-27,7.09,0.012857,34856.82,24597.218
603829,2025-11-27,24.24,-0.01743,87022.52,214918.581
603833,2025-11-27,53.62,0.002243,20786.24,111271.562
603836,2025-11-27,14.4,-0.009629,24817.0,35804.394
603838,2025-11-27,7.85,0.026143999999999997,14156.0,11055.848
603839,2025-11-27,8.38,-0.016432,53412.4,45197.032
603848,2025-11-27,19.4,-0.0010299999999999999,18682.0,36577.248
603855,2025-11-27,19.07,0.013822000000000001,19830.05,37794.387
603856,2025-11-27,12.65,0.004766,18423.0,23257.21
603858,2025-11-27,17.13,0.0,37976.08,65076.093
603859,2025-11-27,40.2,-0.012041999999999999,47850.0,193879.37
603860,2025-11-27,31.15,-0.001922,9598.0,29929.556
603861,2025-11-27,11.53,0.008749,127160.93,146735.686
603863,2025-11-27,19.3,0.022787,59158.2,113766.42
603866,2025-11-27,5.44,-0.005484,118816.87,65002.617
603867,2025-11-27,27.8,0.017197,41775.88,116297.011
603868,2025-11-27,35.13,-0.001421,4522.0,15933.708
603869,2025-11-27,10.33,-0.0019320000000000001,11994.4,12436.746
603871,2025-11-27,13.5,0.004464,86639.69,118261.508
603876,2025-11-27,13.3,0.003017,361444.99,486065.601
603877,2025-11-27,15.74,-0.025387,75621.47,120304.773
603878,2025-11-27,9.58,0.0,72132.88,69416.349
603879,2025-11-27,5.81,0.017513,62946.0,36484.6
603880,2025-11-27,6.8,0.01949,52000.11,35137.186
603881,2025-11-27,35.73,-0.015974,721609.79,2618587.666
603882,2025-11-27,29.27,-0.020415000000000003,57838.76,169761.073
603883,2025-11-27,15.91,-0.011800999999999999,65120.74,103760.275
603885,2025-11-27,12.71,-0.003918,267987.04,339281.155
603886,2025-11-27,12.63,-0.0039429999999999995,33503.0,42259.405
603887,2025-11-27,14.8,-0.006711,74164.87,110200.386
603888,2025-11-27,20.57,-0.0058,133191.48,274551.582
603889,2025-11-27,7.53,-0.009211,82242.98,62535.608
603890,2025-11-27,16.7,0.066411,857936.97,1437643.314
603893,2025-11-27,179.65,-0.013075000000000002,128295.67,2334673.244
603895,2025-11-27,27.62,0.016188,8591.0,23647.988
603896,2025-11-27,20.08,-0.001492,8769.0,17638.243
603897,2025-11-27,25.6,0.018703,40505.0,103712.147
603898,2025-11-27,13.14,-0.010542000000000001,109107.03,144564.079
603899,2025-11-27,27.77,-0.004659,23836.0,66507.141
603900,2025-11-27,9.0,-0.00111,45009.4,40569.874
603901,2025-11-27,13.0,0.080632,325373.89,419671.735
603903,2025-11-27,16.08,-0.035971,122537.64,200927.136
603906,2025-11-27,20.22,0.017614,1279083.18,2583531.327
603908,2025-11-27,24.6,0.001221,15281.4,37580.684
603909,2025-11-27,11.74,-0.043974,112975.48,134035.076
603912,2025-11-27,8.29,-0.002407,48027.44,40087.423
603915,2025-11-27,16.64,0.049842000000000004,160092.56,264327.391
603916,2025-11-27,9.52,0.002105,34527.0,32894.093
603917,2025-11-27,13.97,0.012319,50512.0,70460.687
603918,2025-11-27,17.65,-0.028083999999999998,177155.8,316585.012
603919,2025-11-27,20.4,-0.001957,28011.9,57368.679
603920,2025-11-27,39.52,-0.006286000000000001,189667.77,757152.718
603922,2025-11-27,19.89,-0.0015060000000000002,23670.2,47057.111
603926,2025-11-27,14.77,-0.001352,23125.69,34453.367
603927,2025-11-27,19.76,-0.006535999999999999,85919.76,171102.17
603928,2025-11-27,16.02,0.020381999999999997,97817.5,156738.149
603929,2025-11-27,58.33,0.028748,40866.0,237146.077
603931,2025-11-27,34.76,0.1,176524.51,607293.017
603933,2025-11-27,20.93,0.099842,172743.96,356545.363
603936,2025-11-27,10.63,0.005676,156275.2,167483.234
603937,2025-11-27,12.43,0.008929,26041.0,32285.087
603938,2025-11-27,18.14,0.021972000000000002,131645.94,238733.16
603939,2025-11-27,22.95,-0.015021,76112.0,175235.409
603948,2025-11-27,26.59,0.009875,34624.8,92218.175
603949,2025-11-27,18.36,-0.001088,12990.0,23887.069
603950,2025-11-27,30.76,-0.011886,14379.0,44600.738
603955,2025-11-27,30.71,-0.0045379999999999995,12986.6,40212.921
603956,2025-11-27,6.87,0.00292,139122.84,95637.766
603958,2025-11-27,15.62,-0.013889,42292.0,66715.749
603959,2025-11-27,6.36,-0.010886,156120.0,100551.276
603960,2025-11-27,18.94,0.023784,67752.15,127134.17
603966,2025-11-27,11.13,0.019231,87345.39,97217.064
603967,2025-11-27,11.45,0.007923,18580.7,21258.114
603968,2025-11-27,11.56,0.0194,24448.0,28110.336
603969,2025-11-27,9.32,0.011944,134975.77,124417.276
603970,2025-11-27,13.14,0.012327,19194.18,25188.796
603976,2025-11-27,21.43,0.006103,28660.8,61177.703
603977,2025-11-27,12.06,-0.009852,94268.99,114648.463
603978,2025-11-27,32.38,0.0034089999999999997,229567.0,754968.785
603979,2025-11-27,62.08,0.012889999999999999,74696.01,470378.251
603980,2025-11-27,5.38,0.013183,149475.8,80194.926
603982,2025-11-27,8.62,0.004662,55540.27,47928.654
603983,2025-11-27,35.19,0.048882,87189.85,303898.479
603985,2025-11-27,14.23,0.005654,92746.31,131427.148
603986,2025-11-27,200.86,0.022188,319731.75,6535638.163
603987,2025-11-27,8.7,0.0057799999999999995,37408.6,32502.583
603988,2025-11-27,24.54,-0.013666000000000001,39727.82,98167.6
603989,2025-11-27,16.52,0.006703,38157.98,63499.518
603990,2025-11-27,15.69,0.013566,114557.45,180942.135
603991,2025-11-27,70.02,-0.023567,29605.0,210201.103
603992,2025-11-27,29.0,0.013632,23973.9,70174.788
603993,2025-11-27,15.95,-0.001877,1654282.4,2685802.354
603995,2025-11-27,16.99,0.000589,34005.0,57806.64
603997,2025-11-27,13.53,0.025777,148673.15,200765.192
603998,2025-11-27,11.48,0.003497,76337.0,87217.971
603999,2025-11-27,7.23,0.009777000000000001,178585.5,128561.333
605001,2025-11-27,7.55,0.013423000000000001,42148.0,31691.601
605003,2025-11-27,26.18,0.006535999999999999,8587.0,22595.086
605005,2025-11-27,19.03,0.005814000000000001,12444.0,23627.949
605006,2025-11-27,7.29,0.002751,37164.2,27132.252
605007,2025-11-27,11.79,0.019015,22565.18,26452.338
605008,2025-11-27,15.65,0.018217,34865.0,54901.13
605009,2025-11-27,32.82,-0.00334,24330.9,80774.321
605011,2025-11-27,20.53,-0.003398,16720.65,34474.551
605016,2025-11-27,20.66,-0.005775,19562.51,40564.632
605018,2025-11-27,11.04,0.001815,14449.0,15985.385
605020,2025-11-27,25.62,0.039351,134803.46,345774.689
605028,2025-11-27,29.67,0.016444,32389.2,94470.382
605033,2025-11-27,19.76,0.009193,22981.0,45313.23
605050,2025-11-27,13.34,0.0030080000000000003,30381.74,40679.979
605055,2025-11-27,8.7,-0.007982,35007.0,30631.815
605056,2025-11-27,18.78,0.019544,60940.56,116288.158
605058,2025-11-27,29.45,0.015517000000000001,23886.24,70277.344
605060,2025-11-27,34.04,-0.006711,38714.0,131494.208
605066,2025-11-27,7.2,0.012658,92125.75,66207.151
605068,2025-11-27,26.37,-0.007527000000000001,13871.0,36807.525
605069,2025-11-27,10.2,0.018980999999999998,29767.0,30142.694
605077,2025-11-27,15.76,-0.005051,18654.19,29499.806
605080,2025-11-27,23.35,0.018317,15969.66,37160.609
605081,2025-11-27,9.79,0.050429,47218.37,45395.899
605086,2025-11-27,30.9,-0.005792,36649.4,113223.456
605088,2025-11-27,33.18,-0.003604,19734.0,65884.46
605089,2025-11-27,27.19,0.02218,17626.02,47550.339
605090,2025-11-27,32.7,-0.018313,85148.52,281143.882
605098,2025-11-27,40.69,-0.001717,6347.0,25812.545
605099,2025-11-27,37.79,0.041908,52485.8,200071.179
605100,2025-11-27,44.32,0.009337,50775.92,225641.582
605108,2025-11-27,18.84,-0.0037019999999999996,24451.0,46317.68
605111,2025-11-27,34.41,-0.0017410000000000001,77683.12,270278.656
605116,2025-11-27,22.63,0.004885,16389.0,37036.992
605117,2025-11-27,77.89,-0.012551000000000001,73265.27,580247.835
605118,2025-11-27,27.23,0.002947,12674.0,34647.809
605122,2025-11-27,12.94,-0.019697,50231.03,64990.613
605123,2025-11-27,68.47,0.008543,21153.0,144818.812
605128,2025-11-27,36.4,-0.008983999999999999,26869.53,99075.062
605133,2025-11-27,35.01,-0.0062450000000000006,53120.88,187365.144
605136,2025-11-27,11.15,-0.037964000000000005,416220.0,468480.875
605138,2025-11-27,7.33,-0.004076,25479.0,18737.0
605151,2025-11-27,19.91,0.004033999999999999,12878.0,25759.587
605155,2025-11-27,16.13,-0.0018559999999999998,29588.96,47739.499
605158,2025-11-27,8.2,0.0,19739.1,16268.257
605162,2025-11-27,9.32,0.015250999999999999,75794.0,70752.109
605166,2025-11-27,10.56,0.017341,33602.93,35351.955
605167,2025-11-27,10.0,0.0,21576.0,21629.753
605168,2025-11-27,29.74,0.000336,36504.83,109143.38
605169,2025-11-27,13.68,0.002933,21117.76,28995.372
605177,2025-11-27,20.0,0.00553,15109.0,30232.574
605178,2025-11-27,60.66,0.01574,84963.78,511018.363
605179,2025-11-27,21.13,-0.002832,70571.0,149602.665
605180,2025-11-27,15.97,0.037013,78686.48,126082.442
605183,2025-11-27,18.98,0.008502,12472.0,23729.027
605186,2025-11-27,20.77,0.001446,11259.68,23391.429
605188,2025-11-27,23.79,-0.012453,396750.96,970743.164
605189,2025-11-27,16.22,0.0006169999999999999,39511.92,64164.494
605196,2025-11-27,33.29,0.024938,95735.86,323860.972
605198,2025-11-27,38.82,-0.004615,7706.0,30096.402
605199,2025-11-27,9.25,-0.013859,38513.0,35744.082
605208,2025-11-27,13.17,-0.0037819999999999998,36343.5,48205.698
605218,2025-11-27,19.48,0.007239,12764.88,24898.276
605222,2025-11-27,16.51,0.00182,16093.41,26646.859
605228,2025-11-27,14.42,-0.008935,21025.02,30559.906
605255,2025-11-27,147.0,0.047306999999999995,96332.68,1427933.207
605258,2025-11-27,31.71,0.012129000000000001,15072.0,47941.639
605259,2025-11-27,21.6,0.012183999999999999,13755.88,29712.019
605266,2025-11-27,20.09,-0.000995,13959.4,28015.176
605268,2025-11-27,10.5,0.041666999999999996,120423.0,126049.785
605277,2025-11-27,22.59,0.023098,96372.02,216871.416
605286,2025-11-27,42.5,0.052762,35612.0,151318.841
605287,2025-11-27,27.9,0.023102,30506.35,85190.651
605288,2025-11-27,98.8,-0.008231,16806.6,168704.353
605289,2025-11-27,65.09,0.029416,28307.0,182641.24
605296,2025-11-27,28.1,-0.0031929999999999997,12103.07,34062.795
605298,2025-11-27,37.23,-0.00984,8683.0,32632.628
605299,2025-11-27,10.28,0.012808,187466.0,193512.926
605300,2025-11-27,12.26,0.0073950000000000005,34761.33,42612.104
605303,2025-11-27,21.05,0.007177,68332.0,145270.675
605305,2025-11-27,40.5,-0.008811,40870.18,168337.307
605318,2025-11-27,52.99,0.007223,18549.0,98676.102
605319,2025-11-27,20.55,0.003418,20962.2,43238.918
605333,2025-11-27,28.55,0.00599,20336.0,58182.925
605336,2025-11-27,16.16,0.008739,37430.3,60544.995
605337,2025-11-27,11.88,-0.0058579999999999995,38175.8,45551.676
605338,2025-11-27,27.5,-0.014336999999999999,23800.0,65907.401
605339,2025-11-27,19.08,-0.056845999999999994,102899.49,199343.11
605358,2025-11-27,29.27,0.004461,151765.46,449490.042
605365,2025-11-27,17.28,0.005235999999999999,54375.0,93877.649
605366,2025-11-27,7.23,0.100457,370877.81,259355.765
605368,2025-11-27,9.51,0.0010530000000000001,22288.96,21213.448
605369,2025-11-27,19.08,0.013277,9992.66,19011.778
605376,2025-11-27,48.73,-0.0018440000000000002,36843.81,182256.961
605377,2025-11-27,8.51,0.015512999999999999,61659.39,52195.162
605378,2025-11-27,23.16,0.0017299999999999998,41587.52,96849.309
605388,2025-11-27,7.87,0.03963,243788.8,189103.789
605389,2025-11-27,68.02,0.009199,16062.8,109472.562
605398,2025-11-27,32.99,0.012584,78367.1,256734.158
605399,2025-11-27,15.99,0.09972500000000001,236076.64,360725.254
605488,2025-11-27,32.33,-0.048558000000000004,118676.82,388252.864
605499,2025-11-27,258.59,-0.003507,12646.61,327527.839
605500,2025-11-27,8.89,0.006795,24341.05,21612.63
605507,2025-11-27,24.07,0.01862,67045.6,160614.574
605555,2025-11-27,17.16,0.009412,49511.4,85780.914
605566,2025-11-27,28.5,-0.011789,14632.0,42057.936
605567,2025-11-27,11.3,0.010733,29129.0,32827.247
605577,2025-11-27,13.84,-0.010722,28627.0,39859.988
605580,2025-11-27,41.75,-0.02907,60884.4,254857.968
605588,2025-11-27,51.27,0.018677,14023.0,71407.486
605589,2025-11-27,26.39,0.001138,90474.44,240886.095
605598,2025-11-27,45.55,-0.028163,202443.13,906305.78
605599,2025-11-27,15.39,0.003914,44407.66,68577.629
688001,2025-11-27,27.39,0.005507,16226.61,44705.264
688002,2025-11-27,75.3,0.00026599999999999996,46784.6,356718.687
688003,2025-11-27,51.89,0.029768,17948.33,92434.798
688004,2025-11-27,29.45,0.010291999999999999,23973.52,69899.213
688005,2025-11-27,30.62,0.027862,392046.29,1201862.131
688006,2025-11-27,28.43,0.010306,69276.16,198633.534
688007,2025-11-27,17.85,-0.013812,128339.08,233329.976
688008,2025-11-27,117.4,0.002476,300730.82,3601089.382
688009,2025-11-27,5.17,0.0,187268.71,96893.138
688010,2025-11-27,27.14,-0.010572,22401.71,61260.229
688011,2025-11-27,44.88,0.000892,15368.07,68997.262
688012,2025-11-27,265.7,-0.016836,114838.91,3126496.455
688013,2025-11-27,50.21,0.035044,22005.06,111206.317
688015,2025-11-27,23.19,0.017998,17727.2,41079.473
688016,2025-11-27,92.98,-0.000215,7768.75,72469.104
688017,2025-11-27,144.8,-0.0035099999999999997,27959.64,407693.571
688018,2025-11-27,165.81,-0.000542,66479.55,1125237.575
688019,2025-11-27,191.71,-0.005033999999999999,19463.81,379826.001
688020,2025-11-27,58.01,-0.033167,17762.1,105356.376
688021,2025-11-27,19.15,0.007365,10745.42,20604.096
688022,2025-11-27,14.9,0.012916,25677.94,38367.603
688023,2025-11-27,52.5,-0.012044,19670.37,104088.68
688025,2025-11-27,139.5,-0.003144,13792.86,197779.167
688026,2025-11-27,16.9,0.007752,15426.52,26102.277
688027,2025-11-27,449.23,-0.014587000000000001,32850.48,1501215.126
688028,2025-11-27,70.33,-0.061015,135038.63,974375.163
688029,2025-11-27,77.73,0.003745,10532.75,82307.267
688030,2025-11-27,19.43,-0.00359,20849.72,40857.881
688031,2025-11-27,64.92,-0.026103,54422.86,357653.906
688032,2025-11-27,97.94,-0.004978,7423.57,73158.959
688033,2025-11-27,6.77,0.20035499999999998,694580.19,452734.475
688035,2025-11-27,45.61,0.011980999999999999,22749.5,105089.396
688036,2025-11-27,63.6,-0.022591,135265.54,865066.214
688037,2025-11-27,119.93,-0.031964,40632.67,498581.332
688038,2025-11-27,16.75,0.010863000000000001,22265.11,37156.61
688039,2025-11-27,48.9,-0.013317,36545.61,180855.376
688041,2025-11-27,215.95,0.010765,383810.92,8583298.058
688045,2025-11-27,39.33,0.029312,11735.19,46191.496
688046,2025-11-27,16.85,-0.01462,13439.01,22885.044
688047,2025-11-27,130.77,-0.00676,31412.22,414652.681
688048,2025-11-27,114.76,0.071022,301825.4,3475592.362
688049,2025-11-27,52.33,0.019879,74285.47,391641.862
688050,2025-11-27,60.51,0.001987,13179.14,79964.455
688052,2025-11-27,149.62,-0.015658000000000002,17553.21,265316.3
688053,2025-11-27,28.8,-0.009969,10503.44,30338.73
688055,2025-11-27,3.85,0.0,92680.52,35727.125
688056,2025-11-27,35.14,0.018550999999999998,5728.72,19994.65
688057,2025-11-27,12.27,0.012376,8239.48,10075.598
688058,2025-11-27,29.19,0.0020599999999999998,13250.86,38578.035
688059,2025-11-27,80.1,0.021553,19071.79,154046.812
688060,2025-11-27,45.89,0.0037180000000000004,3128.08,14346.812
688061,2025-11-27,32.29,0.014452,8267.65,26858.139
688062,2025-11-27,43.21,-0.018847,44608.23,194754.814
688063,2025-11-27,58.54,0.015967,62256.22,367991.55
688065,2025-11-27,47.52,-0.010412,21721.68,104292.112
688066,2025-11-27,26.08,0.026368,183225.79,472736.252
688067,2025-11-27,25.72,0.014996,11104.95,28464.306
688068,2025-11-27,175.01,-0.012192000000000001,14470.73,255998.601
688069,2025-11-27,21.91,0.009212,7652.76,16815.593
688070,2025-11-27,50.44,0.03276,15441.19,77907.985
688071,2025-11-27,31.85,-0.000314,11443.53,36606.865
688072,2025-11-27,290.0,-0.017582,43306.09,1281020.62
688073,2025-11-27,72.29,-0.009455,7211.75,52318.895
688075,2025-11-27,39.53,0.006364999999999999,7833.94,30756.451
688076,2025-11-27,37.42,-0.009267,24753.39,93125.057
688077,2025-11-27,30.93,0.005854000000000001,10492.66,32537.523
688078,2025-11-27,29.71,0.009171,7200.39,21321.809
688079,2025-11-27,10.91,0.016774999999999998,34587.36,37820.819
688080,2025-11-27,48.47,0.010845,12046.22,58656.001
688081,2025-11-27,28.02,-0.015114,26803.86,76010.895
688082,2025-11-27,155.28,-0.010891999999999999,23858.18,377022.614
688083,2025-11-27,70.69,-0.018194,14828.16,105813.234
688084,2025-11-27,75.23,0.02942,25762.7,195634.974
688085,2025-11-27,18.71,0.0,12209.92,22831.439
688087,2025-11-27,29.2,0.004818,10302.5,30187.036
688088,2025-11-27,47.03,-0.010103,48989.17,232877.797
688089,2025-11-27,22.86,0.007048,9638.27,22073.471
688090,2025-11-27,37.4,0.010538,27077.51,101396.33
688091,2025-11-27,48.8,-0.006312,15141.7,74066.35
688092,2025-11-27,24.64,0.011493999999999999,8074.82,19836.125
688093,2025-11-27,34.62,0.003478,11977.57,41813.237
688095,2025-11-27,96.71,-0.033866,31698.27,311246.117
688096,2025-11-27,7.83,0.011628000000000001,24764.81,19375.122
688097,2025-11-27,32.6,0.032299,36441.17,118186.176
688098,2025-11-27,9.66,0.001036,31343.05,30312.746
688099,2025-11-27,89.96,-0.053052999999999996,166474.58,1534504.01
688100,2025-11-27,34.81,-0.008262,17345.6,60972.394
688101,2025-11-27,18.28,-0.018260000000000002,93247.9,173372.361
688102,2025-11-27,25.3,0.0051649999999999995,414366.36,1047558.553
688103,2025-11-27,58.35,-0.009337999999999999,8793.46,51683.362
688105,2025-11-27,22.67,-0.00264,6396.14,14540.081
688106,2025-11-27,18.63,0.005397,52405.27,98283.032
688107,2025-11-27,27.02,0.023097,54362.43,146940.32
688108,2025-11-27,18.7,-0.005319000000000001,77576.08,146159.481
688109,2025-11-27,153.38,-0.12103199999999999,36776.52,588718.559
688110,2025-11-27,134.02,0.128114,641457.08,8234499.37
688111,2025-11-27,312.02,-0.023259,52171.98,1642463.507
688112,2025-11-27,35.29,-0.000283,8527.65,30206.421
688113,2025-11-27,38.75,0.007278,3289.75,12731.653
688114,2025-11-27,62.93,0.007201999999999999,16197.28,101820.178
688115,2025-11-27,62.98,-0.000317,5342.31,33703.003
688116,2025-11-27,51.61,0.034476,93291.95,482889.855
688117,2025-11-27,41.5,-0.014252,48572.03,203325.155
688118,2025-11-27,26.65,-0.012963,17232.79,46088.157
688119,2025-11-27,4.13,0.00978,115879.28,47782.916
688120,2025-11-27,130.01,0.00588,48228.17,634543.184
688121,2025-11-27,12.31,0.00819,15801.33,19478.102
688122,2025-11-27,65.5,-0.007576,119187.74,789918.353
688123,2025-11-27,130.44,-0.015176,37241.79,494073.033
688125,2025-11-27,76.2,0.022133,16632.0,127825.982
688126,2025-11-27,20.66,-0.0038569999999999998,273004.29,571705.68
688127,2025-11-27,29.9,0.001675,35424.33,106682.941
688128,2025-11-27,28.41,0.00602,16381.07,46801.624
688129,2025-11-27,20.42,0.024072,9394.72,19107.463
688130,2025-11-27,22.33,0.018704000000000002,7328.28,16395.713
688131,2025-11-27,74.6,-0.01661,17868.7,134875.777
688132,2025-11-27,19.16,0.015368,13975.1,26615.95
688133,2025-11-27,22.64,0.012975,13637.98,30836.07
688135,2025-11-27,30.06,0.017259,127638.89,389969.551
688136,2025-11-27,33.8,-0.006175000000000001,12285.13,41732.705
688137,2025-11-27,41.5,0.004356,3980.81,16495.147
688138,2025-11-27,27.06,-0.0047810000000000005,30383.67,83063.167
688139,2025-11-27,32.27,0.0,14502.13,46884.632
688141,2025-11-27,40.15,0.038273,137565.36,543436.418
688143,2025-11-27,38.86,-0.027284000000000003,87483.19,347657.312
688146,2025-11-27,39.51,-0.00025299999999999997,37676.01,150544.399
688147,2025-11-27,56.32,-0.033298999999999995,72251.24,417270.196
688148,2025-11-27,9.85,0.06833,571211.29,560852.723
688150,2025-11-27,21.91,-0.0072499999999999995,38296.91,84564.669
688151,2025-11-27,20.31,-0.0049,13911.87,28331.671
688152,2025-11-27,43.03,-0.006694,7625.58,33083.148
688153,2025-11-27,34.53,0.035693,66492.47,229699.375
688155,2025-11-27,59.96,0.025483,33475.87,199756.027
688156,2025-11-27,16.86,0.005366999999999999,12041.41,20276.842
688157,2025-11-27,35.05,0.033313999999999996,52512.95,181777.423
688158,2025-11-27,23.67,0.0,80422.74,191463.54
688159,2025-11-27,50.9,0.00812,33392.6,169894.856
688160,2025-11-27,87.95,-0.000568,8762.5,77357.63
688161,2025-11-27,29.92,0.004027,7222.59,21636.078
688162,2025-11-27,29.32,0.014884,10124.3,29735.583
688163,2025-11-27,23.04,0.0034839999999999997,7087.33,16298.179
688165,2025-11-27,20.55,-0.009639,35744.51,74032.8
688166,2025-11-27,53.41,0.003759,76256.99,405148.605
688167,2025-11-27,143.06,0.032924,84730.76,1217068.553
688168,2025-11-27,81.77,0.033232,21448.64,176339.526
688169,2025-11-27,153.3,-0.006159,29501.8,454211.698
688170,2025-11-27,33.55,0.013595,29673.69,100197.294
688171,2025-11-27,47.86,0.034811,13504.59,63999.274
688172,2025-11-27,24.83,0.025186,121437.88,305295.9
688173,2025-11-27,15.25,0.10909100000000001,294464.4,446826.641
688175,2025-11-27,25.75,-0.001164,17353.72,44798.702
688176,2025-11-27,10.17,-0.0078049999999999994,37653.5,38454.032
688177,2025-11-27,25.28,0.001188,16146.68,40920.875
688178,2025-11-27,24.92,0.010953,5021.76,12531.942
688179,2025-11-27,13.2,0.032864,90343.13,119872.831
688180,2025-11-27,37.06,-0.000539,53191.13,198005.374
688181,2025-11-27,33.06,0.008542,32338.01,107098.59
688182,2025-11-27,23.44,0.000854,24868.58,58820.576
688183,2025-11-27,91.99,-0.0246,190987.61,1803028.893
688184,2025-11-27,9.8,0.005128000000000001,14236.16,13870.73
688185,2025-11-27,68.6,-0.002182,10421.66,71805.199
688186,2025-11-27,21.61,0.0018540000000000002,31783.8,69145.066
688187,2025-11-27,49.28,-0.00040599999999999995,36278.88,179431.671
688188,2025-11-27,131.61,-0.0029549999999999997,8853.27,117181.812
688189,2025-11-27,9.6,-0.021407,115852.09,111582.988
688190,2025-11-27,98.63,-0.000709,4223.84,41868.037
688191,2025-11-27,36.64,0.023178,28981.17,104763.105
688192,2025-11-27,65.11,-0.007621,22977.11,149997.95
688193,2025-11-27,47.9,0.013971,4007.95,19084.934
688195,2025-11-27,184.9,-0.005914,200230.22,3792771.238
688196,2025-11-27,52.51,-0.014452,8608.23,45656.819
688197,2025-11-27,40.98,-0.012054,9025.12,36993.536
688198,2025-11-27,123.0,-0.006863,5320.28,65383.559
688199,2025-11-27,22.68,0.0035399999999999997,16236.24,37035.63
688200,2025-11-27,166.97,0.003848,23929.57,404938.443
688201,2025-11-27,13.35,0.002252,54705.78,73066.101
688202,2025-11-27,56.61,-0.006842,18455.65,105307.864
688203,2025-11-27,13.73,-0.012230000000000001,41923.56,58060.833
688205,2025-11-27,134.0,0.007292,267598.35,3646782.949
688206,2025-11-27,36.67,0.085875,147684.61,531025.057
688207,2025-11-27,16.59,-0.001204,37816.89,63026.815
688208,2025-11-27,33.8,-0.006758999999999999,66431.71,227547.354
688209,2025-11-27,23.03,0.07216,287001.93,645307.781
688210,2025-11-27,54.98,0.057308000000000005,62626.76,342836.673
688211,2025-11-27,31.02,0.012733000000000001,3724.42,11524.58
688212,2025-11-27,46.99,-0.006554,14289.73,67342.254
688213,2025-11-27,93.09,0.000968,44228.91,415148.137
688215,2025-11-27,77.52,0.047568,19438.07,150482.479
688216,2025-11-27,22.78,0.022442000000000004,14226.68,32532.143
688217,2025-11-27,27.03,0.008959,9602.6,25987.787
688218,2025-11-27,22.2,0.0022570000000000003,12243.8,27328.444
688219,2025-11-27,11.65,0.019248,68194.71,79540.866
688220,2025-11-27,91.45,-0.000328,83336.8,768879.74
688221,2025-11-27,19.91,-0.014356,339565.07,684727.511
688222,2025-11-27,23.3,-0.004274,64133.6,149298.193
688223,2025-11-27,5.6,-0.0017829999999999999,683172.35,385841.085
688225,2025-11-27,19.16,0.026795,42070.41,79791.821
688226,2025-11-27,33.2,0.012504,81943.67,275716.39
688227,2025-11-27,81.93,-0.024411000000000002,156325.3,1331068.12
688228,2025-11-27,159.5,-0.033333,17309.51,278852.707
688229,2025-11-27,66.1,-0.023056,21192.49,142184.815
688230,2025-11-27,68.25,0.006934,7502.76,51187.455
688231,2025-11-27,23.5,0.012059,49853.97,118881.496
688232,2025-11-27,26.53,-0.006367,9685.1,25798.702
688233,2025-11-27,66.04,-0.028109000000000002,104684.13,707004.118
688234,2025-11-27,83.59,-0.011471,129560.61,1103476.841
688235,2025-11-27,286.81,0.005363,23239.06,670061.208
688236,2025-11-27,24.34,-0.006936,12490.76,30703.077
688238,2025-11-27,7.15,-0.005563,57273.3,41152.278
688239,2025-11-27,52.53,0.036913,61619.08,322562.784
688244,2025-11-27,20.55,0.001462,15137.95,31049.481
688246,2025-11-27,24.32,-0.01975,27931.5,68322.878
688247,2025-11-27,10.54,0.00381,27349.97,28718.439
688248,2025-11-27,44.38,0.019995,39357.02,175681.553
688249,2025-11-27,28.8,-0.0038050000000000002,199317.91,581004.178
688251,2025-11-27,26.0,0.086957,47917.59,121515.338
688252,2025-11-27,21.97,0.016659,50005.59,110380.441
688253,2025-11-27,34.22,0.025165000000000003,41590.75,142036.574
688255,2025-11-27,32.3,0.0074860000000000005,9979.82,32418.815
688256,2025-11-27,1317.36,0.002054,89364.17,12117075.987
688257,2025-11-27,25.26,-0.01135,89660.22,223752.393
688258,2025-11-27,68.43,-0.029636999999999997,31259.25,216088.497
688259,2025-11-27,40.74,-0.003181,18132.95,74374.337
688260,2025-11-27,38.24,0.199874,95044.85,352633.913
688261,2025-11-27,64.73,0.008098,21588.48,141706.391
688262,2025-11-27,30.38,0.079602,289693.1,880842.12
688265,2025-11-27,41.98,0.000477,3351.5,14081.981
688266,2025-11-27,110.1,-0.00569,18865.87,206923.284
688267,2025-11-27,26.81,-0.007037,14438.74,39094.543
688268,2025-11-27,57.45,-0.012887,17999.28,105044.618
688269,2025-11-27,36.68,0.000546,7423.76,27438.599
688270,2025-11-27,63.83,0.008851,110668.07,702005.827
688271,2025-11-27,132.1,0.0015160000000000002,34900.27,459719.615
688272,2025-11-27,26.16,0.017899,15148.65,39623.198
688273,2025-11-27,35.06,0.005161,7589.08,26725.187
688275,2025-11-27,78.33,0.043009000000000006,80647.23,628173.551
688276,2025-11-27,21.75,0.002304,26206.0,56897.463
688277,2025-11-27,15.7,-0.004439,19031.16,30127.657
688278,2025-11-27,76.68,0.003402,11898.61,91278.528
688279,2025-11-27,180.27,-0.005516999999999999,8867.08,160402.46
688280,2025-11-27,8.07,0.011278,77433.28,62521.945
688281,2025-11-27,64.12,0.003757,15133.65,97490.478
688282,2025-11-27,47.6,-0.012242999999999999,7952.98,38233.084
688283,2025-11-27,33.77,0.002375,17569.01,59208.612
688285,2025-11-27,8.97,0.007865,15115.6,13499.659
688286,2025-11-27,78.95,0.038816,25511.82,200471.759
688287,2025-11-27,4.97,0.002016,15081.33,7494.286
688288,2025-11-27,27.96,-0.006043,12314.43,34584.212
688289,2025-11-27,20.26,0.0,27800.42,56303.372
688290,2025-11-27,55.9,-0.001964,6878.05,38652.302
688291,2025-11-27,38.16,0.057064000000000004,123158.38,456498.243
688292,2025-11-27,25.09,0.072681,116974.76,287775.417
688293,2025-11-27,56.13,0.009532,5547.95,31258.665
688295,2025-11-27,24.63,-0.0036409999999999997,18737.69,46326.4
688296,2025-11-27,15.16,0.004639,16285.78,24633.271
688297,2025-11-27,46.04,0.008322000000000001,53577.09,245434.857
688298,2025-11-27,25.97,0.006589,22166.58,57475.884
688299,2025-11-27,17.19,0.011772,50306.65,86983.513
688300,2025-11-27,55.4,-0.007168,26035.19,146907.871
688301,2025-11-27,102.71,0.007158,9450.79,97511.014
688302,2025-11-27,46.99,0.012279,10583.91,49671.682
688303,2025-11-27,28.05,0.001071,120334.87,344008.747
688305,2025-11-27,58.12,-0.000516,6282.66,36684.645
688306,2025-11-27,10.54,0.004766,85078.85,90122.412
688307,2025-11-27,39.76,-0.011928000000000001,31386.82,125595.277
688308,2025-11-27,29.24,0.036511999999999996,45595.12,132759.126
688309,2025-11-27,23.63,0.016344,10555.95,24844.215
688310,2025-11-27,16.79,0.048065,60082.75,100054.218
688311,2025-11-27,31.05,-0.01616,20209.36,63387.504
688312,2025-11-27,31.43,0.012891,36207.2,114307.59
688313,2025-11-27,77.55,-0.014362,273417.19,2173837.563
688314,2025-11-27,31.89,0.011739,5320.3,16937.745
688315,2025-11-27,13.57,-0.0029389999999999998,23878.76,32497.625
688316,2025-11-27,64.66,-0.020006,28070.53,182374.146
688317,2025-11-27,22.1,0.0031769999999999997,8435.89,18668.025
688318,2025-11-27,128.78,-0.01318,21791.68,283226.884
688319,2025-11-27,25.49,0.049835000000000004,103344.62,262890.291
688320,2025-11-27,33.65,0.001786,15775.91,53324.776
688321,2025-11-27,27.82,0.00035999999999999997,59822.84,166884.692
688322,2025-11-27,82.0,0.0029349999999999997,39871.27,329578.97
688323,2025-11-27,15.34,0.025400999999999996,29087.74,44571.599
688325,2025-11-27,87.1,-0.014705999999999999,10041.68,88513.858
688326,2025-11-27,91.91,-0.0029289999999999997,9631.34,89533.526
688327,2025-11-27,14.81,-0.020503,218397.34,326640.348
688328,2025-11-27,25.8,0.015747999999999998,13423.54,34717.62
688329,2025-11-27,22.47,0.00672,8105.94,18145.99
688330,2025-11-27,38.65,0.020866,29379.54,113421.561
688331,2025-11-27,96.0,0.040650000000000006,65575.66,623263.504
688332,2025-11-27,144.73,0.064974,56094.83,812712.912
688333,2025-11-27,77.05,0.015018,116117.79,891345.494
688334,2025-11-27,18.81,0.011834,22921.62,43026.394
688335,2025-11-27,20.15,0.004487,19725.07,39910.565
688336,2025-11-27,64.7,-0.053955,60381.55,400010.31
688337,2025-11-27,36.08,-0.011507,19753.66,71928.643
688338,2025-11-27,26.24,-0.003418,5299.23,13943.053
688339,2025-11-27,31.42,-0.019045,49096.48,156988.998
688343,2025-11-27,75.8,0.046961,196517.25,1479511.315
688345,2025-11-27,32.88,0.018272,14458.15,48079.943
688347,2025-11-27,106.52,-0.016798999999999998,213632.05,2355061.248
688348,2025-11-27,53.6,0.00337,20479.48,110502.83
688349,2025-11-27,27.12,0.018783,27309.3,74216.132
688350,2025-11-27,21.07,-0.009868,12315.7,26099.268
688351,2025-11-27,22.88,0.019154,49194.19,111888.517
688352,2025-11-27,12.61,0.011227000000000001,79641.12,101102.333
688353,2025-11-27,115.86,0.155365,239238.45,2539784.233
688355,2025-11-27,18.32,0.016084,10318.19,18827.585
688356,2025-11-27,86.51,-0.018716,4634.35,40250.009
688357,2025-11-27,34.79,0.023235000000000002,52173.42,170832.809
688358,2025-11-27,31.31,-0.007292,8973.3,28264.364
688359,2025-11-27,83.6,0.061048,36551.17,301203.955
688360,2025-11-27,18.88,0.0026550000000000002,17836.68,33841.926
688361,2025-11-27,115.15,0.006732,44246.41,522838.613
688362,2025-11-27,30.14,0.000664,74229.17,227034.687
688363,2025-11-27,47.75,-0.011387000000000001,23594.14,113172.555
688365,2025-11-27,19.9,-0.050119,506347.07,1027363.767
688366,2025-11-27,49.11,-0.0038540000000000002,4136.12,20350.866
688367,2025-11-27,29.46,0.021144,53462.02,156125.009
688368,2025-11-27,91.97,-0.012456,7160.25,66873.607
688369,2025-11-27,24.5,-0.01329,36275.22,89313.175
688370,2025-11-27,23.68,0.0033900000000000002,3531.34,8377.776
688371,2025-11-27,19.4,0.022667000000000003,26395.76,51162.406
688372,2025-11-27,92.33,0.018196,48089.97,451973.464
688373,2025-11-27,6.44,-0.006173,91332.71,58751.518
688375,2025-11-27,65.93,0.007334,20037.26,132654.42
688376,2025-11-27,44.43,0.023733,14799.3,66368.978
688377,2025-11-27,36.7,0.022854,18236.39,66695.144
688378,2025-11-27,24.38,0.004532,70199.84,173417.232
688379,2025-11-27,46.8,0.043478,30382.56,142327.298
688380,2025-11-27,31.99,0.016201,68366.9,221602.008
688381,2025-11-27,23.74,0.008924999999999999,40193.11,96165.519
688382,2025-11-27,27.83,-0.011719,92093.28,256819.349
688383,2025-11-27,60.98,-0.00131,5298.67,32650.735
688385,2025-11-27,57.03,-0.001226,81776.78,474901.439
688386,2025-11-27,70.53,-0.033703,15854.88,112816.756
688387,2025-11-27,6.87,-0.001453,403985.87,277871.442
688388,2025-11-27,35.57,-0.000281,90766.52,326036.736
688389,2025-11-27,13.82,0.00436,17662.91,24418.615
688390,2025-11-27,53.27,-0.002248,49072.85,264922.928
688391,2025-11-27,29.09,0.006226000000000001,10571.76,30825.0
688392,2025-11-27,96.5,0.001869,18763.76,185155.905
688393,2025-11-27,24.32,-0.024468999999999998,24089.78,58841.374
688395,2025-11-27,24.17,0.02242,6669.51,16028.457
688396,2025-11-27,46.01,0.002833,57830.86,268011.856
688398,2025-11-27,18.31,0.011602,12254.92,22575.957
688399,2025-11-27,69.75,-0.001003,10692.74,74710.65
688400,2025-11-27,41.43,-0.001687,260104.65,1096613.987
688401,2025-11-27,47.2,-0.02237,38072.67,183267.288
688403,2025-11-27,13.87,0.009461,218313.83,306063.47
688408,2025-11-27,45.38,-0.0037319999999999996,40213.05,184233.562
688409,2025-11-27,64.02,-0.002959,27052.49,176237.543
688410,2025-11-27,15.42,0.0058709999999999995,27526.49,42540.441
688411,2025-11-27,308.27,0.046935000000000004,44492.75,1395016.069
688416,2025-11-27,51.5,-0.007707,27918.05,146234.077
688418,2025-11-27,30.34,0.04225399999999999,75164.11,225058.432
688419,2025-11-27,26.69,0.022214,13025.79,34897.407
688420,2025-11-27,25.0,0.006847,4809.52,12004.286
688425,2025-11-27,4.96,-0.0040160000000000005,147058.75,73163.093
688426,2025-11-27,26.49,-0.047122000000000004,47531.26,128782.415
688428,2025-11-27,25.89,0.010144,48391.95,125791.414
688429,2025-11-27,14.93,0.013578,13926.72,20760.928
688432,2025-11-27,12.46,0.021311,133485.33,168021.224
688433,2025-11-27,62.49,0.004986,43786.26,272966.472
688435,2025-11-27,56.0,0.064841,98159.55,572638.108
688439,2025-11-27,56.16,-0.012137,21912.39,124234.581
688443,2025-11-27,27.3,-0.008715,19123.57,52571.193
688448,2025-11-27,44.21,-0.015366999999999999,19445.27,86958.764
688449,2025-11-27,46.92,0.004711,34565.39,164168.22
688450,2025-11-27,27.61,0.015074,6723.97,18479.841
688455,2025-11-27,16.68,0.020183,20580.74,34207.109
688456,2025-11-27,46.73,0.025005000000000003,12368.41,58119.945
688458,2025-11-27,37.6,0.007233000000000001,12701.47,48202.468
688459,2025-11-27,9.62,-0.004141000000000001,11978.92,11554.089
688466,2025-11-27,19.25,0.00052,7099.71,13706.797
688468,2025-11-27,7.89,0.002541,24305.2,19219.668
688469,2025-11-27,6.35,0.0,873490.58,561578.162
688472,2025-11-27,16.98,-0.004689,1070180.65,1880562.772
688475,2025-11-27,29.22,-0.011836,38117.99,112018.728
688478,2025-11-27,33.93,0.003846,14621.54,49967.732
688479,2025-11-27,19.52,0.008264,4742.78,9214.564
688480,2025-11-27,43.86,-0.023815,15771.4,70948.903
688484,2025-11-27,40.48,0.003968,36162.26,148156.069
688485,2025-11-27,15.45,0.016447,9246.43,14210.225
688486,2025-11-27,71.7,-0.015921,35382.68,257762.343
688488,2025-11-27,13.55,0.005193,26101.56,35349.437
688489,2025-11-27,43.17,0.014333,6827.64,29658.084
688496,2025-11-27,7.09,0.020144000000000002,43055.36,30309.982
688498,2025-11-27,553.0,-0.05805,51488.04,2941186.066
688499,2025-11-27,54.95,0.002737,63348.24,352947.139
688500,2025-11-27,66.48,0.043642,18133.47,118188.604
688501,2025-11-27,28.22,-0.006338,9596.85,27342.762
688502,2025-11-27,340.33,-0.014308000000000001,6356.5,220239.921
688503,2025-11-27,52.95,0.000756,50501.28,271173.314
688505,2025-11-27,8.57,0.0,23849.78,20446.351
688506,2025-11-27,384.99,-0.008473000000000001,6933.97,267897.152
688507,2025-11-27,92.52,0.003362,11713.77,109332.379
688508,2025-11-27,57.69,0.018179,34610.58,200730.445
688509,2025-11-27,4.69,-0.0021279999999999997,109282.37,51272.536
688510,2025-11-27,22.48,-0.009692,35001.02,78771.831
688511,2025-11-27,23.24,-0.003003,4663.1,10835.044
688512,2025-11-27,11.03,0.036654,114713.97,126979.213
688513,2025-11-27,53.48,0.018667,8618.5,46117.54
688515,2025-11-27,100.05,0.001001,10195.37,103245.885
688516,2025-11-27,39.2,0.00849,42746.54,168144.679
688517,2025-11-27,15.85,0.010842000000000001,25351.73,40330.567
688518,2025-11-27,24.05,-0.004553,73788.59,179362.046
688519,2025-11-27,65.44,0.015361,65914.32,446577.803
688520,2025-11-27,47.52,-0.0068969999999999995,18584.49,88898.146
688521,2025-11-27,155.48,0.016209,259886.05,4120635.178
688522,2025-11-27,37.68,-0.007376000000000001,20006.78,75973.037
688523,2025-11-27,31.7,-0.050898000000000006,270826.31,850319.642
688525,2025-11-27,102.78,-0.020116000000000002,216265.87,2268016.563
688526,2025-11-27,15.82,0.016057,19333.4,30439.279
688528,2025-11-27,11.29,0.015288,14648.31,16497.288
688529,2025-11-27,18.69,0.002682,12802.6,23928.06
688530,2025-11-27,17.0,0.018574,17957.93,30509.502
688531,2025-11-27,62.0,0.021417000000000002,19202.09,119961.581
688533,2025-11-27,26.69,0.002253,5887.5,15741.412
688535,2025-11-27,95.01,0.032942,37135.45,354591.733
688538,2025-11-27,2.66,0.003774,526441.68,140321.669
688539,2025-11-27,36.1,0.015470999999999999,56457.07,201892.445
688543,2025-11-27,52.31,-0.004567,107170.9,563136.404
688545,2025-11-27,32.71,0.0036820000000000004,35107.4,116333.753
688548,2025-11-27,12.22,0.0016389999999999998,66623.41,82178.045
688549,2025-11-27,9.2,0.009879,178646.54,165967.458
688550,2025-11-27,46.05,0.009868,34334.13,158980.011
688551,2025-11-27,38.19,0.026613,10920.44,41428.33
688552,2025-11-27,33.39,0.005117,21495.51,72025.702
688553,2025-11-27,20.33,0.009434,32272.67,65503.845
688556,2025-11-27,10.01,0.049266,343705.22,346135.07
688557,2025-11-27,36.06,0.010084,10949.62,39536.241
688558,2025-11-27,28.99,0.049982,26636.06,76767.369
688559,2025-11-27,45.03,-0.022786,129889.5,597345.01
688560,2025-11-27,16.9,0.20028400000000002,211451.86,337293.074
688561,2025-11-27,36.04,-0.01932,53522.15,194836.597
688562,2025-11-27,19.15,0.001569,83982.77,160499.057
688563,2025-11-27,53.81,0.0044800000000000005,14222.7,76780.585
688565,2025-11-27,10.19,0.005923,20107.26,20454.099
688566,2025-11-27,29.23,0.002401,11695.09,34427.236
688567,2025-11-27,16.53,0.0,177036.59,297850.39
688568,2025-11-27,40.68,-0.004162,64756.34,264567.905
688569,2025-11-27,21.04,0.002382,5007.96,10540.591
688570,2025-11-27,18.18,0.003865,8046.83,14657.696
688571,2025-11-27,7.33,0.019471000000000002,39253.77,28711.243
688573,2025-11-27,23.97,0.02,25731.49,61461.691
688575,2025-11-27,14.7,0.000681,31846.83,46821.139
688576,2025-11-27,64.58,0.006703,1721.03,11072.644
688577,2025-11-27,114.83,0.053003,13010.27,147971.697
688578,2025-11-27,97.68,-0.009632,23219.96,227356.727
688579,2025-11-27,11.17,-0.014991,41707.46,46922.808
688580,2025-11-27,44.91,0.006951000000000001,5484.5,24643.249
688581,2025-11-27,59.12,0.007327,5040.73,29899.173
688582,2025-11-27,60.81,0.061627,126120.09,758829.392
688583,2025-11-27,86.61,-0.00494,3424.88,30067.814
688584,2025-11-27,21.74,0.004621,30967.86,67781.794
688585,2025-11-27,114.51,-0.037488,68787.23,795510.111
688586,2025-11-27,11.17,-0.013250999999999999,72687.46,81423.329
688588,2025-11-27,14.71,0.004096,51389.37,75983.02
688589,2025-11-27,22.27,0.014117,26741.73,59987.809
688590,2025-11-27,18.93,-0.006821000000000001,64155.67,121980.458
688591,2025-11-27,43.75,0.0043619999999999996,60289.55,266337.845
688592,2025-11-27,39.27,0.022656,9739.06,37984.993
688593,2025-11-27,20.06,0.000499,70846.44,144488.037
688595,2025-11-27,33.39,0.016748,29219.06,98375.681
688596,2025-11-27,29.3,0.027349000000000002,99720.44,293375.75
688597,2025-11-27,8.34,0.012136000000000001,49713.38,41601.156
688598,2025-11-27,29.06,0.026855000000000004,40547.57,117547.671
688599,2025-11-27,17.94,0.011274,371952.68,669736.019
688600,2025-11-27,22.22,0.0,6698.74,14928.106
688601,2025-11-27,49.4,0.044397,184278.48,929408.945
688602,2025-11-27,9.37,0.059955,377693.65,348308.166
688603,2025-11-27,74.8,0.020741999999999997,19244.33,144985.999
688605,2025-11-27,57.75,0.0026040000000000004,12587.47,73200.772
688606,2025-11-27,67.08,0.001194,1612.92,10841.488
688607,2025-11-27,30.75,0.025,13228.71,40348.683
688608,2025-11-27,220.1,-0.005423,49869.56,1116244.156
688609,2025-11-27,10.11,0.008982,79359.61,80257.062
688610,2025-11-27,60.66,-0.000659,4760.91,29096.588
688611,2025-11-27,44.99,-0.018757,15358.21,70056.15
688612,2025-11-27,32.07,0.009443,18258.67,58879.824
688613,2025-11-27,20.05,0.010585,26060.05,52326.152
688615,2025-11-27,207.56,-0.014716,18878.77,394483.514
688616,2025-11-27,12.4,0.012244999999999999,14508.57,17909.56
688617,2025-11-27,234.84,-0.029386000000000002,23594.05,556236.283
688618,2025-11-27,27.07,0.0055720000000000006,12612.53,34249.723
688619,2025-11-27,14.02,0.001429,17673.41,24844.57
688620,2025-11-27,11.73,0.006003,70921.11,83924.45
688621,2025-11-27,68.0,-0.008023,54165.0,365927.405
688622,2025-11-27,116.52,-0.026972999999999997,19851.5,232347.47
688623,2025-11-27,74.24,0.010067999999999999,2817.72,20875.328
688625,2025-11-27,36.26,-0.007934,15012.59,54958.381
688626,2025-11-27,46.5,0.00302,7724.11,36009.55
688627,2025-11-27,177.48,0.022174,22062.9,398155.738
688628,2025-11-27,31.82,0.010801,7234.35,23004.587
688629,2025-11-27,83.35,0.016463000000000002,204609.96,1750567.079
688630,2025-11-27,111.79,-0.005072999999999999,26544.75,301447.953
688631,2025-11-27,71.05,0.066817,54632.7,388407.936
688633,2025-11-27,22.85,0.013304,5335.77,12221.542
688636,2025-11-27,34.0,-0.007879,29113.28,99016.528
688638,2025-11-27,39.02,0.011143,3944.7,15430.791
688639,2025-11-27,32.64,-0.019231,49678.96,163862.517
688646,2025-11-27,35.75,-0.003623,6332.38,22732.454
688648,2025-11-27,50.23,-0.028433,18211.18,92952.38
688651,2025-11-27,37.62,0.0015970000000000001,6557.52,24690.826
688652,2025-11-27,88.1,-0.021111,37292.5,336372.793
688653,2025-11-27,12.03,0.016047,65168.84,78885.969
688655,2025-11-27,17.65,0.020231,20574.6,36206.313
688656,2025-11-27,197.8,-0.019822,8037.83,159514.585
688657,2025-11-27,54.95,0.0025540000000000003,9691.02,53354.317
688658,2025-11-27,24.69,-0.08147299999999999,191986.27,492496.362
688659,2025-11-27,9.9,0.013306,26373.57,26110.879
688660,2025-11-27,17.09,-0.027873000000000002,272873.89,471501.473
688661,2025-11-27,42.79,0.0,18904.63,81801.373
688662,2025-11-27,40.05,-0.00571,23840.87,96750.308
688663,2025-11-27,40.89,0.001224,9189.21,37889.463
688665,2025-11-27,47.53,0.007632,7009.78,33539.527
688667,2025-11-27,58.86,-0.01539,8764.7,52255.657
688668,2025-11-27,95.87,-0.020435,53117.42,516692.12
688669,2025-11-27,22.25,0.047552000000000004,43392.13,95924.151
688670,2025-11-27,29.32,-0.051133,155885.62,453483.852
688671,2025-11-27,22.29,0.014104,15844.88,35442.228
688676,2025-11-27,75.2,-0.036885,187230.9,1464636.93
688677,2025-11-27,45.43,0.003313,7189.84,32642.367
688678,2025-11-27,24.11,0.004583,48712.37,117951.594
688679,2025-11-27,23.0,0.017699,33421.76,76883.886
688680,2025-11-27,41.06,0.042397,26017.02,105833.579
688681,2025-11-27,17.52,0.011547,14979.11,26161.097
688682,2025-11-27,36.75,0.039016,42689.79,155209.457
688683,2025-11-27,29.97,0.025667,6598.43,19668.748
688685,2025-11-27,50.7,-0.005881999999999999,31599.31,160307.177
688686,2025-11-27,115.32,0.00226,6589.07,76509.222
688687,2025-11-27,25.7,0.004691,20883.13,53800.065
688689,2025-11-27,26.04,0.012835000000000001,11285.53,29462.223
688690,2025-11-27,26.83,-0.0018599999999999999,24134.16,65260.532
688691,2025-11-27,115.3,-0.023957000000000003,87032.77,1042082.084
688692,2025-11-27,253.69,0.0035210000000000003,4507.26,114946.712
688693,2025-11-27,37.53,0.008329,5622.18,21180.688
688695,2025-11-27,29.52,0.004423,7683.12,22628.249
688696,2025-11-27,111.49,0.000808,5171.53,58323.083
688697,2025-11-27,15.11,0.009352000000000001,16237.22,24645.263
688698,2025-11-27,85.5,-0.013613,49510.19,422651.985
688699,2025-11-27,51.59,0.032626,149423.0,773352.402
688700,2025-11-27,34.77,0.038220000000000004,100599.99,349905.308
688701,2025-11-27,9.71,0.007261,21262.43,20645.491
688702,2025-11-27,132.2,-0.00594,41939.39,563240.963
688707,2025-11-27,14.55,0.026093,124793.73,181601.913
688708,2025-11-27,59.2,-0.003535,14347.69,85195.153
688709,2025-11-27,37.59,0.007235,38431.35,145933.535
688710,2025-11-27,44.89,-0.000223,3850.66,17349.917
688711,2025-11-27,22.45,0.009897,38951.56,88164.945
688716,2025-11-27,36.23,0.00249,15088.18,55129.414
688717,2025-11-27,65.86,-0.021686999999999998,43920.14,295563.95
688718,2025-11-27,14.74,0.004087,13513.92,19975.165
688719,2025-11-27,48.24,0.08088699999999999,103623.07,494651.521
688720,2025-11-27,51.75,0.0029070000000000003,30648.84,160891.195
688721,2025-11-27,42.42,0.0026,7014.75,30011.465
688722,2025-11-27,16.91,-0.004122,16288.48,27665.093
688726,2025-11-27,41.64,0.007257,10906.59,45666.862
688727,2025-11-27,51.08,0.079231,236898.19,1217993.206
688728,2025-11-27,14.41,0.006285,141484.77,205489.131
688729,2025-11-27,24.41,0.006182999999999999,68551.55,169088.664
688733,2025-11-27,33.18,0.2,206527.83,664341.917
688737,2025-11-27,24.98,0.029254,27265.72,67932.371
688739,2025-11-27,26.79,0.00262,11458.62,30682.041
688750,2025-11-27,18.25,0.001097,26383.99,48370.994
688755,2025-11-27,41.28,0.027633,7765.69,32249.12
688757,2025-11-27,26.34,0.013077,13479.48,35733.371
688758,2025-11-27,21.25,-0.020737000000000002,35437.93,76647.636
688759,2025-11-27,33.07,0.025744,128743.02,425613.434
688765,2025-11-27,79.0,-0.0005059999999999999,41794.55,332430.2
688767,2025-11-27,39.34,0.004853,5549.12,21971.865
688768,2025-11-27,41.98,-0.005213,7669.28,32207.403
688772,2025-11-27,22.9,0.028751000000000002,199046.27,462883.669
688775,2025-11-27,279.46,0.08942800000000001,39371.72,1107657.099
688776,2025-11-27,87.8,0.007343,19637.38,172917.492
688777,2025-11-27,49.74,-0.006789,69894.66,351613.069
688778,2025-11-27,72.2,0.018479000000000002,57115.19,417110.703
688779,2025-11-27,7.21,0.016925,453023.85,328449.867
688783,2025-11-27,24.6,0.048593000000000004,195011.8,476356.624
688786,2025-11-27,27.5,0.002918,13756.45,37847.989
688787,2025-11-27,113.37,-0.024439000000000002,21164.46,242473.278
688788,2025-11-27,61.5,0.040433000000000004,32963.13,202031.502
688789,2025-11-27,77.64,0.008181,8681.34,67535.268
688793,2025-11-27,28.03,0.009726,6947.69,19490.541
688798,2025-11-27,73.27,0.00041,21148.59,156499.683
688799,2025-11-27,48.07,0.001458,19659.39,94278.305
688800,2025-11-27,68.0,-0.019608,61622.76,426770.226
688819,2025-11-27,31.76,0.006018,30143.31,96510.833
688981,2025-11-27,112.71,0.0,523431.12,6012840.143
689009,2025-11-27,56.33,0.002313,59942.97,338067.681
920000,2025-11-27,18.74,-0.031525,21069.61,39933.793
920001,2025-11-27,19.76,0.001013,18201.84,36376.013
920002,2025-11-27,102.87,-0.021869,9020.95,93304.209
920003,2025-11-27,33.51,0.0011949999999999999,8570.48,28584.664
920005,2025-11-27,41.48,-0.007893,1611.49,6725.861
920006,2025-11-27,27.58,-0.015,14590.21,40443.931
920007,2025-11-27,68.16,-0.00959,1313.72,9055.188
920008,2025-11-27,32.43,-0.010375,16616.84,54077.597
920009,2025-11-27,83.6,-0.010065,10028.48,84137.38
920010,2025-11-27,12.55,-0.006333999999999999,29964.5,37754.776
920014,2025-11-27,12.04,0.00417,4221.39,5061.161
920015,2025-11-27,49.38,0.006728,42849.23,215879.213
920016,2025-11-27,19.9,0.000503,2773.51,5498.916
920017,2025-11-27,18.9,-0.017672,30785.89,58048.986
920018,2025-11-27,27.85,-0.001434,5786.53,16176.766
920019,2025-11-27,19.37,-0.021717,17614.55,34389.953
920020,2025-11-27,17.33,0.004638,19324.02,33436.182
920021,2025-11-27,6.54,-0.023881,41140.79,27256.049
920022,2025-11-27,30.02,-0.013798,5531.85,16708.45
920023,2025-11-27,4.26,-0.004673,49027.22,20873.005
920026,2025-11-27,35.0,0.035503,15264.75,52615.429
920027,2025-11-27,23.41,-0.013485,5852.99,13840.439
920029,2025-11-27,88.82,-0.000563,3866.81,34385.29
920030,2025-11-27,6.66,0.0075639999999999995,43064.88,29151.311
920033,2025-11-27,16.61,-0.00895,3729.12,6236.247
920037,2025-11-27,88.18,0.0124,9473.31,83601.058
920039,2025-11-27,11.83,-0.014988,18890.83,22363.91
920046,2025-11-27,13.7,0.002195,24470.86,33845.217
920047,2025-11-27,23.95,-0.019247,33347.1,80015.535
920056,2025-11-27,25.2,-0.010601000000000001,10792.11,27401.594
920057,2025-11-27,6.65,-0.013352999999999999,16811.07,11209.186
920058,2025-11-27,32.08,-0.0040360000000000005,2283.77,7385.263
920060,2025-11-27,32.79,0.001527,25003.87,82629.888
920061,2025-11-27,29.4,-0.01276,6047.01,17954.807
920062,2025-11-27,10.04,-0.005940999999999999,30977.91,31250.258
920066,2025-11-27,24.83,-0.009177999999999999,6764.53,16914.045
920068,2025-11-27,16.84,0.0035759999999999998,9250.3,15624.461
920075,2025-11-27,27.39,-0.046308999999999996,18805.17,52450.746
920077,2025-11-27,13.85,0.005809999999999999,22531.69,31302.45
920080,2025-11-27,27.47,-0.010447,7018.8,19407.819
920082,2025-11-27,17.05,-0.005830999999999999,6371.01,10920.201
920087,2025-11-27,16.2,-0.018182,51260.76,83014.094
920088,2025-11-27,29.5,-0.017976000000000002,10967.59,32698.83
920089,2025-11-27,18.26,-0.001094,11115.77,20321.989
920090,2025-11-27,6.63,-0.010447999999999999,48099.11,31943.104
920091,2025-11-27,60.33,-0.062179000000000005,67397.73,409123.112
920092,2025-11-27,30.42,-0.023435,6894.86,21150.83
920098,2025-11-27,26.6,-0.004491,4577.63,12181.51
920099,2025-11-27,30.28,-0.012072000000000001,4546.29,13802.864
920100,2025-11-27,59.02,-0.031824,10916.69,65304.419
920101,2025-11-27,40.62,-0.014317,7911.56,31999.686
920106,2025-11-27,81.89,-0.027088,7233.42,60779.294
920108,2025-11-27,13.8,-0.007194000000000001,7476.14,10368.477
920110,2025-11-27,35.18,-0.0073360000000000005,1234.09,4378.688
920111,2025-11-27,23.38,-0.008482,9752.52,22948.951
920112,2025-11-27,38.5,-0.020356,5599.74,21799.547
920116,2025-11-27,71.55,0.012596000000000001,31003.14,220512.357
920118,2025-11-27,22.69,-0.008304,4410.71,10070.505
920122,2025-11-27,36.99,-0.009373,5552.21,20621.761
920123,2025-11-27,15.59,-0.023183,22886.48,36114.473
920124,2025-11-27,24.51,1.8302539999999998,525238.17,1395534.68
920128,2025-11-27,26.91,-0.014286,2922.87,7942.57
920130,2025-11-27,22.77,-0.024422000000000003,10917.47,25183.957
920132,2025-11-27,18.01,-0.00332,5818.13,10528.091
920139,2025-11-27,20.94,-0.013194999999999998,27607.78,58502.852
920145,2025-11-27,23.56,-0.048081,12212.86,29457.769
920146,2025-11-27,8.53,-0.005828,17431.18,14962.826
920149,2025-11-27,12.21,-0.0008179999999999999,8763.42,10768.031
920152,2025-11-27,31.88,-0.018473,23745.06,75705.763
920158,2025-11-27,16.08,0.001245,15101.69,24381.2
920160,2025-11-27,25.3,0.012405,47563.36,120871.248
920163,2025-11-27,14.71,-0.004736000000000001,5172.96,7646.629
920167,2025-11-27,17.46,-0.007955,11942.42,21049.191
920169,2025-11-27,29.77,-0.009647,16373.63,48994.447
920171,2025-11-27,20.02,-0.023415,12503.33,25246.042
920174,2025-11-27,47.99,-0.029525000000000003,20157.21,97004.188
920175,2025-11-27,11.84,-0.008375,21106.46,25189.528
920179,2025-11-27,35.3,-0.001697,21899.15,78821.066
920184,2025-11-27,17.95,-0.020197,18366.39,33358.914
920185,2025-11-27,31.3,0.00128,87906.33,277785.211
920190,2025-11-27,24.93,-0.007168,11997.76,30169.308
920195,2025-11-27,19.52,-0.01712,15558.55,30703.8
920198,2025-11-27,10.01,-0.008911,13909.68,13992.877
920199,2025-11-27,33.73,-0.015757,8923.63,30515.265
920204,2025-11-27,18.17,-0.0125,6650.17,12141.27
920207,2025-11-27,21.21,-0.019871,11471.43,24485.652
920208,2025-11-27,24.92,0.0,6831.36,17093.775
920212,2025-11-27,13.48,-0.0014810000000000001,6345.03,8627.416
920221,2025-11-27,16.21,0.0006169999999999999,9851.64,16040.949
920223,2025-11-27,21.28,-0.010233,47369.1,101883.461
920225,2025-11-27,33.0,0.000303,29676.34,98765.667
920227,2025-11-27,66.9,-0.059865,21528.82,147734.788
920230,2025-11-27,12.98,-0.00916,7916.29,10313.247
920237,2025-11-27,24.06,-0.009469,21535.21,52491.732
920239,2025-11-27,33.18,-0.003304,18852.06,63195.559
920242,2025-11-27,28.92,0.000692,2205.16,6409.84
920245,2025-11-27,26.33,-0.006415,3037.27,8038.496
920247,2025-11-27,25.16,-0.00317,10910.32,27668.737
920249,2025-11-27,13.79,0.010256000000000001,54500.94,75476.411
920252,2025-11-27,30.26,0.008667000000000001,67157.11,206277.872
920260,2025-11-27,11.23,-0.012313000000000001,5629.76,6342.788
920261,2025-11-27,14.88,-0.006012,8515.59,12723.934
920262,2025-11-27,24.38,-0.029072,11183.81,27697.744
920263,2025-11-27,13.04,-0.0076100000000000004,7225.45,9438.954
920266,2025-11-27,9.4,-0.007391999999999999,13716.09,12902.449
920267,2025-11-27,22.9,-0.011653,11417.47,26881.971
920270,2025-11-27,15.98,-0.00125,4742.05,7626.872
920271,2025-11-27,15.96,0.001255,5280.71,8467.104
920273,2025-11-27,33.84,-0.04136,22926.59,79095.769
920274,2025-11-27,28.16,0.00035499999999999996,10270.89,28853.555
920275,2025-11-27,9.25,-0.0032329999999999998,5232.27,4837.012
920278,2025-11-27,9.13,-0.010834,8707.8,8015.814
920284,2025-11-27,41.82,-0.026309999999999997,39512.45,171251.869
920299,2025-11-27,20.55,0.051689,81632.91,167038.928
920300,2025-11-27,14.21,-0.008374,13068.06,18685.74
920304,2025-11-27,14.65,-0.005431,78220.56,114500.896
920305,2025-11-27,10.98,-0.051813000000000005,43293.55,48478.49
920339,2025-11-27,10.61,0.001889,5627.58,5962.561
920344,2025-11-27,25.17,-0.037844,22349.24,56870.013
920346,2025-11-27,24.26,0.0024790000000000003,7197.62,17599.51
920351,2025-11-27,22.56,-0.011394,5543.41,12605.35
920357,2025-11-27,24.71,-0.001213,9224.99,23050.848
920363,2025-11-27,17.68,-0.004505,11395.99,20153.852
920367,2025-11-27,22.88,-0.010381,52377.96,118287.265
920368,2025-11-27,26.83,0.001493,16961.21,45693.067
920370,2025-11-27,4.22,-0.009389999999999999,25887.95,10972.285
920371,2025-11-27,10.38,-0.025352,18399.98,19302.587
920374,2025-11-27,23.88,-0.012815,4597.17,11131.621
920375,2025-11-27,13.72,-0.030389,12427.4,17343.268
920378,2025-11-27,9.66,-0.005149,12403.87,11991.602
920392,2025-11-27,35.0,-0.005399,3020.55,10524.99
920394,2025-11-27,35.96,-0.019094,9005.36,32607.546
920395,2025-11-27,11.98,0.006723,10469.21,12572.027
920396,2025-11-27,30.27,-0.010461,15667.46,47806.369
920402,2025-11-27,11.06,0.014679,66468.22,74188.072
920403,2025-11-27,21.14,-0.012611,15641.61,32996.308
920405,2025-11-27,27.07,-0.017779,48190.58,130935.903
920407,2025-11-27,20.22,-0.027885,12917.09,26488.034
920414,2025-11-27,12.02,-0.009885,9586.2,11600.239
920415,2025-11-27,15.07,0.012089,33279.72,49972.726
920418,2025-11-27,26.09,-0.0068520000000000005,15901.37,41851.833
920419,2025-11-27,16.47,0.0,7357.2,12156.378
920422,2025-11-27,12.75,-0.046372,38011.92,49075.967
920425,2025-11-27,20.14,-0.007392999999999999,7885.65,15965.757
920427,2025-11-27,13.07,0.00384,6634.93,8661.572
920429,2025-11-27,15.82,-0.025261999999999996,15569.82,24772.479
920433,2025-11-27,6.29,-0.007885999999999999,10070.42,6334.8
920436,2025-11-27,19.55,-0.010628,15693.01,30455.701
920438,2025-11-27,36.4,-0.021505,20565.67,75808.258
920445,2025-11-27,11.18,-0.024432999999999996,41968.11,47538.143
920454,2025-11-27,15.66,-0.009488,10793.35,16975.901
920455,2025-11-27,8.75,-0.016854,7009.27,6216.749
920469,2025-11-27,11.47,-0.017979000000000002,29618.83,33824.99
920471,2025-11-27,12.95,-0.012204,5456.16,7103.383
920475,2025-11-27,16.2,-0.021147999999999997,5250.8,8613.619
920476,2025-11-27,21.35,-0.004662,9513.9,20289.501
920478,2025-11-27,19.26,-0.01433,19533.78,38113.388
920489,2025-11-27,18.7,-0.03856,45182.68,86762.447
920491,2025-11-27,26.71,-0.010741,22158.88,59723.638
920493,2025-11-27,137.66,-0.001813,12407.9,171058.828
920496,2025-11-27,10.47,0.0,17141.56,18002.5
920504,2025-11-27,23.56,0.025686,10586.97,25407.622
920505,2025-11-27,47.0,-0.00297,8816.19,41606.82
920508,2025-11-27,22.46,-0.010137,4568.86,10356.296
920509,2025-11-27,36.15,-0.033164,37621.77,138143.591
920510,2025-11-27,16.7,-0.005952,9237.09,15521.211
920519,2025-11-27,12.48,-0.0008010000000000001,9380.3,11643.356
920522,2025-11-27,59.85,0.009956,30989.71,187485.008
920523,2025-11-27,27.16,-0.004033999999999999,18015.32,49462.638
920526,2025-11-27,24.34,-0.016963,8574.36,21054.389
920527,2025-11-27,17.58,-0.01952,5050.08,8949.25
920533,2025-11-27,27.11,-0.016328,14383.52,39407.461
920541,2025-11-27,13.83,-0.007179,5560.89,7746.076
920547,2025-11-27,24.17,0.000414,4673.75,11281.074
920553,2025-11-27,10.15,-0.018375,20002.98,20592.845
920556,2025-11-27,10.17,-0.013579,30074.01,30828.694
920564,2025-11-27,21.23,-0.044124,36572.87,77715.93
920566,2025-11-27,12.32,-0.0008110000000000001,22183.06,27168.935
920570,2025-11-27,33.52,-0.014117999999999999,5215.55,17605.466
920571,2025-11-27,9.83,-0.007070999999999999,65569.37,64650.808
920575,2025-11-27,12.62,-0.018663,24346.41,30861.175
920576,2025-11-27,27.71,0.013163000000000001,9163.9,25358.303
920578,2025-11-27,24.67,-0.0132,7890.79,19645.068
920579,2025-11-27,23.68,-0.005877,4790.21,11411.437
920580,2025-11-27,14.78,0.000677,17717.21,26472.262
920592,2025-11-27,40.2,-0.012041999999999999,12007.03,48445.991
920593,2025-11-27,31.95,-0.014497,17140.68,55225.381
920599,2025-11-27,19.51,-0.018118000000000002,42240.39,83085.108
920608,2025-11-27,19.22,-0.017884999999999998,7509.11,14483.408
920627,2025-11-27,22.97,-0.018376,12545.9,29207.426
920634,2025-11-27,23.31,-0.01145,6841.68,16162.216
920639,2025-11-27,7.91,0.0,9120.42,7264.32
920640,2025-11-27,32.32,-0.0006180000000000001,54235.99,174563.602
920641,2025-11-27,18.55,-0.0053620000000000004,11289.4,21020.079
920642,2025-11-27,15.02,-0.024675,69245.07,103909.982
920651,2025-11-27,39.11,0.000256,3409.88,13342.013
920656,2025-11-27,17.54,0.002859,8028.98,13955.56
920662,2025-11-27,25.49,-0.006625,7235.92,18506.915
920663,2025-11-27,16.78,0.001791,9349.7,15799.729
920665,2025-11-27,13.44,0.059937,43895.79,57320.169
920670,2025-11-27,16.36,-0.037647,53151.74,88261.476
920675,2025-11-27,10.25,-0.01537,11732.09,12141.956
920679,2025-11-27,19.86,-0.007992,4327.43,8684.038
920682,2025-11-27,9.39,-0.004242,19643.42,18568.62
920685,2025-11-27,13.84,-0.004317,7568.61,10522.662
920689,2025-11-27,30.39,-0.033397,10921.49,33675.643
920690,2025-11-27,30.01,0.006372,6950.15,20937.962
920693,2025-11-27,38.92,0.007507000000000001,4254.42,16603.581
920694,2025-11-27,19.25,0.00104,5790.29,11179.984
920699,2025-11-27,46.9,-0.016771,2225.6,10625.877
920701,2025-11-27,17.65,0.003411,9106.09,16319.718
920703,2025-11-27,14.37,-0.0006950000000000001,6899.51,9968.832
920706,2025-11-27,25.77,-0.022011,81682.8,204550.756
920717,2025-11-27,12.34,0.018151999999999998,27927.91,34875.949
920718,2025-11-27,16.69,-0.0071389999999999995,4061.83,6784.414
920719,2025-11-27,12.88,-0.019039999999999998,25647.42,33303.696
920720,2025-11-27,13.66,-0.012292,12840.13,17715.451
920725,2025-11-27,33.6,-0.048428000000000006,36234.05,122961.19
920726,2025-11-27,20.74,-0.07452,88559.65,186677.345
920729,2025-11-27,8.93,0.005631000000000001,8472.16,7538.833
920735,2025-11-27,34.71,-0.008286,17800.97,61685.965
920748,2025-11-27,47.3,-0.0012670000000000001,14576.14,70203.412
920751,2025-11-27,18.92,0.0,6248.02,11917.231
920753,2025-11-27,23.56,-0.007582,3593.78,8507.144
920765,2025-11-27,24.84,0.0060750000000000005,9442.57,23150.747
920768,2025-11-27,11.92,-0.005008,12951.18,15549.965
920770,2025-11-27,18.93,0.011217999999999999,43603.1,83240.505
920779,2025-11-27,35.01,-0.012969,6439.16,22749.087
920781,2025-11-27,9.01,-0.018519,22667.19,20475.448
920786,2025-11-27,9.39,-0.029959,58228.51,55257.32
920790,2025-11-27,32.58,-0.01571,7568.46,24828.06
920792,2025-11-27,12.26,0.018272,18250.2,22679.483
920799,2025-11-27,47.48,-0.01555,19035.72,91293.029
920802,2025-11-27,15.67,-0.008228,3479.8,5477.202
920806,2025-11-27,13.02,-0.013635999999999999,17563.28,23095.819
920807,2025-11-27,15.2,-0.0013139999999999998,15878.66,24311.197
920808,2025-11-27,78.78,-0.000127,22621.21,182624.298
920809,2025-11-27,7.16,0.005618,306761.96,221452.733
920810,2025-11-27,12.97,-0.011433,7788.85,10203.82
920819,2025-11-27,4.06,0.0,34548.83,14052.806
920821,2025-11-27,27.31,0.097228,70931.05,196756.192
920826,2025-11-27,13.19,-0.040727,82413.57,110151.199
920832,2025-11-27,7.42,-0.002688,11996.69,8939.29
920833,2025-11-27,16.69,-0.013009999999999999,9520.77,15949.165
920834,2025-11-27,17.18,-0.035915,35820.47,62572.701
920837,2025-11-27,14.08,-0.015385,14254.61,20279.44
920839,2025-11-27,40.15,-0.019296999999999998,10389.33,42235.747
920855,2025-11-27,17.7,-0.016667,3047.82,5459.088
920856,2025-11-27,17.59,0.075841,66993.93,125350.573
920857,2025-11-27,34.81,-0.021916,11414.32,39754.353
920866,2025-11-27,8.27,-0.003614,7110.95,5890.35
920870,2025-11-27,17.62,0.000568,8504.88,15121.77
920871,2025-11-27,15.8,-0.002525,5757.74,9157.557
920873,2025-11-27,7.52,-0.001328,13947.72,10544.879
920876,2025-11-27,25.85,-0.017857,6353.39,16605.877
920879,2025-11-27,22.13,-0.008957,7030.85,15588.602
920885,2025-11-27,18.5,-0.010695,15842.3,29480.609
920892,2025-11-27,15.7,-0.02545,12910.43,20392.768
920895,2025-11-27,21.49,-0.011045000000000001,3456.8,7477.891
920896,2025-11-27,21.35,-0.0079,6306.73,13557.057
920906,2025-11-27,26.33,-0.011265,7168.07,19006.209
920914,2025-11-27,27.16,-0.0022040000000000002,14335.74,39220.121
920924,2025-11-27,20.35,-0.005376,8133.51,16578.919
920925,2025-11-27,31.5,0.012862,7464.85,23170.863
920926,2025-11-27,17.58,-0.021158,11348.27,20073.518
920931,2025-11-27,14.42,-0.008253,2799.86,4058.836
920932,2025-11-27,19.99,-0.026303,16658.79,33525.877
920942,2025-11-27,31.78,-0.026646,13053.65,41753.209
920943,2025-11-27,21.4,-0.021490999999999996,8467.31,18318.489
920946,2025-11-27,11.18,-0.024432999999999996,43116.8,48551.908
920950,2025-11-27,18.22,0.005519,6206.73,11385.326
920953,2025-11-27,35.21,-0.015105,16633.91,59164.251
920957,2025-11-27,13.67,-0.036646,18030.02,24992.042
920961,2025-11-27,24.14,-0.003303,41278.99,99537.893
920964,2025-11-27,6.9,-0.017094,25797.59,17928.457
920970,2025-11-27,8.06,-0.0049380000000000005,8060.27,6539.042
920971,2025-11-27,30.31,-0.021311,25381.63,77833.099
920974,2025-11-27,8.25,0.00243,15534.66,12855.763
920976,2025-11-27,24.19,-0.010634,6728.01,16430.928
920978,2025-11-27,34.95,-0.03373,34038.02,120722.64
920981,2025-11-27,32.27,-0.026546,10875.97,35715.267
920982,2025-11-27,215.21,-0.005084999999999999,6389.02,138012.068
920985,2025-11-27,8.58,-0.012658,22831.79,19803.047
920992,2025-11-27,17.65,-0.008427,7207.73,12856.675
