symbol,date,close,ret,vol,amount
000001,2026-08-10,11.29,0.008937,889060.14,1005591.3725
000002,2026-08-10,3.25,0.009316999999999999,1213348.7,395492.12595
000006,2026-08-10,6.85,0.017831,194579.01,132093.7428
000007,2026-08-10,10.38,0.074534,111965.0,112083.62098
000008,2026-08-10,2.45,0.012397,269271.5,65690.7435
000009,2026-08-10,8.19,0.011111,743275.04,601340.8559
000010,2026-08-10,1.54,0.0,194137.0,29545.852
000011,2026-08-10,7.93,0.021907,98574.21,77391.7844
000012,2026-08-10,3.88,0.007792,250422.12,96739.82893
000014,2026-08-10,10.19,0.025151,55076.0,55910.853
000016,2026-08-10,2.57,0.003906,136068.48,34658.63988
000017,2026-08-10,6.3,0.019417,89423.0,55722.66728
000019,2026-08-10,6.21,0.016367,121043.03,74694.36181
000020,2026-08-10,11.15,0.021061999999999997,28619.0,31621.174
000021,2026-08-10,40.2,-0.015912,1091512.22,4366484.18888
000025,2026-08-10,15.16,0.014047,78076.19,117879.22923
000026,2026-08-10,19.07,0.09976900000000001,156141.85,285069.419
000027,2026-08-10,6.37,0.00315,184236.28,117223.76108
000028,2026-08-10,20.45,0.006398,40864.62,83919.44051
000029,2026-08-10,22.31,0.007678000000000001,47822.0,106054.406
000030,2026-08-10,4.29,0.0070420000000000005,80626.49,34531.07478
000031,2026-08-10,2.25,0.027397,530518.48,119232.17276
000032,2026-08-10,14.5,-0.02027,363158.39,523523.99046
000034,2026-08-10,24.4,-0.029049000000000002,388900.85,949185.04959
000035,2026-08-10,4.91,0.018672,350790.05,170800.50164
000036,2026-08-10,4.28,0.014218,190208.8,80800.80186
000037,2026-08-10,10.3,0.028971,379234.0,386710.444
000039,2026-08-10,8.89,0.057074999999999994,525076.25,461609.98632
000042,2026-08-10,8.47,0.009535,31651.0,26811.196
001914,2026-08-10,8.82,0.012629,84061.5,74144.75151
000045,2026-08-10,10.03,0.010069999999999999,50575.0,50279.194
000048,2026-08-10,21.87,0.021963,143538.85,309183.6376
000049,2026-08-10,24.88,0.008921,69219.76,171294.55486
000050,2026-08-10,6.75,-0.001479,264825.51,177916.7312
000055,2026-08-10,3.53,0.035191,131198.51,45708.72652
000056,2026-08-10,1.97,-0.079439,445073.01,89676.04104
000058,2026-08-10,6.76,0.013493,64308.0,43314.245
000059,2026-08-10,4.66,0.015250999999999999,217869.6,101528.55538
000060,2026-08-10,6.94,0.01909,1558150.0,1076550.04257
000061,2026-08-10,5.89,0.017271,219491.23,128695.76969
000062,2026-08-10,23.24,-0.007685999999999999,211972.16,489815.95096
000063,2026-08-10,34.3,-0.011527,1045233.07,3572874.10271
000065,2026-08-10,9.22,0.012075,211067.67,193124.68508
000066,2026-08-10,14.71,-0.007422,852239.68,1244533.47988
000068,2026-08-10,2.93,0.024476,146321.5,42668.03934
000069,2026-08-10,1.84,-0.005405,651196.14,120120.98882
000070,2026-08-10,14.45,-0.013652,464231.14,664374.4881
000078,2026-08-10,1.77,0.017241,1205833.12,213323.00992
000088,2026-08-10,4.46,0.004505,207360.45,92448.57361
000089,2026-08-10,6.56,0.010786,180354.0,118425.552
000090,2026-08-10,3.5,0.038576,287239.19,100413.24643
000096,2026-08-10,7.9,0.016731,60116.0,47247.542
000099,2026-08-10,14.45,0.017606,88621.01,127196.26385
000100,2026-08-10,4.87,0.002058,4791213.21,2312806.17245
000151,2026-08-10,10.17,0.024169,65967.75,66164.82075
000153,2026-08-10,5.84,0.040998,167339.88,96375.9798
000155,2026-08-10,12.49,0.037375,557774.34,688380.07087
000156,2026-08-10,6.87,0.008811,95252.2,65368.6538
000157,2026-08-10,7.24,0.0027700000000000003,499527.87,361189.55042
000158,2026-08-10,13.56,0.0,242761.54,327608.06463
000159,2026-08-10,5.79,0.030249,98944.0,56741.753
000166,2026-08-10,4.56,0.004405,503469.74,229631.22038
000301,2026-08-10,13.53,0.032824,406545.56,549386.71091
000333,2026-08-10,85.3,0.021557,311419.03,2645240.98277
000338,2026-08-10,32.08,0.064013,1144652.59,3592433.69143
000400,2026-08-10,22.85,0.003954,179273.39,410763.37026
000401,2026-08-10,3.64,0.01676,91806.01,33311.33563
000402,2026-08-10,2.53,0.028454999999999998,628161.19,159581.17257
000403,2026-08-10,10.67,0.006604,84346.02,90183.10728
000404,2026-08-10,7.94,0.033854,193622.58,151724.01522
000407,2026-08-10,4.1,0.014851000000000001,125278.98,51001.37252
000408,2026-08-10,89.2,-0.008889000000000001,141569.2,1265701.23059
000409,2026-08-10,8.85,0.011429,48792.22,42969.3737
000410,2026-08-10,5.06,0.036885,248155.0,124454.9025
000411,2026-08-10,9.83,0.018653,46675.45,45695.104
000415,2026-08-10,4.64,0.026549,574914.22,265519.37686
000417,2026-08-10,6.02,0.010067,327844.43,196002.54354
000419,2026-08-10,5.02,0.035052,107964.0,53569.012
000420,2026-08-10,3.85,0.02122,591021.32,225506.20335
000421,2026-08-10,5.47,0.026265999999999998,104134.71,56483.66409
000422,2026-08-10,13.66,0.034848,443195.81,599248.95735
000423,2026-08-10,54.06,0.01236,67032.01,363178.65001
000425,2026-08-10,8.35,0.006024000000000001,1298589.28,1084883.22297
000426,2026-08-10,40.67,0.030142000000000002,926410.36,3733024.40748
000428,2026-08-10,4.32,0.099237,528152.92,217110.35851
000429,2026-08-10,13.25,-0.066901,207901.06,278145.25623
000430,2026-08-10,6.56,0.01548,69181.0,45085.737
000488,2026-08-10,1.92,0.015872999999999998,98436.97,18773.16483
000498,2026-08-10,5.02,0.014140999999999999,93911.5,46989.3195
000501,2026-08-10,7.28,0.025352,64812.0,46786.16
000503,2026-08-10,7.54,0.020297999999999997,196309.81,148547.26467
000504,2026-08-10,8.8,0.035294,88591.1,76989.7963
000505,2026-08-10,5.84,0.010381,175491.03,101694.02059
000506,2026-08-10,19.94,0.099835,1215131.43,2294767.51855
000507,2026-08-10,5.03,0.01004,102303.38,51301.63332
000509,2026-08-10,3.28,0.018633999999999998,243726.5,78853.427
000510,2026-08-10,17.34,0.02786,854454.27,1460943.99814
000513,2026-08-10,30.73,0.0016300000000000002,96974.01,300590.40178
000514,2026-08-10,3.99,0.033679,144664.0,57196.72227
000516,2026-08-10,4.29,0.009412,275707.0,118459.58
000517,2026-08-10,2.18,0.028302,315066.72,67785.21356
000518,2026-08-10,4.13,-0.009592,1138679.0,446315.738
000519,2026-08-10,15.01,0.016937999999999998,505443.17,753567.53628
000520,2026-08-10,3.98,0.007594999999999999,151688.15,59969.49079
000521,2026-08-10,4.99,0.016293,70452.99,35022.90409
000523,2026-08-10,2.97,0.03125,326101.49,96053.88458
000524,2026-08-10,9.54,0.022508,78258.64,74163.0904
000525,2026-08-10,4.59,0.02,164345.0,75193.443
000526,2026-08-10,36.37,0.030312000000000002,49264.95,177591.7748
000528,2026-08-10,8.45,0.010766,280978.93,237034.12182
000529,2026-08-10,4.87,0.03178,61109.27,29575.42336
000530,2026-08-10,5.04,0.022312,136659.5,68396.3293
000531,2026-08-10,5.92,0.011966000000000001,87571.89,51513.87007
000532,2026-08-10,10.87,0.01779,42172.0,45482.236
000533,2026-08-10,12.65,0.042869000000000004,1634238.67,2043306.49461
000534,2026-08-10,28.39,0.016106,139174.0,391307.42399
000536,2026-08-10,3.33,0.012158,388849.32,128242.73112
000537,2026-08-10,8.32,0.100529,613164.31,501123.35415
000538,2026-08-10,51.19,0.008471,107302.11,549494.9735
000539,2026-08-10,5.96,-0.008319,681360.09,403478.55739
000541,2026-08-10,4.98,0.008097,58252.05,28898.31192
000543,2026-08-10,7.88,0.003822,199039.53,156492.38546
000544,2026-08-10,7.46,0.013587,52903.0,39245.114
000545,2026-08-10,2.62,0.035573,526100.02,136397.2646
000546,2026-08-10,4.86,0.031847,200939.12,96794.66332
000547,2026-08-10,16.39,0.025657,831774.98,1337817.50775
000548,2026-08-10,4.5,0.036865999999999996,66764.82,29748.5252
000550,2026-08-10,16.37,0.012369000000000002,45748.22,74795.13983
000551,2026-08-10,13.67,0.007369,140490.29,190663.58418
000552,2026-08-10,2.55,0.0039369999999999995,716568.22,182789.77688
000553,2026-08-10,5.48,0.009208,72851.88,39788.83148
000554,2026-08-10,6.56,0.01548,188145.52,122878.71805
000555,2026-08-10,10.87,-0.002752,185642.23,201401.5874
000557,2026-08-10,3.73,0.019126,102887.81,38182.61313
000558,2026-08-10,3.54,0.03207,269567.5,94217.36233
000559,2026-08-10,11.8,0.002549,293513.88,345267.0919
000560,2026-08-10,2.24,0.027523,1554059.96,351602.85329
000561,2026-08-10,7.73,0.021136,100340.67,76723.25291
000563,2026-08-10,3.01,0.0066890000000000005,431044.51,129685.88142
000564,2026-08-10,1.43,0.014184,1422400.64,202321.70796
000565,2026-08-10,6.03,0.034305,108725.0,64830.106
000566,2026-08-10,6.05,0.010017,3132461.02,1952044.41822
000567,2026-08-10,6.3,0.017771,165719.19,104291.9077
000568,2026-08-10,90.75,0.023804,134732.57,1218235.64368
000570,2026-08-10,5.05,0.024340999999999998,131319.8,65666.458
000571,2026-08-10,7.12,-0.033921,362491.54,259751.61849
000572,2026-08-10,3.94,0.028721,415092.8,161737.6252
000573,2026-08-10,3.72,0.033333,244654.78,89832.1848
000576,2026-08-10,7.42,0.033426,99587.0,72750.065
000581,2026-08-10,17.49,0.007488,59962.13,104776.71336
000582,2026-08-10,13.28,0.06070299999999999,762623.8,990687.2032
000586,2026-08-10,12.13,0.018472,44345.0,53045.574
000589,2026-08-10,4.4,0.020882,504985.51,223150.87595
000590,2026-08-10,9.02,0.026166000000000002,29529.0,26404.957
000591,2026-08-10,4.48,0.006742000000000001,435803.05,194512.7776
000592,2026-08-10,6.71,0.025994000000000003,1277783.51,849474.88501
000593,2026-08-10,24.75,0.036432,288621.92,701185.21743
000595,2026-08-10,6.36,0.027464,900368.0,564385.922
000596,2026-08-10,96.57,0.053223,106448.38,1018263.86995
000597,2026-08-10,4.79,0.010549,150760.93,72089.9204
000598,2026-08-10,7.21,0.01264,248838.3,179351.8018
000599,2026-08-10,5.02,0.026585,117397.84,58278.27816
000600,2026-08-10,8.67,-0.008008999999999999,294060.26,254784.8037
000601,2026-08-10,6.7,0.012084999999999999,509205.45,339127.94925
000603,2026-08-10,37.12,0.07812999999999999,1085237.35,3883552.76999
000605,2026-08-10,6.03,0.045061,51921.4,30828.0828
000607,2026-08-10,3.66,0.019499,120027.44,43539.72436
000608,2026-08-10,7.68,0.069638,340286.93,254250.74835
000609,2026-08-10,10.19,-0.015459,46175.0,47005.89
000610,2026-08-10,5.89,0.026132,26846.0,15617.628
000612,2026-08-10,11.68,0.015652,353843.3,411861.25271
000615,2026-08-10,3.37,-0.020349,70327.7,23736.0437
000617,2026-08-10,7.16,0.009873,708123.08,506127.6479
000619,2026-08-10,4.82,0.038793,67342.0,32080.319
000620,2026-08-10,2.76,-0.007194000000000001,1285668.66,353192.26142
000623,2026-08-10,18.28,0.008274,150028.64,275235.12378
000625,2026-08-10,7.42,0.009524,588633.22,435151.71176
000626,2026-08-10,7.95,0.040576,119298.0,92787.548
000628,2026-08-10,38.99,-0.000513,68456.76,265166.94927
000629,2026-08-10,3.2,0.022364000000000002,1324224.97,420972.97228
000630,2026-08-10,6.9,-0.008621,3893504.34,2680444.51736
000631,2026-08-10,2.97,0.0067800000000000004,122645.0,36264.64
000632,2026-08-10,3.37,0.008982,77710.0,25493.718
000633,2026-08-10,5.35,0.036822,89056.88,46901.84052
000635,2026-08-10,6.56,0.026604000000000003,60160.25,39228.9035
000636,2026-08-10,61.7,0.058501000000000004,2152325.82,12572541.667
000637,2026-08-10,3.9,0.029024,81262.75,31393.93625
000639,2026-08-10,1.61,0.025478,545689.8,86781.553
000650,2026-08-10,5.44,0.001842,223157.5,122282.741
000651,2026-08-10,40.67,0.014214,417269.25,1687830.93637
000652,2026-08-10,3.51,0.017391,110630.94,38679.5906
000655,2026-08-10,7.06,0.018758999999999998,73392.15,51556.28674
000656,2026-08-10,1.29,0.10256399999999999,3563668.91,440807.3501
000657,2026-08-10,72.8,0.086405,1595133.82,11027811.1307
000659,2026-08-10,2.87,0.025,260448.0,73994.089
000661,2026-08-10,83.0,0.030928,133997.81,1105647.94125
000663,2026-08-10,5.6,0.040892,61457.0,33973.5
000665,2026-08-10,4.02,0.017722,116490.0,46386.529
000668,2026-08-10,21.09,0.07602,70894.67,147694.06116
000669,2026-08-10,3.53,0.014368,34310.4,11975.093
000670,2026-08-10,6.92,0.011696,313670.0,215713.048
000672,2026-08-10,14.06,-0.016094999999999998,212928.27,298918.09556
000676,2026-08-10,7.48,-0.023499,1564871.58,1174070.83277
000677,2026-08-10,1.73,0.017647,408082.19,70074.75889
000678,2026-08-10,8.96,0.015872999999999998,81150.54,72101.38462
000679,2026-08-10,6.08,0.030508,61208.0,36871.548
000680,2026-08-10,11.4,0.018767,277651.75,312711.93202
000681,2026-08-10,18.36,-0.002174,215427.81,392895.51721
000682,2026-08-10,12.21,0.0016409999999999999,124128.11,151461.20906
000683,2026-08-10,6.13,0.009885,716940.3,441193.55378
000685,2026-08-10,11.26,0.019927999999999998,215543.61,241387.65848
000686,2026-08-10,8.08,0.0024809999999999997,163372.02,132143.30394
000688,2026-08-10,32.16,0.026164999999999997,241072.46,773887.30213
000690,2026-08-10,4.86,0.0125,454099.93,219228.1275
000691,2026-08-10,10.03,0.020346000000000003,87667.0,87666.801
000692,2026-08-10,4.13,-0.046189,429615.42,177151.50036
000695,2026-08-10,12.73,0.003152,59167.45,74664.41125
000697,2026-08-10,9.01,0.046458000000000006,113491.0,100681.588
000698,2026-08-10,3.47,0.01462,31360.78,10819.5341
000700,2026-08-10,11.49,-0.024618,373656.86,428762.45668
000701,2026-08-10,5.1,0.032389,120776.01,60813.07108
000702,2026-08-10,5.49,0.041746,100558.27,54595.51069
000703,2026-08-10,18.18,0.026539,1134646.43,2074412.99038
000705,2026-08-10,6.92,0.031297,78859.75,54357.0495
000707,2026-08-10,4.6,0.033708,89270.01,40702.08559
000708,2026-08-10,13.93,0.0028799999999999997,146263.7,204469.6363
000709,2026-08-10,2.15,0.009389999999999999,748587.03,160097.66318
000710,2026-08-10,9.99,0.10022,210587.0,205478.932
000711,2026-08-10,5.78,0.037702,1196701.4,679333.1226
000712,2026-08-10,9.38,-0.0021279999999999997,280765.76,262767.93382
000713,2026-08-10,5.87,0.019097,78365.45,45943.98858
000715,2026-08-10,4.96,0.033333,108632.77,53454.94518
000716,2026-08-10,4.83,0.02766,180855.08,86493.67939
000717,2026-08-10,2.27,0.017937,152080.4,34209.47835
000718,2026-08-10,1.9,0.021505,273804.5,51897.44392
000719,2026-08-10,12.36,0.018961,43232.01,53345.977
000720,2026-08-10,3.69,-0.005391,652344.71,239038.44782
000721,2026-08-10,6.75,0.043277,229315.0,153170.209
000722,2026-08-10,13.81,0.018437,188560.25,258283.29204
000723,2026-08-10,3.58,0.017044999999999998,540948.0,192462.70052
000725,2026-08-10,5.89,-0.029654,17777610.07,10474636.7537
000726,2026-08-10,6.0,0.016949000000000002,62684.18,37495.65448
000727,2026-08-10,2.25,0.008969,757733.0,169178.04884
000728,2026-08-10,7.22,0.001387,147722.5,106766.09165
000729,2026-08-10,12.8,0.011858,247053.0,315762.966
000731,2026-08-10,5.89,0.02972,82867.13,48407.97785
000733,2026-08-10,41.48,-0.001685,129926.39,534304.17294
000735,2026-08-10,5.32,0.039063,338197.97,178080.80305
000736,2026-08-10,4.5,0.03211,176681.84,79256.89576
000737,2026-08-10,14.51,-0.00888,740760.73,1072100.85178
000738,2026-08-10,18.74,0.016819999999999998,177779.0,330847.57548
000739,2026-08-10,23.25,-0.006835,622827.18,1488076.10631
000750,2026-08-10,3.8,0.0026390000000000003,321430.55,122319.80797
000751,2026-08-10,5.29,-0.001887,972350.93,508583.48908
000752,2026-08-10,9.18,0.030303,42161.0,38446.966
000753,2026-08-10,4.85,0.018908,151635.62,73087.55455
000755,2026-08-10,4.73,0.028260999999999998,61744.1,28993.2822
000756,2026-08-10,14.13,-0.00493,158283.51,224910.42742
000757,2026-08-10,4.31,0.056373,202191.5,85724.523
000758,2026-08-10,6.32,0.011200000000000002,365466.99,229598.77989
000759,2026-08-10,6.99,0.0072050000000000005,782741.99,545822.79596
000761,2026-08-10,2.33,0.017467,121183.0,28193.537
000762,2026-08-10,24.32,0.016298,196545.29,477227.00797
000766,2026-08-10,17.31,0.013466,195699.4,337704.9447
000767,2026-08-10,3.87,0.005195,1594879.31,607820.81706
000768,2026-08-10,21.54,0.038572999999999996,376682.53,798453.37729
000776,2026-08-10,20.92,-0.000955,417993.34,874766.29757
000777,2026-08-10,17.91,0.009014,76501.43,136491.9567
000778,2026-08-10,3.8,0.013333,483755.27,183582.4823
000779,2026-08-10,11.57,-0.099611,26350.0,30486.95
000782,2026-08-10,7.97,0.043193999999999996,247286.45,193766.1
000783,2026-08-10,9.02,-0.002212,869311.26,781004.71856
000785,2026-08-10,2.28,0.022422,479563.04,108784.76308
000786,2026-08-10,18.39,0.010995,208188.79,382351.80095
000788,2026-08-10,5.48,0.014815,226015.32,123669.67972
000789,2026-08-10,4.16,0.024631,49468.0,20445.1824
000790,2026-08-10,4.05,0.041131,239703.54,95713.92485
000791,2026-08-10,7.94,0.015345,271174.47,213661.23797
000792,2026-08-10,29.5,0.024306,706587.23,2089563.94996
000793,2026-08-10,2.21,-0.004505,100181.0,22032.205
000795,2026-08-10,8.74,0.002294,153724.96,133832.85268
000796,2026-08-10,3.94,0.020724999999999997,287834.38,112375.33425
000797,2026-08-10,2.43,0.029661,248109.21,59822.81178
000798,2026-08-10,8.43,0.044610000000000004,120832.05,101122.55067
000799,2026-08-10,41.58,0.0014449999999999999,137383.58,573442.18795
000800,2026-08-10,6.22,0.008104,162238.21,100996.03045
000801,2026-08-10,11.61,0.020211,117896.64,135733.0364
000802,2026-08-10,4.7,0.100703,1021878.72,479987.0924
000803,2026-08-10,7.17,0.011283000000000001,76353.4,54704.5746
000807,2026-08-10,27.85,0.026539,903047.9,2505520.20765
000809,2026-08-10,3.44,0.023809999999999998,135936.5,46297.3865
000810,2026-08-10,9.63,-0.004137,163724.6,157056.847
000811,2026-08-10,42.48,0.00473,408828.41,1721110.66845
000812,2026-08-10,3.66,0.06087,415992.58,150450.20408
000813,2026-08-10,3.5,0.020408,373390.86,129295.32676
000815,2026-08-10,18.22,0.010538,1092622.91,2005042.14879
000816,2026-08-10,2.75,0.037736,352007.52,95836.8554
000818,2026-08-10,13.82,0.024463,211423.1,290050.43864
000819,2026-08-10,12.05,0.010059,42092.85,50641.26882
000820,2026-08-10,3.86,0.026596,529817.93,198868.89764
000821,2026-08-10,7.27,0.0,48252.99,34985.52573
000822,2026-08-10,4.35,0.021126999999999996,122589.0,53082.473
000823,2026-08-10,14.92,-0.014531,694954.93,1029620.16386
000825,2026-08-10,3.56,0.00565,352136.16,124840.43763
000826,2026-08-10,1.82,0.034091,284505.86,50939.22168
000828,2026-08-10,9.99,0.00503,61483.0,61384.549
000829,2026-08-10,8.43,0.01444,229850.76,192464.12314
000830,2026-08-10,12.9,0.01018,373897.41,484422.46291
000831,2026-08-10,58.36,0.020457999999999997,900466.0,5192019.99524
000833,2026-08-10,20.59,0.018299,262316.33,533686.45859
000837,2026-08-10,10.48,0.041749999999999995,423921.17,445837.13801
000838,2026-08-10,2.47,-0.012,1259655.2,334731.96326
000839,2026-08-10,2.96,0.017182,1182880.51,342375.4204
000848,2026-08-10,8.97,0.020478,184888.28,165840.39871
000850,2026-08-10,4.12,0.019802,121854.18,49894.98326
000852,2026-08-10,5.32,0.009488,100737.61,53420.15132
000856,2026-08-10,8.04,0.02551,43798.0,34882.716
000858,2026-08-10,76.19,0.014379,450510.65,3430639.84038
000859,2026-08-10,9.53,0.10046200000000001,723758.61,657407.29619
000860,2026-08-10,10.98,0.018553,123764.0,135430.37537
000862,2026-08-10,5.92,0.068592,598199.06,345424.18609
000863,2026-08-10,4.24,0.06,246162.97,102254.9925
000868,2026-08-10,3.64,0.01676,94851.5,34409.892
000869,2026-08-10,17.56,0.00114,21680.84,38277.19851
000875,2026-08-10,5.19,0.001931,354569.27,184161.7053
000876,2026-08-10,7.15,0.033237,536914.52,380398.46196
000877,2026-08-10,3.87,0.021108,162664.05,62699.66235
000878,2026-08-10,17.16,-0.0034839999999999997,559543.26,955160.72082
000880,2026-08-10,23.76,0.030802999999999997,126992.75,296851.7033
000881,2026-08-10,6.67,0.037325,195009.62,129743.86259
000882,2026-08-10,1.43,0.014184,508450.01,72500.96943
000883,2026-08-10,4.64,0.004329,243293.0,112970.749
000885,2026-08-10,12.97,0.008554,41623.01,53939.69387
000886,2026-08-10,4.6,0.015453,126924.0,58116.661
000887,2026-08-10,19.27,-0.003104,228869.18,439889.21626
000888,2026-08-10,9.85,0.021783999999999998,82204.97,80558.07569
000889,2026-08-10,4.0,0.005024999999999999,529694.4,208897.2736
000890,2026-08-10,7.58,0.028494000000000002,137711.67,102478.04219
000892,2026-08-10,4.18,0.004808,871924.89,360347.37802
000893,2026-08-10,48.16,-0.001451,119045.5,576184.97687
000895,2026-08-10,24.95,0.028018,213290.04,526691.15141
000897,2026-08-10,1.77,0.023121,395300.61,69557.38154
000898,2026-08-10,2.04,0.009901,355377.29,72273.41352
000899,2026-08-10,11.04,0.010989,154152.11,169186.97883
000900,2026-08-10,3.7,0.010929,115434.63,42665.89109
000901,2026-08-10,15.27,0.013944000000000002,216882.01,327155.34319
000902,2026-08-10,13.53,0.009701,114971.53,156192.87644
000903,2026-08-10,1.85,-0.010695,138227.2,25456.8778
000905,2026-08-10,8.79,0.029274,96961.24,84404.14844
000906,2026-08-10,5.52,0.01845,62967.0,34585.833
000908,2026-08-10,6.95,-0.002869,470634.4,327648.8616
000909,2026-08-10,4.32,-0.033557000000000003,35282.0,15355.143
000910,2026-08-10,5.41,0.030476,51900.0,27859.692
000911,2026-08-10,4.95,0.087912,99373.66,47514.09318
000912,2026-08-10,3.79,0.046961,387339.17,144872.60497
000913,2026-08-10,11.55,0.006098,37308.93,43125.75782
000915,2026-08-10,26.17,0.013555,31554.65,82369.93256
000917,2026-08-10,7.14,-0.005571,220377.16,157446.35876
000919,2026-08-10,6.58,0.020155,164952.0,108131.811
000920,2026-08-10,11.67,0.006034,80187.81,92812.17678
000921,2026-08-10,26.8,0.013233,74212.09,198738.08363
000922,2026-08-10,11.98,0.011824,97177.32,115286.76748
000923,2026-08-10,15.32,0.040761000000000006,220578.51,334234.22056
000925,2026-08-10,7.77,0.019684999999999998,207456.13,159385.52841
000926,2026-08-10,2.19,0.013889,224417.4,48840.7578
000927,2026-08-10,2.47,0.012295,431730.4,106500.8838
000928,2026-08-10,5.14,0.013807,163669.3,83718.8625
000929,2026-08-10,9.02,0.012346,35044.0,31226.155
000930,2026-08-10,4.79,0.016985,200151.1,95671.37698
000931,2026-08-10,4.22,0.019323999999999997,91810.9,38675.966
000932,2026-08-10,3.73,0.0,786706.68,294057.24816
000933,2026-08-10,27.34,0.019009,588726.3,1605847.27238
000935,2026-08-10,22.94,0.034265,77076.38,173657.13136
000936,2026-08-10,5.28,0.017341,103436.29,54331.10366
000937,2026-08-10,4.74,0.012821,189171.02,89692.411
000938,2026-08-10,37.63,-0.009737,1940833.61,7215388.0924
000948,2026-08-10,15.21,0.027703000000000002,207299.52,313004.90566
000949,2026-08-10,6.65,0.013720000000000001,334680.76,222619.11384
000950,2026-08-10,5.51,0.014733000000000001,397872.69,220049.64424
000951,2026-08-10,21.79,0.010199,111183.82,241469.20058
000952,2026-08-10,6.19,0.02314,74617.15,45834.42645
000953,2026-08-10,6.1,0.06643399999999999,169788.11,101599.33629
000955,2026-08-10,4.38,0.04038,138247.0,59590.288
000957,2026-08-10,10.36,0.015686,88998.53,91507.53397
000958,2026-08-10,5.48,0.001828,132169.0,72409.607
000959,2026-08-10,3.71,-0.002688,313922.41,117226.33411
000960,2026-08-10,40.5,0.003966,675728.66,2714182.99847
000962,2026-08-10,57.45,0.041138,503372.91,2831055.7827
000963,2026-08-10,29.63,0.022077,451153.35,1346350.59822
000965,2026-08-10,3.2,0.025640999999999997,204072.41,64991.76389
000966,2026-08-10,4.23,0.011961999999999999,445603.67,187241.1661
000967,2026-08-10,9.01,-0.036364,1241754.8,1123488.34975
000968,2026-08-10,7.23,0.041787,367676.73,261386.5032
000969,2026-08-10,17.35,-0.005731000000000001,266734.37,460539.41146
000970,2026-08-10,13.74,0.0036520000000000003,525476.99,716851.78657
000972,2026-08-10,3.47,0.008721,84339.0,29122.503
000973,2026-08-10,13.68,0.099678,829007.16,1082880.89166
000975,2026-08-10,27.14,0.029981,660879.73,1764587.53609
000977,2026-08-10,76.7,-0.016541,602085.03,4582966.31473
000978,2026-08-10,6.17,0.026622,84476.0,51563.873
000980,2026-08-10,1.75,0.017442,1124924.71,194983.627
000981,2026-08-10,2.96,-0.006711,3071350.45,902762.40187
000983,2026-08-10,6.77,0.024206,633563.17,426466.07339
000985,2026-08-10,15.44,0.037634,15525.0,23751.914
000987,2026-08-10,7.83,0.010323,242568.18,189365.38076
000988,2026-08-10,103.68,-0.027392,616770.61,6386160.27547
000989,2026-08-10,9.5,0.00211,493123.42,468343.54704
000990,2026-08-10,6.92,0.028232,767304.99,532700.72639
000993,2026-08-10,10.47,0.02346,140452.65,145797.6777
000995,2026-08-10,11.0,0.027077,111295.0,121679.244
000997,2026-08-10,18.42,0.0032679999999999996,163795.82,299675.50124
000998,2026-08-10,8.38,0.020706000000000002,219933.82,183121.8424
000999,2026-08-10,25.27,0.005571,124942.7,315849.7158
001201,2026-08-10,11.93,0.04101200000000001,51955.1,61361.6334
001202,2026-08-10,13.59,0.043779000000000005,32589.26,43524.06154
001203,2026-08-10,28.43,0.006372,203983.8,579140.07255
001205,2026-08-10,13.91,0.022794,48983.66,67856.9034
001206,2026-08-10,17.62,0.052569,115953.44,200929.27429
001207,2026-08-10,15.99,0.026316000000000003,47660.0,75037.4972
001208,2026-08-10,15.71,0.040396999999999995,386263.0,597818.812
001209,2026-08-10,17.22,0.034234,20514.5,34953.641
001210,2026-08-10,22.6,0.032907,81669.43,181233.36907
001211,2026-08-10,22.61,0.014811000000000001,92912.83,210351.84024
001212,2026-08-10,34.88,-0.022422,35808.22,124000.35662
001213,2026-08-10,3.57,0.014205,84969.0,30222.298
001215,2026-08-10,33.3,0.003919000000000001,19009.0,62547.8105
001216,2026-08-10,15.0,0.066856,52497.6,76564.0246
001217,2026-08-10,10.01,0.034091,53984.0,53649.602
001218,2026-08-10,26.16,0.06862700000000001,39902.68,102482.38504
001219,2026-08-10,12.94,0.050324999999999995,51139.75,65339.95711
001220,2026-08-10,30.35,0.024645999999999998,8255.63,24817.97034
001221,2026-08-10,39.94,-0.013827,41703.0,163388.82406
001222,2026-08-10,15.41,0.099929,68486.4,101861.3454
001223,2026-08-10,38.95,-0.053923,58775.84,231439.93776
001225,2026-08-10,45.49,0.009991,18434.0,83671.868
001226,2026-08-10,41.86,0.006492,4069.77,17010.02799
001227,2026-08-10,2.15,0.004673,607030.33,130186.20861
001228,2026-08-10,28.48,0.039037,14162.0,40006.468
001229,2026-08-10,40.9,0.0076370000000000006,80767.49,327878.54674
001230,2026-08-10,20.32,0.0273,62144.16,124679.22352
001231,2026-08-10,20.27,0.047545000000000004,12779.68,25511.94084
001232,2026-08-10,180.1,-0.09173400000000001,165867.72,3030958.51972
001233,2026-08-10,45.5,0.014945,13439.7,60797.38356
001234,2026-08-10,20.92,0.028515000000000002,12750.0,26454.434
001236,2026-08-10,7.71,0.026631000000000002,116751.07,89263.23936
001237,2026-08-10,55.21,0.005647,14463.91,79685.62504
001238,2026-08-10,25.83,0.02297,12597.87,32477.40686
001239,2026-08-10,12.01,0.030901,24360.0,28903.98502
001248,2026-08-10,13.2,0.0015170000000000001,686681.17,905666.74634
001255,2026-08-10,25.47,0.02495,12079.0,30624.071
001256,2026-08-10,27.79,-0.0035859999999999998,50861.0,142049.936
001257,2026-08-10,26.85,0.007127,252713.65,680201.11082
001258,2026-08-10,14.48,0.100304,1763390.74,2519826.91363
001259,2026-08-10,47.51,0.005503,8283.0,38724.176
001260,2026-08-10,17.33,0.035864,9672.0,16535.785
001266,2026-08-10,34.64,0.001446,29622.5,101759.7655
001267,2026-08-10,42.97,0.006559000000000001,650780.57,2794581.8936
001268,2026-08-10,19.54,-0.000512,24414.8,47457.9618
001269,2026-08-10,19.72,0.023884,28653.0,56447.9074
001270,2026-08-10,118.0,-0.00321,91963.82,1070385.8636
001277,2026-08-10,29.16,0.031847,11047.0,31950.32508
001278,2026-08-10,15.67,0.029566,20427.07,31634.64369
001279,2026-08-10,25.31,0.019331,12016.52,30274.14052
001280,2026-08-10,67.06,0.025696,113102.96,751707.93811
001282,2026-08-10,16.46,0.017934000000000002,32234.8,52527.50779
001283,2026-08-10,43.16,0.017925,32499.03,139291.19137
001285,2026-08-10,42.35,0.015830999999999998,9789.32,41502.51639
001286,2026-08-10,10.64,0.016236999999999998,235526.16,250581.20304
001287,2026-08-10,23.15,-0.000863,187925.04,432371.09495
001288,2026-08-10,27.85,0.001799,90077.59,255475.8503
001289,2026-08-10,16.05,0.005009,45903.9,73591.5283
001296,2026-08-10,20.14,0.010029999999999999,99687.54,202534.73266
001298,2026-08-10,17.54,0.00057,65442.39,113876.92807
001299,2026-08-10,10.07,0.024415,38473.96,38545.03732
001300,2026-08-10,11.57,0.09981,74216.85,82344.49835
001301,2026-08-10,52.5,0.001335,29316.8,154120.78985
001306,2026-08-10,53.19,0.011025,6041.52,31977.45668
001308,2026-08-10,18.93,-0.011488,24491.59,46426.47948
001309,2026-08-10,400.8,-0.008314,195806.83,7797328.22342
001311,2026-08-10,17.58,0.040853,56913.3,98622.92602
001312,2026-08-10,18.05,0.015757,29124.37,52294.59986
001313,2026-08-10,7.46,0.023319999999999997,132367.28,97658.38225
001314,2026-08-10,53.9,0.00466,38949.55,207553.49169
001316,2026-08-10,27.0,0.014275,21394.36,57235.04796
001317,2026-08-10,56.62,0.06629,66769.34,372752.02224
001318,2026-08-10,11.24,0.03214,64739.54,72371.05164
001319,2026-08-10,19.62,0.016579999999999998,12432.0,24242.608
001322,2026-08-10,6.18,0.021488,44669.0,27407.338
001323,2026-08-10,17.15,0.014793,31094.6,53099.0435
001324,2026-08-10,19.68,0.023933,36528.31,71828.5365
001325,2026-08-10,37.46,0.055509,21386.62,78223.41086
001326,2026-08-10,58.81,0.019591,18070.0,105586.344
001328,2026-08-10,31.1,0.014351000000000001,22868.38,71044.27428
001330,2026-08-10,5.39,0.054794999999999996,975516.48,509583.86298
001331,2026-08-10,57.46,0.035875,75386.28,425444.56031
001332,2026-08-10,31.54,0.001906,12765.25,40111.74795
001333,2026-08-10,19.64,0.021321,10776.5,20974.7385
001335,2026-08-10,32.06,0.023954,7543.49,23911.03273
001336,2026-08-10,18.25,0.033993999999999996,16306.5,29176.11035
001337,2026-08-10,51.38,0.07557,332427.87,1625209.4446
001338,2026-08-10,8.89,0.027746,62291.33,54979.40984
001339,2026-08-10,82.4,-0.02658,98594.25,811292.13811
001356,2026-08-10,8.8,0.020882,62043.06,54460.6638
001358,2026-08-10,26.66,0.048368,72949.47,193264.1498
001359,2026-08-10,87.69,-0.014719,55848.66,486202.42936
001360,2026-08-10,16.01,0.036246,51928.0,81498.429
001365,2026-08-10,37.53,-0.008454,43017.1,160954.15565
001366,2026-08-10,11.9,0.029411999999999997,26744.0,31464.853
001367,2026-08-10,19.12,0.024103,21557.96,41202.32672
001368,2026-08-10,21.95,0.033427,18945.0,41215.607
001369,2026-08-10,13.29,0.043990999999999995,197492.07,258835.57267
001373,2026-08-10,27.95,0.026065,14074.0,38735.315
001376,2026-08-10,12.13,0.099728,299495.11,352062.93204
001378,2026-08-10,20.42,0.014911,72412.98,147390.34993
001379,2026-08-10,15.94,0.013995,21988.56,34929.5012
001380,2026-08-10,16.68,0.020808,18821.24,31084.20508
001382,2026-08-10,17.47,0.028857,41406.53,71797.6478
001386,2026-08-10,15.2,0.005956,42506.0,65011.65024
001387,2026-08-10,12.08,0.030716999999999998,25326.7,30237.4812
001388,2026-08-10,25.29,0.100043,65541.45,165327.30433
001389,2026-08-10,168.24,-0.009186999999999999,89212.7,1494815.03472
001390,2026-08-10,18.02,0.022701,15708.78,28148.15346
001391,2026-08-10,4.31,0.023753000000000003,273879.21,117560.77119
001393,2026-08-10,45.2,0.003107,19903.3,89605.31053
001395,2026-08-10,29.88,0.021537999999999998,26557.8,78937.989
001396,2026-08-10,36.13,0.038517,14220.42,50624.69676
001399,2026-08-10,23.93,0.007155,317000.92,750396.26051
001400,2026-08-10,76.55,-0.014801,15931.91,121128.85418
001696,2026-08-10,16.24,0.021384,803228.66,1281644.96688
001872,2026-08-10,22.17,0.023546,26960.0,59044.252
001896,2026-08-10,13.66,-0.004373,762771.77,1038128.20408
001965,2026-08-10,9.43,-0.001059,180187.51,169718.69348
001979,2026-08-10,7.2,0.025640999999999997,1181598.41,854084.68351
002001,2026-08-10,31.07,0.015691,374832.38,1162122.42458
002003,2026-08-10,10.35,0.013712,100080.27,103634.36627
002004,2026-08-10,4.47,0.009029,223773.38,100112.06472
002005,2026-08-10,2.28,0.017857,161760.02,36238.86654
002006,2026-08-10,14.04,0.015919000000000003,72093.77,99996.55643
002007,2026-08-10,13.4,-0.002234,143776.97,194168.45303
002008,2026-08-10,95.91,-0.038496,434872.37,4154349.97205
002009,2026-08-10,17.91,0.005615,119484.0,212645.558
002010,2026-08-10,4.84,0.004149,144636.5,69835.5135
002011,2026-08-10,10.42,0.006763,92587.88,96180.8513
002012,2026-08-10,6.66,0.012158,104005.99,68753.25739
002014,2026-08-10,10.91,-0.005469000000000001,45773.4,50191.8917
002015,2026-08-10,15.61,-0.012025,529604.39,828664.80012
002016,2026-08-10,4.5,0.020408,99604.34,44541.98362
002017,2026-08-10,13.84,-0.009306,145219.64,200244.70885
002019,2026-08-10,10.35,0.000967,160982.04,167939.7469
002020,2026-08-10,14.23,-0.010431,203611.4,292363.75187
002021,2026-08-10,2.73,0.011111,341657.77,92855.94992
002022,2026-08-10,5.42,0.024575,104563.0,56676.906
002023,2026-08-10,10.51,-0.017757000000000002,228174.83,239628.62105
002024,2026-08-10,1.23,0.008197,144205.97,17635.89334
002025,2026-08-10,64.28,-0.022654999999999998,152849.07,975104.01843
002026,2026-08-10,10.73,0.031730999999999995,63698.59,67592.03895
002027,2026-08-10,5.29,0.029183,1623433.69,851057.92084
002028,2026-08-10,165.42,0.024907,121724.67,1971229.33193
002029,2026-08-10,9.15,0.02809,249517.44,225660.17147
002030,2026-08-10,5.65,0.00713,234549.37,132749.99824
002031,2026-08-10,5.31,0.013359000000000001,846329.25,449601.08711
002032,2026-08-10,41.48,0.009000000000000001,25803.4,107000.77289
002033,2026-08-10,8.83,0.01963,183447.82,161192.18664
002034,2026-08-10,14.37,0.021322,97844.59,139740.16317
002035,2026-08-10,4.9,0.022965,111571.13,54397.07878
002036,2026-08-10,7.31,0.0027429999999999998,482912.87,348811.8468
002037,2026-08-10,7.57,-0.015605,353434.83,258846.87352
002038,2026-08-10,5.98,0.011843999999999999,500190.09,300249.12796
002039,2026-08-10,19.98,0.011134,103758.11,207529.76723
002040,2026-08-10,8.19,0.013614,51716.8,42189.0237
002041,2026-08-10,8.96,0.005612000000000001,181269.76,161594.3451
002042,2026-08-10,3.87,0.013089,203157.75,77998.655
002043,2026-08-10,12.7,0.025848,99037.09,125404.29045
002044,2026-08-10,5.3,0.099585,1988450.98,1021162.51409
002045,2026-08-10,8.75,-0.016854,326274.96,282880.87257
002046,2026-08-10,46.88,-0.009926,118725.43,553982.41926
002047,2026-08-10,3.24,0.018868,498410.0,157994.748
002048,2026-08-10,19.27,-0.006701,133033.31,255149.3468
002049,2026-08-10,68.0,0.011604000000000001,242111.73,1626076.63975
002050,2026-08-10,38.53,-0.015082,462668.1,1790057.29685
002051,2026-08-10,9.19,-0.0032540000000000004,234771.9,214757.26426
002052,2026-08-10,9.5,-0.025640999999999997,158924.0,151859.959
002053,2026-08-10,9.71,0.007261,73281.82,70832.49253
002054,2026-08-10,7.36,0.033708,127856.73,93014.52425
002055,2026-08-10,5.56,-0.001795,100843.0,55498.515
002056,2026-08-10,21.9,-0.013514,271859.67,594523.16941
002057,2026-08-10,8.92,0.021764000000000002,230207.6,202721.1881
002058,2026-08-10,17.34,0.017009,48627.0,83509.662
002059,2026-08-10,4.54,0.022523,95106.0,42829.222
002060,2026-08-10,3.33,0.006042,147136.65,48979.47994
002061,2026-08-10,3.55,0.011396,183986.03,65030.08587
002062,2026-08-10,7.91,-0.022250000000000002,106536.0,84679.531
002063,2026-08-10,5.63,0.010771999999999999,287056.49,161358.26385
002064,2026-08-10,11.83,-0.016625,563840.83,670745.55919
002065,2026-08-10,7.45,0.013605,423205.65,314847.98889
002066,2026-08-10,20.48,-0.005342,30297.98,62392.45686
002067,2026-08-10,4.51,-0.013129,461489.16,208045.55588
002068,2026-08-10,8.11,0.006202999999999999,250622.03,201425.08771
002069,2026-08-10,3.35,0.040373,143006.2,47411.8882
002072,2026-08-10,7.3,0.015299,44492.0,32128.66
002073,2026-08-10,5.7,0.014235,140012.17,79609.06573
002074,2026-08-10,28.14,0.016251,278318.94,776995.43634
002075,2026-08-10,3.95,-0.002525,290428.33,115168.02895
002076,2026-08-10,2.09,0.02451,288994.0,59421.805
002077,2026-08-10,12.73,-0.004691,263326.56,333668.32318
002078,2026-08-10,14.03,0.020364,189797.12,266190.88172
002079,2026-08-10,9.67,-0.004119,321177.23,309009.70382
002080,2026-08-10,56.84,0.0049499999999999995,757392.95,4292716.06658
002081,2026-08-10,4.01,0.015189999999999999,889029.6,351559.58606
002082,2026-08-10,10.5,0.004785,140309.0,150234.749
002083,2026-08-10,12.12,0.03413,784959.02,930719.66149
002084,2026-08-10,3.57,0.025862,310078.22,109739.83886
002085,2026-08-10,10.84,0.016886,267506.24,287631.74352
002086,2026-08-10,2.02,0.07446799999999999,1115796.54,221059.48255
002088,2026-08-10,7.6,0.016043,27153.29,20561.16024
002090,2026-08-10,9.52,0.016009,59155.0,56099.284
002091,2026-08-10,7.78,0.020997,117962.45,91419.84953
002092,2026-08-10,4.6,0.026785999999999997,588703.0,269783.61
002093,2026-08-10,6.97,0.0043230000000000005,114709.68,79694.76924
002094,2026-08-10,4.82,0.019027000000000002,137846.8,65900.8198
002095,2026-08-10,14.49,0.024752,34963.58,50365.8415
002096,2026-08-10,9.63,0.009434,102258.0,97781.928
002097,2026-08-10,7.46,0.028966,257731.99,190724.68256
002098,2026-08-10,6.91,0.029806,55805.02,38396.82982
002099,2026-08-10,5.42,0.011193999999999999,149389.0,81302.57628
002100,2026-08-10,7.28,0.028249,269287.13,195673.46897
002101,2026-08-10,8.75,0.001144,69117.4,60774.10034
002102,2026-08-10,2.28,0.017857,187258.0,43000.941
002103,2026-08-10,6.77,0.019577999999999998,88216.0,58932.615
002104,2026-08-10,10.82,-0.030466000000000003,710564.45,767086.12787
002105,2026-08-10,5.7,0.038251,67852.4,38109.6994
002106,2026-08-10,10.48,-0.015038000000000001,187151.99,195569.06588
002107,2026-08-10,6.3,0.0,112397.96,71025.82476
002108,2026-08-10,4.42,0.023148,253500.94,110911.42888
002109,2026-08-10,2.61,0.023529,51264.81,13226.86126
002110,2026-08-10,3.13,0.0,245673.05,77307.42766
002111,2026-08-10,9.67,0.008342,78545.4,75543.3654
002112,2026-08-10,17.7,0.100062,454637.57,791977.24902
002114,2026-08-10,7.66,0.060941999999999996,157824.0,118257.126
002115,2026-08-10,11.9,-0.002515,512018.86,604264.96334
002116,2026-08-10,7.15,0.02289,45821.53,32593.93546
002117,2026-08-10,8.2,0.012346,59455.0,48534.117
002119,2026-08-10,23.9,-0.005824,414993.0,984770.22573
002120,2026-08-10,6.8,0.013413,302930.83,205011.93331
002121,2026-08-10,5.19,0.007767,204185.67,105608.61751
002122,2026-08-10,2.6,0.044177,230334.01,58284.81755
002123,2026-08-10,8.71,0.035672,323892.16,278721.65204
002124,2026-08-10,2.31,0.040541,956773.97,218571.2633
002125,2026-08-10,12.76,0.017544,197814.12,250804.37563
002126,2026-08-10,41.88,0.013798,227161.17,937508.74583
002127,2026-08-10,3.19,0.0,620980.97,197190.5905
002128,2026-08-10,27.95,0.011215999999999999,105277.81,294235.01131
002129,2026-08-10,8.92,0.0022470000000000003,795003.69,706715.59901
002130,2026-08-10,17.23,0.0,235720.97,404155.87415
002131,2026-08-10,5.4,-0.010989,4845354.27,2601979.33746
002132,2026-08-10,4.23,0.009547,474425.49,198256.93029
002133,2026-08-10,2.7,0.038462,133715.01,35702.11766
002134,2026-08-10,22.52,-0.00133,81292.61,180443.19202
002135,2026-08-10,6.39,-0.006221,80947.33,51807.64687
002136,2026-08-10,12.5,0.028807,65092.4,80727.8058
002137,2026-08-10,8.03,0.001247,243161.1,193129.1559
002138,2026-08-10,48.1,-0.033943,369496.7,1755419.13103
002139,2026-08-10,10.16,-0.007813,167907.62,171455.36945
002140,2026-08-10,9.23,0.012060999999999999,80259.31,73623.0198
002141,2026-08-10,6.72,0.099836,2481186.26,1606097.94441
002142,2026-08-10,32.0,0.016517999999999998,315591.37,1009857.5427
002144,2026-08-10,11.03,0.051478,61356.62,66666.63858
002145,2026-08-10,4.58,0.020045,557557.05,254914.8926
002146,2026-08-10,1.14,0.027027000000000002,1198639.0,135331.803
002148,2026-08-10,6.56,0.023401,173789.16,112760.70721
002149,2026-08-10,41.33,0.053262000000000004,575658.34,2316582.79462
002150,2026-08-10,21.11,-0.046521999999999994,135830.03,285871.74227
002151,2026-08-10,29.9,0.007411999999999999,122856.56,363394.70142
002152,2026-08-10,10.23,0.001959,216990.15,221477.00635
002153,2026-08-10,9.04,0.099757,413792.21,360669.24595
002154,2026-08-10,4.28,0.043902000000000004,410545.86,173855.4292
002155,2026-08-10,27.08,0.050427,912972.03,2426512.22619
002156,2026-08-10,63.2,-0.023485999999999996,1023890.89,6461974.19278
002157,2026-08-10,2.98,0.027586,1513025.06,447962.19603
002158,2026-08-10,27.76,-0.011396,91051.18,251312.64403
002159,2026-08-10,13.54,0.031225999999999997,31608.0,42419.34
002160,2026-08-10,4.01,0.020356,190344.91,75711.12708
002161,2026-08-10,5.9,-0.003378,139350.16,81814.18737
002162,2026-08-10,4.14,0.035,201528.8,82617.5679
002163,2026-08-10,8.46,0.024213,216907.96,181998.80711
002164,2026-08-10,11.69,0.021852999999999997,116814.93,136498.72588
002165,2026-08-10,6.97,0.05287,761638.99,523246.0351
002166,2026-08-10,6.84,0.01034,143294.17,97558.70071
002167,2026-08-10,18.11,0.051684,1445054.63,2608912.19368
002168,2026-08-10,3.79,0.024324,86407.8,32552.0894
002169,2026-08-10,12.97,0.004648,182861.65,236643.93682
002170,2026-08-10,11.69,0.011246,168244.7,196799.29619
002171,2026-08-10,9.98,-0.005976,426083.82,423525.31374
002172,2026-08-10,3.41,0.036474,238786.0,80516.581
002173,2026-08-10,21.92,0.010604,825716.86,1839248.67443
002174,2026-08-10,11.99,0.016102,262216.86,311837.2086
002175,2026-08-10,2.44,0.012447999999999999,149910.6,36216.5706
002176,2026-08-10,9.3,-0.005348,710763.28,664723.55584
002177,2026-08-10,5.8,-0.0034360000000000003,305771.1,176460.88245
002178,2026-08-10,4.63,0.028889,121718.13,55715.89755
002179,2026-08-10,35.5,0.0011279999999999999,223830.87,793209.61146
002180,2026-08-10,18.7,-0.005319000000000001,397852.2,740458.46378
002181,2026-08-10,9.2,0.007667,459452.8,418194.82061
002182,2026-08-10,12.87,0.013386,264571.27,339703.98178
002183,2026-08-10,4.64,0.00216,411365.46,189627.94818
002184,2026-08-10,10.02,0.013145,58864.7,58624.05821
002185,2026-08-10,18.06,0.004449,3185357.92,5679613.96142
002186,2026-08-10,9.42,0.028384,54867.99,51312.22862
002187,2026-08-10,5.38,0.024762,101648.39,54319.64514
002188,2026-08-10,5.41,0.036398,88510.5,47208.36476
002189,2026-08-10,20.1,0.076593,87087.29,169880.6543
002190,2026-08-10,24.15,0.040948000000000005,111252.63,265299.80711
002191,2026-08-10,3.78,0.008,143255.0,53991.673
002192,2026-08-10,70.24,0.010792999999999999,202012.01,1426185.80248
002193,2026-08-10,4.71,0.100467,65774.42,29802.44756
002194,2026-08-10,10.0,-0.099099,935123.72,948596.03959
002195,2026-08-10,7.0,-0.0014269999999999999,1879432.51,1305984.69621
002196,2026-08-10,11.18,0.005396,168240.0,186854.08
002197,2026-08-10,7.28,0.012517,333787.53,239558.45166
002198,2026-08-10,3.39,0.01497,43872.0,14734.257
002199,2026-08-10,14.0,0.018182,139718.84,194479.20552
002200,2026-08-10,6.83,-0.005822000000000001,69320.01,46874.00475
002201,2026-08-10,8.47,-0.0011790000000000001,163094.4,136444.84572
002202,2026-08-10,21.68,-0.0055049999999999995,1852180.37,3948754.57657
002203,2026-08-10,19.75,-0.050481,381739.54,761693.60285
002204,2026-08-10,5.41,0.011215,203978.76,110104.63241
002205,2026-08-10,10.59,0.029155,31722.4,33327.42022
002206,2026-08-10,5.43,0.009294,87607.5,47499.862
002207,2026-08-10,6.11,0.037351,124803.0,74558.413
002208,2026-08-10,11.4,-0.003497,398130.63,449978.63015
002209,2026-08-10,11.34,0.032787000000000004,51522.5,57789.254
002210,2026-08-10,2.3,0.026785999999999997,656447.35,149179.92915
002211,2026-08-10,3.82,-0.002611,73119.0,27807.19
002212,2026-08-10,6.52,-0.041176000000000004,967403.1,633784.37139
002213,2026-08-10,30.04,-0.004309,115176.14,342936.62215
002214,2026-08-10,14.94,-0.058008,183152.2,271598.178
002215,2026-08-10,9.21,0.007659,108162.0,99602.378
002216,2026-08-10,13.15,0.024142999999999998,93131.94,122336.61224
002217,2026-08-10,1.54,0.026667,1294362.57,197045.11521
002218,2026-08-10,4.3,0.048780000000000004,964622.86,407760.88364
002219,2026-08-10,2.18,0.018692,928850.99,201921.5546
002221,2026-08-10,5.64,0.014388000000000001,218523.66,123093.91424
002222,2026-08-10,61.14,-0.014983,289955.9,1761843.82805
002223,2026-08-10,27.55,0.007681,135099.65,373252.6945
002224,2026-08-10,3.62,0.031339,140597.0,50342.744
002225,2026-08-10,3.85,0.023936000000000002,221997.03,84309.57348
002226,2026-08-10,5.15,0.015779,262666.79,134179.38751
002227,2026-08-10,6.28,0.011271999999999999,27118.0,16907.28
002228,2026-08-10,3.14,0.019481,210419.0,65583.123
002229,2026-08-10,10.67,0.008507,206488.38,218086.03396
002230,2026-08-10,43.49,-0.000919,360917.41,1567718.83805
002232,2026-08-10,14.75,0.010966,38815.6,56907.4454
002233,2026-08-10,7.3,-0.014844999999999999,145490.0,106852.99219
002234,2026-08-10,7.89,0.089779,184114.6,141105.64839
002235,2026-08-10,8.68,0.028436,278884.5,238429.2235
002236,2026-08-10,16.85,0.000594,295348.78,496192.57831
002237,2026-08-10,14.73,0.033684,405952.0,589256.71316
002238,2026-08-10,6.17,0.024916999999999998,46386.0,28327.114
002239,2026-08-10,2.53,0.007968,485049.4,122626.08412
002240,2026-08-10,32.84,0.024649,558956.62,1835029.03199
002241,2026-08-10,22.83,-0.019751,731902.35,1677067.59128
002242,2026-08-10,9.18,0.04675,170239.24,155764.61747
002243,2026-08-10,7.27,-0.0027429999999999998,96096.0,69804.832
002244,2026-08-10,8.71,0.024706000000000002,479285.61,421110.44105
002245,2026-08-10,17.19,-0.026062,996249.6,1722074.43579
002246,2026-08-10,20.43,0.027666,246556.74,500083.59209
002247,2026-08-10,2.34,0.030837,211957.05,48716.86465
002248,2026-08-10,10.05,0.09956200000000001,348464.01,341624.38105
002249,2026-08-10,7.44,0.005405,280179.59,207707.6274
002250,2026-08-10,17.54,0.05854,360339.71,625197.41336
002251,2026-08-10,3.75,0.02459,791909.42,295062.02692
002252,2026-08-10,5.02,-0.003968,564112.57,286039.88878
002253,2026-08-10,9.9,0.001011,36676.0,36245.52
002254,2026-08-10,12.6,0.005587,193209.87,240462.73905
002255,2026-08-10,8.58,0.004684,101804.73,86978.92277
002256,2026-08-10,3.61,0.06804700000000001,1288673.75,452013.39826
002258,2026-08-10,14.48,0.027679,306823.94,439682.37961
002259,2026-08-10,4.1,0.022444000000000002,136435.0,55796.103
002261,2026-08-10,26.01,-0.043398000000000006,756552.53,1971642.50962
002262,2026-08-10,22.37,0.024266999999999997,199936.48,448406.88154
002263,2026-08-10,3.07,0.009868,508726.09,154497.31618
002264,2026-08-10,6.66,0.015244,124417.0,82226.075
002265,2026-08-10,20.55,0.082719,413820.4,834756.98534
002266,2026-08-10,5.18,0.025743000000000002,834007.73,428792.51601
002267,2026-08-10,7.15,0.009887,72450.39,51904.01166
002268,2026-08-10,14.44,0.0048709999999999995,98652.01,141803.28953
002269,2026-08-10,1.46,0.028169,570139.53,82338.28932
002270,2026-08-10,20.3,0.006444999999999999,133898.0,272692.0127
002271,2026-08-10,11.79,0.015504,373206.54,438995.77771
002272,2026-08-10,14.59,-0.012855,227266.93,331966.53832
002273,2026-08-10,26.93,-0.025335,480645.45,1291671.35365
002274,2026-08-10,5.76,0.028571,252707.03,144273.96262
002275,2026-08-10,13.48,0.008982,20082.2,27070.154
002276,2026-08-10,10.51,0.00767,139469.0,145912.308
002277,2026-08-10,5.75,0.005245,127215.1,72949.8305
002278,2026-08-10,8.07,0.024112,102350.47,81657.97235
002279,2026-08-10,7.06,0.033675000000000004,606313.16,423619.30255
002281,2026-08-10,178.3,-0.076357,788226.57,14196466.171
002282,2026-08-10,5.95,0.018836,53651.0,31771.115
002283,2026-08-10,9.07,0.001104,160271.8,143952.83215
002284,2026-08-10,9.54,0.006329,124247.84,117784.88016
002285,2026-08-10,2.19,0.033019,412257.12,89689.13704
002286,2026-08-10,8.19,0.02375,95634.16,77830.11002
002287,2026-08-10,20.83,-0.00715,29861.47,62583.22569
002289,2026-08-10,37.5,0.100029,62969.0,227363.7093
002290,2026-08-10,59.91,-0.01803,82402.47,492777.88242
002291,2026-08-10,5.65,0.014362999999999999,360662.9,201400.187
002292,2026-08-10,8.43,0.034356,532115.24,441179.74015
002293,2026-08-10,11.41,0.01875,93394.99,106334.4448
002294,2026-08-10,36.04,0.000278,402401.83,1464954.76619
002295,2026-08-10,8.99,0.034522,45000.0,39814.941
002296,2026-08-10,9.1,0.011111,110717.0,99998.95
002297,2026-08-10,19.14,-0.003125,578681.1,1095904.4988
002298,2026-08-10,9.34,0.10011799999999998,386728.66,355176.70296
002299,2026-08-10,17.14,0.038159,138480.23,235649.03609
002300,2026-08-10,7.9,0.10027900000000001,912923.12,704563.36165
002301,2026-08-10,7.41,0.048091,190325.09,137716.01692
002302,2026-08-10,5.09,0.047325,368450.65,185559.57076
002303,2026-08-10,5.47,0.024345,711864.72,386293.09726
002304,2026-08-10,41.57,0.017875000000000002,95110.14,395249.44107
002305,2026-08-10,2.15,0.014151,181873.39,38745.31385
002306,2026-08-10,1.91,0.055249,92738.0,17169.363
002307,2026-08-10,3.07,0.013201000000000001,281018.24,86003.80788
002309,2026-08-10,3.43,0.055385,3584880.26,1207854.08422
002310,2026-08-10,2.53,0.020161,1223147.01,304810.36851
002311,2026-08-10,46.59,0.014812,135012.31,627447.34264
002312,2026-08-10,8.61,0.018935,246640.75,211459.46625
002313,2026-08-10,8.34,0.017073,64847.0,53499.258
002314,2026-08-10,2.15,0.028708,287544.92,61217.89596
002315,2026-08-10,27.83,0.019414,101362.9,281695.89564
002316,2026-08-10,4.53,0.031890999999999996,133499.5,59546.019
002317,2026-08-10,27.78,-0.027992,493461.53,1386680.66822
002318,2026-08-10,20.34,0.018528,95448.87,194117.78933
002319,2026-08-10,12.27,0.068815,215092.04,260719.73492
002320,2026-08-10,6.81,0.013392999999999999,135261.0,91756.7887
002321,2026-08-10,1.97,0.036842,361478.96,70505.16952
002322,2026-08-10,10.82,0.013108999999999999,28478.5,30699.9195
002323,2026-08-10,1.31,0.0,359056.79,46747.95434
002324,2026-08-10,9.49,0.009574000000000001,150798.0,142081.68203
002326,2026-08-10,19.47,-0.0015379999999999999,286385.24,558323.4544
002327,2026-08-10,6.64,0.019969,68193.0,45177.462
002328,2026-08-10,7.26,0.006935,344618.55,248122.94805
002329,2026-08-10,3.47,0.101587,901238.62,300558.96391
002330,2026-08-10,3.97,0.039266999999999996,151224.0,59312.41
002331,2026-08-10,7.12,0.021521,74985.0,53130.978
002332,2026-08-10,8.57,0.003513,144866.37,124903.64605
002333,2026-08-10,5.55,0.016484000000000002,98861.02,54951.33516
002334,2026-08-10,6.71,0.007508,95835.48,64030.50508
002335,2026-08-10,31.28,0.00096,197991.76,613313.40068
002337,2026-08-10,4.66,0.019694,69486.0,32139.647
002338,2026-08-10,45.93,0.08197900000000001,129017.81,565550.08728
002339,2026-08-10,7.45,0.031856,161057.4,118711.2694
002340,2026-08-10,6.91,0.010234,1357846.99,940877.81505
002342,2026-08-10,8.41,0.013253,503854.99,416047.6747
002343,2026-08-10,5.23,0.023483,93540.2,48464.3794
002344,2026-08-10,3.88,0.034666999999999996,147885.43,56785.98184
002345,2026-08-10,11.65,0.10009399999999999,346943.87,393649.41007
002346,2026-08-10,20.77,0.014656,57685.54,118627.29002
002347,2026-08-10,6.02,0.018613,102854.0,61139.951
002348,2026-08-10,12.57,0.032868,459377.39,556590.46658
002349,2026-08-10,6.89,0.0029110000000000004,142370.16,98327.94656
002350,2026-08-10,16.68,0.010909,130282.45,214959.91852
002351,2026-08-10,10.18,0.001969,71226.43,72128.62
002352,2026-08-10,33.8,0.015015,232377.83,785634.87017
002353,2026-08-10,145.85,0.00503,121140.21,1756241.45068
002354,2026-08-10,8.37,0.042341,4394672.68,3619402.27565
002355,2026-08-10,4.68,-0.0063690000000000005,498969.09,233041.88127
002356,2026-08-10,2.76,0.022222,173450.62,47435.474
002357,2026-08-10,9.06,0.019123,59946.0,53972.092
002358,2026-08-10,5.75,0.028623,251837.04,143182.89088
002360,2026-08-10,5.46,0.036053,60473.91,32715.48131
002361,2026-08-10,12.49,0.044314,2006536.68,2443021.23551
002362,2026-08-10,16.04,0.006905,30983.0,49302.766
002363,2026-08-10,6.54,0.026688,63687.52,41261.87902
002364,2026-08-10,39.37,-0.017715,417891.34,1666273.68711
002365,2026-08-10,13.68,-0.012274,480156.53,662937.37649
002366,2026-08-10,6.33,0.024272000000000002,873071.52,546787.59397
002367,2026-08-10,5.46,0.011111,93620.0,50911.058
002368,2026-08-10,14.57,0.007607,77274.97,112184.65138
002369,2026-08-10,5.89,-0.008418,336691.2,196513.33116
002370,2026-08-10,5.81,0.10037900000000001,344032.28,196798.85366
002371,2026-08-10,760.0,0.010652,87285.85,6625323.31835
002372,2026-08-10,8.65,0.001157,162890.0,140494.64267
002373,2026-08-10,7.91,0.010217,179783.39,141870.16791
002374,2026-08-10,3.4,0.042945000000000004,457345.71,152295.82164
002375,2026-08-10,3.56,0.020057000000000002,123000.98,43518.74298
002376,2026-08-10,6.5,-0.013656999999999999,291947.33,189715.41924
002377,2026-08-10,2.69,0.034615,358785.0,96219.05
002378,2026-08-10,28.28,0.046245,838686.68,2291046.24338
002379,2026-08-10,19.76,0.0,630809.7,1251106.86392
002380,2026-08-10,29.32,0.011033999999999999,39622.0,115074.75
002381,2026-08-10,5.53,0.037523,56815.5,31090.1015
002382,2026-08-10,6.07,0.01505,142069.09,85864.88745
002383,2026-08-10,7.1,0.015737,86263.85,60515.9756
002384,2026-08-10,185.94,-0.047779999999999996,1026959.27,19040061.4139
002385,2026-08-10,3.09,0.033445,1003105.7,307421.41533
002386,2026-08-10,5.97,0.008446,147236.55,87738.05325
002387,2026-08-10,7.12,0.0042309999999999995,104265.03,73735.25794
002388,2026-08-10,5.74,0.09961700000000001,534581.02,298861.28378
002389,2026-08-10,19.35,0.047645,417994.41,792224.56411
002390,2026-08-10,3.07,0.009868,246652.7,75639.4859
002391,2026-08-10,5.37,0.024809,92756.73,49514.88909
002392,2026-08-10,7.58,0.010667,112773.9,84921.6637
002393,2026-08-10,14.89,0.007442,35060.69,52070.85961
002394,2026-08-10,9.98,0.033126,49632.0,48820.747
002395,2026-08-10,12.51,0.01873,27815.03,34599.37447
002396,2026-08-10,30.03,0.014527000000000002,714286.28,2115432.11782
002397,2026-08-10,3.64,0.05814,290869.5,104205.9095
002398,2026-08-10,4.16,0.017115000000000002,245938.42,101447.74527
002399,2026-08-10,10.96,0.100402,135911.14,144664.28673
002400,2026-08-10,6.94,0.0043419999999999995,605532.99,417506.06561
002401,2026-08-10,12.41,0.007305000000000001,30999.59,38298.81519
002402,2026-08-10,21.57,0.00419,208070.53,446673.36311
002403,2026-08-10,9.65,0.005208000000000001,39715.0,38092.093
002404,2026-08-10,6.0,0.020408,68161.0,40651.858
002405,2026-08-10,6.65,0.0015060000000000002,383277.6,254278.2542
002406,2026-08-10,6.86,0.014793,110272.5,75169.943
002407,2026-08-10,38.51,0.053914,2529575.41,9465858.14585
002408,2026-08-10,5.14,-0.0019420000000000001,258135.29,132920.35251
002409,2026-08-10,155.24,0.04341999999999999,351494.01,5313172.7707
002410,2026-08-10,9.54,0.015974,228129.21,216704.49008
002412,2026-08-10,7.27,0.0,412060.02,299758.08625
002413,2026-08-10,9.03,-0.015267,1320603.47,1178155.46486
002414,2026-08-10,14.22,0.01138,900816.67,1271987.91646
002415,2026-08-10,37.44,0.005371,922271.48,3434398.48655
002416,2026-08-10,9.67,0.008342,135131.43,130039.06214
002418,2026-08-10,3.75,-0.015747999999999998,563777.11,209391.20725
002419,2026-08-10,4.61,0.022173,97132.13,44511.87453
002420,2026-08-10,5.82,0.033748,109010.0,62622.846
002421,2026-08-10,3.49,0.02346,3212291.76,1103335.12647
002422,2026-08-10,46.41,0.021347,480879.47,2241287.15842
002423,2026-08-10,9.21,0.010976999999999999,127309.62,117100.30782
002424,2026-08-10,4.59,0.0,74245.0,33999.17
002425,2026-08-10,3.31,-0.048851000000000006,1605620.73,526622.95975
002426,2026-08-10,2.76,0.003636,793718.9,217043.8968
002427,2026-08-10,4.43,0.023094999999999997,117267.0,51626.499
002428,2026-08-10,102.58,0.024980000000000002,1352688.62,13791123.2223
002429,2026-08-10,7.99,-0.019632,727635.85,580699.02413
002430,2026-08-10,23.99,0.0,126928.62,303963.51324
002431,2026-08-10,1.33,0.007576,135546.0,18049.526
002432,2026-08-10,72.28,-0.004682,393069.92,2887181.1224
002434,2026-08-10,5.8,0.0034599999999999995,138772.48,80129.20176
002436,2026-08-10,33.44,-0.010650999999999999,1338688.69,4449534.7604
002437,2026-08-10,3.43,0.099359,4614917.97,1567556.60882
002438,2026-08-10,14.16,0.012152000000000001,116475.5,164374.469
002439,2026-08-10,14.32,-0.006935,257617.37,366860.48176
002440,2026-08-10,13.87,0.046792,754678.47,1033446.15298
002441,2026-08-10,8.03,0.015170999999999999,60271.72,48306.29336
002442,2026-08-10,5.13,0.040568,188571.99,96307.96787
002443,2026-08-10,9.13,-0.021436,427275.14,387719.73287
002444,2026-08-10,30.94,0.02996,149284.22,452485.2161
002445,2026-08-10,2.99,0.013559000000000002,411422.1,122036.4475
002446,2026-08-10,8.81,-0.042391,566303.92,497207.86923
002448,2026-08-10,12.29,0.011523,176510.5,215872.621
002449,2026-08-10,6.46,0.014129000000000001,93580.34,59796.57176
002451,2026-08-10,7.51,0.04016600000000001,176274.0,130901.51766
002452,2026-08-10,11.59,0.007826,109443.2,126351.3898
002453,2026-08-10,4.42,0.032709999999999996,124812.25,54387.56951
002454,2026-08-10,5.08,0.024194,108038.8,54304.9376
002455,2026-08-10,7.38,0.046809,1304648.21,970741.5352
002456,2026-08-10,7.4,-0.028871,1110428.06,825603.54829
002457,2026-08-10,11.52,0.063712,443669.99,502983.96606
002458,2026-08-10,9.99,0.10022,366901.4,360006.34737
002459,2026-08-10,7.8,0.010363,370999.7,287859.12918
002460,2026-08-10,54.13,0.024801000000000004,545744.18,2958778.10356
002461,2026-08-10,8.81,0.013809,54055.02,47570.42664
002462,2026-08-10,12.08,0.01598,39677.1,47879.5126
002463,2026-08-10,122.7,-0.025185,591360.1,7236565.38867
002465,2026-08-10,10.92,0.006452,528170.01,568693.5173
002466,2026-08-10,48.91,0.021726000000000002,642578.67,3145678.96644
002467,2026-08-10,4.8,-0.002079,428507.59,203426.5762
002468,2026-08-10,14.7,0.00823,148018.73,217443.3327
002469,2026-08-10,5.86,0.01913,66558.63,38785.4492
002470,2026-08-10,2.01,0.030769,993215.08,197627.992
002471,2026-08-10,5.89,0.015517000000000001,570518.17,331668.36096
002472,2026-08-10,38.51,-0.019603,187917.73,725866.671
002474,2026-08-10,7.04,0.1,459009.83,316219.15299
002475,2026-08-10,55.79,-0.021056,1207651.15,6774076.02058
002476,2026-08-10,4.64,0.026549,91130.9,41852.3835
002478,2026-08-10,6.42,0.015823,103200.0,65858.61217
002479,2026-08-10,5.8,0.032028,222204.5,127695.9706
002480,2026-08-10,5.75,0.037906,172044.0,98536.361
002481,2026-08-10,4.3,0.04622899999999999,181104.91,76801.94666
002482,2026-08-10,1.29,0.032,478580.57,60654.69337
002483,2026-08-10,5.25,0.017442,116831.01,61010.14682
002484,2026-08-10,66.11,-0.021751999999999997,464339.28,3050359.99926
002485,2026-08-10,5.78,-0.017007,28316.78,16318.4954
002486,2026-08-10,2.43,0.034043000000000004,236512.4,56787.273
002487,2026-08-10,42.1,-0.000475,235503.78,978253.06693
002488,2026-08-10,8.96,0.01934,228684.3,203739.8062
002489,2026-08-10,2.76,0.022222,253694.39,69514.52636
002490,2026-08-10,7.92,0.019305000000000003,485523.0,379267.719
002491,2026-08-10,17.37,0.006373,1524125.95,2626262.25687
002492,2026-08-10,5.64,0.019892,58620.43,32918.17152
002493,2026-08-10,13.52,0.021920000000000002,576561.48,781834.19714
002494,2026-08-10,4.83,0.043197,101262.5,47956.3325
002495,2026-08-10,2.38,0.039301,227500.2,53368.696
002496,2026-08-10,2.04,0.025126,186601.0,37802.543
002497,2026-08-10,19.09,0.034688,501251.79,945754.31672
002498,2026-08-10,7.01,0.027859,1736953.61,1210053.89324
002500,2026-08-10,5.38,0.007491,163857.6,88145.6651
002501,2026-08-10,1.32,0.015385,333317.0,43671.383
002506,2026-08-10,2.72,0.014924999999999999,2219800.8,597350.67262
002507,2026-08-10,11.6,0.012216,182298.34,212196.92958
002508,2026-08-10,15.77,0.034098,146884.09,228831.30734
002510,2026-08-10,5.71,0.016014,156076.92,88587.94532
002511,2026-08-10,7.34,0.009629,126191.38,92826.56842
002512,2026-08-10,3.81,-0.015504,246994.11,93621.30458
002513,2026-08-10,5.25,0.031434000000000004,84194.0,43777.062
002514,2026-08-10,1.91,-0.015464,326570.0,62735.566
002515,2026-08-10,6.97,-0.047813999999999995,670835.99,466220.08736
002516,2026-08-10,5.4,0.003717,115694.0,62175.7936
002517,2026-08-10,18.31,0.021194,724917.77,1306041.24171
002518,2026-08-10,33.39,-0.024540000000000003,131568.28,440325.30235
002519,2026-08-10,5.72,0.032491,574611.34,322641.13562
002520,2026-08-10,5.95,0.031196,394368.55,231220.97525
002521,2026-08-10,7.1,0.036496,110339.5,78310.554
002522,2026-08-10,5.07,0.016032,301340.22,150610.56036
002523,2026-08-10,3.38,0.030488,267899.61,89834.55635
002524,2026-08-10,4.05,0.054688,235950.0,94053.983
002526,2026-08-10,2.78,0.02963,419734.33,115095.42917
002527,2026-08-10,11.75,-0.006762000000000001,63959.0,74691.077
002528,2026-08-10,4.62,0.0,74555.0,34656.179
002529,2026-08-10,7.04,0.023256000000000002,42708.01,29863.48102
002530,2026-08-10,7.32,0.011049999999999999,128860.11,93344.891
002531,2026-08-10,6.71,0.005997,348945.27,232056.49786
002532,2026-08-10,13.94,0.028782000000000002,948383.63,1315247.97532
002533,2026-08-10,11.58,0.006082,96576.04,111277.21389
002534,2026-08-10,15.88,-0.014277,118552.18,188162.71072
002535,2026-08-10,2.51,0.03719,150678.5,37272.3985
002536,2026-08-10,39.52,-0.002272,357384.93,1380531.18514
002537,2026-08-10,5.88,0.013793,197663.0,115050.229
002538,2026-08-10,7.18,0.027181999999999998,154723.71,110507.40436
002539,2026-08-10,12.8,0.038118,287113.95,366754.48337
002540,2026-08-10,5.22,0.025539999999999997,107455.25,55638.50375
002541,2026-08-10,20.57,0.1,171631.51,343510.80645
002542,2026-08-10,1.71,0.036364,312583.0,53001.927
002543,2026-08-10,6.71,0.024426999999999997,49893.0,33269.717
002544,2026-08-10,17.23,0.024376000000000002,142487.13,241952.49764
002545,2026-08-10,18.92,0.024364,243333.71,457338.91947
002546,2026-08-10,8.64,0.004651,242263.26,208134.4056
002547,2026-08-10,2.6,0.035857,395684.76,101334.6728
002548,2026-08-10,4.18,0.058228,409844.88,168349.58851
002549,2026-08-10,14.76,0.025,364926.07,532870.55019
002550,2026-08-10,6.83,-0.029830000000000002,368998.62,253991.69932
002551,2026-08-10,3.17,0.029221,148519.6,46684.7194
002552,2026-08-10,52.36,0.1,237859.0,1234617.87
002553,2026-08-10,16.01,0.006918,56807.0,90222.377
002554,2026-08-10,2.88,0.021277,217623.0,62322.21039
002555,2026-08-10,19.98,0.009601,350812.18,695295.26777
002556,2026-08-10,5.1,0.042945000000000004,205175.68,103697.90126
002557,2026-08-10,19.6,0.012397,101944.42,200910.47694
002558,2026-08-10,29.79,0.015337,740945.97,2171386.09596
002559,2026-08-10,9.78,0.010331,266976.02,258319.91102
002560,2026-08-10,6.54,0.025078,269167.41,174154.16789
002561,2026-08-10,6.78,0.027273000000000002,47874.19,32206.5973
002562,2026-08-10,4.64,0.017544,187185.75,86318.50375
002563,2026-08-10,6.18,0.028286,209873.8,129062.34689
002564,2026-08-10,4.56,0.036364,178708.61,80661.98372
002565,2026-08-10,9.88,-0.0070350000000000005,571104.63,557366.16073
002566,2026-08-10,6.79,0.033485999999999995,117787.0,79300.451
002567,2026-08-10,3.73,0.033241,267433.13,98852.99705
002568,2026-08-10,19.99,0.026181,198459.83,393833.87398
002569,2026-08-10,12.65,-0.030651,17290.0,21871.822
002570,2026-08-10,4.53,0.017978,205229.92,92408.4959
002571,2026-08-10,10.94,-0.027555999999999997,59814.0,65122.637
002572,2026-08-10,8.31,0.020884999999999997,120577.11,99851.65141
002573,2026-08-10,3.27,0.021875,94008.09,30470.73134
002574,2026-08-10,4.7,0.030701999999999997,90054.52,41939.50888
002575,2026-08-10,5.3,0.019231,270744.18,141676.2857
002576,2026-08-10,14.78,0.020718,33974.0,49802.315
002577,2026-08-10,18.73,-0.003723,32081.1,59921.5811
002578,2026-08-10,3.46,0.020649,314594.0,107202.863
002579,2026-08-10,14.82,-0.021782,1250675.57,1845622.51533
002580,2026-08-10,20.99,0.100105,919733.15,1848851.43602
002581,2026-08-10,3.86,0.051771000000000005,120697.0,45996.018
002582,2026-08-10,10.43,0.040918,409885.0,422209.827
002583,2026-08-10,8.43,0.012004999999999998,204737.0,171510.436
002584,2026-08-10,8.34,0.027094,345497.27,284173.89564
002585,2026-08-10,9.56,0.020277,1142380.24,1070587.65163
002586,2026-08-10,3.8,0.010638000000000002,41623.0,15750.634
002587,2026-08-10,5.66,0.010714,170103.34,95760.45804
002588,2026-08-10,8.84,0.021965,175913.57,156108.58773
002589,2026-08-10,3.34,0.098684,1691764.12,556672.03968
002590,2026-08-10,9.59,0.007352999999999999,44527.0,42527.804
002591,2026-08-10,6.31,0.031046,86931.0,54231.93
002592,2026-08-10,6.21,0.011401,27368.0,16904.017
002593,2026-08-10,4.46,0.030023,144282.0,63580.363
002594,2026-08-10,91.15,0.012327999999999999,385737.16,3510272.59452
002595,2026-08-10,53.22,0.015649,42226.06,223958.69601
002596,2026-08-10,3.36,0.053292,403170.63,133947.36994
002597,2026-08-10,20.24,-0.000494,67775.0,136895.94894
002598,2026-08-10,6.73,0.015083,24365.02,16221.00524
002599,2026-08-10,6.22,0.014681999999999999,93562.0,57751.469
002600,2026-08-10,12.63,-0.0070750000000000006,855282.8,1076178.45862
002601,2026-08-10,16.55,0.020975,320975.43,537616.00619
002602,2026-08-10,14.31,0.039216,1003981.86,1404279.77799
002603,2026-08-10,16.89,-0.005886,264580.55,448663.75939
002605,2026-08-10,18.55,0.007058,68089.2,125432.2635
002606,2026-08-10,14.84,0.02984,329869.46,484779.46451
002607,2026-08-10,2.21,0.027907,2612973.97,569896.35412
002608,2026-08-10,7.37,0.009589,163938.41,120501.1906
002609,2026-08-10,7.93,0.010190999999999999,59378.0,46794.079
002611,2026-08-10,16.15,-0.007376000000000001,237604.8,382495.37186
002612,2026-08-10,16.75,0.077864,226356.94,363859.0909
002613,2026-08-10,3.42,0.023952,293696.88,99062.44175
002614,2026-08-10,5.02,0.052411000000000006,163289.74,80993.43128
002615,2026-08-10,6.7,0.026034,74966.24,49706.69567
002616,2026-08-10,4.84,0.031983000000000004,171897.85,82227.4987
002617,2026-08-10,6.38,-0.009316999999999999,827754.64,527457.51229
002620,2026-08-10,5.07,-0.017442,51958.5,26188.824
002622,2026-08-10,2.62,0.10084,405534.75,102511.47275
002623,2026-08-10,16.87,0.075893,74400.67,121550.28403
002624,2026-08-10,11.73,0.020888,475048.03,550145.08867
002625,2026-08-10,30.95,0.015753,257567.85,786577.07856
002626,2026-08-10,16.46,0.100267,114440.83,186646.72795
002627,2026-08-10,6.65,0.024653,111980.0,74343.9187
002628,2026-08-10,4.97,0.010163,256417.01,128329.79701
002629,2026-08-10,4.7,0.019523,118843.5,55408.2035
002630,2026-08-10,1.67,0.012121,100415.0,16713.242
002631,2026-08-10,9.16,0.0553,559373.66,498630.9946
002632,2026-08-10,8.44,0.010778000000000001,115974.15,96681.56245
002633,2026-08-10,15.21,0.032587000000000005,25913.57,38692.56003
002634,2026-08-10,4.48,0.082126,101720.6,43734.4382
002635,2026-08-10,15.17,0.01336,177129.98,264703.55008
002636,2026-08-10,66.78,0.021101,844181.17,5470801.37474
002637,2026-08-10,11.02,0.008234,139192.0,151186.763
002638,2026-08-10,3.73,0.005391,166867.46,61677.01458
002639,2026-08-10,12.61,0.007188,238529.34,298662.88515
002640,2026-08-10,3.49,0.04491,1709594.0,596353.564
002641,2026-08-10,3.94,0.020724999999999997,113180.02,44245.46802
002642,2026-08-10,7.5,0.025992,182461.0,135522.06449
002643,2026-08-10,14.09,-0.00424,208350.14,292943.13785
002644,2026-08-10,8.09,0.006219,46735.5,37619.7905
002645,2026-08-10,20.1,0.04633,634979.74,1245788.24991
002646,2026-08-10,7.21,0.060294,141342.97,100244.59065
002647,2026-08-10,10.49,0.099581,491677.85,503977.4204
002648,2026-08-10,26.46,0.026377,539056.74,1424757.03246
002649,2026-08-10,10.79,0.012195000000000001,689294.73,740172.2483
002650,2026-08-10,6.33,-0.001577,23857.0,15076.267
002651,2026-08-10,7.93,0.025873,80894.02,63393.40854
002652,2026-08-10,3.95,0.031332,165459.0,64396.161
002653,2026-08-10,70.28,-0.018435999999999998,121267.6,860629.15797
002654,2026-08-10,13.52,0.032850000000000004,655201.59,865715.56019
002655,2026-08-10,31.27,0.064329,356859.38,1052607.63204
002656,2026-08-10,2.97,0.017123,103783.0,30588.765
002657,2026-08-10,15.88,0.005063,102655.85,162165.98425
002658,2026-08-10,7.41,0.022069000000000002,63013.55,46418.1236
002659,2026-08-10,4.8,0.025640999999999997,388511.0,185170.38995
002660,2026-08-10,7.24,0.046243,75328.0,53664.666
002661,2026-08-10,7.78,0.038718,44751.18,34480.54386
002662,2026-08-10,3.31,0.040881,200767.06,65905.9356
002663,2026-08-10,1.64,0.037975,425484.03,68804.02289
002664,2026-08-10,16.38,-0.016215999999999998,86613.28,141614.13922
002666,2026-08-10,4.22,0.026764,110943.0,46457.189
002667,2026-08-10,15.95,0.1,243239.0,376733.482
002668,2026-08-10,10.37,-0.029026,157501.11,164411.39866
002669,2026-08-10,12.33,0.0008119999999999999,121488.02,148346.98424
002670,2026-08-10,11.23,0.004472,183611.15,205674.76585
002671,2026-08-10,3.95,0.028645999999999998,148299.0,58204.177
002672,2026-08-10,3.68,0.045454999999999995,111701.11,40527.51771
002673,2026-08-10,6.73,-0.001484,212254.32,143041.8405
002674,2026-08-10,29.52,0.042005,329446.0,962660.435
002675,2026-08-10,13.19,0.00228,138619.69,184040.99164
002676,2026-08-10,5.11,0.024048,108642.9,54942.6954
002677,2026-08-10,6.94,0.025110999999999998,81318.0,55801.046
002678,2026-08-10,4.65,0.040268,82781.01,37923.15304
002679,2026-08-10,9.0,0.026226,35034.7,31266.62898
002681,2026-08-10,4.6,0.006565,379524.09,173148.74964
002682,2026-08-10,4.55,0.031745999999999996,160820.0,72108.04
002683,2026-08-10,28.81,0.022355999999999997,154483.45,447065.39385
002685,2026-08-10,5.52,0.01845,334001.5,182133.1325
002686,2026-08-10,6.36,0.003155,190823.75,120435.87075
002687,2026-08-10,5.44,0.085828,304948.37,160299.79268
002688,2026-08-10,5.25,0.015474000000000002,102993.0,53870.409
002689,2026-08-10,2.74,0.026217,66721.7,18125.7453
002690,2026-08-10,15.43,0.005867,62388.83,96149.58884
002691,2026-08-10,4.31,0.033573,16780.0,7102.316
002692,2026-08-10,4.19,0.037128999999999995,137102.2,56733.9812
002693,2026-08-10,9.95,0.023663,369331.02,365701.28686
002694,2026-08-10,2.19,0.033019,52202.81,11196.78493
002695,2026-08-10,11.29,0.046339,145166.15,160313.25935
002696,2026-08-10,6.03,0.100365,287089.82,170534.19016
002697,2026-08-10,4.74,0.037199,238542.11,111966.4315
002698,2026-08-10,13.56,-0.008772,371041.23,508367.76564
002700,2026-08-10,6.06,0.016779,112374.04,67301.38984
002701,2026-08-10,4.9,0.012397,247699.98,121514.84032
002702,2026-08-10,4.93,0.035714,439261.7,214114.2295
002703,2026-08-10,14.87,-0.014579,579473.97,858640.92803
002705,2026-08-10,12.03,-0.0024879999999999998,109695.49,131744.68998
002706,2026-08-10,9.03,0.012332000000000001,252477.4,226578.48016
002707,2026-08-10,5.2,0.019608,136112.67,70216.48872
002708,2026-08-10,10.74,0.020913,134799.0,143369.689
002709,2026-08-10,39.62,0.007374,642808.43,2533092.60561
002712,2026-08-10,4.83,0.016842,118936.8,56774.8766
002713,2026-08-10,9.6,-0.013361000000000001,156655.18,149059.58132
002714,2026-08-10,40.24,0.04601,909878.38,3633100.54097
002715,2026-08-10,13.66,0.002201,53873.0,72963.28
002716,2026-08-10,9.4,0.034103,3100822.86,2852017.98973
002717,2026-08-10,1.02,-0.009709,401206.81,40912.04262
002718,2026-08-10,86.47,-0.003228,7659.0,65168.552
002719,2026-08-10,6.06,0.03413,41162.6,24494.7622
002721,2026-08-10,2.77,-0.100649,3785255.76,1067996.62986
002722,2026-08-10,12.95,0.019684999999999998,35152.49,45280.83651
002723,2026-08-10,7.18,0.01844,117043.5,83054.5135
002724,2026-08-10,5.46,0.024390000000000002,89346.0,48796.061
002725,2026-08-10,11.64,-0.0017150000000000002,63883.14,73766.1134
002726,2026-08-10,2.17,0.06372499999999999,919014.94,194971.33325
002727,2026-08-10,11.74,0.033451,144133.77,169183.46558
002728,2026-08-10,9.37,-0.006363,218345.08,205734.73344
002729,2026-08-10,13.98,0.024176000000000003,48727.24,67006.79558
002730,2026-08-10,22.51,0.020398999999999997,119176.0,258679.5968
002731,2026-08-10,1.64,-0.040936,345828.85,57235.30508
002732,2026-08-10,13.97,0.047226,23641.5,32660.8015
002733,2026-08-10,19.19,-0.007756,129833.33,247916.62908
002734,2026-08-10,16.56,-0.012522,145735.78,242221.28867
002735,2026-08-10,12.01,0.004181000000000001,126136.85,149932.2849
002736,2026-08-10,10.16,0.005940999999999999,192763.22,195680.73425
002737,2026-08-10,13.5,0.009723,59119.73,79873.5205
002738,2026-08-10,54.35,0.022770000000000002,237498.69,1293048.64492
002739,2026-08-10,9.93,0.09966799999999999,1956860.17,1866411.40617
002741,2026-08-10,25.16,-0.043346,516841.64,1293630.15303
002742,2026-08-10,4.31,0.043584,702626.54,303182.03726
002743,2026-08-10,4.05,0.046512000000000005,126224.81,50402.04662
002745,2026-08-10,11.17,-0.022747000000000003,583235.05,648807.17683
002746,2026-08-10,6.57,0.061389,378874.86,245730.4075
002747,2026-08-10,34.63,-0.014233,595749.26,2053254.71104
002748,2026-08-10,12.0,0.099908,68497.82,79533.46944
002749,2026-08-10,9.11,0.058072,110379.22,99480.76474
002752,2026-08-10,6.04,0.016835,126568.16,76044.08598
002753,2026-08-10,6.29,0.026101,39451.15,24633.11335
002755,2026-08-10,13.8,-0.005047,114365.55,158595.2064
002756,2026-08-10,49.21,0.013803000000000001,127905.12,630231.76021
002757,2026-08-10,17.48,-0.011312,215353.47,372168.78692
002758,2026-08-10,7.96,0.023136,85658.43,67786.1697
002759,2026-08-10,18.03,0.086799,463922.21,823039.51182
002760,2026-08-10,17.95,0.032796,31026.02,54766.56946
002761,2026-08-10,7.28,0.021038,121405.1,88161.1352
002762,2026-08-10,9.37,-0.09990399999999999,69064.0,65829.742
002763,2026-08-10,7.54,0.038567,79317.0,59169.399
002765,2026-08-10,7.09,-0.0014080000000000002,82288.0,58304.426
002766,2026-08-10,4.1,0.0,528779.5,215525.085
002767,2026-08-10,17.71,0.022517,38897.0,67851.265
002768,2026-08-10,59.26,0.012990999999999999,103081.81,604734.73469
002769,2026-08-10,7.02,0.018868,67709.0,47402.122
002771,2026-08-10,12.91,0.013344,48407.5,61975.6185
002772,2026-08-10,10.93,0.021495,88028.85,95728.35085
002773,2026-08-10,22.86,0.004835,139573.43,320720.51883
002774,2026-08-10,17.0,0.012506999999999999,117192.0,194326.201
002775,2026-08-10,3.91,0.015584,202551.48,78668.99442
002777,2026-08-10,13.58,0.031915,127741.78,172985.53435
002778,2026-08-10,15.45,0.025216,20462.7,31311.9245
002779,2026-08-10,74.41,0.048619,48965.03,354335.0645
002780,2026-08-10,13.59,0.038991,66092.85,89004.8824
002782,2026-08-10,15.65,0.014916,163238.78,254792.23767
002783,2026-08-10,8.21,0.100536,333669.69,266913.62568
002785,2026-08-10,35.39,0.024906,52127.52,182692.82796
002786,2026-08-10,7.84,0.020833,74442.06,57740.03504
002787,2026-08-10,21.34,-0.016135999999999998,122557.0,261797.20836
002788,2026-08-10,11.5,0.03139,292663.15,336091.60245
002789,2026-08-10,9.75,-0.008138,28921.0,28139.34
002790,2026-08-10,5.9,0.036907,60306.6,35179.12
002791,2026-08-10,15.97,0.021753,71213.05,113852.65632
002792,2026-08-10,34.1,-0.083087,917658.01,3164961.86853
002793,2026-08-10,5.3,-0.0056289999999999995,921952.56,493047.44659
002795,2026-08-10,6.87,0.023845,111768.12,75652.22176
002796,2026-08-10,31.2,0.028007,128284.9,395340.72087
002797,2026-08-10,6.57,0.0015240000000000002,372587.94,244826.20752
002798,2026-08-10,5.65,0.008929,86305.86,47933.40724
002799,2026-08-10,6.76,0.032061,56534.0,37801.644
002800,2026-08-10,13.62,0.038902,41885.5,56521.8474
002801,2026-08-10,28.07,0.003217,10571.0,29624.622
002802,2026-08-10,11.74,0.046346,32718.14,37841.91492
002803,2026-08-10,19.54,0.00308,106805.26,205137.782
002805,2026-08-10,19.09,0.023592,166573.55,315407.0956
002806,2026-08-10,14.32,0.038433999999999996,94366.89,134473.4017
002807,2026-08-10,3.98,0.0,394105.25,157011.64478
002809,2026-08-10,8.31,0.03875,61673.32,50616.21371
002810,2026-08-10,20.61,0.018281000000000002,49632.39,101453.24322
002811,2026-08-10,10.55,0.027264,38036.0,39633.092
002812,2026-08-10,55.95,0.041899,328783.64,1803353.30353
002813,2026-08-10,20.92,0.007221999999999999,22223.0,45921.677
002815,2026-08-10,12.87,-0.016055,377354.32,484214.0723
002816,2026-08-10,26.25,-0.026696,12297.0,32433.647
002817,2026-08-10,6.56,0.0347,64583.1,41939.23419
002818,2026-08-10,10.93,0.018639,46094.0,50143.663
002819,2026-08-10,20.64,0.0029149999999999996,15422.0,31685.6
002820,2026-08-10,9.41,0.032931,57235.0,53345.0255
002821,2026-08-10,176.0,0.021711,232821.85,4170327.99016
002822,2026-08-10,3.16,-0.0125,105571.73,33226.46592
002823,2026-08-10,13.39,0.0022459999999999997,47554.0,63080.379
002824,2026-08-10,23.26,0.004752,156984.01,363991.3455
002825,2026-08-10,8.58,0.015385,35811.72,30582.63848
002826,2026-08-10,17.79,-0.002803,94723.26,169255.7222
002827,2026-08-10,59.58,0.10007400000000001,133901.0,781698.8465
002828,2026-08-10,12.87,0.1,250905.6,314859.48382
002829,2026-08-10,21.43,0.029299,111345.0,235044.6332
002830,2026-08-10,13.84,0.029762,29791.41,40609.7129
002831,2026-08-10,28.3,-0.008062,103494.13,293007.98585
002832,2026-08-10,25.91,0.052396000000000005,213864.69,552060.07059
002833,2026-08-10,18.8,0.038674,88703.25,165928.73701
002835,2026-08-10,12.45,0.015498000000000001,23199.0,28591.692
002836,2026-08-10,10.08,0.039175,37932.38,37832.68562
002837,2026-08-10,55.24,-0.011807000000000002,347196.37,1914573.8074
002838,2026-08-10,25.99,-0.015157,70435.39,183192.57402
002839,2026-08-10,4.36,0.002299,271485.8,118533.0736
002840,2026-08-10,8.23,0.014797,182837.0,150419.926
002841,2026-08-10,51.05,0.01754,97367.81,492160.59105
002842,2026-08-10,42.22,0.100052,648234.65,2534627.46862
002843,2026-08-10,16.37,-0.013855,77284.02,126128.14256
002845,2026-08-10,13.02,0.0015379999999999999,67834.01,87306.62498
002846,2026-08-10,10.9,0.023474,99473.23,107473.15453
002847,2026-08-10,50.79,0.028971,59029.59,297039.64893
002848,2026-08-10,12.96,0.00232,45476.0,58624.29
002849,2026-08-10,16.5,-0.020772,91253.6,149969.8362
002850,2026-08-10,180.81,-0.016803,27111.65,489773.73859
002851,2026-08-10,120.7,-0.029743,305332.77,3696240.53257
002852,2026-08-10,7.88,0.036842,76998.63,60007.99878
002853,2026-08-10,21.35,-0.017035,13393.0,28700.956
002855,2026-08-10,10.11,0.025355,29599.91,29508.68371
002856,2026-08-10,14.31,-0.035064000000000005,42368.96,60292.613
002857,2026-08-10,16.63,0.021499,19813.0,32694.781
002858,2026-08-10,11.91,0.033854,41402.0,48701.24
002859,2026-08-10,73.93,0.048504,243457.99,1742211.13866
002860,2026-08-10,16.54,-0.0024129999999999998,117765.14,193042.03026
002861,2026-08-10,16.36,0.007389,46762.4,76267.2148
002862,2026-08-10,13.82,0.025983999999999997,39622.8,54311.2884
002863,2026-08-10,4.55,0.027088,171924.0,77740.153
002864,2026-08-10,22.06,0.003183,44821.09,99145.95841
002865,2026-08-10,46.02,0.011429,91919.11,416081.37102
002866,2026-08-10,15.71,0.018146,91850.0,142916.443
002867,2026-08-10,12.93,0.022134,91320.16,117969.24606
002868,2026-08-10,23.49,0.021749,17293.2,40284.9708
002869,2026-08-10,16.18,0.022109999999999998,27341.29,43668.81377
002870,2026-08-10,42.58,0.044908000000000003,42789.24,177672.72886
002871,2026-08-10,16.55,-0.003612,26731.95,43851.3654
002872,2026-08-10,5.34,0.028902,34035.0,17998.0205
002873,2026-08-10,8.26,0.024814,78283.0,64270.505
002875,2026-08-10,13.92,0.007965,40841.21,56132.73512
002876,2026-08-10,27.68,-0.00966,28324.51,78176.78103
002877,2026-08-10,7.33,0.019471000000000002,62205.6,45345.8116
002878,2026-08-10,12.71,0.031656,63394.4,79401.0692
002879,2026-08-10,18.33,0.018333,251694.8,458201.9714
002880,2026-08-10,20.95,0.010613,24717.5,51663.8409
002881,2026-08-10,37.15,-0.013804,51716.73,192246.93135
002882,2026-08-10,23.48,0.072146,255961.01,589446.94161
002883,2026-08-10,8.81,0.002275,12688.0,11130.67766
002884,2026-08-10,16.3,0.011794,27467.59,44661.85217
002885,2026-08-10,31.91,0.09996600000000001,74104.49,236467.42759
002886,2026-08-10,19.67,0.002038,72862.0,142110.06415
002887,2026-08-10,11.0,0.032864,56619.9,61147.854
002888,2026-08-10,17.72,0.027842,27192.0,47434.752
002889,2026-08-10,12.32,0.027523,66621.4,81224.58184
002890,2026-08-10,14.59,0.041399,34165.65,49352.97435
002891,2026-08-10,31.87,0.027732999999999997,160831.97,508196.12107
002892,2026-08-10,9.69,0.010428,78430.76,75828.64552
002893,2026-08-10,9.89,0.014359,72350.0,71197.658
002895,2026-08-10,35.36,0.007407,52748.0,185969.168
002896,2026-08-10,76.88,-0.026466,166150.12,1280272.86231
002897,2026-08-10,57.44,-0.012889,86639.13,496982.46132
002899,2026-08-10,20.36,0.024145,30290.91,61226.94449
002900,2026-08-10,14.83,0.10014799999999999,598713.61,882898.54703
002901,2026-08-10,44.2,-0.007856,37280.1,166166.48
002902,2026-08-10,24.18,-0.013866,180078.99,433083.91893
002903,2026-08-10,29.1,0.051301,173372.43,494305.94734
002905,2026-08-10,7.85,0.039735,65450.6,50680.0334
002906,2026-08-10,26.06,0.008124,42454.06,110700.42708
002907,2026-08-10,13.9,0.02963,81987.72,114063.07773
002908,2026-08-10,7.29,0.018156000000000002,128372.27,92348.20661
002909,2026-08-10,5.16,0.032,64088.33,32728.18767
002910,2026-08-10,9.48,0.029316,76870.63,71774.14534
002911,2026-08-10,11.13,0.016437999999999998,52294.09,58067.63304
002912,2026-08-10,20.62,0.012769999999999998,62323.32,127818.05387
002913,2026-08-10,55.33,-0.0016239999999999998,101336.17,558283.10664
002915,2026-08-10,18.42,0.00821,178709.71,328115.43182
002916,2026-08-10,372.4,-0.026736,111252.28,4100901.61565
002917,2026-08-10,10.84,0.022642000000000002,72121.0,77636.168
002918,2026-08-10,10.01,0.023517,152954.87,151915.14963
002919,2026-08-10,18.05,0.032018,48315.18,86157.07562
002920,2026-08-10,92.79,0.005417999999999999,63891.62,593411.38396
002921,2026-08-10,22.61,-0.020364,50424.0,114080.139
002922,2026-08-10,26.29,0.009988,250050.58,662480.67819
002923,2026-08-10,11.49,0.031418,140312.71,160710.8531
002925,2026-08-10,23.21,-0.017774,131890.83,307183.36587
002926,2026-08-10,8.34,0.009685000000000001,117510.0,97933.493
002927,2026-08-10,16.05,0.023597,64810.0,102743.068
002928,2026-08-10,6.58,0.007657000000000001,178480.13,116845.36415
002929,2026-08-10,56.85,-0.018304,110981.1,628988.27946
002930,2026-08-10,9.02,0.013483,71263.56,64195.82936
002931,2026-08-10,51.16,-0.019548,92894.5,473621.13085
002932,2026-08-10,15.26,0.033174999999999996,19225.46,29016.28569
002933,2026-08-10,27.62,0.029445000000000002,19061.32,52266.04624
002935,2026-08-10,17.06,0.008274,43761.0,73553.155
002936,2026-08-10,1.77,0.005682,864504.6,153393.33055
002937,2026-08-10,30.12,0.000664,60868.96,181356.84705
002938,2026-08-10,98.52,-0.028498000000000002,277448.12,2741829.17362
002939,2026-08-10,8.33,0.0246,602888.59,502449.29416
002940,2026-08-10,26.6,0.00834,150324.12,400665.64864
002941,2026-08-10,10.89,0.019663,121967.0,131803.398
002942,2026-08-10,15.76,0.03616,17817.9,27712.516
002943,2026-08-10,35.19,-0.021413,292030.65,1039485.44871
002945,2026-08-10,14.56,-0.006821000000000001,175227.46,258249.16855
002946,2026-08-10,16.97,0.020445,115294.0,195520.999
002947,2026-08-10,57.78,-0.024975,65068.84,375824.37464
002948,2026-08-10,5.8,0.019332000000000002,337190.41,194766.96278
002949,2026-08-10,10.65,0.023055,28380.63,29925.9885
002950,2026-08-10,9.59,0.016967,79932.5,76111.2025
002951,2026-08-10,15.47,0.100284,72739.0,110776.873
002952,2026-08-10,20.03,-0.0074329999999999995,37339.0,74477.722
002953,2026-08-10,9.93,-0.00501,91403.8,90136.98916
002955,2026-08-10,35.13,0.013852999999999999,40390.45,140078.3654
002956,2026-08-10,18.18,0.015642,54246.27,98014.07352
002957,2026-08-10,39.21,-0.050835,342886.56,1354322.54756
002958,2026-08-10,3.01,0.003333,490809.0,147965.137
002959,2026-08-10,34.84,0.020803,13063.99,45519.80308
002960,2026-08-10,8.23,0.017305,86496.19,70622.55842
002961,2026-08-10,19.75,0.0035570000000000003,42588.71,83932.01415
002962,2026-08-10,13.25,-0.008975,87664.0,115264.945
002963,2026-08-10,18.26,-0.012972999999999998,136007.0,243404.7
002965,2026-08-10,32.11,-0.039198,229517.79,750185.77279
002966,2026-08-10,8.35,0.020782,446377.37,371006.68506
002967,2026-08-10,17.66,0.023767999999999997,66252.5,116339.1335
002968,2026-08-10,9.17,0.029181,29934.0,27161.24185
002969,2026-08-10,14.47,0.043259,667655.75,957940.65974
002970,2026-08-10,53.2,0.035019,44932.04,234194.86825
002971,2026-08-10,44.38,-0.022035999999999997,388253.64,1697816.87082
002972,2026-08-10,13.74,-0.005069000000000001,73419.2,100894.56376
002973,2026-08-10,11.85,0.056150000000000005,144901.0,165266.653
002975,2026-08-10,100.99,0.031142,173840.6,1711033.05342
002976,2026-08-10,22.26,-0.01548,41593.82,91903.48918
002977,2026-08-10,22.0,0.0013650000000000001,8984.77,19617.2868
002978,2026-08-10,27.45,0.021966,37101.34,101266.47994
002979,2026-08-10,58.85,-0.032391,143329.51,848609.85667
002980,2026-08-10,84.52,0.020895999999999998,80686.14,672343.07174
002981,2026-08-10,23.3,-0.002141,13405.6,31209.5198
002982,2026-08-10,12.4,0.048183,66834.36,81744.01984
002983,2026-08-10,19.86,0.004044,18529.29,36466.64971
002984,2026-08-10,14.47,0.021171000000000002,76874.8,111063.3258
002985,2026-08-10,26.44,0.016923,42293.21,110618.67477
002986,2026-08-10,12.8,0.041497,89378.66,112596.98686
002987,2026-08-10,11.3,0.0,156632.72,176015.09304
002988,2026-08-10,21.56,0.025202,29177.84,62273.34036
002989,2026-08-10,23.43,-0.008044,62398.82,145518.0173
002990,2026-08-10,56.76,0.07459299999999999,213173.01,1170657.66705
002991,2026-08-10,43.64,0.028275,12851.5,55806.1485
002992,2026-08-10,36.12,-0.0368,25956.0,93575.718
002993,2026-08-10,38.07,-0.005226,67420.21,252850.31052
002995,2026-08-10,18.41,0.02051,89427.21,162795.61446
002996,2026-08-10,6.36,0.014354,70679.6,44749.3996
002997,2026-08-10,27.49,0.009548,16728.62,45865.17311
002998,2026-08-10,8.17,0.027673,137085.0,110056.73
002999,2026-08-10,5.88,0.035211,95240.23,55706.87116
003000,2026-08-10,10.85,0.021657000000000003,47166.0,51103.394
003001,2026-08-10,19.93,-0.0005020000000000001,175542.91,348757.79699
003002,2026-08-10,17.07,0.020933,37738.0,63295.534
003003,2026-08-10,10.99,0.031925,34227.24,37160.2008
003004,2026-08-10,66.5,0.015267,12617.12,84059.19608
003005,2026-08-10,13.89,0.010917,44044.52,60640.21152
003006,2026-08-10,14.57,0.027504,72485.0,105682.451
003007,2026-08-10,39.6,-0.0075190000000000005,61381.0,241108.943
003008,2026-08-10,19.05,0.030287,12533.8,23692.741
003009,2026-08-10,51.81,0.022498999999999998,48676.99,248401.99707
003010,2026-08-10,27.65,0.048937999999999995,164190.96,447672.28818
003011,2026-08-10,19.8,0.005587,27273.02,53451.74642
003012,2026-08-10,4.76,0.025862,90789.14,42901.59074
003013,2026-08-10,18.35,-0.043274,102249.52,189317.0672
003015,2026-08-10,11.7,0.009491000000000001,58055.0,67105.565
003016,2026-08-10,6.97,0.035661,53043.0,36537.927
003017,2026-08-10,22.09,0.022212,17562.16,38615.4624
003018,2026-08-10,38.3,-0.037205,136774.66,527212.02842
003019,2026-08-10,24.06,0.000416,33715.02,80300.94246
003020,2026-08-10,18.45,0.001085,192985.92,355643.28229
003021,2026-08-10,79.55,-0.019717,23704.39,188746.9108
003022,2026-08-10,20.59,0.018299,111315.53,226811.815
003023,2026-08-10,23.95,0.027014999999999997,78179.5,182970.761
003025,2026-08-10,12.39,0.022277,45209.98,55466.98198
003026,2026-08-10,29.64,0.008163,80296.75,235009.79567
003027,2026-08-10,16.77,0.035825,30466.0,50425.352
003028,2026-08-10,22.72,0.010227,7363.5,16625.1125
003029,2026-08-10,17.14,-0.014376,77567.0,132653.88445
003030,2026-08-10,22.97,0.014576,36104.0,81809.851
003031,2026-08-10,112.74,-0.026928999999999998,113610.21,1274467.96491
003032,2026-08-10,12.03,0.046086999999999996,1003268.35,1150710.94184
003033,2026-08-10,63.53,-0.022615,16730.0,105555.734
003035,2026-08-10,5.66,0.010714,267709.12,150824.81868
003036,2026-08-10,55.4,0.032425999999999996,161901.46,868431.14131
003037,2026-08-10,5.84,0.024561000000000003,53046.0,30845.986
003038,2026-08-10,11.14,0.036279,40658.9,44725.4076
003039,2026-08-10,12.18,0.032203,47827.3,57831.9198
003040,2026-08-10,12.57,-0.040458,331917.52,412618.54348
003041,2026-08-10,43.24,0.010043999999999999,17357.0,74783.478
003042,2026-08-10,13.4,0.02682,30698.75,40717.68825
003043,2026-08-10,74.25,0.1,93644.57,675975.19384
003816,2026-08-10,3.95,0.015424,912051.95,358648.43207
300001,2026-08-10,35.36,0.006547,139319.26,490366.09768
300002,2026-08-10,8.59,0.008216,384620.8,328231.50575
300003,2026-08-10,13.11,-0.002283,314426.54,413410.61957
300004,2026-08-10,8.45,0.0011849999999999999,144510.0,120902.325
300005,2026-08-10,11.06,-0.021238999999999997,664081.47,747248.77471
300006,2026-08-10,5.35,0.046967,494322.68,261052.08595
300007,2026-08-10,34.74,-0.014748,87959.51,304983.91411
300008,2026-08-10,6.4,0.028939,627625.87,396782.84661
300009,2026-08-10,8.52,-0.003509,303989.19,261955.91593
300010,2026-08-10,2.3,0.008772,295316.0,67672.767
300011,2026-08-10,6.05,0.021959,44605.0,26784.963
300012,2026-08-10,14.55,0.036324999999999996,493301.72,711539.67488
300013,2026-08-10,3.96,0.076087,294397.69,114159.94912
300014,2026-08-10,55.22,0.005096000000000001,398558.27,2194015.66463
300015,2026-08-10,9.07,0.028345,1494735.94,1353963.28462
300016,2026-08-10,8.54,0.015458000000000001,351498.57,300544.43051
300017,2026-08-10,14.8,-0.042691,2275901.37,3342374.38689
300018,2026-08-10,12.06,0.010049999999999998,88261.0,105811.874
300019,2026-08-10,15.03,0.005351,48979.01,73265.0388
300020,2026-08-10,3.6,0.025640999999999997,150820.0,53944.838
300021,2026-08-10,3.98,0.020513,169399.0,66844.82525
300022,2026-08-10,8.6,0.052632000000000005,193790.0,165449.974
300024,2026-08-10,15.78,-0.000633,318229.33,500153.75288
300025,2026-08-10,5.0,0.010101,115339.0,57404.635
300026,2026-08-10,3.41,0.0,583014.14,199761.81102
300027,2026-08-10,1.79,-0.005556,313117.06,55624.79362
300030,2026-08-10,6.89,0.020741,101364.36,69317.56996
300031,2026-08-10,21.93,0.002285,141622.88,308518.70895
300032,2026-08-10,3.76,0.016215999999999998,198232.0,73702.35
300033,2026-08-10,238.51,-0.005462,107315.98,2567858.24489
300034,2026-08-10,16.28,0.01623,103456.92,166634.43752
300035,2026-08-10,13.95,0.011603,123569.31,172229.09247
300036,2026-08-10,11.72,0.003425,98131.49,114660.02747
300037,2026-08-10,66.55,-0.0037430000000000002,139328.43,930801.07676
300039,2026-08-10,5.84,-0.020134,793646.57,466707.92329
300040,2026-08-10,6.68,0.030864,720951.0,477992.208
300041,2026-08-10,11.02,-0.007207,192372.63,211193.08868
300042,2026-08-10,42.55,-0.096603,401061.68,1661198.49401
300043,2026-08-10,4.91,0.020790000000000003,346290.0,168089.132
300044,2026-08-10,5.21,0.001923,119773.6,61714.334
300045,2026-08-10,13.79,0.01997,186516.67,253823.52994
300046,2026-08-10,24.84,0.002421,51201.07,125979.6902
300047,2026-08-10,10.18,0.0069240000000000005,148423.09,150344.33627
300048,2026-08-10,5.33,0.013308,71643.2,37917.6848
300049,2026-08-10,42.47,-0.052009,126301.65,546326.85847
300050,2026-08-10,6.32,0.03268,192130.0,119035.32
300051,2026-08-10,8.3,0.023428,660135.16,556383.33126
300052,2026-08-10,11.28,0.013477,177543.0,198254.113
300053,2026-08-10,13.21,-0.003771,183181.12,239782.03475
300054,2026-08-10,78.65,0.011706000000000001,340078.63,2657177.43005
300055,2026-08-10,6.12,0.025126,167581.75,101482.42499
300056,2026-08-10,8.73,0.043011,108451.01,92799.47828
300057,2026-08-10,6.58,0.007657000000000001,332132.26,216127.54219
300058,2026-08-10,16.08,0.012594000000000001,5536975.37,8814883.11377
300059,2026-08-10,20.03,0.002503,1949808.37,3904688.83547
300061,2026-08-10,6.74,0.01506,159148.01,106174.62657
300062,2026-08-10,7.63,0.154312,1206121.33,898710.54243
300063,2026-08-10,9.48,-0.010438000000000001,467591.0,441870.596
300065,2026-08-10,17.5,0.019814000000000002,481208.77,825888.47002
300066,2026-08-10,5.38,-0.014652,259799.59,139279.09229
300067,2026-08-10,5.62,0.007168,468978.78,259299.89759
300068,2026-08-10,4.18,-0.016471,371045.46,154780.9026
300069,2026-08-10,29.42,0.008225,64713.09,187471.61397
300070,2026-08-10,3.51,0.002857,279974.57,98524.3524
300071,2026-08-10,4.6,0.024499,895365.81,404994.44012
300072,2026-08-10,3.56,0.031884,357380.16,127150.79557
300073,2026-08-10,42.48,0.009026,118515.38,501402.76703
300074,2026-08-10,3.77,0.027248,192296.0,71925.813
300075,2026-08-10,11.23,0.013538,109115.81,122097.1127
300076,2026-08-10,4.7,0.103286,195003.0,90913.519
300077,2026-08-10,19.17,-0.0072499999999999995,342446.92,654871.55526
300078,2026-08-10,3.17,0.042763,495672.81,155824.54296
300079,2026-08-10,4.56,0.011086,212544.15,96115.46369
300080,2026-08-10,3.77,0.016173,143996.99,53970.0813
300081,2026-08-10,3.05,-0.0032679999999999996,59377.0,18031.679
300082,2026-08-10,7.97,0.013995,67756.0,53592.665
300083,2026-08-10,14.57,0.006215000000000001,1349607.5,1940956.97416
300084,2026-08-10,12.0,-0.036145000000000004,150030.0,181323.136
300085,2026-08-10,30.58,-0.016404000000000002,318191.94,974407.89972
300086,2026-08-10,6.85,0.013314,225131.45,154086.96005
300087,2026-08-10,5.37,0.009398,127811.29,68457.83666
300088,2026-08-10,7.69,-0.022872,1425535.39,1100616.55315
300091,2026-08-10,2.55,0.011904999999999999,53060.11,13395.0195
300092,2026-08-10,11.57,0.014023,38234.0,43918.554
300093,2026-08-10,23.4,0.004292000000000001,64360.0,147898.428
300094,2026-08-10,2.91,0.039286,663125.8,192268.44876
300095,2026-08-10,8.37,-0.002384,77898.0,65031.55
300096,2026-08-10,9.15,0.08540900000000001,55167.0,49087.698
300097,2026-08-10,9.14,-0.028693,92244.0,84716.764
300098,2026-08-10,4.68,0.002141,375033.44,174575.07508
300099,2026-08-10,6.19,0.013092999999999999,128560.64,79091.4352
300100,2026-08-10,23.03,-0.017491,62776.4,144490.38939
300101,2026-08-10,15.28,-0.00196,78086.51,118571.51632
300102,2026-08-10,19.33,0.005723000000000001,321385.82,611980.03855
300103,2026-08-10,8.1,0.0,52377.0,42285.632
300105,2026-08-10,8.16,0.035533,332792.0,268143.23
300106,2026-08-10,9.78,0.047109,146890.99,141542.07453
300107,2026-08-10,6.54,0.033174999999999996,120258.0,77733.295
300109,2026-08-10,13.76,0.053598999999999994,121857.18,163618.36036
300110,2026-08-10,2.81,0.021818,300153.0,84089.513
300111,2026-08-10,3.1,0.019737,350762.3,108116.0817
300112,2026-08-10,9.14,0.025814,184406.56,165304.88132
300113,2026-08-10,18.29,-0.011885,243701.93,443583.48502
300115,2026-08-10,27.68,-0.012134,282204.1,783768.32973
300118,2026-08-10,10.52,0.022351999999999997,411871.35,425629.18512
300119,2026-08-10,18.38,0.00989,37653.7,68698.27462
300120,2026-08-10,6.88,0.013255,286481.0,195110.398
300121,2026-08-10,9.79,0.015560000000000001,121549.09,117933.78885
300122,2026-08-10,13.35,-0.009644,309400.62,415224.86799
300123,2026-08-10,4.47,-0.026143999999999997,304482.0,135458.5348
300124,2026-08-10,64.34,-0.004025,205107.51,1327288.78319
300125,2026-08-10,9.46,-0.03173,206875.69,201543.55054
300126,2026-08-10,6.3,0.027732,34403.0,21395.889
300127,2026-08-10,26.23,-0.029238,121369.86,318948.26741
300128,2026-08-10,4.73,-0.008386,313589.06,146984.43733
300129,2026-08-10,8.38,0.01699,265700.06,219666.84568
300130,2026-08-10,19.5,-0.016145,102379.05,199978.54411
300131,2026-08-10,16.01,0.054676999999999996,759049.15,1173908.50449
300132,2026-08-10,6.83,0.049155,272287.65,183388.87628
300133,2026-08-10,7.3,0.0,593996.0,430852.97844
300134,2026-08-10,8.63,-0.044297,307487.72,264751.96497
300135,2026-08-10,3.35,0.027607,224405.0,74566.379
300136,2026-08-10,68.36,0.003523,684899.53,4627407.30954
300137,2026-08-10,12.41,-0.031981,244268.6,305259.23625
300138,2026-08-10,11.7,0.041852,97484.76,112944.2955
300139,2026-08-10,52.49,0.093542,749466.54,3698027.87292
300140,2026-08-10,5.54,0.007272999999999999,109189.0,60603.677
300141,2026-08-10,11.08,0.08414899999999999,257100.0,281632.699
300142,2026-08-10,13.13,-0.000761,829165.16,1089594.75892
300143,2026-08-10,7.74,0.010444,186865.29,145174.96437
300144,2026-08-10,6.2,0.009772,315268.1,194944.97215
300145,2026-08-10,4.46,-0.008889000000000001,616562.96,274268.15807
300146,2026-08-10,10.11,0.001982,162428.18,164075.98534
300147,2026-08-10,7.61,-0.024359000000000002,91156.28,70027.12348
300148,2026-08-10,3.53,0.017291,223435.8,78135.4218
300149,2026-08-10,10.48,0.005758,718545.63,759164.89388
300150,2026-08-10,4.24,0.029126,71477.5,30015.7995
300151,2026-08-10,16.1,-0.027778,139756.22,224745.9955
300152,2026-08-10,1.67,0.10596,590985.29,99394.37241
300153,2026-08-10,21.76,0.010683,108059.38,236959.84396
300154,2026-08-10,9.47,0.004242,189317.29,183115.14571
300155,2026-08-10,4.3,0.036145000000000004,97723.0,41421.361
300157,2026-08-10,4.37,0.045454999999999995,700047.0,300349.87961
300158,2026-08-10,5.26,0.023346,302326.0,159011.618
300159,2026-08-10,3.09,0.009804,292838.0,89562.56
300160,2026-08-10,4.39,0.02331,80513.03,35140.42417
300161,2026-08-10,28.67,0.088872,126508.77,359560.59544
300162,2026-08-10,7.91,-0.023457,342235.0,269672.085
300163,2026-08-10,6.75,0.048137,293359.92,192861.10122
300164,2026-08-10,10.7,-0.008341,1345148.25,1457020.8044
300165,2026-08-10,5.39,0.028626,153365.1,82032.2036
300166,2026-08-10,13.99,-0.023045,468829.93,654501.46363
300167,2026-08-10,4.15,0.029777,56550.0,23320.641
300168,2026-08-10,5.27,0.013462,205413.09,107929.16938
300169,2026-08-10,5.76,0.039710999999999996,264028.0,150958.25294
300170,2026-08-10,17.6,-0.011791000000000001,584631.56,1029826.67789
300171,2026-08-10,13.12,0.020218,190536.85,249742.63698
300172,2026-08-10,4.61,0.040632,217106.36,98909.41042
300173,2026-08-10,3.34,0.012121,72609.0,24119.606
300174,2026-08-10,19.6,0.016597999999999998,205905.56,392381.93131
300175,2026-08-10,5.78,-0.006873000000000001,54349.01,31310.53576
300176,2026-08-10,5.33,0.026975,155651.62,82017.22014
300177,2026-08-10,6.37,0.004732,80221.0,50743.016
300179,2026-08-10,35.96,-0.026002,390401.51,1395064.94532
300180,2026-08-10,4.43,0.004535,220187.37,97233.48183
300181,2026-08-10,14.36,0.0,235449.59,340465.31803
300182,2026-08-10,5.36,-0.005566,1213052.95,648472.83584
300183,2026-08-10,10.72,0.013233,30734.0,32701.91475
300184,2026-08-10,12.78,-0.001563,868479.23,1112756.6333
300185,2026-08-10,2.82,0.007143,575270.81,161799.61508
300187,2026-08-10,4.8,0.025640999999999997,93127.1,44293.6935
300188,2026-08-10,11.11,-0.006261,171117.73,189168.11873
300189,2026-08-10,4.89,-0.004073,1314690.28,642249.09659
300190,2026-08-10,3.88,0.068871,389259.12,146461.91863
300191,2026-08-10,33.7,0.002976,158939.54,531738.28534
300192,2026-08-10,13.14,0.004587,88335.8,115449.5342
300193,2026-08-10,7.88,0.039578,93960.7,73107.0661
300194,2026-08-10,3.89,0.018325,291528.0,112979.015
300195,2026-08-10,5.59,0.025688,105557.0,58207.363
300196,2026-08-10,18.11,-0.013616999999999999,180591.0,325449.396
300197,2026-08-10,1.9,0.021505,888853.0,166651.871
300198,2026-08-10,2.22,-0.008929,78570.5,17314.7705
300199,2026-08-10,25.24,0.035275,648453.31,1605371.86156
300200,2026-08-10,8.86,0.016055,91781.37,80144.43867
300201,2026-08-10,16.14,0.013183,233302.27,371127.12441
300203,2026-08-10,12.72,0.005534,37765.42,47917.98098
300204,2026-08-10,24.14,-0.017901,421319.23,1038918.44651
300205,2026-08-10,5.13,-0.022857,20330.01,10478.96115
300206,2026-08-10,12.43,0.00485,51253.11,63776.83247
300207,2026-08-10,18.79,0.016774999999999998,521559.77,979692.00872
300209,2026-08-10,38.39,0.032267000000000004,1658834.68,6269070.40894
300210,2026-08-10,8.93,0.004499,64303.8,56864.62
300211,2026-08-10,7.66,0.005249,25404.0,19389.006
300212,2026-08-10,8.04,-0.008631,107116.0,85725.95694
300213,2026-08-10,6.45,0.018956999999999998,121436.0,77617.202
300214,2026-08-10,12.58,0.001592,384907.0,482076.786
300215,2026-08-10,6.37,0.020833,108651.0,68653.075
300217,2026-08-10,4.57,0.006608,141938.03,64845.12565
300218,2026-08-10,12.6,0.020243,22465.85,28121.4232
300219,2026-08-10,6.93,-0.002878,143494.54,98870.48598
300220,2026-08-10,10.76,0.029665,23903.19,25437.12892
300221,2026-08-10,14.02,-0.005674,255989.0,359582.321
300222,2026-08-10,10.93,0.0,203342.75,220637.24775
300223,2026-08-10,138.48,-0.038667,396924.69,5490215.90215
300224,2026-08-10,11.68,-0.011008,173665.0,202507.452
300225,2026-08-10,7.25,0.049204,145030.0,102686.059
300226,2026-08-10,16.79,0.00179,54512.32,91119.86941
300227,2026-08-10,11.92,0.039233,307897.65,359387.9306
300228,2026-08-10,7.51,0.014865,100336.18,74771.20782
300229,2026-08-10,15.07,-0.020793,271265.17,409284.30996
300230,2026-08-10,4.29,0.014184,112626.23,48032.67546
300231,2026-08-10,8.82,0.016129,137882.72,120538.88672
300232,2026-08-10,5.36,0.0056289999999999995,107857.03,57393.88673
300233,2026-08-10,13.99,0.027921,174477.37,243334.57779
300234,2026-08-10,9.15,0.00882,160654.06,143794.47308
300235,2026-08-10,11.51,-0.003463,62378.5,72014.483
300236,2026-08-10,94.5,0.017113,93394.63,870840.71241
300237,2026-08-10,2.05,0.025,193171.01,39324.88044
300238,2026-08-10,11.92,0.021422,67183.0,80164.731
300239,2026-08-10,5.1,0.030303,94755.0,47793.46
300240,2026-08-10,5.74,0.034234,85939.0,48667.799
300241,2026-08-10,5.57,0.010889,192665.0,105915.85
300242,2026-08-10,4.49,0.006725999999999999,247993.0,109936.036
300243,2026-08-10,14.81,-0.009365,141008.9,207266.5526
300244,2026-08-10,21.14,0.040354,667206.77,1417871.09751
300245,2026-08-10,5.82,0.033748,63657.0,36548.175
300246,2026-08-10,15.41,-0.199896,25143.0,38745.363
300247,2026-08-10,3.87,0.021108,112825.0,43564.881
300248,2026-08-10,9.68,0.00207,348727.56,342421.30206
300249,2026-08-10,12.29,-0.047286999999999996,248323.23,304457.43716
300250,2026-08-10,15.75,0.014166000000000002,84591.0,131792.53706
300251,2026-08-10,12.02,0.014346000000000001,628185.6,748125.28566
300252,2026-08-10,11.8,-0.016667,265660.9,311488.9607
300253,2026-08-10,7.87,0.014175,1078789.6,858513.06008
300254,2026-08-10,8.83,0.026744,144676.0,126930.20656
300255,2026-08-10,27.62,-0.017432,597045.01,1670448.55832
300256,2026-08-10,2.7,0.007463,168333.94,45213.67457
300257,2026-08-10,19.18,-0.013882,73029.0,139701.74231
300258,2026-08-10,10.28,0.004888,57656.41,58953.5329
300259,2026-08-10,4.36,-0.04386,732259.06,318264.92268
300260,2026-08-10,59.61,0.005567,222544.04,1312394.28691
300261,2026-08-10,5.4,0.013132999999999999,289097.0,155780.986
300263,2026-08-10,10.16,0.00994,571434.4,575985.27956
300264,2026-08-10,6.87,0.014771000000000001,118617.0,80901.862
300265,2026-08-10,14.79,0.010936,257497.0,379171.74728
300266,2026-08-10,1.9,0.027027000000000002,211893.19,39924.7871
300267,2026-08-10,3.29,0.015432,396718.21,130068.10612
300268,2026-08-10,11.52,0.025824,21536.01,24733.44855
300269,2026-08-10,4.86,0.027484,184419.5,88295.5585
300270,2026-08-10,13.4,0.02682,240048.0,315620.596
300271,2026-08-10,5.77,0.017637,128886.09,73804.48212
300272,2026-08-10,5.89,0.026132,128935.01,75681.9309
300274,2026-08-10,113.71,-0.003942,640508.98,7311871.69893
300275,2026-08-10,8.84,0.030303,81075.98,70945.90432
300276,2026-08-10,6.91,0.001449,230124.11,158474.5648
300277,2026-08-10,12.59,0.012872,117242.25,146324.80707
300278,2026-08-10,3.95,0.015424,121461.0,47476.223
300279,2026-08-10,5.73,0.0017480000000000002,113348.59,64405.64833
300281,2026-08-10,6.27,0.017857,74618.0,46377.824
300283,2026-08-10,14.77,-0.055022,715443.76,1063586.73384
300284,2026-08-10,5.5,0.020408,162462.56,89083.42904
300285,2026-08-10,76.11,0.073787,1686171.49,12419478.2822
300286,2026-08-10,20.89,0.003362,37025.82,77054.04426
300287,2026-08-10,3.89,0.01039,325469.84,125621.8972
300288,2026-08-10,10.22,0.027136,70137.13,71171.08565
300289,2026-08-10,6.07,0.034072,91395.0,55180.473
300290,2026-08-10,5.98,-0.072868,428806.92,262522.97772
300291,2026-08-10,5.51,0.039623,566806.17,305435.7997
300292,2026-08-10,4.33,0.009324,413644.28,176966.9144
300293,2026-08-10,16.27,0.021343,69678.0,111804.737
300294,2026-08-10,15.75,0.009615,84975.14,134850.98772
300295,2026-08-10,12.02,-0.021173,28062.0,33788.55428
300296,2026-08-10,5.47,0.00367,382188.7,208092.16969
300298,2026-08-10,16.6,0.015290999999999999,78753.0,130571.8
300299,2026-08-10,5.56,0.016453,217161.05,119482.9388
300300,2026-08-10,8.2,0.027569,475538.33,387570.95868
300301,2026-08-10,3.25,0.006192,56434.0,18276.4
300302,2026-08-10,30.06,-0.03001,263899.06,791890.262
300303,2026-08-10,7.24,-0.009576,419802.7,302956.616
300304,2026-08-10,11.68,0.015652,208291.8,237319.1838
300305,2026-08-10,6.17,0.019835000000000002,210643.84,128118.98064
300306,2026-08-10,9.87,0.027055,36255.5,35404.213
300307,2026-08-10,7.6,-0.012987,862188.87,661214.4291
300308,2026-08-10,864.58,-0.060106,525921.31,45764386.519
300310,2026-08-10,4.48,0.004484,224730.81,99507.37087
300311,2026-08-10,6.57,-0.017937,913272.74,601495.24198
300313,2026-08-10,8.45,0.03681,56730.0,47594.683
300314,2026-08-10,10.54,0.037402000000000005,86537.6,91039.1918
300315,2026-08-10,4.35,0.016354999999999998,641413.61,276558.66335
300316,2026-08-10,41.66,-0.0033489999999999995,117631.92,487706.29682
300317,2026-08-10,4.84,0.059081,1524658.0,725548.05719
300318,2026-08-10,5.03,0.016162,79661.0,39989.92
300319,2026-08-10,16.53,-0.041739,1173144.35,1930864.94134
300320,2026-08-10,8.38,0.010856,44110.0,36831.356
300321,2026-08-10,33.23,-0.032887,29198.02,96545.1172
300322,2026-08-10,18.44,-0.028451,287495.94,529349.71606
300323,2026-08-10,12.0,-0.022005,540790.35,646589.8616
300324,2026-08-10,3.81,0.007937,283973.06,107568.67333
300326,2026-08-10,6.25,0.017915,67006.81,41238.40683
300327,2026-08-10,22.87,-0.012095,98906.61,224825.80789
300328,2026-08-10,14.87,0.016405,275544.91,401257.38944
300329,2026-08-10,12.34,-0.044152,54358.0,68325.502
300331,2026-08-10,46.76,-0.008061,114269.24,530750.11344
300332,2026-08-10,4.87,0.020964,214074.9,103676.89528
300334,2026-08-10,8.65,0.010513999999999999,74369.04,63210.13436
300335,2026-08-10,5.59,0.046816,239224.37,131366.46187
300337,2026-08-10,10.56,0.026239,199767.59,207911.60959
300338,2026-08-10,2.84,-0.010452999999999999,63285.0,17885.67
300339,2026-08-10,38.17,-0.012164,162383.13,620891.75701
300340,2026-08-10,8.67,0.024822999999999998,61508.8,52910.2704
300341,2026-08-10,13.36,0.002251,37718.0,50163.3605
300342,2026-08-10,37.0,0.010929,166780.66,606526.24301
300343,2026-08-10,6.15,0.006547,236947.8,144983.7844
300345,2026-08-10,6.37,0.10017300000000001,468195.77,283392.86065
300346,2026-08-10,59.39,0.018347,637892.43,3751721.36547
300347,2026-08-10,54.97,0.011408,349372.8,1943771.8363
300348,2026-08-10,9.53,-0.00418,147448.25,140680.2128
300349,2026-08-10,10.72,0.018044,89058.0,94676.275
300350,2026-08-10,4.42,0.023148,129203.59,56303.88365
300351,2026-08-10,14.2,-0.012517,82567.09,116778.06644
300352,2026-08-10,2.51,0.004,163545.34,40970.52084
300353,2026-08-10,20.28,0.0557,259311.18,511487.02692
300354,2026-08-10,31.07,0.025413,23642.85,72759.5758
300355,2026-08-10,2.98,0.024055,235514.79,69568.57801
300357,2026-08-10,25.01,0.005225,159844.92,403179.54462
300358,2026-08-10,9.18,-0.002174,335286.22,310312.83884
300359,2026-08-10,4.42,0.054893,486292.5,213317.8725
300360,2026-08-10,12.43,0.009748,42751.12,52848.07044
300363,2026-08-10,21.65,0.059198,855238.53,1843743.56375
300364,2026-08-10,25.7,-0.04673600000000001,893239.74,2275098.75081
300365,2026-08-10,4.83,0.014705999999999999,117711.31,56484.62242
300366,2026-08-10,5.06,0.022222,73324.0,36583.414
300368,2026-08-10,9.47,0.021575,257548.64,241403.55621
300369,2026-08-10,7.51,0.001333,687686.6,513544.50451
300370,2026-08-10,2.16,0.018868,243825.71,52112.6231
300371,2026-08-10,10.39,0.025666,24148.4,24773.1358
300373,2026-08-10,94.11,-0.029093,144353.91,1355549.96989
300374,2026-08-10,11.19,0.025665,35120.0,39016.042
300375,2026-08-10,4.0,0.020408,108302.0,43051.732
300376,2026-08-10,4.82,0.012605,211126.0,101114.43733
300377,2026-08-10,14.29,-0.006259,222939.64,318699.04917
300378,2026-08-10,36.52,-0.0038190000000000003,100344.85,367701.31999
300380,2026-08-10,30.3,0.0,21928.88,66310.5274
300381,2026-08-10,6.15,0.028428,79937.25,48893.16375
300382,2026-08-10,14.25,-0.004888,217679.5,304266.64441
300383,2026-08-10,13.44,-0.011038,708948.47,946451.65441
300384,2026-08-10,12.45,0.017988999999999998,23876.09,29553.58378
300385,2026-08-10,11.0,-0.009009,37563.0,41125.766
300386,2026-08-10,11.78,-0.006745,215052.4,252359.3816
300387,2026-08-10,7.34,0.02514,53804.42,39204.181
300388,2026-08-10,6.92,0.035928,83122.43,56829.89218
300389,2026-08-10,12.6,-0.010989,93724.81,117731.11339
300390,2026-08-10,62.46,0.028995000000000003,511486.29,3190931.84299
300393,2026-08-10,6.31,0.0096,150559.54,94277.4243
300394,2026-08-10,223.03,-0.033163,466717.54,10437271.2805
300395,2026-08-10,86.95,-0.029575999999999998,307699.03,2673750.38948
300396,2026-08-10,7.48,0.030303,42397.8,31254.0362
300397,2026-08-10,11.9,0.084777,376393.27,432248.45321
300398,2026-08-10,36.5,-0.008421999999999999,381631.38,1387048.82954
300399,2026-08-10,17.82,0.014229,28338.52,50038.67804
300400,2026-08-10,30.9,0.006515,285453.0,854860.781
300401,2026-08-10,14.55,0.030453,346700.74,500452.93474
300402,2026-08-10,15.33,0.02748,33691.0,50814.103
300403,2026-08-10,9.78,0.014523,94696.97,91308.03806
300404,2026-08-10,11.23,0.030275,494852.04,552861.00811
300405,2026-08-10,5.62,0.027422,86569.45,48017.7742
300406,2026-08-10,11.83,0.006808999999999999,64993.1,77227.57411
300407,2026-08-10,12.78,0.021583,130658.0,166023.234
300408,2026-08-10,126.9,-0.003846,802969.74,9976998.65737
300409,2026-08-10,19.07,-0.010379000000000001,316191.16,603010.08436
300410,2026-08-10,7.87,-0.002535,192780.53,150136.60407
300411,2026-08-10,7.52,0.020353,80045.0,59832.54937
300412,2026-08-10,4.47,0.027586,131661.18,58262.64228
300413,2026-08-10,16.18,0.01125,151416.44,243796.87594
300414,2026-08-10,11.85,0.03223,175306.97,204845.97872
300415,2026-08-10,21.21,-0.0032890000000000003,61278.0,129730.88
300416,2026-08-10,15.35,0.001958,151262.31,231434.24621
300417,2026-08-10,10.94,0.032075,28988.5,31229.1535
300418,2026-08-10,44.28,-0.013368999999999999,565230.99,2500365.13537
300419,2026-08-10,9.58,0.016985,105693.46,101606.74958
300420,2026-08-10,8.15,-0.010922000000000001,1162062.0,936035.9917
300421,2026-08-10,17.7,0.002265,42947.54,75611.0134
300422,2026-08-10,4.66,0.042506,124789.07,57038.98216
300423,2026-08-10,5.89,0.040636,133927.5,77537.022
300424,2026-08-10,14.61,0.027426,90715.69,130257.09465
300425,2026-08-10,4.07,0.030379999999999997,153599.29,61767.21926
300426,2026-08-10,6.5,0.094276,576255.0,384928.355
300427,2026-08-10,7.24,0.043228,491794.0,351558.922
300428,2026-08-10,19.38,0.018392,68318.0,131693.29887
300429,2026-08-10,10.64,-0.005607,180196.0,190474.388
300430,2026-08-10,4.72,0.006397000000000001,65466.69,30453.65083
300432,2026-08-10,16.22,0.011853,315970.75,509665.58348
300433,2026-08-10,34.89,-0.028134000000000003,968702.35,3374565.51873
300434,2026-08-10,11.6,0.0131,300732.6,347252.7723
300435,2026-08-10,17.32,-0.010286,105078.0,181083.818
300436,2026-08-10,96.7,-0.0018579999999999998,96275.61,953202.01918
300437,2026-08-10,11.33,0.026268,74240.0,83593.704
300438,2026-08-10,62.81,0.001914,194007.67,1208038.25101
300439,2026-08-10,9.24,-0.001081,60602.0,55916.081
300440,2026-08-10,19.38,0.02,76658.0,145755.098
300441,2026-08-10,6.95,0.020558,57961.42,39968.10618
300442,2026-08-10,67.68,-0.029677,300867.02,2036501.91541
300443,2026-08-10,21.28,0.008531,43063.0,91071.68135
300444,2026-08-10,11.42,0.07029099999999999,1219306.2,1370095.04796
300445,2026-08-10,19.27,0.020657000000000002,20781.81,39688.78043
300446,2026-08-10,14.14,0.012894000000000001,72105.0,101152.955
300447,2026-08-10,14.05,0.01444,36554.7,50634.1631
300448,2026-08-10,5.78,0.02847,194822.0,111495.378
300449,2026-08-10,7.19,0.0,81926.9,58620.5911
300450,2026-08-10,35.05,0.004298,312003.44,1090288.9044
300451,2026-08-10,3.69,0.016529000000000002,297907.24,109947.89467
300452,2026-08-10,12.78,0.015091,56530.07,72228.80653
300453,2026-08-10,9.71,0.016754,125739.74,121725.82704
300454,2026-08-10,124.06,0.00911,155864.46,1929068.50198
300455,2026-08-10,19.85,0.018471,81143.05,158967.37155
300456,2026-08-10,31.47,-0.015331999999999998,210721.26,661565.64296
300457,2026-08-10,20.42,0.014911,87320.65,177305.31849
300458,2026-08-10,33.99,-0.01763,523628.82,1766291.12334
300459,2026-08-10,3.82,0.010582000000000001,786298.99,297245.04067
300460,2026-08-10,8.67,-0.002301,26590.0,22814.435
300461,2026-08-10,31.88,-0.001879,26835.0,84903.8
300462,2026-08-10,11.43,-0.029710999999999998,9598.0,11052.875
300463,2026-08-10,9.42,0.007487000000000001,83923.96,78954.61836
300464,2026-08-10,6.6,0.032864,99314.0,64888.006
300465,2026-08-10,12.82,0.019077999999999998,213727.0,270842.46623
300466,2026-08-10,7.43,0.013643,55523.57,40794.13137
300467,2026-08-10,34.54,0.014689,31236.44,107068.39896
300468,2026-08-10,21.82,-0.013116000000000001,253341.02,556294.3989
300469,2026-08-10,60.73,0.014363999999999998,59055.98,353139.99044
300470,2026-08-10,29.9,0.01253,12488.0,37128.834
300471,2026-08-10,9.81,0.015528,59307.4,57772.9465
300472,2026-08-10,6.92,0.013177000000000001,23493.0,16212.559
300473,2026-08-10,22.62,0.013441000000000002,37281.0,83258.631
300474,2026-08-10,54.09,0.017112000000000002,114613.57,614762.34288
300475,2026-08-10,156.64,-0.012918,269664.75,4183533.23196
300476,2026-08-10,286.0,0.0207,605447.12,16985216.3003
300477,2026-08-10,2.69,0.015094000000000002,231522.64,61587.85212
300478,2026-08-10,30.47,0.034635,45361.0,136435.968
300479,2026-08-10,14.09,0.009312,33253.0,46551.929
300480,2026-08-10,35.13,0.0022819999999999997,247646.95,861055.42056
300481,2026-08-10,14.01,-0.006383,85854.4,119638.13572
300482,2026-08-10,17.89,0.021119,87361.0,156123.769
300483,2026-08-10,23.68,0.016745,109124.45,254954.3057
300484,2026-08-10,13.25,0.006839,33079.72,43522.32535
300485,2026-08-10,9.78,0.015576000000000001,129917.3,126816.8503
300486,2026-08-10,20.11,-0.015663,78411.5,156612.399
300487,2026-08-10,69.79,0.015718,76514.0,534122.94725
300488,2026-08-10,32.33,0.026675,66547.82,212670.92106
300489,2026-08-10,237.0,-0.0125,140965.17,3290004.44134
300490,2026-08-10,12.19,0.022650999999999998,106007.31,127156.65119
300491,2026-08-10,28.19,0.001777,141812.0,397673.011
300492,2026-08-10,26.61,0.00037600000000000003,57090.79,152468.55354
300493,2026-08-10,12.99,-0.011415999999999999,93846.53,121755.35324
300494,2026-08-10,8.9,-0.002242,119853.0,106219.982
300496,2026-08-10,61.53,-0.01552,116227.68,719117.48688
300497,2026-08-10,19.03,-0.00105,298357.18,562836.51242
300498,2026-08-10,14.04,0.035398,711772.49,993719.95802
300499,2026-08-10,28.35,-0.025773,169543.69,480761.52156
300500,2026-08-10,9.41,0.035204,33740.0,31407.773
300501,2026-08-10,10.28,0.0058709999999999995,35263.32,35935.23181
300502,2026-08-10,399.6,-0.050719,668240.12,26690707.3452
300503,2026-08-10,72.24,-0.030205000000000003,198050.22,1425052.17114
300504,2026-08-10,14.65,-0.0067800000000000004,53936.5,78388.415
300505,2026-08-10,19.55,0.019823,180799.95,351889.25075
300506,2026-08-10,5.11,-0.095575,983195.04,505908.26754
300507,2026-08-10,6.67,0.013678,74212.13,49244.3921
300508,2026-08-10,46.55,0.002801,48807.01,226179.91624
300509,2026-08-10,8.63,0.027381000000000003,56931.74,48360.94306
300510,2026-08-10,3.55,0.041056,371667.0,130006.162
300511,2026-08-10,5.49,0.041746,282480.28,153238.80132
300512,2026-08-10,7.21,0.022695,50497.0,36017.0235
300513,2026-08-10,7.29,0.016736,59165.5,42924.99
300514,2026-08-10,9.73,0.03072,27447.75,26515.3635
300515,2026-08-10,16.13,0.010652,51527.0,82829.996
300516,2026-08-10,31.47,0.010597,45183.8,140852.8035
300517,2026-08-10,10.09,0.045596,51723.3,51083.6835
300518,2026-08-10,25.08,0.013333,102126.63,253700.47448
300519,2026-08-10,14.35,0.012702999999999999,62703.31,89822.17399
300520,2026-08-10,26.99,0.023124,94797.06,253155.17379
300521,2026-08-10,24.21,0.03109,36773.93,87363.61871
300522,2026-08-10,13.67,-0.010853999999999999,176748.6,238594.05544
300523,2026-08-10,20.0,0.035197,30341.52,59350.9865
300525,2026-08-10,9.0,-0.0022170000000000002,208365.03,188309.56176
300527,2026-08-10,7.96,0.021823000000000002,76476.34,60506.80043
300528,2026-08-10,14.8,0.060171999999999996,404069.44,586410.51816
300529,2026-08-10,16.41,0.001832,167521.93,276329.24142
300530,2026-08-10,20.73,0.091053,144464.0,293373.4015
300531,2026-08-10,17.14,-0.0017469999999999999,140210.3,240329.4552
300532,2026-08-10,7.23,0.029914999999999997,144119.74,103354.15143
300533,2026-08-10,15.51,0.017717,63340.41,97106.80378
300534,2026-08-10,15.88,-0.033475000000000005,981339.1,1588522.78839
300535,2026-08-10,15.5,0.065292,30737.44,46493.55368
300536,2026-08-10,9.04,0.018018,63407.0,56793.495
300537,2026-08-10,20.22,-0.000494,97983.0,196687.326
300538,2026-08-10,15.08,0.02168,66557.0,99235.891
300539,2026-08-10,19.4,0.0062239999999999995,43645.0,83796.996
300540,2026-08-10,34.12,-0.028197,273921.78,926851.00124
300541,2026-08-10,10.79,0.0018570000000000001,84523.5,91019.0346
300542,2026-08-10,12.2,0.011609000000000001,39002.8,47387.6226
300543,2026-08-10,7.84,0.01423,56715.94,44177.51614
300545,2026-08-10,28.65,-0.001046,67379.0,191073.292
300546,2026-08-10,16.76,0.009639,72554.66,119923.23836
300547,2026-08-10,25.42,-0.014347,72174.0,182029.403
300548,2026-08-10,171.15,-0.033269,169845.61,2897045.06692
300549,2026-08-10,14.17,0.025326,19218.09,26992.76969
300550,2026-08-10,12.13,0.015913,55454.0,66583.538
300551,2026-08-10,10.31,0.032032,102540.0,104249.153
300552,2026-08-10,22.23,-0.0155,101143.09,223668.53858
300553,2026-08-10,45.55,-0.006543,45931.79,208356.48933
300554,2026-08-10,20.98,0.002389,27567.92,57249.89474
300555,2026-08-10,12.54,0.0,8585.0,10714.0
300556,2026-08-10,16.23,0.011845000000000001,39025.19,62961.62396
300557,2026-08-10,26.23,-0.023091,34899.18,91317.04305
300558,2026-08-10,69.88,-0.004699999999999999,251372.75,1758676.66696
300559,2026-08-10,11.42,-0.006091999999999999,71261.0,81214.1785
300560,2026-08-10,16.76,0.017608,122602.0,201344.454
300561,2026-08-10,18.06,-0.021668,228196.71,416336.28902
300562,2026-08-10,15.98,0.036316,162980.0,258293.01578
300563,2026-08-10,23.92,-0.010752999999999999,24102.13,57388.61546
300564,2026-08-10,12.75,0.0625,54829.95,68141.32268
300565,2026-08-10,9.78,-0.028798,136693.67,133591.98622
300566,2026-08-10,28.21,0.046753,291899.22,794859.18559
300567,2026-08-10,235.66,0.052476,122073.78,2868487.5339
300568,2026-08-10,14.13,0.044346,720944.08,987845.40292
300569,2026-08-10,4.99,0.02045,148390.3,73569.50892
300570,2026-08-10,141.99,-0.01004,194487.06,2764420.65075
300571,2026-08-10,34.09,-0.024886,76727.0,260472.197
300572,2026-08-10,20.45,0.0,37398.0,75554.624
300573,2026-08-10,42.95,0.007979,123439.72,531638.12775
300575,2026-08-10,5.64,0.025455000000000002,142462.0,79911.2065
300576,2026-08-10,32.74,0.023445,393860.3,1281907.99498
300577,2026-08-10,18.36,-0.002716,36959.0,67328.03
300578,2026-08-10,16.71,0.025783,42996.5,70484.902
300579,2026-08-10,22.45,-0.000445,27926.94,62744.65337
300580,2026-08-10,20.93,-0.027868,97242.08,204034.43664
300581,2026-08-10,10.53,0.036417000000000005,218358.6,226569.24398
300582,2026-08-10,11.25,0.008969,46034.0,51416.389
300583,2026-08-10,13.03,0.02116,47626.4,61598.526
300584,2026-08-10,35.71,-0.007503999999999999,60940.5,217590.619
300585,2026-08-10,15.9,0.035156,47037.0,73618.199
300586,2026-08-10,9.41,0.014009,339863.19,318845.52693
300587,2026-08-10,5.07,0.016032,368736.8,185180.85471
300588,2026-08-10,22.61,0.013900999999999998,35967.8,80286.6878
300589,2026-08-10,13.92,0.05056600000000001,432281.03,592024.89012
300590,2026-08-10,11.04,-0.012522,190113.4,208475.7916
300591,2026-08-10,8.03,0.07640799999999999,349746.0,273763.1279
300592,2026-08-10,16.56,-0.034402,167340.99,277858.23562
300593,2026-08-10,27.33,-0.028094,326686.36,881851.84646
300594,2026-08-10,15.5,0.037483,18489.98,28300.68834
300595,2026-08-10,11.76,0.033392,249322.49,294498.60122
300596,2026-08-10,43.1,0.021327,36276.95,155497.7959
300597,2026-08-10,7.72,0.01847,49000.0,37504.917
300598,2026-08-10,29.51,-0.002704,51452.69,151604.9185
300599,2026-08-10,11.81,-0.003376,86786.0,100883.252
300600,2026-08-10,10.53,0.037438,74477.8,77339.4268
300601,2026-08-10,12.75,-0.007782,165614.18,211909.33571
300602,2026-08-10,36.2,-0.029491,155228.87,562796.53056
300603,2026-08-10,7.96,0.0,82694.0,65570.163
300604,2026-08-10,288.08,0.017196,224927.25,6442589.10407
300605,2026-08-10,10.98,0.048711000000000004,205001.74,222493.54698
300606,2026-08-10,35.54,0.034945,106260.5,363910.751
300607,2026-08-10,32.83,-0.01736,224250.94,735355.48863
300608,2026-08-10,10.58,-0.010289999999999999,86962.01,91660.32657
300609,2026-08-10,26.0,-0.007255,24138.0,62470.835
300610,2026-08-10,10.07,0.030706,33852.4,33623.7988
300611,2026-08-10,24.2,0.001656,23388.0,56603.808
300612,2026-08-10,12.51,0.022059000000000002,78532.87,97186.59441
300613,2026-08-10,74.15,-0.0013469999999999999,156016.92,1147493.79617
300614,2026-08-10,10.71,0.023901,27971.0,29588.55919
300615,2026-08-10,17.3,0.006399,414097.27,708747.67556
300616,2026-08-10,10.5,0.015474000000000002,49834.0,51823.924
300617,2026-08-10,42.48,0.009506,82343.3,355551.9011
300618,2026-08-10,39.9,0.084534,299346.23,1200712.59602
300619,2026-08-10,26.87,-0.037952,85275.58,229534.66165
300620,2026-08-10,284.5,-0.012426999999999999,123869.36,3491949.16995
300621,2026-08-10,7.31,0.032486,43089.0,31170.235
300622,2026-08-10,15.87,0.012117,110403.37,174718.4119
300623,2026-08-10,26.62,0.007952,287559.71,763900.78299
300624,2026-08-10,55.74,-0.009595,93843.41,523998.06094
300625,2026-08-10,9.62,0.031083,25950.43,24718.75548
300626,2026-08-10,30.23,-0.043354,60930.71,185681.20777
300627,2026-08-10,28.51,0.012428999999999999,84960.86,240249.38996
300628,2026-08-10,40.03,0.021695000000000002,146692.24,584413.17215
300629,2026-08-10,17.86,-0.002235,72683.13,129222.78653
300631,2026-08-10,22.61,0.025397,22141.59,49511.3642
300632,2026-08-10,18.71,-0.023996,249596.47,465952.67611
300633,2026-08-10,20.45,0.005903,58607.98,120999.27522
300634,2026-08-10,20.22,-0.018923000000000002,87355.37,177512.21842
300635,2026-08-10,11.89,0.024117000000000003,33943.0,39786.239
300636,2026-08-10,7.05,0.01585,110892.0,77945.138
300637,2026-08-10,9.12,0.014461,43841.0,39473.354
300638,2026-08-10,20.43,-0.019202999999999998,183368.45,375321.85045
300639,2026-08-10,5.89,0.0068379999999999995,141776.03,83346.74049
300640,2026-08-10,6.97,0.104596,263183.7,175971.5295
300641,2026-08-10,15.06,0.025187,107094.0,160985.0635
300642,2026-08-10,13.79,0.040755,77447.07,106718.71666
300643,2026-08-10,19.21,0.041192,97490.48,184578.18574
300644,2026-08-10,21.89,0.010619,15742.0,34275.617
300645,2026-08-10,13.19,0.020108,53038.0,69012.282
300647,2026-08-10,5.71,0.008834,163330.25,92636.81725
300648,2026-08-10,40.13,-0.004218,24491.84,97640.73244
300649,2026-08-10,25.59,0.048341,85395.4,210794.7298
300650,2026-08-10,11.64,0.008666,45795.0,52680.78255
300651,2026-08-10,17.97,0.040533,71699.55,126841.77682
300652,2026-08-10,29.94,0.010804000000000001,18272.4,54352.3912
300653,2026-08-10,15.35,-0.00454,36926.0,56483.316
300654,2026-08-10,11.43,0.036265,379521.85,423953.45669
300655,2026-08-10,13.37,-0.008159999999999999,492935.07,657529.17738
300656,2026-08-10,27.38,0.053482,79812.08,214971.14108
300657,2026-08-10,35.6,-0.024658000000000003,248414.12,883464.93788
300658,2026-08-10,11.07,0.034579,100570.2,109741.4036
300659,2026-08-10,10.5,0.017442,65637.2,68157.368
300660,2026-08-10,27.02,-0.039801,101037.25,273752.78316
300661,2026-08-10,110.27,-0.012624999999999999,161458.19,1741032.32514
300662,2026-08-10,21.12,0.024248,53313.92,111624.2698
300663,2026-08-10,9.92,0.02268,518786.02,510787.53829
300664,2026-08-10,4.66,0.02193,97532.02,45084.1583
300665,2026-08-10,9.49,-0.0062829999999999995,89113.32,84423.57508
300666,2026-08-10,261.68,0.036192,224288.97,5782895.34613
300667,2026-08-10,14.81,0.034218,86642.19,127048.04771
300668,2026-08-10,35.85,-0.09469699999999999,85642.5,311436.5725
300669,2026-08-10,22.75,-0.0017549999999999998,8282.0,18760.023
300670,2026-08-10,6.19,0.026534,70835.5,43319.1395
300671,2026-08-10,62.82,-0.017209000000000002,119384.69,747102.43495
300672,2026-08-10,170.52,0.012108,155779.0,2584998.64353
300673,2026-08-10,13.95,0.05283,52285.5,71832.8505
300674,2026-08-10,16.27,0.001231,124447.88,201530.13272
300675,2026-08-10,12.78,0.034817999999999995,26333.49,33346.51134
300676,2026-08-10,40.69,0.018268,148802.45,611165.39929
300677,2026-08-10,49.6,-0.018599,107611.06,539262.01077
300678,2026-08-10,23.6,0.005968,51046.4,120137.54608
300679,2026-08-10,40.87,-0.031286999999999995,173673.33,709125.85869
300680,2026-08-10,22.11,-0.0022559999999999998,49365.75,108783.89269
300681,2026-08-10,21.23,-0.011639,75576.63,159550.51514
300682,2026-08-10,11.6,-0.000861,131535.43,152310.0781
300683,2026-08-10,29.17,-0.008834999999999999,113592.06,334484.26132
300684,2026-08-10,51.75,0.000967,136671.92,701724.08626
300685,2026-08-10,18.74,0.039956,174098.31,327830.56848
300686,2026-08-10,15.94,0.02114,212307.2,334775.3168
300687,2026-08-10,27.25,-0.02609,184482.4,500429.82997
300688,2026-08-10,31.45,0.028114,187369.6,583207.0608
300689,2026-08-10,53.43,0.036671,28866.0,150272.239
300690,2026-08-10,21.69,0.009777000000000001,23256.61,50300.76101
300691,2026-08-10,13.66,0.008863,33300.92,45224.64405
300692,2026-08-10,9.55,0.026882000000000003,417204.65,397503.79154
300693,2026-08-10,38.85,0.01675,133481.79,515907.55269
300694,2026-08-10,10.9,0.0254,42540.0,45848.571
300695,2026-08-10,50.56,0.023482,10322.0,51677.56884
300696,2026-08-10,21.17,0.02767,73609.31,153424.90472
300697,2026-08-10,14.84,-0.006693,147157.55,216880.14566
300698,2026-08-10,25.6,0.000782,28326.46,72010.4493
300699,2026-08-10,26.66,0.014459999999999999,131914.71,348328.89301
300700,2026-08-10,18.63,0.032132999999999995,127661.03,233620.78221
300701,2026-08-10,9.75,0.017745,38379.0,37028.447
300702,2026-08-10,22.65,0.037088,81425.71,185796.95108
300703,2026-08-10,13.94,0.064122,128065.75,175799.17375
300705,2026-08-10,11.35,0.0,89500.86,102147.66238
300706,2026-08-10,54.16,0.010447999999999999,132229.0,709340.576
300707,2026-08-10,12.27,0.026778,44923.03,54522.43854
300708,2026-08-10,7.82,0.011642999999999999,138825.32,107933.45353
300709,2026-08-10,38.13,-0.009353,85579.44,324048.11402
300710,2026-08-10,28.4,0.012839,24302.89,68335.41725
300711,2026-08-10,18.65,-0.06375499999999999,212554.36,401873.59491
300712,2026-08-10,21.82,0.047527999999999994,34271.68,73762.11094
300713,2026-08-10,13.18,0.03535,32869.88,42874.88084
300715,2026-08-10,14.03,0.010079,133198.08,186218.37748
300716,2026-08-10,18.13,-0.008206,21035.0,38198.84
300717,2026-08-10,18.53,0.017573000000000002,32881.02,60126.66964
300718,2026-08-10,65.41,-0.049135,126264.54,836301.15676
300719,2026-08-10,11.82,0.019844999999999998,34100.0,39982.611
300720,2026-08-10,79.75,0.050033,151013.62,1194563.15278
300721,2026-08-10,23.74,0.018447,154095.9,359273.5384
300722,2026-08-10,22.56,0.034388,48761.29,108802.15095
300723,2026-08-10,37.3,-0.018163,151646.94,577795.24759
300724,2026-08-10,59.6,0.00084,73296.2,435907.97824
300725,2026-08-10,49.61,0.044421,540459.44,2689662.00297
300726,2026-08-10,54.44,-0.000184,155671.44,835007.73725
300727,2026-08-10,27.87,-0.022791000000000002,32489.35,90662.20882
300729,2026-08-10,10.39,0.022638,26782.85,27727.59905
300730,2026-08-10,12.1,0.001656,39015.5,46935.522
300731,2026-08-10,37.88,-0.01738,66452.8,249240.6176
300732,2026-08-10,6.19,0.038591,81085.51,49453.82756
300733,2026-08-10,14.35,0.009142,58003.0,82536.7626
300735,2026-08-10,20.71,0.01123,136184.45,279025.18651
300736,2026-08-10,28.0,-0.027440000000000003,37897.0,106493.339
300737,2026-08-10,5.22,0.017544,221577.2,115034.693
300738,2026-08-10,22.84,0.011067,565351.64,1273419.36525
300739,2026-08-10,22.89,-0.024297,135626.91,308497.4736
300740,2026-08-10,22.23,0.031555,276776.73,608810.89375
300741,2026-08-10,13.5,0.016566,25767.0,34688.377
300743,2026-08-10,15.23,0.021462,22634.0,34135.35
300745,2026-08-10,29.58,-0.014329000000000001,92785.69,270736.18519
300746,2026-08-10,15.05,0.012105,64379.5,95662.794
300747,2026-08-10,35.33,-0.021330000000000002,199387.95,702374.83222
300748,2026-08-10,28.4,0.019382999999999997,400145.42,1122083.61149
300749,2026-08-10,23.5,0.063348,72437.0,166513.8692
300750,2026-08-10,393.87,0.018621000000000002,231609.3,9025386.57795
300751,2026-08-10,172.14,0.002154,58315.99,1000586.40925
300752,2026-08-10,10.34,0.015717000000000002,65542.8,66810.43
300753,2026-08-10,23.88,0.014443999999999999,182666.79,438293.67511
300755,2026-08-10,11.89,0.026770000000000002,76314.01,90180.27089
300756,2026-08-10,31.53,0.035468,47311.6,148411.9362
300757,2026-08-10,488.18,-0.042784,86774.46,4238245.04288
300758,2026-08-10,11.26,-0.011414,161778.51,179980.84798
300759,2026-08-10,47.03,0.038647999999999995,1341186.53,6345847.68709
300760,2026-08-10,155.58,0.027541000000000003,140124.68,2176826.51551
300761,2026-08-10,19.4,0.043572,126407.91,244079.93032
300762,2026-08-10,33.13,0.006072999999999999,295734.48,962759.95031
300763,2026-08-10,62.1,-0.010359,86714.73,538815.29699
300765,2026-08-10,40.78,-0.009713000000000001,291487.33,1213686.56801
300766,2026-08-10,24.47,-0.006899,196841.9,480181.12512
300767,2026-08-10,18.52,-0.0016170000000000002,56988.74,105716.0985
300768,2026-08-10,16.79,-0.005920999999999999,110564.9,185214.29363
300769,2026-08-10,47.17,0.0036170000000000004,151140.09,711098.83206
300770,2026-08-10,34.51,0.014403,18759.0,64527.63787
300771,2026-08-10,12.1,0.003317,40575.0,48797.514
300772,2026-08-10,12.48,-0.0039900000000000005,112918.02,140388.56358
300773,2026-08-10,16.0,0.007557,436601.73,698118.72963
300774,2026-08-10,11.0,0.002735,95907.05,104424.2886
300775,2026-08-10,22.16,0.021198,129748.45,285184.43135
300776,2026-08-10,115.9,-0.054109,111693.47,1293382.43744
300777,2026-08-10,25.25,0.005175,77690.68,194186.49612
300778,2026-08-10,10.68,0.015208999999999999,40807.19,43119.38495
300779,2026-08-10,74.03,-0.009632,162775.63,1212439.43323
300780,2026-08-10,20.58,0.004392,67343.0,136226.562
300781,2026-08-10,28.98,0.00034500000000000004,49333.6,141726.14418
300782,2026-08-10,76.41,-0.020636,121479.65,929203.32023
300783,2026-08-10,18.0,0.02916,107940.18,193442.45316
300784,2026-08-10,40.97,0.026046,6065.5,24545.8035
300785,2026-08-10,39.69,-0.019031,89972.5,355332.1215
300786,2026-08-10,15.94,0.008223000000000001,85874.33,135460.37524
300787,2026-08-10,8.91,0.019451,34476.49,30484.00159
300788,2026-08-10,26.06,0.013219000000000002,32891.0,85326.571
300789,2026-08-10,18.66,0.002687,58772.26,108921.02223
300790,2026-08-10,17.5,-0.018508,213651.4,372124.8388
300791,2026-08-10,17.31,0.021238999999999997,18645.67,32023.51145
300792,2026-08-10,25.29,0.001981,59609.0,149735.93249
300793,2026-08-10,11.34,0.0035399999999999997,61361.3,68692.1391
300795,2026-08-10,16.14,0.039948000000000004,431084.21,698387.8823
300796,2026-08-10,6.78,0.028832,54045.0,36511.834
300797,2026-08-10,13.33,0.053755,67983.5,89421.5115
300798,2026-08-10,7.78,0.044295,408307.73,310199.59913
300800,2026-08-10,10.0,0.035197,38144.0,37711.885
300801,2026-08-10,23.94,-0.00416,60783.0,145031.63
300802,2026-08-10,23.13,0.024811999999999997,133252.32,296719.4908
300803,2026-08-10,83.93,-0.000833,126604.66,1063598.68654
300804,2026-08-10,43.9,0.079951,28650.0,121849.784
300805,2026-08-10,8.55,0.027644000000000002,139073.0,117446.782
300806,2026-08-10,47.11,-0.016287,326105.37,1522395.11541
300807,2026-08-10,38.2,0.002888,9138.0,34911.315
300808,2026-08-10,18.81,0.034653,21342.0,39435.081
300809,2026-08-10,25.1,0.028689,112773.97,280076.26608
300810,2026-08-10,24.94,0.018375,18209.0,44884.344
300811,2026-08-10,70.48,-0.007044,152420.49,1080706.24763
300812,2026-08-10,19.53,-0.019577999999999998,65367.0,127092.6682
300813,2026-08-10,20.75,0.038539,32271.27,66192.2027
300814,2026-08-10,140.0,-0.014015,96392.28,1327022.86245
300815,2026-08-10,16.71,0.022644,75387.74,124752.27596
300816,2026-08-10,52.46,0.0038269999999999997,48065.14,254658.38556
300817,2026-08-10,15.78,0.0012690000000000002,17256.31,27187.90818
300818,2026-08-10,21.64,0.016917,40177.95,86335.05798
300819,2026-08-10,46.78,-0.04041,44621.5,209501.94534
300820,2026-08-10,53.4,-0.01585,58202.0,308870.878
300821,2026-08-10,17.02,0.001766,564900.76,954219.90913
300822,2026-08-10,12.07,0.010042,53707.67,64267.41402
300823,2026-08-10,14.81,0.032056,29012.0,42429.424
300824,2026-08-10,8.07,0.04128999999999999,65475.88,52087.41912
300825,2026-08-10,11.09,-0.029746,212794.61,234312.47029
300826,2026-08-10,14.5,0.053014,60641.84,86153.16252
300827,2026-08-10,25.71,0.005082,105815.2,270770.78755
300828,2026-08-10,17.35,0.118633,172205.86,289563.15462
300829,2026-08-10,14.84,0.019931,40080.3,59156.5348
300830,2026-08-10,8.48,0.010727,71258.92,60106.54657
300831,2026-08-10,15.33,-0.018566,59449.0,91109.035
300832,2026-08-10,49.02,0.015117,115134.3,568604.06598
300833,2026-08-10,37.0,0.0043430000000000005,4920.0,18129.189
300834,2026-08-10,39.44,0.0030520000000000005,14879.21,58398.14027
300835,2026-08-10,147.67,-0.00169,29779.38,432955.6625
300836,2026-08-10,49.73,-0.009757,20942.0,102988.523
300837,2026-08-10,23.64,0.031863999999999996,18738.0,43640.215
300838,2026-08-10,13.75,0.031508,18815.0,25445.66262
300839,2026-08-10,10.81,0.0,40120.0,43131.612
300840,2026-08-10,20.8,0.0072640000000000005,70784.0,146633.363
300841,2026-08-10,49.05,0.015738000000000002,32819.14,160786.0566
300842,2026-08-10,57.97,-0.000517,37374.93,215208.41941
300843,2026-08-10,121.31,0.028312,75092.24,877074.63745
300844,2026-08-10,23.6,0.029219,10977.17,25522.77828
300845,2026-08-10,11.05,0.016559,70976.14,76795.3987
300846,2026-08-10,21.03,0.001906,241806.52,500041.57122
300847,2026-08-10,15.02,0.002001,121892.66,181619.46194
300848,2026-08-10,13.21,0.006860000000000001,33284.0,43619.155
300849,2026-08-10,22.0,-0.029126,30621.03,67937.50523
300850,2026-08-10,29.4,0.0027289999999999997,94925.94,280093.02869
300851,2026-08-10,23.96,0.025246,12496.0,29642.922
300852,2026-08-10,44.3,-0.028509000000000003,92187.64,406601.96134
300853,2026-08-10,26.38,-0.030503,46808.0,123563.694
300854,2026-08-10,17.97,0.025685,96143.67,171621.9328
300855,2026-08-10,31.32,0.020194999999999998,60188.81,184951.34864
300856,2026-08-10,11.14,0.019213,44226.5,49011.3661
300857,2026-08-10,252.1,-0.006189,182124.89,4541465.3582
300858,2026-08-10,14.75,0.013049,36141.0,53105.743
300859,2026-08-10,27.43,-0.002183,22198.81,60839.3864
300860,2026-08-10,26.77,0.010952,16448.36,43745.6922
300861,2026-08-10,17.37,0.002308,128987.57,222228.17523
300862,2026-08-10,22.81,0.199895,8805.38,20085.07178
300863,2026-08-10,41.59,0.023124,93807.55,387818.80841
300864,2026-08-10,19.09,0.019764999999999998,15978.24,30261.79499
300865,2026-08-10,24.44,0.063534,32214.15,77467.82535
300866,2026-08-10,119.95,0.023725999999999997,32942.18,394904.587
300867,2026-08-10,16.76,0.018226,37002.56,61855.46632
300868,2026-08-10,88.73,0.010132,42506.08,366281.46372
300869,2026-08-10,11.46,0.004382,41578.63,47754.72272
300870,2026-08-10,209.7,-0.014151,90759.4,1921804.92579
300871,2026-08-10,23.14,0.008279,51000.84,117957.5142
300872,2026-08-10,16.13,-0.017063,110469.39,178783.70388
300873,2026-08-10,17.37,0.030861,173414.46,294295.69926
300875,2026-08-10,37.92,0.09090899999999999,136708.86,493777.19086
300876,2026-08-10,15.56,0.025709,19174.0,29554.3806
300877,2026-08-10,25.25,0.015279000000000001,11435.5,28506.85092
300878,2026-08-10,33.27,-0.045063000000000006,62347.76,205571.18863
300879,2026-08-10,17.77,0.036756000000000004,63911.3,111651.2351
300880,2026-08-10,20.27,0.049172,45161.71,90028.74988
300881,2026-08-10,33.96,0.026292,17090.2,57114.9896
300882,2026-08-10,15.31,0.012565999999999999,19522.05,29808.63945
300883,2026-08-10,5.97,0.02931,130580.0,77014.69896
300884,2026-08-10,11.67,0.017437,41605.06,48186.88349
300885,2026-08-10,20.94,-0.005698,26742.11,55873.54689
300886,2026-08-10,23.64,0.050199999999999995,18523.25,43038.50825
300887,2026-08-10,7.79,-0.015170999999999999,324215.7,255359.71916
300888,2026-08-10,29.93,0.01149,50168.61,150601.06747
300889,2026-08-10,22.31,0.062381,69069.55,149351.19277
300890,2026-08-10,27.05,0.022684000000000003,44119.06,118150.85329
300891,2026-08-10,7.44,0.068966,108251.7,78710.96614
300892,2026-08-10,24.7,0.10613500000000001,104229.27,249553.64999
300893,2026-08-10,16.73,0.009656,25483.76,42364.1522
300894,2026-08-10,12.05,-0.013912,80474.21,96897.86011
300895,2026-08-10,52.65,-0.019736,40154.3,211301.49464
300896,2026-08-10,105.58,0.0030399999999999997,56923.08,601179.01279
300897,2026-08-10,15.97,-0.015413,57605.81,91242.42752
300898,2026-08-10,21.36,0.04501,72435.01,153118.58112
300899,2026-08-10,28.72,0.028285,5485.0,15622.436
300900,2026-08-10,25.16,0.0039900000000000005,210242.34,522037.05059
300901,2026-08-10,16.05,0.007533,43197.46,68471.01154
300902,2026-08-10,17.1,0.027027000000000002,51389.0,87028.586
300903,2026-08-10,69.98,-0.03249,525332.22,3697515.83419
300904,2026-08-10,42.79,0.043658999999999996,13329.57,56137.01889
300905,2026-08-10,39.42,-0.030497,66408.0,261739.914
300906,2026-08-10,28.12,0.076982,22320.49,61442.14224
300907,2026-08-10,40.55,-0.011217,24588.64,98914.99116
300908,2026-08-10,24.96,0.047859,42527.92,106776.36558
300909,2026-08-10,50.23,0.001595,31627.7,156228.08477
300910,2026-08-10,29.38,0.007890000000000001,43134.66,126523.68648
300911,2026-08-10,21.44,-0.012437,80686.99,172820.99913
300912,2026-08-10,21.39,0.06577,125979.26,267026.03072
300913,2026-08-10,35.26,-0.019739,64060.55,225803.80335
300915,2026-08-10,20.96,0.062342,27070.14,55832.56628
300916,2026-08-10,25.41,-0.0375,140473.33,359507.07416
300917,2026-08-10,26.83,0.027969,83765.78,224413.19688
300918,2026-08-10,10.68,0.0,55630.46,59548.83097
300919,2026-08-10,41.8,0.009418,120863.66,504866.28567
300920,2026-08-10,32.5,0.015625,16636.65,53615.98525
300921,2026-08-10,15.32,-0.012887,82518.4,125708.5168
300922,2026-08-10,17.62,0.038303,105307.47,183949.33802
300923,2026-08-10,23.75,0.033506999999999995,10719.0,25070.139
300925,2026-08-10,15.29,0.001966,66606.0,101759.082
300926,2026-08-10,17.76,0.0056630000000000005,33648.38,59788.74925
300927,2026-08-10,23.03,0.064233,83804.27,190705.36542
300928,2026-08-10,25.76,0.025886,15914.0,40443.549
300929,2026-08-10,14.24,0.019327,42720.21,60582.65586
300930,2026-08-10,25.81,0.022178,16076.0,40917.43628
300931,2026-08-10,11.95,0.0,37232.0,44615.822
300932,2026-08-10,10.29,0.038345,200865.1,204265.68032
300933,2026-08-10,6.89,-0.001449,154369.15,105852.61363
300935,2026-08-10,29.94,-0.111309,93042.0,280072.3464
300936,2026-08-10,73.8,0.043404,44944.23,323006.46213
300937,2026-08-10,26.76,0.020984,129301.75,346898.81764
300938,2026-08-10,28.24,0.0049819999999999994,147829.32,413438.92349
300939,2026-08-10,61.96,0.002751,29435.27,180474.67631
300940,2026-08-10,14.3,0.009174,43435.28,61607.36205
300941,2026-08-10,15.19,-0.011711000000000001,84267.46,127363.501
300942,2026-08-10,6.85,0.023916,85361.0,58037.44764
300943,2026-08-10,28.2,0.004631,136278.15,388142.92947
300945,2026-08-10,12.93,0.097623,316516.73,396526.8809
300946,2026-08-10,40.81,0.019231,13492.0,55335.743
300947,2026-08-10,14.51,0.033476,32892.0,47206.618
300948,2026-08-10,21.3,0.016706000000000002,33651.31,70245.31997
300949,2026-08-10,22.2,0.025404,10764.6,23644.9278
300950,2026-08-10,17.12,0.026379,21139.69,35744.90688
300951,2026-08-10,66.79,-0.024964,52261.34,347860.48866
300952,2026-08-10,17.34,0.002892,32171.1,55429.5694
300953,2026-08-10,100.65,-0.012461,61025.46,620236.28022
300955,2026-08-10,31.0,-0.000322,13402.42,41379.94775
300956,2026-08-10,11.2,0.011742999999999998,37893.84,42139.47098
300957,2026-08-10,33.93,0.019225000000000003,95682.42,323969.24963
300958,2026-08-10,11.78,0.047111,45815.23,53060.46503
300959,2026-08-10,99.32,-0.034979,33780.68,334466.96801
300960,2026-08-10,16.29,0.034286,15922.3,25746.5501
300961,2026-08-10,11.78,-0.004227,59750.0,69323.889
300962,2026-08-10,13.4,0.018237,23521.05,31388.2116
300963,2026-08-10,12.28,0.0065569999999999995,112155.27,137182.32813
300964,2026-08-10,55.78,-0.057451999999999996,81538.55,456792.70252
300965,2026-08-10,45.5,0.045977,13854.2,62298.298
300966,2026-08-10,26.74,-0.004097,32977.39,88467.83113
300967,2026-08-10,16.39,0.076165,108647.98,173821.38921
300968,2026-08-10,10.99,0.011971,109404.0,118595.10076
300969,2026-08-10,74.96,-0.017948,16499.96,123352.475
300970,2026-08-10,17.81,0.027105,51117.02,90252.00888
300971,2026-08-10,19.26,0.023923,20963.88,39735.07597
300972,2026-08-10,206.4,0.020116000000000002,17605.53,363336.5107
300973,2026-08-10,26.3,0.058776,64099.63,167272.83187
300975,2026-08-10,27.69,-0.018781000000000003,590881.36,1623759.01852
300976,2026-08-10,56.93,0.005475,53004.77,294357.81989
300977,2026-08-10,16.24,0.011838,13622.12,21869.6142
300978,2026-08-10,8.92,0.054374000000000006,83463.05,73249.05654
300979,2026-08-10,34.11,-0.0035060000000000004,50486.57,170719.29573
300980,2026-08-10,22.33,0.015462,40390.28,89145.93833
300981,2026-08-10,15.38,-0.042341,295825.27,459028.79603
300982,2026-08-10,15.87,0.047525000000000005,71944.6,114329.7856
300983,2026-08-10,42.25,0.023994,12260.68,50766.01712
300984,2026-08-10,33.55,-0.029786,26975.86,90693.67724
300985,2026-08-10,33.97,0.008012,57070.08,193710.8724
300986,2026-08-10,14.5,-0.02027,1117145.39,1672298.37042
300987,2026-08-10,13.74,0.026139000000000003,38689.5,52539.1415
300988,2026-08-10,15.14,0.012709,36780.8,55242.802
300989,2026-08-10,13.41,0.0037430000000000002,93846.15,124107.5051
300990,2026-08-10,72.79,-0.014353,63303.43,456485.43262
300991,2026-08-10,28.48,0.002817,25766.87,72607.68734
300992,2026-08-10,25.53,0.066862,33035.46,82455.72762
300993,2026-08-10,10.18,0.02004,51268.0,52577.461
300994,2026-08-10,11.47,0.043676000000000006,30825.2,34994.2616
300995,2026-08-10,26.67,0.022623,15158.0,39881.32
300996,2026-08-10,19.5,-0.008138,829455.28,1557036.32634
300997,2026-08-10,18.19,0.04902,271491.41,487017.39512
300998,2026-08-10,25.71,0.008631,43729.97,114495.63664
300999,2026-08-10,26.44,0.016141000000000003,106746.19,282026.34499
301000,2026-08-10,25.85,0.01095,42790.88,110446.63854
301001,2026-08-10,24.54,0.042924,20073.0,48734.378
301002,2026-08-10,28.48,-0.025325,52445.07,149795.56122
301003,2026-08-10,51.4,0.01022,16041.64,82594.7543
301004,2026-08-10,36.34,0.027424,9084.45,32855.98581
301005,2026-08-10,83.44,0.029742,160203.83,1307844.561
301006,2026-08-10,13.85,0.035901,18454.0,25083.421
301007,2026-08-10,29.82,-0.129851,114736.16,351744.38628
301008,2026-08-10,38.3,-0.075103,198953.58,752547.75558
301009,2026-08-10,9.26,0.036954,42221.0,38635.053
301010,2026-08-10,17.34,0.042694,20889.87,35676.92112
301011,2026-08-10,15.39,0.036364,28710.48,43703.48433
301012,2026-08-10,26.8,0.018624,127854.96,337641.52371
301013,2026-08-10,47.04,0.034983,428823.42,1942856.06886
301015,2026-08-10,24.23,0.015082,98909.83,238820.6531
301016,2026-08-10,13.15,0.002287,40993.99,53467.19102
301017,2026-08-10,13.79,-0.005051,120282.0,167464.85
301018,2026-08-10,89.42,0.031611,236611.86,2112743.03521
301019,2026-08-10,15.58,0.016971,20458.77,31709.92409
301020,2026-08-10,20.86,0.022549,20064.0,41547.62
301021,2026-08-10,66.85,-0.036049000000000005,112703.4,754649.15594
301022,2026-08-10,23.49,0.034802,14777.0,34382.94362
301023,2026-08-10,29.77,-0.001007,11451.16,33929.06512
301024,2026-08-10,32.71,0.021868,13260.14,42506.49201
301025,2026-08-10,9.13,0.033975,87123.99,78127.13524
301026,2026-08-10,22.37,-0.01972,210183.48,471067.79362
301027,2026-08-10,20.95,0.043847,58625.7,120624.50384
301028,2026-08-10,12.92,0.009375,41586.43,53053.6139
301029,2026-08-10,27.22,-0.019452,108925.18,294864.43722
301030,2026-08-10,8.27,-0.022458999999999996,79421.6,65476.6108
301031,2026-08-10,87.23,-0.006717999999999999,21590.28,188450.99813
301032,2026-08-10,10.17,0.025202,35264.01,35436.85889
301033,2026-08-10,59.7,-0.041117999999999995,21935.44,131814.20241
301035,2026-08-10,54.17,0.011767000000000001,13697.0,74269.40778
301036,2026-08-10,22.51,0.042612,24167.0,54153.55096
301037,2026-08-10,13.22,0.040126,22454.0,29399.3881
301038,2026-08-10,17.23,0.044876,64145.0,109205.8768
301039,2026-08-10,8.07,0.013819,165141.0,132942.413
301040,2026-08-10,27.04,0.017306,33013.47,88629.54278
301041,2026-08-10,24.52,-0.018415,47990.14,117486.83934
301042,2026-08-10,32.73,0.012999,87776.11,285240.14394
301043,2026-08-10,43.99,0.026125,7130.0,31075.174
301045,2026-08-10,66.25,-0.022861,51415.03,335477.52495
301046,2026-08-10,20.42,0.049332,48068.39,97828.84445
301047,2026-08-10,113.61,0.053114999999999996,192538.96,2324376.26453
301048,2026-08-10,9.22,0.01766,46702.0,42794.808
301049,2026-08-10,19.82,0.039329,13136.0,25642.126
301050,2026-08-10,32.07,0.011033999999999999,31513.28,100160.13252
301051,2026-08-10,20.72,0.199768,269868.99,524792.42825
301052,2026-08-10,24.98,0.017929999999999998,38481.77,95152.49244
301053,2026-08-10,39.0,-0.013906,45919.63,175474.75167
301055,2026-08-10,30.32,0.009657,32520.31,97779.5423
301056,2026-08-10,10.78,0.023742,28352.0,30117.429
301057,2026-08-10,22.04,0.037665000000000004,23159.0,50453.354
301058,2026-08-10,8.59,0.010588,77738.22,66695.51784
301059,2026-08-10,11.73,0.037135,38504.91,44406.59024
301060,2026-08-10,9.97,0.053911,203111.34,200330.52745
301061,2026-08-10,36.68,-0.021867,37131.46,136844.34362
301062,2026-08-10,6.7,0.045242000000000004,80124.23,52739.48534
301063,2026-08-10,17.99,0.027999999999999997,16414.0,29240.741
301065,2026-08-10,19.14,0.023529,15903.6,30236.3706
301066,2026-08-10,12.58,0.022764000000000003,34736.4,43383.839
301067,2026-08-10,31.24,0.129429,49782.75,148950.6914
301068,2026-08-10,30.01,0.034828,24428.27,73276.31995
301069,2026-08-10,17.26,0.028605000000000002,79225.12,135285.41458
301070,2026-08-10,67.6,0.0016300000000000002,40433.18,269792.11288
301071,2026-08-10,60.03,-0.025487000000000003,167717.59,998989.56332
301072,2026-08-10,35.15,0.018545,20235.63,69185.32021
301073,2026-08-10,18.49,0.022677,69803.91,128272.36651
301075,2026-08-10,55.66,0.003425,10609.0,58490.636
301076,2026-08-10,22.68,-0.006135000000000001,31448.33,71221.67304
301077,2026-08-10,20.81,0.010194000000000002,16219.1,33497.17011
301078,2026-08-10,7.48,0.017686999999999998,157622.83,117419.26476
301079,2026-08-10,30.01,0.016255,30112.84,89420.3938
301080,2026-08-10,77.7,0.2,295610.18,2264869.00548
301081,2026-08-10,12.31,0.010672999999999998,22903.0,28003.3928
301082,2026-08-10,11.09,0.0,274112.6,304935.42657
301083,2026-08-10,14.09,0.04216,29015.0,40233.608
301085,2026-08-10,61.18,-0.022684000000000003,29663.0,181507.89936
301086,2026-08-10,116.22,-0.022210999999999998,46113.91,532460.7478
301087,2026-08-10,50.83,-0.013967,23509.68,121538.42192
301088,2026-08-10,12.71,0.051281999999999994,29171.15,36582.2319
301089,2026-08-10,24.73,0.013525,36530.04,90146.12768
301090,2026-08-10,6.61,0.016923,61163.75,40259.12965
301091,2026-08-10,20.27,0.069093,180307.69,354150.50739
301092,2026-08-10,45.4,0.013392999999999999,31905.47,143136.43253
301093,2026-08-10,81.06,-0.037635,105633.99,867864.16673
301095,2026-08-10,73.2,-0.007592,56773.88,415089.8908
301096,2026-08-10,45.76,0.024172,49254.61,227254.91687
301097,2026-08-10,34.7,0.0,8547.59,29446.41376
301098,2026-08-10,8.64,0.021277,100820.06,85620.76386
301099,2026-08-10,50.04,-0.009892999999999999,73043.44,361136.09045
301100,2026-08-10,16.6,0.027228,20236.7,33314.3524
301101,2026-08-10,29.79,0.008805,19740.03,58756.2688
301102,2026-08-10,10.14,0.019095,30606.42,30710.23261
301103,2026-08-10,17.38,0.05717800000000001,73578.62,128728.35916
301105,2026-08-10,47.32,0.000634,3748.58,17668.65032
301106,2026-08-10,17.06,0.011263,19773.6,33512.9964
301107,2026-08-10,19.88,-0.003009,24063.61,47459.35813
301108,2026-08-10,38.15,0.020326,20206.32,76473.07568
301109,2026-08-10,13.79,0.017712000000000002,70963.24,97449.15831
301110,2026-08-10,38.0,0.010101,33320.57,125185.91042
301111,2026-08-10,19.89,-0.014371,48666.65,97466.10164
301112,2026-08-10,32.32,0.011581,11603.0,37164.65
301113,2026-08-10,16.36,0.023780000000000003,18423.51,29729.51247
301115,2026-08-10,31.67,0.025583,69629.96,215386.71428
301116,2026-08-10,9.15,0.055362999999999996,70119.87,63268.36018
301117,2026-08-10,18.92,0.018299,62608.0,116711.9296
301118,2026-08-10,22.78,0.016964,26099.61,58611.50555
301119,2026-08-10,21.27,0.007102000000000001,13117.09,27747.15861
301120,2026-08-10,15.6,0.019608,153254.53,239781.48299
301121,2026-08-10,34.16,0.010351999999999998,8438.3,28475.395
301122,2026-08-10,31.82,0.001889,33834.11,107243.05635
301123,2026-08-10,70.5,-0.04704,104694.45,741365.97671
301125,2026-08-10,13.75,-0.011503000000000001,36084.8,49301.2016
301126,2026-08-10,9.87,0.030271,52296.0,51325.424
301127,2026-08-10,14.74,-0.068857,420806.21,628378.79587
301128,2026-08-10,109.29,-0.044083,74087.44,805234.03746
301129,2026-08-10,21.34,0.020076,13500.25,28557.6125
301130,2026-08-10,25.58,0.018718,13586.4,34432.1576
301131,2026-08-10,34.19,0.019076,9767.77,33147.61656
301132,2026-08-10,34.21,-0.020613000000000003,62690.21,213564.24138
301133,2026-08-10,27.84,0.034944,39075.47,108291.14278
301135,2026-08-10,16.7,0.02706,21406.8,35352.3962
301136,2026-08-10,11.71,0.014731000000000001,48668.0,56591.282
301137,2026-08-10,36.49,0.021557,86700.7,312980.35808
301138,2026-08-10,27.06,0.023062,9717.0,25950.636
301139,2026-08-10,3.65,-0.061696999999999995,161734.0,58951.903
301141,2026-08-10,46.59,0.014149,89744.68,416785.83554
301148,2026-08-10,49.2,0.037537,15600.14,76420.71774
301149,2026-08-10,8.03,0.021627999999999998,73967.85,58886.513
301150,2026-08-10,39.45,-0.035688,271479.0,1075862.57528
301151,2026-08-10,17.56,0.009195,53134.24,93175.3294
301152,2026-08-10,20.62,0.048297,50036.78,101518.48716
301153,2026-08-10,17.92,0.005612000000000001,38699.99,69196.46651
301155,2026-08-10,49.81,-0.010135,63256.81,314811.96388
301156,2026-08-10,11.57,0.033959,30956.9,35420.3766
301157,2026-08-10,61.18,0.01493,9012.05,54658.16448
301158,2026-08-10,15.48,0.045946,112325.65,171045.52268
301159,2026-08-10,34.93,0.080755,87744.84,308554.117
301160,2026-08-10,37.41,-0.025274,35191.94,131960.07697
301161,2026-08-10,27.18,-0.009836000000000001,41275.8,112139.53495
301162,2026-08-10,41.79,0.026025,25831.71,107864.58814
301163,2026-08-10,23.55,0.037445,13261.0,30789.767
301165,2026-08-10,121.2,0.025640999999999997,268130.52,3156575.05156
301166,2026-08-10,29.13,0.040728999999999994,33344.34,97500.57144
301167,2026-08-10,14.03,0.027086000000000002,24691.0,34371.037
301168,2026-08-10,44.94,0.024157,17988.67,80143.98439
301169,2026-08-10,53.13,-0.045797,23333.72,125741.00412
301170,2026-08-10,23.08,0.034514,10635.5,24205.5985
301171,2026-08-10,37.95,-0.030156000000000002,836306.93,3173393.20787
301172,2026-08-10,17.99,-0.000556,59993.51,106882.30719
301173,2026-08-10,31.28,0.025910000000000002,8924.26,27660.47331
301175,2026-08-10,5.56,0.022059000000000002,159572.66,88182.67045
301176,2026-08-10,47.74,-0.041365,159620.02,766731.82846
301177,2026-08-10,23.93,0.029247000000000002,16964.95,40328.4379
301178,2026-08-10,36.28,0.012842,26069.7,93406.05135
301179,2026-08-10,20.12,0.013092,24947.0,49981.049
301180,2026-08-10,11.78,0.020797,43363.12,50122.66594
301181,2026-08-10,22.64,0.011166,16408.6,36951.9258
301182,2026-08-10,68.6,-0.052486,45446.06,315128.11127
301183,2026-08-10,179.91,0.057298999999999996,80845.12,1469672.3214
301185,2026-08-10,17.4,0.057751000000000004,108332.07,191136.70078
301186,2026-08-10,35.37,-0.008409999999999999,10358.4,36652.194
301187,2026-08-10,16.05,0.006901000000000001,22105.87,35346.32154
301188,2026-08-10,37.99,-0.08875,277368.78,1085237.3211
301189,2026-08-10,49.19,0.016742,39126.9,186932.97255
301190,2026-08-10,19.1,-0.005208000000000001,127362.52,244181.94446
301191,2026-08-10,93.38,-0.024038,44327.41,410953.46523
301192,2026-08-10,20.06,0.035622,13637.0,27005.592
301193,2026-08-10,18.3,0.032730999999999996,43705.54,77800.83801
301195,2026-08-10,26.9,0.013946,13421.5,35938.2435
301196,2026-08-10,82.67,0.006697999999999999,66147.12,545086.175
301197,2026-08-10,25.0,0.001603,54670.21,132053.62278
301198,2026-08-10,12.49,0.020425,34611.94,42497.53346
301199,2026-08-10,18.69,0.008091000000000001,14419.2,26735.4618
301200,2026-08-10,276.01,-0.027448999999999998,42658.6,1166307.22005
301201,2026-08-10,36.35,0.02858,95458.07,344933.27499
301202,2026-08-10,33.81,0.00805,9316.32,31135.17444
301203,2026-08-10,33.86,0.032002,8754.2,29433.66636
301205,2026-08-10,287.0,0.018164,90893.81,2521056.94387
301206,2026-08-10,24.08,0.027304,18892.9,45167.1573
301207,2026-08-10,18.23,0.007739,60582.6,110444.32073
301208,2026-08-10,29.91,0.012868,13398.47,39802.11246
301209,2026-08-10,51.06,0.031932,25084.08,126861.94978
301210,2026-08-10,24.41,0.005354,26330.4,63735.5774
301211,2026-08-10,11.59,0.001729,115481.14,133927.30745
301212,2026-08-10,22.9,0.045185,16120.0,36269.26
301213,2026-08-10,45.35,0.007778,20946.48,93820.94873
301215,2026-08-10,5.32,0.015267,99771.45,52826.15448
301216,2026-08-10,17.2,-0.014327000000000001,141560.1,243760.00612
301217,2026-08-10,120.99,0.044728000000000004,792582.51,9341969.41466
301218,2026-08-10,48.5,0.08744400000000001,150595.95,689517.09297
301219,2026-08-10,52.79,0.054535,213871.29,1130293.02395
301220,2026-08-10,28.31,0.007473,10275.0,29014.199
301221,2026-08-10,29.33,0.025524,20151.21,58119.25429
301222,2026-08-10,25.1,-0.001194,18255.6,45273.0358
301223,2026-08-10,16.66,0.020833,9734.0,16156.523
301225,2026-08-10,55.47,-0.022383,28117.93,155860.34975
301226,2026-08-10,29.82,-0.012583,14206.41,42274.65985
301227,2026-08-10,25.29,-0.022798,28072.2,70813.0938
301228,2026-08-10,69.12,-0.0056110000000000005,40341.83,284561.86105
301229,2026-08-10,12.36,0.025726,30188.28,37120.0212
301230,2026-08-10,35.1,0.082665,384030.45,1356082.57719
301231,2026-08-10,27.8,-0.01138,34207.99,95193.51937
301232,2026-08-10,113.72,-0.056892,72033.68,822633.23267
301233,2026-08-10,36.1,0.07729,14025.4,48375.734
301234,2026-08-10,91.89,0.0989,77496.18,693850.37451
301235,2026-08-10,48.2,0.09545500000000001,209773.3,1004475.33686
301236,2026-08-10,40.95,-0.018221,284708.51,1179678.79297
301237,2026-08-10,54.75,0.009589,12975.0,70206.053
301238,2026-08-10,16.76,0.010247,91302.31,152513.83068
301239,2026-08-10,38.0,0.13943,113580.68,427536.56976
301246,2026-08-10,21.07,0.0091,100549.4,210416.27536
301248,2026-08-10,61.09,-0.038104,57468.4,355073.02933
301251,2026-08-10,42.89,-0.079219,194550.92,854672.53102
301252,2026-08-10,30.61,-0.004229,20507.0,62160.456
301255,2026-08-10,20.9,0.016537,11194.2,23210.93627
301256,2026-08-10,10.84,0.034351,85975.84,92403.0374
301257,2026-08-10,49.01,0.038347,104197.59,507025.04524
301258,2026-08-10,26.17,0.021069,16110.27,42071.75632
301259,2026-08-10,23.79,0.003797,51609.05,121451.00955
301260,2026-08-10,14.15,0.023138000000000002,28749.0,40316.152
301261,2026-08-10,58.98,0.01288,21278.61,124861.1773
301262,2026-08-10,20.12,0.010546999999999999,65769.9,131618.6339
301263,2026-08-10,21.75,0.016354999999999998,69049.61,151998.59668
301265,2026-08-10,20.73,0.035982,97137.66,198297.37104
301266,2026-08-10,21.66,0.017379,28918.7,61865.2307
301267,2026-08-10,16.65,0.03096,87949.34,146827.88729
301268,2026-08-10,13.6,0.022556,43958.59,59363.08489
301269,2026-08-10,93.13,-0.016475,60728.49,566211.97759
301270,2026-08-10,34.43,0.033934,93646.51,321775.99305
301272,2026-08-10,34.36,0.030903,7934.0,26839.715
301273,2026-08-10,37.88,0.044676999999999994,58574.65,216393.33361
301275,2026-08-10,44.41,-0.006043,47222.7,208797.4715
301276,2026-08-10,20.99,0.024902,16929.2,34995.18898
301277,2026-08-10,10.75,-0.003707,94197.57,101776.18657
301278,2026-08-10,27.86,0.026907,15548.58,42829.21942
301279,2026-08-10,20.89,0.123118,62966.25,126803.47313
301280,2026-08-10,40.68,-0.012381999999999999,13558.18,54831.44571
301281,2026-08-10,40.66,-0.017637,34962.62,142326.51967
301282,2026-08-10,23.88,-0.019302,76505.51,181915.66408
301283,2026-08-10,26.42,0.023237999999999998,9967.9,26032.34
301285,2026-08-10,78.14,0.041867,45516.37,347672.32507
301286,2026-08-10,41.13,0.003415,12769.0,51979.099
301287,2026-08-10,35.3,0.027058,7264.5,25354.406
301288,2026-08-10,17.71,0.037493,21735.81,38158.35408
301289,2026-08-10,44.35,0.017202,6685.99,29492.54285
301290,2026-08-10,29.08,0.035981,22159.38,63930.61148
301291,2026-08-10,40.4,-0.011016,80299.58,331714.80086
301292,2026-08-10,69.15,-0.008033,110638.89,761266.9599
301293,2026-08-10,57.14,0.005809,164080.23,944532.57309
301295,2026-08-10,46.12,0.003263,23127.84,106112.28516
301296,2026-08-10,6.45,0.033654,64619.0,41067.49
301297,2026-08-10,35.03,0.0051649999999999995,159433.16,555650.82798
301298,2026-08-10,12.8,0.030596,17326.66,21894.1681
301299,2026-08-10,44.7,0.015678,12788.0,56489.109
301300,2026-08-10,31.39,0.025147,10049.99,30947.5797
301301,2026-08-10,9.04,-0.001105,153167.66,139484.13864
301302,2026-08-10,24.46,0.019591,54902.32,132470.08372
301303,2026-08-10,14.19,-0.022054,59232.2,84060.50839
301305,2026-08-10,23.13,0.018494,44697.83,102468.10808
301306,2026-08-10,97.51,0.0052580000000000005,42326.95,403528.00477
301307,2026-08-10,53.88,0.021615000000000002,125121.98,666371.19274
301308,2026-08-10,412.5,0.066994,293785.82,11851094.5783
301309,2026-08-10,30.48,0.009272,6838.0,20617.086
301310,2026-08-10,51.54,-0.040581,100509.98,521528.01974
301311,2026-08-10,13.92,0.026549,28105.07,38777.13982
301312,2026-08-10,66.21,-0.041407,88909.66,597892.98132
301313,2026-08-10,36.86,-0.003784,56763.25,207756.51849
301314,2026-08-10,41.75,0.020782,7322.83,30013.74131
301315,2026-08-10,38.65,0.015502,11819.0,45384.808
301316,2026-08-10,39.95,0.012674000000000001,86633.43,343243.63899
301317,2026-08-10,45.12,-0.015277,29712.75,133805.75875
301318,2026-08-10,20.88,0.010648999999999999,9676.2,20114.2774
301319,2026-08-10,113.6,-0.050405,183885.76,2077840.41782
301320,2026-08-10,12.99,0.023641000000000002,18481.0,23858.452
301321,2026-08-10,38.2,0.041439000000000004,89968.69,332184.03964
301322,2026-08-10,37.52,0.004552,40564.97,150081.57814
301323,2026-08-10,76.04,-0.012468,14248.01,108156.96094
301325,2026-08-10,32.17,0.015467,14229.91,45232.28315
301326,2026-08-10,105.24,0.00219,41033.81,433570.72465
301327,2026-08-10,45.76,0.016662999999999997,11092.94,50364.07646
301328,2026-08-10,59.95,0.13284200000000002,67583.39,382963.7572
301329,2026-08-10,19.85,0.010178,40360.0,79123.669
301330,2026-08-10,24.54,0.0008160000000000001,17986.16,43928.1408
301331,2026-08-10,21.61,0.015031000000000001,20982.56,45376.75607
301332,2026-08-10,8.07,0.012546999999999999,87645.53,70188.30225
301333,2026-08-10,58.0,0.020947,56275.34,326536.78558
301335,2026-08-10,22.58,0.054154999999999995,36763.71,82386.98643
301336,2026-08-10,45.49,0.139529,38046.54,163197.69222
301337,2026-08-10,25.21,0.016532,11753.24,29564.76792
301338,2026-08-10,98.59,-0.036266,68872.86,681410.49869
301339,2026-08-10,11.86,0.013675,101694.8,121141.51892
301345,2026-08-10,260.55,0.026879,18608.21,486611.64127
301348,2026-08-10,20.64,0.00438,89523.4,182507.36696
301349,2026-08-10,43.07,-0.003009,40457.2,173187.9403
301353,2026-08-10,19.78,0.05606,34732.52,66977.46134
301355,2026-08-10,10.13,0.036847,38274.83,38420.68764
301356,2026-08-10,19.67,0.004084,14770.8,28783.8654
301357,2026-08-10,113.23,0.19997900000000002,116630.62,1204444.78348
301358,2026-08-10,66.75,0.024401000000000003,235829.59,1569141.24121
301359,2026-08-10,16.8,0.040248,18479.81,30652.36637
301360,2026-08-10,50.89,-0.013186,24661.81,124392.09675
301361,2026-08-10,28.61,-0.008662999999999999,23388.97,66022.19822
301362,2026-08-10,133.05,-0.053697999999999996,67062.04,889491.09365
301363,2026-08-10,17.26,-0.017644,136250.15,236604.34297
301365,2026-08-10,39.32,0.019445,27714.46,108262.48306
301366,2026-08-10,53.95,0.011626000000000001,259076.11,1408169.44633
301367,2026-08-10,46.45,-0.031686,27240.26,128134.55363
301368,2026-08-10,43.02,-0.001161,15490.71,66542.08536
301369,2026-08-10,137.2,-0.0047870000000000005,24358.34,331753.44262
301370,2026-08-10,8.89,0.012528,54486.15,48458.16973
301371,2026-08-10,26.55,0.056086,48183.44,126903.94054
301372,2026-08-10,30.75,0.021595,9335.0,28406.291
301373,2026-08-10,91.25,-0.041693,81422.81,754363.14373
301376,2026-08-10,20.8,0.048387,59858.59,123199.3095
301377,2026-08-10,437.45,-0.031848,52715.91,2299456.21042
301378,2026-08-10,26.72,0.028879000000000002,37838.31,100366.64946
301379,2026-08-10,22.37,-0.013233,167616.68,370017.31761
301380,2026-08-10,32.22,0.021236,40561.54,128820.65395
301381,2026-08-10,23.01,-0.018345,56394.47,130629.69616
301382,2026-08-10,38.73,-0.053056,198278.63,771928.80971
301383,2026-08-10,22.17,0.022601,18737.0,41015.49624
301386,2026-08-10,20.35,0.023642,12164.0,24514.79315
301387,2026-08-10,56.88,0.016986,34125.25,188862.84829
301388,2026-08-10,23.96,0.020443,11154.0,26500.074
301389,2026-08-10,52.16,-0.031204,109636.67,570481.90496
301390,2026-08-10,30.95,0.033734,8092.0,24738.286
301391,2026-08-10,50.49,-0.008055,9884.18,49652.84505
301392,2026-08-10,174.26,-0.008083,49523.88,850461.89562
301393,2026-08-10,66.98,0.019948,41837.2,277144.97004
301395,2026-08-10,12.6,-0.003953,30056.0,37610.38916
301396,2026-08-10,198.2,-0.029144999999999997,194993.55,3868868.25008
301397,2026-08-10,26.61,0.014874,37651.6,99149.79595
301398,2026-08-10,34.77,0.016964,15549.9,53500.6382
301399,2026-08-10,17.35,0.020588000000000002,68729.54,116790.38956
301408,2026-08-10,15.86,0.020592000000000003,273352.52,432685.90522
301413,2026-08-10,66.06,-0.0067659999999999994,44720.97,292982.26173
301418,2026-08-10,38.59,0.027423000000000003,18039.98,69014.1873
301419,2026-08-10,31.19,-0.025313,29904.0,92939.96275
301421,2026-08-10,78.6,0.014063,65539.16,508056.91414
301428,2026-08-10,29.57,0.014756,28197.48,82444.87048
301429,2026-08-10,16.91,0.028589000000000003,23158.75,38857.72225
301439,2026-08-10,15.35,0.019934,75553.29,115106.28086
301446,2026-08-10,39.69,0.056428000000000006,16050.36,61939.54998
301448,2026-08-10,43.74,0.047414,20543.62,87777.078
301449,2026-08-10,40.82,0.069146,47394.98,189853.55778
301456,2026-08-10,23.96,0.038578,21605.99,51008.22493
301458,2026-08-10,37.16,-0.026205,81870.04,302430.06172
301459,2026-08-10,36.13,0.003054,6986.0,25200.656
301468,2026-08-10,34.21,-0.003495,37399.97,127482.2452
301469,2026-08-10,28.99,0.042431,15616.0,44538.408
301479,2026-08-10,47.75,-0.019306,20080.41,95489.13646
301486,2026-08-10,158.19,0.039971,77398.95,1217867.08963
301487,2026-08-10,16.65,0.017103999999999998,120531.53,199056.96803
301488,2026-08-10,103.54,-0.03007,16557.04,171515.40046
301489,2026-08-10,99.8,-0.026341,56435.27,562945.79161
301491,2026-08-10,39.87,0.018391,6814.0,27003.0215
301498,2026-08-10,43.76,0.020284,92097.51,400954.59044
301499,2026-08-10,24.71,0.011876,18596.23,45464.97701
301500,2026-08-10,24.68,0.015220000000000001,144806.8,354131.88549
301501,2026-08-10,29.08,0.035981,20699.8,59405.42889
301502,2026-08-10,51.96,-0.008586,7020.0,36104.01
301503,2026-08-10,22.07,0.008683999999999999,8058.1,17657.60029
301505,2026-08-10,16.53,0.027346,21362.92,34978.48396
301507,2026-08-10,12.77,0.024058000000000003,42245.0,53694.38448
301508,2026-08-10,24.14,0.016849,17398.7,41721.00426
301509,2026-08-10,31.86,0.016592,69057.94,219878.71304
301510,2026-08-10,26.73,-0.007058,58021.28,154284.12119
301511,2026-08-10,88.7,-0.024201999999999998,598502.57,5281587.46448
301512,2026-08-10,30.6,0.01966,11414.8,34497.8448
301513,2026-08-10,49.89,-0.0014010000000000001,9700.24,47943.01498
301515,2026-08-10,19.17,0.032866,20406.0,38710.031
301516,2026-08-10,15.95,-0.003125,45868.43,72820.07481
301517,2026-08-10,41.08,0.001951,23403.1,94693.41673
301518,2026-08-10,25.35,0.003166,21198.0,53329.773
301519,2026-08-10,12.04,0.016892,37256.5,44267.3073
301520,2026-08-10,58.66,0.041363000000000004,163869.67,959419.7895
301522,2026-08-10,24.66,0.064767,94793.95,228961.80004
301525,2026-08-10,41.75,0.019536,12943.92,53840.23698
301526,2026-08-10,38.12,-0.0052190000000000005,2503646.56,9338827.80659
301528,2026-08-10,53.15,0.027450000000000002,22644.95,116962.89495
301529,2026-08-10,80.13,-0.000125,23487.29,185016.57375
301531,2026-08-10,51.5,-0.009234,28912.47,147850.30544
301533,2026-08-10,26.5,0.045365,16061.41,41969.35491
301535,2026-08-10,16.16,0.059672,66028.3,104655.8074
301536,2026-08-10,121.6,-0.008964999999999999,158629.61,1902518.62147
301538,2026-08-10,39.67,-0.00676,16480.57,64934.64349
301539,2026-08-10,15.02,0.053296,28160.0,41537.766
301548,2026-08-10,64.63,-0.015687,19200.02,123729.50979
301550,2026-08-10,72.85,-0.014875000000000001,46749.36,339578.62044
301551,2026-08-10,22.18,0.065834,187838.57,411769.37441
301552,2026-08-10,26.79,0.155239,65448.55,166601.83805
301555,2026-08-10,31.47,0.011247,16538.0,51468.807
301556,2026-08-10,60.4,-0.00033099999999999997,19781.65,118895.34997
301557,2026-08-10,82.73,0.033608,10142.8,82584.5514
301558,2026-08-10,6.68,0.016742999999999997,56009.0,37180.065
301559,2026-08-10,13.35,0.007547000000000001,22009.0,29321.643
301560,2026-08-10,24.1,0.030355,17023.72,40416.65708
301563,2026-08-10,127.45,-0.012016,16523.77,210152.77352
301565,2026-08-10,19.75,0.006626,44436.21,87167.03467
301566,2026-08-10,24.9,0.004032,241093.04,589772.94713
301567,2026-08-10,35.07,0.025439,10854.0,37741.969
301568,2026-08-10,68.33,-0.011143,47918.29,323806.90042
301571,2026-08-10,68.0,0.011904999999999999,55128.61,371591.49725
301575,2026-08-10,27.91,0.01787,11218.2,31121.46924
301577,2026-08-10,54.51,-0.008549,16113.0,87175.013
301578,2026-08-10,22.9,0.03902,28580.55,64519.85337
301580,2026-08-10,55.77,0.001976,92441.62,510468.47887
301581,2026-08-10,36.98,0.020701,5514.96,20102.80176
301583,2026-08-10,163.28,0.097312,149861.59,2339774.45941
301584,2026-08-10,23.6,0.025195,101061.86,242420.13028
301585,2026-08-10,27.89,0.084792,40155.81,108989.38827
301586,2026-08-10,32.22,0.025788000000000002,9033.1,28837.54692
301587,2026-08-10,21.95,0.031485,46491.16,100605.56508
301588,2026-08-10,32.76,0.020243,75343.0,239645.74875
301589,2026-08-10,146.34,0.013153999999999999,6038.36,87174.10706
301590,2026-08-10,77.05,0.020259999999999997,10143.89,77892.75302
301591,2026-08-10,29.92,-0.009927,34680.94,103095.19112
301592,2026-08-10,106.6,0.023131,11562.0,122282.6872
301595,2026-08-10,40.93,0.016137,6250.0,25479.89606
301596,2026-08-10,48.9,-0.004479,18784.98,91470.06572
301598,2026-08-10,48.93,0.022997999999999998,5541.75,26880.1255
301599,2026-08-10,35.23,-0.010671,25274.91,88519.10214
301600,2026-08-10,87.88,-0.025613,9561.19,84176.1709
301601,2026-08-10,16.38,0.032787000000000004,26043.8,42359.48804
301602,2026-08-10,15.49,0.015738000000000002,36024.19,55966.30419
301603,2026-08-10,124.0,-0.009822,19769.84,243475.07234
301606,2026-08-10,53.45,0.011162,31270.38,166038.87843
301607,2026-08-10,40.11,0.055804,128561.8,505881.42249
301608,2026-08-10,46.42,-0.00812,17159.64,79350.94082
301609,2026-08-10,36.16,0.011186,38512.34,138482.00933
301611,2026-08-10,105.02,0.04042,152823.93,1588988.40353
301613,2026-08-10,39.59,-0.019806999999999998,20468.5,81169.7935
301616,2026-08-10,35.6,0.015982,6593.5,23358.6375
301617,2026-08-10,47.91,-0.015210999999999999,17538.51,83219.07005
301618,2026-08-10,33.36,-0.013309999999999999,10623.21,35454.12483
301622,2026-08-10,43.55,0.015862,14990.54,64655.24762
301626,2026-08-10,247.52,-0.036287,22500.21,554835.78395
301628,2026-08-10,82.36,-0.01999,25712.26,210377.71788
301629,2026-08-10,255.85,0.0017230000000000001,11350.37,286865.90772
301630,2026-08-10,173.61,-0.00981,13543.53,233233.15596
301631,2026-08-10,61.81,0.005695,17868.37,109468.25006
301632,2026-08-10,15.61,0.026298,47271.1,73148.9975
301633,2026-08-10,60.93,0.074603,19841.98,118706.51267
301636,2026-08-10,41.4,0.015453,10436.5,42867.22384
301638,2026-08-10,23.87,0.005476,110442.96,263100.35406
301656,2026-08-10,17.36,0.016393,61424.46,106236.28955
301658,2026-08-10,24.76,0.009376,33537.0,82591.26009
301662,2026-08-10,71.0,-0.00028199999999999997,21468.42,151843.65253
301665,2026-08-10,23.32,0.034605000000000004,56965.27,131392.2466
301666,2026-08-10,432.0,-0.035434,27083.02,1169724.39976
301667,2026-08-10,71.99,0.054026,62015.79,440903.66918
301668,2026-08-10,38.39,0.046334,44610.78,167971.42756
301669,2026-08-10,30.85,0.00817,138042.02,435288.36595
301677,2026-08-10,63.6,0.015812,67940.78,433768.21501
301678,2026-08-10,45.77,0.001532,25631.92,116581.00896
301680,2026-08-10,92.83,-0.000431,5754.71,53233.71107
301682,2026-08-10,131.9,0.019478,25563.4,328315.83732
301683,2026-08-10,102.83,-0.003392,8835.43,89726.1663
301687,2026-08-10,50.97,-0.011443000000000002,40312.13,204424.88183
301696,2026-08-10,105.6,-0.007052,22627.73,236675.03498
301707,2026-08-10,108.2,-0.071404,160181.99,1743062.38761
302132,2026-08-10,59.78,0.049508,116083.9,679455.85816
600000,2026-08-10,9.29,0.008686000000000001,625425.39,581544.471
600004,2026-08-10,7.66,0.010554,84616.84,64811.26
600006,2026-08-10,5.47,0.012963,143403.09,78056.638
600007,2026-08-10,18.49,0.010383,27278.43,50345.484
600008,2026-08-10,2.86,0.0070420000000000005,611072.57,174973.796
600009,2026-08-10,23.92,0.002515,93499.06,223780.629
600010,2026-08-10,2.29,0.004386,4543818.45,1031710.573
600011,2026-08-10,6.99,0.0,777524.5,543427.462
600012,2026-08-10,15.89,-0.014268000000000001,67356.16,107336.618
600015,2026-08-10,6.76,0.004458,536664.61,362737.04
600016,2026-08-10,3.53,0.0,1837660.32,651263.713
600017,2026-08-10,2.72,0.014924999999999999,278489.5,75619.957
600018,2026-08-10,5.16,0.0,487671.5,252858.256
600019,2026-08-10,5.78,0.0034720000000000003,877381.42,506579.015
600020,2026-08-10,3.8,0.0026390000000000003,149724.6,56987.148
600021,2026-08-10,14.8,-0.004707,352075.44,519769.931
600022,2026-08-10,1.35,0.0,761762.11,102874.502
600023,2026-08-10,4.96,0.006085,305785.11,151441.747
600025,2026-08-10,9.74,0.007239,213826.0,208823.49
600026,2026-08-10,17.66,-0.00226,394875.63,694425.382
600027,2026-08-10,4.67,0.0,615028.69,287299.958
600028,2026-08-10,5.12,0.003922,2068865.76,1064486.303
600029,2026-08-10,5.15,0.0,604156.37,310216.767
600030,2026-08-10,27.95,0.0,915437.97,2562007.117
600031,2026-08-10,19.74,0.008172,682099.42,1348674.028
600032,2026-08-10,7.65,0.042234,524187.34,397828.541
600033,2026-08-10,3.57,0.008475,241334.85,86514.095
600035,2026-08-10,3.47,0.008721,131888.36,45624.284
600036,2026-08-10,38.91,0.002835,651757.86,2544401.483
600037,2026-08-10,7.02,0.008621,132589.0,92879.194
600038,2026-08-10,26.99,0.024676999999999998,78222.57,209287.137
600039,2026-08-10,8.45,0.013189,201765.38,170477.236
600048,2026-08-10,5.36,0.011321000000000001,1444106.67,778938.453
600050,2026-08-10,4.33,0.006977,1269218.34,550102.127
600051,2026-08-10,6.26,0.029605000000000003,68777.12,42564.104
600052,2026-08-10,3.85,0.02122,121192.92,46296.381
600053,2026-08-10,7.37,0.001359,9083.0,6704.103
600054,2026-08-10,11.36,0.010676000000000001,52098.01,59082.892
600055,2026-08-10,11.51,0.0,78430.0,91233.907
600056,2026-08-10,9.47,0.0074470000000000005,204960.15,194730.654
600057,2026-08-10,6.36,0.019231,167490.79,106376.763
600058,2026-08-10,11.3,0.061033,228106.63,253991.928
600059,2026-08-10,7.99,0.011392,110281.49,88356.586
600060,2026-08-10,26.0,0.030111,95097.5,245522.419
600061,2026-08-10,6.43,0.004688,247141.81,159094.998
600062,2026-08-10,16.4,0.002445,111590.79,183413.995
600063,2026-08-10,6.05,-0.013051,484062.72,292924.577
600064,2026-08-10,7.65,0.0013089999999999998,159527.11,122813.948
600066,2026-08-10,32.97,0.033542,166964.64,545181.383
600067,2026-08-10,2.82,0.032966999999999996,264248.0,73499.698
600071,2026-08-10,15.77,0.012195000000000001,21165.5,33080.623
600072,2026-08-10,9.02,0.018059000000000002,185298.44,166462.224
600073,2026-08-10,5.24,0.02947,116387.44,60625.051
600075,2026-08-10,4.62,0.017621,174611.45,80502.921
600076,2026-08-10,3.06,0.016611,184876.95,56061.792
600078,2026-08-10,11.52,0.042534,318061.45,360979.321
600079,2026-08-10,18.12,0.009471,149018.32,271349.751
600080,2026-08-10,4.96,0.014315,18768.0,9258.08
600081,2026-08-10,10.04,0.011078,24623.3,24626.33
600082,2026-08-10,2.85,0.007067,76242.86,21519.273
600084,2026-08-10,4.25,0.0047279999999999996,24255.0,10328.837
600085,2026-08-10,25.14,0.003994,119766.13,302278.881
600088,2026-08-10,11.86,0.016281,38663.0,45623.61
600089,2026-08-10,21.47,0.0065639999999999995,1051968.01,2268772.509
600094,2026-08-10,4.44,-0.004484,231016.0,102815.226
600095,2026-08-10,8.18,0.0,246720.0,201960.223
600096,2026-08-10,30.14,0.0013289999999999999,380429.81,1159592.904
600097,2026-08-10,8.63,0.039759,44778.0,38133.803
600098,2026-08-10,6.3,0.004785,170654.81,107535.912
600099,2026-08-10,8.9,0.034884,31911.98,28106.741
600100,2026-08-10,7.1,0.0014099999999999998,193258.86,137154.818
600101,2026-08-10,8.28,0.0060750000000000005,142168.91,117403.317
600103,2026-08-10,2.98,0.017065,844155.4,248456.251
600104,2026-08-10,10.48,0.0028710000000000003,505536.65,531846.192
600105,2026-08-10,37.67,-0.034103,1473141.56,5542516.024
600106,2026-08-10,4.56,0.017857,109287.53,49789.601
600107,2026-08-10,5.24,0.02544,16094.0,8342.168
600108,2026-08-10,3.26,0.034921,962947.88,307665.712
600109,2026-08-10,8.73,0.0,183185.19,160126.449
600110,2026-08-10,10.41,-0.0047799999999999995,2449543.12,2546245.398
600111,2026-08-10,43.67,-0.008852,923119.14,4022755.435
600113,2026-08-10,31.9,0.013342,72450.36,231773.497
600114,2026-08-10,29.53,0.003739,175937.32,514557.499
600115,2026-08-10,3.7,0.00271,1060601.36,390556.687
600116,2026-08-10,6.57,0.026563,230720.6,151283.552
600117,2026-08-10,2.3,0.013216,134766.42,30763.799
600118,2026-08-10,69.13,0.006552,528454.6,3595263.966
600119,2026-08-10,4.62,0.033557000000000003,25272.91,11451.761
600120,2026-08-10,5.15,0.005859,301752.25,155331.347
600121,2026-08-10,4.03,0.0075,823715.43,330647.781
600123,2026-08-10,7.24,0.035765,354016.0,254594.052
600125,2026-08-10,5.49,0.009191,124053.84,68125.294
600126,2026-08-10,6.7,0.029186,978102.48,648117.857
600127,2026-08-10,6.3,-0.003165,549685.0,344730.757
600128,2026-08-10,8.28,0.038896,52756.01,43274.632
600129,2026-08-10,16.25,-0.001843,371372.09,607305.944
600130,2026-08-10,4.36,0.021077,297286.95,128109.164
600131,2026-08-10,15.62,0.007742,72600.36,113369.265
600132,2026-08-10,44.31,0.005674,47245.49,209704.059
600133,2026-08-10,8.44,-0.005889,209981.79,177772.667
600135,2026-08-10,7.64,0.036635,98303.08,73780.302
600136,2026-08-10,1.43,0.0070420000000000005,64380.02,9184.513
600137,2026-08-10,17.98,0.029782000000000003,18128.0,32268.836
600138,2026-08-10,7.15,0.017070000000000002,79771.71,56802.349
600141,2026-08-10,33.06,0.05052399999999999,623965.43,2078134.534
600143,2026-08-10,15.71,-0.032039,583203.13,923583.896
600148,2026-08-10,15.49,0.032667,22745.0,34938.418
600149,2026-08-10,4.92,0.033613,100349.0,48937.084
600150,2026-08-10,34.83,-0.000574,818317.06,2855422.063
600151,2026-08-10,11.03,-0.008094,281090.27,307041.567
600152,2026-08-10,8.28,0.020962,182281.0,148894.519
600153,2026-08-10,8.7,0.008111,159855.09,139674.061
600155,2026-08-10,5.92,0.001692,203176.34,120533.151
600156,2026-08-10,8.26,-0.016667,159905.0,131913.237
600157,2026-08-10,1.6,0.0,3850140.83,615656.165
600158,2026-08-10,7.26,0.03125,412117.77,296259.846
600159,2026-08-10,2.54,0.036735000000000004,170015.5,42622.946
600160,2026-08-10,44.26,0.022407,350773.16,1536748.136
600161,2026-08-10,12.78,0.023219,215467.58,275018.537
600162,2026-08-10,3.9,0.048387,1830883.11,706716.996
600163,2026-08-10,5.32,0.013333,191869.0,101605.775
600165,2026-08-10,2.41,-0.004132,37281.7,9000.918
600166,2026-08-10,3.07,0.009868,1060343.12,324309.982
600167,2026-08-10,5.83,0.008650999999999999,78046.7,45458.82
600168,2026-08-10,4.34,0.023585,86955.17,37526.157
600169,2026-08-10,2.06,0.004878,114662.0,23502.175
600170,2026-08-10,2.33,0.008658,1195417.5,277679.295
600171,2026-08-10,23.38,-0.004259,108747.9,253321.23
600172,2026-08-10,12.37,0.015599,1679050.2,2036968.24
600173,2026-08-10,6.3,0.012862,72638.0,45652.48
600176,2026-08-10,43.28,-0.024786000000000002,3047220.96,13118010.162
600177,2026-08-10,7.69,0.009186,345583.53,266653.512
600178,2026-08-10,10.15,0.069547,201809.0,200655.255
600179,2026-08-10,4.24,0.0,235262.0,100004.914
600180,2026-08-10,1.58,0.053333000000000005,218790.0,33724.098
600182,2026-08-10,13.12,0.003826,18040.0,23601.236
600183,2026-08-10,138.57,-0.010073,942161.75,13037738.736
600184,2026-08-10,18.06,-0.009868,149763.35,268175.848
600185,2026-08-10,4.77,0.014894000000000001,190259.0,90556.537
600186,2026-08-10,10.88,0.100101,2803377.67,2872555.227
600187,2026-08-10,1.35,-0.021739,277779.0,37492.335
600188,2026-08-10,21.78,0.021097,562369.29,1221749.842
600189,2026-08-10,7.57,0.024357000000000004,129182.0,97350.219
600191,2026-08-10,10.53,-0.015888,157101.6,165484.178
600192,2026-08-10,7.89,0.10041800000000001,310641.03,235550.921
600195,2026-08-10,6.67,0.016768,59824.7,39750.721
600196,2026-08-10,24.12,0.015579,495491.3,1199154.88
600197,2026-08-10,10.57,0.022244,96762.11,101856.385
600198,2026-08-10,7.27,0.009722,164440.66,118187.854
600199,2026-08-10,8.09,0.0037219999999999996,510604.12,415096.061
600201,2026-08-10,13.97,0.007937,197609.38,273567.943
600202,2026-08-10,5.0,0.035197,68017.0,33569.543
600203,2026-08-10,10.31,-0.008654,172062.01,176840.509
600206,2026-08-10,52.03,0.080133,1582009.23,8110518.266
600207,2026-08-10,4.49,0.008989,146646.75,65162.229
600208,2026-08-10,3.1,0.003236,1586256.72,494962.322
600210,2026-08-10,6.16,0.006535999999999999,164298.18,101315.985
600211,2026-08-10,39.73,0.0042970000000000005,55886.31,223739.471
600212,2026-08-10,5.51,0.014733000000000001,75579.5,41406.812
600215,2026-08-10,6.38,0.012698000000000001,62880.0,39582.692
600216,2026-08-10,12.42,0.012225,271479.1,338280.511
600217,2026-08-10,3.21,0.025559,117517.79,37322.189
600218,2026-08-10,7.67,0.018592,52754.0,40249.921
600219,2026-08-10,5.02,0.03719,2462519.45,1217727.802
600221,2026-08-10,1.34,0.0075190000000000005,1594316.52,213760.6
600222,2026-08-10,7.81,-0.0012790000000000002,157970.31,123749.156
600223,2026-08-10,5.7,0.028881,114294.75,64935.211
600226,2026-08-10,6.05,-0.019449,1808782.92,1089926.635
600227,2026-08-10,3.67,0.098802,2004963.28,714031.731
600228,2026-08-10,8.25,0.039043,382287.0,312111.919
600229,2026-08-10,5.17,0.031936,52680.51,27085.988
600230,2026-08-10,15.93,0.070565,313318.23,488141.243
600231,2026-08-10,1.72,0.023809999999999998,110528.99,18856.199
600232,2026-08-10,6.5,0.06383,96261.95,61124.113
600233,2026-08-10,18.89,0.021633,223446.47,420341.93
600234,2026-08-10,21.22,0.028599,42356.0,89568.978
600235,2026-08-10,5.71,0.047706,72152.0,40664.057
600236,2026-08-10,10.89,0.008333,290537.28,314229.16
600237,2026-08-10,8.84,-0.011186,396761.5,348948.87
600238,2026-08-10,4.31,0.009368,36461.0,15685.515
600239,2026-08-10,1.41,0.014388000000000001,141037.5,19696.472
600241,2026-08-10,7.26,0.018233,69486.0,50073.558
600243,2026-08-10,3.55,-0.022039,79244.07,27975.146
600246,2026-08-10,12.4,-0.015872999999999998,913180.14,1118214.873
600248,2026-08-10,2.87,0.010563,203902.85,58639.211
600249,2026-08-10,5.33,0.038986,120687.01,63750.27
600250,2026-08-10,8.59,0.028742999999999998,74827.5,63631.941
600251,2026-08-10,9.73,0.031813,147828.82,142054.932
600252,2026-08-10,2.25,0.008969,433995.99,97705.518
600255,2026-08-10,3.45,0.008772,795105.57,271106.608
600256,2026-08-10,5.79,0.021164000000000002,1165275.27,674339.409
600257,2026-08-10,5.49,0.039773,216274.0,117367.267
600258,2026-08-10,12.3,0.031014,255186.76,311409.454
600259,2026-08-10,90.5,-0.0019850000000000002,194378.9,1718293.24
600261,2026-08-10,3.07,0.016556,84481.14,25877.513
600262,2026-08-10,15.25,-0.011666000000000001,141192.67,215203.79
600265,2026-08-10,23.57,0.032413,12163.0,28230.786
600266,2026-08-10,4.18,0.037221000000000004,918469.89,393149.619
600267,2026-08-10,14.24,0.086194,1725926.42,2449962.56
600268,2026-08-10,11.25,0.004464,169951.52,191740.178
600269,2026-08-10,3.94,0.010256000000000001,241917.4,95303.502
600271,2026-08-10,7.05,0.01585,126673.06,88701.4
600272,2026-08-10,14.27,0.100231,59043.19,84254.632
600273,2026-08-10,6.93,0.011679,184137.69,128397.468
600276,2026-08-10,54.18,-0.008056,1183656.58,6470269.919
600278,2026-08-10,6.4,0.019108,54420.08,34630.775
600279,2026-08-10,4.32,0.016471,68830.57,29635.892
600280,2026-08-10,2.98,0.034722,302677.5,89119.138
600281,2026-08-10,4.53,0.038991,108999.62,48579.909
600282,2026-08-10,4.73,-0.018672,494523.2,235546.503
600283,2026-08-10,8.06,0.022843,61512.78,49566.811
600284,2026-08-10,5.17,0.007796999999999999,85854.08,44300.478
600285,2026-08-10,22.39,0.006745,102300.0,229617.982
600287,2026-08-10,4.77,0.034707,46579.0,21997.974
600288,2026-08-10,11.29,0.023572000000000003,276319.23,308932.99
600289,2026-08-10,4.39,-0.002273,29629.0,12956.133
600292,2026-08-10,12.52,0.003205,96204.84,120928.829
600293,2026-08-10,2.86,0.032491,347105.39,97968.645
600295,2026-08-10,12.59,0.045681,156114.39,195124.442
600298,2026-08-10,43.49,0.054814,192474.5,823867.1
600299,2026-08-10,8.58,0.015385,586434.44,506439.583
600300,2026-08-10,3.2,0.022364000000000002,250514.76,79603.976
600301,2026-08-10,50.93,0.009715,130114.35,659407.025
600302,2026-08-10,6.6,0.018519,37742.64,24598.923
600303,2026-08-10,2.91,0.043011,312570.0,89761.062
600305,2026-08-10,6.96,0.022026,137002.7,94911.965
600307,2026-08-10,1.47,0.013793,322265.64,47290.172
600308,2026-08-10,3.27,0.028302,104590.56,33907.803
600309,2026-08-10,78.01,0.030243000000000003,455399.28,3549393.789
600310,2026-08-10,4.57,0.033937,832834.54,374460.424
600312,2026-08-10,20.29,-0.008793,203518.0,414682.452
600313,2026-08-10,5.88,0.020833,346606.61,201403.066
600315,2026-08-10,18.02,0.044032,156477.69,276237.939
600316,2026-08-10,28.53,0.099846,250953.41,685945.117
600318,2026-08-10,6.65,0.021505,100611.69,66486.607
600319,2026-08-10,6.23,0.022989000000000002,38293.0,23515.746
600320,2026-08-10,4.18,0.002398,339800.0,141832.673
600322,2026-08-10,2.69,0.018938999999999998,240160.5,64215.901
600323,2026-08-10,29.98,0.019035,77954.72,233015.655
600325,2026-08-10,2.46,0.0,817721.69,202207.859
600326,2026-08-10,8.36,0.1,1224569.69,982125.057
600327,2026-08-10,3.94,0.100559,398674.96,153080.942
600328,2026-08-10,6.45,0.020569999999999998,186940.43,120607.425
600329,2026-08-10,37.21,0.000807,36066.21,134788.258
600330,2026-08-10,23.48,0.020426000000000003,1663869.65,3896065.298
600331,2026-08-10,14.09,0.01513,550424.01,771225.858
600332,2026-08-10,21.59,0.0041860000000000005,121843.14,264235.247
600333,2026-08-10,6.2,0.02649,103534.39,63768.203
600335,2026-08-10,5.16,0.011765000000000001,101276.06,52269.991
600336,2026-08-10,6.38,0.009494,62788.61,39880.229
600337,2026-08-10,2.89,0.09885899999999999,231770.38,64408.793
600338,2026-08-10,14.36,0.031609,519657.3,737077.104
600339,2026-08-10,3.34,0.0,490805.12,164282.483
600340,2026-08-10,1.11,0.027778,672850.0,73981.527
600343,2026-08-10,20.7,0.020710000000000003,336408.31,685359.405
600345,2026-08-10,47.13,-0.0033829999999999997,70358.37,328691.717
600346,2026-08-10,18.34,0.025154,350650.85,641057.293
600348,2026-08-10,8.72,0.028302,322735.59,280145.334
600350,2026-08-10,10.7,-0.014733000000000001,151943.58,163090.975
600351,2026-08-10,6.96,0.020528,381006.3,263316.22
600352,2026-08-10,13.99,0.062263,987746.09,1362263.47
600353,2026-08-10,27.3,-0.026044,552607.96,1485550.687
600354,2026-08-10,6.25,0.012966,487653.22,301627.119
600356,2026-08-10,9.06,0.09951499999999999,156175.39,137764.852
600358,2026-08-10,5.41,0.038388,65140.01,34888.334
600359,2026-08-10,6.21,0.023064,76114.0,47023.416
600360,2026-08-10,10.7,0.018078,583850.49,614399.5
600361,2026-08-10,3.79,0.016086,432628.26,163085.19
600362,2026-08-10,48.74,-0.016942,753619.29,3654308.847
600363,2026-08-10,20.52,-0.1,404106.45,846270.168
600365,2026-08-10,2.84,0.014286,24618.0,6921.807
600366,2026-08-10,12.54,0.023673000000000003,562146.1,697977.27
600367,2026-08-10,33.1,0.004248,475488.68,1557722.095
600368,2026-08-10,4.07,0.035623,331889.28,132807.14
600369,2026-08-10,4.15,0.009732,298945.18,124031.505
600370,2026-08-10,1.52,0.006623,174357.48,26324.787
600371,2026-08-10,7.27,0.031206,68826.6,49430.948
600372,2026-08-10,11.54,0.020336,346332.48,395376.42
600373,2026-08-10,7.29,0.0125,132743.8,96664.739
600375,2026-08-10,4.03,0.017677000000000002,217377.0,87026.51
600376,2026-08-10,4.0,-0.024390000000000002,1209321.2,488724.193
600377,2026-08-10,11.97,0.009275,116792.57,140055.657
600378,2026-08-10,48.83,-0.0052959999999999995,771887.21,3727381.836
600379,2026-08-10,14.27,0.046955,280146.43,390333.504
600380,2026-08-10,10.28,0.001949,194595.66,201303.586
600381,2026-08-10,4.25,-0.004684,29324.0,12386.452
600382,2026-08-10,6.53,0.023511,161116.4,104827.327
600383,2026-08-10,2.28,0.013333,661680.47,150987.926
600386,2026-08-10,3.38,0.027356,85754.02,28731.229
600388,2026-08-10,17.64,0.003413,147785.22,262468.835
600389,2026-08-10,20.72,0.0033900000000000002,107373.09,223928.982
600390,2026-08-10,4.91,0.00409,290287.01,142836.499
600391,2026-08-10,31.25,0.015600000000000001,89383.67,276388.331
600392,2026-08-10,25.39,0.060568,1339653.92,3272683.595
600395,2026-08-10,5.13,0.032193,427078.77,218396.781
600396,2026-08-10,17.21,-0.029329,2661359.0,4661538.321
600397,2026-08-10,17.89,-0.028246000000000004,2125121.44,3768916.18
600398,2026-08-10,6.11,0.009917,288199.16,176553.684
600399,2026-08-10,4.38,0.016241000000000002,337941.01,146854.063
600400,2026-08-10,3.14,0.0,418201.97,131807.153
600403,2026-08-10,6.68,0.034056,1379505.1,911277.443
600405,2026-08-10,4.42,0.016092,101307.57,44614.229
600406,2026-08-10,24.14,0.000829,428291.52,1033156.469
600408,2026-08-10,2.83,0.032847,500933.41,140109.362
600409,2026-08-10,6.93,0.023634,413226.0,286193.498
600410,2026-08-10,15.69,-0.008844,589205.21,921221.653
600415,2026-08-10,12.15,0.003303,633195.66,772309.963
600416,2026-08-10,9.15,0.011049999999999999,140862.34,128283.677
600418,2026-08-10,23.79,-0.01409,694084.64,1655376.989
600419,2026-08-10,8.96,0.047953,125243.0,111302.212
600420,2026-08-10,8.75,0.0057469999999999995,111884.89,98257.311
600422,2026-08-10,8.81,-0.001134,109775.56,97642.356
600423,2026-08-10,2.92,0.031802000000000004,79012.0,22796.436
600425,2026-08-10,3.63,0.037143,272737.5,98272.61
600426,2026-08-10,21.65,0.02558,573596.56,1246126.668
600428,2026-08-10,11.65,-0.025105,753938.02,882420.828
600429,2026-08-10,4.63,0.047511,233825.01,107280.2
600433,2026-08-10,3.42,0.020895999999999998,459503.09,155550.771
600435,2026-08-10,10.88,0.034221,259785.95,278920.909
600436,2026-08-10,139.77,0.020293000000000002,78531.64,1093627.347
600438,2026-08-10,12.71,-0.028287,904077.26,1156667.338
600439,2026-08-10,1.86,0.005405,250741.32,46459.984
600444,2026-08-10,13.8,0.026785999999999997,25425.0,34792.361
600446,2026-08-10,11.26,0.01168,157336.56,176208.719
600448,2026-08-10,2.86,0.04,120636.2,34046.728
600449,2026-08-10,13.95,-0.1,34663.0,48354.885
600452,2026-08-10,9.73,0.0051649999999999995,188465.2,182615.017
600455,2026-08-10,24.48,0.02987,16147.88,38965.383
600456,2026-08-10,28.91,0.010133000000000001,68664.38,197536.962
600458,2026-08-10,11.67,0.007772,133455.15,154062.47
600459,2026-08-10,21.79,0.037125,420862.35,911628.078
600460,2026-08-10,32.17,-0.011674,809581.38,2586651.624
600461,2026-08-10,8.99,0.010112000000000001,119337.1,107303.25
600463,2026-08-10,8.26,0.053571,58033.0,47207.151
600467,2026-08-10,2.32,0.017544,314477.48,72712.945
600468,2026-08-10,6.63,0.0625,723891.71,466801.549
600469,2026-08-10,5.52,0.027933,71683.0,39225.615
600470,2026-08-10,5.77,0.02305,188463.36,108351.693
600475,2026-08-10,14.58,-0.002053,79907.66,116277.769
600476,2026-08-10,9.48,-0.001054,10260.02,9614.701
600477,2026-08-10,2.46,0.025,365212.39,89052.21
600478,2026-08-10,5.03,0.012072000000000001,229839.0,115441.715
600479,2026-08-10,9.91,0.006091,60400.95,59971.914
600480,2026-08-10,8.77,0.010369,122390.33,106970.717
600481,2026-08-10,4.38,0.009217,359602.48,156097.365
600482,2026-08-10,31.99,0.05787,325169.83,1020442.053
600483,2026-08-10,10.51,-0.002846,123348.02,130022.901
600486,2026-08-10,55.97,0.015237,57065.61,320200.678
600487,2026-08-10,59.62,0.00168,2595990.86,15376912.7
600488,2026-08-10,6.2,0.049069,1611368.33,996673.854
600489,2026-08-10,26.62,0.019923,1105913.44,2916988.587
600490,2026-08-10,7.9,0.10027900000000001,874634.12,686712.89
600491,2026-08-10,1.23,0.0,252736.0,31172.946
600493,2026-08-10,6.13,0.035473,73160.87,44212.666
600495,2026-08-10,3.93,0.034211,142881.78,55696.567
600496,2026-08-10,3.35,0.021341000000000002,339238.91,112942.044
600497,2026-08-10,10.73,0.026794,2069233.77,2203972.596
600498,2026-08-10,38.3,-0.023208000000000003,872698.54,3327600.678
600499,2026-08-10,14.22,-0.002805,395160.2,564606.816
600500,2026-08-10,5.31,-0.036298,2581125.63,1362259.139
600501,2026-08-10,15.08,0.019608,66939.08,99651.662
600502,2026-08-10,4.62,0.015385,416513.83,192327.077
600503,2026-08-10,2.17,0.023585,278044.78,59788.142
600505,2026-08-10,11.4,0.007958,85387.36,96955.087
600506,2026-08-10,14.72,0.01238,41692.51,61061.925
600507,2026-08-10,4.34,-0.006865,267410.3,116568.466
600508,2026-08-10,8.74,0.021027999999999998,101493.17,88241.716
600509,2026-08-10,7.77,0.005175,241114.04,188026.193
600510,2026-08-10,6.74,-0.023188,87720.83,59548.885
600511,2026-08-10,27.66,0.0047220000000000005,58514.94,162688.593
600512,2026-08-10,2.03,0.020101,247756.21,50030.642
600513,2026-08-10,17.67,-0.022136,308815.17,557867.72
600515,2026-08-10,2.93,0.013841000000000001,773825.24,226111.015
600516,2026-08-10,5.22,0.0057799999999999995,391837.74,203855.057
600517,2026-08-10,5.06,0.007968,205323.8,103517.479
600518,2026-08-10,1.36,0.014924999999999999,1283399.56,174534.733
600519,2026-08-10,1348.86,0.030278,62685.72,8428304.269
600520,2026-08-10,25.16,0.017388,114490.0,286153.393
600521,2026-08-10,18.19,0.036467,790052.41,1429548.32
600522,2026-08-10,32.92,-0.022275,2605002.61,8615203.111
600523,2026-08-10,11.59,0.027482000000000003,49047.9,56206.253
600525,2026-08-10,5.08,-0.001965,101041.8,51269.589
600526,2026-08-10,4.52,0.031963,123309.52,55327.983
600527,2026-08-10,2.21,0.027907,574840.95,125866.758
600528,2026-08-10,7.17,0.004202,107968.34,77525.39
600529,2026-08-10,19.18,-0.007246,128844.54,249502.434
600530,2026-08-10,3.85,-0.005168000000000001,165362.33,63170.388
600531,2026-08-10,13.9,0.023563999999999998,736094.3,1014469.39
600533,2026-08-10,2.18,0.009259,158426.0,34266.762
600535,2026-08-10,15.63,-0.005725,207738.13,328233.048
600536,2026-08-10,32.4,0.00715,201832.65,657525.275
600537,2026-08-10,2.21,0.009132,168826.45,36885.401
600538,2026-08-10,5.39,0.013158000000000001,230651.59,123460.076
600539,2026-08-10,15.0,-0.040307,213650.01,315732.163
600540,2026-08-10,4.03,0.03599,425499.0,169510.75
600543,2026-08-10,3.94,0.026042,27843.96,10850.487
600545,2026-08-10,4.44,-0.0022470000000000003,888194.64,388280.649
600546,2026-08-10,13.3,0.021505,290659.44,383811.942
600547,2026-08-10,31.47,0.03248,988908.66,3082883.293
600548,2026-08-10,8.38,0.0035930000000000003,30007.0,25149.122
600549,2026-08-10,59.95,0.033086000000000004,1161947.76,6775632.034
600550,2026-08-10,12.0,0.016088,506114.18,611233.227
600551,2026-08-10,6.96,0.014577,55143.27,38227.479
600552,2026-08-10,17.86,-0.018681,629797.6,1117029.023
600556,2026-08-10,5.12,-0.003891,614850.01,313487.359
600557,2026-08-10,12.74,-0.000784,96696.4,124346.614
600558,2026-08-10,4.83,0.014705999999999999,89053.25,42806.107
600559,2026-08-10,12.16,0.009967,174660.61,212663.976
600560,2026-08-10,11.19,0.020055,25562.75,28433.16
600561,2026-08-10,5.78,0.050909,67957.42,38503.261
600562,2026-08-10,26.75,0.060666000000000005,186424.37,485048.658
600563,2026-08-10,135.5,-0.005213,54780.92,733122.858
600566,2026-08-10,25.89,-0.000386,82868.65,216669.117
600567,2026-08-10,1.34,0.015152,504360.69,67471.387
600568,2026-08-10,2.27,0.008889000000000001,75564.0,17041.522
600569,2026-08-10,1.8,0.011236,132133.86,23717.953
600570,2026-08-10,23.07,0.013175,284034.24,652808.205
600571,2026-08-10,10.55,-0.002836,101529.0,107051.465
600572,2026-08-10,4.34,0.0,514178.43,224033.808
600573,2026-08-10,9.9,0.026971,73574.1,72215.389
600575,2026-08-10,3.46,0.026705999999999997,680917.01,233221.534
600576,2026-08-10,5.67,0.023466,118193.96,66667.34
600577,2026-08-10,8.26,0.0,503998.48,413617.546
600578,2026-08-10,5.92,-0.010033,1217353.24,716566.743
600579,2026-08-10,7.33,0.006868,60874.1,44384.461
600580,2026-08-10,35.45,-0.032478,670650.68,2403528.849
600581,2026-08-10,2.36,0.008547,88542.44,20839.205
600582,2026-08-10,4.87,0.014582999999999999,244558.3,118815.231
600583,2026-08-10,5.55,-0.001799,196617.64,109630.293
600584,2026-08-10,78.52,0.009904,1430997.67,11127773.471
600585,2026-08-10,17.84,0.004505,262647.34,469219.961
600586,2026-08-10,4.21,0.007177,118774.28,49815.021
600587,2026-08-10,12.84,0.003909,81540.5,105263.906
600588,2026-08-10,11.86,0.011944999999999999,861514.7,1019596.785
600589,2026-08-10,8.18,-0.012077,563619.29,460943.682
600590,2026-08-10,8.69,0.014001999999999999,225951.76,193628.09
600592,2026-08-10,14.75,0.013746000000000001,71562.35,104767.56
600593,2026-08-10,40.17,0.022136999999999997,38834.51,154755.308
600594,2026-08-10,3.78,0.008,464316.96,174177.434
600595,2026-08-10,6.77,0.021116000000000003,1405369.26,949633.983
600596,2026-08-10,11.16,0.009042,328515.16,365418.123
600597,2026-08-10,6.88,0.023809999999999998,124190.76,85319.083
600598,2026-08-10,12.21,0.012438,254992.0,311303.406
600600,2026-08-10,53.86,0.004850999999999999,62205.71,335340.959
600601,2026-08-10,13.22,0.027195,4199925.65,5478311.945
600602,2026-08-10,18.0,0.0039040000000000004,282638.55,506224.875
600603,2026-08-10,4.47,0.018223,110801.25,49050.54
600604,2026-08-10,4.48,0.009009,85465.65,38102.898
600605,2026-08-10,23.69,0.0,28662.0,67187.343
600606,2026-08-10,1.3,0.015625,1359920.49,177050.881
600609,2026-08-10,3.33,0.024615,207909.77,68504.665
600610,2026-08-10,7.19,0.02276,131902.03,94056.028
600611,2026-08-10,4.56,0.002198,884123.77,400440.505
600612,2026-08-10,36.22,0.038715,45735.73,164188.456
600613,2026-08-10,5.19,0.019646,112335.75,58207.524
600615,2026-08-10,9.6,0.056105999999999996,48399.4,46001.542
600616,2026-08-10,4.24,0.024155000000000003,72957.9,30838.016
600617,2026-08-10,3.54,0.038123,466446.26,161968.455
600618,2026-08-10,10.57,0.017324,75724.0,79876.151
600619,2026-08-10,14.05,-0.002131,150039.01,210040.784
600620,2026-08-10,4.33,0.033413,49515.45,21246.425
600621,2026-08-10,13.24,0.002271,69504.0,92196.749
600622,2026-08-10,2.21,0.027907,290329.43,63763.159
600623,2026-08-10,8.5,0.022864,199893.81,169352.209
600624,2026-08-10,3.98,0.007594999999999999,25637.26,10161.466
600626,2026-08-10,3.54,0.02907,102445.84,35977.713
600628,2026-08-10,6.19,0.021452,96853.1,59588.261
600629,2026-08-10,16.27,0.021985,429746.41,690960.175
600630,2026-08-10,6.79,0.024133,142097.69,95811.476
600633,2026-08-10,11.22,-0.00089,181324.27,202433.42
600635,2026-08-10,4.71,0.0,264660.0,124859.842
600637,2026-08-10,8.3,0.009732,363206.54,299496.912
600638,2026-08-10,5.04,0.030674999999999997,105688.0,52807.173
600639,2026-08-10,9.62,0.017988999999999998,53249.45,50986.655
600640,2026-08-10,10.75,0.003735,68326.0,73119.032
600641,2026-08-10,34.41,0.10006399999999999,290151.6,990539.594
600642,2026-08-10,8.37,0.0035970000000000004,209640.08,175816.091
600643,2026-08-10,3.99,0.017857,187152.0,74587.931
600644,2026-08-10,10.46,0.007707,466926.1,485097.429
600645,2026-08-10,19.95,0.007576,162775.0,326776.722
600648,2026-08-10,9.09,0.005531,20359.0,18447.946
600649,2026-08-10,3.72,0.024793,260837.3,96566.711
600650,2026-08-10,10.73,0.001867,52502.34,55870.602
600651,2026-08-10,6.34,-0.009375,483480.57,309095.674
600653,2026-08-10,1.71,0.03012,251938.69,42597.226
600654,2026-08-10,2.97,-0.0066890000000000005,995254.43,292487.613
600655,2026-08-10,4.66,0.013043,134467.42,62607.074
600657,2026-08-10,2.6,0.011673,219721.0,57468.185
600658,2026-08-10,4.04,0.022785000000000003,118935.73,47669.365
600660,2026-08-10,56.59,0.021480000000000003,115539.36,648806.108
600661,2026-08-10,9.72,0.040685,118157.48,113022.017
600662,2026-08-10,4.5,0.022727,137137.0,61506.299
600663,2026-08-10,9.39,0.028478,305717.47,285273.733
600664,2026-08-10,7.52,0.09941499999999999,1317603.19,990072.047
600665,2026-08-10,3.35,0.012084999999999999,191828.29,63443.364
600666,2026-08-10,3.86,0.002597,1093078.93,416331.968
600667,2026-08-10,19.27,-0.013312999999999998,2853385.56,5448581.865
600668,2026-08-10,7.58,0.021563,87641.6,65950.265
600671,2026-08-10,21.7,0.007896,46365.0,101347.37
600673,2026-08-10,33.28,0.011243000000000001,357207.96,1175698.281
600674,2026-08-10,15.05,0.005344,325347.07,490343.498
600675,2026-08-10,2.26,0.022624,378511.24,85181.743
600676,2026-08-10,7.0,0.0,90446.39,62814.972
600678,2026-08-10,5.62,0.0035709999999999995,64585.0,35977.03
600679,2026-08-10,9.58,0.020234000000000002,26044.0,24902.2
600681,2026-08-10,3.49,0.020468,242369.89,84023.935
600682,2026-08-10,5.7,0.010638000000000002,145642.0,83220.21
600683,2026-08-10,9.71,0.09966,66616.01,64566.363
600684,2026-08-10,3.51,0.035398,162364.77,56409.351
600685,2026-08-10,27.06,0.035988,188242.36,500941.115
600686,2026-08-10,12.12,0.031488999999999996,233705.23,282669.04
600688,2026-08-10,2.87,0.0,542650.74,156029.186
600689,2026-08-10,10.56,0.033268,27261.0,28539.621
600690,2026-08-10,22.25,0.014592,447050.2,989565.662
600691,2026-08-10,2.53,0.032653,278304.59,69836.094
600692,2026-08-10,6.16,0.038786,95773.0,58550.098
600693,2026-08-10,10.16,0.057232000000000005,936964.56,938550.193
600694,2026-08-10,14.58,0.010395000000000001,44298.67,64701.441
600697,2026-08-10,10.73,0.033719,30400.0,32365.544
600698,2026-08-10,7.22,0.10061,477080.56,335146.001
600699,2026-08-10,21.18,-0.0009429999999999999,212205.16,448045.649
600702,2026-08-10,38.05,0.001843,191919.4,734558.936
600703,2026-08-10,13.82,-0.040278,2330671.14,3240170.635
600704,2026-08-10,4.98,0.002012,345249.23,172201.198
600706,2026-08-10,7.9,0.039474,59954.52,46761.804
600707,2026-08-10,9.31,-0.017932,1202160.7,1117406.82
600708,2026-08-10,3.2,0.003135,121147.4,38686.914
600710,2026-08-10,10.65,0.008523,78339.44,83518.371
600711,2026-08-10,12.74,0.076014,2304641.01,2860828.457
600712,2026-08-10,5.57,0.016423,292568.93,161994.786
600713,2026-08-10,5.2,0.003861,172598.56,89986.576
600714,2026-08-10,15.28,-0.007792,212588.38,324758.005
600715,2026-08-10,1.64,0.031446999999999996,257438.13,41693.46
600716,2026-08-10,3.56,0.034884,66488.81,23439.905
600717,2026-08-10,4.26,0.007092,189544.82,80622.861
600718,2026-08-10,8.36,0.009661999999999999,127907.75,107315.732
600719,2026-08-10,7.81,0.020915,126979.16,97816.92
600720,2026-08-10,5.24,0.007692,58993.95,30923.868
600721,2026-08-10,11.59,0.09962,51186.58,59325.246
600722,2026-08-10,12.52,0.100176,1261939.8,1496127.952
600724,2026-08-10,5.2,0.021611,81598.0,42060.97
600725,2026-08-10,3.3,0.0030399999999999997,216202.58,71465.796
600726,2026-08-10,6.26,-0.009494,1370554.92,856283.504
600727,2026-08-10,7.67,0.018592,194802.01,148524.77
600728,2026-08-10,4.77,0.0042109999999999995,273261.52,130038.212
600729,2026-08-10,20.66,0.025819,52771.76,108425.477
600730,2026-08-10,11.31,-0.041525,101860.0,117288.633
600731,2026-08-10,5.85,0.020942,70354.6,40957.923
600732,2026-08-10,12.28,0.00821,249266.43,306239.481
600733,2026-08-10,5.46,-0.007272999999999999,1064785.72,578706.092
600734,2026-08-10,1.67,-0.023392,680662.12,111520.009
600735,2026-08-10,6.57,0.013889,32537.53,21052.277
600736,2026-08-10,6.69,0.006015,176194.37,117512.998
600737,2026-08-10,13.96,0.031781000000000004,736708.25,1035805.43
600738,2026-08-10,4.03,0.030691000000000003,98425.75,39236.126
600739,2026-08-10,10.9,0.0009180000000000001,155162.78,169932.361
600740,2026-08-10,3.6,0.016949000000000002,353103.71,126699.98
600741,2026-08-10,15.98,-0.00125,135444.24,217872.006
600742,2026-08-10,7.65,0.014589000000000001,56235.86,42882.777
600743,2026-08-10,2.27,0.004425,295397.76,66964.063
600744,2026-08-10,7.73,-0.019036,2735509.86,2128756.055
600745,2026-08-10,16.49,-0.01962,307048.23,505605.663
600746,2026-08-10,6.99,0.043284,261552.0,180135.852
600748,2026-08-10,3.88,0.023746999999999997,104755.2,40240.903
600749,2026-08-10,14.63,0.004808,73374.41,107020.319
600750,2026-08-10,24.86,0.003633,60125.0,150496.295
600751,2026-08-10,3.23,0.028662,292929.63,93460.212
600753,2026-08-10,9.94,-0.02069,19063.0,18617.298
600754,2026-08-10,19.95,0.046695,217876.63,429594.11
600755,2026-08-10,5.77,0.006981,122416.38,70610.959
600756,2026-08-10,15.78,0.014138999999999999,219029.5,343064.308
600757,2026-08-10,7.76,0.0012900000000000001,114426.17,89144.4
600758,2026-08-10,3.54,0.005682,694955.26,245208.269
600759,2026-08-10,2.33,0.0,875851.47,203390.646
600760,2026-08-10,45.1,0.05968,330712.71,1459629.628
600761,2026-08-10,17.41,0.010447,111527.87,194168.538
600763,2026-08-10,37.02,0.010923,147538.15,548223.595
600764,2026-08-10,18.7,0.028037,75099.71,138759.383
600765,2026-08-10,13.9,0.034226,231078.41,315938.033
600768,2026-08-10,14.99,0.021117,51430.0,76257.541
600769,2026-08-10,15.23,0.008609,102349.57,151851.868
600770,2026-08-10,5.25,0.001908,219434.25,114346.138
600771,2026-08-10,14.22,-0.004899,89634.51,128659.055
600773,2026-08-10,11.38,0.012456,191171.0,216893.013
600774,2026-08-10,7.2,0.038961,56710.8,40403.983
600775,2026-08-10,10.12,0.018109,251119.14,251121.856
600776,2026-08-10,12.91,-0.009969,149987.0,192979.626
600777,2026-08-10,4.2,-0.011765000000000001,177484.24,74846.55
600778,2026-08-10,5.57,0.037244,87237.29,47940.827
600779,2026-08-10,28.95,0.008008,44348.45,128429.836
600780,2026-08-10,6.03,0.006678,79851.03,48068.961
600782,2026-08-10,2.8,0.007194000000000001,349124.0,97732.019
600783,2026-08-10,18.02,-0.023306,302896.84,546588.934
600784,2026-08-10,8.22,0.07873999999999999,269485.39,217617.995
600785,2026-08-10,8.96,0.028703,101964.41,90254.004
600787,2026-08-10,4.61,0.004357,140178.28,64788.859
600789,2026-08-10,7.56,0.006658,296113.62,224366.551
600790,2026-08-10,3.35,0.021341000000000002,142334.13,47526.042
600791,2026-08-10,7.49,0.03168,188936.5,139454.712
600792,2026-08-10,3.71,0.030556,224893.51,82503.746
600793,2026-08-10,15.66,0.099719,134065.0,203462.178
600794,2026-08-10,3.17,0.022581000000000004,124212.25,39123.955
600795,2026-08-10,5.02,0.008032000000000001,876413.76,440048.245
600796,2026-08-10,5.15,0.021825,89263.51,45928.2
600797,2026-08-10,7.46,0.041899,622722.81,461777.275
600798,2026-08-10,3.26,0.015576000000000001,133530.0,43313.655
600800,2026-08-10,3.39,0.018018,224270.4,74884.309
600801,2026-08-10,24.02,0.051204,181980.59,430055.151
600802,2026-08-10,4.57,0.043379,74419.34,33551.934
600803,2026-08-10,17.55,0.014451,58271.46,102194.108
600805,2026-08-10,4.41,0.016129,56670.95,24877.621
600807,2026-08-10,2.61,0.035714,185203.01,47738.244
600808,2026-08-10,2.59,0.003876,540622.44,139857.639
600809,2026-08-10,123.1,0.023955999999999998,118232.74,1454706.349
600810,2026-08-10,6.54,0.025078,160442.4,104380.859
600812,2026-08-10,5.02,0.012097,300915.84,150258.391
600814,2026-08-10,6.73,0.027481,61959.0,41412.4
600815,2026-08-10,3.61,0.10061,1370807.01,477831.267
600816,2026-08-10,2.56,0.01992,659244.48,167355.537
600817,2026-08-10,9.44,0.01179,24235.0,22799.674
600818,2026-08-10,7.81,0.052561,111809.67,86219.359
600819,2026-08-10,5.47,0.02243,77937.0,42335.541
600820,2026-08-10,5.43,0.0036969999999999998,180125.03,97921.827
600821,2026-08-10,6.55,-0.0045590000000000006,689979.83,450021.86
600822,2026-08-10,8.4,0.029411999999999997,48800.0,40758.413
600824,2026-08-10,3.62,0.034286,137787.51,49381.571
600825,2026-08-10,5.09,0.013944000000000002,77854.1,39362.87
600826,2026-08-10,8.17,0.019975,45851.4,37015.544
600827,2026-08-10,7.77,0.013038000000000001,177448.31,137752.838
600828,2026-08-10,4.0,0.028277999999999998,131727.18,52289.673
600829,2026-08-10,10.54,0.021318,495346.92,522734.426
600830,2026-08-10,8.12,0.020101,59058.0,47697.213
600831,2026-08-10,3.4,0.02719,132678.0,44554.142
600833,2026-08-10,11.01,0.0999,133682.71,144364.804
600834,2026-08-10,7.38,0.012346,17975.51,13194.079
600835,2026-08-10,18.95,-0.005770999999999999,42563.18,80511.292
600838,2026-08-10,7.45,0.029005999999999997,79710.01,59000.644
600839,2026-08-10,6.94,0.013139000000000001,686088.1,474838.841
600841,2026-08-10,5.85,0.012111,119383.35,69361.991
600843,2026-08-10,7.17,0.012712000000000001,77487.98,55383.339
600844,2026-08-10,3.57,0.037791,633505.02,224379.818
600845,2026-08-10,18.32,0.003286,173682.86,317620.249
600846,2026-08-10,12.85,0.071726,128625.33,161054.324
600847,2026-08-10,12.54,0.028712,20640.1,25653.305
600848,2026-08-10,8.78,0.013857,88315.63,77562.695
600850,2026-08-10,15.56,0.008425,108013.92,167255.171
600851,2026-08-10,8.47,0.011947000000000001,130648.72,110715.903
600853,2026-08-10,3.26,0.01875,113481.76,36870.724
600854,2026-08-10,4.54,0.031818,67599.17,30400.11
600855,2026-08-10,13.03,0.017174000000000002,86042.54,110385.138
600857,2026-08-10,17.77,-0.004482,36731.0,65066.83
600858,2026-08-10,4.93,0.033542999999999996,112492.0,54839.122
600859,2026-08-10,10.27,0.018849,181840.92,185758.783
600860,2026-08-10,8.43,0.020581000000000002,40451.0,33867.621
600861,2026-08-10,13.32,0.006042,33134.22,44324.408
600862,2026-08-10,18.64,0.023613,164204.01,303100.465
600863,2026-08-10,4.71,-0.0021190000000000002,838298.2,393590.676
600864,2026-08-10,5.42,0.005566,182222.75,98747.176
600865,2026-08-10,9.0,0.027397,64548.12,57649.189
600866,2026-08-10,4.48,0.011287,229297.0,102604.366
600867,2026-08-10,8.38,-0.004751,340615.21,287493.492
600868,2026-08-10,2.87,0.021352000000000003,508204.07,144079.081
600869,2026-08-10,15.66,-0.030941,1429745.05,2225323.742
600871,2026-08-10,2.24,0.013574999999999999,964465.32,214926.772
600872,2026-08-10,19.56,0.016104,140945.48,276464.137
600873,2026-08-10,8.11,0.029188000000000002,374692.18,302343.371
600874,2026-08-10,5.61,0.016304,83722.17,46730.466
600875,2026-08-10,27.19,-0.0073019999999999995,466063.19,1264296.314
600876,2026-08-10,7.11,0.025974,39480.22,27772.041
600877,2026-08-10,13.48,0.048212000000000005,309641.2,415528.66
600879,2026-08-10,16.45,0.003049,941971.76,1535464.614
600880,2026-08-10,4.05,0.015038000000000001,151412.0,60806.528
600881,2026-08-10,1.7,-0.017341,593007.6,100804.361
600882,2026-08-10,22.46,0.004472,79327.48,178485.772
600883,2026-08-10,7.69,0.030831,43648.01,33246.889
600884,2026-08-10,12.07,-0.02818,858973.67,1035297.344
600885,2026-08-10,35.3,-0.003106,161806.93,567402.328
600886,2026-08-10,14.26,0.002108,283627.65,406077.33
600887,2026-08-10,26.26,0.001908,535487.2,1411131.339
600888,2026-08-10,10.16,0.008937,606069.08,609454.643
600889,2026-08-10,13.72,-0.005076000000000001,19217.01,26282.848
600892,2026-08-10,3.82,-0.072816,1239349.0,477031.2
600893,2026-08-10,36.9,0.025855000000000003,364013.17,1324100.347
600894,2026-08-10,7.94,0.012755,39439.68,31213.668
600895,2026-08-10,33.09,0.017841,322945.49,1060566.061
600897,2026-08-10,14.77,0.009569,14228.2,20998.872
600900,2026-08-10,28.05,0.010811,1187473.47,3321846.355
600901,2026-08-10,6.51,0.023585,497744.59,319053.453
600903,2026-08-10,6.45,0.022187000000000002,205062.65,130594.846
600905,2026-08-10,3.78,0.002653,699199.06,264557.837
600906,2026-08-10,6.62,0.004552,208981.29,138312.442
600908,2026-08-10,5.42,0.005566,195519.64,106072.287
600909,2026-08-10,8.24,0.003654,1184524.65,975213.373
600916,2026-08-10,8.1,0.042470999999999995,686521.17,550861.356
600917,2026-08-10,4.87,0.010373,52158.02,25311.213
600918,2026-08-10,5.6,0.007194000000000001,214577.14,119965.298
600919,2026-08-10,11.81,0.016351,1129222.46,1332702.752
600925,2026-08-10,4.37,0.021027999999999998,112818.27,48996.037
600926,2026-08-10,16.1,0.00625,285697.23,460547.217
600927,2026-08-10,13.07,0.00307,50724.52,66338.843
600928,2026-08-10,3.58,0.014164000000000001,250451.99,89581.57
600929,2026-08-10,5.36,0.0056289999999999995,219720.2,118265.221
600930,2026-08-10,4.23,0.009547,1291492.92,544553.262
600933,2026-08-10,13.8,0.010989,78403.03,107882.443
600935,2026-08-10,2.33,0.017467,178158.86,41222.976
600936,2026-08-10,6.16,0.1,1183437.31,689349.524
600938,2026-08-10,32.0,0.021385,464688.34,1491251.921
600939,2026-08-10,2.64,0.011493999999999999,77703.0,20525.364
600941,2026-08-10,96.7,0.012565,108936.45,1053343.26
600955,2026-08-10,12.87,0.012589,32237.0,41420.272
600956,2026-08-10,7.36,0.013774,87915.5,64612.702
600958,2026-08-10,9.19,0.012115,548248.86,503331.257
600959,2026-08-10,3.1,0.009772,255643.79,78943.298
600960,2026-08-10,4.04,0.012531,82852.0,33233.029
600961,2026-08-10,30.17,0.02619,915151.04,2741310.376
600962,2026-08-10,28.15,-0.001419,171850.79,480807.521
600963,2026-08-10,3.36,0.015106,294433.55,98642.045
600965,2026-08-10,2.64,0.027237,36450.61,9503.904
600966,2026-08-10,5.13,0.057732,232475.86,116785.474
600967,2026-08-10,12.2,0.065502,677039.24,811781.203
600968,2026-08-10,3.89,0.005168000000000001,242775.0,94410.961
600969,2026-08-10,8.6,0.037394,116086.82,98517.907
600970,2026-08-10,7.89,0.007663,195514.28,154067.637
600971,2026-08-10,8.43,0.033088,214290.95,178893.792
600973,2026-08-10,6.3,0.014493,201798.46,125823.383
600975,2026-08-10,5.04,0.022312,166571.0,83830.107
600976,2026-08-10,29.56,-0.019569,38005.49,113126.165
600977,2026-08-10,12.99,0.030135000000000002,783502.82,1009551.883
600979,2026-08-10,4.06,0.017544,249628.6,100672.018
600980,2026-08-10,19.73,0.041161,49923.9,96955.532
600981,2026-08-10,2.45,0.025105,191949.5,46676.716
600982,2026-08-10,5.2,0.019608,356467.0,183811.293
600983,2026-08-10,7.81,0.011658,28494.0,22177.17
600984,2026-08-10,4.49,0.10049,763431.5,335609.941
600985,2026-08-10,16.86,0.020581000000000002,294353.0,496094.89
600986,2026-08-10,8.03,-0.0037219999999999996,649774.22,519988.956
600987,2026-08-10,6.81,0.02099,130916.07,88729.456
600988,2026-08-10,43.73,0.038964,817378.39,3489494.441
600989,2026-08-10,23.9,0.009717,594430.34,1419752.126
600990,2026-08-10,18.41,0.028492000000000003,47664.7,86595.735
600992,2026-08-10,10.44,0.028571,83107.77,85892.236
600993,2026-08-10,23.79,0.014066,67113.37,159345.739
600995,2026-08-10,12.8,0.012658,150618.87,192772.933
600996,2026-08-10,6.98,-0.005698,220074.82,151149.063
600997,2026-08-10,5.47,0.011091,168933.64,92820.475
600998,2026-08-10,5.05,0.012024,454454.4,230601.424
600999,2026-08-10,18.21,0.000549,505501.22,922227.817
601000,2026-08-10,4.64,-0.006424,401945.45,187208.03
601001,2026-08-10,18.0,0.041666999999999996,315339.03,558480.846
601002,2026-08-10,5.47,0.02243,135827.03,73747.636
601003,2026-08-10,3.83,0.021333,379341.5,142534.014
601005,2026-08-10,1.21,0.008333,379666.95,45678.745
601006,2026-08-10,4.78,-0.0041670000000000006,1324381.34,633631.301
601007,2026-08-10,6.72,0.029096,78231.5,52230.039
601008,2026-08-10,4.37,0.018648,88187.97,38426.217
601009,2026-08-10,11.25,0.003568,386372.31,436558.136
601010,2026-08-10,1.41,0.0,197777.0,27681.795
601011,2026-08-10,2.72,0.034221,439185.71,117790.947
601012,2026-08-10,12.94,0.0007729999999999999,775234.96,1003418.864
601015,2026-08-10,3.43,0.026945999999999998,740908.65,249861.869
601016,2026-08-10,3.58,0.008451,1290933.87,458622.759
601018,2026-08-10,3.39,0.01194,489584.3,165838.485
601019,2026-08-10,7.07,0.012894000000000001,124132.96,87683.216
601020,2026-08-10,23.27,0.100236,492490.09,1113472.948
601021,2026-08-10,45.83,0.003503,35612.22,162900.434
601022,2026-08-10,8.16,0.013665,45222.0,36748.726
601026,2026-08-10,15.24,0.018716999999999998,41970.65,63446.677
601033,2026-08-10,14.48,0.021877,43589.46,62886.31
601038,2026-08-10,13.48,0.021211999999999998,73263.0,97720.613
601058,2026-08-10,13.87,0.019104,286844.3,397952.32
601059,2026-08-10,16.68,0.00361,39471.0,65873.512
601061,2026-08-10,12.56,0.032895,261573.94,324823.436
601065,2026-08-10,6.94,0.01462,61337.0,42499.201
601066,2026-08-10,25.96,-0.0030719999999999996,196748.16,511022.615
601068,2026-08-10,4.66,0.02193,112170.0,51907.86
601069,2026-08-10,30.28,0.062083000000000006,504852.59,1488619.278
601077,2026-08-10,6.46,0.00155,846886.03,548750.25
601083,2026-08-10,11.39,0.026126,79868.5,90726.122
601086,2026-08-10,8.17,0.034177,264613.0,214628.012
601088,2026-08-10,44.68,0.016841,298630.87,1330909.987
601089,2026-08-10,17.92,0.010147,42039.0,75471.346
601096,2026-08-10,4.37,0.013921,238334.31,103783.695
601098,2026-08-10,10.49,0.005753,123660.43,130095.343
601099,2026-08-10,3.42,0.0,722990.22,247452.288
601100,2026-08-10,103.88,-0.001154,56109.82,581772.476
601101,2026-08-10,13.39,-0.008147999999999999,626552.7,843231.494
601106,2026-08-10,3.21,0.012618,560267.06,178201.487
601107,2026-08-10,5.58,0.009042,100814.59,56369.783
601108,2026-08-10,8.41,-0.0059099999999999995,347752.52,292640.925
601111,2026-08-10,6.09,0.003295,531996.62,322677.796
601112,2026-08-10,15.66,0.008371,40576.79,63314.487
601113,2026-08-10,3.47,0.017595,105420.07,36483.212
601116,2026-08-10,10.72,0.022900999999999998,91878.74,97969.24
601117,2026-08-10,7.8,0.003861,546679.11,425759.164
601118,2026-08-10,5.52,0.007299,698852.91,385338.604
601121,2026-08-10,7.36,0.041018,199069.82,146173.198
601126,2026-08-10,45.89,-0.0017399999999999998,382712.63,1769089.157
601127,2026-08-10,56.03,-0.013904000000000001,224759.04,1267965.531
601128,2026-08-10,6.13,0.0016339999999999998,485412.04,298717.297
601133,2026-08-10,26.3,0.005736,125631.0,328188.52
601136,2026-08-10,14.62,0.000684,84122.0,123413.947
601137,2026-08-10,17.6,-0.022222,172444.13,302543.921
601138,2026-08-10,69.18,0.014667,1644179.23,11393974.962
601139,2026-08-10,6.4,0.009464,214084.19,137129.291
601155,2026-08-10,11.26,0.021779000000000003,287874.6,324521.178
601156,2026-08-10,17.87,0.029971,115180.29,203340.816
601158,2026-08-10,4.2,0.019417,105704.35,44191.401
601162,2026-08-10,3.63,0.0,967615.2,351535.146
601163,2026-08-10,13.4,0.012849999999999999,37870.65,50672.132
601166,2026-08-10,18.34,0.0,636905.48,1170484.111
601168,2026-08-10,42.45,-0.014395,921396.88,3890046.516
601169,2026-08-10,5.03,0.003992,1030539.17,518746.819
601177,2026-08-10,13.37,0.015957,53500.82,71055.662
601179,2026-08-10,14.07,0.0,1670734.88,2375027.292
601186,2026-08-10,6.17,0.001623,321235.82,198310.213
601187,2026-08-10,7.27,0.0027589999999999997,158170.44,115119.431
601188,2026-08-10,2.89,0.021200999999999998,216945.0,62388.616
601198,2026-08-10,13.82,0.001449,173006.56,239528.522
601199,2026-08-10,6.06,0.09981899999999999,418424.2,245651.161
601200,2026-08-10,7.06,0.011460999999999999,94112.15,66373.36
601208,2026-08-10,45.38,-0.012190000000000001,1182206.35,5310539.382
601211,2026-08-10,18.2,0.016191999999999998,735156.81,1336580.079
601212,2026-08-10,5.9,0.047957,2818536.33,1628183.671
601216,2026-08-10,4.59,0.008791,465659.54,214216.209
601218,2026-08-10,4.68,0.017391,392095.26,181812.588
601222,2026-08-10,5.67,0.0125,169456.89,95769.073
601225,2026-08-10,26.04,0.039936,401014.46,1035701.056
601226,2026-08-10,6.32,0.012821,92177.43,57928.379
601228,2026-08-10,3.08,0.016502,245170.38,75107.561
601229,2026-08-10,9.27,0.006515,530518.84,493240.851
601231,2026-08-10,27.68,0.002535,345128.87,949682.47
601233,2026-08-10,24.4,0.035654,401415.52,971092.883
601236,2026-08-10,7.05,0.005706,103127.8,72704.827
601238,2026-08-10,5.33,0.015238,275116.18,146892.875
601279,2026-08-10,3.26,0.031646,100814.0,32542.027
601288,2026-08-10,6.46,-0.0015459999999999998,3554488.77,2301707.544
601298,2026-08-10,8.88,0.023041,124995.85,110207.108
601311,2026-08-10,7.93,0.007624,117122.67,92797.935
601318,2026-08-10,53.32,-0.001124,595323.2,3178152.627
601319,2026-08-10,7.07,-0.002821,476011.94,337753.841
601326,2026-08-10,3.4,0.00295,208810.76,71440.135
601328,2026-08-10,6.9,-0.001447,1098860.46,761119.153
601330,2026-08-10,7.25,0.015406,98552.54,71014.38
601333,2026-08-10,2.96,0.0,577326.05,171572.027
601336,2026-08-10,60.06,-0.009891,151347.12,910726.504
601339,2026-08-10,8.0,-0.009901,220100.0,180200.505
601360,2026-08-10,9.61,-0.0031119999999999997,805401.66,772538.832
601366,2026-08-10,3.58,0.028736,111217.06,39391.023
601368,2026-08-10,4.52,0.024943,79620.64,35806.353
601369,2026-08-10,9.39,-0.014690000000000002,157866.01,150124.499
601375,2026-08-10,4.14,0.004854,341591.0,141699.099
601377,2026-08-10,5.91,0.003396,531499.6,313848.689
601388,2026-08-10,3.41,0.042813,619186.42,208680.255
601390,2026-08-10,4.52,0.008929,950546.04,429451.569
601398,2026-08-10,7.53,0.0,3073877.36,2315135.287
601399,2026-08-10,3.32,0.0,550196.2,182407.097
601456,2026-08-10,8.97,0.001116,129474.65,116334.772
601500,2026-08-10,4.07,0.009926,150588.2,61377.378
601512,2026-08-10,7.93,0.010190999999999999,41051.5,32602.343
601515,2026-08-10,3.58,0.046784,455488.23,163419.764
601518,2026-08-10,2.79,0.01087,120589.8,33591.382
601519,2026-08-10,8.27,-0.001208,283631.96,233955.851
601528,2026-08-10,4.92,0.006135000000000001,204621.29,101045.292
601555,2026-08-10,8.0,-0.0037359999999999997,275026.29,221069.129
601566,2026-08-10,8.66,0.032181,74868.0,63950.993
601567,2026-08-10,16.01,0.008186,132878.94,212275.778
601568,2026-08-10,3.76,0.010752999999999999,164580.6,61855.985
601577,2026-08-10,9.22,0.001086,149421.92,138437.802
601579,2026-08-10,15.67,0.041196,115434.13,180839.456
601588,2026-08-10,1.73,0.029762,347670.56,59995.268
601595,2026-08-10,17.99,0.01295,60643.2,108837.624
601598,2026-08-10,6.68,0.032457,240166.1,159923.651
601599,2026-08-10,3.1,0.02649,234781.0,72004.529
601600,2026-08-10,10.05,0.020305,2278829.51,2279671.22
601601,2026-08-10,30.94,-0.016841,514897.85,1607474.261
601606,2026-08-10,36.18,0.10003000000000001,393406.15,1367567.487
601607,2026-08-10,16.72,0.001198,146724.06,247141.536
601608,2026-08-10,4.93,0.00818,349944.05,171087.46
601609,2026-08-10,10.4,-0.004785,250209.58,261045.144
601611,2026-08-10,11.91,0.01882,716390.87,845993.164
601615,2026-08-10,11.69,0.007759,390579.22,452351.277
601616,2026-08-10,3.74,0.019074,243367.5,90311.326
601618,2026-08-10,2.64,0.007633999999999999,693030.84,182810.627
601619,2026-08-10,4.6,-0.014988999999999999,443647.2,204040.593
601628,2026-08-10,37.7,-0.022556,371568.36,1409719.654
601633,2026-08-10,15.69,0.0070599999999999994,152059.61,238672.418
601636,2026-08-10,6.07,-0.009788,694528.38,417746.633
601658,2026-08-10,4.96,0.0,1137898.41,565322.842
601665,2026-08-10,6.24,0.003215,372283.98,233522.375
601666,2026-08-10,9.35,0.045861,589723.16,550379.197
601668,2026-08-10,4.54,0.004425,1785567.03,809535.419
601669,2026-08-10,4.82,0.002079,832461.29,401167.811
601677,2026-08-10,17.41,0.030787,324825.41,562424.551
601678,2026-08-10,7.43,0.019204000000000002,1972086.49,1450309.518
601686,2026-08-10,5.22,0.009670999999999999,55039.64,28701.286
601688,2026-08-10,19.39,0.005705,491683.96,953097.318
601689,2026-08-10,49.48,-0.017864,189577.98,940434.191
601696,2026-08-10,11.96,-0.002502,259432.2,309920.77
601698,2026-08-10,27.56,0.005106,332082.2,904442.031
601699,2026-08-10,16.29,0.001845,350539.85,571468.42
601700,2026-08-10,7.08,0.09937900000000001,2712904.12,1880022.839
601702,2026-08-10,15.81,0.024627,112627.13,176658.581
601717,2026-08-10,16.03,0.013274,192373.89,307270.75
601718,2026-08-10,1.8,0.011236,241202.64,43314.62
601727,2026-08-10,6.85,0.002928,493182.91,337160.307
601728,2026-08-10,6.27,0.014563,1316179.13,830809.896
601766,2026-08-10,5.97,0.015306,1457264.48,866676.184
601777,2026-08-10,8.41,-0.011751000000000001,255111.84,216230.601
601778,2026-08-10,3.85,-0.007732,1466087.12,561483.035
601788,2026-08-10,14.69,0.003415,148209.4,217881.073
601789,2026-08-10,4.37,0.009238,296041.02,128722.543
601798,2026-08-10,7.66,0.011889,57155.33,43595.942
601799,2026-08-10,96.11,0.018546,29226.86,282145.974
601800,2026-08-10,6.08,0.0033,308942.14,187836.511
601801,2026-08-10,5.5,0.00365,101236.34,55855.989
601808,2026-08-10,12.12,0.003311,151537.0,183957.297
601811,2026-08-10,12.08,0.017692,18632.0,22352.929
601816,2026-08-10,5.1,0.011904999999999999,1411035.05,720133.786
601818,2026-08-10,3.05,0.0,1554446.52,475683.838
601825,2026-08-10,8.24,-0.006031,209794.87,174057.322
601827,2026-08-10,8.84,0.05113,233503.0,203689.25
601828,2026-08-10,2.24,0.009009,291486.2,65240.128
601838,2026-08-10,18.1,0.012303999999999999,194363.1,351489.452
601857,2026-08-10,10.85,0.007428000000000001,1087100.97,1187432.034
601858,2026-08-10,25.86,-0.017477,176043.33,461264.603
601860,2026-08-10,2.56,0.007873999999999999,495518.37,126888.21
601865,2026-08-10,11.18,-0.048511,633577.15,712759.979
601866,2026-08-10,2.42,0.012552,504782.0,121925.916
601868,2026-08-10,2.61,0.003846,2304290.92,602718.813
601869,2026-08-10,343.09,0.012990999999999999,139563.67,4760615.205
601872,2026-08-10,18.18,0.011123000000000001,699967.75,1262966.525
601877,2026-08-10,25.53,0.007101,119623.74,304808.435
601878,2026-08-10,9.48,0.003175,175161.51,166054.743
601880,2026-08-10,1.47,0.006848999999999999,653927.21,96150.12
601881,2026-08-10,12.41,0.0,209119.22,259764.511
601882,2026-08-10,19.88,0.024214000000000003,74731.83,148830.44
601886,2026-08-10,9.1,0.10036300000000001,111525.82,99064.571
601888,2026-08-10,56.24,0.0075239999999999994,301198.07,1695255.01
601890,2026-08-10,8.63,0.017689,166759.57,142920.561
601898,2026-08-10,14.4,0.026372,523650.0,751218.886
601899,2026-08-10,35.45,0.008535000000000001,2736505.25,9641711.51
601900,2026-08-10,11.84,0.009378,57742.95,68318.168
601901,2026-08-10,7.05,0.0014199999999999998,291006.25,205075.75
601908,2026-08-10,3.11,-0.003205,289390.72,89542.545
601916,2026-08-10,2.91,0.003448,1152764.02,336348.811
601918,2026-08-10,10.2,0.038697,567920.19,572702.124
601919,2026-08-10,15.64,0.01361,650749.95,1019717.484
601921,2026-08-10,7.27,0.016783,83406.49,60419.133
601928,2026-08-10,9.24,0.004348,106177.91,98293.835
601929,2026-08-10,2.43,0.016736,629311.8,151080.306
601933,2026-08-10,3.27,0.012384,1210185.48,394370.502
601939,2026-08-10,10.13,0.005958,1453438.29,1469508.408
601949,2026-08-10,5.3,0.003788,96389.98,50962.258
601952,2026-08-10,8.33,0.010922000000000001,133620.59,111421.943
601956,2026-08-10,4.98,0.024691,64882.58,32039.381
601958,2026-08-10,24.67,0.0383,770079.98,1881437.747
601963,2026-08-10,10.97,0.019517,129952.65,141877.406
601965,2026-08-10,14.38,0.016973000000000002,108305.0,156178.561
601966,2026-08-10,11.34,0.013405,86738.49,98228.382
601968,2026-08-10,4.54,0.011136,50903.0,23154.519
601969,2026-08-10,9.37,0.02181,171920.22,159905.94
601975,2026-08-10,3.71,0.0,1324837.15,489921.676
601985,2026-08-10,8.85,0.005682,879410.83,776862.774
601988,2026-08-10,5.82,0.008666,2628531.69,1530361.003
601990,2026-08-10,6.76,0.002967,132535.0,89649.199
601991,2026-08-10,6.34,-0.007825,3738207.52,2349655.784
601992,2026-08-10,1.42,0.014286,565833.52,80063.175
601995,2026-08-10,34.97,0.0025800000000000003,145933.87,510099.348
601996,2026-08-10,2.47,0.04661,286092.85,69521.661
601997,2026-08-10,5.64,0.008945,422392.7,238438.609
601998,2026-08-10,7.52,0.008043,554283.91,418981.954
601999,2026-08-10,6.12,0.030303,58597.87,35520.322
603000,2026-08-10,17.06,-0.002339,117706.19,200535.304
603001,2026-08-10,7.37,0.033660999999999996,131801.0,96193.525
603002,2026-08-10,15.18,0.008638,867499.49,1304371.65
603004,2026-08-10,21.42,0.023411,50395.14,105605.054
603005,2026-08-10,33.02,-0.022788,396069.4,1303498.341
603006,2026-08-10,11.25,0.021798,25557.0,28470.026
603007,2026-08-10,4.92,0.012346,205553.96,100489.394
603008,2026-08-10,8.0,0.005024999999999999,31474.18,25066.438
603009,2026-08-10,40.0,-0.032881999999999995,56411.0,227021.441
603010,2026-08-10,11.35,0.041284,98498.16,108789.983
603011,2026-08-10,23.95,0.055996,1124242.15,2654998.952
603012,2026-08-10,8.13,-0.033294000000000004,526089.46,420114.567
603013,2026-08-10,16.98,0.013731,22006.5,37200.008
603014,2026-08-10,33.86,-0.009651999999999999,26354.57,89667.238
603015,2026-08-10,10.88,0.019681,48405.0,52439.641
603016,2026-08-10,29.28,0.011399,17722.0,51492.927
603017,2026-08-10,9.7,0.024287,57772.0,55064.278
603018,2026-08-10,5.35,0.019048,67471.47,35852.236
603019,2026-08-10,86.24,-0.028501,478528.21,4157730.504
603020,2026-08-10,11.01,0.0999,118284.0,124453.018
603021,2026-08-10,6.57,0.003053,46387.43,29903.869
603022,2026-08-10,8.73,0.03436,35459.75,30614.145
603023,2026-08-10,3.99,0.041775,113445.2,44676.665
603025,2026-08-10,13.54,0.008942,64998.96,87807.847
603026,2026-08-10,66.91,-0.005795,87755.31,589573.211
603027,2026-08-10,7.6,0.017403,211517.06,160670.078
603028,2026-08-10,6.96,0.023529,45623.75,31420.361
603029,2026-08-10,15.77,0.052035,27625.7,42703.577
603030,2026-08-10,2.07,0.024752,280342.25,57281.201
603031,2026-08-10,40.35,0.011278,116735.5,462949.019
603032,2026-08-10,19.39,-0.0010299999999999999,58289.37,112204.937
603033,2026-08-10,7.99,0.012674000000000001,48760.0,38627.544
603035,2026-08-10,11.15,0.014558999999999999,39415.0,43730.155
603036,2026-08-10,13.18,0.008416,44399.0,57960.436
603037,2026-08-10,10.41,0.017595,30244.4,31316.308
603038,2026-08-10,15.06,0.10007300000000001,79708.63,117061.266
603039,2026-08-10,45.35,-0.005046,437407.73,1977480.047
603040,2026-08-10,55.93,-0.010613999999999998,14436.85,80034.54
603041,2026-08-10,11.03,0.033739,23574.0,25720.459
603042,2026-08-10,13.17,0.005344,79997.2,104084.142
603043,2026-08-10,13.86,0.023634,66973.48,93049.413
603045,2026-08-10,55.19,-0.01989,76941.17,421207.409
603048,2026-08-10,21.42,0.034283,24985.0,52823.29
603049,2026-08-10,49.67,0.018663,26024.23,129059.918
603050,2026-08-10,18.39,0.019967,29671.99,53937.124
603051,2026-08-10,21.91,0.060503,65649.98,140717.224
603052,2026-08-10,53.68,-0.01685,37365.99,200420.438
603053,2026-08-10,9.0,0.015801,20710.0,18547.599
603055,2026-08-10,8.44,0.029268000000000002,66144.91,55524.697
603057,2026-08-10,23.03,0.034591,31347.5,71932.146
603058,2026-08-10,10.3,0.019802,107983.0,109320.145
603059,2026-08-10,25.44,0.03163,15489.62,39066.971
603060,2026-08-10,5.56,0.018314999999999998,59852.08,33067.076
603061,2026-08-10,319.99,0.010388,46650.29,1495093.931
603062,2026-08-10,38.7,0.017083,3606.39,13905.811
603063,2026-08-10,32.3,-0.020322,269010.92,863309.695
603065,2026-08-10,17.75,0.099752,437466.73,758079.087
603066,2026-08-10,9.19,0.022247,39709.0,36215.54
603067,2026-08-10,35.32,0.070303,352863.71,1211933.889
603068,2026-08-10,40.98,0.001711,112864.0,460333.851
603069,2026-08-10,13.42,0.020531999999999998,32201.0,42934.561
603070,2026-08-10,11.8,0.025195,24553.94,28614.494
603071,2026-08-10,12.06,0.013445,32213.0,38785.933
603072,2026-08-10,33.23,0.013419,29256.02,96715.495
603073,2026-08-10,16.75,0.041019,22543.0,37128.57
603075,2026-08-10,19.4,0.021589999999999998,21829.28,41948.588
603076,2026-08-10,20.74,0.029790999999999998,20970.0,42993.405
603077,2026-08-10,2.48,0.029046,1965612.77,486098.61
603078,2026-08-10,36.26,-0.003024,401718.63,1435882.034
603079,2026-08-10,12.21,0.040034,40001.0,48215.128
603080,2026-08-10,19.16,0.014831,12859.0,24557.673
603081,2026-08-10,9.5,-0.016563,41647.0,39669.832
603082,2026-08-10,40.03,0.027728000000000003,92197.45,369092.695
603083,2026-08-10,147.92,-0.044321,225397.64,3346601.484
603085,2026-08-10,9.98,0.001003,58180.0,57865.304
603086,2026-08-10,5.68,0.028986,83336.29,47043.985
603087,2026-08-10,67.7,-0.028555,126714.36,872056.874
603088,2026-08-10,9.57,-0.003125,68751.9,65450.045
603089,2026-08-10,9.01,0.034443,22981.75,20513.189
603090,2026-08-10,39.89,-0.003497,25609.0,101283.686
603091,2026-08-10,49.88,-0.001201,5965.19,29627.925
603092,2026-08-10,50.41,0.016126,17726.18,88277.934
603093,2026-08-10,12.5,0.004823,115283.75,143757.556
603095,2026-08-10,13.22,0.013027,27431.72,36043.239
603096,2026-08-10,15.14,0.032038000000000004,17558.2,26314.596
603097,2026-08-10,21.47,0.018984,41457.3,87833.779
603098,2026-08-10,10.27,0.008841,39145.0,40150.516
603099,2026-08-10,40.2,0.033153,69931.26,276653.217
603100,2026-08-10,18.38,0.0021809999999999998,35847.52,65667.08
603101,2026-08-10,7.46,0.033241,106424.76,78661.846
603102,2026-08-10,39.75,0.059717,59192.7,220306.49
603103,2026-08-10,15.49,0.023794,78329.82,120241.196
603105,2026-08-10,7.32,0.016667,82847.43,60372.942
603106,2026-08-10,8.49,-0.060841000000000006,764095.39,652428.703
603107,2026-08-10,12.15,0.0125,24508.02,29759.673
603108,2026-08-10,11.06,0.050332,497151.46,549074.103
603109,2026-08-10,17.37,0.019965,18215.0,31415.841
603110,2026-08-10,26.5,0.037587999999999996,140471.6,367772.863
603111,2026-08-10,5.87,0.017331,68059.0,39763.646
603112,2026-08-10,15.6,0.037233999999999996,67573.0,104369.742
603113,2026-08-10,4.61,0.024444,84544.0,38782.086
603115,2026-08-10,78.2,-0.020295999999999998,83447.0,640829.632
603116,2026-08-10,6.05,-0.013051,69381.0,41681.654
603117,2026-08-10,3.75,0.033058000000000004,108323.1,40246.109
603118,2026-08-10,14.68,-0.001361,642463.91,936164.192
603119,2026-08-10,53.8,-0.012663,98153.22,525962.649
603120,2026-08-10,48.06,-0.0068200000000000005,16801.87,80310.609
603121,2026-08-10,12.24,0.022556,44752.0,53948.128
603122,2026-08-10,12.62,0.018563,624523.51,798229.427
603123,2026-08-10,9.86,0.031381,523958.98,510566.979
603124,2026-08-10,141.11,-0.0038829999999999997,78529.58,1103315.232
603125,2026-08-10,23.56,0.001275,41220.66,96527.22
603126,2026-08-10,6.1,0.02349,74389.01,45080.384
603127,2026-08-10,52.8,0.037532,947831.42,5038733.172
603128,2026-08-10,5.32,0.013333,85128.33,45137.838
603129,2026-08-10,303.27,0.035016,14624.66,435824.768
603130,2026-08-10,44.33,0.1,34630.0,150042.367
603131,2026-08-10,15.99,0.011385000000000001,63126.65,99589.45
603132,2026-08-10,18.8,-0.0063419999999999995,107310.0,201336.205
603135,2026-08-10,9.59,0.011603,74421.18,70556.28
603136,2026-08-10,9.13,0.024691,36422.85,33031.242
603137,2026-08-10,27.58,0.002909,372125.09,994233.672
603138,2026-08-10,13.43,0.0067469999999999995,49890.93,66319.439
603139,2026-08-10,35.62,-0.010281,25054.02,89808.446
603150,2026-08-10,53.02,0.029115000000000002,15242.0,79159.715
603151,2026-08-10,14.12,0.099688,50999.35,69635.408
603153,2026-08-10,13.43,0.013585,14678.69,19664.24
603155,2026-08-10,14.1,0.0014199999999999998,104140.62,145935.431
603156,2026-08-10,50.88,0.052327000000000005,153260.37,755148.815
603158,2026-08-10,11.08,0.014652,508967.96,531153.976
603159,2026-08-10,21.04,0.024343,37807.0,78869.887
603160,2026-08-10,52.1,0.00019199999999999998,38197.2,198349.902
603161,2026-08-10,15.49,0.10014200000000001,108521.66,164023.257
603162,2026-08-10,12.68,0.09974,537439.91,670989.071
603163,2026-08-10,83.06,0.005568999999999999,31097.0,253357.341
603165,2026-08-10,14.05,0.0057269999999999995,37077.0,51969.953
603166,2026-08-10,11.38,-0.021496,73150.87,83549.536
603167,2026-08-10,8.76,0.0068969999999999995,35061.0,30641.389
603168,2026-08-10,5.59,0.039033000000000005,81050.59,45021.205
603169,2026-08-10,6.91,0.014684,122155.0,84247.896
603170,2026-08-10,13.34,0.026944,43469.53,57687.572
603171,2026-08-10,47.96,0.008409999999999999,89124.51,429477.904
603172,2026-08-10,17.53,0.038507,15128.0,26131.372
603173,2026-08-10,32.1,0.014859,8757.0,27860.37
603175,2026-08-10,85.72,-0.00256,37529.21,319341.834
603176,2026-08-10,4.71,0.032895,37892.31,17576.651
603177,2026-08-10,9.35,0.033149000000000005,32237.0,29786.007
603178,2026-08-10,17.29,0.014076,128543.55,220056.204
603179,2026-08-10,37.87,-0.026478,136188.83,516744.264
603180,2026-08-10,15.11,0.023713,10031.99,15089.141
603181,2026-08-10,13.52,0.023467,53400.94,71772.206
603182,2026-08-10,12.83,0.044787999999999994,26375.0,33596.869
603183,2026-08-10,4.68,0.019608,280643.84,129468.93
603185,2026-08-10,16.9,0.021765,123226.18,207769.861
603186,2026-08-10,152.0,0.062937,303429.48,4468277.023
603187,2026-08-10,12.77,0.051029,146897.95,183645.0
603188,2026-08-10,4.44,0.09901,292399.88,126379.639
603189,2026-08-10,9.39,-0.026943,33910.0,31757.18
603190,2026-08-10,17.04,0.043478,30378.4,51238.638
603191,2026-08-10,14.3,0.028777,83689.89,118648.032
603192,2026-08-10,22.06,0.004554,22942.0,50388.004
603193,2026-08-10,21.12,0.015872999999999998,32755.23,68705.536
603194,2026-08-10,34.42,0.009088,11823.89,40546.025
603195,2026-08-10,41.05,0.008847,42680.46,175357.767
603196,2026-08-10,21.6,0.010763,20731.13,44029.073
603197,2026-08-10,30.53,0.021070000000000002,32394.5,98629.376
603198,2026-08-10,40.18,0.08448,145802.07,573295.433
603199,2026-08-10,33.19,0.024066999999999998,22562.78,74291.319
603200,2026-08-10,38.42,0.020994000000000002,58072.52,221409.556
603201,2026-08-10,16.73,0.0029980000000000002,115432.72,195397.057
603202,2026-08-10,53.84,0.015849,10771.69,57830.33
603203,2026-08-10,43.8,-0.015288,107189.68,469851.291
603205,2026-08-10,21.88,0.005515,10426.02,22816.028
603206,2026-08-10,14.59,-0.006807,58277.0,84843.133
603207,2026-08-10,23.66,0.027356,25086.37,59167.022
603208,2026-08-10,11.27,0.041589999999999995,16893.87,18786.152
603209,2026-08-10,13.93,0.018275,41937.37,57946.519
603210,2026-08-10,13.88,0.01909,40183.0,55401.571
603211,2026-08-10,26.69,-0.021986,80251.77,214180.711
603212,2026-08-10,11.54,0.00786,80853.37,92239.076
603213,2026-08-10,13.86,-0.0035949999999999997,16023.0,22217.034
603214,2026-08-10,13.86,0.034328,23435.75,32175.898
603215,2026-08-10,14.86,0.008826,27619.0,41013.43
603216,2026-08-10,21.36,0.034383,51196.0,109106.324
603217,2026-08-10,24.96,0.005235999999999999,50046.44,123096.417
603218,2026-08-10,10.08,0.004985,65550.21,66007.43
603219,2026-08-10,14.36,-0.026441,43352.01,61903.503
603220,2026-08-10,19.23,-0.024848,279467.27,535857.904
603221,2026-08-10,27.3,0.099919,312197.78,816032.315
603222,2026-08-10,8.83,0.006842,406529.62,357702.973
603223,2026-08-10,10.8,-0.012797000000000001,96570.83,103829.579
603225,2026-08-10,19.93,0.023100999999999997,136377.39,271678.532
603226,2026-08-10,49.75,0.007289,25403.0,126148.504
603227,2026-08-10,7.85,0.018158,103313.0,80749.647
603228,2026-08-10,96.0,0.011057999999999998,1054142.67,10021567.775
603229,2026-08-10,8.17,0.011139,105706.13,86170.612
603230,2026-08-10,9.2,0.018826,21022.0,19283.729
603231,2026-08-10,15.66,0.018868,23199.0,36178.954
603232,2026-08-10,15.8,0.016076999999999998,79511.0,124414.149
603233,2026-08-10,18.23,0.041119,118953.19,215800.085
603235,2026-08-10,24.68,0.04223,14997.08,36628.04
603236,2026-08-10,50.16,0.013743,93541.39,461360.456
603237,2026-08-10,14.61,0.039118,19425.66,28059.518
603238,2026-08-10,12.34,0.036975,33342.9,40732.506
603239,2026-08-10,14.8,0.035689,65446.0,96931.357
603248,2026-08-10,19.26,0.010492999999999999,28711.64,55013.682
603255,2026-08-10,28.04,0.025979000000000002,11606.0,32381.122
603256,2026-08-10,157.54,-0.007935,323479.53,5045229.916
603257,2026-08-10,67.12,-0.00223,10834.88,71759.936
603258,2026-08-10,13.41,0.024446,37899.96,50203.45
603259,2026-08-10,161.34,0.042113,1265362.04,20424750.304
603260,2026-08-10,35.53,-0.001966,92128.42,327024.078
603261,2026-08-10,49.25,0.0028510000000000002,19249.0,93166.83
603262,2026-08-10,19.64,-0.006072999999999999,35964.28,70264.015
603266,2026-08-10,16.07,0.013879999999999998,19618.0,31197.067
603267,2026-08-10,51.92,0.000385,95574.71,490607.682
603268,2026-08-10,183.26,0.000819,87608.86,1593104.723
603269,2026-08-10,15.53,0.09985799999999999,194104.19,299053.999
603270,2026-08-10,27.34,-0.018665,47100.05,129977.012
603271,2026-08-10,44.62,0.015245,23271.69,102784.715
603272,2026-08-10,15.81,-0.058929,39860.0,63303.441
603273,2026-08-10,14.36,0.033094,29117.01,41451.63
603275,2026-08-10,36.58,0.002741,8600.0,31369.473
603276,2026-08-10,15.58,0.024326,20604.7,31897.752
603277,2026-08-10,10.69,0.019066,16438.7,17528.329
603278,2026-08-10,9.66,0.012579,138274.0,132233.792
603279,2026-08-10,12.89,0.007030999999999999,53853.0,69441.99
603280,2026-08-10,26.07,0.026378,11901.5,30787.459
603281,2026-08-10,21.48,0.020913,27163.13,57924.04
603282,2026-08-10,15.03,0.034412,12893.0,19145.338
603283,2026-08-10,44.43,0.00045,199473.93,880023.264
603284,2026-08-10,40.4,-0.005416,17215.07,69390.258
603285,2026-08-10,34.28,-0.039507,57283.8,197077.379
603286,2026-08-10,42.36,0.012428,34633.75,143724.403
603288,2026-08-10,36.78,0.009885,185713.58,684325.149
603289,2026-08-10,8.46,0.022975,34890.5,29249.147
603290,2026-08-10,87.43,-0.012424999999999999,58609.95,511615.782
603291,2026-08-10,9.39,0.030735000000000002,50926.0,46752.883
603293,2026-08-10,37.34,0.004844,10694.32,39731.906
603296,2026-08-10,80.81,-0.012223,192375.28,1541590.745
603297,2026-08-10,103.22,-0.018448,12412.97,127966.013
603298,2026-08-10,26.88,0.028309,88719.16,236880.585
603299,2026-08-10,9.16,0.008811,54441.99,49981.43
603300,2026-08-10,5.01,0.012121,316480.22,157565.462
603301,2026-08-10,84.42,-0.010549,26983.0,224147.863
603303,2026-08-10,22.18,0.020708999999999998,29050.92,63523.818
603305,2026-08-10,11.9,-0.009982999999999999,164389.52,196059.593
603306,2026-08-10,78.0,0.068054,264284.34,2003530.636
603307,2026-08-10,25.06,0.034255,7803.61,19386.378
603308,2026-08-10,48.38,-0.002885,114284.24,551295.218
603309,2026-08-10,11.82,0.019844999999999998,71234.46,83877.214
603310,2026-08-10,14.92,0.00879,14260.45,21245.518
603311,2026-08-10,29.99,0.01489,44428.0,131117.751
603312,2026-08-10,32.53,0.024567000000000002,8501.0,27431.023
603313,2026-08-10,6.27,0.039801,221646.4,136840.334
603315,2026-08-10,11.99,-0.002496,62243.0,74408.736
603316,2026-08-10,14.36,0.007719,104047.8,147946.517
603317,2026-08-10,14.64,0.031712,187742.46,273654.086
603318,2026-08-10,9.23,0.014286,348084.0,317927.136
603319,2026-08-10,27.32,0.017126,180777.96,485980.956
603320,2026-08-10,16.74,0.009649999999999999,17603.0,29393.802
603321,2026-08-10,6.31,0.032733,47763.75,29772.526
603322,2026-08-10,26.95,-0.011735,29914.96,80254.433
603323,2026-08-10,4.22,0.002375,279492.31,118456.939
603324,2026-08-10,27.8,-0.01138,54842.29,151389.522
603325,2026-08-10,55.26,0.0065569999999999995,4893.2,26886.999
603326,2026-08-10,6.78,0.039876999999999996,39445.0,26467.769
603327,2026-08-10,9.13,0.015572999999999998,306462.6,276538.506
603328,2026-08-10,11.42,0.052535,812639.97,947443.061
603329,2026-08-10,10.3,0.037261,41192.0,42001.311
603330,2026-08-10,7.95,0.039216,191070.91,149787.061
603331,2026-08-10,13.25,0.064257,118161.0,155004.144
603332,2026-08-10,11.37,0.033636,36988.83,41635.062
603333,2026-08-10,9.24,0.008733999999999999,211744.0,192887.535
603334,2026-08-10,33.45,0.019196,14725.09,49024.104
603335,2026-08-10,6.9,-0.008621,107798.5,74242.495
603336,2026-08-10,10.1,-0.018465,203837.9,206385.862
603337,2026-08-10,44.29,-0.008285,56055.25,245662.994
603338,2026-08-10,57.37,0.006845,42887.0,245277.604
603339,2026-08-10,14.01,-0.019594,101830.67,144520.329
603341,2026-08-10,39.22,0.058855000000000005,160044.17,604863.155
603344,2026-08-10,22.74,0.00664,23836.67,54102.805
603345,2026-08-10,85.89,0.008099,62837.81,540981.184
603348,2026-08-10,14.53,0.0218,32510.04,46794.655
603350,2026-08-10,28.26,0.015816,7168.69,20104.455
603351,2026-08-10,26.5,0.028727,16958.68,45136.781
603352,2026-08-10,27.83,-0.009256,24865.29,68806.353
603353,2026-08-10,29.93,-0.0036620000000000003,27082.0,80214.082
603355,2026-08-10,28.02,-0.003202,28701.5,80034.613
603356,2026-08-10,16.03,0.012634000000000001,17491.0,27760.591
603357,2026-08-10,6.09,0.015,45216.65,27471.085
603358,2026-08-10,41.02,-0.021002,84349.28,348393.606
603359,2026-08-10,2.31,0.026667,89383.52,20319.037
603360,2026-08-10,13.93,0.004326,89531.56,124715.158
603363,2026-08-10,2.95,0.042403,710572.23,208911.165
603365,2026-08-10,18.03,0.019796,19969.0,35906.508
603366,2026-08-10,6.94,0.020588000000000002,99149.26,68246.494
603367,2026-08-10,14.9,-0.00534,166171.78,248161.891
603368,2026-08-10,15.82,0.012156,55823.85,88366.375
603369,2026-08-10,28.39,0.041453,215274.35,605669.655
603370,2026-08-10,34.58,0.009635,6636.65,22813.468
603373,2026-08-10,39.77,0.030310999999999998,27424.4,107844.639
603375,2026-08-10,37.39,-0.001869,17030.36,63402.653
603376,2026-08-10,26.26,0.022586,18922.87,49247.533
603377,2026-08-10,3.08,0.047618999999999995,71912.4,22145.487
603378,2026-08-10,5.55,-0.0035909999999999996,90988.87,51000.393
603379,2026-08-10,67.72,0.03706,125368.69,841220.403
603380,2026-08-10,33.06,-0.006908999999999999,23652.0,77471.22
603381,2026-08-10,15.28,0.024129,34784.94,52487.602
603382,2026-08-10,20.0,0.10010999999999999,69719.2,137446.977
603383,2026-08-10,30.07,0.009399,32235.0,96619.161
603385,2026-08-10,5.42,0.034351,28898.8,15486.334
603386,2026-08-10,13.18,-0.009767,66944.8,87618.129
603387,2026-08-10,9.32,0.007568,139116.21,129865.687
603389,2026-08-10,44.71,-0.014112,20795.6,92684.399
603390,2026-08-10,10.18,0.018000000000000002,64202.08,64769.658
603391,2026-08-10,62.6,0.036767,30074.0,186567.7
603392,2026-08-10,30.46,-0.002293,60094.74,183854.692
603393,2026-08-10,26.47,0.038039,105861.2,277612.255
603395,2026-08-10,22.61,0.018009999999999998,36977.52,83572.789
603396,2026-08-10,24.97,0.017937,24714.88,61227.957
603398,2026-08-10,10.33,-0.04967800000000001,82985.0,86185.733
603399,2026-08-10,16.52,0.06580599999999999,1077393.8,1789249.04
603400,2026-08-10,44.97,0.032369,60695.98,267873.372
603402,2026-08-10,67.88,0.005778999999999999,19038.94,128880.662
603406,2026-08-10,27.31,0.01941,19328.6,52403.006
603407,2026-08-10,66.33,0.032374,114667.53,748484.27
603408,2026-08-10,10.57,0.022244,23666.0,24838.065
603409,2026-08-10,17.95,0.021627999999999998,20245.39,36074.272
603416,2026-08-10,50.4,-0.019074,27713.9,139802.874
603418,2026-08-10,43.88,0.0061909999999999995,7178.1,31417.754
603421,2026-08-10,6.0,-0.016393,210001.76,125714.292
603429,2026-08-10,7.5,-0.009247,13822.4,10338.263
603435,2026-08-10,54.54,-0.004563,42558.27,229777.772
603439,2026-08-10,11.72,0.047363999999999996,148961.0,173477.225
603444,2026-08-10,394.8,0.031698,19630.98,766039.311
603456,2026-08-10,16.51,0.003647,502990.62,835645.998
603458,2026-08-10,9.45,0.00639,103304.45,97007.555
603459,2026-08-10,102.66,-0.027656999999999998,256005.37,2625814.327
603466,2026-08-10,11.28,-0.006167000000000001,309958.41,347462.666
603468,2026-08-10,29.1,-0.053659,175298.63,512697.379
603477,2026-08-10,15.47,0.02996,248673.0,383620.867
603486,2026-08-10,58.97,0.018128,45556.47,267579.808
603488,2026-08-10,8.53,0.021557,55251.75,46353.09
603489,2026-08-10,27.26,0.015648,18280.08,49688.48
603496,2026-08-10,25.48,0.0023599999999999997,119278.54,301075.37
603499,2026-08-10,12.84,-0.012308,45494.2,58003.574
603500,2026-08-10,9.69,0.005187000000000001,59031.0,56922.303
603501,2026-08-10,89.14,-0.006907,165862.6,1473948.938
603505,2026-08-10,16.84,0.008383,147142.56,247403.439
603506,2026-08-10,10.97,0.074437,81584.0,88161.657
603507,2026-08-10,24.44,-0.0016339999999999998,70013.54,171107.774
603508,2026-08-10,22.1,-0.029851000000000003,87470.33,192929.106
603511,2026-08-10,12.44,0.045378,21024.0,25771.071
603515,2026-08-10,17.03,0.008289,13384.0,22839.838
603516,2026-08-10,99.07,-0.014424999999999999,44911.46,444582.647
603517,2026-08-10,11.31,0.024457,37603.0,42204.354
603518,2026-08-10,8.19,0.032787000000000004,83982.01,68169.149
603519,2026-08-10,16.32,0.040153,139684.14,223127.143
603520,2026-08-10,9.08,0.002208,80116.93,72782.436
603527,2026-08-10,10.41,0.03996,100784.0,103449.888
603528,2026-08-10,6.38,0.011094,74763.44,47280.378
603529,2026-08-10,21.27,0.017217,54501.21,115615.225
603530,2026-08-10,45.39,0.012265999999999999,33742.47,152366.474
603533,2026-08-10,22.82,-0.02186,169635.98,388325.548
603535,2026-08-10,6.47,0.020505,25092.91,16140.866
603536,2026-08-10,9.48,0.054505,70478.8,65890.272
603538,2026-08-10,29.2,0.0,845945.12,2503298.398
603551,2026-08-10,9.55,0.024678,25310.3,24114.293
603556,2026-08-10,25.61,0.027689,146243.36,371419.593
603557,2026-08-10,3.85,0.029411999999999997,73012.0,28010.363
603558,2026-08-10,12.88,0.021412,38040.0,48768.178
603559,2026-08-10,9.11,0.025901,122780.26,110101.436
603565,2026-08-10,10.4,0.000962,139963.29,146241.511
603566,2026-08-10,10.56,0.03125,58444.54,61321.023
603567,2026-08-10,7.06,-0.002825,1453647.3,1043223.582
603568,2026-08-10,15.75,0.022064,87282.14,137282.613
603569,2026-08-10,5.94,0.036649,57003.0,33539.876
603577,2026-08-10,10.45,0.055556,134655.8,138355.267
603578,2026-08-10,12.09,0.014261999999999999,35917.0,42914.805
603579,2026-08-10,18.4,0.002725,16782.0,30871.978
603580,2026-08-10,59.21,0.099944,150923.0,852984.328
603583,2026-08-10,25.64,0.052545,104543.43,263592.626
603585,2026-08-10,10.34,0.021739,40741.6,42035.096
603586,2026-08-10,13.65,0.019417,19713.0,26711.782
603587,2026-08-10,11.79,0.036028,34549.0,40340.912
603588,2026-08-10,14.69,0.035966,633221.88,910699.026
603589,2026-08-10,20.5,0.018887,96030.03,196258.274
603590,2026-08-10,32.88,-0.0018210000000000001,46662.9,154889.593
603595,2026-08-10,27.0,0.036071,35916.0,95233.248
603596,2026-08-10,26.87,0.008634,131417.26,351495.51
603598,2026-08-10,18.14,0.0038740000000000003,128650.0,231266.705
603599,2026-08-10,10.52,0.004776,120443.64,127537.872
603600,2026-08-10,9.72,0.019937,45117.99,43668.599
603601,2026-08-10,9.94,0.006072999999999999,1007006.59,986008.961
603602,2026-08-10,11.29,0.014376,44645.52,49955.241
603605,2026-08-10,59.03,0.022696,62864.84,369959.503
603606,2026-08-10,38.57,-0.0033589999999999996,173135.33,668259.259
603607,2026-08-10,21.95,0.006419,22269.0,48710.742
603608,2026-08-10,19.0,-0.000526,164205.28,310159.363
603609,2026-08-10,6.46,0.043619000000000005,54614.66,34818.04
603610,2026-08-10,15.41,0.02053,83584.42,127726.875
603611,2026-08-10,17.32,0.012274,19753.4,34103.624
603612,2026-08-10,17.32,0.026066,121076.85,208277.352
603613,2026-08-10,19.62,-0.000509,72011.65,140672.113
603615,2026-08-10,16.34,0.00492,22122.0,35829.316
603616,2026-08-10,5.53,0.043396,155668.0,84789.401
603617,2026-08-10,7.21,0.03592,183521.7,131702.619
603618,2026-08-10,27.02,-0.022785000000000003,780049.29,2102072.322
603619,2026-08-10,22.98,0.021333,322974.36,735219.455
603626,2026-08-10,15.77,0.002543,247581.59,384137.487
603628,2026-08-10,9.68,0.022174999999999997,38531.55,36994.981
603629,2026-08-10,125.81,-0.01248,381338.5,4732242.322
603630,2026-08-10,15.23,0.020777,71245.0,107822.627
603633,2026-08-10,6.37,0.015949,71644.88,45250.204
603636,2026-08-10,7.57,0.067701,392722.99,294616.313
603637,2026-08-10,13.69,0.037908,70189.48,94460.052
603638,2026-08-10,20.39,0.0195,107548.68,217518.575
603639,2026-08-10,10.74,0.018975,26047.38,27865.244
603648,2026-08-10,9.48,0.033805999999999996,28598.6,26719.419
603650,2026-08-10,65.58,0.016429,248011.65,1594986.993
603655,2026-08-10,30.72,0.022636,57317.14,172558.985
603656,2026-08-10,17.8,0.011364,15998.0,28358.231
603657,2026-08-10,27.25,-0.04386,51152.0,141868.188
603658,2026-08-10,32.85,0.012950999999999999,35618.5,117057.804
603659,2026-08-10,24.48,0.015768,296136.33,721291.881
603660,2026-08-10,12.25,0.021685,422081.7,507640.848
603661,2026-08-10,32.15,0.00406,19009.12,60868.695
603662,2026-08-10,53.08,-0.024085000000000002,46841.05,249296.675
603663,2026-08-10,40.69,0.014207000000000001,294190.67,1185322.441
603665,2026-08-10,22.93,0.021381,15718.48,35657.763
603666,2026-08-10,26.07,0.010465,39972.4,102688.574
603667,2026-08-10,54.31,-0.023728,122983.72,670381.832
603668,2026-08-10,10.92,0.032136,118695.8,128143.442
603669,2026-08-10,6.14,-0.011271999999999999,327271.74,202495.733
603676,2026-08-10,9.47,0.042952000000000004,61856.0,57807.938
603677,2026-08-10,13.9,0.044328000000000006,31196.0,42634.382
603678,2026-08-10,51.54,0.025672,332153.76,1650308.208
603679,2026-08-10,22.44,-0.0057599999999999995,70732.0,159007.435
603680,2026-08-10,10.65,0.022073,57953.26,61312.635
603681,2026-08-10,18.13,-0.013602000000000001,64235.55,115647.317
603682,2026-08-10,11.58,0.026596,271781.0,306020.936
603683,2026-08-10,15.73,-0.008822,239147.18,371103.003
603685,2026-08-10,27.28,0.0018360000000000002,25361.63,68080.767
603686,2026-08-10,13.46,0.015083,95132.92,127357.413
603687,2026-08-10,14.73,0.019377,134712.28,195591.978
603688,2026-08-10,48.87,-0.011729,170248.22,828398.764
603689,2026-08-10,7.52,0.014844999999999999,37982.2,28415.506
603690,2026-08-10,25.08,0.054223999999999994,463540.78,1147872.975
603693,2026-08-10,12.49,0.03394,131807.72,163428.183
603696,2026-08-10,13.95,0.057619,327665.59,449119.395
603697,2026-08-10,10.12,0.036885,66755.0,67122.276
603698,2026-08-10,24.19,0.00624,174932.08,416794.66
603699,2026-08-10,53.34,0.020861,61282.21,321961.862
603700,2026-08-10,11.79,0.04614,101425.0,118666.96
603701,2026-08-10,20.49,0.017884,32497.0,65558.756
603703,2026-08-10,9.37,0.010787,66823.3,61870.596
603706,2026-08-10,19.34,0.009922,15548.0,30114.915
603707,2026-08-10,8.16,0.007407,176353.56,144919.539
603708,2026-08-10,9.57,0.026824,52607.9,50093.604
603709,2026-08-10,11.58,0.045126,28770.8,32821.98
603711,2026-08-10,12.19,0.100181,101370.61,119962.592
603712,2026-08-10,12.42,0.025598999999999997,118707.48,145242.939
603713,2026-08-10,67.29,-0.011894,28894.83,194114.895
603716,2026-08-10,18.67,0.037222,410254.79,758447.476
603717,2026-08-10,6.42,0.06822,137959.2,86475.446
603718,2026-08-10,2.97,0.020619000000000002,64995.0,19187.011
603719,2026-08-10,10.08,0.02335,57173.0,57385.61
603721,2026-08-10,17.9,0.017044999999999998,42301.0,74867.909
603722,2026-08-10,31.4,0.003516,12238.0,38282.296
603725,2026-08-10,11.22,0.1,282120.28,307801.799
603726,2026-08-10,24.07,-0.0016589999999999999,37341.0,89276.648
603727,2026-08-10,19.21,0.052026,52757.0,99912.494
603728,2026-08-10,51.72,-0.023229000000000003,55999.25,290800.547
603729,2026-08-10,11.44,0.030631,9310.0,10481.015
603730,2026-08-10,10.34,0.02275,168323.8,173336.572
603733,2026-08-10,21.09,0.002853,96872.74,203759.94
603737,2026-08-10,23.83,0.030264000000000003,106454.45,252864.718
603738,2026-08-10,36.24,-0.010647,528455.22,1895087.298
603739,2026-08-10,12.24,0.020851,52046.15,63538.563
603755,2026-08-10,23.63,0.041428,10973.74,25612.953
603757,2026-08-10,62.7,-0.035533,122087.15,769495.81
603758,2026-08-10,11.53,0.100191,109508.8,123553.21
603759,2026-08-10,7.54,0.044321,56552.84,41992.157
603766,2026-08-10,13.87,0.007994,272666.14,377568.545
603767,2026-08-10,15.18,0.015385,32763.5,49306.001
603768,2026-08-10,11.35,0.011586,33181.5,37440.237
603773,2026-08-10,95.63,0.005889999999999999,345979.12,3281752.995
603776,2026-08-10,21.76,0.016822,34731.0,75325.591
603777,2026-08-10,14.42,-0.008935,63139.09,91165.515
603778,2026-08-10,10.92,0.018657,425632.3,457961.947
603779,2026-08-10,7.88,0.023377,159419.0,124508.868
603786,2026-08-10,43.0,0.012479,15960.58,68355.922
603787,2026-08-10,10.15,0.012974000000000001,49834.0,50290.707
603788,2026-08-10,14.15,0.004972,10962.0,15484.376
603789,2026-08-10,6.67,0.077544,50892.2,32926.986
603790,2026-08-10,23.25,0.073903,50722.0,112819.3
603797,2026-08-10,4.59,0.10071899999999999,269597.48,121521.105
603798,2026-08-10,13.82,0.008759,35923.0,49028.291
603799,2026-08-10,46.07,0.046807999999999995,1574997.66,7203400.745
603800,2026-08-10,62.85,0.007212,61810.0,379249.025
603801,2026-08-10,6.0,0.039861,82284.6,48929.805
603803,2026-08-10,10.38,-0.008596,144540.28,149114.727
603806,2026-08-10,15.3,-0.019859,346084.8,527413.489
603808,2026-08-10,8.54,0.06087,85587.0,71745.823
603809,2026-08-10,9.55,0.018124,102462.2,97646.415
603810,2026-08-10,12.15,0.042918000000000005,21530.55,25872.221
603811,2026-08-10,7.46,0.004038,54059.86,40430.043
603813,2026-08-10,31.81,-0.012112000000000001,4755.0,15100.857
603815,2026-08-10,5.49,0.026168,107844.0,58765.993
603816,2026-08-10,24.85,0.013872,59300.48,146876.575
603817,2026-08-10,5.76,0.032258,116828.0,66774.215
603818,2026-08-10,3.67,0.030899,325357.0,119185.287
603819,2026-08-10,14.35,0.008433000000000001,62543.41,89055.37
603822,2026-08-10,57.45,-0.030379999999999997,6891.0,39774.234
603823,2026-08-10,68.38,0.037633,255154.68,1721543.904
603825,2026-08-10,8.23,0.030038,37200.35,30301.389
603826,2026-08-10,17.92,0.029885000000000002,152091.44,269880.948
603828,2026-08-10,4.21,0.009592,11268.0,4741.605
603829,2026-08-10,15.06,0.018255999999999998,39494.63,59183.212
603833,2026-08-10,32.45,0.025924999999999997,70435.59,227172.914
603836,2026-08-10,8.94,0.021714,36758.75,32587.632
603838,2026-08-10,9.25,0.075581,38399.0,34699.831
603839,2026-08-10,7.07,0.052083000000000004,43858.4,30464.267
603843,2026-08-10,7.0,-0.019608,95783.0,67552.033
603848,2026-08-10,13.43,0.012057,11942.25,16012.907
603855,2026-08-10,16.5,0.000606,12951.0,21401.801
603856,2026-08-10,11.57,0.029359000000000003,46556.0,53491.365
603858,2026-08-10,15.87,-0.0050160000000000005,76541.68,122406.355
603859,2026-08-10,43.03,0.011043,67717.98,289668.351
603860,2026-08-10,26.35,0.02689,10921.0,28589.704
603861,2026-08-10,12.47,0.0163,103837.86,129135.248
603863,2026-08-10,12.59,-0.0031669999999999997,52343.0,66016.232
603866,2026-08-10,4.35,0.016354999999999998,123084.9,53369.087
603867,2026-08-10,28.93,-0.0044740000000000005,34597.54,100138.467
603868,2026-08-10,31.17,0.006458,10116.87,31552.731
603869,2026-08-10,8.93,0.017084,8351.0,7350.672
603871,2026-08-10,12.67,0.020129,79548.99,100568.797
603876,2026-08-10,21.86,0.021973,211510.2,461238.047
603877,2026-08-10,12.89,0.019778,27778.0,35700.847
603878,2026-08-10,5.1,0.032389,195205.0,99221.699
603879,2026-08-10,5.37,0.018975,121637.43,65053.583
603880,2026-08-10,7.7,0.029411999999999997,104714.95,79843.43
603881,2026-08-10,25.48,-0.008945999999999999,260307.26,662464.23
603882,2026-08-10,30.95,0.06834699999999999,285020.4,886942.234
603883,2026-08-10,12.74,0.028249,141037.02,179636.93
603885,2026-08-10,11.07,0.000904,100847.1,111265.308
603886,2026-08-10,10.85,0.023585,36013.0,38766.814
603887,2026-08-10,9.38,0.001067,132973.22,124290.719
603888,2026-08-10,16.75,-0.006523999999999999,70296.21,117733.644
603889,2026-08-10,5.77,0.041516000000000004,148751.26,84513.872
603890,2026-08-10,18.54,-0.030842,265845.96,490583.126
603893,2026-08-10,205.3,-9.7e-05,104904.16,2137331.626
603895,2026-08-10,24.69,0.00040500000000000003,13324.0,32585.715
603896,2026-08-10,15.35,0.043508,45225.28,69181.116
603897,2026-08-10,26.49,-0.0007539999999999999,53572.9,141126.279
603898,2026-08-10,10.94,0.005515,29646.53,32083.702
603899,2026-08-10,22.83,0.015569,28042.04,63889.788
603900,2026-08-10,6.39,0.070352,198599.44,123813.0
603901,2026-08-10,9.66,0.011517999999999999,72799.5,69641.792
603903,2026-08-10,13.08,0.052293000000000006,93583.48,118398.482
603906,2026-08-10,20.29,0.043188000000000004,380631.62,769599.991
603908,2026-08-10,18.91,0.039011,11089.0,20672.347
603909,2026-08-10,9.41,0.032931,20066.0,18626.585
603912,2026-08-10,7.72,-0.005155,160427.51,122555.815
603915,2026-08-10,13.6,0.001473,43231.3,58676.283
603916,2026-08-10,10.95,-0.056034,243083.55,265315.41
603917,2026-08-10,12.62,0.072218,74638.39,92271.617
603918,2026-08-10,11.33,0.020721,181681.33,204769.368
603919,2026-08-10,17.04,0.0005870000000000001,183825.2,313498.008
603920,2026-08-10,36.07,-0.016094,213392.67,768708.429
603922,2026-08-10,11.0,-0.019608,8858.0,9763.255
603926,2026-08-10,16.02,0.014565999999999999,41082.09,65305.109
603927,2026-08-10,13.92,0.01016,105164.36,146130.891
603928,2026-08-10,13.01,0.026835,300622.71,386405.733
603929,2026-08-10,162.85,-0.011833,62952.96,1017405.981
603931,2026-08-10,36.27,-0.015739,82406.4,297095.192
603933,2026-08-10,20.13,0.025471,54782.54,108892.44
603936,2026-08-10,15.36,-0.035782,804844.84,1241797.206
603937,2026-08-10,11.58,0.038565,54750.0,62564.384
603938,2026-08-10,42.92,-0.0044069999999999995,143271.97,612022.331
603939,2026-08-10,23.43,0.057788000000000006,185095.08,429034.914
603948,2026-08-10,21.37,0.033366,17107.0,35944.122
603949,2026-08-10,14.53,0.021082,30397.0,43650.776
603950,2026-08-10,60.96,0.040273,102391.56,626648.603
603955,2026-08-10,20.64,0.015248,11972.0,24576.111
603956,2026-08-10,6.95,0.004335,259715.3,178486.697
603958,2026-08-10,14.89,0.007442,31173.0,46177.32
603959,2026-08-10,4.49,-0.021786,100927.0,46312.423
603960,2026-08-10,16.21,0.00496,32392.0,52277.421
603966,2026-08-10,8.13,0.026515,64189.01,51567.844
603967,2026-08-10,11.66,0.022807,29140.0,33704.162
603968,2026-08-10,10.37,0.029790999999999998,27959.0,28808.085
603969,2026-08-10,7.51,0.0053549999999999995,105463.51,79046.128
603970,2026-08-10,10.64,0.017208,44462.28,47220.788
603976,2026-08-10,28.09,-0.015422,38136.19,108181.196
603977,2026-08-10,12.21,0.014962999999999999,91850.5,110798.212
603978,2026-08-10,19.91,0.013747,110707.0,218089.931
603979,2026-08-10,80.18,0.012502,77544.48,617117.489
603980,2026-08-10,6.93,0.017621,321904.59,222057.807
603982,2026-08-10,6.09,0.035714,54572.0,32973.782
603983,2026-08-10,30.83,0.020861,53050.5,161850.08
603985,2026-08-10,17.05,0.012470000000000002,113949.65,193090.757
603986,2026-08-10,403.03,-0.033617,636006.41,25597872.113
603987,2026-08-10,7.65,0.030997,90831.0,69231.45
603988,2026-08-10,23.51,0.048617,275628.76,630953.234
603989,2026-08-10,28.81,-0.014031,265773.86,753758.402
603990,2026-08-10,23.54,0.055132,396684.19,917512.195
603991,2026-08-10,133.99,0.019788,20734.0,274160.893
603992,2026-08-10,23.36,-0.013097000000000001,57037.67,133551.077
603993,2026-08-10,20.75,-0.003841,2529300.18,5236492.723
603995,2026-08-10,24.73,0.039512,82116.98,199912.036
603997,2026-08-10,12.6,-0.011765000000000001,273657.85,343425.038
603998,2026-08-10,9.74,0.002058,91679.0,89316.483
603999,2026-08-10,5.65,0.023551000000000002,61391.38,34379.05
605001,2026-08-10,5.68,0.040293,64224.8,35973.088
605003,2026-08-10,21.0,0.009615,22750.47,47912.061
605005,2026-08-10,15.58,0.013004,19039.0,29823.1
605006,2026-08-10,14.79,-0.019881,419408.37,616491.353
605007,2026-08-10,16.77,0.061391999999999995,106246.04,173492.381
605008,2026-08-10,11.81,0.020743,28628.0,33604.579
605009,2026-08-10,24.35,0.012053000000000001,16073.6,39190.161
605011,2026-08-10,17.98,0.025086,87725.23,156243.475
605016,2026-08-10,21.84,0.02391,57889.13,125951.397
605018,2026-08-10,12.54,-0.015699,41115.0,51702.622
605020,2026-08-10,35.9,0.020176,138181.97,490843.478
605028,2026-08-10,25.94,-0.004605000000000001,31482.8,82606.681
605033,2026-08-10,19.6,0.09988799999999999,54051.0,104466.93
605050,2026-08-10,10.94,0.035005,57206.34,62497.746
605055,2026-08-10,9.28,0.003243,55890.0,51072.391
605056,2026-08-10,15.27,0.007256,91371.28,137863.89
605058,2026-08-10,26.81,-0.010336000000000001,23431.45,62184.05
605060,2026-08-10,42.26,0.000237,34198.43,143917.306
605066,2026-08-10,6.77,0.016517,53340.42,35844.259
605068,2026-08-10,21.1,0.004284,69677.0,145864.282
605069,2026-08-10,11.13,0.019231,56991.1,62746.65
605077,2026-08-10,11.24,0.016274999999999998,43611.11,48852.439
605080,2026-08-10,21.14,0.052265,33227.8,69236.943
605086,2026-08-10,24.34,0.01969,15075.2,36183.261
605088,2026-08-10,21.52,0.017013,38115.98,81558.216
605089,2026-08-10,20.23,0.005967,8673.26,17564.876
605090,2026-08-10,35.14,0.020918000000000003,152668.12,529448.156
605098,2026-08-10,58.28,0.019416,15979.4,92760.177
605099,2026-08-10,33.09,0.028277999999999998,16049.52,52556.982
605100,2026-08-10,32.41,-0.019660999999999998,38261.8,124615.219
605108,2026-08-10,13.1,0.035573,50625.5,65743.962
605111,2026-08-10,55.68,-0.023672,181813.8,1004452.964
605116,2026-08-10,20.45,-0.004866,32262.0,66465.621
605117,2026-08-10,85.76,0.011082000000000002,159520.38,1357626.128
605118,2026-08-10,29.61,-0.009699,35180.59,103345.903
605122,2026-08-10,11.33,0.04136,30016.6,33563.391
605123,2026-08-10,79.86,0.012424,27908.89,221108.565
605128,2026-08-10,25.08,0.1,86216.43,209510.148
605133,2026-08-10,25.63,-0.036104,53985.93,139145.935
605136,2026-08-10,8.51,0.034022000000000004,98386.0,82758.956
605138,2026-08-10,5.94,0.045774999999999996,45903.4,26834.786
605151,2026-08-10,18.53,0.035196,16153.65,29393.319
605155,2026-08-10,14.48,-0.011604000000000001,29871.04,43257.665
605158,2026-08-10,7.19,0.049635,57749.78,41002.673
605162,2026-08-10,9.33,0.100236,217328.68,197475.177
605166,2026-08-10,8.86,0.021915,46534.0,41031.505
605167,2026-08-10,14.96,-0.005319000000000001,123248.24,183693.225
605168,2026-08-10,42.27,0.047584,64338.26,266708.481
605169,2026-08-10,10.2,0.025126,23559.0,23872.244
605177,2026-08-10,17.4,0.037566999999999996,17980.0,30825.64
605178,2026-08-10,66.19,0.000605,41758.0,274495.75
605179,2026-08-10,25.12,0.099825,310383.01,740795.956
605180,2026-08-10,12.6,0.036184,25155.51,30990.859
605183,2026-08-10,14.98,0.04463,28946.96,42919.087
605186,2026-08-10,26.64,0.022649,31463.01,82700.956
605188,2026-08-10,13.08,0.023474,69000.0,89518.858
605189,2026-08-10,16.78,0.065397,374791.0,629889.518
605196,2026-08-10,34.3,0.012397,156855.16,540444.507
605198,2026-08-10,68.73,0.060484,68955.54,474882.502
605199,2026-08-10,6.11,0.013267,20568.0,12672.972
605208,2026-08-10,13.77,0.011013,84046.9,113920.855
605218,2026-08-10,14.38,0.055026,39369.0,55368.652
605222,2026-08-10,20.34,0.028832,78046.25,157087.52
605228,2026-08-10,10.97,-0.006341,42417.87,46374.151
605255,2026-08-10,69.42,-0.019492,9836.0,69157.396
605258,2026-08-10,26.96,-0.009916000000000001,17304.0,46262.805
605259,2026-08-10,18.48,0.018182,10923.0,20083.484
605266,2026-08-10,17.02,0.031515,25117.43,42554.801
605268,2026-08-10,9.33,0.030939,34974.0,32331.804
605277,2026-08-10,15.15,-0.005253,48571.71,73192.754
605286,2026-08-10,25.61,0.100086,52796.03,128961.491
605287,2026-08-10,39.08,-0.045198999999999996,93297.0,360505.71
605288,2026-08-10,57.63,-0.013523,29838.56,175295.492
605289,2026-08-10,103.1,-0.013303,53977.6,552892.734
605296,2026-08-10,31.57,0.06189,54674.02,170079.711
605298,2026-08-10,49.0,0.029196,8515.69,40785.046
605299,2026-08-10,12.74,0.037459,131652.0,165603.589
605300,2026-08-10,9.93,0.022656999999999997,39314.13,38822.724
605303,2026-08-10,21.34,-0.014774,32829.0,70238.576
605305,2026-08-10,39.75,-0.005006,39131.08,155867.605
605318,2026-08-10,78.08,-0.027646,15659.0,121970.18
605319,2026-08-10,24.89,-0.008367,23647.45,59222.509
605333,2026-08-10,17.31,0.023655,34638.6,59569.624
605336,2026-08-10,12.95,0.100255,35389.5,45533.778
605337,2026-08-10,9.92,0.047518000000000005,142304.17,140474.612
605338,2026-08-10,20.13,0.065643,43968.12,86901.526
605339,2026-08-10,13.45,0.028287,15938.0,21341.66
605358,2026-08-10,44.24,-0.01426,378731.81,1667269.63
605365,2026-08-10,14.05,0.018854,34160.59,47215.733
605366,2026-08-10,8.29,-0.020095000000000002,371739.83,306920.383
605368,2026-08-10,6.71,0.013595,49432.55,33198.679
605369,2026-08-10,17.74,0.023067999999999998,19435.94,34425.632
605376,2026-08-10,173.99,0.061109,195901.13,3281734.672
605377,2026-08-10,9.4,0.040975000000000004,124469.12,116263.906
605378,2026-08-10,14.32,0.02067,23489.28,33369.926
605388,2026-08-10,6.2,0.050846999999999996,367987.4,224243.569
605389,2026-08-10,74.47,-0.020131999999999997,8247.2,61503.342
605398,2026-08-10,21.01,0.009611,17484.0,36513.202
605399,2026-08-10,10.99,0.022326000000000002,37273.5,40483.484
605488,2026-08-10,28.16,0.007873999999999999,58825.29,164348.365
605499,2026-08-10,130.83,0.065391,182834.04,2367973.933
605500,2026-08-10,7.07,0.032117,53007.0,37205.919
605507,2026-08-10,15.92,-0.017284,86276.2,139684.157
605555,2026-08-10,12.25,0.012397,37013.99,45071.505
605566,2026-08-10,26.09,0.010849,30668.5,78626.777
605567,2026-08-10,9.12,0.037543,41812.5,37654.999
605577,2026-08-10,9.77,0.028421,34482.0,33503.27
605580,2026-08-10,18.51,0.0032519999999999997,41893.4,76624.481
605588,2026-08-10,46.53,0.018162,15775.01,72723.904
605589,2026-08-10,41.59,-0.018641,377601.51,1561939.646
605598,2026-08-10,28.59,0.017438,42823.0,120495.692
605599,2026-08-10,17.07,0.06421400000000001,152276.4,255988.642
688001,2026-08-10,49.36,-0.039502,108394.11,528251.501
688002,2026-08-10,169.0,-0.006116,126312.9,2127898.063
688003,2026-08-10,77.5,-0.017744,39017.37,301139.16
688004,2026-08-10,24.2,0.024554999999999997,26679.7,62661.14
688005,2026-08-10,28.08,0.011892,126791.65,356463.116
688006,2026-08-10,22.56,-0.0070420000000000005,92192.39,207062.493
688007,2026-08-10,10.99,0.016651,54961.42,59812.618
688008,2026-08-10,206.92,-0.039903,438767.72,9153609.36
688009,2026-08-10,4.97,0.006072999999999999,222769.23,110582.185
688010,2026-08-10,27.14,-0.017023,36220.64,97723.571
688011,2026-08-10,85.39,0.052249,28860.38,242493.618
688012,2026-08-10,389.99,0.060764,287317.52,10926425.501
688013,2026-08-10,25.85,0.012138,12581.68,32405.948
688015,2026-08-10,16.14,0.015094000000000002,14040.21,22657.062
688016,2026-08-10,95.12,0.009766,26379.32,253029.121
688017,2026-08-10,333.89,-0.039884,93906.77,3158359.875
688018,2026-08-10,111.0,-0.009459,41660.06,460943.748
688019,2026-08-10,253.08,0.005563,79417.93,2012108.527
688020,2026-08-10,142.3,-0.026409,80309.99,1144553.958
688021,2026-08-10,21.04,0.020369,13084.04,27199.339
688022,2026-08-10,8.3,0.01467,13154.26,10814.505
688023,2026-08-10,39.59,-0.008267,24387.94,96783.165
688025,2026-08-10,340.6,-0.0064470000000000005,37610.92,1274849.693
688026,2026-08-10,18.07,0.09250299999999999,103797.29,179819.772
688027,2026-08-10,417.68,0.0026650000000000003,16220.56,677112.12
688028,2026-08-10,86.87,-0.010591999999999999,83428.63,714685.932
688029,2026-08-10,72.85,-0.018459,28009.22,205875.807
688030,2026-08-10,18.03,-0.001661,42321.71,76110.415
688031,2026-08-10,113.11,-0.019844,68956.36,777909.665
688032,2026-08-10,79.15,0.0053349999999999995,7410.91,58618.21
688033,2026-08-10,6.18,-0.014354,36053.95,22297.697
688035,2026-08-10,63.58,-0.012733000000000001,58474.74,370998.586
688036,2026-08-10,58.11,0.018937,160831.34,925670.593
688037,2026-08-10,322.2,0.036579,63380.87,2019618.52
688038,2026-08-10,17.46,0.010417000000000001,26966.68,46724.475
688039,2026-08-10,36.1,-0.010145,18104.13,65209.837
688041,2026-08-10,290.44,-0.017954,170518.24,4935951.969
688045,2026-08-10,55.0,-0.021004000000000002,20042.47,110029.73
688046,2026-08-10,37.39,0.122486,353769.96,1352842.357
688047,2026-08-10,111.07,-0.0091,36904.71,407028.87
688048,2026-08-10,284.5,-0.003572,119988.79,3365243.947
688049,2026-08-10,41.73,-0.018349,63110.1,262577.068
688050,2026-08-10,41.85,0.01924,47612.8,200056.275
688051,2026-08-10,24.54,0.01657,13884.31,33692.398
688052,2026-08-10,206.33,-0.026378,32133.47,653570.122
688053,2026-08-10,34.51,-0.013999999999999999,4755.94,16344.175
688055,2026-08-10,3.91,-0.007613999999999999,181798.44,70779.379
688056,2026-08-10,43.03,-0.024263,14993.43,63839.981
688057,2026-08-10,19.66,0.022361,61750.51,119597.796
688058,2026-08-10,23.02,0.014097,13047.93,29791.187
688059,2026-08-10,94.65,-0.004104,59367.62,558972.4
688060,2026-08-10,35.2,0.029540999999999998,4364.31,15169.731
688061,2026-08-10,36.97,0.000271,12311.79,45248.6
688062,2026-08-10,30.9,0.012783,132134.35,412008.613
688063,2026-08-10,44.93,-0.004873,48605.69,218486.834
688065,2026-08-10,47.53,-0.029009,69409.98,332704.307
688066,2026-08-10,9.18,-0.052632000000000005,237171.86,208362.023
688067,2026-08-10,22.67,0.021171000000000002,12717.77,28616.839
688068,2026-08-10,107.9,-0.03781,51831.37,568198.791
688069,2026-08-10,37.93,-0.019136,18221.15,69219.789
688070,2026-08-10,34.74,0.018768,13905.59,47921.272
688071,2026-08-10,36.16,-0.012022,28065.88,101121.339
688072,2026-08-10,728.0,0.054078999999999995,72753.34,5175715.349
688073,2026-08-10,73.92,0.2,105574.88,760585.43
688075,2026-08-10,29.72,0.026951999999999997,11983.95,35385.931
688076,2026-08-10,28.16,-0.004595,28913.05,82722.778
688077,2026-08-10,26.52,0.020392,39087.24,102647.769
688078,2026-08-10,23.3,0.017467,7721.36,17899.317
688079,2026-08-10,15.68,-0.036855,166004.18,258539.552
688080,2026-08-10,36.75,0.011560999999999998,10765.35,39360.291
688081,2026-08-10,30.15,-0.014384,16157.25,48214.19
688082,2026-08-10,323.02,0.12159700000000001,117892.83,3691627.786
688083,2026-08-10,50.86,-0.013576,24204.16,122926.315
688084,2026-08-10,50.06,0.129003,48800.35,237070.925
688085,2026-08-10,13.58,0.008166,39059.48,53200.678
688087,2026-08-10,40.8,0.018727,13288.32,54566.155
688088,2026-08-10,34.11,-0.013306,65739.29,223496.489
688089,2026-08-10,7.87,0.018111,36070.03,27985.019
688090,2026-08-10,66.55,-0.038294999999999996,118355.68,793196.335
688091,2026-08-10,41.01,0.003671,35551.05,146142.571
688092,2026-08-10,22.69,0.021152,6704.05,15066.608
688093,2026-08-10,26.9,-0.018964,26035.32,70339.409
688095,2026-08-10,67.86,-0.024159,60819.1,414747.53
688096,2026-08-10,8.85,0.023121,68427.16,59862.638
688097,2026-08-10,42.79,-0.029705,72444.45,311801.498
688098,2026-08-10,8.9,0.033682,63552.7,56453.394
688099,2026-08-10,97.41,0.002676,139928.88,1338573.669
688100,2026-08-10,29.93,-0.0072970000000000005,29588.99,88858.504
688101,2026-08-10,15.73,0.0057540000000000004,30102.9,47210.87
688102,2026-08-10,38.51,0.012089,303382.68,1147897.116
688103,2026-08-10,77.21,0.004162,26541.36,201607.06
688105,2026-08-10,23.08,-0.006029,287766.41,678878.664
688106,2026-08-10,30.19,-0.006581,252931.59,761199.671
688107,2026-08-10,32.8,0.006135000000000001,59691.71,193025.327
688108,2026-08-10,18.66,0.066286,301975.61,569625.432
688109,2026-08-10,75.25,-0.059493,18464.16,141411.756
688110,2026-08-10,113.28,-0.02328,160449.76,1809447.809
688111,2026-08-10,262.6,-0.011480999999999998,99028.96,2613532.67
688112,2026-08-10,50.81,-0.035863,31040.5,158253.881
688113,2026-08-10,36.54,0.020385,6649.21,23997.866
688114,2026-08-10,61.64,0.145086,205460.93,1233471.387
688115,2026-08-10,56.18,0.030636999999999998,32346.03,175104.999
688116,2026-08-10,33.69,0.005672,60056.89,201943.925
688117,2026-08-10,26.15,-0.022795,120686.28,319817.775
688118,2026-08-10,21.0,-0.004739,17661.34,37042.028
688119,2026-08-10,4.09,0.017413,102107.72,41275.105
688120,2026-08-10,263.53,0.016313,125574.36,3306154.829
688121,2026-08-10,2.14,-0.057268999999999994,138888.23,30117.407
688122,2026-08-10,53.58,0.007901,91978.57,490384.485
688123,2026-08-10,131.1,0.01849,108939.59,1416448.154
688125,2026-08-10,120.19,-0.034541,18160.14,218820.341
688126,2026-08-10,25.87,-0.029268000000000002,914783.94,2370504.958
688127,2026-08-10,65.04,-0.028529,72198.19,468691.757
688128,2026-08-10,22.67,0.008901,22087.19,49953.307
688129,2026-08-10,21.56,0.018904,8965.9,19029.451
688130,2026-08-10,25.76,0.173576,88396.12,219109.934
688131,2026-08-10,97.73,0.03418,106323.03,1037008.537
688132,2026-08-10,13.59,0.015695,15856.71,21479.672
688133,2026-08-10,24.46,-0.02511,67285.24,164390.278
688135,2026-08-10,25.11,0.008434,132915.45,327742.114
688136,2026-08-10,20.53,0.011828,70360.22,144413.209
688137,2026-08-10,54.9,0.17508600000000002,79646.87,435152.523
688138,2026-08-10,32.2,0.00468,70813.25,225861.247
688139,2026-08-10,29.15,0.000343,41917.73,122948.634
688141,2026-08-10,141.31,0.027634,167998.91,2315477.582
688143,2026-08-10,103.0,-0.08273199999999999,161179.66,1671599.201
688146,2026-08-10,325.3,0.02943,240172.92,7593813.071
688147,2026-08-10,110.48,0.055810000000000005,128065.76,1406369.407
688148,2026-08-10,7.4,-0.0026950000000000003,183886.64,135707.989
688150,2026-08-10,40.9,-0.045062,154036.53,633533.078
688151,2026-08-10,17.44,0.062767,119681.09,205213.661
688152,2026-08-10,28.62,0.005975,12670.49,35966.033
688153,2026-08-10,26.05,-0.0030620000000000005,38020.0,98592.102
688155,2026-08-10,62.05,0.009106999999999999,23928.6,147873.61
688156,2026-08-10,21.14,0.001896,27732.49,57922.687
688157,2026-08-10,19.32,0.012048000000000001,15544.08,29773.308
688158,2026-08-10,34.03,-0.039786,268193.39,914271.094
688159,2026-08-10,33.2,-0.015712999999999998,31585.49,104378.475
688160,2026-08-10,110.16,-0.040251,18151.4,201719.502
688161,2026-08-10,22.41,0.011282,16374.48,36795.073
688162,2026-08-10,23.09,-0.009013,11611.44,26798.03
688163,2026-08-10,32.23,-0.01377,11883.83,38439.111
688165,2026-08-10,17.55,-0.024458,73313.82,128930.024
688166,2026-08-10,37.41,-0.01914,304929.56,1175564.111
688167,2026-08-10,202.88,-0.08157500000000001,121702.76,2485050.585
688168,2026-08-10,36.56,-0.013491999999999999,36715.85,133898.177
688169,2026-08-10,110.63,0.037610000000000005,68765.01,752017.001
688170,2026-08-10,52.19,-0.032623,51513.25,267932.922
688171,2026-08-10,28.53,0.0063490000000000005,20849.47,59484.388
688172,2026-08-10,56.45,-0.0008849999999999999,155262.35,860177.309
688173,2026-08-10,13.85,-0.0035970000000000004,72342.25,99712.682
688175,2026-08-10,19.24,0.011035,35031.0,66307.334
688176,2026-08-10,12.87,0.004684,169744.72,220113.61
688177,2026-08-10,19.43,0.047439,72056.43,141038.773
688178,2026-08-10,27.51,0.001456,12005.25,32864.076
688179,2026-08-10,21.06,0.015429,128195.0,267011.401
688180,2026-08-10,38.91,-0.008409999999999999,280874.87,1103457.312
688181,2026-08-10,40.07,0.0017499999999999998,59384.95,235598.547
688182,2026-08-10,26.2,-0.053810000000000004,85876.32,226437.205
688183,2026-08-10,112.32,-0.054386000000000004,207667.35,2350028.049
688184,2026-08-10,11.97,0.0,9164.57,10862.118
688185,2026-08-10,54.86,0.010872,36864.02,204319.197
688186,2026-08-10,14.72,0.004093,38592.84,56499.722
688187,2026-08-10,50.18,0.008440999999999999,59467.07,296324.672
688188,2026-08-10,105.24,-9.499999999999999e-05,18279.97,192381.358
688189,2026-08-10,6.83,0.017884,85225.88,58745.483
688190,2026-08-10,75.6,0.025779999999999997,15066.38,113093.331
688191,2026-08-10,21.65,0.010265999999999999,86997.59,186377.648
688192,2026-08-10,55.85,-0.0026790000000000004,125232.17,708069.179
688193,2026-08-10,47.8,-0.042851,10668.75,51559.703
688195,2026-08-10,148.5,-0.010923,206018.89,3029046.499
688196,2026-08-10,35.17,0.011504,15175.64,53291.314
688197,2026-08-10,36.22,0.000552,29927.72,108876.012
688198,2026-08-10,81.96,0.00688,9140.74,75662.198
688199,2026-08-10,23.22,-0.012335,39265.11,90954.39
688200,2026-08-10,422.1,0.033368,44715.94,1859000.027
688201,2026-08-10,7.33,0.005487,17073.6,12401.591
688202,2026-08-10,103.1,0.084122,172761.36,1773432.254
688203,2026-08-10,12.17,0.173578,131133.8,150210.385
688205,2026-08-10,136.0,-0.038258,88919.83,1206408.593
688206,2026-08-10,35.16,-0.027117,64510.07,228176.028
688207,2026-08-10,19.42,-0.0025679999999999995,92430.7,178493.617
688208,2026-08-10,27.99,0.006111,117628.77,332367.549
688209,2026-08-10,21.99,-0.010795999999999998,82861.98,181526.119
688210,2026-08-10,28.24,-0.001061,32059.41,89638.154
688211,2026-08-10,30.85,0.025598,7373.52,22562.173
688212,2026-08-10,28.2,0.026201,29841.33,83757.506
688213,2026-08-10,96.4,0.026732999999999996,93537.33,877136.125
688215,2026-08-10,44.37,0.015331999999999998,29698.02,130341.753
688216,2026-08-10,30.92,-0.009926,43494.72,133372.331
688217,2026-08-10,24.6,0.060801999999999995,13116.93,31389.948
688218,2026-08-10,40.66,0.029889000000000002,41361.51,165037.572
688219,2026-08-10,10.78,0.007477,48974.14,52535.423
688220,2026-08-10,104.5,-0.070285,137623.21,1461322.653
688221,2026-08-10,21.11,-0.005183999999999999,217803.17,457673.224
688222,2026-08-10,36.38,0.07284,455072.59,1673243.241
688223,2026-08-10,4.56,0.017857,1155290.34,529006.558
688225,2026-08-10,13.14,-0.042972,133411.66,177044.293
688226,2026-08-10,30.19,0.0016589999999999999,44622.97,133425.575
688227,2026-08-10,83.0,-0.010490999999999999,30080.6,245882.979
688228,2026-08-10,74.06,-0.008169,17448.22,129089.115
688229,2026-08-10,70.21,0.019753,14681.66,103401.04
688230,2026-08-10,54.78,-0.010477,15580.93,86069.501
688231,2026-08-10,30.05,0.012124999999999999,46700.83,138563.225
688232,2026-08-10,19.4,0.007792,27681.76,53391.69
688233,2026-08-10,119.22,0.026431,143595.48,1679597.848
688234,2026-08-10,103.77,0.012488999999999998,136799.73,1430193.838
688235,2026-08-10,299.79,0.001537,108237.35,3269803.552
688236,2026-08-10,15.41,0.01918,27434.11,41941.613
688237,2026-08-10,59.72,-0.025775000000000003,20187.22,121264.995
688238,2026-08-10,7.17,0.034632,458624.88,327096.435
688239,2026-08-10,45.94,-0.0013039999999999998,39620.65,179746.782
688244,2026-08-10,16.1,0.021574,21568.07,34393.232
688246,2026-08-10,19.53,0.006701,25165.25,49164.696
688247,2026-08-10,9.32,0.003229,101112.14,94602.28
688248,2026-08-10,48.94,0.008241,40784.74,199560.984
688249,2026-08-10,40.18,-0.018803,181365.39,727114.244
688251,2026-08-10,21.66,-0.003221,16534.55,35512.617
688252,2026-08-10,19.86,-0.0030120000000000004,74277.44,148257.658
688253,2026-08-10,71.34,0.004506,30051.8,215303.518
688255,2026-08-10,26.22,-0.015026,28536.35,74961.993
688256,2026-08-10,1124.0,-0.063279,207110.14,23751647.076
688257,2026-08-10,62.21,-0.01254,194061.54,1200301.793
688258,2026-08-10,111.67,-0.020954,34425.33,384789.274
688259,2026-08-10,30.62,0.000327,10539.29,31993.134
688260,2026-08-10,114.71,0.080132,115746.63,1254844.548
688261,2026-08-10,71.26,-0.029155,55981.98,403332.957
688262,2026-08-10,27.16,-0.009482,93345.0,252772.503
688265,2026-08-10,46.55,0.085082,71182.34,339127.344
688266,2026-08-10,119.55,-0.017666,91275.52,1111267.651
688267,2026-08-10,18.75,-0.023438,16933.21,31846.645
688268,2026-08-10,155.55,-0.00032099999999999994,94933.83,1453339.243
688269,2026-08-10,31.29,0.005786,15856.65,49082.741
688270,2026-08-10,70.25,0.016642999999999998,77800.79,539908.898
688271,2026-08-10,112.7,0.001333,64389.48,729107.532
688272,2026-08-10,29.39,0.0068520000000000005,18126.9,52697.659
688273,2026-08-10,31.57,0.01024,11116.85,34871.723
688275,2026-08-10,81.21,0.0050739999999999995,45316.49,367322.148
688276,2026-08-10,15.99,0.024343,33093.57,52887.795
688277,2026-08-10,17.65,-0.008983999999999999,93009.05,165479.864
688278,2026-08-10,58.37,0.04306600000000001,69935.59,409482.914
688279,2026-08-10,165.09,-0.028881999999999998,15131.93,249936.736
688280,2026-08-10,5.81,0.001724,138623.4,80152.318
688281,2026-08-10,48.95,0.022561,26806.69,129911.665
688282,2026-08-10,58.71,0.039115000000000004,10713.81,61752.893
688283,2026-08-10,28.56,0.013485,13033.16,36771.365
688285,2026-08-10,7.57,0.014745,31041.75,23389.664
688286,2026-08-10,45.26,0.0,37118.44,167090.371
688288,2026-08-10,18.39,0.010995,14582.98,26706.112
688289,2026-08-10,16.06,0.022279,84270.12,134117.068
688290,2026-08-10,67.63,-0.025223,12769.18,87204.008
688291,2026-08-10,41.94,-0.010382,14591.35,60718.735
688292,2026-08-10,17.79,0.0073609999999999995,32108.28,56723.499
688293,2026-08-10,66.85,0.057419000000000005,113767.45,763577.478
688295,2026-08-10,43.11,-0.035786,79586.98,344560.229
688296,2026-08-10,20.03,0.038362,80583.73,159493.373
688297,2026-08-10,42.2,0.03229,96974.92,404663.947
688298,2026-08-10,19.72,0.018068999999999998,18503.44,36345.808
688299,2026-08-10,13.05,0.000767,43114.9,55947.622
688300,2026-08-10,148.3,-0.022413,152324.82,2241395.74
688301,2026-08-10,90.55,-0.060587,96410.13,883720.141
688302,2026-08-10,37.56,0.009677,21344.73,80515.068
688303,2026-08-10,18.81,-0.008434,140013.15,263524.464
688305,2026-08-10,61.46,0.066458,67131.98,409869.619
688306,2026-08-10,9.34,-0.015806,106234.07,100317.708
688307,2026-08-10,46.44,-0.0012900000000000001,58821.94,271538.214
688308,2026-08-10,103.64,0.01053,125444.59,1283235.608
688309,2026-08-10,70.5,0.006568000000000001,24881.46,171875.62
688310,2026-08-10,15.1,-0.0033,18914.26,28749.826
688311,2026-08-10,24.72,0.009804,47388.55,114806.785
688312,2026-08-10,46.9,-0.043247999999999995,72550.79,337475.915
688313,2026-08-10,134.01,0.049413,332954.12,4331252.093
688314,2026-08-10,34.4,-0.002609,16411.65,57395.011
688315,2026-08-10,15.19,0.022206999999999998,160024.4,246324.775
688316,2026-08-10,52.9,-0.025602999999999997,34409.88,182234.617
688317,2026-08-10,17.67,0.032729,36510.85,63928.811
688318,2026-08-10,79.82,-0.0176,59495.84,475325.463
688319,2026-08-10,27.6,0.013588,83848.59,226519.002
688320,2026-08-10,31.19,-0.009212,24549.58,76607.227
688321,2026-08-10,29.3,-0.014795,173137.87,511292.451
688322,2026-08-10,109.42,-0.021987999999999997,108017.81,1182722.546
688323,2026-08-10,27.33,-0.049391,176751.01,483612.075
688325,2026-08-10,106.7,-0.027968000000000003,8922.44,95850.064
688326,2026-08-10,68.57,-0.002908,15804.32,108646.353
688327,2026-08-10,11.03,-0.017809,185170.24,204543.471
688328,2026-08-10,78.47,0.019753,94778.6,736208.229
688329,2026-08-10,19.99,0.010617000000000001,14741.99,29238.467
688330,2026-08-10,33.61,0.011434999999999999,9369.46,31392.876
688331,2026-08-10,134.45,0.010978000000000002,146978.23,2001969.887
688332,2026-08-10,86.95,-0.017514000000000002,41593.32,359805.601
688333,2026-08-10,110.31,-0.000272,127080.7,1390455.68
688334,2026-08-10,18.42,0.00821,12682.36,23331.481
688335,2026-08-10,21.0,0.017442,19743.14,40757.738
688336,2026-08-10,46.53,-0.008945999999999999,177273.23,835652.798
688337,2026-08-10,43.56,-0.01737,38524.35,167375.251
688338,2026-08-10,30.46,0.060953999999999994,22567.81,67001.71
688339,2026-08-10,17.93,0.007303,23874.85,42538.415
688343,2026-08-10,59.99,-0.025345,93741.42,561385.162
688345,2026-08-10,55.62,0.0,14271.16,78307.693
688347,2026-08-10,264.0,-0.01599,189623.11,4958661.586
688348,2026-08-10,33.02,0.013505,16421.07,53954.916
688349,2026-08-10,15.11,0.010027,72268.36,109019.857
688350,2026-08-10,29.55,-0.02314,20263.4,60085.961
688351,2026-08-10,20.74,0.001449,42757.92,88921.839
688352,2026-08-10,17.7,0.018411999999999998,262407.45,459919.86
688353,2026-08-10,96.2,0.02069,73701.54,701668.013
688355,2026-08-10,17.96,0.015263,12469.9,22053.575
688356,2026-08-10,77.3,0.037584,22061.37,169549.125
688357,2026-08-10,27.5,0.026501999999999998,7302.25,19880.803
688358,2026-08-10,29.77,0.0010090000000000001,10944.32,32607.658
688359,2026-08-10,103.15,-0.013862000000000001,73492.38,749617.543
688360,2026-08-10,15.76,-0.007557,32216.17,50618.347
688361,2026-08-10,362.45,0.032621000000000004,100262.78,3597801.905
688362,2026-08-10,68.1,-0.012471000000000001,271988.88,1830112.473
688363,2026-08-10,38.92,0.004128,40617.07,157573.766
688365,2026-08-10,16.18,-0.0018509999999999998,141387.93,227965.119
688366,2026-08-10,32.78,0.016434,13583.72,44607.832
688367,2026-08-10,30.99,0.002264,12365.71,37941.462
688368,2026-08-10,125.13,-0.005879,40571.59,506428.955
688369,2026-08-10,22.1,0.006834,85198.61,188177.666
688370,2026-08-10,24.25,0.089398,19087.03,45348.336
688371,2026-08-10,27.88,-0.024493,98013.19,271988.844
688372,2026-08-10,131.0,0.043990999999999995,106281.36,1364991.818
688373,2026-08-10,5.32,0.015267,223395.34,118452.204
688375,2026-08-10,82.8,0.020962,49868.43,404683.693
688376,2026-08-10,70.22,0.011233,27620.46,193192.753
688377,2026-08-10,20.48,-0.0009760000000000001,21323.08,43530.038
688378,2026-08-10,41.46,-0.011445,80891.55,335764.819
688379,2026-08-10,49.94,-0.028783,35721.55,178218.004
688380,2026-08-10,40.1,-0.004963,93700.02,371804.527
688381,2026-08-10,32.12,0.0,78334.77,248533.154
688382,2026-08-10,20.43,-0.01637,292934.64,595700.404
688383,2026-08-10,120.66,0.017713,25820.97,306868.111
688385,2026-08-10,55.18,0.013035000000000001,123937.88,677792.282
688386,2026-08-10,53.88,-0.014991,20121.6,108037.897
688387,2026-08-10,14.72,-0.000679,693797.63,999602.829
688388,2026-08-10,28.05,-0.026042,460052.45,1291623.42
688389,2026-08-10,11.34,0.024390000000000002,39910.75,45030.38
688390,2026-08-10,67.3,-0.014641,83452.93,560461.668
688391,2026-08-10,26.02,0.006966,10774.53,27817.72
688392,2026-08-10,152.0,0.016926,58930.14,877761.061
688393,2026-08-10,20.25,0.029487,28445.29,57302.164
688395,2026-08-10,24.51,0.125344,44417.1,104596.774
688396,2026-08-10,60.02,-0.019441,205357.67,1230827.188
688398,2026-08-10,20.72,-0.001446,12681.93,26223.495
688399,2026-08-10,29.76,-0.014242999999999999,29926.96,88178.83
688400,2026-08-10,47.2,-0.037913,129756.44,613520.829
688401,2026-08-10,69.87,-0.007246,46194.07,320775.394
688403,2026-08-10,24.46,-0.031286999999999995,535208.18,1313362.357
688408,2026-08-10,27.21,0.000368,30158.15,82217.735
688409,2026-08-10,210.0,0.074114,123091.0,2551442.716
688410,2026-08-10,11.28,0.009848,83366.42,93801.342
688411,2026-08-10,208.6,-0.026234999999999998,25894.04,541738.671
688416,2026-08-10,72.1,-0.026202,59979.38,430728.095
688418,2026-08-10,36.38,-0.036036,67165.6,241312.338
688419,2026-08-10,48.1,-0.031609,88398.3,422520.785
688420,2026-08-10,22.4,0.024234,5726.62,12694.483
688425,2026-08-10,4.22,0.014422999999999998,174086.76,73179.93
688426,2026-08-10,19.55,0.046014,18219.7,35331.466
688428,2026-08-10,29.36,0.009629,146669.61,435149.354
688429,2026-08-10,11.16,0.08349500000000001,51933.95,56325.889
688432,2026-08-10,41.74,0.072181,792712.18,3264210.694
688433,2026-08-10,93.15,0.0005369999999999999,43806.25,403955.235
688435,2026-08-10,31.42,0.001913,17096.35,53836.031
688439,2026-08-10,40.4,0.014565999999999999,21534.83,86859.966
688443,2026-08-10,24.79,0.006088,49892.0,124579.75
688448,2026-08-10,51.78,0.029422999999999998,24532.45,125016.758
688449,2026-08-10,57.85,-0.028384,97620.91,563421.931
688450,2026-08-10,34.7,0.021189,18106.18,61188.842
688455,2026-08-10,15.36,0.019244,17989.37,27468.063
688456,2026-08-10,84.19,-0.019906999999999998,89636.32,753004.156
688458,2026-08-10,33.89,-0.019387,14687.61,49928.968
688459,2026-08-10,8.23,0.008578,15819.22,12990.997
688466,2026-08-10,13.8,0.024499,15308.59,20902.443
688468,2026-08-10,6.35,0.0209,35670.07,22555.985
688469,2026-08-10,8.48,-0.012806,1534409.84,1298180.231
688472,2026-08-10,10.43,0.001921,373782.15,389567.089
688475,2026-08-10,31.29,0.019218,75817.4,235861.106
688478,2026-08-10,48.8,-0.0028610000000000003,67516.29,332614.548
688479,2026-08-10,33.34,-0.007147,26768.05,89388.617
688480,2026-08-10,82.23,0.017698000000000002,11628.17,94797.635
688484,2026-08-10,36.32,0.010291999999999999,111784.91,399222.934
688485,2026-08-10,62.5,0.011654,65281.04,406072.98
688486,2026-08-10,45.1,-0.030108000000000003,39758.66,179235.577
688488,2026-08-10,17.35,-0.010832,118667.18,207264.408
688489,2026-08-10,23.7,0.004237,14287.8,33707.377
688496,2026-08-10,0.86,-0.011493999999999999,49327.36,4239.914
688498,2026-08-10,1415.1,0.043968999999999994,60532.93,8168814.064
688499,2026-08-10,36.93,0.002988,36304.19,134366.128
688500,2026-08-10,36.91,0.0070940000000000005,15129.14,55143.789
688501,2026-08-10,13.45,0.020486,30757.26,41005.768
688502,2026-08-10,393.68,-0.00961,15746.02,616437.326
688503,2026-08-10,74.44,-0.019107,142405.82,1051798.474
688505,2026-08-10,7.94,0.005063,107900.0,86376.421
688506,2026-08-10,319.07,0.039079,31481.63,989589.377
688507,2026-08-10,171.41,-0.036156,65975.36,1130118.829
688508,2026-08-10,87.5,0.006441,73046.69,623267.127
688509,2026-08-10,4.23,0.016827,55817.65,23417.951
688510,2026-08-10,22.64,0.024434,48811.82,109667.196
688511,2026-08-10,22.76,-0.013437,14603.56,33164.299
688512,2026-08-10,14.83,0.051028000000000004,169340.9,248155.712
688513,2026-08-10,48.0,-0.036338,35869.83,175332.49
688515,2026-08-10,152.65,-0.020658,35978.1,548171.846
688516,2026-08-10,41.96,-0.011776,103990.46,433409.033
688517,2026-08-10,15.92,0.021823000000000002,21553.45,33999.452
688518,2026-08-10,19.96,-0.005976,92755.0,184534.745
688519,2026-08-10,303.02,0.001553,103577.79,3047003.968
688520,2026-08-10,37.9,0.002115,46731.21,177980.512
688521,2026-08-10,212.75,-0.077007,211994.96,4588601.677
688522,2026-08-10,19.76,0.009193,39740.95,77903.335
688523,2026-08-10,49.36,0.021946,59836.02,289666.646
688525,2026-08-10,242.0,-0.011760999999999999,315469.01,7542125.164
688526,2026-08-10,13.23,0.021622,20298.73,26690.493
688528,2026-08-10,9.63,0.034372,22686.74,21541.414
688529,2026-08-10,15.85,0.008912,17895.12,28130.975
688530,2026-08-10,62.5,0.015435,156716.58,976103.33
688531,2026-08-10,132.27,-0.032053,52411.83,688225.287
688533,2026-08-10,21.91,0.020969,8148.33,17760.711
688535,2026-08-10,103.64,0.000386,96367.18,996669.983
688536,2026-08-10,248.0,-0.014896,36147.95,892074.0
688538,2026-08-10,2.39,-0.0041670000000000006,518702.59,123951.211
688539,2026-08-10,28.27,0.02688,34771.36,96895.055
688543,2026-08-10,41.19,0.073495,134892.24,540286.073
688545,2026-08-10,90.24,0.052975,208357.03,1842312.425
688548,2026-08-10,37.66,0.0,298168.91,1105743.548
688549,2026-08-10,29.17,0.013903,1281813.95,3624486.265
688550,2026-08-10,39.3,-0.002285,43303.22,170593.419
688551,2026-08-10,39.18,-0.022942999999999998,33440.58,131659.866
688552,2026-08-10,28.38,0.07378,74754.69,206717.73
688553,2026-08-10,12.04,0.010915,173325.52,208644.383
688556,2026-08-10,8.69,-0.016968,200968.59,175120.381
688557,2026-08-10,20.13,-0.004451,9088.51,18265.894
688558,2026-08-10,31.91,0.013982000000000001,10720.57,34066.298
688559,2026-08-10,47.28,-0.024148999999999997,98374.91,466391.438
688560,2026-08-10,12.28,0.035413,40593.09,49016.625
688561,2026-08-10,26.73,-0.008531,74201.27,198586.777
688562,2026-08-10,14.81,0.021379000000000002,38099.22,55763.158
688563,2026-08-10,52.8,0.021079,21591.48,113080.431
688565,2026-08-10,11.21,0.0026829999999999996,30719.07,34139.726
688566,2026-08-10,25.51,0.014718,27816.94,71137.111
688567,2026-08-10,10.24,0.002938,92123.35,94216.006
688568,2026-08-10,36.88,-0.003513,104592.14,381060.992
688569,2026-08-10,17.38,0.009292,9748.36,16871.043
688570,2026-08-10,15.08,0.030758999999999998,12355.89,18462.58
688571,2026-08-10,9.26,-0.018028,117188.81,109301.443
688573,2026-08-10,16.36,0.028931,17961.97,29020.886
688575,2026-08-10,9.55,0.011653,102820.11,98251.306
688576,2026-08-10,40.78,0.022054999999999998,3690.91,14950.316
688577,2026-08-10,42.29,-0.000236,13983.47,59368.343
688578,2026-08-10,116.18,-0.0069240000000000005,125715.65,1474427.52
688579,2026-08-10,8.21,0.02625,55912.14,45906.155
688580,2026-08-10,49.82,-0.003998,16298.74,81396.715
688581,2026-08-10,53.4,0.00888,9273.14,49600.087
688582,2026-08-10,42.44,-0.0021160000000000003,45408.6,190758.642
688583,2026-08-10,74.43,-0.030859,12552.92,93408.183
688584,2026-08-10,29.13,0.005175999999999999,190231.38,550314.622
688585,2026-08-10,162.59,-0.040201,45424.94,752615.758
688586,2026-08-10,10.91,0.021536,56908.52,61210.484
688588,2026-08-10,9.93,-0.00201,40298.03,40007.144
688589,2026-08-10,18.32,0.017213,28243.02,51014.345
688590,2026-08-10,13.66,-0.009427,76807.25,106138.975
688591,2026-08-10,28.17,-0.005999,34735.32,97531.142
688592,2026-08-10,24.91,0.020066,10511.54,25531.128
688593,2026-08-10,32.31,0.008112000000000001,280147.32,868371.622
688595,2026-08-10,28.48,-0.006974,26325.53,74416.129
688596,2026-08-10,70.5,0.068506,415323.99,2859355.792
688597,2026-08-10,6.83,-0.00292,36958.14,25164.55
688598,2026-08-10,30.99,0.021086999999999998,191089.92,582045.34
688599,2026-08-10,13.81,0.0029049999999999996,349836.22,482230.884
688600,2026-08-10,29.13,0.014629000000000001,63246.19,181620.728
688601,2026-08-10,41.65,0.013875,36593.24,151330.787
688602,2026-08-10,6.74,0.019667,50906.93,34104.607
688603,2026-08-10,111.39,-0.050384000000000005,91780.68,1015372.694
688605,2026-08-10,78.46,0.033729,60888.42,468141.667
688606,2026-08-10,47.2,0.017461,4800.19,22527.967
688607,2026-08-10,47.52,-0.01,21089.66,100645.09
688608,2026-08-10,110.35,-0.017452000000000002,52046.1,571957.105
688609,2026-08-10,9.32,-0.023060999999999998,201172.89,186041.918
688610,2026-08-10,155.55,-0.015505999999999999,15429.71,239308.542
688611,2026-08-10,61.15,0.017471,10521.11,63912.173
688612,2026-08-10,34.7,0.025110999999999998,71008.05,244151.608
688613,2026-08-10,15.75,0.019417,31001.03,48716.904
688615,2026-08-10,121.67,0.002885,57591.56,696860.31
688616,2026-08-10,10.77,0.024738000000000003,18682.29,20005.704
688617,2026-08-10,211.01,0.012038,14702.38,312004.039
688618,2026-08-10,28.93,-0.0055000000000000005,21624.14,62466.604
688619,2026-08-10,14.52,0.023256000000000002,35205.42,50113.506
688620,2026-08-10,15.95,0.027705999999999998,198027.47,306421.058
688621,2026-08-10,64.3,-0.00894,39886.02,259685.202
688622,2026-08-10,113.08,0.046553000000000004,4312.55,47742.77
688623,2026-08-10,59.78,-0.005324,3501.34,20830.962
688625,2026-08-10,57.18,-0.048269,65543.75,375731.261
688626,2026-08-10,45.82,-0.018844,27660.26,127650.889
688627,2026-08-10,463.0,0.004338,50967.34,2358454.181
688628,2026-08-10,66.49,-0.034418000000000004,36631.51,242569.315
688629,2026-08-10,149.3,-0.008303,127537.76,1893973.745
688630,2026-08-10,430.3,0.007752,58464.35,2495962.295
688631,2026-08-10,43.1,0.021327,13594.77,58067.447
688633,2026-08-10,24.58,0.016543000000000002,28191.52,68811.604
688635,2026-08-10,249.9,-0.048109,19080.62,477649.542
688636,2026-08-10,20.0,0.015227999999999998,92033.39,180899.34
688638,2026-08-10,33.12,0.03662,5289.05,17272.056
688639,2026-08-10,18.09,0.034305,87763.61,158625.687
688646,2026-08-10,74.0,0.017882,6584.28,48527.451
688648,2026-08-10,32.25,0.017991999999999998,15812.29,50646.805
688651,2026-08-10,23.44,0.019574,14265.3,33172.228
688652,2026-08-10,160.7,0.073409,91500.62,1456199.648
688653,2026-08-10,13.92,-0.021097,147655.36,205891.311
688655,2026-08-10,35.71,-0.076306,131118.61,469125.729
688656,2026-08-10,90.7,0.009236,4455.76,39909.765
688657,2026-08-10,33.12,0.01845,16567.44,54245.426
688658,2026-08-10,13.16,-0.0045390000000000005,150343.53,200845.868
688659,2026-08-10,10.04,0.018255999999999998,25846.57,25693.631
688660,2026-08-10,9.05,0.019144,205510.32,185253.723
688661,2026-08-10,103.45,-0.047159000000000006,78195.39,806033.662
688662,2026-08-10,83.4,-0.078453,161106.86,1367170.799
688663,2026-08-10,52.22,-0.025746,38349.19,200356.571
688665,2026-08-10,45.52,-0.022126999999999997,6403.91,29081.195
688667,2026-08-10,88.81,-0.009812,5052.08,44599.597
688668,2026-08-10,239.0,-0.035901999999999996,59869.52,1426103.683
688669,2026-08-10,70.64,0.016403,55170.48,379284.584
688670,2026-08-10,15.82,0.010863000000000001,16071.54,25078.452
688671,2026-08-10,24.03,0.0016669999999999999,13299.15,31608.521
688676,2026-08-10,70.0,0.009664,156967.09,1105705.291
688677,2026-08-10,73.76,-0.028835000000000003,58526.01,438108.4
688678,2026-08-10,18.0,-0.062011000000000004,196771.58,356219.75
688679,2026-08-10,33.3,-0.056122,50310.27,168291.067
688680,2026-08-10,35.95,0.025093,13815.59,49159.582
688681,2026-08-10,16.93,0.038650000000000004,16062.18,26690.564
688682,2026-08-10,31.9,0.007261999999999999,13622.04,43056.675
688683,2026-08-10,32.18,0.001245,24950.0,80015.372
688685,2026-08-10,42.01,-0.023023,29958.97,126244.416
688686,2026-08-10,113.7,-0.0525,20615.2,233960.503
688687,2026-08-10,17.95,0.02221,53542.8,95123.117
688689,2026-08-10,40.25,-0.009109,115359.8,462998.206
688690,2026-08-10,43.31,0.031190000000000002,223752.3,971801.684
688691,2026-08-10,67.45,-0.013168,54465.39,362890.386
688692,2026-08-10,239.51,0.004867,13471.87,321734.841
688693,2026-08-10,85.2,-0.087599,89753.66,779770.427
688695,2026-08-10,20.24,0.027410999999999998,20069.04,39932.669
688696,2026-08-10,73.71,0.09329599999999999,24678.09,177494.347
688697,2026-08-10,14.72,0.007529,118591.87,174370.445
688698,2026-08-10,48.72,-0.027739,32789.45,160461.135
688699,2026-08-10,61.45,-0.023828000000000002,45488.88,277801.838
688700,2026-08-10,59.05,-0.059564000000000006,241735.23,1409884.764
688701,2026-08-10,8.22,0.060645,38072.74,30270.866
688702,2026-08-10,403.96,0.004876,88313.78,3530048.54
688707,2026-08-10,10.86,0.012116,58114.16,62953.775
688708,2026-08-10,46.55,0.002801,8939.1,41504.008
688709,2026-08-10,27.01,-0.004056000000000001,45368.29,121590.795
688710,2026-08-10,89.01,-0.018525,62199.02,565651.379
688711,2026-08-10,24.91,-0.029984,96517.71,241171.021
688712,2026-08-10,34.82,0.001438,43052.59,150137.292
688716,2026-08-10,29.08,-0.014905,20394.85,59321.412
688717,2026-08-10,59.49,-0.003518,45982.25,272887.831
688718,2026-08-10,13.87,0.023616,17435.19,23873.331
688719,2026-08-10,48.05,-0.013347,36507.69,174001.762
688720,2026-08-10,66.47,0.01172,58264.25,383164.445
688721,2026-08-10,41.02,0.025756,54062.84,219663.054
688722,2026-08-10,14.48,0.011172999999999999,39977.86,57418.275
688726,2026-08-10,43.84,-0.008145,69222.35,304014.388
688727,2026-08-10,49.69,0.043907999999999996,75169.12,364849.268
688728,2026-08-10,16.19,-0.012202999999999999,365635.83,584698.244
688729,2026-08-10,27.51,0.031883,396252.75,1072302.577
688733,2026-08-10,28.82,-0.006549,44378.05,127339.123
688737,2026-08-10,18.64,0.0010739999999999999,12714.66,23658.26
688739,2026-08-10,20.66,0.004864,25925.15,53647.482
688750,2026-08-10,15.03,0.02106,42064.7,62433.575
688755,2026-08-10,26.98,-0.014969,18680.41,50779.018
688757,2026-08-10,32.41,-0.034267,95292.13,308289.408
688758,2026-08-10,29.65,0.023473,205817.81,611144.159
688759,2026-08-10,25.73,0.014190000000000001,76915.2,196312.029
688765,2026-08-10,38.92,0.004128,65377.26,256030.504
688766,2026-08-10,374.5,-0.048598999999999996,173721.13,6420812.171
688767,2026-08-10,38.84,-0.003592,18113.16,69528.527
688768,2026-08-10,45.28,-0.008757000000000001,5203.41,23374.128
688772,2026-08-10,14.69,0.025122,238070.12,344516.714
688775,2026-08-10,133.4,-0.011486000000000001,36898.27,493842.142
688776,2026-08-10,51.28,0.007862000000000001,16098.24,81765.059
688777,2026-08-10,103.0,-0.004639,147240.25,1507672.902
688778,2026-08-10,49.12,0.03585,91734.63,445765.561
688779,2026-08-10,8.01,0.015208999999999999,299120.75,240503.9
688781,2026-08-10,37.69,-0.014898,15960.31,60423.167
688783,2026-08-10,31.65,-0.010938000000000002,307174.09,975519.136
688785,2026-08-10,277.0,0.012575000000000001,7671.97,210435.504
688786,2026-08-10,27.5,-0.031008,59228.68,162968.915
688787,2026-08-10,109.42,-0.021288,19096.13,208962.096
688788,2026-08-10,30.91,-0.014664,29266.47,89861.218
688789,2026-08-10,45.93,0.018629,18559.71,84401.289
688790,2026-08-10,96.87,0.007488,3664.83,35270.552
688793,2026-08-10,19.65,0.119658,62495.97,115010.637
688795,2026-08-10,573.97,-0.040007,15168.29,879458.927
688796,2026-08-10,137.0,0.052874,65271.52,909762.891
688797,2026-08-10,351.8,0.036016,54362.8,1924465.341
688798,2026-08-10,55.22,-0.017787,26635.55,147614.237
688799,2026-08-10,46.19,-0.017861000000000002,41322.92,193328.067
688800,2026-08-10,55.09,-0.055222,147704.42,820401.65
688802,2026-08-10,715.01,-0.019298,10424.36,752074.6
688805,2026-08-10,40.6,-0.0179,11762.16,47888.791
688806,2026-08-10,27.95,-0.008514,135771.25,384944.853
688807,2026-08-10,247.1,-0.027164999999999998,19097.86,471508.431
688808,2026-08-10,2139.0,-0.036486,11198.54,2354364.687
688809,2026-08-10,483.98,0.001967,16829.73,805246.812
688811,2026-08-10,23.03,-0.019583,65131.56,149825.003
688813,2026-08-10,118.2,-0.08365,101891.48,1215236.361
688816,2026-08-10,50.58,-0.001776,2962.2,14959.984
688818,2026-08-10,50.8,0.004946,154904.87,768741.903
688819,2026-08-10,22.26,0.00406,29122.19,64378.08
688820,2026-08-10,139.89,-0.006745,116951.79,1622396.792
688825,2026-08-10,51.3,-0.022484999999999998,5033976.78,25674383.815
688981,2026-08-10,126.25,-0.017509999999999998,427653.67,5374581.058
689009,2026-08-10,42.35,0.056373,129196.83,538071.465
920000,2026-08-10,15.47,0.08030699999999999,35381.14,54179.25348
920001,2026-08-10,11.95,-0.005824,12173.43,14521.5897
920002,2026-08-10,55.95,-0.011484000000000001,10822.0,60940.63767
920003,2026-08-10,17.0,0.008304,3461.4,5880.75805
920005,2026-08-10,25.37,0.010354,2202.06,5553.84412
920006,2026-08-10,17.95,0.069726,37474.34,65577.71345
920007,2026-08-10,37.41,0.011081,1955.77,7288.59804
920008,2026-08-10,20.25,0.016056,7471.51,15008.36974
920009,2026-08-10,37.02,-0.01201,6615.03,25191.49049
920010,2026-08-10,8.62,0.0034920000000000003,39344.72,33650.15976
920011,2026-08-10,19.52,0.001026,7010.0,13616.98295
920012,2026-08-10,48.65,-0.014184,10518.35,50824.46984
920014,2026-08-10,9.03,0.012332000000000001,19668.82,17669.60704
920015,2026-08-10,44.51,-0.027315999999999997,19232.17,86071.4971
920016,2026-08-10,12.97,0.017255,7193.91,9304.26882
920017,2026-08-10,17.79,-0.002803,63509.39,115479.99109
920018,2026-08-10,16.9,-0.0011819999999999999,21777.37,37020.58978
920019,2026-08-10,15.19,-0.014276,32650.27,49539.53364
920020,2026-08-10,15.49,-0.022713,5893.37,9214.83669
920021,2026-08-10,7.38,-0.02122,124023.48,91954.62742
920022,2026-08-10,19.78,0.011247,1516.31,2987.52866
920023,2026-08-10,1.92,0.010526,73207.46,13868.2698
920026,2026-08-10,18.23,-0.013528,7868.19,14346.79202
920027,2026-08-10,11.79,0.015504,10759.07,12631.63024
920028,2026-08-10,14.14,-0.007719,7584.96,10712.51037
920029,2026-08-10,35.25,0.010898000000000001,8588.89,30156.79967
920030,2026-08-10,4.51,0.018059000000000002,14538.33,6547.20987
920033,2026-08-10,14.58,-0.005457,8296.41,12179.57129
920035,2026-08-10,24.43,0.009504,5730.84,13952.91461
920036,2026-08-10,31.15,-0.016109,6305.84,19482.88605
920037,2026-08-10,43.75,0.064477,24452.66,104554.94196
920038,2026-08-10,46.06,0.006776,78222.56,361261.00257
920039,2026-08-10,8.05,0.003741,5914.31,4752.09911
920045,2026-08-10,338.98,-0.0059240000000000004,13045.0,433236.82339
920046,2026-08-10,22.68,0.002653,63954.81,147935.80647
920047,2026-08-10,18.09,-0.012555,77836.92,144815.98414
920050,2026-08-10,29.05,-0.003089,4613.94,13328.79692
920055,2026-08-10,27.77,-0.001797,4984.84,13764.41047
920056,2026-08-10,17.07,0.018496,4117.18,6985.32474
920057,2026-08-10,5.04,0.028571,19763.65,9874.26258
920058,2026-08-10,27.67,-0.035216,8482.32,24035.08234
920060,2026-08-10,22.88,-0.030097,27574.07,63175.42159
920061,2026-08-10,18.8,-0.039346,27221.72,51645.80721
920062,2026-08-10,7.86,0.030144,30513.52,23772.17595
920065,2026-08-10,38.18,-0.010625,25075.31,95649.77619
920066,2026-08-10,17.12,0.013617999999999998,4136.85,7057.15534
920068,2026-08-10,15.95,0.028369,23578.72,37107.87672
920069,2026-08-10,34.93,-0.003992,10910.04,39264.42877
920072,2026-08-10,28.33,-0.023103,26733.96,76355.25425
920075,2026-08-10,15.93,0.015296,7062.65,11193.97682
920076,2026-08-10,12.94,0.0007729999999999999,4144.34,5378.06778
920077,2026-08-10,14.78,0.015109999999999998,40002.71,59206.01775
920078,2026-08-10,20.43,-0.034043000000000004,22608.83,46366.9826
920079,2026-08-10,14.8,-0.003367,44083.63,65125.07881
920080,2026-08-10,21.85,0.013921,1492.33,3246.5768
920081,2026-08-10,40.49,-0.011957,11469.81,46492.57314
920082,2026-08-10,8.53,0.020335000000000002,14683.0,12429.06418
920083,2026-08-10,33.78,-0.030425,27468.68,92460.66115
920086,2026-08-10,21.58,-0.005071,6097.68,13162.16308
920087,2026-08-10,11.49,-0.012038,89430.01,102748.23662
920088,2026-08-10,44.44,-0.02927,47264.79,214908.59456
920089,2026-08-10,10.5,0.001908,8234.3,8625.78103
920090,2026-08-10,3.9,-0.015152,69235.84,27223.53297
920091,2026-08-10,31.23,0.000962,4548.41,14193.29452
920092,2026-08-10,30.6,-0.039849,44146.39,134690.96803
920096,2026-08-10,36.62,-0.023727,13885.36,50654.36196
920098,2026-08-10,17.57,-0.002271,6116.79,10751.12116
920099,2026-08-10,19.49,0.008277,6685.69,13036.7099
920100,2026-08-10,35.38,-0.023731,13497.95,47832.425
920101,2026-08-10,17.42,0.01397,3935.54,6832.00106
920106,2026-08-10,37.88,0.009595,5457.75,20694.16975
920108,2026-08-10,9.23,0.014286,7683.45,7056.94164
920110,2026-08-10,26.55,0.015296,1644.15,4343.30838
920111,2026-08-10,27.4,0.000365,13624.34,37281.37816
920112,2026-08-10,17.01,0.027174,6862.57,11729.09064
920116,2026-08-10,51.9,-0.011429,27351.35,141600.46642
920117,2026-08-10,34.49,0.056032,104960.41,358588.65098
920118,2026-08-10,20.17,0.021783,6584.3,13215.71716
920119,2026-08-10,49.85,-0.006972000000000001,2548.8,12741.05507
920121,2026-08-10,28.46,0.00388,1458.59,4135.57821
920122,2026-08-10,23.19,0.012664,11163.49,25839.27092
920123,2026-08-10,11.1,0.015553999999999998,16636.3,18506.8268
920124,2026-08-10,12.91,-0.003858,8534.72,11023.84
920125,2026-08-10,138.0,-0.041001,22833.01,320144.69901
920126,2026-08-10,10.6,-0.012116,20581.71,21827.18214
920128,2026-08-10,18.46,-0.011777,9631.09,17742.26549
920130,2026-08-10,19.71,-0.020377999999999997,52964.74,105163.64173
920132,2026-08-10,8.67,0.0058,5336.07,4631.80849
920136,2026-08-10,21.6,-0.008264,22978.56,49146.0277
920139,2026-08-10,15.38,-0.005818,41333.15,63437.30115
920145,2026-08-10,10.16,0.008937,5888.75,6019.92065
920146,2026-08-10,5.12,0.01992,18528.78,9428.31649
920149,2026-08-10,8.11,0.012484,6891.2,5568.92655
920152,2026-08-10,13.74,-0.005069000000000001,5937.23,8120.40028
920156,2026-08-10,39.99,-0.021771,10775.61,43007.30637
920158,2026-08-10,8.54,0.017878,17996.56,15256.87155
920159,2026-08-10,28.94,-0.006181,5828.79,16948.99091
920160,2026-08-10,20.02,0.015213,10602.15,21397.0096
920161,2026-08-10,24.74,-0.030184000000000002,34087.58,84159.4926
920163,2026-08-10,11.25,-0.0017749999999999999,7062.14,8025.58197
920166,2026-08-10,22.06,-0.04087,19830.61,45506.85795
920167,2026-08-10,15.39,0.0,8616.16,13233.5316
920168,2026-08-10,16.03,0.013915,2778.04,4443.08007
920169,2026-08-10,19.1,0.020844,19884.36,37623.60637
920171,2026-08-10,17.18,-0.013777,11868.19,20497.74552
920174,2026-08-10,29.38,0.015204,15215.57,44580.34203
920175,2026-08-10,8.22,0.0,13775.06,11283.64733
920176,2026-08-10,77.0,-0.049382999999999996,28818.71,237091.14382
920177,2026-08-10,25.27,0.003574,2652.61,6658.64253
920178,2026-08-10,112.21,0.019905,23826.56,264884.13728
920179,2026-08-10,61.49,0.10514,74447.64,429569.44463
920180,2026-08-10,12.18,-0.004902,8602.03,10495.52068
920181,2026-08-10,72.14,-0.019571,8317.71,59679.52115
920183,2026-08-10,29.68,0.009181,4069.64,12130.00305
920184,2026-08-10,11.76,-0.0033900000000000002,9798.43,11551.09419
920185,2026-08-10,21.67,-0.00046100000000000004,41213.92,89485.45286
920186,2026-08-10,76.07,0.017659,57154.92,429077.32926
920187,2026-08-10,19.93,-0.0034999999999999996,7284.91,14579.72094
920188,2026-08-10,23.48,0.055755,10855.9,24876.14709
920189,2026-08-10,21.97,-0.019196,45654.05,100381.56178
920190,2026-08-10,25.69,-0.007342,34847.95,88814.40318
920191,2026-08-10,9.0,0.006711,8753.24,7839.25158
920193,2026-08-10,35.29,-0.00982,77274.47,275382.65465
920195,2026-08-10,12.46,0.003221,5088.38,6330.05309
920198,2026-08-10,8.02,0.010076,23586.15,18670.04149
920199,2026-08-10,27.18,-0.042621,25741.23,71525.89888
920200,2026-08-10,30.49,-0.045995,23337.71,71332.90388
920204,2026-08-10,13.07,-0.024627,11387.9,14969.62669
920206,2026-08-10,34.9,-0.027854999999999998,8972.79,31375.58775
920207,2026-08-10,23.57,-0.029242,42214.69,102001.82748
920208,2026-08-10,12.72,0.015974,19728.29,25039.37396
920211,2026-08-10,109.05,-0.049508,8224.53,90427.20792
920212,2026-08-10,9.55,0.002099,7546.62,7189.24139
920218,2026-08-10,18.4,0.026213,23616.51,42486.36804
920220,2026-08-10,42.0,-0.022119,6316.43,26539.48229
920221,2026-08-10,13.32,-0.00374,9632.13,12787.54599
920222,2026-08-10,30.5,0.070551,50023.68,151076.45198
920223,2026-08-10,11.45,-0.029661,14060.67,16219.21525
920225,2026-08-10,14.72,-0.02452,14844.45,21975.32514
920227,2026-08-10,50.29,-0.013148,3398.76,17109.34228
920230,2026-08-10,11.11,0.023963,60914.03,70761.39941
920237,2026-08-10,13.27,0.015302,11179.9,14771.23686
920238,2026-08-10,73.58,-0.031587000000000004,42209.06,308066.66756
920239,2026-08-10,22.78,-0.004371,10063.25,22995.64587
920242,2026-08-10,14.08,0.0,3364.44,4769.70058
920245,2026-08-10,13.09,0.010811,5463.54,7159.49756
920247,2026-08-10,14.89,-0.007332999999999999,13765.84,20437.83146
920249,2026-08-10,9.16,-0.009729999999999999,37822.73,34570.91874
920252,2026-08-10,16.29,0.0036969999999999998,17455.95,28497.25822
920258,2026-08-10,13.3,-0.019174,69045.91,92094.18721
920260,2026-08-10,8.05,0.021574,6813.86,5438.08786
920261,2026-08-10,13.76,-0.0036209999999999997,11255.13,15516.68314
920262,2026-08-10,14.47,0.004164,14685.9,21346.21501
920263,2026-08-10,7.27,0.009722,8606.06,6249.41661
920266,2026-08-10,7.65,-0.031646,63555.02,50007.95771
920267,2026-08-10,18.15,-0.037646,25451.53,46565.59244
920270,2026-08-10,12.27,0.001633,7343.71,9082.14806
920271,2026-08-10,9.82,0.011329,11838.09,11510.87988
920273,2026-08-10,17.5,0.012731,22918.88,40285.53725
920274,2026-08-10,15.47,0.003243,7944.29,12337.19285
920275,2026-08-10,6.82,0.01791,12282.95,8446.6568
920278,2026-08-10,6.39,0.014286,22451.31,14381.77504
920284,2026-08-10,18.67,-0.00797,32165.75,61070.14244
920299,2026-08-10,16.72,0.001198,17655.31,29783.55241
920300,2026-08-10,9.81,0.0010199999999999999,13773.37,13650.01417
920304,2026-08-10,8.95,0.03708,24797.78,22108.75341
920339,2026-08-10,11.58,0.017575,13205.87,15092.81798
920344,2026-08-10,19.59,-0.015578000000000002,18624.01,37415.92453
920346,2026-08-10,15.37,0.0,4056.86,6278.78966
920351,2026-08-10,11.76,0.018182,9059.8,10591.77483
920357,2026-08-10,16.56,-0.020118,26348.06,43252.7463
920363,2026-08-10,10.58,0.0028439999999999997,11520.4,12129.3678
920367,2026-08-10,24.74,0.009796000000000001,94272.97,243938.58278
920368,2026-08-10,25.2,-0.003953,29239.97,73855.11818
920370,2026-08-10,2.72,0.011152,20048.26,5429.75096
920371,2026-08-10,7.23,0.012605,16966.14,12252.95715
920374,2026-08-10,15.54,0.006477,5681.13,8795.01185
920375,2026-08-10,7.66,0.0,19616.28,15073.54934
920378,2026-08-10,7.34,-0.001361,8336.92,6092.75407
920392,2026-08-10,13.8,0.0029070000000000003,2990.17,4149.46465
920394,2026-08-10,46.05,-0.023950999999999997,10935.75,50671.56846
920395,2026-08-10,7.21,0.009804,7361.89,5330.41143
920396,2026-08-10,21.55,0.010787999999999999,29356.61,63180.2035
920402,2026-08-10,9.14,-0.016146,68598.61,62446.17707
920403,2026-08-10,19.17,0.000522,26117.39,50087.31287
920405,2026-08-10,18.48,0.073171,19612.26,36012.55175
920407,2026-08-10,10.9,0.022514,7864.99,8536.42785
920414,2026-08-10,8.31,0.019632,14359.29,11862.80764
920415,2026-08-10,9.21,-0.006472,16562.36,15264.95713
920418,2026-08-10,19.5,-0.0010249999999999999,12450.65,24289.93013
920419,2026-08-10,10.85,0.03235,13057.41,14059.46312
920422,2026-08-10,9.55,0.0031509999999999997,17606.78,16863.77457
920425,2026-08-10,14.63,-0.010148999999999998,10918.24,15984.79411
920427,2026-08-10,8.83,0.014943,12406.05,10880.93487
920429,2026-08-10,9.31,0.016375999999999998,10643.4,9871.98374
920433,2026-08-10,4.94,-0.013972,47659.2,23899.63861
920436,2026-08-10,10.65,0.009479,4545.42,4814.20418
920438,2026-08-10,114.84,-0.076106,53331.71,626267.41606
920445,2026-08-10,6.65,0.019939,25809.28,17101.22529
920454,2026-08-10,11.13,0.011818,6712.41,7443.66098
920455,2026-08-10,5.94,0.013652,5360.51,3162.28313
920469,2026-08-10,5.68,0.0053100000000000005,17851.7,10131.52834
920471,2026-08-10,11.45,0.004386,9362.35,10724.06756
920475,2026-08-10,11.87,-0.029436,12308.11,14787.32204
920476,2026-08-10,22.8,-0.013413999999999999,14445.27,33691.50681
920478,2026-08-10,11.79,-0.049194,112394.24,138994.71596
920489,2026-08-10,13.9,0.006516999999999999,49023.47,67678.90648
920491,2026-08-10,23.19,-0.030518,28839.78,67609.0716
920493,2026-08-10,120.21,-0.028763,17077.52,206488.58327
920496,2026-08-10,6.53,0.012402999999999999,14958.41,9722.18195
920504,2026-08-10,18.6,0.068966,20951.53,39991.79152
920505,2026-08-10,30.76,-0.048267,31579.77,97849.49465
920508,2026-08-10,15.4,0.012492000000000001,5508.0,8498.86434
920509,2026-08-10,20.58,0.002435,25027.06,51094.04412
920510,2026-08-10,22.75,-0.063786,87983.85,201865.5596
920519,2026-08-10,10.12,0.0059640000000000006,7831.08,7921.86818
920522,2026-08-10,22.64,0.003546,57501.75,131230.38239
920523,2026-08-10,15.91,0.009518,8416.78,13360.52983
920526,2026-08-10,21.0,0.029411999999999997,33517.45,70169.86412
920527,2026-08-10,14.17,0.015771,9681.12,13652.35258
920533,2026-08-10,18.25,-0.002187,10079.62,18397.31885
920541,2026-08-10,9.84,0.006135000000000001,4097.19,4028.64136
920547,2026-08-10,18.74,-0.007415000000000001,7223.07,13669.20099
920553,2026-08-10,6.9,0.040724,33253.89,22892.66552
920556,2026-08-10,6.85,0.008837000000000001,19762.56,13526.3373
920564,2026-08-10,14.61,-0.0027300000000000002,6617.67,9623.30042
920566,2026-08-10,10.04,-0.0069240000000000005,33833.02,34317.96601
920570,2026-08-10,25.2,0.017771,9290.91,23431.30645
920571,2026-08-10,8.88,0.014857,118827.88,104763.79919
920575,2026-08-10,4.85,-0.072658,113142.69,56093.15213
920576,2026-08-10,46.1,0.00392,23080.74,104629.91263
920578,2026-08-10,17.09,0.004703,14391.54,24511.42913
920579,2026-08-10,15.35,0.005898,9073.11,13852.79075
920580,2026-08-10,11.51,-0.0008680000000000001,20270.76,23289.34309
920592,2026-08-10,21.5,-0.009217,11928.31,25691.2247
920593,2026-08-10,25.33,-0.022761999999999998,18755.72,47626.85061
920599,2026-08-10,17.08,0.002347,21212.41,36191.696
920608,2026-08-10,13.8,0.001451,2422.76,3358.59355
920627,2026-08-10,14.57,0.013212999999999999,10896.27,15841.74137
920634,2026-08-10,18.02,-0.012060999999999999,25390.49,46064.0851
920639,2026-08-10,6.32,0.011200000000000002,19387.99,12213.62936
920640,2026-08-10,28.06,-0.007428000000000001,27930.32,77987.21621
920641,2026-08-10,12.98,0.007764,8934.36,11546.19739
920642,2026-08-10,10.92,0.024390000000000002,34151.03,36939.73125
920651,2026-08-10,22.06,-0.017809,6687.48,14858.65777
920656,2026-08-10,14.22,-0.004202,5568.77,7962.29548
920662,2026-08-10,19.19,-0.042893,24259.8,46396.19358
920663,2026-08-10,12.88,0.007037,4590.36,5882.36188
920665,2026-08-10,9.0,0.006711,12281.83,10986.58468
920670,2026-08-10,13.83,0.021418,37699.02,52369.28406
920675,2026-08-10,7.45,0.021948,15411.33,11441.65835
920679,2026-08-10,15.86,0.015365,2064.26,3256.29217
920682,2026-08-10,5.89,0.010291999999999999,19171.61,11275.29002
920685,2026-08-10,12.83,-0.011556,44161.59,57836.95851
920689,2026-08-10,20.33,0.001971,3937.9,7979.92118
920690,2026-08-10,18.77,-0.004244,27952.84,52483.80682
920693,2026-08-10,23.79,0.0025280000000000003,4550.46,10722.84048
920694,2026-08-10,14.37,0.006303,3512.35,5050.62697
920699,2026-08-10,82.4,0.15584199999999998,27072.34,213115.95267
920701,2026-08-10,13.61,-0.019452,29959.59,41492.43865
920703,2026-08-10,9.68,0.010438000000000001,4360.12,4232.66557
920706,2026-08-10,15.25,0.048831,21570.83,32390.68569
920717,2026-08-10,8.14,0.0049380000000000005,17086.4,13858.74169
920718,2026-08-10,9.91,0.010194000000000002,7093.75,7018.7373
920719,2026-08-10,8.04,0.021601,12087.5,9632.1733
920720,2026-08-10,9.82,0.005118,9879.08,9665.44001
920725,2026-08-10,76.07,-0.029596,43890.8,328404.08942
920726,2026-08-10,16.62,0.023399,40579.0,67612.51417
920729,2026-08-10,6.88,0.031484,17331.66,11908.2885
920735,2026-08-10,24.9,0.002012,42203.05,106927.96861
920748,2026-08-10,24.41,-0.025938,15280.81,37330.0562
920751,2026-08-10,17.31,-0.006314999999999999,5387.97,9342.12172
920753,2026-08-10,15.54,0.009091,5087.68,7905.90448
920765,2026-08-10,12.29,0.000814,7425.51,9145.98455
920768,2026-08-10,7.16,0.004208,11335.95,8087.66981
920770,2026-08-10,10.74,-0.003711,16124.29,17300.81273
920779,2026-08-10,25.34,0.047107,17694.2,44640.49064
920781,2026-08-10,5.89,0.013769,20165.67,11799.88268
920786,2026-08-10,7.17,0.034632,164773.77,118468.37297
920790,2026-08-10,23.81,-0.02458,24208.76,58487.16783
920792,2026-08-10,10.05,0.003996,2801.88,2806.69276
920799,2026-08-10,30.48,-0.009425,22655.08,69214.72235
920802,2026-08-10,10.72,0.022900999999999998,6079.58,6468.87722
920806,2026-08-10,10.51,-0.008491,22545.72,23690.77426
920807,2026-08-10,10.1,-0.009804,50641.65,51234.14152
920808,2026-08-10,60.87,-0.026547,16004.14,97729.67689
920809,2026-08-10,7.93,-0.00875,98759.37,78655.3129
920810,2026-08-10,8.82,-0.014525,13282.68,11804.00696
920819,2026-08-10,2.84,0.021583,59118.46,16727.46075
920821,2026-08-10,19.17,-0.037167,50285.2,95753.65672
920826,2026-08-10,8.3,0.025958000000000002,28905.47,23849.71482
920832,2026-08-10,6.39,0.03231,11514.0,7298.74596
920833,2026-08-10,8.8,0.003421,8152.62,7187.16502
920834,2026-08-10,9.13,0.006614999999999999,22161.92,19997.4871
920837,2026-08-10,9.95,0.015306,9409.25,9323.94655
920839,2026-08-10,25.28,0.004769,3976.53,9957.28207
920855,2026-08-10,12.44,0.010561000000000001,1335.58,1653.56136
920856,2026-08-10,11.49,0.015018,13699.87,15642.42473
920857,2026-08-10,19.55,-0.001532,9360.94,18166.23268
920866,2026-08-10,6.04,0.013423000000000001,21299.78,12753.27708
920870,2026-08-10,12.53,0.104938,54727.18,68646.33892
920871,2026-08-10,11.27,0.00625,4646.27,5198.04133
920873,2026-08-10,7.48,0.010811,12779.18,9575.1243
920876,2026-08-10,16.48,-0.002421,6116.46,10062.58579
920879,2026-08-10,13.33,0.010613999999999998,9583.44,12701.07498
920885,2026-08-10,13.02,0.027624,27701.92,35364.60247
920892,2026-08-10,10.51,0.008637,4271.37,4480.84557
920895,2026-08-10,12.86,0.019017,4772.14,6104.43773
920896,2026-08-10,12.41,0.004045,3859.6,4782.01334
920906,2026-08-10,16.87,0.008971,6761.01,11376.63379
920914,2026-08-10,19.48,0.033422,31529.07,62299.45191
920924,2026-08-10,15.51,-0.025141,33243.03,51526.72115
920925,2026-08-10,12.77,-0.016179,21067.0,27053.09172
920926,2026-08-10,10.65,0.014286,4597.86,4877.98271
920931,2026-08-10,9.84,0.007165,4301.54,4234.14464
920932,2026-08-10,12.64,-0.014041,18962.46,24073.22254
920942,2026-08-10,18.24,0.035775,15891.82,28773.74483
920943,2026-08-10,17.29,0.052343,41892.46,70637.25277
920946,2026-08-10,9.41,-0.004233,35045.24,33369.27979
920950,2026-08-10,12.97,0.00777,1651.37,2137.97193
920953,2026-08-10,24.81,0.00486,16367.14,40468.80578
920957,2026-08-10,9.57,0.018085,10507.33,9959.18534
920961,2026-08-10,19.87,-0.0345,35025.73,69155.33915
920964,2026-08-10,4.57,0.015556,18375.36,8347.68354
920970,2026-08-10,6.51,0.081395,125973.21,83391.65845
920971,2026-08-10,26.27,-0.019776000000000002,36714.6,95767.50593
920974,2026-08-10,6.23,0.011364,10955.74,6792.8782
920976,2026-08-10,18.03,-0.014215,11318.22,20501.37256
920978,2026-08-10,20.29,0.004455,8146.18,16480.7221
920981,2026-08-10,29.92,-0.032342,25340.83,75759.6276
920982,2026-08-10,136.29,0.015347,21054.87,293567.58669
920985,2026-08-10,4.84,0.012552,22881.61,11046.94965
920992,2026-08-10,12.1,-0.006568000000000001,7866.95,9545.45992
