symbol,date,close,ret,vol,amount
000001,2026-02-05,11.09,0.010939,1177591.09,1301134.142
000002,2026-02-05,4.88,-0.004082,2140934.2,1043758.918
000004,2026-02-05,10.28,-0.049908,3930.0,4040.04
000006,2026-02-05,9.0,-0.006623,171485.16,155042.262
000007,2026-02-05,11.19,-0.000893,48128.01,54129.483
000008,2026-02-05,2.95,-0.016667,346036.09,102702.507
000009,2026-02-05,9.38,-0.014705999999999999,205345.83,192627.344
000010,2026-02-05,3.76,0.044444,650160.0,244560.453
000011,2026-02-05,9.13,-0.002186,72781.49,66612.611
000012,2026-02-05,4.69,-0.016771,299525.7,140994.518
000014,2026-02-05,13.37,0.0022489999999999997,58262.0,78143.239
000016,2026-02-05,3.57,-0.067885,1334089.11,485479.38
000017,2026-02-05,7.53,0.0,156520.69,118367.808
000019,2026-02-05,7.2,-0.0055249999999999995,118322.9,85435.569
000020,2026-02-05,15.21,-0.011696,54507.98,83472.401
000021,2026-02-05,27.4,-0.03351,726230.54,1979919.638
000025,2026-02-05,18.32,-0.007584,80986.14,148814.109
000026,2026-02-05,15.54,-0.008296,27617.01,43007.305
000027,2026-02-05,6.7,-0.013255,202098.46,135466.218
000028,2026-02-05,26.49,-0.003011,38420.86,101868.858
000029,2026-02-05,23.08,0.010508,126397.0,292603.108
000030,2026-02-05,5.4,-0.00369,120711.8,65337.121
000031,2026-02-05,3.73,-0.013228,689766.0,256925.716
000032,2026-02-05,19.86,-0.024558,158391.87,314940.409
000034,2026-02-05,35.96,-0.020964,138860.16,501101.216
000035,2026-02-05,6.03,-0.014705999999999999,271689.51,163989.691
000036,2026-02-05,5.58,-0.017606,539267.04,302415.499
000037,2026-02-05,9.4,0.0,194761.01,185370.999
000039,2026-02-05,11.29,-0.010517,1899683.56,2153429.171
000042,2026-02-05,8.98,-0.002222,86795.04,78147.251
000045,2026-02-05,12.44,-0.009554,46771.0,58301.915
000048,2026-02-05,18.02,0.0,112565.0,203162.909
000049,2026-02-05,25.79,-0.010740000000000001,34143.57,88033.366
000050,2026-02-05,9.33,-0.012698000000000001,291786.99,271305.994
000055,2026-02-05,3.96,-0.0075190000000000005,133721.65,53358.845
000056,2026-02-05,2.07,0.101064,1606652.62,326167.204
000058,2026-02-05,9.16,-0.012931,116823.19,107630.293
000059,2026-02-05,5.81,-0.020236,274234.9,160539.219
000060,2026-02-05,6.87,-0.036466,1980543.37,1363420.779
000061,2026-02-05,9.26,-0.005371,162578.34,151084.71
000062,2026-02-05,24.39,-0.016929,97018.25,236433.762
000063,2026-02-05,36.57,-0.014817,643204.7,2356087.797
000065,2026-02-05,12.45,-0.023529,170030.08,212993.655
000066,2026-02-05,15.86,-0.015518,626971.58,998068.972
000068,2026-02-05,3.51,-0.014045,107917.48,38216.016
000069,2026-02-05,2.77,-0.0035970000000000004,861281.72,238253.142
000070,2026-02-05,14.16,0.047337,2696473.27,3813907.495
000078,2026-02-05,3.69,-0.026385000000000002,934737.93,347359.727
000088,2026-02-05,4.53,-0.004396,299117.24,136076.942
000089,2026-02-05,7.3,-0.001368,159377.0,116229.371
000090,2026-02-05,3.98,-0.007481,261215.24,104123.898
000096,2026-02-05,11.08,-0.013357,59937.01,66828.505
000099,2026-02-05,20.05,-0.011828,79834.9,160596.923
000100,2026-02-05,4.97,0.010163,4845379.4,2379647.366
000151,2026-02-05,13.6,0.005917,56393.0,76941.776
000153,2026-02-05,6.64,-0.0015040000000000001,68634.8,45745.307
000155,2026-02-05,12.33,-0.047141,430758.48,536970.443
000156,2026-02-05,8.74,0.015099,300118.46,261918.858
000157,2026-02-05,9.37,-0.007415000000000001,843041.18,787101.469
000158,2026-02-05,19.96,-0.005481000000000001,145587.63,290786.695
000159,2026-02-05,6.78,-0.035562,214844.0,147567.008
000166,2026-02-05,5.1,0.0039369999999999995,961807.39,489487.329
000301,2026-02-05,12.53,-0.013386,235759.65,297229.572
000333,2026-02-05,80.45,0.008019,429197.91,3456314.703
000338,2026-02-05,24.43,-0.030171,955648.94,2354299.137
000400,2026-02-05,29.5,-0.058711,462702.93,1381518.377
000401,2026-02-05,5.3,0.007605,402418.47,212489.706
000402,2026-02-05,2.92,0.0,439870.02,128550.539
000403,2026-02-05,13.66,0.001466,84148.47,115078.642
000404,2026-02-05,7.1,0.004243,118271.5,84150.389
000407,2026-02-05,5.04,-0.015625,389268.07,196907.72
000408,2026-02-05,82.56,-0.048519,186765.95,1551724.579
000409,2026-02-05,11.67,-0.008496,88358.63,103597.261
000410,2026-02-05,7.35,-0.029062,224123.84,165772.432
000411,2026-02-05,12.25,-0.0089,61265.78,75020.466
000415,2026-02-05,4.77,0.034707,1333782.42,626623.801
000417,2026-02-05,8.65,0.021251000000000003,505490.57,432773.502
000419,2026-02-05,6.72,0.009009,128169.99,85684.197
000420,2026-02-05,4.62,-0.017020999999999998,717371.0,332641.665
000421,2026-02-05,7.07,-0.0070220000000000005,90524.0,64088.107
000422,2026-02-05,15.14,-0.034439000000000004,375323.41,575081.103
000423,2026-02-05,55.3,0.00582,133954.22,739381.259
000425,2026-02-05,11.65,-0.000858,979613.9,1141841.639
000426,2026-02-05,50.02,-0.063296,1466969.16,7401186.923
000428,2026-02-05,3.95,0.025974,443149.25,174686.506
000429,2026-02-05,12.25,0.0016350000000000002,63860.5,78400.625
000430,2026-02-05,7.32,0.0027400000000000002,34926.0,25540.524
000488,2026-02-05,2.11,-0.004717,117469.5,24832.295
000498,2026-02-05,6.28,-0.003175,103403.0,65012.48
000501,2026-02-05,10.37,0.00582,141106.0,145770.187
000503,2026-02-05,9.36,-0.0063690000000000005,98291.2,92365.289
000504,2026-02-05,8.89,-0.008919,18095.0,16092.174
000505,2026-02-05,7.12,-0.004196,170557.0,121970.75
000506,2026-02-05,19.7,-0.064133,1067846.22,2113679.435
000507,2026-02-05,5.46,-0.005464,105111.69,57545.409
000509,2026-02-05,3.43,-0.0029070000000000003,132822.0,45727.681
000510,2026-02-05,14.94,-0.041693,574016.29,865259.469
000513,2026-02-05,35.61,0.0033810000000000003,56789.71,201796.523
000514,2026-02-05,5.19,-0.001923,222729.68,116171.883
000516,2026-02-05,4.95,-0.004024,311762.98,154680.326
000517,2026-02-05,2.05,0.004902,1022333.35,208074.456
000518,2026-02-05,2.67,0.011364,92997.6,24667.327
000519,2026-02-05,18.62,-0.021545,253926.46,475477.285
000520,2026-02-05,4.36,0.0,123230.0,53907.547
000521,2026-02-05,6.63,0.0015110000000000002,110627.55,73578.362
000523,2026-02-05,4.14,0.061538,2457651.87,1036095.157
000524,2026-02-05,13.04,0.008507,146649.08,191007.136
000525,2026-02-05,6.05,0.027164999999999998,470945.35,284666.301
000526,2026-02-05,38.38,0.014003000000000002,17543.1,67147.116
000528,2026-02-05,11.68,0.0,275912.74,322123.768
000529,2026-02-05,6.24,-0.0016,94685.87,59308.358
000530,2026-02-05,6.9,-0.018491999999999998,170357.0,118077.454
000531,2026-02-05,6.25,-0.015747999999999998,136862.79,85921.824
000532,2026-02-05,16.02,-0.000624,78081.74,124796.573
000533,2026-02-05,10.78,-0.033184,1944105.87,2137160.729
000534,2026-02-05,29.86,-0.037395,211675.02,631540.317
000536,2026-02-05,4.71,0.008565,480335.5,227129.108
000537,2026-02-05,8.54,-0.018391,162274.46,139310.51
000538,2026-02-05,57.13,0.013842,143499.87,818244.39
000539,2026-02-05,4.83,-0.010246,216564.0,104477.755
000541,2026-02-05,6.31,-0.009419,89208.94,56445.854
000543,2026-02-05,7.95,-0.016089,282616.22,225178.796
000544,2026-02-05,8.58,-0.0057940000000000005,34807.15,29891.489
000545,2026-02-05,2.88,-0.023729,336248.0,98286.441
000546,2026-02-05,5.67,-0.024096000000000003,240505.0,137128.848
000547,2026-02-05,32.0,-0.015385,4006807.04,12929821.762
000548,2026-02-05,5.81,-0.0068379999999999995,108907.92,63739.451
000550,2026-02-05,17.95,0.002793,35592.26,63765.007
000551,2026-02-05,15.29,-0.012274,167416.61,256842.194
000552,2026-02-05,2.48,-0.023622,880246.04,218374.008
000553,2026-02-05,6.0,-0.008264,69922.7,42126.56
000554,2026-02-05,7.85,-0.019975,397696.65,317378.499
000555,2026-02-05,17.42,0.006936,338311.44,585453.554
000557,2026-02-05,5.01,0.0,93023.8,46533.857
000558,2026-02-05,5.53,0.010969,635277.15,352494.478
000559,2026-02-05,16.65,-0.031414,846497.35,1414395.177
000560,2026-02-05,3.55,-0.01662,3120821.61,1110507.107
000561,2026-02-05,11.37,-0.020672000000000003,191642.87,219135.948
000563,2026-02-05,3.62,-0.002755,664654.26,240300.606
000564,2026-02-05,2.39,0.021368,3318744.09,790080.017
000565,2026-02-05,8.27,-0.01898,205281.08,172193.124
000566,2026-02-05,6.3,-0.006309,321231.0,203487.554
000567,2026-02-05,5.89,-0.0050680000000000005,117379.86,69156.391
000568,2026-02-05,125.46,-0.006651000000000001,158710.76,2005188.174
000570,2026-02-05,5.94,-0.011647000000000001,108328.95,64874.683
000571,2026-02-05,6.18,-0.040373,192198.23,119162.287
000572,2026-02-05,7.07,0.0,634434.53,449147.486
000573,2026-02-05,4.32,0.004651,261713.0,113812.104
000576,2026-02-05,10.63,-0.012999,83162.6,89199.222
000581,2026-02-05,20.85,-0.015116000000000001,72683.19,152009.115
000582,2026-02-05,9.77,-0.010132,256312.42,250862.87
000586,2026-02-05,14.3,-0.029851000000000003,69429.01,100395.312
000589,2026-02-05,5.12,-0.009670999999999999,306448.86,157501.33
000590,2026-02-05,11.5,0.018601,56384.42,64526.421
000591,2026-02-05,5.43,-0.052356,1758726.39,967190.893
000592,2026-02-05,11.83,0.100465,2349419.63,2721060.183
000593,2026-02-05,14.31,-0.025868000000000002,137108.68,197285.885
000595,2026-02-05,6.04,-0.016287,104279.02,63280.23
000596,2026-02-05,138.03,0.015673,66166.08,916333.175
000597,2026-02-05,5.25,-0.001901,83569.96,43868.116
000598,2026-02-05,7.24,0.005556,331543.54,238585.256
000599,2026-02-05,7.42,-0.058376000000000004,590079.19,441923.924
000600,2026-02-05,8.35,-0.022248,233888.24,196017.72
000601,2026-02-05,5.14,-0.011538,140111.0,72236.827
000603,2026-02-05,48.33,-0.052167000000000005,664297.6,3231006.826
000605,2026-02-05,7.17,-0.0041670000000000006,42902.2,30883.2
000607,2026-02-05,5.29,0.023211,995134.69,524151.459
000608,2026-02-05,3.73,-0.005333,348977.68,130621.304
000609,2026-02-05,7.84,0.049531,15327.0,12016.368
000610,2026-02-05,10.17,-0.034188,277186.97,283253.508
000612,2026-02-05,13.05,-0.044656,463639.76,609030.6
000615,2026-02-05,3.16,0.009585,105361.3,33415.336
000617,2026-02-05,8.93,-0.003348,418868.34,373651.345
000619,2026-02-05,6.6,-0.009009,89357.0,59442.419
000620,2026-02-05,3.2,-0.030303,1923692.86,614931.683
000623,2026-02-05,18.94,-0.007338,144679.91,273741.007
000625,2026-02-05,11.27,0.012579,758329.59,852549.49
000626,2026-02-05,7.68,-0.009032,54722.0,42412.896
000628,2026-02-05,48.35,-0.035892,46074.02,224968.383
000629,2026-02-05,3.67,-0.029101,1480900.63,546646.932
000630,2026-02-05,7.19,-0.061357999999999996,7393745.41,5379284.884
000631,2026-02-05,3.84,0.024,718159.31,274315.81
000632,2026-02-05,5.27,0.021318,573099.01,305972.04
000633,2026-02-05,7.66,-0.0013039999999999998,152354.1,117581.988
000635,2026-02-05,10.02,-0.023392,51622.0,52185.452
000636,2026-02-05,22.79,0.09990299999999999,994862.5,2170653.413
000637,2026-02-05,4.68,-0.018868,137712.0,65458.932
000638,2026-02-05,2.0,-0.047618999999999995,12021.0,2404.2
000639,2026-02-05,2.93,0.006873000000000001,580540.23,171932.449
000650,2026-02-05,5.95,-0.00335,154086.03,91674.403
000651,2026-02-05,38.92,0.001029,346114.83,1343643.649
000652,2026-02-05,4.28,0.0046949999999999995,332182.77,143960.098
000655,2026-02-05,9.99,-0.032914,96321.01,97168.656
000656,2026-02-05,1.44,-0.013699,1278523.68,184627.673
000657,2026-02-05,45.45,-0.030503,657583.79,2992487.524
000659,2026-02-05,4.42,-0.026432,332474.1,148704.139
000661,2026-02-05,91.15,-0.0028439999999999997,35896.25,327635.309
000663,2026-02-05,7.87,0.005109,188023.55,149894.427
000665,2026-02-05,5.56,0.007246,158775.85,88066.746
000668,2026-02-05,13.78,-0.033660999999999996,29336.13,40933.285
000669,2026-02-05,3.03,-0.013028999999999999,65562.2,19864.99
000670,2026-02-05,8.3,-0.021226,330980.43,275617.585
000672,2026-02-05,14.94,-0.017105,198632.65,296886.503
000676,2026-02-05,9.53,0.010604,575545.79,548006.372
000677,2026-02-05,4.03,-0.019465,253288.0,103008.073
000678,2026-02-05,13.4,-0.029689,111751.95,150908.23
000679,2026-02-05,7.33,0.016644000000000003,54471.0,39842.471
000680,2026-02-05,12.99,0.012471000000000001,317696.48,414951.356
000681,2026-02-05,26.24,-0.020895999999999998,464901.08,1223549.825
000682,2026-02-05,12.92,-0.055556,307991.5,402798.048
000683,2026-02-05,8.1,-0.021739,369548.95,301775.713
000685,2026-02-05,12.28,-0.028481,224778.22,277363.193
000686,2026-02-05,9.1,-0.001098,349752.41,317272.779
000688,2026-02-05,26.09,-0.059820000000000005,197609.15,520679.61
000690,2026-02-05,4.36,-0.009091,316271.0,137942.766
000691,2026-02-05,8.66,-0.0057410000000000004,61398.0,53062.459
000692,2026-02-05,3.8,-0.002625,122373.0,46695.272
000695,2026-02-05,12.5,0.0008010000000000001,76600.0,96185.388
000697,2026-02-05,8.79,-0.005656,39991.0,35334.111
000698,2026-02-05,3.81,-0.012953,94067.0,36024.468
000700,2026-02-05,14.74,-0.000678,729154.69,1080537.415
000701,2026-02-05,6.33,0.00317,137291.0,87125.891
000702,2026-02-05,7.06,0.004267,62820.03,44533.329
000703,2026-02-05,11.98,0.01268,344600.98,410425.646
000705,2026-02-05,9.49,-0.0062829999999999995,49718.0,47400.349
000707,2026-02-05,6.49,-0.0030719999999999996,103906.38,68131.01
000708,2026-02-05,15.3,-0.010348999999999999,153585.83,236057.116
000709,2026-02-05,2.49,-0.01581,1388978.14,345797.177
000710,2026-02-05,12.24,-0.003257,69877.0,85867.234
000711,2026-02-05,2.58,0.048780000000000004,572367.92,146707.01
000712,2026-02-05,12.45,-0.000803,213040.34,265175.247
000713,2026-02-05,6.83,-0.01585,176205.0,120883.414
000715,2026-02-05,6.55,0.004601,208993.98,136554.713
000716,2026-02-05,6.21,0.003231,195208.0,121377.247
000717,2026-02-05,2.58,-0.015267,323974.0,84240.472
000718,2026-02-05,2.42,-0.004115,474390.84,115418.22
000719,2026-02-05,13.27,-0.012648999999999999,338938.94,449456.464
000720,2026-02-05,3.69,-0.018616999999999998,225898.15,83683.543
000721,2026-02-05,9.02,0.003337,157444.0,142576.646
000722,2026-02-05,12.75,-0.026718000000000002,112409.68,144423.608
000723,2026-02-05,5.02,-0.029014,2618811.54,1315730.644
000725,2026-02-05,4.41,0.004556,6053281.52,2650425.564
000726,2026-02-05,7.63,0.0026279999999999997,104369.04,79629.849
000727,2026-02-05,2.55,-0.007782,462195.77,118212.292
000728,2026-02-05,8.22,0.0,287063.47,236009.987
000729,2026-02-05,12.8,0.027287,381101.45,485665.177
000731,2026-02-05,6.85,-0.005806,92892.0,63960.66
000733,2026-02-05,54.26,-0.005863,129726.53,702520.766
000735,2026-02-05,7.82,-0.006353,343381.91,269549.127
000736,2026-02-05,5.24,0.011583000000000001,102320.15,53311.29
000737,2026-02-05,16.5,-0.072513,1591106.95,2667368.283
000738,2026-02-05,27.93,0.018600000000000002,930100.16,2595111.784
000739,2026-02-05,18.8,-0.009484,77581.3,146332.548
000750,2026-02-05,4.23,0.0023699999999999997,635801.76,268374.632
000751,2026-02-05,5.55,-0.051281999999999994,1521581.08,856975.646
000752,2026-02-05,10.93,-0.002737,23535.0,25874.103
000753,2026-02-05,7.5,0.035912,515740.71,386142.183
000755,2026-02-05,5.38,-0.011029,165642.1,89861.74
000756,2026-02-05,15.88,-0.0062580000000000005,71650.93,113942.105
000757,2026-02-05,5.18,-0.007663,122916.14,64227.688
000758,2026-02-05,7.35,-0.037958,745680.07,549741.347
000759,2026-02-05,7.48,0.034578000000000005,542157.0,399594.353
000761,2026-02-05,3.78,0.005319000000000001,398870.36,151960.082
000762,2026-02-05,25.51,-0.043853,172170.96,442166.563
000766,2026-02-05,23.6,0.001273,168166.33,399793.224
000767,2026-02-05,3.11,-0.028125,973049.62,305661.236
000768,2026-02-05,30.08,-0.015061999999999999,433785.31,1316367.07
000776,2026-02-05,21.47,-0.006938,336966.21,723496.228
000777,2026-02-05,25.02,-0.02036,78048.74,195782.082
000778,2026-02-05,5.18,0.025743000000000002,1483420.57,762061.309
000779,2026-02-05,8.86,0.007964,61576.25,54433.074
000782,2026-02-05,5.85,-0.010152000000000001,144668.75,85114.633
000783,2026-02-05,8.02,-0.006196,584109.43,467616.639
000785,2026-02-05,2.99,-0.003333,587796.23,175781.09
000786,2026-02-05,29.28,-0.009137,240889.58,706361.735
000788,2026-02-05,6.31,0.0,141628.0,89819.047
000789,2026-02-05,5.66,-0.005272,68313.66,38804.337
000790,2026-02-05,4.05,0.0125,180590.3,73257.946
000791,2026-02-05,6.64,-0.022091,251416.37,167728.781
000792,2026-02-05,32.09,-0.03256,815467.62,2611894.075
000793,2026-02-05,2.69,0.003731,144957.28,38773.384
000795,2026-02-05,9.83,-0.033431999999999996,252707.0,249934.795
000796,2026-02-05,6.72,0.03864,1676397.15,1114647.667
000797,2026-02-05,3.24,0.015674,654768.83,213904.847
000798,2026-02-05,11.74,0.019097,460161.73,533859.681
000799,2026-02-05,58.56,-0.020735999999999997,234039.96,1393308.591
000800,2026-02-05,6.98,0.0,152218.29,106227.734
000801,2026-02-05,15.72,-0.007576,100000.0,158004.378
000802,2026-02-05,4.72,0.021644999999999998,386184.57,182453.815
000803,2026-02-05,8.67,-0.036667,161508.76,142608.669
000807,2026-02-05,31.49,-0.039939,705887.53,2212877.157
000809,2026-02-05,3.42,-0.005814000000000001,102209.51,35121.402
000810,2026-02-05,11.69,0.0,99704.82,116593.429
000811,2026-02-05,17.14,-0.029994,313924.88,541403.317
000812,2026-02-05,4.45,-0.006696,143153.61,63989.115
000813,2026-02-05,3.95,-0.024691,404359.5,161117.608
000815,2026-02-05,13.41,-0.035945,631279.76,864063.418
000816,2026-02-05,3.81,-0.054591,1559420.45,600314.44
000818,2026-02-05,20.66,-0.018527000000000002,185334.6,384353.62
000819,2026-02-05,16.32,-0.018050999999999998,52868.0,86730.803
000820,2026-02-05,3.3,-0.011976,160387.95,53022.84
000821,2026-02-05,15.32,0.024749,1262544.08,1953878.211
000822,2026-02-05,6.3,0.099476,388294.82,244080.875
000823,2026-02-05,13.98,-0.026462,162126.95,227825.57
000825,2026-02-05,4.95,-0.033203,657849.31,327902.592
000826,2026-02-05,2.13,0.0,370079.79,79330.819
000828,2026-02-05,10.9,-0.002745,57105.6,62352.739
000829,2026-02-05,10.3,-0.004830999999999999,145474.93,150164.331
000830,2026-02-05,17.09,-0.021191,322188.77,555767.304
000831,2026-02-05,51.01,-0.047432,291778.21,1497247.043
000833,2026-02-05,19.01,-0.027124000000000002,182947.6,349320.907
000837,2026-02-05,11.96,-0.025265,163990.0,197674.39
000838,2026-02-05,2.66,0.0,721216.74,193400.717
000839,2026-02-05,2.88,0.0,501396.52,144742.804
000848,2026-02-05,8.68,0.016393,264358.87,228231.65
000850,2026-02-05,6.04,-0.0033,163821.83,99680.771
000852,2026-02-05,8.06,-0.032413,317563.91,257544.972
000856,2026-02-05,11.22,-0.009709,213817.13,239767.221
000858,2026-02-05,108.89,0.0034100000000000003,372846.41,4071834.696
000859,2026-02-05,9.96,-0.020649,326783.74,326997.676
000860,2026-02-05,15.0,0.000667,161460.52,242907.974
000862,2026-02-05,6.22,-0.043077,299233.8,188786.136
000863,2026-02-05,6.08,-0.024077,256099.59,157527.712
000868,2026-02-05,4.85,0.0,94408.0,45939.382
000869,2026-02-05,21.0,0.009615,24155.54,50540.988
000875,2026-02-05,6.88,-0.065217,1450555.94,1020662.546
000876,2026-02-05,8.71,-0.003432,232653.68,202856.199
000877,2026-02-05,5.25,-0.009434,202122.44,106543.81
000878,2026-02-05,23.0,-0.057763,1097451.48,2546894.612
000880,2026-02-05,32.49,-0.091443,333861.55,1105394.692
000881,2026-02-05,8.26,-0.022484999999999998,114729.0,95367.76
000882,2026-02-05,1.98,0.010204,664898.32,131660.641
000883,2026-02-05,4.58,-0.006508000000000001,277536.75,127085.156
000885,2026-02-05,13.73,-0.007948,36819.36,50601.884
000886,2026-02-05,6.68,0.012121,460198.55,308479.799
000887,2026-02-05,20.49,-0.020086,185212.34,380425.02
000888,2026-02-05,14.23,0.017883,271909.35,388067.404
000889,2026-02-05,3.65,0.00551,144339.6,52444.151
000890,2026-02-05,5.34,0.007547000000000001,204084.0,109208.042
000892,2026-02-05,7.48,-0.001335,346149.1,261392.074
000893,2026-02-05,53.74,-0.014849000000000001,78334.89,423104.755
000895,2026-02-05,26.69,0.014443,128675.6,341744.577
000897,2026-02-05,2.3,0.0,566799.85,130484.963
000898,2026-02-05,2.54,-0.007813,607780.46,155203.149
000899,2026-02-05,10.54,-0.017707,99405.09,105285.197
000900,2026-02-05,4.26,-0.004673,114640.36,48894.683
000901,2026-02-05,27.74,-0.049349,548006.58,1536819.245
000902,2026-02-05,16.47,-0.014362999999999999,75291.0,124258.985
000903,2026-02-05,2.64,0.015385,301253.36,79504.684
000905,2026-02-05,13.16,0.048605999999999996,588414.05,777387.498
000906,2026-02-05,6.21,0.001613,53729.13,33305.527
000908,2026-02-05,7.02,0.021834,144879.96,100726.18
000909,2026-02-05,5.43,0.016854,39116.97,20856.779
000910,2026-02-05,7.69,0.005229,41593.87,31913.255
000911,2026-02-05,6.65,-0.016272,187973.49,126495.505
000912,2026-02-05,4.59,-0.010775999999999999,140591.1,64925.965
000913,2026-02-05,15.75,0.00639,57623.2,90891.426
000915,2026-02-05,32.07,0.01359,33005.6,105712.935
000917,2026-02-05,10.67,-0.021101,362368.53,388124.047
000919,2026-02-05,7.83,0.007722,103913.0,81402.0
000920,2026-02-05,12.72,-0.026034,64962.0,83558.791
000921,2026-02-05,24.24,-0.0024690000000000003,105672.84,256817.268
000922,2026-02-05,13.98,-0.051559999999999995,130809.2,185392.402
000923,2026-02-05,23.36,-0.099807,295586.43,705271.608
000925,2026-02-05,8.23,-0.0179,148909.0,123604.501
000926,2026-02-05,2.3,0.0,316024.03,72930.964
000927,2026-02-05,2.84,-0.013889,672488.01,191916.057
000928,2026-02-05,6.89,-0.018519,302391.0,209515.906
000929,2026-02-05,9.86,-0.008048,21621.0,21342.485
000930,2026-02-05,6.4,-0.0062109999999999995,336316.59,215065.655
000931,2026-02-05,5.2,-0.0038309999999999998,91691.2,47816.643
000932,2026-02-05,6.19,-0.012759,885902.51,553208.462
000933,2026-02-05,31.53,-0.032822,397798.63,1251109.734
000935,2026-02-05,27.7,-0.001802,52511.72,145956.892
000936,2026-02-05,8.26,-0.030516,217935.12,181032.45
000937,2026-02-05,5.54,-0.022928,400730.13,221515.968
000938,2026-02-05,24.47,-0.013704000000000001,318283.32,780561.828
000948,2026-02-05,17.08,0.004706,35265.14,59940.959
000949,2026-02-05,6.45,-0.050073999999999994,632109.98,416064.234
000950,2026-02-05,6.0,-0.014778,237980.38,143198.096
000951,2026-02-05,19.3,-0.030150999999999997,185458.06,360250.074
000952,2026-02-05,7.86,0.0038309999999999998,73644.0,57796.818
000953,2026-02-05,7.15,-0.002789,47072.0,33734.146
000955,2026-02-05,5.74,0.005254,190543.0,109882.825
000957,2026-02-05,11.65,0.010407999999999999,144200.42,168515.715
000958,2026-02-05,6.48,-0.012195000000000001,251386.3,163085.073
000959,2026-02-05,5.55,-0.01421,238367.4,132815.485
000960,2026-02-05,35.01,-0.050705,769795.87,2706826.014
000962,2026-02-05,41.87,-0.067483,344813.3,1467242.775
000963,2026-02-05,36.92,0.01345,139076.66,514462.607
000965,2026-02-05,4.11,-0.007246,458762.55,190218.871
000966,2026-02-05,4.45,-0.021978,412950.19,184680.412
000967,2026-02-05,7.16,-0.015130999999999999,200463.0,144489.535
000968,2026-02-05,7.83,-0.017566,243581.51,192535.74
000969,2026-02-05,23.66,-0.02191,255702.8,605736.527
000970,2026-02-05,13.44,-0.040685,294818.77,399488.547
000972,2026-02-05,3.5,0.0,84075.65,29469.803
000973,2026-02-05,11.99,-0.009091,373495.01,448234.965
000975,2026-02-05,30.46,-0.026837,575538.05,1748879.831
000977,2026-02-05,59.67,-0.00384,248523.88,1480480.127
000978,2026-02-05,7.41,0.013680000000000001,157376.0,117007.886
000980,2026-02-05,3.0,-0.009901,677502.0,204029.705
000981,2026-02-05,4.82,-0.062257,7944946.09,3866158.225
000983,2026-02-05,7.08,-0.038043,1262645.55,890298.407
000985,2026-02-05,21.21,-0.001882,25584.24,54642.893
000987,2026-02-05,9.82,-0.01996,544877.31,535438.8
000988,2026-02-05,74.63,-0.023934,321594.61,2418061.599
000989,2026-02-05,8.93,0.007901,87771.86,78322.81
000990,2026-02-05,8.19,-0.01087,283124.0,234433.313
000993,2026-02-05,12.23,-0.017671,118720.98,146932.698
000995,2026-02-05,20.09,0.059599,665465.78,1330048.568
000997,2026-02-05,26.7,-0.010378,99091.68,264552.339
000998,2026-02-05,9.88,-0.023715,443294.17,440939.964
000999,2026-02-05,28.7,0.015929,226100.13,648270.664
001201,2026-02-05,14.96,-0.002001,33838.87,50840.215
001202,2026-02-05,17.98,0.006156,41813.6,74925.169
001203,2026-02-05,28.29,-0.039063,179722.0,513061.007
001205,2026-02-05,16.1,0.0012439999999999999,26043.0,41860.477
001206,2026-02-05,25.03,0.0012,53251.8,134362.949
001207,2026-02-05,27.22,0.003317,39427.48,107085.734
001208,2026-02-05,23.03,0.008319,386302.29,887201.851
001209,2026-02-05,22.99,0.071795,109092.45,242336.451
001210,2026-02-05,23.0,-0.038863,39190.01,90682.767
001211,2026-02-05,29.17,-0.003757,17012.0,50035.353
001212,2026-02-05,49.29,-0.009245999999999999,36665.0,179361.277
001213,2026-02-05,4.14,0.0,159800.18,66162.698
001215,2026-02-05,47.72,-0.003342,34734.0,165579.547
001216,2026-02-05,18.32,0.002188,62629.92,115358.672
001217,2026-02-05,12.79,-0.011592,105556.15,137400.273
001218,2026-02-05,25.68,-0.009259,22209.8,57516.703
001219,2026-02-05,15.07,0.009377,60710.05,91563.15
001220,2026-02-05,51.0,-0.012011,112594.0,576950.483
001221,2026-02-05,71.17,-0.012899,23784.53,169493.43
001222,2026-02-05,22.45,0.004924,21594.99,48703.572
001223,2026-02-05,58.5,-0.038303,23921.71,142587.914
001225,2026-02-05,76.0,-0.006405999999999999,8157.0,62059.25
001226,2026-02-05,51.94,-0.004218,7097.0,36952.639
001227,2026-02-05,2.38,0.017094,1125569.64,265465.008
001228,2026-02-05,30.52,0.010931,30538.64,93561.238
001229,2026-02-05,37.99,0.001582,10659.0,40529.262
001230,2026-02-05,23.56,0.0064080000000000005,26811.0,63178.705
001231,2026-02-05,24.85,0.00404,32845.67,81578.752
001233,2026-02-05,77.63,-0.034573,18220.0,143099.907
001234,2026-02-05,27.88,0.025754000000000003,19123.9,52757.721
001236,2026-02-05,10.11,0.006972000000000001,78793.68,79376.593
001238,2026-02-05,54.89,0.018745,6892.0,37913.459
001239,2026-02-05,16.63,-0.012470000000000002,22853.0,38194.906
001255,2026-02-05,39.3,-0.044261,31649.0,125831.801
001256,2026-02-05,22.06,0.012391000000000001,25080.0,55120.464
001258,2026-02-05,7.56,-0.030769,147476.0,112576.733
001259,2026-02-05,33.72,-0.010273000000000001,14073.0,47976.105
001260,2026-02-05,22.38,-0.006217,20073.0,45213.077
001266,2026-02-05,33.71,-0.007946,15984.49,53949.869
001267,2026-02-05,25.93,-0.039985,298588.0,780113.262
001268,2026-02-05,36.33,-0.011429,16225.6,59519.056
001269,2026-02-05,24.14,-0.039777,35032.8,85336.641
001270,2026-02-05,142.8,-0.050027,127027.56,1842167.892
001277,2026-02-05,41.6,0.008974,18643.77,77630.962
001278,2026-02-05,25.1,0.024072,52297.96,130690.254
001279,2026-02-05,34.82,0.0,10704.0,37584.984
001280,2026-02-05,86.01,-0.063072,240971.02,2088452.97
001282,2026-02-05,20.61,-0.010562,13866.0,28704.565
001283,2026-02-05,67.05,-0.008283,15595.9,104695.327
001285,2026-02-05,59.0,0.011833,19174.06,113035.473
001286,2026-02-05,9.81,-0.028713000000000002,187906.31,185699.481
001287,2026-02-05,23.04,-0.035176,216281.39,499028.876
001288,2026-02-05,34.64,-0.050959000000000004,57605.4,202441.049
001289,2026-02-05,15.52,-0.013977,42522.17,66160.432
001296,2026-02-05,27.61,-0.019531,31211.0,87087.837
001298,2026-02-05,30.21,-0.016602,41341.12,125042.451
001299,2026-02-05,13.27,-0.012648999999999999,58831.9,78567.624
001300,2026-02-05,16.74,-0.019332000000000002,29373.74,49970.44
001301,2026-02-05,75.15,-0.009881,22717.0,170791.499
001306,2026-02-05,78.5,-0.020586000000000004,5618.06,44356.26
001308,2026-02-05,21.23,-0.003754,19103.53,40618.268
001309,2026-02-05,237.53,-0.032386,77259.56,1837414.582
001311,2026-02-05,44.69,0.025,152914.56,695803.426
001313,2026-02-05,7.7,-0.014085,79263.0,61669.176
001314,2026-02-05,45.7,-0.020364,16802.04,77130.476
001316,2026-02-05,62.7,0.040145999999999994,107304.71,661089.132
001317,2026-02-05,49.9,0.01094,45024.86,224572.346
001318,2026-02-05,15.43,0.013132,91125.0,141821.766
001319,2026-02-05,29.46,-0.027402000000000003,30405.0,90165.547
001322,2026-02-05,9.37,-0.01056,48627.0,45892.791
001323,2026-02-05,29.26,0.020935000000000002,45519.4,132697.595
001324,2026-02-05,19.37,-0.006666999999999999,21522.0,41967.543
001325,2026-02-05,51.12,-0.0019520000000000002,11963.91,61000.472
001326,2026-02-05,55.9,0.015993999999999998,26215.45,147793.069
001328,2026-02-05,43.55,0.060901,36410.3,156536.99
001330,2026-02-05,10.08,0.06666699999999999,1644785.14,1626271.087
001331,2026-02-05,62.3,0.044076000000000004,124312.14,752707.036
001332,2026-02-05,55.8,-0.021053000000000002,9151.71,51341.44
001333,2026-02-05,26.05,-0.045438,35033.6,92716.069
001335,2026-02-05,53.8,0.002235,12638.0,67892.824
001336,2026-02-05,27.71,0.002895,20794.0,57755.256
001337,2026-02-05,46.05,-0.097943,462634.34,2169512.801
001338,2026-02-05,12.67,0.00079,77246.19,97822.09
001339,2026-02-05,53.3,-0.018597,27440.0,146713.798
001356,2026-02-05,12.61,-0.0007920000000000001,20630.52,26036.837
001358,2026-02-05,27.97,-0.017907,9862.82,27732.347
001359,2026-02-05,72.88,-0.025147,8050.0,59014.567
001360,2026-02-05,23.2,-0.07863400000000001,92811.53,219179.485
001366,2026-02-05,14.63,0.011757,34062.0,49904.743
001367,2026-02-05,24.23,-0.003291,8991.2,21810.291
001368,2026-02-05,32.57,-0.011533,42020.0,138234.294
001369,2026-02-05,14.96,-0.012541,94644.78,141976.24
001373,2026-02-05,43.13,0.01914,12282.45,52850.661
001376,2026-02-05,19.66,-0.050242,182216.0,360490.062
001378,2026-02-05,24.79,-0.005217,14422.94,35957.257
001379,2026-02-05,24.04,-0.021173,40668.41,98882.782
001380,2026-02-05,23.29,-0.003423,17866.77,41763.425
001382,2026-02-05,20.62,-0.014811000000000001,22330.0,46227.712
001386,2026-02-05,26.58,0.010262,247959.85,651369.654
001387,2026-02-05,14.92,-0.002007,29162.7,43724.935
001388,2026-02-05,44.26,-0.001354,6052.98,26798.791
001389,2026-02-05,100.22,-0.027651,78058.29,782063.507
001390,2026-02-05,24.08,-0.00083,14916.34,36021.525
001391,2026-02-05,5.98,0.003356,232370.22,139012.674
001395,2026-02-05,43.96,0.00503,13121.4,58049.36
001396,2026-02-05,43.97,0.007793,22256.49,97411.997
001400,2026-02-05,105.82,-0.071754,31842.49,340577.336
001696,2026-02-05,20.51,-0.0067800000000000004,133987.39,275468.898
001872,2026-02-05,19.82,0.005071,27685.0,54826.814
001896,2026-02-05,6.1,-0.036335,281134.0,172988.622
001914,2026-02-05,12.0,0.004184,214048.46,257641.703
001965,2026-02-05,9.75,0.006192,151996.72,148224.065
001979,2026-02-05,10.92,0.0046,680436.88,743321.335
002001,2026-02-05,27.99,0.010469,350190.41,971375.992
002003,2026-02-05,10.83,0.037356,306466.92,328372.231
002004,2026-02-05,5.44,-0.014493,309614.59,169259.363
002005,2026-02-05,2.92,-0.016835,88425.0,25953.492
002006,2026-02-05,20.2,-0.017987,121572.28,245889.292
002007,2026-02-05,15.55,-0.004481,145683.45,227304.968
002008,2026-02-05,48.95,-0.028576999999999998,219140.86,1082110.455
002009,2026-02-05,28.8,-0.085424,972780.88,2828758.609
002010,2026-02-05,6.45,-0.015267,264881.62,171420.251
002011,2026-02-05,12.29,-0.013644,135244.01,166596.37
002012,2026-02-05,6.72,-0.014662999999999999,302026.0,204400.718
002014,2026-02-05,12.51,0.012136000000000001,27725.8,34638.426
002015,2026-02-05,10.96,0.007352999999999999,630567.14,695517.212
002016,2026-02-05,6.38,-0.003125,115360.0,73923.297
002017,2026-02-05,22.63,-0.018221,118726.08,270019.188
002019,2026-02-05,12.1,-0.006568000000000001,90596.7,109837.693
002020,2026-02-05,16.63,-0.010119,79480.0,132195.1
002021,2026-02-05,3.14,-0.012579,267564.14,84726.928
002022,2026-02-05,6.2,-0.00641,83180.41,51664.226
002023,2026-02-05,11.94,-0.011589,148847.02,178760.959
002024,2026-02-05,1.54,-0.012821,233360.99,36089.524
002025,2026-02-05,52.45,-0.017606,138983.41,733877.719
002026,2026-02-05,15.15,-0.020685,102692.0,157757.39
002027,2026-02-05,7.41,0.010914,1535710.69,1138884.624
002028,2026-02-05,192.38,-0.046822,114488.17,2207446.507
002029,2026-02-05,12.49,0.045188,305759.46,378059.868
002030,2026-02-05,6.42,-0.0077280000000000005,306166.06,196982.525
002031,2026-02-05,7.59,-0.016839,339006.39,258554.356
002032,2026-02-05,45.45,0.018602,33654.2,152675.117
002033,2026-02-05,10.01,0.0070420000000000005,207693.54,208227.307
002034,2026-02-05,16.99,-0.021313,40924.52,69951.232
002035,2026-02-05,6.27,0.004808,98014.46,61391.557
002036,2026-02-05,10.61,-0.020314000000000002,228905.55,243720.832
002037,2026-02-05,9.0,-0.009901,51845.8,47027.379
002038,2026-02-05,6.54,-0.006079,276756.33,182643.456
002039,2026-02-05,17.23,-0.002316,51396.52,88517.23
002040,2026-02-05,10.23,-0.005830999999999999,125471.3,128819.979
002041,2026-02-05,10.79,-0.051011,599886.71,656460.156
002042,2026-02-05,4.29,0.004684,316809.55,136203.082
002043,2026-02-05,17.52,0.011547,156124.77,274643.961
002044,2026-02-05,7.07,-0.024828000000000003,1524364.8,1073301.312
002045,2026-02-05,13.94,0.010877,90818.63,125377.978
002046,2026-02-05,46.91,-0.011172,104180.29,488443.155
002047,2026-02-05,4.34,0.006961,114713.01,49443.272
002048,2026-02-05,32.01,-0.024383,171354.08,552683.072
002049,2026-02-05,77.48,-0.016751000000000002,177518.44,1371213.326
002050,2026-02-05,50.09,-0.030390999999999998,919934.21,4625737.85
002051,2026-02-05,8.77,-0.013498000000000001,115509.83,101596.858
002052,2026-02-05,11.22,-0.012324,122521.01,138015.947
002053,2026-02-05,11.4,-0.018933,52022.0,59654.628
002054,2026-02-05,9.14,0.016685000000000002,328648.03,299454.762
002055,2026-02-05,6.13,-0.01129,227523.02,141720.52
002056,2026-02-05,19.53,-0.044988,320954.76,632590.623
002057,2026-02-05,10.36,-0.034483,173375.63,180991.746
002058,2026-02-05,22.08,-0.005405,16163.0,36368.921
002059,2026-02-05,5.4,0.020794,270190.0,145935.666
002060,2026-02-05,3.79,0.0,458912.0,174797.092
002061,2026-02-05,4.12,-0.009615,246734.2,101764.574
002062,2026-02-05,9.72,-0.035714,215396.21,211125.979
002063,2026-02-05,6.38,-0.021472,361738.28,231846.209
002064,2026-02-05,11.44,-0.006082,408101.65,471204.455
002065,2026-02-05,9.43,-0.015658000000000002,376986.91,356461.381
002066,2026-02-05,20.9,0.007715,41487.11,86587.96
002067,2026-02-05,5.35,-0.025501,430280.81,231406.075
002068,2026-02-05,9.19,-0.047668,274510.24,257461.431
002069,2026-02-05,3.97,0.007613999999999999,202534.5,80621.88
002072,2026-02-05,7.64,0.014608000000000001,56760.0,43359.354
002073,2026-02-05,8.1,-0.022919000000000002,262420.0,213909.196
002074,2026-02-05,37.14,-0.021344,259386.29,966798.119
002075,2026-02-05,5.55,-0.02972,500131.4,278637.687
002076,2026-02-05,2.2,-0.009009,196057.0,42985.882
002077,2026-02-05,16.68,-0.031921,281282.52,468130.961
002078,2026-02-05,16.23,-0.001231,186308.5,303784.402
002079,2026-02-05,10.88,-0.01982,336082.9,365132.094
002080,2026-02-05,38.69,-0.061378,655488.21,2579961.928
002081,2026-02-05,3.77,-0.007895,382811.0,145073.098
002082,2026-02-05,15.57,-0.019521,83504.2,132600.096
002083,2026-02-05,11.48,-0.03772,389209.02,446825.202
002084,2026-02-05,4.2,-0.004739,203621.49,85737.778
002085,2026-02-05,15.68,-0.00191,273062.93,428724.013
002086,2026-02-05,2.27,0.0,297377.4,67555.058
002088,2026-02-05,12.5,-0.014196,34549.86,43266.986
002090,2026-02-05,12.24,-0.04,139137.1,171776.581
002091,2026-02-05,8.67,-0.011403000000000002,164777.48,143162.289
002092,2026-02-05,6.36,-0.027523,883852.7,575637.387
002093,2026-02-05,11.12,-0.004476,114124.47,126945.934
002094,2026-02-05,8.2,-0.038687,600579.0,500304.631
002095,2026-02-05,18.35,-0.0016320000000000002,24669.63,45393.941
002096,2026-02-05,13.7,-0.007965,63358.0,86946.376
002097,2026-02-05,11.61,-0.005993000000000001,161643.59,188362.454
002098,2026-02-05,10.63,0.014313,100013.0,106101.063
002099,2026-02-05,6.83,-0.02149,303826.03,209999.545
002100,2026-02-05,7.1,-0.004208,195951.85,139490.673
002101,2026-02-05,12.12,-0.013028999999999999,67499.52,82224.504
002102,2026-02-05,3.36,-0.017544,260495.0,88152.657
002103,2026-02-05,9.73,0.013542,147557.0,143238.636
002104,2026-02-05,18.1,0.00166,169538.14,306068.495
002105,2026-02-05,7.15,0.0070420000000000005,99906.01,71962.212
002106,2026-02-05,11.57,-0.016156,88650.43,103065.454
002107,2026-02-05,7.27,0.001377,55375.25,40241.513
002108,2026-02-05,4.83,-0.032064,491589.43,239451.314
002109,2026-02-05,4.14,-0.021277,126221.3,52819.52
002110,2026-02-05,4.41,0.0,304208.18,134581.447
002111,2026-02-05,11.1,0.0,86284.6,95883.273
002112,2026-02-05,23.1,-0.072662,723419.83,1680922.095
002114,2026-02-05,9.34,-0.037113,171525.0,161428.773
002115,2026-02-05,15.03,-0.017647,779899.24,1169291.661
002116,2026-02-05,11.13,0.0036070000000000004,72074.03,80012.76
002117,2026-02-05,11.64,0.0,69382.81,80872.439
002119,2026-02-05,25.69,0.013012999999999999,783235.75,1918031.267
002120,2026-02-05,6.98,0.005764,377727.7,263207.679
002121,2026-02-05,8.4,-0.050846999999999996,569901.23,483307.119
002122,2026-02-05,3.06,-0.003257,189133.29,58010.921
002123,2026-02-05,11.68,-0.007647,130984.32,153068.552
002124,2026-02-05,2.51,0.0,271556.6,68241.452
002125,2026-02-05,13.36,-0.028363999999999997,138857.75,186565.15
002126,2026-02-05,44.4,0.02754,734194.46,3199111.179
002127,2026-02-05,3.23,0.0062309999999999996,327652.9,105563.609
002128,2026-02-05,28.37,-0.030748,238743.35,674985.185
002129,2026-02-05,10.74,0.016083,5828700.09,6227009.329
002130,2026-02-05,27.51,-0.008649,696034.59,1898405.248
002131,2026-02-05,8.82,-0.047515999999999996,10365839.99,9330370.908
002132,2026-02-05,3.83,-0.022959,307202.85,118769.432
002133,2026-02-05,3.83,-0.005195,215169.6,82648.257
002134,2026-02-05,22.85,-0.030547,52799.01,121548.086
002135,2026-02-05,6.14,0.0032679999999999996,515969.79,323457.692
002136,2026-02-05,12.9,-0.00232,128853.02,169406.196
002137,2026-02-05,9.6,0.005235999999999999,441871.25,426230.824
002138,2026-02-05,37.54,-0.01599,213555.03,795578.957
002139,2026-02-05,12.73,-0.010878,132608.97,169126.374
002140,2026-02-05,12.13,-0.035004,252378.69,312474.893
002141,2026-02-05,3.88,-0.020202,244372.0,95498.448
002142,2026-02-05,32.53,0.026183,536157.37,1737886.723
002144,2026-02-05,14.85,0.027682000000000002,103216.0,150993.46
002145,2026-02-05,5.04,-0.021359,530304.44,268997.889
002146,2026-02-05,1.65,-0.006024000000000001,1458132.96,240727.387
002148,2026-02-05,8.62,0.011737,112335.2,96586.013
002149,2026-02-05,55.41,0.026871999999999997,1049552.87,5676008.071
002150,2026-02-05,23.39,-0.072561,181983.29,431527.181
002151,2026-02-05,44.27,-0.013592,239554.04,1060680.467
002152,2026-02-05,12.74,-0.00856,158557.72,202528.78
002153,2026-02-05,13.43,0.032283,912575.22,1214103.724
002154,2026-02-05,4.1,0.004902,346940.0,142593.9
002155,2026-02-05,32.71,-0.089365,2022348.57,6739773.856
002156,2026-02-05,47.72,-0.027115,857011.17,4031416.301
002157,2026-02-05,3.2,-0.012346,1196728.89,385630.853
002158,2026-02-05,24.83,-0.02932,42897.81,107083.99
002159,2026-02-05,16.76,0.02445,91267.75,153179.136
002160,2026-02-05,5.63,-0.039249,675678.31,383089.132
002161,2026-02-05,8.92,-0.020856,280177.27,251697.047
002162,2026-02-05,5.26,0.005736,233688.3,123021.828
002163,2026-02-05,17.89,0.044977,1697800.44,3024228.955
002164,2026-02-05,13.67,-0.018665,111852.1,153693.516
002165,2026-02-05,12.91,-0.08569399999999999,2802140.18,3735372.443
002166,2026-02-05,9.29,0.010881,172902.37,160919.734
002167,2026-02-05,12.42,-0.052632000000000005,324140.96,407439.396
002168,2026-02-05,4.2,-0.002375,45848.44,19381.161
002169,2026-02-05,12.99,-0.033482,433489.23,565405.611
002170,2026-02-05,12.83,-0.036063,424166.92,550867.69
002171,2026-02-05,12.61,-0.029253,441146.49,559796.091
002172,2026-02-05,4.41,0.002273,203484.0,89946.763
002173,2026-02-05,29.35,0.008245,723809.21,2101557.676
002174,2026-02-05,11.41,-0.009549,191998.86,219613.422
002175,2026-02-05,3.38,-0.034286,991772.86,335222.952
002176,2026-02-05,8.95,-0.026115,500965.22,451000.355
002177,2026-02-05,7.93,0.003797,477132.86,376464.878
002178,2026-02-05,6.47,0.004658,115632.0,74734.973
002179,2026-02-05,34.83,-0.005141,178958.5,625104.017
002180,2026-02-05,21.84,-0.007724,190962.15,419292.086
002181,2026-02-05,12.22,0.022594,1146197.83,1395213.949
002182,2026-02-05,18.35,0.005479,366484.43,662529.998
002183,2026-02-05,5.21,-0.027985000000000003,956889.76,503080.468
002184,2026-02-05,12.9,-0.020501000000000002,52533.47,68293.604
002185,2026-02-05,13.91,-0.026591999999999998,1985003.25,2733347.73
002186,2026-02-05,12.29,0.020764,129788.02,159267.19
002187,2026-02-05,8.17,0.042092,449887.07,360049.692
002188,2026-02-05,7.28,0.0055249999999999995,197380.0,144722.579
002189,2026-02-05,22.62,0.0008849999999999999,32918.03,74536.085
002190,2026-02-05,36.07,-0.008794,35744.13,129364.678
002191,2026-02-05,3.95,0.0,128834.0,51045.358
002192,2026-02-05,50.1,-0.056319,102860.6,521018.182
002193,2026-02-05,7.06,0.026163,213374.0,152320.189
002194,2026-02-05,12.64,-0.013271,130777.27,166168.647
002195,2026-02-05,9.93,-0.015857,4494301.41,4448620.185
002196,2026-02-05,16.11,-0.067708,651696.5,1061747.239
002197,2026-02-05,8.63,-0.008046,153423.88,132357.627
002198,2026-02-05,6.93,-0.00431,118921.35,83106.075
002199,2026-02-05,8.22,-0.019093,18711.05,15525.637
002200,2026-02-05,6.88,0.017751,19456.71,13351.06
002201,2026-02-05,13.94,-0.033287,550959.35,766559.719
002202,2026-02-05,24.82,-0.09017599999999999,3514464.15,8820903.598
002203,2026-02-05,13.23,-0.022173,254291.46,336807.585
002204,2026-02-05,7.39,-0.04026,532869.52,399625.485
002205,2026-02-05,14.71,0.00068,47518.6,70156.539
002206,2026-02-05,6.96,-0.015559,175163.26,122293.385
002207,2026-02-05,9.38,-0.062,456129.97,440479.654
002208,2026-02-05,14.08,0.026239,610024.76,858542.279
002209,2026-02-05,15.88,0.0,29944.0,47586.246
002210,2026-02-05,3.14,-0.006329,664819.19,210756.357
002211,2026-02-05,3.45,0.0,55986.0,19432.181
002212,2026-02-05,8.44,-0.016316999999999998,256193.11,217003.165
002213,2026-02-05,25.67,-0.021723,113444.0,290369.335
002214,2026-02-05,19.0,0.007423,39154.55,74560.752
002215,2026-02-05,11.1,-0.033943,193270.05,216424.429
002216,2026-02-05,12.2,0.014975,173631.3,211377.385
002217,2026-02-05,3.01,-0.009868,741459.0,223174.253
002218,2026-02-05,7.16,0.017044999999999998,4788780.42,3502079.43
002219,2026-02-05,2.39,-0.012397,621446.5,149250.261
002221,2026-02-05,8.18,-0.02619,142914.04,117445.274
002222,2026-02-05,67.8,-0.048688,233614.0,1584490.119
002223,2026-02-05,39.51,0.002283,63156.92,249465.675
002224,2026-02-05,4.69,-0.008457,249419.0,117485.578
002225,2026-02-05,6.46,-0.018237,204183.09,132779.115
002226,2026-02-05,6.15,0.006547,384312.8,237667.197
002227,2026-02-05,9.86,-0.005044999999999999,100799.0,99965.503
002228,2026-02-05,4.48,0.006742000000000001,469516.46,210628.631
002229,2026-02-05,15.59,-0.00447,157010.67,244219.81
002230,2026-02-05,55.75,-0.020727000000000002,504147.74,2827155.392
002232,2026-02-05,18.89,0.0047870000000000005,40015.21,75361.223
002233,2026-02-05,10.02,-0.004965,105670.2,105643.871
002234,2026-02-05,9.25,-0.0032329999999999998,42640.0,39658.519
002235,2026-02-05,10.06,0.001992,307246.79,310621.418
002236,2026-02-05,18.58,-0.006947999999999999,356497.03,663817.754
002237,2026-02-05,17.3,-0.051535000000000004,931734.09,1626530.322
002238,2026-02-05,9.4,0.043285,823443.27,781982.48
002239,2026-02-05,3.21,-0.012308,769694.36,247773.871
002240,2026-02-05,34.11,-0.056432,389477.57,1345608.391
002241,2026-02-05,26.44,-0.008252,538503.21,1425528.511
002242,2026-02-05,10.73,0.0037419999999999997,74296.75,79707.088
002243,2026-02-05,10.59,-0.026654,155244.26,165434.827
002244,2026-02-05,12.06,-0.013092999999999999,329600.2,398547.186
002245,2026-02-05,16.37,-0.030787,289335.64,477505.186
002246,2026-02-05,19.7,-0.031941000000000004,151374.0,299882.12
002247,2026-02-05,2.98,0.0,218242.0,65407.245
002248,2026-02-05,12.02,-0.025932,98520.0,119379.041
002249,2026-02-05,10.68,-0.005587,425963.86,457390.634
002250,2026-02-05,17.13,-0.013249,179420.63,309428.067
002251,2026-02-05,5.3,0.019231,1218520.89,638601.894
002252,2026-02-05,6.32,-0.00158,249631.2,157720.525
002253,2026-02-05,10.44,0.0057799999999999995,72822.0,76575.755
002254,2026-02-05,12.04,-0.021138,184867.76,223294.936
002255,2026-02-05,12.1,-0.020243,183723.84,222818.976
002256,2026-02-05,3.65,-0.044503,892848.9,329885.305
002258,2026-02-05,16.08,-0.012284999999999999,164231.79,264591.992
002259,2026-02-05,5.9,0.02253,737898.2,439162.85
002261,2026-02-05,30.9,-0.013725000000000001,229498.74,710528.539
002262,2026-02-05,23.44,0.006009,75053.33,176317.714
002263,2026-02-05,3.43,-0.025568,389966.24,134743.115
002264,2026-02-05,12.58,0.09965,1524991.99,1829323.752
002265,2026-02-05,24.29,-0.00695,49295.22,120038.792
002266,2026-02-05,4.67,-0.039095,1129768.1,532155.0
002267,2026-02-05,7.86,-0.007576,67379.0,52992.473
002268,2026-02-05,19.46,-0.002051,143966.85,280629.981
002269,2026-02-05,1.87,0.0,541298.72,101771.858
002270,2026-02-05,29.94,-0.060264,177342.5,536611.913
002271,2026-02-05,18.27,0.000548,856004.84,1584546.219
002272,2026-02-05,14.54,-0.022848999999999998,131468.16,191841.045
002273,2026-02-05,27.2,-0.004028,841036.08,2291746.603
002274,2026-02-05,6.19,-0.020569999999999998,119965.78,74667.353
002275,2026-02-05,14.6,0.012483,34272.38,49919.387
002276,2026-02-05,16.79,-0.040023,389327.56,660288.614
002277,2026-02-05,7.27,-0.005472,268580.29,195312.192
002278,2026-02-05,14.06,-0.022933,724586.32,1029991.256
002279,2026-02-05,9.92,-0.012935,820035.6,810664.531
002281,2026-02-05,66.33,-0.04835,288333.38,1934644.955
002282,2026-02-05,7.72,-0.020305,72781.25,56768.769
002283,2026-02-05,8.19,0.026316000000000003,920713.28,750539.048
002284,2026-02-05,16.66,-0.007150999999999999,127961.2,213040.53
002285,2026-02-05,2.86,-0.0034839999999999997,626410.78,179833.359
002286,2026-02-05,10.53,0.0,379041.0,397943.996
002287,2026-02-05,23.84,0.005483,20220.26,48146.678
002289,2026-02-05,27.06,-0.001476,20378.5,55725.826
002290,2026-02-05,58.18,0.01589,50873.0,295783.536
002291,2026-02-05,9.04,0.099757,1090126.7,970669.685
002292,2026-02-05,9.59,0.009474,780233.66,748596.045
002293,2026-02-05,10.46,0.034619,125957.9,130785.137
002294,2026-02-05,47.7,-0.009346,55154.93,264156.851
002295,2026-02-05,11.62,-0.004284,50738.5,59372.792
002296,2026-02-05,13.0,-0.008391,152798.3,199201.655
002297,2026-02-05,12.92,-0.011477,865399.79,1133047.062
002298,2026-02-05,10.3,-0.025543999999999997,229386.41,237924.91
002299,2026-02-05,17.23,-0.00058,177584.48,307985.457
002300,2026-02-05,9.32,-0.025105,907344.21,849431.825
002301,2026-02-05,7.68,0.014531,202657.39,155101.035
002302,2026-02-05,6.07,-0.00817,91589.0,55820.178
002303,2026-02-05,4.15,0.002415,219345.0,91077.084
002304,2026-02-05,55.78,0.0030570000000000003,113403.69,633927.583
002305,2026-02-05,2.14,-0.013825,195888.0,42085.876
002306,2026-02-05,2.19,-0.00905,325151.0,71821.807
002307,2026-02-05,5.13,-0.013462,471706.76,242732.147
002309,2026-02-05,3.07,-0.022292999999999997,968066.32,298777.193
002310,2026-02-05,2.31,-0.008584000000000001,295167.12,68396.899
002311,2026-02-05,54.45,0.014533,138651.78,756575.916
002312,2026-02-05,11.55,-0.029411999999999997,394571.62,460161.779
002313,2026-02-05,9.76,-0.003064,37530.0,36698.524
002314,2026-02-05,2.7,0.003717,627981.41,170221.218
002315,2026-02-05,47.8,-0.010762,75011.64,361243.999
002316,2026-02-05,5.63,0.007156,200366.38,112692.547
002317,2026-02-05,19.4,0.0057020000000000005,315646.56,615934.381
002318,2026-02-05,33.16,-0.029558,73166.95,242677.565
002319,2026-02-05,15.52,-0.001929,71982.0,110852.336
002320,2026-02-05,10.8,0.0027860000000000003,470230.39,509881.826
002321,2026-02-05,2.38,-0.020575999999999997,407709.01,98041.504
002322,2026-02-05,13.35,-0.016212,51482.0,69257.47
002323,2026-02-05,1.77,0.005682,809392.23,143155.438
002324,2026-02-05,17.47,-0.028905,295019.87,516515.866
002326,2026-02-05,26.15,-0.012835000000000001,295935.66,775964.966
002327,2026-02-05,7.07,0.020202,98050.0,68928.326
002328,2026-02-05,6.98,-0.037240999999999996,308934.89,218606.004
002329,2026-02-05,3.87,0.0,274603.87,106768.288
002330,2026-02-05,5.26,-0.009416,146146.0,77360.336
002331,2026-02-05,9.25,-0.018047,85838.83,79816.359
002332,2026-02-05,9.24,0.002169,101576.19,93840.386
002333,2026-02-05,6.19,-0.015898000000000002,92366.0,57547.192
002334,2026-02-05,9.65,-0.041707999999999995,844677.85,819829.379
002335,2026-02-05,56.22,-0.044851999999999996,193467.18,1097538.022
002337,2026-02-05,6.62,-0.019259,107058.0,71477.967
002338,2026-02-05,54.29,-0.010029,24430.81,132540.202
002339,2026-02-05,11.6,-0.058442,669371.61,791982.515
002340,2026-02-05,8.46,-0.028703,1536969.34,1305649.504
002342,2026-02-05,18.88,0.072118,3853460.6,7109427.818
002343,2026-02-05,7.66,0.014570000000000001,187591.4,143547.888
002344,2026-02-05,5.07,0.007952,221807.02,111868.167
002345,2026-02-05,12.33,-0.020651000000000003,110619.0,136923.69
002346,2026-02-05,19.94,-0.027791,35224.0,70856.001
002347,2026-02-05,9.76,-0.010142,177667.0,173245.525
002348,2026-02-05,6.05,-0.003295,114798.0,69823.005
002349,2026-02-05,7.61,0.003958,145172.77,110922.092
002350,2026-02-05,9.49,-0.060396,266560.57,257296.857
002351,2026-02-05,12.33,0.004072,76165.03,93867.655
002352,2026-02-05,39.22,0.019496,543935.58,2137757.102
002353,2026-02-05,87.0,-0.067324,330592.74,2864039.329
002354,2026-02-05,7.2,-0.009629,978382.12,702784.368
002355,2026-02-05,7.48,0.1,930132.89,677807.19
002356,2026-02-05,4.0,-0.029126,564093.0,226425.573
002357,2026-02-05,14.76,0.099851,144938.41,207680.559
002358,2026-02-05,7.32,-0.051813000000000005,921385.99,684569.815
002360,2026-02-05,5.3,-0.003759,97246.72,51689.846
002361,2026-02-05,13.85,0.10007899999999999,2101427.39,2734320.51
002362,2026-02-05,21.23,-0.004688,33972.0,72432.473
002363,2026-02-05,9.11,-0.02358,88676.9,81346.248
002364,2026-02-05,29.76,-0.100091,422701.77,1282357.79
002365,2026-02-05,14.88,0.001346,58427.0,87432.158
002366,2026-02-05,7.48,-0.018373,361136.51,271241.923
002367,2026-02-05,8.22,-0.016746,116269.0,95840.384
002368,2026-02-05,22.03,-0.012108,56255.13,124326.719
002369,2026-02-05,8.12,-0.00612,90198.0,73405.09
002370,2026-02-05,7.12,0.0014060000000000001,117187.42,83329.168
002371,2026-02-05,470.12,-0.0010199999999999999,77070.65,3566880.624
002372,2026-02-05,12.54,0.002398,181018.36,227540.6
002373,2026-02-05,12.35,-0.010417000000000001,269605.24,333641.205
002374,2026-02-05,3.54,-0.013928000000000001,359503.33,128982.717
002375,2026-02-05,4.53,0.011161,839138.95,384632.018
002376,2026-02-05,7.85,-0.011335,114687.0,90646.744
002377,2026-02-05,3.44,0.020772,418459.96,144537.592
002378,2026-02-05,22.55,-0.013561,519865.59,1166587.808
002379,2026-02-05,29.4,-0.018364000000000002,141186.04,413178.52
002380,2026-02-05,30.0,-0.006623,54243.9,162463.486
002381,2026-02-05,7.04,-0.011236,52354.0,37140.071
002382,2026-02-05,5.9,-0.010067,69143.22,41039.095
002383,2026-02-05,11.21,-0.013204,144519.42,162323.371
002384,2026-02-05,73.4,0.006307,825266.93,5815136.301
002385,2026-02-05,4.04,-0.021792,2090398.41,845819.101
002386,2026-02-05,5.85,-0.026622,232694.46,137787.867
002387,2026-02-05,8.82,-0.004515,100699.02,88664.554
002388,2026-02-05,5.49,-0.016129,137898.0,76260.343
002389,2026-02-05,23.49,-0.006345,184168.11,434643.242
002390,2026-02-05,3.36,0.0,282050.78,94866.812
002391,2026-02-05,6.34,-0.009375,84116.0,53713.848
002392,2026-02-05,7.99,-0.008685,167252.0,133704.901
002393,2026-02-05,22.19,0.018357000000000002,44339.39,98217.921
002394,2026-02-05,14.18,0.0,54559.27,77471.574
002395,2026-02-05,19.84,-0.002012,58945.0,118103.024
002396,2026-02-05,27.22,-0.038842,161772.3,444349.185
002397,2026-02-05,4.43,-0.032751,184693.99,82723.879
002398,2026-02-05,5.9,-0.016667,190995.0,113359.34
002399,2026-02-05,12.17,-0.0024590000000000002,29746.45,36302.826
002400,2026-02-05,11.56,-0.010274,2427386.03,2799814.417
002401,2026-02-05,16.26,-0.006111999999999999,30630.0,50073.353
002402,2026-02-05,36.05,-0.022505,265659.06,961181.572
002403,2026-02-05,12.2,-0.00813,20513.64,25060.168
002404,2026-02-05,7.51,0.010767,178807.0,134610.786
002405,2026-02-05,10.81,-0.010073,624610.51,675108.903
002406,2026-02-05,8.06,-0.01467,130859.0,106098.727
002407,2026-02-05,28.04,-0.031768,371682.57,1049089.388
002408,2026-02-05,5.65,-0.017391,368027.9,208689.94
002409,2026-02-05,88.64,-0.00728,103716.79,903149.624
002410,2026-02-05,13.51,-0.018882,353754.05,480272.411
002412,2026-02-05,6.9,0.008772,98183.0,67721.969
002413,2026-02-05,14.65,0.030964000000000002,2600549.26,3728399.97
002414,2026-02-05,16.77,0.0,463236.86,773753.348
002415,2026-02-05,32.5,0.017852,922449.38,2991347.05
002416,2026-02-05,12.87,-0.0069440000000000005,146990.37,189747.801
002418,2026-02-05,4.57,-0.033826999999999996,405330.0,187253.009
002419,2026-02-05,5.84,0.010381,336328.14,196363.668
002420,2026-02-05,7.82,-0.02005,108594.66,85651.14
002421,2026-02-05,2.86,-0.010381,354432.0,101916.264
002422,2026-02-05,31.48,0.012219,98206.49,308054.699
002423,2026-02-05,10.94,-0.01085,129023.43,141329.046
002424,2026-02-05,4.22,0.002375,155161.0,65767.876
002425,2026-02-05,3.84,-0.005181,158245.6,61033.461
002426,2026-02-05,4.24,-0.034169,1917871.85,825781.757
002427,2026-02-05,7.52,-0.009223,221954.87,167184.342
002428,2026-02-05,34.21,-0.031974999999999996,268427.63,918227.438
002429,2026-02-05,9.46,-0.018672,1071113.86,1003970.745
002430,2026-02-05,30.46,-0.025592,90277.03,276645.827
002431,2026-02-05,2.66,-0.007463,376858.0,100986.843
002432,2026-02-05,41.45,0.0009660000000000001,69148.29,286825.908
002434,2026-02-05,9.53,-0.023565999999999997,173510.0,165851.031
002436,2026-02-05,21.82,-0.044657999999999996,836927.57,1830434.755
002437,2026-02-05,3.42,-0.011560999999999998,430757.0,147880.503
002438,2026-02-05,17.09,-0.044718,251961.05,431908.047
002439,2026-02-05,14.07,-0.011937999999999999,137215.13,193180.553
002440,2026-02-05,12.01,-0.036889,1109090.56,1329863.158
002441,2026-02-05,10.53,-0.040109000000000006,442599.32,470188.539
002442,2026-02-05,6.42,-0.013825,83190.0,53706.86
002443,2026-02-05,8.49,-0.041761,214273.0,183353.535
002444,2026-02-05,36.42,-0.010057,68729.27,250348.164
002445,2026-02-05,2.71,-0.014544999999999999,562016.5,153537.372
002446,2026-02-05,11.66,-0.031561,539686.83,631699.647
002448,2026-02-05,13.41,-0.040773000000000004,184007.0,249023.565
002449,2026-02-05,8.48,-0.005862000000000001,72838.6,62040.063
002451,2026-02-05,10.29,-0.041006999999999995,226517.52,234863.147
002452,2026-02-05,9.88,-0.080074,601183.66,601671.112
002453,2026-02-05,5.88,-0.008432,109945.11,65103.301
002454,2026-02-05,9.08,-0.017316,68902.0,62919.094
002455,2026-02-05,10.13,-0.060297,1466163.26,1502488.877
002456,2026-02-05,9.79,-0.012109000000000002,427136.33,418601.332
002457,2026-02-05,12.53,-0.008702999999999999,152784.0,192976.622
002458,2026-02-05,9.62,-0.002075,107691.85,104053.567
002459,2026-02-05,12.07,-0.072965,1576163.36,1924971.203
002460,2026-02-05,62.91,-0.06314199999999999,493993.92,3145729.036
002461,2026-02-05,9.49,0.012806999999999999,146699.56,139232.946
002462,2026-02-05,16.28,-0.034401,193469.09,319970.385
002463,2026-02-05,65.97,-0.0057269999999999995,431278.99,2860746.511
002465,2026-02-05,17.39,-0.017514000000000002,1136149.14,1985149.819
002466,2026-02-05,49.44,-0.062749,576453.53,2888608.087
002467,2026-02-05,7.34,0.10045,2180233.45,1539337.519
002468,2026-02-05,13.04,0.003077,139432.36,182997.49
002469,2026-02-05,9.06,-0.019481,83964.5,76503.651
002470,2026-02-05,1.99,-0.019704,1132943.0,228402.01
002471,2026-02-05,9.53,0.048405,4576178.33,4252590.927
002472,2026-02-05,40.6,-0.021922,151910.0,617600.962
002474,2026-02-05,8.96,0.0022370000000000003,245516.09,219602.54
002475,2026-02-05,51.7,-0.0038540000000000002,759859.41,3948087.323
002476,2026-02-05,6.3,-0.015625,115034.0,73181.529
002478,2026-02-05,9.63,-0.074038,515908.67,502769.128
002479,2026-02-05,5.24,-0.020561,114230.9,60238.537
002480,2026-02-05,6.26,-0.014173,70615.0,44325.428
002481,2026-02-05,5.16,0.011765000000000001,156999.49,80797.022
002482,2026-02-05,1.73,-0.0057469999999999995,574563.16,100157.153
002483,2026-02-05,7.42,-0.010667,143635.19,107366.543
002484,2026-02-05,28.15,-0.024602,215562.44,605059.602
002485,2026-02-05,4.39,0.035377,84851.0,37095.696
002486,2026-02-05,3.19,0.009494,391301.01,126188.515
002487,2026-02-05,62.53,-0.014033,112586.93,699990.313
002488,2026-02-05,13.22,-0.006015,428653.54,572071.892
002489,2026-02-05,3.79,-0.002632,307007.5,116975.526
002490,2026-02-05,7.81,-0.064671,504062.02,405900.521
002491,2026-02-05,8.97,-0.039615,2056759.38,1853305.18
002492,2026-02-05,8.68,0.009302,206631.0,182840.432
002493,2026-02-05,13.79,-0.018505,578306.55,801047.46
002494,2026-02-05,5.75,-0.008621,140811.0,81905.037
002495,2026-02-05,2.79,0.01087,263462.0,73325.62
002496,2026-02-05,1.77,0.017241,260229.25,46301.662
002497,2026-02-05,24.03,-0.050198,411424.2,998957.499
002498,2026-02-05,5.67,-0.040609,1639747.96,939590.883
002500,2026-02-05,6.04,0.003322,308325.82,185868.271
002501,2026-02-05,1.91,-0.020513,1531830.8,292579.345
002506,2026-02-05,4.16,0.100529,12666594.99,5196736.095
002507,2026-02-05,13.56,0.013453,362645.01,491074.216
002508,2026-02-05,22.0,0.019462,177979.76,390641.476
002510,2026-02-05,7.53,0.025886,552699.01,413159.5
002511,2026-02-05,8.17,0.018703,307358.61,252361.517
002512,2026-02-05,6.08,0.006623,552177.81,335946.546
002513,2026-02-05,7.16,0.001399,101711.03,73007.372
002514,2026-02-05,5.09,0.018000000000000002,305189.0,155141.109
002515,2026-02-05,5.94,-0.001681,207445.58,124229.626
002516,2026-02-05,6.57,-0.007553,131667.0,86870.193
002517,2026-02-05,22.23,-0.009358,353512.26,787942.58
002518,2026-02-05,51.26,-0.09991199999999999,131870.2,690381.434
002519,2026-02-05,8.65,0.024882,1805197.14,1539015.422
002520,2026-02-05,5.87,-0.013445,111260.0,65639.154
002521,2026-02-05,8.49,-0.004689,31222.0,26641.144
002522,2026-02-05,5.99,-0.014803,277625.0,166709.926
002523,2026-02-05,4.46,-0.028322,320182.12,144398.72
002524,2026-02-05,4.7,0.006424,355577.32,168538.404
002526,2026-02-05,3.79,-0.020672000000000003,402126.08,153442.715
002527,2026-02-05,16.07,-0.011685000000000001,119948.23,193402.657
002528,2026-02-05,2.59,0.048583,171384.75,44112.585
002529,2026-02-05,6.86,0.0,25034.0,17166.294
002530,2026-02-05,10.29,-0.010577000000000001,132428.6,136794.674
002531,2026-02-05,8.63,-0.019318,597678.87,514635.453
002532,2026-02-05,17.57,-0.039891,557541.18,979668.329
002533,2026-02-05,13.75,-0.04844299999999999,279629.02,390117.23
002534,2026-02-05,17.86,-0.04492,182535.52,329821.159
002535,2026-02-05,3.88,-0.015227999999999998,124537.3,48726.897
002536,2026-02-05,28.09,-0.042603999999999996,368124.33,1034931.333
002537,2026-02-05,8.95,-0.001116,285679.0,255123.028
002538,2026-02-05,6.82,-0.024319999999999998,144947.8,99536.609
002539,2026-02-05,14.24,-0.016575,215276.37,307253.322
002540,2026-02-05,7.37,-0.045336999999999995,230997.0,172372.573
002541,2026-02-05,22.71,-0.022385000000000002,62554.35,142994.617
002542,2026-02-05,3.39,-0.008772,167878.64,57132.162
002543,2026-02-05,9.3,0.0,55483.3,51713.122
002544,2026-02-05,31.48,-0.018703,131631.95,415852.288
002545,2026-02-05,25.56,-0.04090099999999999,173252.66,445013.302
002546,2026-02-05,8.82,-0.033954,477674.4,422866.954
002547,2026-02-05,3.75,0.008065,1082522.36,402960.258
002548,2026-02-05,6.51,-0.01214,202435.47,132183.476
002549,2026-02-05,20.59,-0.022317,181619.29,375926.808
002550,2026-02-05,7.86,0.0,118372.66,93291.115
002551,2026-02-05,3.85,-0.005168000000000001,90506.2,34982.648
002552,2026-02-05,20.0,-0.0034879999999999998,93839.62,187016.896
002553,2026-02-05,26.74,-0.025865,82598.97,222303.073
002554,2026-02-05,3.94,-0.022333,1450106.64,599407.297
002555,2026-02-05,24.98,-0.012258,419732.93,1050377.816
002556,2026-02-05,6.25,-0.012638,150804.3,95129.671
002557,2026-02-05,24.2,0.021097,141184.74,342002.934
002558,2026-02-05,41.02,-0.012993,266393.14,1099291.135
002559,2026-02-05,10.36,-0.017078,165755.0,172913.23
002560,2026-02-05,10.24,-0.041199000000000006,335558.3,345832.412
002561,2026-02-05,9.06,0.001105,94843.73,86021.614
002562,2026-02-05,7.29,-0.031873,835822.6,618712.85
002563,2026-02-05,5.68,0.012478,386815.56,219579.667
002564,2026-02-05,7.41,-0.021136,101756.0,75909.259
002565,2026-02-05,17.14,-0.040851,1640900.55,2814422.08
002566,2026-02-05,8.31,0.001205,72010.0,60168.788
002567,2026-02-05,4.39,-0.002273,176180.61,77298.76
002568,2026-02-05,21.58,0.037999,251885.89,543321.598
002569,2026-02-05,13.9,-0.009266,9055.0,12596.367
002570,2026-02-05,6.17,0.001623,311298.77,192429.463
002571,2026-02-05,11.97,-0.029984,103277.0,126830.841
002572,2026-02-05,15.08,0.000664,194790.39,294498.158
002573,2026-02-05,3.84,-0.007752,80979.95,31183.185
002574,2026-02-05,6.39,-0.015408,134130.0,86148.673
002575,2026-02-05,8.06,0.099591,827603.8,639524.269
002576,2026-02-05,17.77,-0.020397,33190.0,59377.323
002577,2026-02-05,17.96,-0.000556,13615.03,24522.078
002578,2026-02-05,4.31,-0.029279000000000003,357886.0,155122.84
002579,2026-02-05,11.45,-0.023038,157980.67,181873.532
002580,2026-02-05,12.69,-0.030558000000000002,111313.0,142038.733
002581,2026-02-05,7.38,-0.025099,47419.0,35326.449
002582,2026-02-05,12.5,-0.012638,322093.94,406848.302
002583,2026-02-05,10.89,-0.011797,195710.16,213639.702
002584,2026-02-05,8.67,-0.01812,186182.5,162269.689
002585,2026-02-05,6.79,-0.032764,257665.22,176504.821
002586,2026-02-05,4.73,0.006383,94987.0,44653.053
002587,2026-02-05,6.92,0.007278,182471.25,126630.273
002588,2026-02-05,10.66,-0.014787,104912.56,112681.423
002589,2026-02-05,3.35,-0.014705999999999999,354214.58,119069.926
002590,2026-02-05,14.74,0.0075190000000000005,105238.53,155241.76
002591,2026-02-05,7.92,0.016688,248470.0,196995.951
002592,2026-02-05,10.24,0.004907,59182.0,60663.912
002593,2026-02-05,6.03,-0.011474999999999999,299373.91,181226.246
002594,2026-02-05,90.11,0.010882000000000001,354240.31,3184480.193
002595,2026-02-05,84.33,-0.011372,25459.98,214816.061
002596,2026-02-05,4.52,-0.006593,516891.91,235614.144
002597,2026-02-05,23.05,-0.012001999999999999,56179.08,129716.103
002598,2026-02-05,10.03,-0.014735,56691.25,57317.313
002599,2026-02-05,7.9,-0.005038,121247.0,96325.962
002600,2026-02-05,14.75,-0.019934,634266.63,940237.771
002601,2026-02-05,20.63,-0.017151,149358.48,309772.936
002602,2026-02-05,19.42,-0.005632000000000001,1121392.53,2183458.313
002603,2026-02-05,17.63,-0.003955,143036.11,252715.601
002605,2026-02-05,25.6,-0.007367,58977.82,151841.957
002606,2026-02-05,11.6,-0.044481,431620.61,505320.548
002607,2026-02-05,2.83,-0.017361,1224170.9,348756.32
002608,2026-02-05,7.68,-0.007752,161919.02,124507.233
002609,2026-02-05,10.4,-0.009524,109658.04,114610.915
002611,2026-02-05,17.74,-0.017175,211843.75,376837.706
002612,2026-02-05,19.4,0.029724,174161.91,337925.896
002613,2026-02-05,4.05,-0.00978,226780.43,91963.705
002614,2026-02-05,7.03,-0.002837,138633.0,98130.405
002615,2026-02-05,8.99,0.030962999999999997,268611.0,242015.489
002616,2026-02-05,5.8,-0.016949000000000002,114619.42,66778.095
002617,2026-02-05,8.77,-0.036264,891364.26,787958.143
002620,2026-02-05,5.92,0.0033900000000000002,42071.5,25007.899
002622,2026-02-05,3.02,0.006666999999999999,164623.0,49786.179
002623,2026-02-05,26.86,-0.056219,338262.4,913203.358
002624,2026-02-05,17.79,0.015991,653041.64,1168168.144
002625,2026-02-05,46.09,-0.005824,162607.78,752327.391
002626,2026-02-05,19.0,0.010638000000000002,64256.75,122595.713
002627,2026-02-05,10.01,0.1,396225.49,385082.387
002628,2026-02-05,4.4,-0.01566,142087.0,62953.083
002629,2026-02-05,6.05,-0.006568000000000001,133024.0,80718.862
002630,2026-02-05,2.39,0.048246000000000004,238657.68,56447.196
002631,2026-02-05,5.81,-0.011904999999999999,115290.0,67277.146
002632,2026-02-05,12.03,-0.020358,103984.0,125737.37
002633,2026-02-05,16.61,0.0042320000000000005,27059.0,45220.936
002634,2026-02-05,6.27,0.046745,201638.5,125098.457
002635,2026-02-05,13.82,-0.007184,57618.0,79666.024
002636,2026-02-05,23.46,-0.022907,189393.46,446139.939
002637,2026-02-05,13.75,-0.005785,126656.56,176700.746
002638,2026-02-05,2.99,-0.019672000000000002,392727.0,117866.574
002639,2026-02-05,20.99,-0.005685,925680.86,1950015.88
002640,2026-02-05,3.98,-0.014851000000000001,328224.0,130929.054
002641,2026-02-05,4.55,-0.013015,167202.5,76503.951
002642,2026-02-05,8.34,-0.001198,121224.0,101425.176
002643,2026-02-05,16.41,-0.023795,170347.24,280132.509
002644,2026-02-05,10.02,0.009063,372550.6,369088.591
002645,2026-02-05,14.5,-0.050426,175504.03,257604.486
002646,2026-02-05,9.3,-0.015872999999999998,174838.57,163758.738
002647,2026-02-05,9.01,-0.049578,286155.13,259670.696
002648,2026-02-05,22.2,-0.020732,575124.53,1288833.088
002649,2026-02-05,13.44,-0.018978,141338.71,191127.344
002650,2026-02-05,6.31,-0.014063,31044.0,19671.406
002651,2026-02-05,10.88,-0.008204,81332.0,88808.957
002652,2026-02-05,4.19,0.002392,237247.71,99639.745
002653,2026-02-05,47.36,0.006161,25106.56,119046.54
002654,2026-02-05,13.9,-0.002869,553986.81,768342.23
002655,2026-02-05,12.59,-0.018706,70721.0,89684.171
002656,2026-02-05,2.68,0.0,60590.0,16203.322
002657,2026-02-05,27.8,-0.013485,68451.04,191096.097
002658,2026-02-05,10.27,0.012821,373665.81,381649.842
002659,2026-02-05,6.19,-0.0096,156154.0,97332.448
002660,2026-02-05,9.47,-0.013542,38907.0,37016.674
002661,2026-02-05,9.64,-0.00207,39027.0,37804.551
002662,2026-02-05,4.13,-0.021327,262902.05,109321.497
002663,2026-02-05,2.04,-0.014493,265237.87,54951.563
002664,2026-02-05,25.84,-0.032934,77354.38,201727.455
002666,2026-02-05,5.6,-0.014085,112869.0,63743.234
002667,2026-02-05,19.45,-0.053987999999999994,308612.14,614466.996
002668,2026-02-05,10.09,0.013052,151110.99,152456.327
002669,2026-02-05,14.14,-0.026841,100636.0,142961.636
002670,2026-02-05,17.01,0.025935,668193.45,1130930.586
002671,2026-02-05,5.83,-0.008503,163760.01,96665.316
002672,2026-02-05,4.67,-0.018908,59971.0,28280.616
002673,2026-02-05,7.96,0.002519,295364.15,234837.005
002674,2026-02-05,14.32,0.001399,43762.0,62311.757
002675,2026-02-05,13.63,-0.008727,64320.87,87961.087
002676,2026-02-05,8.03,-0.013514,104856.0,84291.794
002677,2026-02-05,9.53,0.004215,81815.2,77833.212
002678,2026-02-05,5.75,-0.00519,364151.6,211180.86
002679,2026-02-05,11.95,0.016156,121772.6,147226.801
002681,2026-02-05,6.31,-0.006299,259342.25,163752.511
002682,2026-02-05,7.27,0.011127,662328.5,485662.152
002683,2026-02-05,48.32,0.010879000000000002,110300.93,534715.503
002685,2026-02-05,6.88,-0.017143,192884.0,133668.202
002686,2026-02-05,6.89,-0.008633,87941.53,60785.311
002687,2026-02-05,5.17,0.005837,111114.03,57600.698
002688,2026-02-05,6.25,-0.014196,122629.0,76951.799
002689,2026-02-05,3.86,-0.005155,177693.1,69306.205
002690,2026-02-05,19.47,0.007243,92398.96,178492.712
002691,2026-02-05,9.25,0.0,156730.44,145010.03
002692,2026-02-05,5.48,-0.026643,120201.24,66433.42
002693,2026-02-05,7.84,-0.006337000000000001,115112.05,92239.97
002694,2026-02-05,3.43,0.023881,329389.09,115310.842
002695,2026-02-05,11.59,0.008702999999999999,49019.93,56994.116
002696,2026-02-05,7.55,-0.011779999999999999,57150.03,43651.088
002697,2026-02-05,6.16,0.018182,750079.97,458222.725
002698,2026-02-05,16.06,-0.016534,88681.5,143186.805
002700,2026-02-05,7.35,-0.010767,69594.0,51338.401
002701,2026-02-05,5.76,0.0034839999999999997,246763.96,142360.896
002702,2026-02-05,7.69,0.10014300000000001,792381.48,589161.587
002703,2026-02-05,20.95,-0.020112,454777.21,958996.066
002705,2026-02-05,14.19,0.00567,73977.44,104961.967
002706,2026-02-05,10.24,-0.063129,400103.5,415177.688
002707,2026-02-05,8.27,0.026055000000000002,751068.51,615813.988
002708,2026-02-05,13.45,-0.005913000000000001,137373.0,185652.288
002709,2026-02-05,39.35,-0.024783,334884.39,1326335.592
002712,2026-02-05,6.5,0.009316999999999999,269338.0,175908.909
002713,2026-02-05,9.61,0.050273000000000005,225574.46,211540.304
002714,2026-02-05,46.73,-0.002774,415359.03,1951278.349
002715,2026-02-05,17.1,-0.005814000000000001,32863.5,56233.817
002716,2026-02-05,13.9,-0.099741,1716093.31,2437718.021
002717,2026-02-05,1.65,0.03125,697865.4,114217.148
002718,2026-02-05,78.9,-0.018779,22967.62,178067.902
002719,2026-02-05,9.57,0.0031450000000000002,86272.59,83192.968
002721,2026-02-05,3.38,-0.031519,735355.36,250852.616
002722,2026-02-05,15.71,-0.012571,27893.16,44087.294
002723,2026-02-05,8.92,-0.013274,92777.08,83540.019
002724,2026-02-05,7.46,-0.014531,130099.8,97297.817
002725,2026-02-05,14.87,-0.0026829999999999996,63877.0,95120.222
002726,2026-02-05,4.11,0.007352999999999999,199945.99,82552.267
002727,2026-02-05,14.13,0.005694,122277.18,173046.545
002728,2026-02-05,11.95,-0.004996,302643.48,364084.434
002729,2026-02-05,19.03,-0.004707,73040.09,139973.235
002730,2026-02-05,15.72,-0.018727,48629.2,76939.024
002731,2026-02-05,10.84,-0.019005,200063.0,218240.953
002732,2026-02-05,17.91,0.005615,32419.91,58291.342
002733,2026-02-05,19.87,-0.030732,79842.57,159531.09
002734,2026-02-05,19.79,-0.022716,335393.92,671150.555
002735,2026-02-05,17.89,0.005056000000000001,171180.0,307612.385
002736,2026-02-05,12.55,0.008032000000000001,293819.54,367046.58
002737,2026-02-05,14.18,0.00212,24488.6,34710.133
002738,2026-02-05,79.13,-0.054035,256537.58,2038579.357
002739,2026-02-05,12.07,0.028109000000000002,1520912.0,1832389.919
002741,2026-02-05,20.27,-0.031534,112733.05,230173.619
002742,2026-02-05,4.26,0.049261,103138.14,43475.938
002743,2026-02-05,5.76,-0.013699,73230.0,42529.726
002745,2026-02-05,9.39,-0.031959,302032.12,286670.831
002746,2026-02-05,6.36,0.001575,155216.95,99023.15
002747,2026-02-05,23.41,-0.022547,118401.67,278951.45
002748,2026-02-05,12.33,0.0008119999999999999,68729.02,85136.534
002749,2026-02-05,13.7,0.007352999999999999,28451.69,38965.508
002752,2026-02-05,6.74,0.002976,166637.05,112642.2
002753,2026-02-05,7.66,-0.010336000000000001,58707.0,45318.73
002755,2026-02-05,16.18,0.004345,79520.0,129041.796
002756,2026-02-05,47.0,-0.045491000000000004,115188.16,546351.023
002757,2026-02-05,22.08,0.00868,405767.65,894674.987
002758,2026-02-05,10.18,-0.014521,108615.5,110999.067
002759,2026-02-05,36.63,-0.036306,276452.33,1019921.207
002760,2026-02-05,23.27,-0.00513,27466.0,64085.76
002761,2026-02-05,8.6,-0.011493999999999999,102177.0,88370.569
002762,2026-02-05,6.88,0.0029149999999999996,11557.0,7950.887
002763,2026-02-05,8.22,0.00612,64727.0,53227.905
002765,2026-02-05,11.64,-0.014395,144848.44,169717.974
002766,2026-02-05,5.8,0.008696,395472.19,229734.756
002767,2026-02-05,23.95,-0.0066359999999999995,24424.5,58575.135
002768,2026-02-05,51.71,-0.062885,47246.22,248018.752
002769,2026-02-05,12.68,0.034258000000000004,254101.35,321716.169
002771,2026-02-05,15.45,0.011788,53415.0,82398.533
002772,2026-02-05,16.72,-0.015312,119197.95,199880.518
002773,2026-02-05,29.0,0.009047,82588.67,240485.251
002774,2026-02-05,11.27,-0.009666000000000001,63872.81,72348.957
002775,2026-02-05,4.32,-0.011442,111985.4,48843.221
002777,2026-02-05,19.36,-0.009212,79201.04,153975.008
002778,2026-02-05,21.68,-0.014993000000000001,16762.0,36704.332
002779,2026-02-05,97.81,-0.023559999999999998,17125.0,168100.979
002780,2026-02-05,16.97,-0.000589,137377.55,235720.133
002782,2026-02-05,21.22,-0.074171,185704.06,401105.918
002783,2026-02-05,9.83,-0.020916,105127.0,104119.102
002785,2026-02-05,46.15,-0.017458,109392.0,502073.148
002786,2026-02-05,8.4,-0.004739,50495.23,42568.674
002787,2026-02-05,12.46,-0.040801,105116.0,132802.687
002788,2026-02-05,16.98,0.022892000000000003,656161.67,1127583.941
002789,2026-02-05,10.05,-0.0049499999999999995,20375.4,20604.104
002790,2026-02-05,8.63,0.0,57909.04,50195.999
002791,2026-02-05,25.99,0.011284,255262.5,672525.819
002792,2026-02-05,51.25,-0.02954,615665.16,3165219.952
002793,2026-02-05,4.79,-0.0062239999999999995,122956.0,59262.994
002795,2026-02-05,6.69,0.004505,148325.72,98939.454
002796,2026-02-05,42.01,-0.020746,132512.68,563327.034
002797,2026-02-05,6.92,-0.001443,420990.32,291281.827
002798,2026-02-05,6.67,-0.005960999999999999,75664.94,50470.683
002799,2026-02-05,9.66,0.014705999999999999,191935.3,185767.361
002800,2026-02-05,17.36,-0.029625,55874.16,97646.63
002801,2026-02-05,34.55,-0.022631000000000002,17901.0,62114.811
002802,2026-02-05,13.71,-0.003634,45765.41,63171.326
002803,2026-02-05,18.99,-0.007837,95392.45,182894.37
002805,2026-02-05,15.85,-0.029394,62525.5,99989.48
002806,2026-02-05,13.78,-0.002894,154272.26,214084.199
002807,2026-02-05,4.66,0.019694,570598.75,264467.625
002808,2026-02-05,4.85,-0.035785,54048.04,26612.79
002809,2026-02-05,14.03,-0.040355999999999996,339887.51,484889.021
002810,2026-02-05,18.92,-0.042994000000000004,251366.1,483299.686
002811,2026-02-05,14.31,-0.0034820000000000003,53993.5,77664.061
002812,2026-02-05,52.22,-0.013973,344776.59,1844598.363
002813,2026-02-05,28.47,0.0031709999999999998,17092.0,48610.038
002815,2026-02-05,14.44,-0.028264,284919.42,413408.889
002816,2026-02-05,25.0,-0.016135,21578.0,54083.104
002817,2026-02-05,8.31,0.003623,69312.49,57947.324
002818,2026-02-05,11.81,0.007679,33203.2,39179.662
002819,2026-02-05,27.6,-0.010043,30787.0,85899.866
002820,2026-02-05,12.41,0.006488000000000001,79170.63,98720.908
002821,2026-02-05,102.5,0.024794999999999998,53237.17,542807.148
002822,2026-02-05,3.33,-0.029155,160095.42,53778.549
002823,2026-02-05,15.6,-0.016393,42071.0,65961.753
002824,2026-02-05,24.11,-0.015918,165768.91,405325.626
002825,2026-02-05,10.85,-0.01184,44327.34,48353.739
002826,2026-02-05,21.46,0.010358000000000001,122276.74,264925.22
002827,2026-02-05,34.77,0.002884,30846.4,107509.983
002828,2026-02-05,12.41,-0.01664,183616.24,229585.476
002829,2026-02-05,26.32,-0.011640999999999999,55073.58,145378.233
002830,2026-02-05,27.86,-0.09983800000000001,251312.9,738614.291
002831,2026-02-05,30.15,0.004665,76300.38,228441.661
002832,2026-02-05,15.6,0.044876,303383.25,474586.388
002833,2026-02-05,18.5,-0.017003,30716.6,57041.332
002835,2026-02-05,17.09,-0.006395,26565.0,45609.378
002836,2026-02-05,14.97,0.019060999999999998,47951.76,71287.809
002837,2026-02-05,99.27,-0.066221,498362.2,5053506.363
002838,2026-02-05,27.62,-0.012865999999999999,35400.59,97654.488
002839,2026-02-05,4.67,0.024123000000000002,390451.56,181022.419
002840,2026-02-05,9.78,0.002049,100384.15,97984.052
002841,2026-02-05,38.37,0.0039250000000000005,45171.1,173223.293
002842,2026-02-05,25.87,-0.034701,465953.16,1218914.339
002843,2026-02-05,17.92,-0.023433000000000002,47292.66,85281.679
002845,2026-02-05,14.37,-0.014403,38988.8,56316.447
002846,2026-02-05,15.49,-0.011487,64895.0,100566.818
002847,2026-02-05,71.99,0.029164,53630.2,382837.318
002848,2026-02-05,11.13,-0.001794,49874.0,56114.514
002849,2026-02-05,19.38,-0.004622,60673.5,117841.94
002850,2026-02-05,161.86,-0.003938,46207.46,742718.697
002851,2026-02-05,117.6,-0.039922,153235.1,1803435.533
002852,2026-02-05,11.34,-0.000881,52955.0,60313.09
002853,2026-02-05,32.8,0.055340999999999994,116951.02,382544.378
002855,2026-02-05,16.18,-0.004308,12149.0,19682.452
002856,2026-02-05,15.58,0.009721,36346.43,56325.323
002857,2026-02-05,23.03,-0.019165,23449.0,54571.039
002858,2026-02-05,16.36,0.021861000000000002,77675.0,127905.42
002859,2026-02-05,36.7,-0.031407,84744.09,309515.809
002860,2026-02-05,14.53,-0.045961999999999996,269268.1,394112.453
002861,2026-02-05,19.38,-0.025640999999999997,50683.85,99113.14
002862,2026-02-05,18.75,0.002674,65882.2,125458.952
002863,2026-02-05,6.01,-0.009885,126721.9,76761.684
002864,2026-02-05,36.46,0.030526,74102.9,269321.312
002865,2026-02-05,102.86,-0.100009,113318.95,1167788.126
002866,2026-02-05,19.32,-0.006684,116720.5,225753.575
002867,2026-02-05,12.77,-0.000782,101324.15,129301.581
002868,2026-02-05,35.45,-0.018006,11208.44,39787.161
002869,2026-02-05,22.51,0.000444,16052.0,36132.847
002870,2026-02-05,39.85,-0.022086,42490.0,171231.017
002871,2026-02-05,19.75,-0.010521,21057.1,41850.599
002872,2026-02-05,4.96,0.020575999999999997,45148.0,22221.682
002873,2026-02-05,10.47,0.001914,36190.24,37945.0
002875,2026-02-05,17.46,0.011002000000000001,47624.92,83455.342
002876,2026-02-05,25.44,-0.0054730000000000004,26007.55,66142.921
002877,2026-02-05,9.28,-0.021097,63882.0,59837.511
002878,2026-02-05,20.29,0.027341999999999998,179825.45,364005.941
002879,2026-02-05,21.35,-0.038721,72212.32,154678.764
002880,2026-02-05,29.7,-0.033203,254789.66,814540.998
002881,2026-02-05,46.01,-0.008405000000000001,47191.77,218192.106
002882,2026-02-05,31.3,-0.022486000000000003,39598.0,124621.704
002883,2026-02-05,10.77,-0.0018540000000000002,40304.4,43688.899
002884,2026-02-05,17.89,0.006187000000000001,28616.8,51034.911
002885,2026-02-05,26.2,-0.047965,137693.78,364828.865
002886,2026-02-05,22.13,-0.028534,50115.1,111248.006
002887,2026-02-05,10.19,0.025151,115189.3,116495.852
002888,2026-02-05,21.6,0.00232,30029.4,64654.302
002889,2026-02-05,15.09,-0.001984,15052.96,22720.356
002890,2026-02-05,17.05,0.0,17719.43,30299.168
002891,2026-02-05,49.75,0.023873000000000002,53529.57,266021.704
002892,2026-02-05,12.43,-0.007981,68791.45,85726.494
002893,2026-02-05,11.52,-0.016225,67349.38,78184.651
002895,2026-02-05,37.2,-0.028721,96346.9,364165.761
002896,2026-02-05,80.04,-0.017552,27210.9,218412.158
002897,2026-02-05,52.9,-0.035727,78253.54,415303.933
002898,2026-02-05,12.46,0.030604,23978.47,29842.615
002899,2026-02-05,31.99,0.008511999999999999,32350.49,102776.53
002900,2026-02-05,12.16,0.002473,26208.0,31952.82
002901,2026-02-05,50.14,0.016214,17636.0,88337.843
002902,2026-02-05,20.43,-0.019202999999999998,40587.0,83490.927
002903,2026-02-05,22.11,0.002721,52528.93,116073.46
002905,2026-02-05,13.33,0.099835,282277.16,360304.934
002906,2026-02-05,31.18,0.0,64877.99,202341.188
002907,2026-02-05,15.02,0.007378,23552.06,35412.527
002908,2026-02-05,10.06,-0.012758,66822.96,67735.394
002909,2026-02-05,7.26,-0.014924999999999999,86813.0,63587.118
002910,2026-02-05,12.84,0.030497999999999997,260827.08,335735.466
002911,2026-02-05,14.43,-0.010966,100193.28,144846.352
002912,2026-02-05,30.7,-0.015394000000000001,24574.6,76090.375
002913,2026-02-05,39.55,-0.01125,29315.28,116545.366
002915,2026-02-05,22.24,-0.018535,46445.0,103766.825
002916,2026-02-05,225.25,-0.020652,51076.77,1154570.575
002917,2026-02-05,14.14,-0.011189,43802.4,62189.24
002918,2026-02-05,16.31,-0.003665,35228.0,57463.533
002919,2026-02-05,26.15,0.000383,94745.38,249061.076
002920,2026-02-05,122.34,-0.002121,62349.71,765579.559
002921,2026-02-05,23.39,0.015191,56500.08,131906.466
002922,2026-02-05,40.2,-0.08967399999999999,279450.85,1134817.006
002923,2026-02-05,15.71,0.012895,131466.21,206432.464
002925,2026-02-05,20.14,-0.017561,85894.7,173192.427
002926,2026-02-05,9.06,0.001105,183667.32,166138.753
002927,2026-02-05,18.62,-0.045618,80116.0,150534.461
002928,2026-02-05,11.82,0.025152,442870.42,521412.315
002929,2026-02-05,44.81,-0.004222,60060.0,268235.626
002930,2026-02-05,12.59,-0.012549,139238.25,176151.181
002931,2026-02-05,116.5,0.054870999999999996,252836.61,2872029.318
002932,2026-02-05,19.26,0.002081,19863.28,38233.84
002933,2026-02-05,35.87,0.002235,30263.0,108798.709
002935,2026-02-05,21.9,-0.002732,70851.23,155694.82
002936,2026-02-05,1.92,0.005235999999999999,1564858.64,299980.114
002937,2026-02-05,22.53,-0.045339,84435.88,192246.929
002938,2026-02-05,58.02,-0.060252999999999994,379156.12,2219953.869
002939,2026-02-05,9.83,0.001018,229151.75,225448.266
002940,2026-02-05,32.64,-0.00153,61291.33,200348.017
002941,2026-02-05,16.1,-0.014085,129275.6,208520.508
002942,2026-02-05,21.19,-0.001884,26974.3,57701.137
002943,2026-02-05,76.69,-0.099988,111159.91,869130.954
002945,2026-02-05,20.75,0.10021200000000001,851698.94,1697429.885
002946,2026-02-05,19.75,0.038381,123209.84,242126.919
002947,2026-02-05,44.72,-0.023580999999999998,51676.0,232505.812
002948,2026-02-05,5.55,0.005435,817930.24,452022.527
002949,2026-02-05,15.44,-0.014678,35563.0,55096.776
002950,2026-02-05,10.58,-0.006573,56729.5,60297.777
002951,2026-02-05,14.63,-0.0013650000000000001,98025.0,141979.56
002952,2026-02-05,23.9,-0.023693,126428.25,306380.371
002953,2026-02-05,12.54,-0.02866,85994.8,108306.292
002955,2026-02-05,27.55,-0.0036170000000000004,15060.15,41571.564
002956,2026-02-05,27.63,-0.017425,20011.8,55819.848
002957,2026-02-05,26.16,0.00038199999999999996,373852.98,988257.639
002958,2026-02-05,3.15,0.019417,849356.04,265941.712
002959,2026-02-05,44.78,0.018189999999999998,26945.3,120849.989
002960,2026-02-05,10.97,-0.013489,69378.72,76318.618
002961,2026-02-05,24.12,-0.00454,83257.47,201027.573
002962,2026-02-05,15.42,0.0012989999999999998,41635.0,64427.416
002963,2026-02-05,15.6,0.002571,25159.0,39297.798
002965,2026-02-05,34.16,-0.013571999999999999,48608.2,166603.602
002966,2026-02-05,8.39,0.01697,474740.49,395490.673
002967,2026-02-05,24.2,-0.010629999999999999,73487.0,178360.888
002968,2026-02-05,13.05,-0.012859,72290.0,94193.32
002969,2026-02-05,25.29,0.100043,805448.95,1953219.452
002970,2026-02-05,72.74,0.08115299999999999,232778.94,1630763.745
002971,2026-02-05,31.4,0.006733,38633.18,121429.76
002972,2026-02-05,12.56,0.0,24513.4,30830.164
002973,2026-02-05,14.92,0.0,36627.0,55097.709
002975,2026-02-05,77.8,-0.028107000000000004,44298.5,344543.041
002976,2026-02-05,28.16,-0.003891,14633.0,41321.709
002977,2026-02-05,30.88,0.003901,31311.24,96860.342
002978,2026-02-05,35.89,-0.033917,63802.64,229367.735
002979,2026-02-05,38.95,-0.012424,33667.56,131327.914
002980,2026-02-05,22.26,-0.003135,14355.4,31977.119
002981,2026-02-05,29.41,0.00034,20333.83,59947.339
002982,2026-02-05,14.53,-0.0013750000000000001,34195.08,49956.223
002983,2026-02-05,26.18,0.005376,123218.4,326057.761
002984,2026-02-05,21.2,0.0129,177538.87,376389.357
002985,2026-02-05,46.97,0.1,360866.3,1636801.191
002986,2026-02-05,12.08,-0.013071999999999999,36379.92,44173.244
002987,2026-02-05,19.0,0.000527,92013.73,174106.256
002988,2026-02-05,37.01,-0.032924,31627.02,117701.789
002989,2026-02-05,27.32,-0.019031,29051.0,80476.448
002990,2026-02-05,27.24,-0.012327999999999999,24876.0,68133.495
002991,2026-02-05,61.8,0.029657,12688.0,77950.647
002992,2026-02-05,55.02,0.015128999999999998,25952.0,142749.672
002993,2026-02-05,47.5,-0.020619000000000002,29405.56,139505.745
002995,2026-02-05,36.62,0.10003000000000001,385685.17,1364358.89
002996,2026-02-05,7.91,-0.033007,210126.1,167202.624
002997,2026-02-05,34.77,0.010462,40056.82,139516.413
002998,2026-02-05,8.36,-0.025640999999999997,104858.64,88197.343
002999,2026-02-05,7.47,0.004032,158134.8,119166.41
003000,2026-02-05,11.73,0.029851000000000003,132104.71,154192.851
003001,2026-02-05,19.94,-0.003996,16500.12,33101.271
003002,2026-02-05,28.03,-0.00989,41485.5,116358.983
003003,2026-02-05,13.96,-0.007112,45504.0,63870.465
003004,2026-02-05,26.23,-0.017603,6921.12,18164.627
003005,2026-02-05,20.31,-0.003922999999999999,24134.3,49252.187
003006,2026-02-05,22.66,0.043278,112442.0,253729.429
003007,2026-02-05,43.76,-0.009282,33634.0,147548.983
003008,2026-02-05,23.89,-0.002922,14889.1,35756.311
003009,2026-02-05,69.25,-0.0028799999999999997,48329.34,335862.126
003010,2026-02-05,34.84,-0.013031,67569.64,236481.669
003011,2026-02-05,25.1,0.007627,40754.48,102121.154
003012,2026-02-05,7.53,-0.001326,124276.33,93548.831
003013,2026-02-05,15.07,0.004667,22273.0,33472.256
003015,2026-02-05,16.32,0.000613,57301.0,93170.842
003016,2026-02-05,9.21,0.016556,103669.0,95670.194
003017,2026-02-05,31.86,0.001572,19308.4,61797.813
003018,2026-02-05,18.67,0.100177,119908.35,219120.572
003019,2026-02-05,30.39,-0.007835,19930.73,60801.003
003020,2026-02-05,26.51,0.007602,17784.05,47499.786
003021,2026-02-05,118.22,-0.040734000000000006,51584.16,619026.115
003022,2026-02-05,20.01,-0.063202,154126.65,313174.776
003023,2026-02-05,23.53,-0.009263,25082.0,59440.542
003025,2026-02-05,14.52,-0.012916,29700.8,43241.327
003026,2026-02-05,34.08,0.000881,40293.77,136029.235
003027,2026-02-05,22.73,-0.002195,28874.64,65907.589
003028,2026-02-05,30.62,-0.009061,9067.86,27896.107
003029,2026-02-05,24.68,0.001217,30795.93,76087.025
003030,2026-02-05,21.82,0.0009170000000000001,18972.0,41683.59
003031,2026-02-05,74.93,-0.041448,89464.08,667531.343
003032,2026-02-05,6.46,0.004666,29034.0,18777.74
003033,2026-02-05,66.12,-0.013429,7100.0,47098.856
003035,2026-02-05,6.97,-0.082895,1851360.54,1308685.415
003036,2026-02-05,18.66,0.100236,105449.9,187347.947
003037,2026-02-05,7.9,-0.011264000000000001,65123.15,51800.645
003038,2026-02-05,17.36,-0.033408,341358.94,615965.536
003039,2026-02-05,16.28,-0.010334000000000001,52558.42,85952.146
003040,2026-02-05,17.99,-0.012623,46117.48,83280.287
003041,2026-02-05,57.61,-0.015045,43244.84,246236.484
003042,2026-02-05,18.11,-0.026867000000000002,123966.99,225881.977
003043,2026-02-05,48.73,-0.036957,24854.58,122555.696
003816,2026-02-05,3.92,0.0,1586105.29,622139.015
300001,2026-02-05,26.8,-0.038393000000000004,223834.58,604633.96
300002,2026-02-05,11.86,-0.010017,367428.65,437532.951
300003,2026-02-05,17.9,-0.0033410000000000002,291240.08,521656.435
300004,2026-02-05,14.03,-0.04101200000000001,209642.0,295985.215
300005,2026-02-05,14.74,0.001359,366135.19,537823.002
300006,2026-02-05,4.99,-0.017717,192925.94,97585.333
300007,2026-02-05,53.14,-0.036795,126306.11,675516.077
300008,2026-02-05,8.89,-0.011123000000000001,1268313.27,1132063.265
300009,2026-02-05,9.94,-0.008973,128430.06,128477.926
300010,2026-02-05,7.05,-0.013986,829132.18,591906.445
300011,2026-02-05,8.44,-0.023148,138703.0,117897.317
300012,2026-02-05,15.58,-0.013300000000000001,200186.23,311602.731
300013,2026-02-05,4.02,-0.0049499999999999995,131567.0,53272.14
300014,2026-02-05,61.58,-0.03706,418726.07,2589037.84
300015,2026-02-05,11.51,0.024933,1704923.48,1957323.78
300016,2026-02-05,10.24,-0.010628,473808.91,486818.979
300017,2026-02-05,17.97,0.074761,6131947.38,10749547.81
300018,2026-02-05,11.72,-0.033003,122164.57,144140.308
300019,2026-02-05,21.17,-0.037727,107456.2,230475.149
300020,2026-02-05,4.27,0.002347,151759.29,65631.018
300021,2026-02-05,4.88,-0.027888000000000003,734775.37,363819.367
300022,2026-02-05,8.09,-0.0024660000000000003,107914.0,87637.415
300024,2026-02-05,17.11,-0.010983,181461.28,311058.204
300025,2026-02-05,5.97,0.001678,102434.0,61521.801
300026,2026-02-05,3.63,-0.005479,314696.0,114723.752
300027,2026-02-05,1.91,0.015957,1346868.99,258645.755
300029,2026-02-05,5.68,0.010676000000000001,78274.41,44414.246
300030,2026-02-05,8.23,-0.001214,60096.0,49662.626
300031,2026-02-05,22.51,-0.014879999999999999,61245.0,138526.674
300032,2026-02-05,5.38,-0.014652,299730.0,163619.884
300033,2026-02-05,353.18,-0.017553,86537.17,3064319.646
300034,2026-02-05,21.52,-0.001392,260402.06,564093.167
300035,2026-02-05,20.47,-0.028014999999999998,144802.32,298646.292
300036,2026-02-05,18.75,-0.009509,104022.34,196080.418
300037,2026-02-05,48.44,-0.021612,92064.27,447966.473
300039,2026-02-05,6.22,-0.003205,100996.12,63033.759
300040,2026-02-05,6.72,-0.037249,316192.73,214482.212
300041,2026-02-05,11.91,-0.043373,244215.21,293342.094
300042,2026-02-05,33.62,0.008095999999999999,174187.29,577981.958
300043,2026-02-05,6.73,0.013554,1003527.33,675525.817
300044,2026-02-05,6.48,0.0,509566.55,333833.508
300045,2026-02-05,27.04,-0.023474,224635.99,608933.26
300046,2026-02-05,36.22,0.004994,77198.32,276847.632
300047,2026-02-05,13.32,-0.016974,127712.36,170810.853
300048,2026-02-05,6.96,-0.038674,384242.8,269792.891
300049,2026-02-05,66.33,0.003176,32333.97,214016.786
300050,2026-02-05,5.88,-0.008432,171252.0,101744.031
300051,2026-02-05,10.43,-0.06457399999999999,426234.0,446467.172
300052,2026-02-05,13.53,0.014242999999999999,79962.0,108583.457
300053,2026-02-05,21.47,-0.04109,520277.57,1125114.038
300054,2026-02-05,43.43,-0.007314,166602.82,712252.498
300055,2026-02-05,7.4,-0.021164000000000002,78094.01,58190.997
300056,2026-02-05,9.26,-0.043388,209540.45,198940.922
300057,2026-02-05,5.73,-0.036975,276689.68,160247.043
300058,2026-02-05,19.13,-0.057635,6304656.3,12375665.774
300059,2026-02-05,22.93,0.0017469999999999999,2720392.02,6234975.616
300061,2026-02-05,10.83,-0.007332999999999999,114650.0,125572.216
300062,2026-02-05,8.95,-0.022926000000000002,429389.89,388891.834
300063,2026-02-05,15.52,-0.04960200000000001,1389232.68,2225431.462
300065,2026-02-05,28.25,-0.035178,1628449.97,4562606.58
300066,2026-02-05,6.77,-0.051821,551817.63,380202.664
300067,2026-02-05,5.07,-0.019341999999999998,350342.56,178761.028
300068,2026-02-05,14.94,-0.028609,215470.83,323857.367
300069,2026-02-05,18.77,-0.012105,22350.0,42145.86
300070,2026-02-05,4.03,-0.012255,282442.54,114318.183
300071,2026-02-05,6.18,-0.017488,927318.8,577912.336
300072,2026-02-05,4.48,-0.023965,357259.0,161207.027
300073,2026-02-05,54.65,-0.023757999999999998,113857.5,625495.467
300074,2026-02-05,4.71,-0.004228,170249.8,80754.304
300075,2026-02-05,14.82,0.001351,75769.6,112204.142
300076,2026-02-05,7.52,-0.007916,83670.0,63196.886
300077,2026-02-05,22.1,-0.004056000000000001,347283.98,763779.797
300078,2026-02-05,4.98,0.002012,415340.03,206163.741
300079,2026-02-05,5.99,-0.008278,372776.09,224109.813
300080,2026-02-05,5.19,-0.054645,591517.47,310423.358
300081,2026-02-05,5.3,-0.009346,215748.0,115504.274
300082,2026-02-05,9.56,-0.034343,122791.7,118870.87
300083,2026-02-05,8.67,-0.01812,332413.66,289416.105
300084,2026-02-05,10.75,-0.028907,137067.04,149198.577
300085,2026-02-05,39.93,0.021488999999999998,351310.74,1397930.496
300086,2026-02-05,9.65,0.008359,334095.0,325398.037
300087,2026-02-05,8.57,-0.013809,316461.55,272563.775
300088,2026-02-05,6.32,-0.021671999999999997,547455.56,347463.839
300091,2026-02-05,3.08,0.006535999999999999,202710.13,62319.065
300092,2026-02-05,15.49,-0.034891,65075.0,101840.282
300093,2026-02-05,18.1,-0.037746,33577.89,61461.795
300094,2026-02-05,3.82,0.0,653931.0,249362.188
300095,2026-02-05,10.75,-0.020947,174784.03,189355.71
300096,2026-02-05,8.04,-0.030157,74798.0,60868.259
300097,2026-02-05,7.91,0.012804,57059.0,44975.989
300098,2026-02-05,6.14,-0.0176,452245.82,279015.921
300099,2026-02-05,8.24,-0.031727,250724.39,208026.633
300100,2026-02-05,35.03,-0.015458000000000001,67093.72,236416.54
300101,2026-02-05,28.54,-0.026602999999999998,166885.21,479561.7
300102,2026-02-05,41.89,-0.023998,1337450.06,5679674.691
300103,2026-02-05,7.73,-0.017789,67646.0,52753.171
300105,2026-02-05,7.32,-0.031745999999999996,117214.68,86871.67
300106,2026-02-05,11.65,-0.000858,161871.0,188839.89
300107,2026-02-05,7.36,-0.014726,119284.69,88794.446
300109,2026-02-05,18.96,-0.004202,82799.27,157355.22
300110,2026-02-05,3.28,-0.012048000000000001,190369.0,62886.772
300111,2026-02-05,4.6,-0.008621,388130.0,179531.228
300112,2026-02-05,8.9,-0.015486999999999999,70322.12,63175.544
300113,2026-02-05,25.85,0.000387,619223.97,1582867.881
300115,2026-02-05,39.46,-0.030705,604821.31,2376729.58
300118,2026-02-05,23.24,-0.031667,2750974.22,6531088.849
300119,2026-02-05,19.2,0.0,45003.27,86777.883
300120,2026-02-05,8.33,-0.02,111297.26,93332.833
300121,2026-02-05,12.88,-0.028658000000000003,79167.0,102912.462
300122,2026-02-05,17.44,-0.013016000000000002,214060.12,377005.87
300123,2026-02-05,6.94,-0.025280999999999998,382312.7,267020.315
300124,2026-02-05,74.53,-0.013762000000000002,227301.29,1692550.263
300125,2026-02-05,7.64,-0.003911,54555.64,42550.332
300126,2026-02-05,8.74,-0.013544,30103.0,26531.165
300127,2026-02-05,33.52,-0.040366,105659.74,356511.529
300128,2026-02-05,6.96,-0.021097,172600.0,120817.903
300129,2026-02-05,13.82,-0.022631000000000002,467812.65,649333.442
300130,2026-02-05,26.71,-0.011473,99922.95,266883.266
300131,2026-02-05,14.88,-0.096539,1353799.15,2048958.216
300132,2026-02-05,8.26,0.003645,141866.0,117476.43
300133,2026-02-05,9.06,0.016835,1243088.76,1129331.961
300134,2026-02-05,11.66,-0.020991,92667.0,109121.736
300135,2026-02-05,4.03,0.0024879999999999998,147292.54,59404.81
300136,2026-02-05,77.82,-0.013063,1083084.44,8416983.982
300137,2026-02-05,9.68,-0.008197,143269.6,139555.667
300138,2026-02-05,13.53,-0.002212,110506.28,151150.443
300139,2026-02-05,58.8,-0.102016,507219.87,3019580.551
300140,2026-02-05,7.31,-0.048177000000000005,427596.59,315969.588
300141,2026-02-05,15.09,-0.046747,132205.89,202511.22
300142,2026-02-05,12.57,-0.011014999999999999,380437.75,481144.941
300143,2026-02-05,11.43,-0.006087,65348.6,74843.099
300144,2026-02-05,9.11,0.043528000000000004,1570078.12,1426218.547
300145,2026-02-05,4.45,-0.026258,404839.95,181724.914
300146,2026-02-05,12.44,0.01551,233282.73,290776.015
300147,2026-02-05,9.33,0.0021479999999999997,73113.1,68445.945
300148,2026-02-05,5.3,0.027132,1136899.19,601540.305
300149,2026-02-05,10.9,-0.009991,100752.28,110290.497
300150,2026-02-05,5.86,-0.003401,176773.4,103920.111
300151,2026-02-05,16.36,-0.016236,60873.0,99544.667
300152,2026-02-05,2.59,0.199074,994323.0,246379.948
300153,2026-02-05,32.43,-0.043363,174546.0,565664.989
300154,2026-02-05,8.99,-0.00882,35934.0,32501.364
300155,2026-02-05,5.45,-0.007286,113964.0,62465.334
300157,2026-02-05,6.04,-0.014681999999999999,1622516.45,995578.368
300158,2026-02-05,5.74,-0.010345,114824.0,66126.939
300159,2026-02-05,3.1,-0.018987,227989.0,71038.285
300160,2026-02-05,5.96,-0.011609000000000001,142327.2,85045.316
300161,2026-02-05,31.27,-0.021896,25658.5,80443.881
300162,2026-02-05,8.54,0.0,132637.0,113429.828
300163,2026-02-05,5.41,0.009328,677532.0,374351.918
300164,2026-02-05,11.52,-0.046357999999999996,1700362.05,1983484.688
300165,2026-02-05,5.17,0.013725000000000001,78918.0,40784.162
300166,2026-02-05,10.54,-0.000948,274849.33,288928.909
300167,2026-02-05,4.85,0.021053000000000002,77936.0,37629.22
300168,2026-02-05,6.56,-0.012048000000000001,208677.87,137983.471
300169,2026-02-05,7.19,-0.0191,144813.0,104725.127
300170,2026-02-05,24.68,-0.027581,841307.46,2085347.238
300171,2026-02-05,16.08,-0.013496999999999999,59568.32,96379.717
300172,2026-02-05,5.77,-0.020374,188390.9,110049.013
300173,2026-02-05,4.54,0.013392999999999999,184664.0,83802.019
300174,2026-02-05,16.16,-0.009804,57486.49,93997.817
300175,2026-02-05,6.35,0.011146,40672.01,25722.092
300176,2026-02-05,7.88,0.027378999999999997,508275.24,398095.288
300177,2026-02-05,9.37,0.0,103818.3,97307.495
300179,2026-02-05,18.78,-0.054856999999999996,259302.59,492646.945
300180,2026-02-05,6.49,-0.012177,206728.8,134835.615
300181,2026-02-05,17.46,0.00634,159851.26,279711.259
300182,2026-02-05,6.0,0.006711,1097542.1,660256.032
300183,2026-02-05,15.78,-0.012516000000000001,47977.6,75899.73
300184,2026-02-05,10.53,-0.025,383297.27,404001.682
300185,2026-02-05,2.99,-0.026059000000000002,1087913.0,327437.226
300187,2026-02-05,5.4,-0.010989,74527.0,40439.772
300188,2026-02-05,13.87,-0.008578,78764.9,109575.889
300189,2026-02-05,7.54,-0.0575,2244399.2,1719420.216
300190,2026-02-05,4.47,-0.026143999999999997,251701.0,113161.808
300191,2026-02-05,31.14,-0.030511,253250.69,801714.627
300192,2026-02-05,19.92,-0.019684999999999998,79299.43,159026.616
300193,2026-02-05,9.48,-0.026694,164548.02,157286.29
300194,2026-02-05,4.43,-0.011161,124197.88,55325.914
300195,2026-02-05,8.7,-0.022472,100975.0,88544.091
300196,2026-02-05,16.33,-0.023325,96973.08,159738.857
300197,2026-02-05,1.78,0.0,283749.99,50525.779
300198,2026-02-05,2.78,0.00361,178301.0,49429.828
300199,2026-02-05,18.86,0.019459,331424.18,634851.422
300200,2026-02-05,11.82,-0.017456,137772.8,163414.717
300201,2026-02-05,8.09,-0.01221,316436.98,259662.456
300203,2026-02-05,15.24,-0.001965,46203.33,71022.446
300204,2026-02-05,27.45,0.009562000000000001,273486.0,756615.407
300205,2026-02-05,4.39,0.030516,70770.97,31376.101
300206,2026-02-05,14.45,0.001386,72575.0,105186.405
300207,2026-02-05,23.34,-0.017677000000000002,403499.39,942782.178
300209,2026-02-05,7.06,0.024672999999999997,1281757.0,823113.504
300210,2026-02-05,9.63,0.00104,82534.0,79340.099
300211,2026-02-05,8.45,-0.016298,18011.0,15390.546
300212,2026-02-05,11.83,-0.00755,279790.76,337682.758
300213,2026-02-05,9.22,-0.012848,130784.0,121231.32
300214,2026-02-05,7.08,-0.020747,75965.0,54345.843
300215,2026-02-05,9.21,-0.04262,523266.0,484446.386
300217,2026-02-05,5.82,-0.028381,822318.08,478698.095
300218,2026-02-05,16.6,-0.008955,36073.0,60364.62
300219,2026-02-05,7.6,-0.015544,179511.41,137297.952
300220,2026-02-05,15.7,0.003836,35436.2,55938.324
300221,2026-02-05,11.51,-0.038429000000000005,225466.0,261595.432
300222,2026-02-05,11.53,-0.035146000000000004,194692.0,226839.723
300223,2026-02-05,128.33,-0.028907,180231.49,2295283.066
300224,2026-02-05,16.43,-0.042541,283648.64,469471.636
300225,2026-02-05,5.09,0.0,73840.0,37354.416
300226,2026-02-05,27.87,-0.013451,85198.49,238354.923
300227,2026-02-05,12.91,0.007019999999999999,335109.2,435171.198
300228,2026-02-05,10.54,-0.043557,516816.27,548932.596
300229,2026-02-05,22.28,-0.025798,271972.02,609389.938
300230,2026-02-05,5.09,-0.015474000000000002,116831.0,59991.366
300231,2026-02-05,11.04,-0.011637999999999999,113395.11,125237.732
300232,2026-02-05,7.65,-0.019231,274078.47,210136.666
300233,2026-02-05,15.19,-0.000658,40785.99,62118.627
300234,2026-02-05,6.02,-0.004959,134488.76,81439.677
300235,2026-02-05,14.29,0.0014019999999999998,56845.1,81239.184
300236,2026-02-05,75.65,-0.007739,94055.34,704811.182
300237,2026-02-05,2.69,0.084677,1067178.02,280482.278
300238,2026-02-05,15.55,-0.011443000000000002,47660.0,74513.707
300239,2026-02-05,6.15,-0.020701,114615.0,71726.611
300240,2026-02-05,7.95,-0.002509,93062.01,74375.967
300241,2026-02-05,6.08,-0.016181,231753.26,141765.73
300242,2026-02-05,5.96,-0.001675,341056.0,205440.741
300243,2026-02-05,11.26,-0.00793,50487.0,57346.027
300244,2026-02-05,24.12,-0.035586,289921.69,700451.96
300245,2026-02-05,12.64,0.002379,62632.46,79566.887
300246,2026-02-05,13.52,0.00074,138178.5,185985.555
300247,2026-02-05,5.09,-0.009728,155255.0,79545.077
300248,2026-02-05,12.96,-0.012947,75794.68,98548.347
300249,2026-02-05,14.83,-0.027541000000000003,144291.3,213612.732
300250,2026-02-05,24.32,-0.013387,58290.0,142201.629
300251,2026-02-05,20.84,0.089958,2469687.34,5012646.158
300252,2026-02-05,14.53,-0.037748,254630.52,373535.509
300253,2026-02-05,11.05,-0.016028,723070.33,795737.778
300254,2026-02-05,11.28,0.05618,278652.6,309966.581
300255,2026-02-05,46.1,-0.052024999999999995,230422.21,1068535.097
300256,2026-02-05,3.95,-0.010025,171285.69,67688.918
300257,2026-02-05,17.83,-0.027808000000000003,115171.99,205497.175
300258,2026-02-05,13.1,-0.018727,88141.0,115995.709
300259,2026-02-05,4.72,-0.038697,459589.65,219881.684
300260,2026-02-05,52.2,-0.019718,78118.38,407793.221
300261,2026-02-05,6.99,-0.015493,162812.47,114905.945
300263,2026-02-05,11.17,-0.050170000000000006,772774.9,873949.627
300264,2026-02-05,6.89,0.023774000000000003,283037.0,194313.821
300265,2026-02-05,16.03,-0.019572,711619.77,1150617.572
300266,2026-02-05,2.53,-0.007843,153871.0,39021.793
300267,2026-02-05,3.7,-0.021164000000000002,381088.0,142151.115
300268,2026-02-05,12.39,-0.003218,6579.0,8152.561
300269,2026-02-05,9.26,0.030032999999999997,1138986.5,1056867.3
300270,2026-02-05,11.21,-0.014072,55619.0,62848.51
300271,2026-02-05,7.75,-0.005135,123303.0,96026.576
300272,2026-02-05,7.39,-0.00672,70343.55,52343.108
300274,2026-02-05,146.0,-0.041177,552590.81,8123434.028
300275,2026-02-05,12.49,-0.011867,42133.0,52721.201
300276,2026-02-05,8.52,-0.016166,144535.14,123787.205
300277,2026-02-05,18.35,-0.015029999999999998,222128.68,411769.301
300278,2026-02-05,5.55,-0.017699,207996.99,116388.536
300279,2026-02-05,9.17,-0.003261,458742.16,412390.282
300281,2026-02-05,7.71,-0.007722,49147.0,38016.89
300283,2026-02-05,8.14,-0.040094000000000005,216456.0,177795.279
300284,2026-02-05,7.37,-0.016021,125199.11,92770.24
300285,2026-02-05,30.71,-0.009994,196785.45,598191.413
300286,2026-02-05,27.04,-0.063712,87834.51,240741.572
300287,2026-02-05,4.99,-0.009921,203357.16,101799.502
300288,2026-02-05,14.21,-0.007682,47099.1,67189.422
300289,2026-02-05,7.04,0.0,65525.0,46179.668
300290,2026-02-05,17.56,0.002283,196555.57,346663.081
300291,2026-02-05,8.47,0.0023669999999999997,354389.2,301939.309
300292,2026-02-05,4.74,-0.002105,341724.0,162272.489
300293,2026-02-05,20.37,-0.019731000000000002,44331.81,90834.892
300294,2026-02-05,22.45,0.003128,37479.0,84325.248
300295,2026-02-05,12.02,0.020374,71075.6,85338.264
300296,2026-02-05,7.13,-0.019257,943380.54,676899.643
300298,2026-02-05,18.19,0.002756,54692.0,99249.526
300299,2026-02-05,7.11,0.0014080000000000002,317275.63,226096.739
300300,2026-02-05,14.52,0.2,2188732.72,3017645.164
300301,2026-02-05,2.47,0.06465499999999999,356794.04,87477.851
300302,2026-02-05,18.83,-0.025362,163775.02,307699.283
300303,2026-02-05,7.06,-0.016713,353644.4,250540.487
300304,2026-02-05,12.9,-0.019757,161463.0,209763.751
300305,2026-02-05,6.58,-0.006042,87276.0,57443.787
300306,2026-02-05,14.08,-0.007752,31855.0,45019.302
300307,2026-02-05,7.12,-0.021978,100033.0,71697.062
300308,2026-02-05,561.99,0.003554,318675.15,18014061.308
300310,2026-02-05,6.81,-0.005839,241777.88,164905.402
300311,2026-02-05,5.24,-0.001905,278924.98,148725.759
300313,2026-02-05,8.14,-0.019277,21153.0,17267.408
300314,2026-02-05,14.3,-0.0013969999999999998,39017.0,55876.929
300315,2026-02-05,5.87,-0.011785,886990.6,522404.283
300316,2026-02-05,56.08,-0.098537,923716.92,5234655.656
300317,2026-02-05,4.32,-0.035714,561730.06,246454.898
300318,2026-02-05,6.33,-0.010938000000000002,134639.08,86215.779
300319,2026-02-05,12.06,-0.021103999999999998,206098.0,249407.447
300320,2026-02-05,10.54,0.018357000000000002,280347.0,295448.998
300321,2026-02-05,42.2,-0.008924,10420.0,44145.347
300322,2026-02-05,26.07,-0.022864,140144.08,367241.723
300323,2026-02-05,8.65,-0.017044999999999998,203567.0,176131.798
300324,2026-02-05,5.57,-0.031304,555964.79,313122.441
300326,2026-02-05,6.13,0.008224,82579.37,50683.211
300327,2026-02-05,30.3,-0.006232,156629.09,469803.715
300328,2026-02-05,15.89,-0.036386,261137.0,416557.299
300329,2026-02-05,13.98,0.005032,40180.46,56264.189
300331,2026-02-05,45.95,-0.025863999999999998,70993.7,326940.367
300332,2026-02-05,5.47,-0.019713,201128.0,111558.297
300333,2026-02-05,10.72,-0.002791,40008.44,43044.365
300334,2026-02-05,7.65,-0.007782,46147.02,35496.489
300335,2026-02-05,6.18,-0.001616,121879.0,75041.392
300337,2026-02-05,15.09,-0.018217,422690.55,644782.554
300338,2026-02-05,3.85,0.0,203878.0,79484.625
300339,2026-02-05,48.87,-0.015512,138230.93,678101.102
300340,2026-02-05,11.87,-0.015754999999999998,46679.5,55470.994
300341,2026-02-05,16.96,-0.020785,66308.0,112773.894
300342,2026-02-05,52.21,-0.018793,482670.8,2515203.977
300343,2026-02-05,6.14,0.0032679999999999996,133130.0,81819.174
300344,2026-02-05,2.78,0.198276,1263178.78,338842.294
300345,2026-02-05,7.33,-0.032982,516655.0,381692.812
300346,2026-02-05,52.6,-0.024119,290339.67,1520493.028
300347,2026-02-05,63.7,-0.019095,118302.99,756193.141
300348,2026-02-05,13.67,-0.008702,117795.5,161245.861
300349,2026-02-05,17.47,0.031896,229205.87,399452.829
300350,2026-02-05,6.16,-0.006452,106905.8,66334.87
300351,2026-02-05,17.31,-0.026981,61752.0,107848.313
300352,2026-02-05,6.17,-0.04784,560524.53,351627.513
300353,2026-02-05,23.87,0.049231,357109.01,837518.167
300354,2026-02-05,42.18,-0.010556000000000001,12640.24,53371.983
300355,2026-02-05,3.96,-0.01737,304259.55,120477.178
300357,2026-02-05,27.74,-0.004307,56921.17,158025.714
300358,2026-02-05,10.87,-0.015399000000000001,150284.64,164974.342
300359,2026-02-05,5.65,-0.008772,100458.0,57240.784
300360,2026-02-05,17.24,-0.025438000000000002,100455.0,174121.744
300363,2026-02-05,24.02,-0.000416,89365.15,215380.315
300364,2026-02-05,30.77,0.00228,595408.78,1857640.803
300365,2026-02-05,6.07,-0.009788,164853.0,100544.216
300366,2026-02-05,6.72,0.005988,102619.0,68899.408
300368,2026-02-05,12.87,-0.012279,169167.96,218562.991
300369,2026-02-05,8.08,-0.021792,201446.38,163863.581
300370,2026-02-05,2.72,-0.007299,137381.6,37513.8
300371,2026-02-05,13.94,-0.000717,21621.24,30223.454
300373,2026-02-05,85.0,0.082803,291837.98,2374825.816
300374,2026-02-05,16.4,-0.023228,61180.0,101592.617
300375,2026-02-05,5.6,-0.012346,238326.0,134167.438
300376,2026-02-05,6.67,-0.004477999999999999,160549.0,107331.427
300377,2026-02-05,23.42,0.025394,1110119.96,2600202.022
300378,2026-02-05,49.27,-0.019307,111281.38,550916.094
300380,2026-02-05,41.02,0.003179,27309.23,111976.476
300381,2026-02-05,6.82,-0.007278,66958.08,46119.502
300382,2026-02-05,14.07,-0.046102,168450.53,240208.002
300383,2026-02-05,14.9,-0.006666999999999999,978527.25,1456793.889
300384,2026-02-05,16.85,-0.004725,32060.36,54213.117
300385,2026-02-05,12.9,0.16321000000000002,304191.24,365642.03
300386,2026-02-05,16.68,0.007246,38854.0,64637.454
300387,2026-02-05,9.16,-0.025532,184628.8,171937.445
300388,2026-02-05,8.36,-0.0035759999999999998,45961.0,38415.016
300389,2026-02-05,17.93,-0.015376,60366.67,108773.74
300390,2026-02-05,45.88,-0.062717,235785.13,1094769.099
300393,2026-02-05,9.96,-0.034884,2489623.98,2538523.543
300394,2026-02-05,251.9,-0.055351,419341.57,10483390.859
300395,2026-02-05,89.69,-0.058274,238862.0,2166620.899
300396,2026-02-05,13.27,0.006065,20068.0,26636.879
300397,2026-02-05,13.9,-0.007143,149214.54,208919.154
300398,2026-02-05,26.24,-0.062187,527458.04,1387676.697
300399,2026-02-05,27.6,0.0032719999999999997,78317.78,216578.297
300400,2026-02-05,20.42,-0.029005999999999997,38710.0,79508.955
300401,2026-02-05,18.07,-0.007143,200003.29,363870.411
300402,2026-02-05,22.07,-0.006751,60421.0,133973.393
300403,2026-02-05,13.45,-0.023948,102445.0,138643.763
300404,2026-02-05,10.49,-0.007569,83932.0,88734.022
300405,2026-02-05,6.88,-0.025495999999999998,162431.0,112806.416
300406,2026-02-05,13.21,-0.003771,35376.59,46746.261
300407,2026-02-05,13.34,-0.018396,100861.0,134703.016
300408,2026-02-05,51.6,-0.026415,359866.26,1846535.519
300409,2026-02-05,28.62,-0.024207,368689.54,1056858.213
300410,2026-02-05,8.64,-0.034637,133757.0,116471.057
300411,2026-02-05,11.37,-0.013876999999999999,32620.0,37320.248
300412,2026-02-05,5.8,-0.010239,124237.0,72620.188
300413,2026-02-05,26.65,0.008324,272622.68,727190.218
300414,2026-02-05,15.44,-0.013419,109292.23,169451.643
300415,2026-02-05,25.72,-0.00695,60123.72,154389.359
300416,2026-02-05,18.5,-0.013859,133017.36,246642.883
300417,2026-02-05,13.86,0.004348,34178.9,47514.289
300418,2026-02-05,59.26,0.006454,1294706.27,7766645.691
300419,2026-02-05,6.77,0.0,49801.6,33832.083
300420,2026-02-05,3.99,-0.02445,336912.74,135621.391
300421,2026-02-05,27.12,-0.033155000000000004,136978.6,374046.869
300422,2026-02-05,5.05,-0.003945000000000001,62914.53,31825.159
300423,2026-02-05,9.45,-0.053106,730849.36,692548.263
300424,2026-02-05,18.89,-0.009439,113804.17,217808.223
300425,2026-02-05,5.26,-0.011278,85184.0,45147.826
300426,2026-02-05,9.2,0.038375,208625.5,190631.654
300427,2026-02-05,14.6,-0.081761,747024.2,1106872.18
300428,2026-02-05,22.5,-0.031008,98391.66,222988.909
300429,2026-02-05,14.68,-0.010115,198697.2,294778.122
300430,2026-02-05,21.59,-0.005069000000000001,84863.28,183903.548
300432,2026-02-05,17.81,-0.036777000000000004,652915.7,1160863.104
300433,2026-02-05,35.44,-0.041125999999999996,698875.29,2487916.252
300434,2026-02-05,10.72,-0.006487000000000001,57797.0,62392.761
300435,2026-02-05,29.87,-0.03955,203428.84,612582.595
300436,2026-02-05,131.02,0.129385,195351.25,2431844.141
300437,2026-02-05,15.0,-0.036608999999999996,120559.75,182403.016
300438,2026-02-05,47.17,0.0036170000000000004,267015.91,1245648.401
300439,2026-02-05,10.2,-0.004878,26312.91,26950.747
300440,2026-02-05,14.15,0.014336999999999999,65059.0,91387.088
300441,2026-02-05,7.76,-0.006402,37238.64,28934.937
300442,2026-02-05,76.5,-0.069117,564802.0,4376831.488
300443,2026-02-05,26.39,-0.030492,77084.22,204191.354
300444,2026-02-05,14.81,-0.06561499999999999,1019738.04,1526908.502
300445,2026-02-05,23.84,-0.047542999999999995,70734.0,170261.34
300446,2026-02-05,23.46,-0.0147,133246.79,313775.034
300447,2026-02-05,21.58,0.0018570000000000001,261796.5,562875.407
300448,2026-02-05,9.56,0.007376000000000001,315165.34,301180.16
300449,2026-02-05,7.3,0.001372,49576.0,36276.484
300450,2026-02-05,57.18,-0.035588,568795.65,3284423.987
300451,2026-02-05,5.36,-0.003717,270198.29,144931.869
300452,2026-02-05,16.28,0.03234,288786.86,477252.153
300453,2026-02-05,9.43,0.011803,104372.0,98871.073
300454,2026-02-05,139.49,-0.022494999999999998,80857.55,1128997.051
300455,2026-02-05,27.54,-0.01042,183090.25,506666.461
300456,2026-02-05,51.82,-0.062081,548377.9,2895375.517
300457,2026-02-05,28.28,-0.029845999999999998,135934.99,388406.847
300458,2026-02-05,41.38,-0.023826,153137.12,634267.732
300459,2026-02-05,4.97,-0.004008,1130113.13,563237.615
300460,2026-02-05,8.58,0.0,68786.0,59368.707
300461,2026-02-05,42.14,0.199886,42484.79,177577.078
300462,2026-02-05,11.48,-0.001739,17169.0,19740.458
300463,2026-02-05,11.99,-0.013169,97598.18,117525.457
300464,2026-02-05,6.77,0.014993000000000001,130763.12,88445.205
300465,2026-02-05,18.34,-0.022387999999999998,117449.0,218119.138
300466,2026-02-05,9.79,-0.029731999999999998,99780.2,98681.227
300467,2026-02-05,33.66,0.000297,46475.0,156784.449
300468,2026-02-05,33.62,0.006586999999999999,221147.94,738895.606
300469,2026-02-05,64.2,0.040350000000000004,82164.11,518890.416
300470,2026-02-05,37.2,-0.011952,18492.0,69125.29
300471,2026-02-05,15.16,-0.057214,381585.33,585805.517
300472,2026-02-05,7.94,0.024516,65413.6,51860.936
300473,2026-02-05,32.95,-0.014358,30808.0,101953.68
300474,2026-02-05,70.91,-0.014728000000000002,63887.64,454094.82
300475,2026-02-05,139.9,-0.032035,207381.34,2894461.115
300476,2026-02-05,253.14,-0.013099000000000001,161734.09,4089786.7
300477,2026-02-05,3.13,0.029605000000000003,707373.0,218211.541
300478,2026-02-05,24.86,-0.011923999999999999,20212.79,50635.797
300479,2026-02-05,20.99,-0.000476,83028.0,174477.115
300480,2026-02-05,22.77,-0.031476000000000004,206216.83,468762.831
300481,2026-02-05,16.76,-0.042832999999999996,116075.06,197199.58
300482,2026-02-05,20.65,-0.009117,68033.14,140486.401
300483,2026-02-05,15.39,-0.033898000000000005,204377.18,316808.85
300484,2026-02-05,19.1,-0.011387000000000001,27539.0,52882.559
300485,2026-02-05,10.98,-0.00813,38468.0,42436.476
300486,2026-02-05,21.14,-0.041704,143830.06,306686.126
300487,2026-02-05,68.28,-0.011151,23402.26,159757.582
300488,2026-02-05,32.37,-0.016408,8030.0,26186.543
300489,2026-02-05,42.13,-0.029262999999999997,21495.51,91368.928
300490,2026-02-05,16.26,-0.041274,379397.0,620585.951
300491,2026-02-05,27.22,-0.006932000000000001,111983.4,309248.564
300492,2026-02-05,78.75,-0.015871,14746.99,116477.468
300493,2026-02-05,19.19,-0.006729000000000001,119304.97,228723.958
300494,2026-02-05,13.69,0.007358,209757.8,286696.007
300496,2026-02-05,70.58,-0.02176,104860.27,742703.157
300497,2026-02-05,15.18,-0.000658,131184.61,199796.095
300498,2026-02-05,15.95,-0.00437,476175.48,763477.152
300499,2026-02-05,27.29,-0.039423,153331.36,420934.456
300500,2026-02-05,12.62,-0.009419,29307.0,37271.529
300501,2026-02-05,15.5,-0.005773,25373.31,39437.037
300502,2026-02-05,383.0,-0.040581,365068.03,14165853.853
300503,2026-02-05,54.69,-0.033916,137111.5,752012.187
300504,2026-02-05,14.86,0.001348,38414.0,57215.184
300505,2026-02-05,27.32,-0.043417000000000004,132874.37,367133.167
300506,2026-02-05,4.81,-0.008246999999999999,89335.1,43240.69
300507,2026-02-05,9.33,-0.018927,106864.27,100015.922
300508,2026-02-05,44.12,-0.012755,35170.36,155170.049
300509,2026-02-05,14.35,-0.029750000000000002,73504.6,106023.799
300510,2026-02-05,4.39,-0.03304,250363.46,111000.828
300511,2026-02-05,6.16,-0.017544,191496.05,118324.2
300512,2026-02-05,10.06,-0.025194,53508.0,54240.019
300513,2026-02-05,9.41,-0.01466,59115.0,56020.946
300514,2026-02-05,14.15,-0.020083000000000004,33701.0,48150.338
300515,2026-02-05,19.79,-0.011982,17049.0,33910.498
300516,2026-02-05,69.76,-0.028277,69048.8,488324.216
300517,2026-02-05,12.3,0.002445,27778.6,34211.65
300518,2026-02-05,20.42,-0.011616999999999999,41877.76,86247.313
300519,2026-02-05,16.09,0.008145,26379.0,42467.432
300520,2026-02-05,45.99,0.037681,409455.98,1872058.894
300521,2026-02-05,34.01,-0.014202999999999999,29246.0,99944.364
300522,2026-02-05,12.17,-0.012175,26169.9,32029.013
300523,2026-02-05,23.29,0.014815,40124.7,93801.129
300525,2026-02-05,12.95,-0.018196,166548.66,216479.261
300527,2026-02-05,8.45,0.007150999999999999,180802.08,153145.686
300528,2026-02-05,24.81,0.11505599999999999,655105.1,1589582.774
300529,2026-02-05,20.66,0.001454,55925.06,115607.873
300530,2026-02-05,27.88,-0.033957,20889.25,58936.467
300531,2026-02-05,17.35,-0.005731000000000001,31454.0,54747.459
300532,2026-02-05,12.05,-0.012295,42427.05,51379.816
300533,2026-02-05,33.44,-0.000896,52064.75,174323.656
300534,2026-02-05,10.21,-0.016378,169243.0,175227.037
300535,2026-02-05,21.04,0.002382,25476.45,53790.64
300536,2026-02-05,9.04,-0.009858,48712.0,44350.266
300537,2026-02-05,25.47,-0.001176,169920.57,433180.965
300538,2026-02-05,16.05,-0.015337,42800.0,69244.994
300539,2026-02-05,32.66,-0.008199,25177.0,82183.72
300540,2026-02-05,23.76,-0.053385999999999996,107992.34,258536.169
300541,2026-02-05,16.06,-0.010474,202384.69,327702.53
300542,2026-02-05,18.3,-0.003811,25745.0,47121.863
300543,2026-02-05,10.95,-0.017937,43053.1,47569.162
300545,2026-02-05,31.51,-0.016541999999999998,58926.07,187079.098
300546,2026-02-05,23.86,-0.008725,22853.9,54703.05
300547,2026-02-05,34.35,-0.016041,52638.0,182757.985
300548,2026-02-05,159.36,0.008097,273392.2,4422025.141
300549,2026-02-05,19.02,-0.0026219999999999998,15582.0,29789.363
300550,2026-02-05,14.1,-0.012605,35162.0,49822.059
300551,2026-02-05,17.08,-0.007554,82305.0,141412.465
300552,2026-02-05,32.27,-0.00524,67325.2,218724.923
300553,2026-02-05,41.92,-0.017577,19592.3,82250.415
300554,2026-02-05,24.3,-0.041798,38335.98,94305.035
300555,2026-02-05,14.3,-0.011065,31347.0,44549.071
300556,2026-02-05,20.56,0.01581,65098.0,134048.738
300557,2026-02-05,34.98,-0.011585000000000002,21837.8,76888.717
300558,2026-02-05,47.49,0.016699,62727.79,298166.664
300559,2026-02-05,11.99,-0.006627999999999999,42461.0,51106.379
300560,2026-02-05,16.46,0.02236,153626.1,252460.015
300561,2026-02-05,14.52,-0.2,207578.0,301432.993
300562,2026-02-05,14.7,0.000681,44362.0,65251.759
300563,2026-02-05,36.1,-0.025115,37919.89,137649.433
300564,2026-02-05,15.33,-0.010968,25016.0,38714.694
300565,2026-02-05,12.29,-0.028458,78341.8,97334.856
300566,2026-02-05,19.87,-0.009965,58338.5,116387.13
300567,2026-02-05,130.54,0.002997,126123.71,1611186.938
300568,2026-02-05,13.59,-0.013788,274388.49,372791.301
300569,2026-02-05,6.12,-0.031646,265484.15,163674.292
300570,2026-02-05,116.52,-0.102933,328872.04,3922528.915
300571,2026-02-05,28.36,-0.00035200000000000005,28890.0,82481.18
300572,2026-02-05,28.58,0.0031590000000000003,66161.44,191972.402
300573,2026-02-05,70.05,-0.012963,56408.41,395684.066
300575,2026-02-05,6.44,-0.013783,81079.0,52686.679
300576,2026-02-05,39.96,-0.013819999999999999,63550.61,253141.638
300577,2026-02-05,21.09,0.004286,17080.34,36067.051
300578,2026-02-05,24.99,0.010513999999999999,97165.0,240887.423
300579,2026-02-05,30.62,-0.013849,23648.0,72775.188
300580,2026-02-05,23.73,-0.024661,44520.94,106358.364
300581,2026-02-05,15.76,-0.011912,89203.62,141283.499
300582,2026-02-05,18.23,0.008296,172896.25,313777.203
300583,2026-02-05,14.79,0.004073,26183.0,38919.012
300584,2026-02-05,44.24,-0.007181,21000.0,93164.394
300585,2026-02-05,17.05,-0.017857,27431.0,47065.465
300586,2026-02-05,9.89,-0.019822,82265.71,81786.984
300587,2026-02-05,6.11,-0.009724,151603.9,92907.132
300588,2026-02-05,25.7,0.026768,42963.8,109828.737
300589,2026-02-05,18.38,-0.041210000000000004,276354.49,512249.3
300590,2026-02-05,12.38,-0.011971,47806.4,59412.459
300591,2026-02-05,8.91,0.039673,292160.38,260240.229
300592,2026-02-05,13.93,-0.000717,115153.0,161276.029
300593,2026-02-05,28.87,-0.002419,145200.64,418663.142
300594,2026-02-05,25.73,-0.02464,43067.0,112376.771
300595,2026-02-05,15.96,0.001883,118108.18,189826.103
300596,2026-02-05,44.54,-0.014601999999999999,26791.02,119520.099
300597,2026-02-05,9.96,0.0,79004.0,78849.433
300598,2026-02-05,43.21,-0.011212999999999999,34383.6,149148.142
300599,2026-02-05,11.2,0.005385999999999999,92501.0,103209.274
300600,2026-02-05,14.18,-0.015961,44034.96,62881.583
300601,2026-02-05,15.6,-0.005102,114560.74,179340.024
300602,2026-02-05,32.32,-0.057726,257234.17,838843.415
300603,2026-02-05,10.09,0.009000000000000001,121489.19,123430.166
300604,2026-02-05,128.25,-0.010722,192140.27,2432567.461
300605,2026-02-05,16.02,-0.001247,55708.93,89804.619
300606,2026-02-05,29.82,-0.053933999999999996,107428.1,322882.65
300607,2026-02-05,29.52,-0.028308,96260.47,286389.678
300608,2026-02-05,11.98,0.01097,84397.72,101913.81
300609,2026-02-05,38.01,0.0010530000000000001,37867.0,146074.164
300610,2026-02-05,12.1,-0.005752,35869.1,43543.726
300611,2026-02-05,27.12,-0.031083,41377.64,113014.647
300612,2026-02-05,21.0,0.088083,588654.92,1244092.391
300613,2026-02-05,47.22,0.0034000000000000002,64695.49,301428.746
300614,2026-02-05,15.28,0.009247,81363.96,124372.464
300615,2026-02-05,13.98,-0.007102000000000001,39867.0,56059.712
300616,2026-02-05,14.8,-0.012016,41279.8,61756.475
300617,2026-02-05,44.33,-0.066344,87097.94,389943.682
300618,2026-02-05,44.48,-0.049370000000000004,110819.89,499217.436
300619,2026-02-05,48.97,-0.020992,49243.05,241954.685
300620,2026-02-05,160.69,-0.094602,201804.83,3339014.014
300621,2026-02-05,9.11,0.003304,37976.5,34637.929
300622,2026-02-05,30.03,-0.002326,50666.95,152206.944
300623,2026-02-05,35.52,0.060299,607917.72,2087971.875
300624,2026-02-05,89.2,-0.033062,110294.17,992508.066
300625,2026-02-05,12.96,-0.011442,32145.0,41795.177
300626,2026-02-05,20.37,0.0,88085.0,178984.354
300627,2026-02-05,37.88,-0.011739999999999999,108868.42,413326.589
300628,2026-02-05,36.77,-0.022073999999999996,88852.57,328733.763
300629,2026-02-05,25.44,-0.023041,125069.12,320629.312
300631,2026-02-05,28.07,-0.018531,22861.0,64434.826
300632,2026-02-05,13.65,-0.013728,53252.3,73006.611
300633,2026-02-05,27.27,-0.001465,24989.06,68200.74
300634,2026-02-05,29.29,-0.025615000000000002,172761.98,506546.971
300635,2026-02-05,13.97,-0.008517,34326.0,48336.113
300636,2026-02-05,8.2,0.006135000000000001,60919.72,50286.861
300637,2026-02-05,12.45,-0.017364,45366.0,56804.284
300638,2026-02-05,28.75,-0.008962,121096.87,348463.83
300639,2026-02-05,6.93,-0.029411999999999997,389871.25,270309.751
300640,2026-02-05,8.06,0.022843,251044.0,203676.477
300641,2026-02-05,19.76,-0.041707,146049.32,295121.094
300642,2026-02-05,18.6,-0.0010739999999999999,25178.4,46880.625
300643,2026-02-05,18.83,-0.015167,26388.0,49948.113
300644,2026-02-05,33.22,-0.016578,23465.0,78379.063
300645,2026-02-05,19.71,-0.008551,28989.0,57599.309
300647,2026-02-05,6.79,-0.015942,107334.0,73266.541
300648,2026-02-05,59.85,0.046695,100537.72,600438.723
300649,2026-02-05,14.98,-0.00729,25295.33,38189.673
300650,2026-02-05,19.06,-0.00884,91234.34,173610.955
300651,2026-02-05,25.96,0.033439,92754.88,240431.428
300652,2026-02-05,50.5,-0.0062970000000000005,16203.7,81842.813
300653,2026-02-05,20.76,0.001447,23421.0,48711.11
300654,2026-02-05,12.57,-0.000795,213123.37,270680.871
300655,2026-02-05,16.71,-0.029617,401900.27,674095.763
300656,2026-02-05,28.56,0.007407,74969.8,211617.469
300657,2026-02-05,29.7,-0.031311,183191.13,545481.914
300658,2026-02-05,15.27,-0.022407,196299.6,302533.057
300659,2026-02-05,14.85,0.0,52554.0,78466.248
300660,2026-02-05,51.21,-0.034684,56127.79,290599.519
300661,2026-02-05,70.25,0.007457,139973.24,972151.956
300662,2026-02-05,29.0,-0.006169,34792.0,101239.947
300663,2026-02-05,17.09,-0.000585,98605.5,168702.786
300664,2026-02-05,5.75,-0.0017360000000000001,140103.0,80889.555
300665,2026-02-05,8.8,-0.004525,54303.46,48070.45
300667,2026-02-05,19.66,-0.025768,70712.87,139893.147
300668,2026-02-05,24.76,-0.005622,35304.0,87286.461
300669,2026-02-05,32.27,-0.020933999999999998,14672.0,48014.017
300670,2026-02-05,6.91,-0.010029,77893.0,54206.73
300671,2026-02-05,52.0,0.045225999999999995,260991.44,1333970.171
300672,2026-02-05,136.2,-0.023795999999999998,65815.29,899740.336
300673,2026-02-05,17.49,0.0051719999999999995,35297.0,61912.537
300674,2026-02-05,22.02,-0.012556000000000001,91050.61,200986.458
300675,2026-02-05,16.59,-0.010143,45562.0,76387.831
300676,2026-02-05,49.6,-0.015091,43006.67,213751.841
300677,2026-02-05,40.94,-0.004619,57098.13,232884.742
300678,2026-02-05,32.52,-0.014844,46985.94,153180.71
300679,2026-02-05,41.73,0.00409,71754.38,298255.554
300680,2026-02-05,49.46,-0.037369,70339.99,354029.304
300681,2026-02-05,25.42,0.006733,96087.16,245923.783
300682,2026-02-05,17.3,-0.046307,277319.55,483788.878
300683,2026-02-05,32.31,-0.012531,76521.0,248338.217
300684,2026-02-05,52.01,-0.058643,113123.4,594824.65
300685,2026-02-05,21.3,-0.0014060000000000001,50229.87,107375.834
300686,2026-02-05,15.33,-0.005191,38054.0,59161.16
300687,2026-02-05,21.92,-0.009489,79388.55,174889.043
300688,2026-02-05,30.24,-0.023885999999999998,67138.92,204390.105
300689,2026-02-05,55.4,-0.042351,53752.3,298567.849
300690,2026-02-05,30.61,-0.01891,23775.18,73214.766
300691,2026-02-05,17.17,-0.000582,31085.58,53538.404
300692,2026-02-05,8.72,-0.015801,64085.62,56191.546
300693,2026-02-05,37.43,-0.034314,82997.04,313372.393
300694,2026-02-05,12.85,-0.01608,58073.0,75254.762
300695,2026-02-05,76.93,-0.017998,6398.15,49609.398
300696,2026-02-05,32.29,0.005919,98447.5,317451.643
300697,2026-02-05,17.46,-0.057234999999999994,213436.33,377922.995
300698,2026-02-05,40.1,-0.01353,18279.0,73611.935
300699,2026-02-05,40.07,-0.019814000000000002,179569.39,724419.621
300700,2026-02-05,14.07,-0.0409,139488.68,197232.591
300701,2026-02-05,12.53,-0.015711,41480.25,52137.724
300702,2026-02-05,24.3,0.020579999999999998,44922.2,109363.566
300703,2026-02-05,26.94,0.038951,101903.0,274662.872
300705,2026-02-05,15.4,-0.001944,38282.96,59094.146
300706,2026-02-05,41.25,0.053909000000000006,261539.1,1059679.347
300707,2026-02-05,17.92,-0.03292,117959.62,213075.101
300708,2026-02-05,10.16,-0.00878,352469.59,356143.203
300709,2026-02-05,38.68,-0.023232,59158.39,230011.845
300710,2026-02-05,30.17,-0.0019850000000000002,16912.7,51137.464
300711,2026-02-05,27.9,-0.017950999999999998,97280.6,274400.25
300712,2026-02-05,29.36,-0.007102000000000001,44302.23,130226.964
300713,2026-02-05,17.26,-0.014277999999999999,28169.87,48966.622
300715,2026-02-05,12.35,0.0008100000000000001,77054.0,95225.642
300716,2026-02-05,12.66,-0.022393999999999997,38851.5,49781.456
300717,2026-02-05,21.2,-0.002822,21304.0,45498.353
300718,2026-02-05,78.0,-0.016641,26962.33,211194.938
300719,2026-02-05,18.94,0.013918999999999999,293383.92,552891.746
300720,2026-02-05,33.08,-0.007798,26789.0,89105.022
300721,2026-02-05,16.84,0.028083,212208.18,355895.475
300722,2026-02-05,32.22,-0.010746,31069.84,100844.86
300723,2026-02-05,33.9,-0.010508,46595.0,158277.551
300724,2026-02-05,129.4,-0.12390000000000001,448402.43,5982547.856
300725,2026-02-05,41.1,-0.009639,57947.21,238855.823
300726,2026-02-05,49.73,0.010978000000000002,84048.26,414577.228
300727,2026-02-05,33.84,-0.025065,27660.32,94027.645
300729,2026-02-05,14.19,-0.002811,26424.02,37670.904
300730,2026-02-05,12.76,-0.002346,51203.75,65832.711
300731,2026-02-05,61.86,-0.048308,89809.0,560000.056
300732,2026-02-05,7.65,-0.009066999999999999,53606.76,41293.463
300733,2026-02-05,17.79,-0.029989,36005.0,64644.998
300735,2026-02-05,24.7,-0.015544,70339.09,174385.514
300736,2026-02-05,18.75,0.026835,80080.0,150174.057
300737,2026-02-05,7.82,0.035762,850519.1,674817.587
300738,2026-02-05,21.87,-0.007713,549207.15,1191969.736
300739,2026-02-05,19.7,-0.024752,137377.62,273732.532
300740,2026-02-05,23.55,0.019039,218526.55,516720.135
300741,2026-02-05,18.66,-0.00586,30114.54,56659.372
300743,2026-02-05,20.1,-0.003471,26157.0,52862.086
300745,2026-02-05,25.71,-0.019451,29136.3,75122.03
300746,2026-02-05,13.56,-0.020231,28028.0,38517.859
300747,2026-02-05,30.3,-0.018782,108229.02,329448.653
300748,2026-02-05,34.71,-0.045904,372909.66,1305509.754
300749,2026-02-05,18.77,-0.014181,134207.6,248637.477
300750,2026-02-05,362.94,-0.005726,284271.57,10268243.283
300751,2026-02-05,294.21,-0.104656,170396.42,5075297.252
300752,2026-02-05,18.53,-0.006967,36215.28,67316.607
300753,2026-02-05,34.57,0.041265,141731.96,479616.869
300755,2026-02-05,17.43,-0.008532,161399.31,285437.032
300756,2026-02-05,48.0,-0.012142,25271.0,121136.002
300757,2026-02-05,382.6,-0.08813599999999999,111293.1,4318924.737
300758,2026-02-05,16.7,-0.066518,411782.05,695731.004
300759,2026-02-05,30.29,-0.002634,197515.23,599834.534
300760,2026-02-05,192.1,-0.0029070000000000003,56819.61,1093047.725
300761,2026-02-05,19.85,0.000504,72403.0,144696.229
300762,2026-02-05,41.4,-0.009094999999999999,307761.96,1282899.408
300763,2026-02-05,80.8,-0.050863,129636.31,1058298.741
300765,2026-02-05,34.67,-0.031564,100878.66,352506.23
300766,2026-02-05,42.07,0.0026219999999999998,311635.64,1311395.969
300767,2026-02-05,18.17,-0.004384,32922.07,60214.473
300768,2026-02-05,18.15,-0.008738000000000001,36199.41,66008.376
300769,2026-02-05,39.65,-0.028900000000000002,88853.96,355647.733
300770,2026-02-05,45.45,0.011574,46237.74,210530.113
300771,2026-02-05,15.11,-0.000661,53446.7,81071.543
300772,2026-02-05,18.0,-0.018003,220831.58,392623.635
300773,2026-02-05,27.03,-0.028397000000000002,333576.12,908547.724
300774,2026-02-05,21.9,-0.036516,93483.18,205859.383
300775,2026-02-05,46.73,0.008198,831256.94,3924615.056
300776,2026-02-05,83.4,-0.088624,139221.07,1176537.559
300777,2026-02-05,43.7,0.005522,141712.43,619507.881
300778,2026-02-05,14.49,-0.009569,93018.35,137239.821
300779,2026-02-05,101.57,-0.00888,75613.73,788014.807
300780,2026-02-05,26.5,-0.03214,174795.0,470031.178
300781,2026-02-05,48.0,-0.017199,132438.69,636992.564
300782,2026-02-05,73.99,-0.0028299999999999996,49575.42,365148.979
300783,2026-02-05,24.44,0.014108,162593.66,398416.356
300784,2026-02-05,57.01,-0.002624,12682.0,72794.267
300785,2026-02-05,67.77,0.001774,197611.18,1325974.143
300786,2026-02-05,16.02,-0.021978,39192.0,63061.532
300787,2026-02-05,12.68,-0.019335,105215.2,134508.958
300788,2026-02-05,29.7,0.0078049999999999994,24667.0,73610.38
300789,2026-02-05,23.01,0.00043499999999999995,37415.44,87436.858
300790,2026-02-05,26.32,-0.013123000000000001,55746.7,147337.112
300791,2026-02-05,21.98,0.00503,36290.61,79962.347
300792,2026-02-05,42.59,0.012601,114603.99,486548.137
300793,2026-02-05,15.73,-0.007571,70724.6,111774.847
300795,2026-02-05,14.28,0.017094,76953.59,110581.481
300796,2026-02-05,9.41,-0.009474,47035.18,44683.152
300797,2026-02-05,18.08,-0.000553,45761.5,82875.723
300798,2026-02-05,9.08,-0.006565,406713.0,368800.734
300800,2026-02-05,12.97,0.004648,42884.51,55842.649
300801,2026-02-05,28.81,-0.029966,40327.0,117435.49
300802,2026-02-05,19.75,-0.004536,41048.6,81326.355
300803,2026-02-05,122.48,0.001554,177011.66,2167175.064
300804,2026-02-05,36.93,-0.002162,7951.0,29629.73
300805,2026-02-05,14.77,0.050498,580032.76,845094.96
300806,2026-02-05,49.95,-0.041818999999999995,236092.36,1174445.466
300807,2026-02-05,55.59,0.012753,16445.79,91727.643
300808,2026-02-05,31.61,0.001902,39622.0,124923.827
300809,2026-02-05,37.48,-0.02826,37548.0,141554.422
300810,2026-02-05,41.97,-0.027121,43493.0,183748.734
300811,2026-02-05,74.4,-0.046154,88381.4,662195.405
300812,2026-02-05,29.95,-0.041292999999999996,84738.0,254609.877
300813,2026-02-05,24.69,0.002029,12924.23,31887.51
300814,2026-02-05,73.16,-0.005978,83095.45,617102.744
300815,2026-02-05,23.51,-0.02529,52424.89,124125.747
300816,2026-02-05,63.29,-0.011557,36219.0,235292.467
300817,2026-02-05,20.47,-0.012542,16494.0,33889.095
300818,2026-02-05,40.1,-0.018600000000000002,96904.17,385428.223
300819,2026-02-05,39.25,0.0010199999999999999,102554.47,409816.061
300820,2026-02-05,59.78,-0.038598,72487.45,431139.593
300821,2026-02-05,11.88,-0.036496,331712.34,400576.956
300822,2026-02-05,15.88,-0.006879,15128.1,24165.908
300823,2026-02-05,17.81,-0.006693,32881.2,59072.352
300824,2026-02-05,11.28,0.005348,50748.5,57464.999
300825,2026-02-05,10.05,-0.0069169999999999995,54799.56,55288.096
300826,2026-02-05,17.12,0.0029289999999999997,15366.61,26275.938
300827,2026-02-05,36.66,-0.053935000000000004,186603.05,693602.341
300829,2026-02-05,18.06,-0.018478,44674.8,81466.442
300830,2026-02-05,12.83,-0.053834999999999994,325562.13,423775.538
300831,2026-02-05,13.79,0.026042,132986.4,181349.977
300832,2026-02-05,54.39,-0.002933,31080.61,169627.722
300833,2026-02-05,44.95,-0.008164,12210.0,55012.504
300834,2026-02-05,24.6,-0.009661999999999999,9292.0,22919.329
300835,2026-02-05,76.77,0.006292,45620.25,355582.011
300836,2026-02-05,58.03,-0.009389,9768.95,56628.477
300837,2026-02-05,44.66,-0.047761,59448.39,265911.081
300838,2026-02-05,16.41,-0.005455,22312.0,36805.747
300839,2026-02-05,12.27,0.042481,131064.61,161537.748
300840,2026-02-05,19.14,-0.012892999999999998,58412.0,112631.476
300841,2026-02-05,68.0,-0.011341,15636.69,105888.159
300842,2026-02-05,107.71,-0.10917199999999999,178978.95,1942539.959
300843,2026-02-05,54.28,-0.035365,73565.54,400373.171
300844,2026-02-05,42.17,-0.018161,6748.24,28595.781
300845,2026-02-05,12.04,0.005008,47387.67,57018.579
300846,2026-02-05,24.6,-0.023809999999999998,355345.1,870461.068
300847,2026-02-05,17.88,-0.005562,67878.5,122101.804
300848,2026-02-05,16.42,-0.022037,60805.0,100259.003
300849,2026-02-05,19.1,-0.005208000000000001,16966.0,32453.017
300850,2026-02-05,43.03,-0.036066,117568.88,509402.973
300851,2026-02-05,30.69,-0.005508999999999999,12000.0,36938.483
300852,2026-02-05,45.29,-0.000882,59353.11,270399.983
300853,2026-02-05,21.32,-0.0046689999999999995,19535.6,41599.548
300854,2026-02-05,22.24,-0.030091999999999997,36196.4,81221.592
300855,2026-02-05,40.02,-0.011608,104395.18,418003.45
300856,2026-02-05,13.95,0.023478,126078.47,176817.329
300857,2026-02-05,206.13,0.00136,76716.0,1562357.056
300858,2026-02-05,18.5,-0.004841,28652.09,53310.455
300859,2026-02-05,39.05,0.018253,86386.28,338180.214
300860,2026-02-05,28.7,0.010208,35545.72,102243.04
300861,2026-02-05,17.9,-0.044314,270358.4,488567.441
300862,2026-02-05,22.92,-0.016731,31733.0,73077.807
300863,2026-02-05,60.92,-0.006847,27484.52,167704.823
300864,2026-02-05,22.07,-0.031168,29040.62,64716.533
300865,2026-02-05,29.11,-0.013889,9543.0,28015.172
300866,2026-02-05,104.26,0.024366,57010.1,591726.419
300867,2026-02-05,18.99,-0.008355,26307.62,50097.974
300868,2026-02-05,31.87,-0.0028160000000000004,12949.0,41520.622
300869,2026-02-05,15.52,-0.003851,25679.59,40044.983
300870,2026-02-05,222.2,-0.077702,57876.78,1306006.429
300871,2026-02-05,27.25,-0.013395999999999998,201682.91,566080.696
300872,2026-02-05,17.23,0.009373,119803.27,206879.614
300873,2026-02-05,24.18,-0.013464,28173.17,68580.862
300875,2026-02-05,39.93,0.001756,24699.08,98804.004
300876,2026-02-05,29.75,-0.02491,14321.3,43096.561
300877,2026-02-05,31.5,0.053864,83008.16,261362.699
300878,2026-02-05,27.57,0.017343,19853.2,54562.766
300879,2026-02-05,24.74,-0.0044269999999999995,41496.24,103244.2
300880,2026-02-05,19.08,-0.018519,19665.0,37698.302
300881,2026-02-05,41.16,-0.017426999999999998,27844.9,116326.417
300882,2026-02-05,21.89,-0.030128,66945.58,147044.838
300883,2026-02-05,6.77,-0.001475,84676.83,57625.329
300884,2026-02-05,15.65,-0.005718,83539.55,130853.864
300885,2026-02-05,26.98,0.000371,62925.53,169148.747
300886,2026-02-05,29.2,0.011080000000000001,28051.78,82700.076
300887,2026-02-05,11.65,-0.011874000000000001,107959.0,125870.372
300888,2026-02-05,35.87,0.008151,41120.73,147587.746
300889,2026-02-05,23.7,0.013687,67921.88,159619.604
300890,2026-02-05,29.77,-0.021046,30746.0,92124.1
300891,2026-02-05,9.45,-0.020724999999999997,80398.0,77012.361
300892,2026-02-05,32.62,0.015567,47343.02,155308.068
300893,2026-02-05,23.82,0.010178,49122.67,117454.757
300894,2026-02-05,11.69,-0.0008550000000000001,26861.0,31447.419
300895,2026-02-05,49.2,-0.010856,42298.04,206775.1
300896,2026-02-05,153.96,0.038026,94580.61,1464492.72
300897,2026-02-05,26.34,0.003811,12038.59,31668.795
300898,2026-02-05,29.53,0.000339,61152.99,182409.724
300899,2026-02-05,33.8,-0.017442,4599.0,15652.664
300900,2026-02-05,39.83,0.028136,422595.48,1699567.646
300901,2026-02-05,19.02,0.030893999999999998,81859.57,156884.587
300902,2026-02-05,20.74,-0.012381,28199.0,58888.82
300903,2026-02-05,28.35,-0.041257999999999996,228146.91,646685.367
300904,2026-02-05,60.04,-0.027062,7717.15,46698.851
300905,2026-02-05,35.77,-0.027461000000000003,30611.16,110117.132
300906,2026-02-05,35.48,0.010538,23772.42,85242.983
300907,2026-02-05,30.46,0.009278,24734.0,76013.173
300908,2026-02-05,29.71,0.022719,34163.38,101022.935
300909,2026-02-05,45.53,0.000879,16825.0,76707.107
300910,2026-02-05,53.66,-0.011786000000000001,25041.61,135235.659
300911,2026-02-05,35.92,0.014689,29033.14,103375.643
300912,2026-02-05,28.58,0.199832,7446.52,21282.154
300913,2026-02-05,50.02,-0.029303,36505.31,183533.457
300915,2026-02-05,25.72,0.0,12683.16,32720.307
300916,2026-02-05,31.09,-0.009557,14107.0,44061.533
300917,2026-02-05,42.77,0.006353,128427.12,551985.195
300918,2026-02-05,16.93,-0.013977999999999999,89617.16,152762.356
300919,2026-02-05,50.51,-0.051633,139359.42,708995.803
300920,2026-02-05,41.23,0.000243,12697.0,52637.57
300921,2026-02-05,29.42,0.056753,307813.75,883206.626
300922,2026-02-05,22.64,-0.007018,27746.21,63015.569
300923,2026-02-05,28.8,0.0027860000000000003,14337.75,41489.278
300925,2026-02-05,21.08,-0.019079,84512.42,179068.409
300926,2026-02-05,29.58,0.000677,45464.93,135094.734
300927,2026-02-05,32.85,-0.057659,137449.96,458768.584
300928,2026-02-05,32.34,0.004348,8881.0,28633.264
300929,2026-02-05,12.1,0.0,27393.4,33344.409
300930,2026-02-05,31.17,-0.012357,13282.0,41581.474
300931,2026-02-05,11.35,0.008889000000000001,54774.0,62529.841
300932,2026-02-05,13.47,-0.047382999999999995,141488.01,191062.091
300933,2026-02-05,8.74,-0.040615,182980.12,161240.373
300935,2026-02-05,37.0,0.023513000000000003,26595.4,97277.847
300936,2026-02-05,41.6,-0.005023,11828.0,49428.458
300937,2026-02-05,33.42,-0.024517999999999998,20704.0,70027.556
300938,2026-02-05,35.2,-0.011236,81174.09,287537.886
300939,2026-02-05,34.93,-0.018269,17327.5,60909.514
300940,2026-02-05,26.5,-0.00037699999999999995,31949.2,84913.913
300941,2026-02-05,23.48,0.022648,62982.54,147270.989
300942,2026-02-05,9.75,-0.005102,60567.0,59492.505
300943,2026-02-05,31.75,-0.06425,208667.35,675918.32
300945,2026-02-05,18.64,-0.03719,241888.86,456386.608
300946,2026-02-05,47.55,-0.012461,10839.04,51520.744
300947,2026-02-05,20.6,0.019296999999999998,77470.62,160033.764
300948,2026-02-05,19.8,-0.01,52410.57,104455.192
300949,2026-02-05,43.42,0.016148,13189.9,57380.893
300950,2026-02-05,24.49,-0.0204,29008.89,71362.852
300951,2026-02-05,36.05,-0.006613,7519.42,27146.344
300952,2026-02-05,46.66,-0.0029909999999999997,33867.35,156291.91
300953,2026-02-05,155.7,-0.019707,34769.61,538621.92
300955,2026-02-05,37.41,0.007541,14706.1,55141.946
300956,2026-02-05,17.43,-0.022982,39329.61,69300.107
300957,2026-02-05,47.44,0.05822,258511.51,1237791.909
300958,2026-02-05,13.88,-0.006442,41515.17,58293.873
300959,2026-02-05,90.7,-0.014773000000000001,21224.0,191881.872
300960,2026-02-05,25.43,-0.005864,9817.68,25094.174
300961,2026-02-05,14.43,-0.010287999999999999,23424.0,33955.628
300962,2026-02-05,17.17,-0.019417,31041.9,53794.823
300963,2026-02-05,19.97,-0.025377999999999998,80252.88,161288.005
300964,2026-02-05,56.22,-0.02141,16373.91,92775.947
300965,2026-02-05,60.81,-0.0058850000000000005,6309.0,38451.889
300966,2026-02-05,21.23,-0.0028179999999999998,12376.0,26481.009
300967,2026-02-05,22.03,-0.008997,160595.51,363150.735
300968,2026-02-05,13.7,-0.012257,42461.71,58495.071
300969,2026-02-05,140.78,-0.018476,23616.0,334191.521
300970,2026-02-05,22.4,0.011742999999999998,56597.02,125454.313
300971,2026-02-05,25.19,-0.011769,25398.2,64283.772
300972,2026-02-05,213.57,0.020401,23898.78,507981.762
300973,2026-02-05,44.67,0.010632999999999998,42218.45,190230.305
300975,2026-02-05,15.29,-0.019872,593518.22,900540.796
300976,2026-02-05,59.84,-0.01303,11138.68,66887.518
300977,2026-02-05,22.94,-0.027142,54185.61,125991.18
300978,2026-02-05,12.51,0.007246,52174.75,65256.571
300979,2026-02-05,51.04,0.017341,45810.4,233457.981
300980,2026-02-05,34.0,-0.019325000000000002,28892.05,98696.862
300981,2026-02-05,12.93,0.0031030000000000003,23644.05,30448.76
300982,2026-02-05,21.19,-0.019889,30581.0,64980.039
300983,2026-02-05,25.52,-0.005843,3480.46,8919.591
300984,2026-02-05,76.39,0.023445999999999998,43055.99,328731.636
300985,2026-02-05,23.1,-0.079681,186011.26,435106.211
300986,2026-02-05,39.11,-0.08621499999999999,605675.97,2478172.172
300987,2026-02-05,21.22,0.015310999999999998,110919.99,235206.466
300988,2026-02-05,24.8,-0.018987,26283.0,65708.787
300989,2026-02-05,16.31,0.0012280000000000001,33537.96,54931.938
300990,2026-02-05,81.15,-0.050988,26596.02,218536.475
300991,2026-02-05,42.15,-0.024756999999999998,27632.0,116612.732
300992,2026-02-05,30.8,-0.006452,21642.0,66622.245
300993,2026-02-05,14.54,-0.009537,30433.64,44589.354
300994,2026-02-05,16.87,0.001187,23246.35,39388.566
300995,2026-02-05,37.74,0.001061,8909.0,33568.088
300996,2026-02-05,16.91,-0.008792,47432.82,80556.294
300997,2026-02-05,26.07,0.058464999999999996,234992.47,610963.056
300998,2026-02-05,23.59,0.002976,15151.0,35747.233
300999,2026-02-05,30.07,0.015878,160436.27,481611.518
301000,2026-02-05,38.11,-0.046296,55120.6,212931.572
301001,2026-02-05,35.55,0.010517,56561.03,200707.503
301002,2026-02-05,40.37,0.019187,57423.43,230281.482
301003,2026-02-05,46.54,-0.004279,17096.6,80110.775
301004,2026-02-05,51.85,0.040956,14518.69,74419.881
301005,2026-02-05,166.29,-0.021650999999999997,89630.65,1494930.854
301006,2026-02-05,18.51,0.002166,19711.0,36404.565
301007,2026-02-05,37.63,-0.012077,21446.35,80810.179
301008,2026-02-05,34.5,-0.031171,45228.49,160835.14
301009,2026-02-05,13.39,0.002996,44603.97,60225.323
301010,2026-02-05,22.99,0.0017430000000000002,21019.0,48377.846
301011,2026-02-05,26.04,0.0030819999999999997,17560.47,45941.442
301012,2026-02-05,27.3,-0.036017,52821.24,145609.27
301013,2026-02-05,23.82,-0.021364,46757.52,112053.594
301015,2026-02-05,23.93,0.013983,63109.32,151529.739
301016,2026-02-05,24.66,-0.008842,22551.74,55966.173
301017,2026-02-05,16.22,-0.034524,110948.7,181417.802
301018,2026-02-05,67.33,-0.051824,149028.88,989685.71
301019,2026-02-05,23.12,-0.007724999999999999,14300.1,33188.956
301020,2026-02-05,23.32,-0.005119,11637.0,27269.308
301021,2026-02-05,57.39,-0.01931,52709.82,302479.064
301022,2026-02-05,34.6,-0.024803000000000002,21152.34,73929.573
301023,2026-02-05,45.73,-0.020561,22676.2,104280.112
301024,2026-02-05,37.74,-0.015392999999999999,9437.5,36210.676
301025,2026-02-05,11.19,0.024725,176026.11,198150.233
301026,2026-02-05,30.86,-0.036528,80285.39,247385.393
301027,2026-02-05,18.58,0.002698,40103.0,74387.167
301028,2026-02-05,14.96,-0.016437,37777.0,56667.004
301029,2026-02-05,27.28,-0.023622,84762.29,231797.404
301030,2026-02-05,14.03,0.051724,266931.69,381114.397
301031,2026-02-05,138.11,-0.047451999999999994,28584.95,397964.765
301032,2026-02-05,13.41,-0.010332,52676.56,71116.65
301033,2026-02-05,71.1,-0.024022,10190.55,73342.474
301035,2026-02-05,80.21,-0.014377,12291.0,98902.183
301036,2026-02-05,33.61,-0.041631,31529.0,108300.322
301037,2026-02-05,16.08,-0.004334,13713.24,22127.204
301038,2026-02-05,22.96,-0.006919999999999999,17580.59,40550.625
301039,2026-02-05,10.06,-0.010816,152650.96,153067.701
301040,2026-02-05,35.02,0.112806,151522.9,526325.554
301041,2026-02-05,27.85,-0.008897,20156.38,56539.316
301042,2026-02-05,84.68,-0.016949000000000002,13824.4,117111.713
301043,2026-02-05,65.28,-0.018198000000000002,7818.0,50914.594
301045,2026-02-05,38.36,-0.025901,36939.27,143097.703
301046,2026-02-05,25.32,-0.029885000000000002,20971.0,53385.202
301047,2026-02-05,73.7,-0.000136,10176.93,75515.549
301048,2026-02-05,11.51,-0.020426000000000003,38380.0,44653.827
301049,2026-02-05,24.25,-0.004107,12857.0,31354.583
301050,2026-02-05,55.51,0.00035999999999999997,87005.71,482645.33
301051,2026-02-05,19.44,-0.006135000000000001,34155.12,67372.603
301052,2026-02-05,38.62,0.009408999999999999,38483.38,148868.165
301053,2026-02-05,36.1,0.00838,18775.76,67795.822
301055,2026-02-05,21.46,-0.011515,18023.0,38915.013
301056,2026-02-05,17.25,-0.013722000000000002,40180.57,69542.952
301057,2026-02-05,41.3,0.013496999999999999,30719.0,125415.827
301058,2026-02-05,11.44,-0.024723000000000002,125543.0,144960.678
301059,2026-02-05,15.15,0.07446799999999999,274643.77,417671.792
301060,2026-02-05,11.26,-0.006178,51433.55,58271.524
301061,2026-02-05,89.61,-0.01049,6714.19,60750.001
301062,2026-02-05,9.89,-0.036062,140560.0,140518.757
301063,2026-02-05,25.95,-0.011805000000000001,19558.0,51127.084
301065,2026-02-05,23.87,0.000419,16116.96,38574.556
301066,2026-02-05,18.85,0.013441000000000002,97187.47,183266.622
301067,2026-02-05,34.48,0.007892,21808.04,74541.505
301068,2026-02-05,26.65,0.021463999999999997,9281.7,24532.679
301069,2026-02-05,24.22,-0.027309,74076.17,181372.049
301070,2026-02-05,60.0,-0.003322,11177.4,67511.705
301071,2026-02-05,39.96,-0.049703,99667.58,401811.534
301072,2026-02-05,23.73,0.002535,13448.0,32019.43
301073,2026-02-05,34.66,0.076732,131414.68,448535.074
301075,2026-02-05,61.21,-0.014649,5283.0,32481.119
301076,2026-02-05,42.14,-0.032599,30401.84,129271.434
301077,2026-02-05,29.97,-0.014469000000000001,17863.0,53764.591
301078,2026-02-05,11.14,0.016423,681881.9,757455.678
301079,2026-02-05,43.26,-0.003226,79595.27,343224.945
301080,2026-02-05,49.58,-0.023054,37097.3,184580.958
301081,2026-02-05,12.82,0.00313,58164.92,74204.998
301082,2026-02-05,18.6,-0.025668000000000003,53670.84,100577.014
301083,2026-02-05,19.39,-0.008184,17425.0,33947.78
301085,2026-02-05,59.33,-0.019339,45660.07,272927.984
301086,2026-02-05,127.18,-0.064027,36172.95,466421.806
301087,2026-02-05,54.39,0.014927999999999999,45051.65,244495.217
301088,2026-02-05,16.9,-0.004711,15987.0,27175.786
301089,2026-02-05,29.33,0.000341,31279.0,91617.411
301090,2026-02-05,7.54,-0.015666,59805.65,45390.006
301091,2026-02-05,25.13,0.0,46931.5,118561.206
301092,2026-02-05,35.38,-0.015307999999999999,11614.0,41177.402
301093,2026-02-05,81.37,-0.021407,42413.54,341045.609
301095,2026-02-05,72.96,-0.017374,36784.51,267299.459
301096,2026-02-05,49.61,-0.025535000000000002,17780.68,88827.072
301097,2026-02-05,56.83,0.008876,6620.0,37575.597
301098,2026-02-05,9.51,-0.002099,46323.84,44362.646
301099,2026-02-05,45.41,-0.033624,41273.61,188887.301
301100,2026-02-05,20.66,-0.019459,13733.0,28596.196
301101,2026-02-05,40.29,-0.012258,18075.48,73198.08
301102,2026-02-05,12.85,0.042173999999999996,165221.75,210548.451
301103,2026-02-05,21.6,0.010289999999999999,21363.0,46282.109
301105,2026-02-05,50.53,0.015883,15709.86,78464.999
301106,2026-02-05,33.36,-0.007733,14354.6,48028.398
301107,2026-02-05,30.68,-0.006477,11514.42,35574.117
301108,2026-02-05,33.86,0.042488,28437.8,95756.422
301109,2026-02-05,15.47,-0.006423,51175.9,79352.978
301110,2026-02-05,77.5,0.013071999999999999,38824.52,300124.096
301111,2026-02-05,20.46,-0.002438,52387.96,108140.055
301112,2026-02-05,36.65,-0.014255,11256.0,41691.95
301113,2026-02-05,26.42,0.006475999999999999,10135.7,26783.026
301115,2026-02-05,18.1,-0.010929,20502.89,37376.363
301116,2026-02-05,11.5,0.002616,58019.0,67072.477
301117,2026-02-05,55.21,-0.000362,48276.12,267217.703
301118,2026-02-05,26.07,-0.031575,33168.0,86988.512
301119,2026-02-05,57.19,-0.008839,61297.92,353137.713
301120,2026-02-05,20.36,-0.078316,262897.55,546506.623
301121,2026-02-05,40.03,-0.030516,12856.2,52013.282
301122,2026-02-05,29.68,-0.0053620000000000004,16222.7,48556.671
301123,2026-02-05,57.61,-0.036622,52990.06,306140.277
301125,2026-02-05,21.5,-0.003707,32310.36,70032.807
301126,2026-02-05,12.36,0.0008100000000000001,70700.59,88157.063
301127,2026-02-05,17.94,0.022805,207995.52,373134.128
301128,2026-02-05,99.82,-0.029366,25277.93,252395.291
301129,2026-02-05,26.18,-0.007582,12218.0,32128.002
301130,2026-02-05,31.78,0.007609,16035.5,51149.723
301131,2026-02-05,47.43,-0.0044080000000000005,9181.41,43793.201
301132,2026-02-05,36.12,-0.009053,24671.0,90014.531
301133,2026-02-05,36.59,-0.014542999999999999,21435.76,78539.626
301135,2026-02-05,29.9,-0.016447,11259.69,33865.311
301136,2026-02-05,19.97,0.127612,384967.12,744622.041
301137,2026-02-05,51.51,-0.03467,64145.09,333908.385
301138,2026-02-05,38.72,-0.022716,19183.06,74888.32
301139,2026-02-05,18.74,-0.047764,66898.79,125952.305
301141,2026-02-05,58.19,-0.034992,39333.78,229835.56
301148,2026-02-05,51.74,0.006419,21084.0,109795.31
301149,2026-02-05,12.17,-0.030278999999999997,150439.0,185953.353
301150,2026-02-05,39.05,-0.031258,62656.72,247140.875
301151,2026-02-05,19.63,-0.014558,14564.0,28823.877
301152,2026-02-05,29.01,-0.031062,27220.21,79575.663
301153,2026-02-05,22.63,-0.0013239999999999999,42839.0,97196.886
301155,2026-02-05,72.25,-0.031112,35050.2,253829.069
301156,2026-02-05,19.3,-0.002068,21022.6,40883.409
301157,2026-02-05,52.75,-0.0065910000000000005,8339.57,44319.187
301158,2026-02-05,23.72,-0.03065,59558.09,143545.498
301159,2026-02-05,51.97,-0.040613,63897.42,332370.336
301160,2026-02-05,63.6,-0.012882,16246.95,103534.22
301161,2026-02-05,34.58,-0.02619,32399.64,113547.223
301162,2026-02-05,76.45,0.040136000000000005,46361.48,342472.997
301163,2026-02-05,30.67,-0.0019520000000000002,16454.15,50470.308
301165,2026-02-05,73.46,-0.041368,66560.31,493483.012
301166,2026-02-05,33.44,0.008444,15811.85,52932.254
301167,2026-02-05,18.68,0.020765,35432.13,65541.707
301168,2026-02-05,44.37,-0.044573999999999996,26975.0,120239.005
301169,2026-02-05,58.13,-0.012402,11788.91,69465.38
301170,2026-02-05,30.27,-0.006889999999999999,11391.0,34656.864
301171,2026-02-05,60.97,-0.045106,515723.3,3198972.591
301172,2026-02-05,29.34,0.045617,185143.06,540110.726
301173,2026-02-05,47.12,-0.00106,3989.0,18780.961
301175,2026-02-05,6.02,-0.022727,226392.5,137107.122
301176,2026-02-05,23.35,-0.012685,16914.0,39822.254
301177,2026-02-05,32.46,-0.029886,42079.28,137843.372
301178,2026-02-05,51.6,-0.047795,20016.0,104860.565
301179,2026-02-05,16.91,-0.014569,32320.32,54957.934
301180,2026-02-05,18.22,-0.02358,39478.0,72184.553
301181,2026-02-05,41.87,-0.024237,15639.9,65546.01
301182,2026-02-05,51.88,0.017255,91853.3,471580.154
301183,2026-02-05,153.65,-0.10839700000000001,71105.48,1129135.777
301185,2026-02-05,20.28,-0.001969,34833.13,70929.837
301186,2026-02-05,49.31,-0.015768,8766.88,43318.427
301187,2026-02-05,24.11,0.0016619999999999998,12618.0,30436.864
301188,2026-02-05,18.27,-0.015625,25526.0,46933.587
301189,2026-02-05,45.81,0.023001,39000.01,177102.891
301190,2026-02-05,22.75,-0.016003,18881.0,43472.518
301191,2026-02-05,104.76,-0.038723,26735.66,280587.974
301192,2026-02-05,30.6,-0.006494,9036.5,27601.503
301193,2026-02-05,23.44,-0.016366000000000002,29519.27,69610.593
301195,2026-02-05,36.02,0.014648000000000001,17709.19,63935.373
301196,2026-02-05,75.11,-0.028959000000000002,18534.0,140056.065
301197,2026-02-05,21.94,-0.004085,23661.0,51919.297
301198,2026-02-05,14.31,0.009167999999999999,31210.28,44687.418
301199,2026-02-05,24.05,-0.015957,12445.6,30106.702
301200,2026-02-05,156.6,-0.010301,25355.02,393619.227
301201,2026-02-05,37.72,-0.032324,28114.33,107419.378
301202,2026-02-05,40.8,-0.015682,8886.0,36500.033
301203,2026-02-05,35.81,0.004488,13278.0,48181.417
301205,2026-02-05,197.5,-0.069625,105375.04,2146910.572
301206,2026-02-05,27.2,0.000736,13250.0,36194.307
301207,2026-02-05,22.69,0.043697999999999994,338473.73,768733.787
301208,2026-02-05,38.02,-0.007311,9212.27,35075.237
301209,2026-02-05,94.19,0.01236,9795.8,92059.956
301210,2026-02-05,38.79,0.05666,73162.29,284577.692
301211,2026-02-05,12.93,0.003882,63334.37,81964.33
301212,2026-02-05,29.69,-0.019160999999999997,8070.0,24114.852
301213,2026-02-05,75.43,-0.012308,13745.0,103894.958
301215,2026-02-05,6.99,-0.007102000000000001,111447.4,78478.312
301216,2026-02-05,21.74,-0.037627,77666.77,171040.641
301217,2026-02-05,29.92,-0.028256,110103.77,331648.074
301218,2026-02-05,35.07,-0.00256,54829.44,193738.481
301219,2026-02-05,67.6,-0.037585,58991.26,400501.806
301220,2026-02-05,36.87,0.002447,10368.6,38367.369
301221,2026-02-05,58.5,-0.001366,15830.94,92651.11
301222,2026-02-05,35.01,0.147117,118473.67,398529.859
301223,2026-02-05,19.78,-0.00101,14854.0,29408.549
301225,2026-02-05,141.49,-0.009243,7383.0,105216.036
301226,2026-02-05,30.52,-0.012937,14556.0,44564.28
301227,2026-02-05,34.98,-0.012421999999999999,12483.0,43666.869
301228,2026-02-05,39.29,-0.032504,20734.0,82898.04
301229,2026-02-05,19.74,-0.01497,27531.47,54712.584
301230,2026-02-05,46.88,-0.053121,101246.52,479545.328
301231,2026-02-05,36.58,0.007991,66540.05,244769.533
301232,2026-02-05,208.74,-0.006,41230.35,861574.351
301233,2026-02-05,55.11,-0.007027,5896.0,32704.069
301234,2026-02-05,41.07,0.000487,5653.0,23184.437
301235,2026-02-05,50.54,-0.045334000000000006,72144.29,366664.084
301236,2026-02-05,46.54,0.00086,143214.52,668206.697
301237,2026-02-05,63.07,0.016274999999999998,9068.52,57337.98
301238,2026-02-05,20.1,-0.025691000000000002,75019.83,151596.127
301239,2026-02-05,36.03,0.013217000000000001,24319.42,88478.902
301246,2026-02-05,20.95,-0.016893000000000002,37390.48,78653.406
301248,2026-02-05,45.95,0.0026179999999999997,43561.13,201428.609
301251,2026-02-05,61.3,0.008555,125337.25,782072.829
301252,2026-02-05,31.07,-0.019565,21408.15,66618.238
301255,2026-02-05,28.1,-0.007067,8707.93,24551.451
301256,2026-02-05,15.56,-0.024451,135366.28,214751.591
301257,2026-02-05,69.24,-0.0382,22789.91,157918.326
301258,2026-02-05,34.18,0.004113,12568.0,43153.728
301259,2026-02-05,33.44,-0.015312,16988.0,56983.898
301260,2026-02-05,16.3,-0.006703,17301.55,28348.94
301261,2026-02-05,88.4,-0.017669,14850.83,131440.947
301262,2026-02-05,28.05,0.040044,127048.37,354999.703
301263,2026-02-05,33.0,0.036107,67939.2,223517.526
301265,2026-02-05,14.08,-0.008451,41121.19,57792.384
301266,2026-02-05,45.69,-0.021418,60029.04,273819.752
301267,2026-02-05,18.97,0.009043,57909.65,110216.888
301268,2026-02-05,19.91,-0.017275,38651.48,76809.627
301269,2026-02-05,98.15,0.0017349999999999998,37168.54,365293.846
301270,2026-02-05,37.88,0.0021160000000000003,27111.14,102741.754
301272,2026-02-05,42.7,0.00447,8701.0,37297.657
301273,2026-02-05,30.58,-0.004881,13107.73,40297.72
301275,2026-02-05,58.7,0.0013650000000000001,20730.9,121308.191
301276,2026-02-05,29.25,0.010363,39099.2,114476.598
301277,2026-02-05,12.76,0.0023569999999999997,20920.86,26788.802
301278,2026-02-05,38.52,-0.035070000000000004,56696.07,220031.882
301279,2026-02-05,31.18,-0.01485,15397.9,48011.382
301280,2026-02-05,60.49,0.052000000000000005,37217.72,222783.128
301281,2026-02-05,33.17,-0.004203,22334.0,73869.208
301282,2026-02-05,27.55,-0.019922,30522.57,84718.543
301283,2026-02-05,49.24,-0.005052,10938.0,54381.253
301285,2026-02-05,69.92,-0.017426,18859.0,133000.473
301286,2026-02-05,58.41,-0.014011000000000001,42708.79,255159.834
301287,2026-02-05,45.81,0.003725,9927.0,45679.802
301288,2026-02-05,18.84,0.020585,14994.0,28256.873
301289,2026-02-05,58.73,-0.015588,6116.97,36086.243
301290,2026-02-05,28.81,-0.004148,8932.08,25887.05
301291,2026-02-05,44.27,-0.051628,81183.67,363107.922
301292,2026-02-05,52.21,-0.02847,52560.05,275641.759
301293,2026-02-05,75.89,-0.021027,143729.3,1089066.44
301295,2026-02-05,35.18,0.011792,14100.24,49205.708
301296,2026-02-05,8.88,0.0033900000000000002,31811.09,28292.566
301297,2026-02-05,39.4,0.018351,75254.02,294291.77
301298,2026-02-05,16.98,-0.005272,25572.0,43682.397
301299,2026-02-05,58.88,-0.002034,12905.0,76116.431
301300,2026-02-05,45.6,-0.00043799999999999997,10244.06,46979.008
301301,2026-02-05,10.9,-0.008189,88766.84,97201.053
301302,2026-02-05,23.19,-0.010666,28822.94,67396.675
301303,2026-02-05,15.55,-0.028732,62698.94,98751.799
301305,2026-02-05,25.29,-0.018245,27920.03,71252.336
301306,2026-02-05,115.61,0.038724,112438.63,1310113.216
301307,2026-02-05,34.27,-0.009538,47940.0,165695.705
301308,2026-02-05,292.72,-0.030728,95541.62,2786962.601
301309,2026-02-05,30.7,-0.002599,8511.5,26298.977
301310,2026-02-05,39.66,0.00711,9965.09,39409.16
301311,2026-02-05,18.35,-0.01291,25417.0,47031.814
301312,2026-02-05,66.94,-0.053182,46773.83,314625.316
301313,2026-02-05,30.4,-0.005886,38192.0,117413.544
301314,2026-02-05,50.21,0.036539999999999996,44030.89,221982.64
301315,2026-02-05,62.2,0.020007,32487.53,200000.498
301316,2026-02-05,42.96,-0.010138000000000001,46834.0,201359.563
301317,2026-02-05,37.58,-0.028437999999999998,28576.76,107730.855
301318,2026-02-05,29.44,0.003408,10031.2,29619.803
301319,2026-02-05,45.18,-0.020594,15714.62,71580.679
301320,2026-02-05,18.25,0.007731,26521.0,48286.574
301321,2026-02-05,25.09,-0.005943,105381.32,264720.064
301322,2026-02-05,28.28,-0.007371,10971.1,31191.313
301323,2026-02-05,53.35,-0.02468,10759.72,57533.82
301325,2026-02-05,53.6,-0.023679000000000002,41338.62,220719.27
301326,2026-02-05,124.19,-0.025579,16618.0,206889.205
301327,2026-02-05,56.55,-0.031014,20071.64,113860.926
301328,2026-02-05,52.15,-0.016594,7613.5,39942.139
301329,2026-02-05,24.51,-0.027767,33031.33,81333.432
301330,2026-02-05,37.82,-0.010466,30447.79,115290.308
301331,2026-02-05,29.23,0.001027,11259.88,33154.205
301332,2026-02-05,9.93,-0.00201,41478.0,41346.587
301333,2026-02-05,76.8,-0.021655999999999998,19424.09,148548.139
301335,2026-02-05,29.49,0.00855,26891.7,80093.734
301336,2026-02-05,59.65,-0.01209,15674.02,94058.946
301337,2026-02-05,30.77,-0.007098999999999999,16152.0,50017.313
301338,2026-02-05,131.54,-0.015714,30757.96,402641.033
301339,2026-02-05,14.59,0.0020599999999999998,45334.54,66362.738
301345,2026-02-05,220.28,-0.0032579999999999996,9972.05,218997.374
301348,2026-02-05,28.03,-0.006028,149563.5,417898.948
301349,2026-02-05,46.17,-0.018286,14058.0,65048.019
301353,2026-02-05,29.55,-0.001689,9756.36,28960.387
301355,2026-02-05,13.17,0.0007599999999999999,40671.0,53846.24
301356,2026-02-05,22.36,-0.009304,13125.0,29602.524
301357,2026-02-05,126.91,-0.032182,14554.68,186017.178
301358,2026-02-05,61.3,-0.029756,134243.43,833658.671
301359,2026-02-05,21.36,-0.0014030000000000002,13781.6,29557.625
301360,2026-02-05,81.69,-0.021677,15433.0,126681.551
301361,2026-02-05,36.73,-0.038481999999999995,25650.51,95451.206
301362,2026-02-05,93.29,0.200026,171487.58,1530373.643
301363,2026-02-05,31.39,-0.019675,102213.65,322543.482
301365,2026-02-05,24.81,0.0,22313.5,55399.113
301366,2026-02-05,34.7,-0.022535,20406.95,71553.25
301367,2026-02-05,83.73,0.000956,7819.26,65300.288
301368,2026-02-05,62.39,-0.021026,17673.98,110556.666
301369,2026-02-05,118.35,-0.000676,8491.75,98932.344
301370,2026-02-05,11.56,-0.004307,32700.0,37994.84
301371,2026-02-05,26.12,0.053226,96648.04,251459.912
301372,2026-02-05,28.15,-0.0053,11724.0,33243.853
301373,2026-02-05,35.19,0.004568,26336.0,93783.408
301376,2026-02-05,20.09,0.011581,27505.69,55481.151
301377,2026-02-05,172.45,-0.005192,25466.2,439981.481
301378,2026-02-05,41.98,-0.029140000000000003,60609.5,254029.053
301379,2026-02-05,26.8,-0.018314999999999998,31516.48,84624.975
301380,2026-02-05,36.84,-0.000814,17768.25,65737.496
301381,2026-02-05,22.35,0.005397999999999999,44245.59,99284.553
301382,2026-02-05,37.25,-0.026907,93585.21,351359.619
301383,2026-02-05,33.69,-0.007951,7982.0,27015.849
301386,2026-02-05,27.08,-0.031127,61323.42,167344.928
301387,2026-02-05,57.3,-0.013600000000000001,15466.46,88508.525
301388,2026-02-05,34.5,-0.026248999999999998,46966.14,163398.837
301389,2026-02-05,47.75,-0.0029230000000000003,29538.0,141338.939
301390,2026-02-05,39.15,0.032982,27376.65,107294.206
301391,2026-02-05,71.65,-0.019299,5260.91,37838.839
301392,2026-02-05,117.97,-0.016917,26048.74,306146.927
301393,2026-02-05,54.0,0.011236,22973.17,126489.668
301395,2026-02-05,14.11,0.020984,44031.21,61976.79
301396,2026-02-05,87.38,-0.022376,134525.24,1176426.841
301397,2026-02-05,30.16,-0.014057,17472.92,53114.866
301398,2026-02-05,60.37,-0.023455,13274.6,80078.883
301399,2026-02-05,19.76,-0.012494,15049.01,29940.135
301408,2026-02-05,20.83,-0.040534,152478.04,321117.735
301413,2026-02-05,165.33,-0.010888,42242.4,687337.386
301418,2026-02-05,39.1,0.004625000000000001,7210.0,28147.895
301419,2026-02-05,34.2,-0.014977,16368.0,56345.085
301421,2026-02-05,92.8,-0.011293,20129.74,186666.703
301428,2026-02-05,37.85,-0.021204999999999998,91097.65,346383.5
301429,2026-02-05,21.22,0.004259,17359.42,37031.328
301439,2026-02-05,16.18,-0.028812,66850.23,108771.626
301446,2026-02-05,44.66,-0.047761,11870.66,53703.202
301448,2026-02-05,44.51,0.008381999999999999,8738.9,39040.066
301449,2026-02-05,77.85,-0.016797,7509.2,58633.475
301456,2026-02-05,29.49,-0.015359000000000001,10324.75,30540.517
301458,2026-02-05,34.23,-0.018354,32353.73,111188.438
301459,2026-02-05,42.45,-0.009104,7388.4,31481.164
301468,2026-02-05,65.43,-0.072047,79339.61,527302.071
301469,2026-02-05,33.37,-0.028247,33817.13,113294.618
301479,2026-02-05,86.17,0.0034939999999999997,4967.22,42847.842
301486,2026-02-05,196.41,-0.108767,75939.05,1540610.058
301487,2026-02-05,23.19,-0.03375,177066.48,414200.561
301488,2026-02-05,146.26,-0.029205000000000002,10457.43,154903.776
301489,2026-02-05,152.29,-0.017484,18820.4,287445.797
301491,2026-02-05,56.8,0.006735,7885.01,44747.817
301498,2026-02-05,65.57,0.027743000000000004,61164.84,396846.673
301499,2026-02-05,30.42,-0.002623,16088.0,48915.579
301500,2026-02-05,19.11,-0.040180999999999994,235827.66,455454.525
301501,2026-02-05,42.35,0.004030000000000001,10612.26,45091.854
301502,2026-02-05,46.24,0.003908,7847.48,36350.789
301503,2026-02-05,39.3,0.0007639999999999999,10202.0,40470.132
301505,2026-02-05,25.09,-0.007123000000000001,27797.55,70236.454
301507,2026-02-05,15.58,0.0006419999999999999,42979.0,67399.472
301508,2026-02-05,32.87,0.002134,17311.0,57022.561
301509,2026-02-05,38.48,0.058887999999999996,102755.36,401080.162
301510,2026-02-05,36.44,-0.010320000000000001,56514.41,204710.06
301511,2026-02-05,28.44,-0.024022,98546.16,281822.695
301512,2026-02-05,50.7,-0.015534,7329.74,37464.427
301515,2026-02-05,25.69,0.012214000000000001,24368.0,62477.414
301516,2026-02-05,16.39,-0.017386,20094.0,33216.757
301517,2026-02-05,65.75,0.000304,52935.66,350999.298
301518,2026-02-05,39.5,-0.011512,20323.0,80433.332
301519,2026-02-05,14.93,-0.004003,22976.22,34483.946
301520,2026-02-05,44.3,-0.011822,7093.65,31730.827
301522,2026-02-05,39.61,-0.010986000000000001,62629.29,249551.402
301525,2026-02-05,83.18,-0.027135,11280.0,94335.494
301526,2026-02-05,9.4,-0.036885,1648283.97,1568910.475
301528,2026-02-05,66.62,-0.007300999999999999,3163.0,21166.655
301529,2026-02-05,126.4,-0.019927,15730.0,200756.693
301533,2026-02-05,37.81,-0.03938,27176.05,103652.819
301535,2026-02-05,28.29,0.0024809999999999997,63221.34,178093.069
301536,2026-02-05,66.5,-0.039988,83052.92,554241.318
301538,2026-02-05,84.17,-0.021960999999999998,13390.17,113221.293
301539,2026-02-05,21.04,-0.007547000000000001,18283.85,38620.123
301548,2026-02-05,67.66,-0.019278,17361.0,118829.469
301550,2026-02-05,164.9,0.001823,54062.31,892221.865
301551,2026-02-05,35.65,0.004508,74021.72,265015.322
301552,2026-02-05,40.11,0.008549,13032.2,52457.317
301555,2026-02-05,33.97,0.007115,32765.33,112308.981
301556,2026-02-05,105.87,-0.097058,56145.32,609070.854
301557,2026-02-05,95.18,-0.08216,19229.16,186768.684
301558,2026-02-05,9.35,0.00863,213783.1,198662.307
301559,2026-02-05,17.83,0.001685,27628.0,49402.751
301560,2026-02-05,38.05,-0.01933,19279.11,73440.105
301563,2026-02-05,160.68,-0.008147999999999999,6847.13,109665.376
301565,2026-02-05,24.27,-0.017408999999999997,23347.2,56997.495
301566,2026-02-05,22.11,0.04096,184191.26,397388.755
301567,2026-02-05,47.45,-0.016579999999999998,9500.97,45328.09
301568,2026-02-05,48.11,-0.026113,21884.0,105909.345
301571,2026-02-05,55.0,-0.01168,14730.0,81239.905
301575,2026-02-05,52.15,0.013408,12916.0,67502.089
301577,2026-02-05,61.6,-0.011553,5463.0,33898.828
301578,2026-02-05,35.98,-0.0030480000000000004,8566.55,30903.821
301580,2026-02-05,50.72,-0.033905,26650.18,135813.21
301581,2026-02-05,51.74,0.07344400000000001,39452.11,201501.597
301584,2026-02-05,29.35,-0.015761,18822.89,55608.482
301585,2026-02-05,32.4,-0.024390000000000002,20297.72,66470.831
301586,2026-02-05,50.12,0.0030020000000000003,11799.36,59814.409
301587,2026-02-05,24.3,-0.004506,16214.0,39398.777
301588,2026-02-05,24.36,0.023529,60335.72,145262.586
301589,2026-02-05,177.98,-0.002242,5223.0,92681.867
301590,2026-02-05,195.0,-0.027576999999999997,3135.32,61468.632
301591,2026-02-05,45.89,-0.042162,24708.95,115044.796
301592,2026-02-05,118.23,-0.006554,3727.0,44185.134
301595,2026-02-05,52.16,-0.012868999999999998,12120.95,63804.763
301596,2026-02-05,71.96,-0.006489,4975.58,35964.725
301598,2026-02-05,66.37,-0.001805,2709.0,17966.644
301600,2026-02-05,121.66,-0.015696,7256.35,88746.163
301601,2026-02-05,28.43,-0.007679,8705.0,24777.63
301602,2026-02-05,22.31,-0.002236,11893.0,26576.301
301603,2026-02-05,67.58,-0.013718999999999999,14028.47,95069.389
301606,2026-02-05,63.69,-0.020154000000000002,36847.36,234625.862
301607,2026-02-05,49.82,-0.028849999999999997,52919.66,264216.993
301608,2026-02-05,92.68,0.002813,6498.32,60031.639
301609,2026-02-05,47.32,-0.046928,36054.69,172956.584
301611,2026-02-05,127.2,0.070797,139117.89,1724577.762
301613,2026-02-05,49.81,-0.021030000000000004,18735.5,93815.651
301616,2026-02-05,52.08,-0.004207,9577.0,50340.339
301617,2026-02-05,76.88,0.016931,21580.45,166870.557
301618,2026-02-05,51.66,0.000194,4884.49,25227.242
301622,2026-02-05,65.3,-0.027839999999999997,17703.95,116114.49
301626,2026-02-05,174.74,-0.042521,15731.7,276663.789
301628,2026-02-05,95.17,-0.011426,15068.58,144224.228
301629,2026-02-05,294.72,0.016626000000000002,13013.54,377801.363
301630,2026-02-05,174.98,-0.010294000000000001,2107.99,36954.789
301631,2026-02-05,97.72,0.01464,12363.81,120218.055
301632,2026-02-05,24.35,-0.02483,24386.01,59678.289
301633,2026-02-05,67.77,-0.010079,3103.0,21103.904
301636,2026-02-05,92.6,0.034984,99637.93,930574.053
301638,2026-02-05,20.45,-0.033554,166091.61,340854.533
301656,2026-02-05,26.3,-0.0015190000000000002,32171.37,84692.554
301658,2026-02-05,32.49,-0.04131,57342.52,187932.719
301662,2026-02-05,197.5,0.138329,27686.54,547689.395
301665,2026-02-05,28.92,-0.013978999999999998,21559.5,62979.012
301667,2026-02-05,67.68,-0.040679999999999994,22615.35,155172.243
301668,2026-02-05,51.44,-0.027046999999999998,14060.44,72688.324
301678,2026-02-05,74.74,-0.011245,20422.4,151880.173
301687,2026-02-05,58.7,-0.032311,28322.79,167095.331
302132,2026-02-05,77.43,-0.011111,65135.58,506781.203
600000,2026-02-05,10.23,0.009871999999999999,972236.88,992778.931
600004,2026-02-05,9.64,0.002079,253489.91,244212.608
600006,2026-02-05,6.92,-0.0057469999999999995,130895.68,90680.1
600007,2026-02-05,20.91,0.00674,28568.51,59680.927
600008,2026-02-05,3.08,-0.003236,749096.73,230652.796
600009,2026-02-05,31.24,0.001603,183104.1,572031.04
600010,2026-02-05,2.39,-0.028454999999999998,6464455.7,1553264.821
600011,2026-02-05,6.93,-0.00431,498614.23,344852.537
600012,2026-02-05,14.35,0.002795,42212.01,60706.735
600015,2026-02-05,6.58,0.015432,741872.31,485607.075
600016,2026-02-05,3.84,0.013193,5024338.49,1923400.263
600017,2026-02-05,3.15,-0.009434,375306.75,118521.595
600018,2026-02-05,5.05,-0.001976,575335.57,290436.096
600019,2026-02-05,7.12,-0.01385,1149521.43,822607.7
600020,2026-02-05,4.08,0.002457,187577.97,76579.995
600021,2026-02-05,20.32,-0.042413,606106.14,1244946.199
600022,2026-02-05,1.62,-0.018182,1415570.5,230908.903
600023,2026-02-05,4.95,-0.004024,416055.63,206444.776
600025,2026-02-05,9.15,0.0032890000000000003,178722.43,163395.648
600026,2026-02-05,16.16,-0.0358,585545.38,956539.784
600027,2026-02-05,4.87,-0.002049,600046.15,291400.056
600028,2026-02-05,6.4,-0.015385,2169579.47,1391003.354
600029,2026-02-05,8.25,0.008557,1118131.36,924232.005
600030,2026-02-05,28.29,-0.0031709999999999998,1156841.69,3276268.367
600031,2026-02-05,23.27,0.00043,682882.74,1586163.932
600032,2026-02-05,7.9,-0.022277,97091.73,77129.83
600033,2026-02-05,3.9,0.015625,826788.52,323545.348
600035,2026-02-05,3.97,0.0,130708.02,51864.241
600036,2026-02-05,39.71,0.017944,1218894.52,4810048.757
600037,2026-02-05,8.05,-0.003713,163853.0,132440.811
600038,2026-02-05,37.69,-0.005803,78415.27,296424.323
600039,2026-02-05,9.89,0.009184,153211.63,151098.835
600048,2026-02-05,7.17,-0.002782,1909350.06,1369370.91
600050,2026-02-05,4.88,0.002053,1869917.6,909579.698
600051,2026-02-05,8.05,-0.0049440000000000005,51743.6,41811.557
600052,2026-02-05,4.55,-0.013015,107828.0,49493.73
600053,2026-02-05,23.22,-0.1,109064.28,254617.901
600054,2026-02-05,14.39,0.061993,387347.21,555691.527
600055,2026-02-05,16.05,0.0018729999999999999,38060.35,60990.365
600056,2026-02-05,10.83,-0.00368,124180.73,134654.243
600057,2026-02-05,8.15,0.01875,249765.82,202200.577
600058,2026-02-05,12.92,-0.036539999999999996,275325.33,360710.98
600059,2026-02-05,10.11,-0.010763,242719.17,247750.115
600060,2026-02-05,25.06,0.039834,336919.95,841704.398
600061,2026-02-05,7.62,0.002632,397393.76,301897.335
600062,2026-02-05,18.73,0.003751,65100.48,122048.611
600063,2026-02-05,6.64,-0.017751,381397.74,253287.187
600064,2026-02-05,8.9,-0.001122,185444.04,165355.464
600066,2026-02-05,31.46,0.014839,159830.63,502967.413
600067,2026-02-05,4.25,-0.029679999999999998,368336.26,158420.428
600071,2026-02-05,21.13,-0.007049,27028.2,57144.869
600072,2026-02-05,12.85,-0.036009,1021462.66,1314783.106
600073,2026-02-05,6.52,-0.003058,131510.35,86068.847
600075,2026-02-05,5.89,-0.034426,318594.8,190658.382
600076,2026-02-05,3.79,0.007979,305956.57,115528.986
600078,2026-02-05,11.5,-0.036044,192489.0,224610.881
600079,2026-02-05,19.23,0.011041,312476.41,599195.011
600080,2026-02-05,7.92,0.003802,49099.74,38946.12
600081,2026-02-05,11.86,0.002536,21547.18,25544.669
600082,2026-02-05,4.24,0.0,148520.55,63265.782
600084,2026-02-05,7.72,0.09971500000000001,362149.66,271648.768
600085,2026-02-05,31.46,0.023422000000000002,201749.74,630820.323
600088,2026-02-05,18.03,0.01692,100497.7,181655.154
600089,2026-02-05,27.63,-0.050515,2777603.03,7751711.688
600094,2026-02-05,4.88,-0.022044,188730.0,92577.727
600095,2026-02-05,11.06,-0.006289,262407.37,290782.484
600096,2026-02-05,35.1,-0.027162000000000002,338021.59,1198469.604
600097,2026-02-05,12.28,0.0016309999999999999,90479.0,111361.515
600098,2026-02-05,6.99,-0.018258,226418.85,159003.832
600099,2026-02-05,11.35,0.012488999999999998,63606.33,72361.859
600100,2026-02-05,8.88,-0.023102,618694.91,552541.34
600101,2026-02-05,10.02,-0.016683,141678.17,142895.427
600103,2026-02-05,3.74,-0.007958,535589.82,201221.088
600104,2026-02-05,14.48,0.0034649999999999998,550671.08,797086.407
600105,2026-02-05,25.9,-0.047092999999999996,999804.31,2606606.244
600106,2026-02-05,6.25,-0.015747999999999998,124346.14,78315.485
600107,2026-02-05,6.12,0.049743,58900.82,35551.219
600108,2026-02-05,3.48,-0.027933,573962.67,202115.986
600109,2026-02-05,9.24,0.002169,301615.96,277709.142
600110,2026-02-05,6.63,-0.020679,282385.85,187754.709
600111,2026-02-05,48.31,-0.054043,988449.16,4819013.554
600113,2026-02-05,60.01,0.011120000000000001,32836.48,196067.932
600114,2026-02-05,31.5,-0.008499,107631.25,338265.198
600115,2026-02-05,6.37,0.014331,2494554.78,1581492.11
600116,2026-02-05,6.7,-0.016153,186568.03,125276.451
600117,2026-02-05,2.84,-0.017301,183664.01,52393.301
600118,2026-02-05,92.23,-0.054051,634531.82,5902080.066
600119,2026-02-05,6.93,-0.002878,50812.73,35360.055
600120,2026-02-05,6.36,-0.010886,411280.61,261519.883
600121,2026-02-05,4.36,-0.048034999999999994,630163.4,276833.487
600123,2026-02-05,6.22,-0.029641,385718.7,239612.55
600125,2026-02-05,6.46,-0.0015459999999999998,146267.0,94603.892
600126,2026-02-05,8.36,-0.029036,611654.6,514376.058
600127,2026-02-05,6.67,-0.044413,481114.05,323273.312
600128,2026-02-05,11.73,0.004281,59914.0,70645.689
600129,2026-02-05,18.17,0.0038669999999999998,86236.37,156891.909
600130,2026-02-05,4.3,-0.0046300000000000004,76434.0,32943.122
600131,2026-02-05,18.62,-0.035233,166206.51,311750.372
600132,2026-02-05,55.67,0.023346,97201.41,537774.913
600133,2026-02-05,10.31,-0.031925,562861.8,589562.082
600135,2026-02-05,10.03,0.013130999999999999,195724.37,197608.905
600136,2026-02-05,1.85,0.051136,457754.4,83403.327
600137,2026-02-05,21.67,0.0027760000000000003,30434.0,66407.281
600138,2026-02-05,10.17,0.01194,206109.14,209124.689
600141,2026-02-05,37.25,-0.017928,160475.21,599474.209
600143,2026-02-05,18.27,-0.022995,430320.87,790264.463
600148,2026-02-05,20.49,0.0058909999999999995,18579.01,38232.991
600149,2026-02-05,5.95,0.0,586399.25,351312.307
600150,2026-02-05,34.66,-0.012817,565075.85,1962088.051
600151,2026-02-05,15.9,-0.028711,912910.01,1462139.132
600152,2026-02-05,7.62,-0.035442999999999995,174603.0,134394.341
600153,2026-02-05,9.7,0.001032,224268.83,217422.296
600155,2026-02-05,6.78,0.002959,227049.21,153500.632
600156,2026-02-05,9.03,0.099878,222432.55,199392.751
600157,2026-02-05,1.64,-0.012048000000000001,7680208.41,1256290.345
600158,2026-02-05,9.83,0.022893,407014.84,399134.391
600159,2026-02-05,3.1,0.013071999999999999,452354.0,140967.972
600160,2026-02-05,37.71,-0.0018529999999999998,184790.78,700537.511
600161,2026-02-05,16.65,0.009091,103389.3,171926.999
600162,2026-02-05,1.9,-0.005235999999999999,429061.97,81591.504
600163,2026-02-05,5.86,-0.026578,322169.31,189390.004
600165,2026-02-05,3.65,-0.03183,79483.0,29493.92
600166,2026-02-05,3.16,0.009585,1698051.48,534384.704
600167,2026-02-05,6.95,-0.007143,80917.9,56087.282
600168,2026-02-05,5.25,-0.001901,54965.4,28847.34
600169,2026-02-05,2.46,-0.004049,266438.31,66116.263
600170,2026-02-05,2.96,-0.023102,3008576.0,896238.405
600171,2026-02-05,31.2,-0.007949000000000001,129087.3,401679.189
600172,2026-02-05,7.56,-0.05853100000000001,1807860.37,1373323.126
600173,2026-02-05,8.81,0.062726,849692.06,763931.882
600176,2026-02-05,21.76,-0.007752,895962.22,1958295.654
600177,2026-02-05,7.41,0.013680000000000001,250401.03,184814.662
600178,2026-02-05,12.46,-0.010326,32665.02,40995.351
600179,2026-02-05,4.93,-0.033333,1358224.9,677918.631
600180,2026-02-05,3.66,-0.010811,138408.0,50816.006
600182,2026-02-05,14.92,0.002688,22231.0,33172.511
600183,2026-02-05,63.48,-0.013673,213711.92,1360020.667
600184,2026-02-05,17.6,-0.0062109999999999995,71003.51,125483.703
600185,2026-02-05,7.3,0.031073,770168.01,555413.923
600186,2026-02-05,5.87,0.001706,658178.03,384547.144
600187,2026-02-05,2.17,0.0046300000000000004,486982.67,106246.885
600188,2026-02-05,15.44,0.011132999999999999,1902587.53,2921559.892
600189,2026-02-05,8.45,-0.016298,132287.6,112098.047
600191,2026-02-05,12.18,-0.091723,201481.05,252197.669
600192,2026-02-05,9.43,-0.019751,102686.33,96751.166
600193,2026-02-05,4.29,-0.013793,34481.89,14880.465
600195,2026-02-05,7.91,-0.01125,113850.35,90643.486
600196,2026-02-05,26.6,-0.001502,116596.18,310505.417
600197,2026-02-05,14.14,-0.007719,92789.1,132085.041
600198,2026-02-05,9.64,-0.012295,232531.02,222932.178
600199,2026-02-05,10.18,-0.022094,371279.87,383838.148
600201,2026-02-05,15.79,-0.005667999999999999,228778.91,359618.573
600202,2026-02-05,6.24,-0.009524,69777.98,43887.5
600203,2026-02-05,12.17,-0.008958,79591.0,97160.989
600206,2026-02-05,20.6,-0.030132,246512.81,508416.725
600207,2026-02-05,4.85,-0.026104,182783.0,89264.251
600208,2026-02-05,3.67,-0.010782,574530.17,210950.478
600210,2026-02-05,7.5,-0.010554,188805.89,142206.236
600211,2026-02-05,42.17,0.004765,23902.01,100640.825
600212,2026-02-05,7.72,-0.007712,69049.0,53386.501
600215,2026-02-05,7.66,-0.019206,90664.01,70132.271
600216,2026-02-05,14.97,0.019060999999999998,221364.26,328777.849
600217,2026-02-05,4.11,-0.004843,161168.75,66185.439
600218,2026-02-05,10.51,-0.041058000000000004,151693.0,161257.818
600219,2026-02-05,6.6,-0.042089999999999995,3264412.04,2159607.532
600221,2026-02-05,1.74,-0.005714,5505588.55,958720.995
600222,2026-02-05,6.78,0.016492,150597.61,101533.946
600223,2026-02-05,7.58,0.00664,172253.13,131416.26
600226,2026-02-05,5.88,-0.0033900000000000002,441102.52,259845.794
600227,2026-02-05,2.49,-0.01581,206793.0,51944.867
600228,2026-02-05,6.27,0.038079,156469.0,97348.997
600229,2026-02-05,6.87,0.004386,62872.01,43349.733
600230,2026-02-05,19.66,-0.003043,350963.96,708357.735
600231,2026-02-05,2.34,-0.012658,221193.6,52070.451
600232,2026-02-05,9.17,-0.017149,111133.01,102499.994
600233,2026-02-05,18.13,0.024293999999999996,211666.89,384328.685
600234,2026-02-05,14.39,0.013380000000000001,33071.1,47442.299
600235,2026-02-05,7.04,-0.008451,65137.0,46216.622
600236,2026-02-05,8.47,0.018029,118162.37,99464.868
600237,2026-02-05,9.47,-0.018653,172330.83,163028.575
600238,2026-02-05,5.72,0.025089999999999998,159939.09,90488.813
600239,2026-02-05,2.39,0.0,253153.0,60811.339
600241,2026-02-05,8.54,-0.011574,38020.0,32641.718
600243,2026-02-05,3.46,-0.049451,52210.0,18064.66
600246,2026-02-05,11.84,-0.014975,321097.27,380335.995
600248,2026-02-05,3.59,0.0,178101.26,63887.789
600249,2026-02-05,6.06,0.011686,133420.55,80864.478
600250,2026-02-05,11.58,0.014011000000000001,135944.0,157892.811
600251,2026-02-05,10.37,-0.02262,106837.41,111798.954
600252,2026-02-05,2.56,-0.011583000000000001,319076.0,81955.27
600255,2026-02-05,3.73,-0.023559999999999998,492285.17,184612.271
600256,2026-02-05,5.47,-0.028419,1227205.74,675867.653
600257,2026-02-05,7.11,-0.01931,135305.0,97452.511
600258,2026-02-05,17.95,0.022792,254300.9,454576.936
600259,2026-02-05,77.68,-0.05141,110859.19,868118.355
600261,2026-02-05,3.66,-0.013477,134063.0,49255.314
600262,2026-02-05,29.0,-0.049803,50076.01,147219.052
600265,2026-02-05,19.98,-0.010891,1951.0,3928.39
600266,2026-02-05,5.94,-0.013289,1577421.53,941967.787
600267,2026-02-05,10.51,0.009606,120289.49,126524.32
600268,2026-02-05,12.48,-0.055976,405201.27,511238.433
600269,2026-02-05,4.95,0.0020239999999999998,148174.63,73276.968
600271,2026-02-05,10.14,-0.007828,232644.47,236365.616
600272,2026-02-05,13.88,-0.001439,26080.0,36297.53
600273,2026-02-05,11.0,-0.029126,294811.59,325713.429
600276,2026-02-05,58.16,0.009722,517745.55,3003455.269
600278,2026-02-05,8.68,0.0046300000000000004,73651.0,63898.774
600279,2026-02-05,5.44,0.0,71331.0,38759.705
600280,2026-02-05,3.99,0.023077,770449.2,305741.706
600281,2026-02-05,5.93,-0.024671,87649.01,52379.223
600282,2026-02-05,5.53,-0.017762,407268.69,226054.875
600283,2026-02-05,9.26,-0.004301,36783.2,34188.71
600284,2026-02-05,7.83,-0.01261,79715.28,62630.74
600285,2026-02-05,22.42,0.000893,85724.05,192493.806
600287,2026-02-05,6.01,0.005017000000000001,59973.0,36201.102
600288,2026-02-05,15.0,-0.018325,81874.6,123231.708
600289,2026-02-05,6.74,0.01506,25262.01,16863.854
600292,2026-02-05,13.49,-0.008088,95824.98,129405.082
600293,2026-02-05,3.56,-0.032609,437954.01,156879.131
600295,2026-02-05,14.65,-0.036818,100170.19,148250.968
600298,2026-02-05,44.29,0.019567,87493.73,387799.093
600299,2026-02-05,9.31,-0.003212,69131.4,64517.025
600300,2026-02-05,3.83,-0.0026040000000000004,692099.71,265590.238
600301,2026-02-05,50.73,-0.054955,119262.18,611542.182
600302,2026-02-05,13.78,0.052712,178907.34,245578.443
600303,2026-02-05,3.31,0.0030299999999999997,202958.5,67561.63
600305,2026-02-05,8.27,0.015971,230135.52,189495.406
600307,2026-02-05,1.86,-0.015872999999999998,738667.0,137651.468
600308,2026-02-05,3.93,-0.022387999999999998,179080.92,70906.328
600309,2026-02-05,83.61,-0.014033,272272.42,2289647.442
600310,2026-02-05,3.91,-0.015113000000000001,153133.3,60106.826
600312,2026-02-05,20.92,-0.047359,316843.82,668855.32
600313,2026-02-05,7.73,-0.06303,1574344.95,1240337.903
600315,2026-02-05,22.31,0.055845000000000006,204793.0,453377.539
600316,2026-02-05,45.9,0.020907,264686.9,1217567.693
600318,2026-02-05,8.71,0.002301,68121.0,59278.761
600319,2026-02-05,8.0,-0.002494,28988.0,23257.328
600320,2026-02-05,5.2,-0.022556,586395.41,307235.194
600322,2026-02-05,2.42,0.021097,364369.07,88634.439
600323,2026-02-05,29.5,0.019703,50366.02,147566.839
600325,2026-02-05,4.55,0.029411999999999997,1545329.58,698522.018
600326,2026-02-05,10.65,-0.00653,159551.17,170444.315
600327,2026-02-05,4.69,0.008602,149744.16,70058.759
600328,2026-02-05,8.64,-0.027027000000000002,213112.39,186330.547
600329,2026-02-05,45.92,0.046967999999999996,91869.1,419449.032
600330,2026-02-05,16.0,-0.055490000000000005,3053155.79,4895770.645
600331,2026-02-05,16.33,-0.006086,848557.99,1377836.376
600332,2026-02-05,25.55,0.005906,142887.68,364677.376
600333,2026-02-05,5.71,-0.006957,96298.0,54872.575
600335,2026-02-05,6.59,-0.0030259999999999996,124339.0,81883.256
600336,2026-02-05,7.89,0.0038169999999999996,86697.0,68231.106
600337,2026-02-05,2.63,-0.011278,305148.19,80738.485
600338,2026-02-05,17.44,-0.041231,439741.9,769932.715
600339,2026-02-05,3.86,-0.030150999999999997,1102961.37,429188.785
600340,2026-02-05,1.66,-0.011904999999999999,1893202.2,314808.823
600343,2026-02-05,35.95,0.013817999999999999,491132.92,1747654.083
600345,2026-02-05,36.36,-0.02021,148027.94,538646.002
600346,2026-02-05,24.05,-0.032193,423073.58,1023607.626
600348,2026-02-05,9.28,-0.045267,599002.54,560832.709
600350,2026-02-05,10.25,0.006876,58910.0,60339.236
600351,2026-02-05,6.85,-0.001458,134640.03,92379.993
600352,2026-02-05,14.08,-0.019499,759413.27,1067262.866
600353,2026-02-05,17.7,-0.020476,311895.81,547757.779
600354,2026-02-05,6.85,-0.041958,862483.71,598545.509
600355,2026-02-05,1.53,-0.049689,8502.0,1300.806
600356,2026-02-05,9.65,-0.004128,72864.0,70611.134
600358,2026-02-05,6.11,0.008251,55429.74,33921.49
600359,2026-02-05,7.38,-0.018616999999999998,153468.03,114649.0
600360,2026-02-05,8.73,-0.020202,148820.87,130473.328
600361,2026-02-05,4.43,-0.032751,695830.0,309929.842
600362,2026-02-05,55.86,-0.050968,712987.49,3989829.223
600363,2026-02-05,63.81,0.005198,79058.83,500409.268
600365,2026-02-05,3.14,0.012903,46324.0,14532.458
600366,2026-02-05,13.35,-0.039568,352237.56,473557.195
600367,2026-02-05,18.11,-0.033102,145095.07,263728.053
600368,2026-02-05,4.04,0.004975,208076.86,84079.778
600369,2026-02-05,4.65,0.01087,729880.86,337383.051
600370,2026-02-05,2.5,-0.011858,313755.0,78688.843
600371,2026-02-05,9.27,-0.019048,257112.19,243969.973
600372,2026-02-05,15.91,-0.0031330000000000004,735010.01,1170957.769
600373,2026-02-05,9.33,-0.001071,148498.0,138792.307
600375,2026-02-05,6.03,-0.009852,166610.98,100876.302
600376,2026-02-05,5.46,-0.02847,526654.2,289609.295
600377,2026-02-05,12.24,0.005752,77940.69,95485.021
600378,2026-02-05,35.45,-0.025028,70525.89,251014.939
600379,2026-02-05,12.63,-0.039544,60997.01,77814.944
600380,2026-02-05,11.62,0.0025879999999999996,96921.42,112526.399
600381,2026-02-05,2.85,-0.05,13461.0,3836.385
600382,2026-02-05,9.67,0.100114,724395.39,690967.881
600383,2026-02-05,3.38,0.015015,1957242.56,659761.124
600386,2026-02-05,4.66,-0.002141,96991.0,45171.552
600388,2026-02-05,18.14,-0.004937,130600.62,236700.947
600389,2026-02-05,24.97,-0.019631,65063.79,163657.646
600390,2026-02-05,5.72,-0.010381,359849.83,205708.53
600391,2026-02-05,56.22,0.060555000000000005,482097.91,2704975.363
600392,2026-02-05,24.5,-0.055148,722008.71,1782345.507
600395,2026-02-05,5.53,-0.07370199999999999,911894.74,504621.741
600396,2026-02-05,3.1,-0.009585,179628.2,55982.75
600397,2026-02-05,10.87,-0.045654,592285.81,659098.354
600398,2026-02-05,6.36,0.042622999999999994,1058680.48,665017.41
600399,2026-02-05,6.56,-0.016492,631943.5,415625.405
600400,2026-02-05,2.38,0.008475,335564.78,80160.51
600403,2026-02-05,7.14,-0.029891,1072511.99,775277.934
600405,2026-02-05,5.3,-0.013035000000000001,71107.75,37849.087
600406,2026-02-05,25.24,-0.024353,754946.12,1908208.855
600408,2026-02-05,3.79,-0.047739000000000004,835896.35,318699.342
600409,2026-02-05,7.36,-0.037908,405966.62,302717.821
600410,2026-02-05,21.89,0.000914,2028306.64,4446282.309
600415,2026-02-05,15.44,0.005208000000000001,622373.91,958085.165
600416,2026-02-05,14.31,-0.015141,176895.6,254068.281
600418,2026-02-05,53.6,0.017849999999999998,409483.13,2175046.547
600419,2026-02-05,10.12,0.014028,93608.9,95013.357
600420,2026-02-05,10.67,0.0028199999999999996,83253.34,88845.221
600421,2026-02-05,8.24,-0.020214,68023.02,57054.261
600422,2026-02-05,12.43,0.007292999999999999,79367.0,98519.184
600423,2026-02-05,3.86,-0.010256000000000001,157801.0,61579.867
600425,2026-02-05,4.59,-0.012903,274106.0,126159.763
600426,2026-02-05,35.5,-0.027397,251346.41,896032.288
600428,2026-02-05,7.59,-0.0039369999999999995,245433.3,186931.998
600429,2026-02-05,5.4,0.007463,194507.0,105137.658
600433,2026-02-05,3.46,-0.014245,272762.45,94555.054
600435,2026-02-05,16.54,-0.010174,241241.86,399475.41
600436,2026-02-05,170.44,0.039966,86748.81,1463604.43
600438,2026-02-05,18.37,-0.060838,1049962.15,1961700.343
600439,2026-02-05,2.8,-0.003559,188668.25,53093.878
600444,2026-02-05,18.31,-0.01027,20895.0,38409.742
600446,2026-02-05,15.27,-0.016742,121682.75,186751.09
600448,2026-02-05,3.4,0.008902,200850.02,68452.496
600449,2026-02-05,13.31,0.011397999999999998,114069.16,153153.921
600452,2026-02-05,11.53,-0.035953,744929.12,852990.71
600455,2026-02-05,29.1,0.0062239999999999995,14790.0,43181.597
600456,2026-02-05,38.41,0.003921,118499.53,454535.783
600458,2026-02-05,13.98,-0.02714,104614.01,146704.821
600459,2026-02-05,21.18,-0.041195,363919.29,772276.734
600460,2026-02-05,31.12,0.023683999999999997,892858.55,2706634.807
600461,2026-02-05,9.81,-0.006079,93445.0,91649.59
600463,2026-02-05,11.86,0.011083,108546.62,129600.639
600467,2026-02-05,2.67,-0.01476,564674.1,152049.304
600468,2026-02-05,7.26,-0.028111999999999998,302098.99,219759.196
600469,2026-02-05,7.39,-0.04026,202398.5,151225.541
600470,2026-02-05,6.36,-0.033435,192398.01,124188.673
600475,2026-02-05,21.3,-0.035762999999999996,199736.83,429022.151
600476,2026-02-05,14.08,-0.00565,79278.01,112138.046
600477,2026-02-05,3.62,-0.024259,1084685.61,397414.072
600478,2026-02-05,6.92,-0.030812,442124.5,307548.595
600479,2026-02-05,10.64,0.005671000000000001,63126.88,67049.039
600480,2026-02-05,11.58,-0.011944999999999999,83932.38,97420.598
600481,2026-02-05,10.0,-0.09991,1941650.18,1994641.178
600482,2026-02-05,27.46,-0.011163000000000001,255633.38,702398.463
600483,2026-02-05,9.18,-0.002174,148533.44,135947.255
600486,2026-02-05,71.04,-0.015521,40023.24,286654.091
600487,2026-02-05,34.73,-0.070147,1422597.6,4970831.931
600488,2026-02-05,4.26,-0.002342,90778.43,38823.458
600489,2026-02-05,29.92,-0.051965000000000004,1769314.83,5337911.072
600490,2026-02-05,8.53,-0.040495,935910.4,802005.804
600491,2026-02-05,3.23,-0.03003,276429.75,90863.155
600493,2026-02-05,8.12,0.0012330000000000002,80584.0,65711.011
600495,2026-02-05,4.82,-0.010267,106933.22,51743.677
600496,2026-02-05,4.62,-0.010707,219891.5,102025.814
600497,2026-02-05,8.69,-0.040839,1899312.57,1651675.669
600498,2026-02-05,39.07,-0.043106,808344.48,3184300.508
600499,2026-02-05,17.18,-0.03915,446521.49,769210.533
600500,2026-02-05,4.36,-0.024609000000000002,443499.75,194366.508
600501,2026-02-05,27.03,-0.015301,126285.33,345151.854
600502,2026-02-05,4.83,0.002075,210640.62,101753.172
600503,2026-02-05,2.67,0.0,270839.52,72380.535
600505,2026-02-05,13.73,-0.019286,62099.0,85910.271
600506,2026-02-05,24.91,0.009319,113265.0,285504.876
600507,2026-02-05,6.25,-0.011075999999999999,300860.21,187787.936
600508,2026-02-05,12.61,-0.032975,130013.36,163448.435
600509,2026-02-05,8.36,-0.029036,312435.15,262403.535
600510,2026-02-05,9.35,-0.007431,71262.01,66978.541
600511,2026-02-05,29.13,0.001031,59258.96,173062.133
600512,2026-02-05,2.5,-0.003984,271250.09,68158.12
600513,2026-02-05,20.48,-0.0009760000000000001,95832.77,197850.197
600515,2026-02-05,4.59,-0.004338,1482444.07,681753.151
600516,2026-02-05,5.66,-0.035775,765729.15,434500.315
600517,2026-02-05,6.62,-0.039187,581796.16,386699.821
600518,2026-02-05,1.9,-0.005235999999999999,1319155.45,250896.645
600519,2026-02-05,1555.0,0.019672000000000002,91622.74,14183456.476
600520,2026-02-05,27.37,0.014079,50493.0,137604.383
600521,2026-02-05,15.76,-0.0037930000000000004,118194.6,186668.251
600522,2026-02-05,20.86,-0.072889,1736134.19,3625222.774
600523,2026-02-05,15.33,-0.006481,59266.4,91312.024
600525,2026-02-05,4.61,-0.017058,154771.0,71066.08
600526,2026-02-05,5.78,-0.003448,84117.02,48640.854
600527,2026-02-05,2.27,-0.008733999999999999,286930.6,65441.169
600528,2026-02-05,8.29,-0.010740000000000001,134405.0,111419.844
600529,2026-02-05,20.64,0.00097,50732.73,104542.769
600530,2026-02-05,6.39,-0.031818,88487.0,57004.251
600531,2026-02-05,16.54,-0.08008900000000001,1890632.57,3166645.54
600533,2026-02-05,2.69,0.0,191047.0,51726.128
600535,2026-02-05,15.02,0.0067020000000000005,94337.02,141370.539
600536,2026-02-05,45.08,0.001555,107964.69,485255.941
600537,2026-02-05,3.44,-0.036415,1128864.0,389210.622
600538,2026-02-05,7.4,0.001353,113017.01,83320.715
600539,2026-02-05,10.9,0.012071,39363.0,42954.576
600540,2026-02-05,4.92,-0.01006,126494.0,62917.448
600543,2026-02-05,5.36,-0.005566,81558.0,44058.41
600545,2026-02-05,2.56,0.0,272126.0,70036.279
600546,2026-02-05,11.14,-0.045416,634409.51,707559.078
600547,2026-02-05,45.82,-0.039212,976310.67,4454469.934
600548,2026-02-05,9.16,0.004386,71048.6,65012.832
600549,2026-02-05,55.16,-0.027675,458727.64,2534417.898
600550,2026-02-05,15.02,-0.077396,1430643.2,2191082.538
600551,2026-02-05,8.64,0.0,61969.08,53658.583
600552,2026-02-05,14.74,-0.037859,360256.96,534111.358
600556,2026-02-05,7.83,0.031621,2156854.46,1689084.3
600557,2026-02-05,14.4,0.001391,55380.38,80018.868
600558,2026-02-05,6.2,-0.032761,202431.25,126783.332
600559,2026-02-05,16.34,-0.004266,211618.57,347189.843
600560,2026-02-05,16.65,-0.010695,24660.0,41138.79
600561,2026-02-05,7.12,0.00565,47629.0,33921.905
600562,2026-02-05,29.31,0.0061790000000000005,129984.96,379140.198
600563,2026-02-05,106.1,-0.006274999999999999,30174.09,320511.077
600566,2026-02-05,27.14,0.013821000000000002,64838.21,175299.766
600567,2026-02-05,1.63,0.0,787402.97,128763.839
600568,2026-02-05,2.8,0.018182,220347.4,61274.855
600569,2026-02-05,2.42,-0.012244999999999999,328370.62,79903.787
600570,2026-02-05,30.08,-0.011827,230293.99,694867.816
600571,2026-02-05,15.74,-0.008192,72429.23,114791.91
600572,2026-02-05,4.54,0.008889000000000001,447537.74,202722.457
600573,2026-02-05,12.21,0.021757,155880.79,190982.828
600575,2026-02-05,3.44,0.0,474183.71,163261.633
600576,2026-02-05,6.79,0.014948,265282.59,180188.438
600577,2026-02-05,13.67,-0.016547,512574.38,699583.401
600578,2026-02-05,5.17,-0.009578999999999999,279540.08,144685.691
600579,2026-02-05,9.08,-0.009815,74326.0,67529.236
600580,2026-02-05,42.48,-0.031243,331892.95,1419968.626
600581,2026-02-05,2.91,-0.003425,230478.9,67091.832
600582,2026-02-05,6.06,0.003311,569770.9,344145.934
600583,2026-02-05,6.49,-0.029895,544033.71,356008.55
600584,2026-02-05,44.66,-0.026379,647076.01,2871804.624
600585,2026-02-05,25.2,-0.001585,539048.72,1352871.656
600586,2026-02-05,6.69,-0.036023,1423801.88,962698.854
600587,2026-02-05,15.45,-0.005792,57762.07,89463.793
600588,2026-02-05,14.56,-0.01688,540125.28,787464.466
600589,2026-02-05,9.06,-0.03617,1807046.05,1617043.078
600590,2026-02-05,11.43,-0.077482,1294058.43,1510965.269
600592,2026-02-05,23.68,-0.011686,61261.06,145433.284
600593,2026-02-05,40.72,0.014449,65000.79,264908.801
600594,2026-02-05,4.05,-0.002463,130201.0,52978.449
600595,2026-02-05,8.61,-0.062092,961329.43,830973.0
600596,2026-02-05,12.04,-0.01634,250163.98,304566.631
600597,2026-02-05,8.04,0.003745,132255.98,106283.77
600598,2026-02-05,15.44,-0.022166,430919.21,668658.792
600599,2026-02-05,7.2,-0.0055249999999999995,25937.1,18831.004
600600,2026-02-05,63.33,0.015718,104968.52,662228.22
600601,2026-02-05,10.71,-0.025478,1140089.87,1220446.506
600602,2026-02-05,19.8,-0.019802,355348.26,704623.457
600603,2026-02-05,6.62,0.004552,90668.0,59791.995
600604,2026-02-05,5.46,-0.00365,79986.06,43777.311
600605,2026-02-05,28.48,-0.014192,16583.0,47701.985
600606,2026-02-05,1.69,0.005952,1368331.23,230147.126
600608,2026-02-05,3.62,-0.013624,14743.66,5355.473
600609,2026-02-05,4.72,-0.010482,120583.41,57167.454
600610,2026-02-05,11.82,-0.000845,568534.22,679567.22
600611,2026-02-05,5.72,0.0,130495.68,74565.367
600612,2026-02-05,44.67,-0.005122,27002.23,120546.91
600613,2026-02-05,6.37,0.0,61782.0,39354.087
600615,2026-02-05,12.24,-0.008104,46138.33,56486.488
600616,2026-02-05,5.76,0.005235999999999999,183368.97,105501.005
600617,2026-02-05,3.14,-0.027864,324808.2,102610.646
600618,2026-02-05,15.3,-0.015444,242289.48,370280.57
600619,2026-02-05,18.26,-0.016164,114023.24,208956.386
600620,2026-02-05,7.03,-0.011252,69746.5,49286.695
600621,2026-02-05,17.57,0.032315,762924.95,1337791.622
600622,2026-02-05,2.95,0.003401,653384.38,193887.324
600623,2026-02-05,9.33,-0.029136000000000002,139667.22,131487.517
600624,2026-02-05,5.29,-0.0075049999999999995,40434.64,21442.187
600626,2026-02-05,4.96,0.004049,139529.11,69495.7
600628,2026-02-05,8.18,0.008631,205540.0,167941.828
600629,2026-02-05,19.4,-0.023162,204143.13,402372.841
600630,2026-02-05,9.12,0.001098,61280.0,55889.3
600633,2026-02-05,15.11,-0.00264,523126.58,794158.056
600635,2026-02-05,6.29,-0.011006,352560.63,222017.883
600636,2026-02-05,8.83,0.005695,33831.1,29661.106
600637,2026-02-05,11.33,-0.003518,535694.31,608172.821
600638,2026-02-05,7.24,-0.021622,78086.8,56995.19
600639,2026-02-05,10.84,0.013084,105124.64,113840.644
600640,2026-02-05,14.13,0.000708,126339.92,179637.77
600641,2026-02-05,17.41,-0.029543,223138.7,389021.106
600642,2026-02-05,8.34,-0.005959,164502.13,137385.848
600643,2026-02-05,4.86,-0.002053,119254.58,58026.822
600644,2026-02-05,10.92,-0.02847,173345.0,191251.041
600645,2026-02-05,25.45,0.004341,56914.96,144453.035
600648,2026-02-05,10.74,0.005618,44654.87,47925.519
600649,2026-02-05,5.64,0.016215999999999998,1065031.7,598013.239
600650,2026-02-05,15.25,-0.000655,34778.0,52978.52
600651,2026-02-05,8.01,-0.004969,180661.0,144088.874
600653,2026-02-05,1.92,-0.005181,162490.0,31289.964
600654,2026-02-05,3.78,-0.015625,433130.34,164682.796
600655,2026-02-05,5.23,0.005769,317460.91,166593.543
600657,2026-02-05,3.55,0.008523,382435.01,135864.83
600658,2026-02-05,5.31,-0.005618,146838.41,78521.288
600660,2026-02-05,62.65,0.00016,147268.72,924392.344
600661,2026-02-05,11.09,0.007266,76788.6,85033.944
600662,2026-02-05,5.98,-0.01157,193306.17,116007.896
600663,2026-02-05,8.51,0.039072,344881.54,292697.089
600664,2026-02-05,3.51,0.0,208963.25,73391.948
600665,2026-02-05,3.61,0.00838,100875.01,36207.659
600666,2026-02-05,3.46,-0.014245,473188.24,164282.917
600667,2026-02-05,9.5,-0.035533,1591407.41,1502031.642
600668,2026-02-05,11.06,-0.007181,37123.58,41199.52
600671,2026-02-05,19.53,0.023585,42949.09,83372.472
600673,2026-02-05,28.82,-0.021724,439167.06,1260157.752
600674,2026-02-05,14.08,0.007873999999999999,247947.6,348066.436
600675,2026-02-05,2.97,0.003378,659750.9,195969.846
600676,2026-02-05,8.07,0.007491,248111.06,200035.9
600678,2026-02-05,12.6,-0.07011099999999999,446121.78,570208.563
600679,2026-02-05,13.03,0.001537,34047.01,44401.653
600681,2026-02-05,4.12,-0.028302,305414.0,126692.264
600682,2026-02-05,7.19,0.00419,186048.49,133574.698
600683,2026-02-05,6.6,0.1,688970.48,445500.509
600684,2026-02-05,5.02,0.006012,460293.01,231090.673
600685,2026-02-05,32.45,-0.009463000000000001,238939.12,785422.744
600686,2026-02-05,17.46,0.024047,229999.99,401049.329
600688,2026-02-05,3.09,-0.019048,484485.78,150851.855
600689,2026-02-05,13.88,0.0124,23922.0,33286.309
600690,2026-02-05,26.33,0.011137,481921.78,1269699.54
600691,2026-02-05,3.06,-0.016076999999999998,231554.0,71468.128
600692,2026-02-05,7.95,-0.002509,92240.7,73857.673
600693,2026-02-05,17.18,0.079824,1551936.99,2567198.654
600694,2026-02-05,18.55,0.014215,81442.66,150278.256
600696,2026-02-05,1.97,-0.043689,130342.83,25988.117
600697,2026-02-05,14.13,0.004264,81204.0,115016.506
600698,2026-02-05,8.25,-0.009604,69730.45,57954.482
600699,2026-02-05,27.79,-0.026279,232643.03,648438.78
600702,2026-02-05,59.41,0.018166,233060.25,1389588.373
600703,2026-02-05,16.42,-0.004848,1166526.89,1900057.632
600704,2026-02-05,5.69,-0.008711,611903.86,347515.949
600706,2026-02-05,11.01,0.01756,112518.2,123645.202
600707,2026-02-05,6.85,0.008837000000000001,359163.19,242779.168
600708,2026-02-05,4.02,0.0,369476.66,150012.899
600710,2026-02-05,12.3,-0.013633,301550.08,373858.579
600711,2026-02-05,15.54,-0.028142999999999998,1081401.36,1690907.145
600712,2026-02-05,6.64,0.009119,108473.59,71701.528
600713,2026-02-05,5.53,-0.001805,116000.77,64244.455
600714,2026-02-05,14.82,-0.021782,73924.0,109179.65
600715,2026-02-05,2.26,0.004444,514689.0,116877.923
600716,2026-02-05,4.36,0.002299,98441.0,43092.322
600717,2026-02-05,4.81,0.0,207585.4,100087.436
600718,2026-02-05,10.25,-0.018199,246703.75,254615.594
600719,2026-02-05,6.63,-0.005997,62314.0,41544.044
600720,2026-02-05,7.38,-0.001353,118003.35,86882.004
600721,2026-02-05,9.16,-0.006508000000000001,86185.0,79397.514
600722,2026-02-05,7.85,-0.029666,703994.71,566006.173
600724,2026-02-05,6.7,0.0,81354.01,54513.776
600725,2026-02-05,4.6,-0.027484,221587.2,102648.028
600726,2026-02-05,2.55,-0.022989000000000002,445589.0,114090.908
600727,2026-02-05,7.52,0.008043,383616.98,293971.462
600728,2026-02-05,6.67,-0.011852,403551.33,269423.149
600729,2026-02-05,24.89,0.016748,94784.52,234530.519
600730,2026-02-05,10.63,0.041136,270108.0,282095.352
600731,2026-02-05,7.35,-0.010767,58655.5,43311.727
600732,2026-02-05,13.67,-0.074475,979143.81,1353987.025
600733,2026-02-05,8.17,-0.012092,763349.75,626802.457
600734,2026-02-05,4.41,-0.011211,699549.0,311340.046
600735,2026-02-05,6.22,-0.029641,179921.0,112156.242
600736,2026-02-05,7.03,-0.002837,371166.16,263639.062
600737,2026-02-05,16.38,-0.016807000000000002,222861.12,366324.139
600738,2026-02-05,5.55,0.0036170000000000004,220548.01,122345.265
600739,2026-02-05,12.05,-0.013912,143447.46,173415.214
600740,2026-02-05,4.66,-0.041151999999999994,2099467.84,987169.24
600741,2026-02-05,19.21,0.013186,139392.08,267099.569
600742,2026-02-05,9.67,-0.0030930000000000003,51424.73,49860.79
600743,2026-02-05,1.98,0.020619000000000002,312084.25,61642.888
600744,2026-02-05,6.32,-0.029186,461145.41,293753.484
600745,2026-02-05,33.29,-0.027461000000000003,356482.75,1192911.323
600746,2026-02-05,7.53,-0.015686,48567.0,36891.698
600748,2026-02-05,5.6,0.007194000000000001,182952.18,102600.819
600749,2026-02-05,17.08,0.025825999999999998,104433.0,178453.437
600750,2026-02-05,25.48,0.016354,67312.98,171424.675
600751,2026-02-05,3.88,-0.03,507612.29,198906.8
600753,2026-02-05,8.57,-0.001166,46738.84,40511.771
600754,2026-02-05,28.44,0.051386,236744.32,669260.771
600755,2026-02-05,6.81,0.007396000000000001,353545.52,241494.699
600756,2026-02-05,17.07,-0.010435000000000002,92875.6,159081.072
600757,2026-02-05,9.21,0.0043619999999999996,98773.05,90829.133
600758,2026-02-05,3.86,-0.020305,280537.0,108989.794
600759,2026-02-05,5.0,0.01833,7168941.73,3655660.894
600760,2026-02-05,55.79,0.005225,195584.38,1087161.535
600761,2026-02-05,21.89,-0.025377999999999998,174367.69,383700.298
600763,2026-02-05,50.82,0.040541,248524.39,1262864.748
600764,2026-02-05,27.87,-0.002505,63001.15,176037.078
600765,2026-02-05,19.54,-0.010632999999999998,290212.3,569918.752
600768,2026-02-05,18.12,0.043178,136358.92,246200.26
600769,2026-02-05,12.09,-0.0032979999999999997,67943.57,82814.436
600770,2026-02-05,6.83,-0.031206,684629.75,473645.551
600771,2026-02-05,18.03,0.008954,84245.27,152316.029
600773,2026-02-05,13.24,-0.037791,130214.0,173651.938
600774,2026-02-05,9.7,0.008316,84355.96,82233.532
600775,2026-02-05,14.36,-0.006916,335033.5,482498.517
600776,2026-02-05,18.77,-0.014181,271398.4,509650.724
600777,2026-02-05,4.08,-0.012107000000000001,185449.91,75982.327
600778,2026-02-05,8.38,0.052764,896032.7,727357.645
600779,2026-02-05,42.52,-0.021629,124705.13,535483.855
600780,2026-02-05,6.11,-0.014516,75837.0,46513.565
600782,2026-02-05,3.9,-0.015152,911134.0,357436.064
600783,2026-02-05,24.27,0.000825,249118.36,601970.8
600784,2026-02-05,7.21,0.001389,80667.0,58351.061
600785,2026-02-05,24.4,-0.037475,413967.76,1005198.96
600787,2026-02-05,5.82,-0.003425,239956.0,139687.419
600789,2026-02-05,9.23,0.0,214232.3,197644.978
600790,2026-02-05,4.0,0.010101,129629.2,51737.759
600791,2026-02-05,6.41,-0.015361,222723.65,144972.617
600792,2026-02-05,4.83,0.040948000000000005,1518292.43,732800.278
600793,2026-02-05,20.48,0.000978,26731.0,55151.943
600794,2026-02-05,3.79,-0.005249,106065.0,40351.253
600795,2026-02-05,4.61,-0.00432,1510630.59,696131.388
600796,2026-02-05,7.29,0.09954800000000001,306377.75,218345.562
600797,2026-02-05,10.17,-0.022115,401132.84,409098.81
600798,2026-02-05,3.71,0.0,287545.0,106909.86
600800,2026-02-05,4.47,-0.008869,389836.11,177309.942
600801,2026-02-05,23.98,-0.013574999999999999,80528.14,194867.294
600802,2026-02-05,6.47,0.010938000000000002,186196.8,121530.125
600803,2026-02-05,19.83,0.011735,87146.63,172104.054
600805,2026-02-05,5.71,0.0,122402.0,69757.817
600807,2026-02-05,3.39,-0.008772,168056.0,57320.065
600808,2026-02-05,4.02,-0.012284999999999999,721496.35,291105.361
600809,2026-02-05,180.21,-0.002049,96690.24,1751875.625
600810,2026-02-05,8.33,-0.011862,148993.38,124872.864
600812,2026-02-05,5.58,-0.005348,91451.85,51128.063
600814,2026-02-05,9.8,0.09988799999999999,472595.19,445555.885
600815,2026-02-05,3.21,0.003125,503796.0,163426.903
600816,2026-02-05,2.85,-0.0069689999999999995,441690.49,125986.106
600817,2026-02-05,11.56,-0.006873000000000001,44420.01,51564.034
600818,2026-02-05,9.93,0.0030299999999999997,44198.0,44112.972
600819,2026-02-05,8.57,-0.030543,126689.0,109900.357
600820,2026-02-05,6.67,-0.0074399999999999996,247533.85,165684.538
600821,2026-02-05,5.58,-0.049404,709031.62,401249.689
600822,2026-02-05,11.02,0.001818,40325.0,44567.975
600824,2026-02-05,4.73,0.019397,370835.04,175186.488
600825,2026-02-05,6.9,0.007299,165529.19,114385.237
600826,2026-02-05,12.27,-0.019968,67515.14,83247.798
600827,2026-02-05,9.23,0.0076419999999999995,176547.68,162981.968
600828,2026-02-05,7.78,0.10042400000000001,1380347.99,997476.529
600829,2026-02-05,11.37,0.0008799999999999999,144191.31,164487.877
600830,2026-02-05,9.76,-0.003064,56971.1,55665.108
600831,2026-02-05,4.36,0.004608,115632.68,50577.935
600833,2026-02-05,13.29,-0.001503,35183.0,46918.421
600834,2026-02-05,8.92,-0.0011200000000000001,36995.0,33021.36
600835,2026-02-05,28.1,-0.026671,149246.22,421833.199
600838,2026-02-05,12.81,0.053453999999999995,436202.73,547282.067
600839,2026-02-05,9.65,-0.00924,640683.85,619087.38
600841,2026-02-05,9.53,-0.017526,483664.88,466937.713
600843,2026-02-05,11.13,-0.0035809999999999995,63274.04,70588.902
600844,2026-02-05,3.11,-0.012698000000000001,135410.0,42506.299
600845,2026-02-05,22.4,-0.012346,127898.97,287430.057
600846,2026-02-05,13.13,0.014683,106866.05,137482.147
600847,2026-02-05,13.78,-0.0036149999999999997,21881.0,30325.869
600848,2026-02-05,11.47,-0.0017410000000000001,107430.79,122623.189
600850,2026-02-05,27.32,-0.02149,90099.6,247394.622
600851,2026-02-05,7.81,0.0012820000000000002,81531.77,63755.084
600853,2026-02-05,4.36,-0.009091,178057.92,77817.241
600854,2026-02-05,5.39,-0.0036969999999999998,76733.0,41544.418
600855,2026-02-05,20.21,-0.001975,144999.39,293132.161
600857,2026-02-05,13.79,0.011739,41794.1,57458.503
600858,2026-02-05,7.06,0.004267,295210.61,206210.457
600859,2026-02-05,14.76,0.007509,276859.5,407736.014
600860,2026-02-05,13.2,-0.019316,278864.67,366796.489
600861,2026-02-05,18.41,0.006561,42587.0,78430.034
600862,2026-02-05,25.81,0.0066300000000000005,362292.05,934934.244
600863,2026-02-05,4.8,-0.012346,989923.96,479166.989
600864,2026-02-05,6.57,-0.0015199999999999999,247407.01,162871.183
600865,2026-02-05,15.5,0.06383,534593.0,809106.11
600866,2026-02-05,7.26,-0.008197,199066.0,144577.076
600867,2026-02-05,8.99,0.033333,722170.59,649948.791
600868,2026-02-05,4.16,-0.041475,967339.35,405446.207
600869,2026-02-05,13.03,-0.029784,1015631.54,1340266.712
600871,2026-02-05,2.88,-0.04,4506704.32,1318044.93
600872,2026-02-05,18.84,0.028946,264829.21,498055.395
600873,2026-02-05,10.74,0.0018659999999999998,245305.39,263436.834
600874,2026-02-05,6.31,-0.00316,108166.0,68453.859
600875,2026-02-05,26.7,0.027318,1173605.81,3163721.814
600876,2026-02-05,10.87,-0.017179,87290.0,95803.706
600877,2026-02-05,20.14,-0.02138,412840.26,827669.774
600879,2026-02-05,26.09,-0.013983,1957028.15,5156122.642
600880,2026-02-05,5.98,-0.004992,390297.02,232919.107
600881,2026-02-05,1.79,-0.011049999999999999,254960.88,46014.621
600882,2026-02-05,23.17,0.017567,80079.09,185864.868
600883,2026-02-05,8.86,0.012571,78353.56,69213.152
600884,2026-02-05,13.06,-0.006088,295780.81,386372.658
600885,2026-02-05,29.1,-0.03738,214415.4,628110.838
600886,2026-02-05,13.07,0.002301,156265.88,203872.761
600887,2026-02-05,27.21,0.007405,675579.38,1835439.251
600888,2026-02-05,8.53,-0.037246,337334.32,289081.153
600889,2026-02-05,16.4,-0.01383,52116.44,85628.306
600892,2026-02-05,3.74,-0.015789,50484.0,18968.632
600893,2026-02-05,49.94,0.010727,581240.92,2923424.049
600894,2026-02-05,9.64,-0.0031019999999999997,42052.97,40526.795
600895,2026-02-05,40.47,-0.007115,147966.54,600162.297
600897,2026-02-05,19.29,0.046662999999999996,201849.49,384292.952
600900,2026-02-05,26.6,0.00834,1032447.5,2739767.94
600901,2026-02-05,6.47,0.038523,472658.91,301696.861
600903,2026-02-05,6.88,0.001456,141593.91,96677.021
600905,2026-02-05,4.11,0.0,988721.28,405283.086
600906,2026-02-05,6.85,0.005874000000000001,204530.38,139809.855
600908,2026-02-05,5.97,0.015306,299485.2,178255.999
600909,2026-02-05,6.6,-0.013453,953581.55,628990.943
600916,2026-02-05,11.17,-0.082169,1978316.1,2217895.674
600917,2026-02-05,5.72,0.0,74554.0,42550.791
600918,2026-02-05,6.44,0.001555,273243.0,175734.745
600919,2026-02-05,10.43,0.024558,1497934.51,1553068.871
600925,2026-02-05,4.74,-0.010438000000000001,230488.44,108337.436
600926,2026-02-05,16.59,0.027881,647164.95,1065760.47
600927,2026-02-05,15.43,-0.0032300000000000002,59364.01,91498.088
600928,2026-02-05,3.83,0.021333,388907.47,147795.1
600929,2026-02-05,6.06,-0.004926,150383.27,91466.603
600930,2026-02-05,5.95,-0.00335,440089.84,261705.575
600933,2026-02-05,19.29,-0.015314000000000001,108758.37,209991.975
600935,2026-02-05,2.78,-0.007143,254556.0,70755.316
600936,2026-02-05,4.28,-0.002331,259300.66,111513.15
600938,2026-02-05,33.68,-0.009703,441987.98,1492866.856
600939,2026-02-05,3.17,-0.00627,112385.0,35713.29
600941,2026-02-05,95.36,0.00453,109095.88,1040225.441
600955,2026-02-05,18.87,-0.032307999999999996,67383.0,128600.24
600956,2026-02-05,7.55,-0.011779999999999999,74868.99,56725.23
600958,2026-02-05,10.34,0.005837,640469.84,660943.965
600959,2026-02-05,4.28,0.009434,1338034.55,572651.156
600960,2026-02-05,5.15,-0.01341,125557.4,65104.749
600961,2026-02-05,19.93,-0.038127,320517.67,635752.292
600962,2026-02-05,22.3,-0.0066820000000000004,33564.3,75274.841
600963,2026-02-05,5.8,-0.056910999999999996,969436.99,568378.86
600965,2026-02-05,6.17,-0.017516,143882.0,89447.626
600966,2026-02-05,7.38,-0.044041,174677.0,130375.67
600967,2026-02-05,16.68,-0.010676000000000001,172215.0,288620.722
600968,2026-02-05,4.21,-0.014052,823273.18,347361.122
600969,2026-02-05,11.85,-0.019039999999999998,78100.2,93549.578
600970,2026-02-05,10.95,-0.004545,210186.99,231798.465
600971,2026-02-05,6.87,-0.047157,454816.45,314790.18
600973,2026-02-05,7.1,-0.027397,290289.75,207104.728
600975,2026-02-05,5.75,-0.00519,114227.87,65794.386
600976,2026-02-05,34.78,0.011635,14861.21,51580.796
600977,2026-02-05,17.53,0.012709,856440.62,1515082.41
600979,2026-02-05,4.59,-0.010775999999999999,146577.9,67458.672
600980,2026-02-05,23.31,-0.019352,37331.0,87386.48
600981,2026-02-05,3.44,0.011765000000000001,445599.88,154257.53
600982,2026-02-05,4.65,-0.016913,136184.0,63711.941
600983,2026-02-05,12.26,0.021667000000000002,155493.09,190626.544
600984,2026-02-05,4.48,-0.017544,492542.91,222963.965
600985,2026-02-05,12.61,-0.042521,389461.82,489317.462
600986,2026-02-05,15.52,0.047941000000000004,4986895.35,7726129.579
600987,2026-02-05,7.54,0.010724000000000001,203463.05,153046.484
600988,2026-02-05,36.83,-0.044120999999999994,1044983.97,3855937.928
600989,2026-02-05,22.2,-0.015084,543205.38,1215929.902
600990,2026-02-05,27.21,-0.010905,44364.9,121588.972
600992,2026-02-05,14.49,-0.002753,99488.0,144583.966
600993,2026-02-05,28.09,0.007170999999999999,72199.47,202959.579
600995,2026-02-05,13.37,-0.048399,292787.37,398533.783
600996,2026-02-05,8.89,-0.005593,178982.2,159784.119
600997,2026-02-05,6.26,-0.045732,423484.0,266510.103
600998,2026-02-05,5.27,-0.001894,379277.74,199741.184
600999,2026-02-05,17.0,0.007705999999999999,464328.05,786782.81
601000,2026-02-05,4.32,-0.013699,433249.95,188366.776
601001,2026-02-05,15.71,-0.009458,478614.75,751129.637
601002,2026-02-05,5.62,-0.008818,172793.87,97553.068
601003,2026-02-05,5.07,-0.009766,183163.4,93295.115
601005,2026-02-05,1.49,-0.006666999999999999,1618708.01,240906.163
601006,2026-02-05,5.11,0.003929,1802462.81,918409.488
601007,2026-02-05,8.52,0.003534,120664.8,103136.757
601008,2026-02-05,5.28,-0.003774,123914.0,65710.883
601009,2026-02-05,11.18,0.037106,1194189.97,1326311.645
601010,2026-02-05,2.7,0.003717,269059.5,72420.68
601011,2026-02-05,3.53,-0.030219999999999997,1471624.15,526783.039
601012,2026-02-05,18.23,-0.05593,3258250.07,6013712.042
601015,2026-02-05,5.08,0.099567,491732.4,249800.059
601016,2026-02-05,3.1,-0.025157,1042362.1,324110.799
601018,2026-02-05,4.08,-0.004878,717402.56,292588.466
601019,2026-02-05,9.08,0.007769000000000001,92157.32,83652.987
601020,2026-02-05,30.74,-0.040275,401968.34,1239234.497
601021,2026-02-05,59.44,0.009167999999999999,46255.06,274517.74
601022,2026-02-05,9.58,-0.010331,105279.4,101428.022
601026,2026-02-05,19.75,-0.002525,26937.3,53289.076
601033,2026-02-05,15.3,-0.005848,34126.0,52284.448
601038,2026-02-05,13.83,-0.036907999999999996,191034.31,265996.591
601058,2026-02-05,16.62,-0.001802,223192.6,373927.252
601059,2026-02-05,17.8,0.003382,222352.77,395029.988
601061,2026-02-05,14.15,-0.03413,148321.69,210974.994
601065,2026-02-05,8.57,-0.002328,67585.0,57962.676
601066,2026-02-05,24.58,0.010275000000000001,218693.94,536442.98
601068,2026-02-05,5.8,-0.034942,206091.28,121271.912
601069,2026-02-05,35.5,-0.055851,472605.96,1700881.459
601077,2026-02-05,6.57,0.034645999999999996,783323.81,509904.185
601083,2026-02-05,11.86,-0.000842,61880.84,73290.923
601086,2026-02-05,10.32,0.030969000000000003,206061.98,210674.391
601088,2026-02-05,41.86,-0.013201000000000001,361013.77,1504631.974
601089,2026-02-05,26.41,0.001137,22285.0,58672.201
601096,2026-02-05,5.89,-0.048465,2023745.31,1224287.644
601098,2026-02-05,11.06,0.017479,132472.56,145421.724
601099,2026-02-05,4.21,0.002381,1580451.69,664717.311
601100,2026-02-05,121.0,0.009427,132250.76,1590230.113
601101,2026-02-05,7.74,-0.045623,242024.52,187876.391
601106,2026-02-05,5.13,-0.030246,1018366.08,523974.878
601107,2026-02-05,6.52,0.003077,120137.97,78633.542
601108,2026-02-05,9.03,0.00222,712342.34,642914.589
601111,2026-02-05,9.08,0.006652,1117682.53,1016533.279
601112,2026-02-05,19.58,-0.046738,352281.18,698144.57
601113,2026-02-05,4.56,-0.015119,117097.0,53628.154
601116,2026-02-05,20.2,0.100218,770381.91,1478094.54
601117,2026-02-05,8.38,-0.018734999999999998,1062898.03,895999.603
601118,2026-02-05,6.73,-0.042674000000000004,773083.79,525909.682
601121,2026-02-05,7.74,-0.046798,226828.0,178346.244
601126,2026-02-05,36.42,-0.10007400000000001,409176.0,1519374.246
601127,2026-02-05,109.3,-0.008976,160290.17,1753788.861
601128,2026-02-05,7.39,0.017906,549851.9,405030.922
601133,2026-02-05,17.78,-0.038399,223171.17,395493.375
601136,2026-02-05,18.17,0.007764999999999999,119933.37,217611.865
601137,2026-02-05,18.68,-0.03612,184905.88,347399.697
601138,2026-02-05,53.88,0.0088,1443856.46,7764330.346
601139,2026-02-05,6.8,-0.005848,150921.91,102489.771
601155,2026-02-05,17.8,-0.015486999999999999,287170.52,511188.457
601156,2026-02-05,18.58,-0.005353,51826.75,96111.708
601158,2026-02-05,4.56,0.002198,97202.0,44204.853
601162,2026-02-05,4.16,0.0,1445526.74,601092.082
601163,2026-02-05,15.56,-0.0025640000000000003,60395.91,94028.501
601166,2026-02-05,19.38,0.010428,1198482.29,2318435.836
601168,2026-02-05,31.83,-0.046721000000000006,825206.65,2638761.891
601169,2026-02-05,5.4,0.011236,1990386.94,1072762.913
601177,2026-02-05,16.57,-0.008971,42054.0,69841.275
601179,2026-02-05,14.43,-0.071429,2851308.73,4168270.911
601186,2026-02-05,7.27,-0.001374,678659.89,492507.208
601187,2026-02-05,7.93,0.099861,502142.34,385488.845
601188,2026-02-05,3.66,-0.005435,163060.0,59799.972
601198,2026-02-05,13.99,0.011569000000000001,335895.25,467252.847
601199,2026-02-05,5.94,0.001686,56375.0,33416.534
601200,2026-02-05,8.54,-0.006977,81419.07,69530.217
601208,2026-02-05,25.7,-0.049205,389939.46,1011055.806
601211,2026-02-05,20.15,0.008004,929808.11,1865770.929
601212,2026-02-05,10.22,-0.100352,3078557.86,3200036.138
601216,2026-02-05,5.61,-0.017513,842290.53,476095.702
601218,2026-02-05,5.39,-0.028828999999999997,277372.77,150604.022
601222,2026-02-05,5.83,-0.037954,463864.18,272941.171
601225,2026-02-05,22.03,-0.02866,607856.2,1342469.313
601226,2026-02-05,11.46,-0.099764,1233419.18,1454690.646
601228,2026-02-05,3.47,-0.014205,291731.9,101546.715
601229,2026-02-05,9.77,0.042689000000000005,1089110.44,1052877.614
601231,2026-02-05,33.85,-0.016846,459213.86,1534212.834
601233,2026-02-05,20.88,0.0,254535.54,528729.707
601236,2026-02-05,8.25,-0.001211,205035.04,169053.087
601238,2026-02-05,7.97,0.002516,214596.99,170894.814
601279,2026-02-05,4.54,-0.006565,105558.0,48080.6
601288,2026-02-05,6.7,0.004497999999999999,3341275.11,2235420.174
601298,2026-02-05,9.72,-0.00715,349487.83,342477.94
601311,2026-02-05,9.44,-0.013584,131298.9,124065.105
601318,2026-02-05,67.35,-0.000742,908191.21,6088193.606
601319,2026-02-05,9.06,-0.0033,570554.28,514639.04
601326,2026-02-05,3.57,0.0,229607.78,82090.375
601328,2026-02-05,6.76,0.013493,1732166.18,1166679.85
601330,2026-02-05,7.18,-0.005540000000000001,61656.89,44404.376
601333,2026-02-05,3.14,-0.003175,479521.75,150350.272
601336,2026-02-05,80.4,-0.014101999999999998,162280.32,1305190.703
601339,2026-02-05,7.24,0.060029000000000006,476634.0,348503.605
601360,2026-02-05,11.84,-0.035831,1772363.5,2117051.254
601366,2026-02-05,5.07,0.020121000000000003,311542.62,156038.209
601368,2026-02-05,5.27,-0.005659999999999999,52444.56,27743.957
601369,2026-02-05,10.95,-0.019696,164959.55,181059.543
601375,2026-02-05,4.41,0.006848999999999999,481472.0,211596.879
601377,2026-02-05,6.9,0.008772,1236007.13,852716.931
601388,2026-02-05,3.83,-0.0401,1220411.66,471987.46
601390,2026-02-05,5.57,-0.022807,3082230.22,1729078.315
601398,2026-02-05,7.3,0.008287,3101575.13,2259528.658
601399,2026-02-05,5.16,-0.011493999999999999,954767.55,494050.66
601456,2026-02-05,9.82,0.00409,388772.34,381008.61
601500,2026-02-05,4.69,-0.0021279999999999997,150957.0,70751.748
601512,2026-02-05,9.78,-0.002041,47328.0,46171.327
601515,2026-02-05,4.1,0.004902,150851.97,61871.053
601518,2026-02-05,2.92,-0.003413,137486.2,40193.411
601519,2026-02-05,12.72,-0.0078000000000000005,298085.37,380052.747
601528,2026-02-05,5.54,0.020257999999999998,281906.54,155041.458
601555,2026-02-05,9.49,-0.0010530000000000001,647143.46,614048.294
601566,2026-02-05,13.1,0.056452,453511.61,581374.859
601567,2026-02-05,23.68,-0.03779,186881.66,447112.074
601568,2026-02-05,4.1,-0.014422999999999998,245034.89,100955.174
601577,2026-02-05,9.91,0.024819,278518.92,273794.486
601579,2026-02-05,22.1,-0.008079,215419.22,483345.356
601588,2026-02-05,1.88,0.010752999999999999,601956.95,113174.581
601595,2026-02-05,29.21,0.010027999999999999,96971.2,284352.177
601598,2026-02-05,5.87,0.017331,344393.59,202443.844
601599,2026-02-05,4.9,0.10112399999999999,463937.02,222835.685
601600,2026-02-05,12.64,-0.059524,3831791.27,4875000.354
601601,2026-02-05,44.75,0.00044699999999999997,264935.24,1179276.316
601606,2026-02-05,44.06,-0.015859,99509.72,439069.325
601607,2026-02-05,17.31,0.002316,101412.73,175254.79
601608,2026-02-05,7.52,-0.03466,687172.96,523483.421
601609,2026-02-05,11.1,-0.041451,384839.0,431527.238
601611,2026-02-05,15.57,-0.019521,450992.58,699941.298
601615,2026-02-05,23.27,-0.099807,1135565.97,2675878.028
601616,2026-02-05,5.05,-0.043560999999999996,651516.0,331451.541
601618,2026-02-05,3.06,-0.016076999999999998,1855915.33,568021.163
601619,2026-02-05,6.26,-0.02795,1063106.24,669703.596
601628,2026-02-05,47.83,-0.017864,166671.57,796261.33
601633,2026-02-05,21.16,0.016819,209958.14,442105.446
601636,2026-02-05,7.21,-0.038667,582519.01,423812.281
601658,2026-02-05,5.19,0.015656,1930979.3,998200.37
601665,2026-02-05,5.92,0.027778,1416188.42,839346.948
601666,2026-02-05,8.31,-0.039306,425737.83,355719.435
601668,2026-02-05,5.15,0.001946,2783685.06,1434695.426
601669,2026-02-05,5.55,-0.022887,2089719.34,1166472.259
601677,2026-02-05,15.95,-0.028031999999999998,403537.37,646840.249
601678,2026-02-05,5.17,-0.024527999999999998,671887.9,351088.119
601686,2026-02-05,6.25,0.006441,277540.81,176537.711
601688,2026-02-05,22.39,0.012206,715080.98,1591297.506
601689,2026-02-05,69.44,-0.028132,220491.28,1535374.277
601696,2026-02-05,13.75,0.001457,399192.22,549173.607
601698,2026-02-05,37.42,-0.050254,877627.79,3323673.438
601699,2026-02-05,13.39,-0.041518,658760.43,884976.928
601700,2026-02-05,5.54,-0.044828,374170.49,210359.63
601702,2026-02-05,23.96,-0.037751,114333.04,275782.127
601717,2026-02-05,24.6,-0.026128,266599.9,655395.618
601718,2026-02-05,3.35,0.0,580244.0,196337.934
601727,2026-02-05,8.61,-0.016,989652.11,853968.665
601728,2026-02-05,5.82,0.012174,1630436.87,943056.642
601766,2026-02-05,6.42,-0.009259,1398340.43,900495.254
601777,2026-02-05,10.38,-0.002882,265039.41,276078.445
601778,2026-02-05,4.29,-0.075431,3085273.48,1343481.101
601788,2026-02-05,16.95,0.002959,220151.39,372860.004
601789,2026-02-05,5.2,-0.015152,237979.89,124506.083
601798,2026-02-05,9.46,-0.025747,58611.0,55960.141
601799,2026-02-05,148.68,-0.008536,41422.13,617870.034
601800,2026-02-05,8.18,-0.001221,243035.69,198615.125
601801,2026-02-05,6.92,0.005814000000000001,140476.22,97152.415
601808,2026-02-05,15.49,-0.023329,196338.29,306392.929
601811,2026-02-05,15.08,-0.002646,48844.0,73776.96
601816,2026-02-05,4.99,0.01217,2666246.78,1327268.139
601818,2026-02-05,3.32,0.015290999999999999,3230786.54,1069285.22
601825,2026-02-05,8.58,0.027545,331245.75,282264.819
601827,2026-02-05,8.95,-0.004449,66632.92,59585.159
601828,2026-02-05,2.64,0.0,206759.64,54565.144
601838,2026-02-05,16.37,0.019303,392753.56,640148.24
601857,2026-02-05,10.53,-0.002841,1622496.36,1699124.918
601858,2026-02-05,20.61,0.005365999999999999,79713.28,164896.263
601860,2026-02-05,2.79,0.014544999999999999,650927.14,181054.29
601865,2026-02-05,16.69,-0.058126,336044.71,566334.248
601866,2026-02-05,2.62,-0.011321000000000001,856025.83,225065.169
601868,2026-02-05,2.42,-0.008197,3195231.48,774050.635
601869,2026-02-05,161.76,-0.067719,166028.23,2694834.854
601872,2026-02-05,11.65,-0.029167000000000002,1252410.5,1470745.124
601877,2026-02-05,29.96,-0.037584,272159.97,820585.089
601878,2026-02-05,10.71,0.0018709999999999998,323177.77,346132.905
601880,2026-02-05,1.65,-0.006024000000000001,1174890.04,193560.001
601881,2026-02-05,15.37,0.0032640000000000004,389135.51,597143.918
601882,2026-02-05,20.22,0.007474,38182.0,77244.069
601886,2026-02-05,9.55,-0.003132,41249.0,39356.516
601888,2026-02-05,92.47,0.010712,509814.15,4697761.1
601890,2026-02-05,11.09,-0.011586,391649.15,434943.728
601898,2026-02-05,14.32,0.017044999999999998,1076396.95,1535993.613
601899,2026-02-05,37.45,-0.043667,3583731.08,13407074.875
601900,2026-02-05,15.03,0.004008,119653.5,180179.751
601901,2026-02-05,7.8,0.0,566615.28,441219.68
601908,2026-02-05,3.95,-0.057279,1342585.52,537924.426
601916,2026-02-05,2.97,0.013652,1669987.55,493636.011
601918,2026-02-05,7.25,-0.033333,889062.27,646633.85
601919,2026-02-05,14.59,0.001373,657396.93,959269.084
601921,2026-02-05,8.39,0.0,200461.84,168512.775
601928,2026-02-05,10.09,-0.001978,151256.46,152661.518
601929,2026-02-05,3.73,0.0,1172705.62,438748.857
601933,2026-02-05,4.75,0.046256000000000005,4701610.52,2195522.525
601939,2026-02-05,8.83,0.012615000000000001,1223450.86,1077129.795
601949,2026-02-05,7.18,0.0,125560.55,90180.926
601952,2026-02-05,9.39,-0.0074,153264.3,143898.646
601956,2026-02-05,7.26,-0.014924999999999999,62786.0,45753.894
601958,2026-02-05,19.12,-0.043522,446316.29,855560.793
601963,2026-02-05,10.89,0.057282,233561.67,251130.167
601965,2026-02-05,18.94,-0.003158,71023.0,134496.49
601966,2026-02-05,15.35,0.0,184678.27,282554.261
601968,2026-02-05,5.89,-0.0134,113118.0,67016.352
601975,2026-02-05,3.59,-0.0271,1266186.4,456354.309
601985,2026-02-05,8.65,-0.001155,729009.37,630200.274
601988,2026-02-05,5.4,0.009346,2663431.56,1436793.857
601990,2026-02-05,7.94,0.002525,194431.48,154132.626
601991,2026-02-05,3.69,-0.016,1136445.64,419780.431
601992,2026-02-05,2.1,-0.009434,1991602.08,419722.559
601995,2026-02-05,34.68,-0.000576,192915.3,669405.064
601996,2026-02-05,2.44,0.004115,296682.0,72939.762
601997,2026-02-05,5.85,0.015625,525601.15,306021.869
601998,2026-02-05,7.47,0.016327,648106.08,482410.327
601999,2026-02-05,7.66,0.015915,74175.0,56877.522
603000,2026-02-05,23.34,-0.016849,380529.49,889478.503
603001,2026-02-05,9.87,-0.013986,74282.0,73987.094
603002,2026-02-05,9.25,-0.044421,604241.0,567610.83
603004,2026-02-05,23.85,-0.010373,20124.43,48392.796
603005,2026-02-05,29.66,-0.012978,353658.46,1032471.265
603006,2026-02-05,13.83,-0.007179,23547.0,32680.397
603007,2026-02-05,5.82,0.001721,112049.3,65020.835
603008,2026-02-05,21.89,0.016249,99579.0,217246.09
603009,2026-02-05,51.31,-0.044507000000000005,122462.21,632845.508
603010,2026-02-05,11.68,-0.027477,115267.81,135132.77
603011,2026-02-05,26.1,0.0042320000000000005,343597.52,887360.48
603012,2026-02-05,8.11,0.004957,176164.12,142189.415
603013,2026-02-05,25.65,0.023542999999999998,57623.0,146794.609
603014,2026-02-05,40.35,0.002484,8608.21,34650.597
603015,2026-02-05,14.61,-0.019462999999999998,77953.56,113936.511
603016,2026-02-05,33.27,0.061921,52599.0,170506.094
603017,2026-02-05,12.28,-0.009677,129981.24,161886.137
603018,2026-02-05,8.01,-0.007435000000000001,137023.99,109259.373
603019,2026-02-05,85.4,-0.008821,167505.86,1432130.132
603020,2026-02-05,11.6,0.030195,142449.66,166834.582
603021,2026-02-05,6.0,0.050788,203557.0,120002.499
603022,2026-02-05,11.43,-0.005222,42327.52,48617.163
603023,2026-02-05,5.31,0.047337,403027.21,212586.724
603025,2026-02-05,16.13,-0.007385,95809.48,154445.572
603026,2026-02-05,64.36,-0.022182,32314.79,208479.642
603027,2026-02-05,11.11,0.068269,509402.56,560547.652
603028,2026-02-05,9.71,-0.023139,82230.31,79828.007
603029,2026-02-05,19.97,-0.000501,29734.3,59871.676
603030,2026-02-05,2.87,0.01773,276434.25,79265.519
603031,2026-02-05,54.88,-0.08380599999999999,175607.36,977997.633
603032,2026-02-05,18.74,-0.032025,39319.2,74483.504
603033,2026-02-05,11.18,-0.019298,61510.0,68879.002
603035,2026-02-05,15.17,-0.008497,43417.0,66007.148
603036,2026-02-05,20.58,-0.022792,28079.0,58339.268
603037,2026-02-05,16.53,-0.016656999999999998,56423.92,93076.228
603038,2026-02-05,17.71,-0.009507999999999999,49017.53,87654.327
603039,2026-02-05,54.64,-0.046256000000000005,94594.16,518450.499
603040,2026-02-05,109.5,-0.014224,17513.96,191731.23
603041,2026-02-05,13.2,0.0030399999999999997,24782.32,32828.509
603042,2026-02-05,18.68,-0.023523000000000002,251550.27,477616.703
603043,2026-02-05,18.58,0.023691,90553.19,168680.732
603045,2026-02-05,26.11,-0.011734,37685.6,98846.98
603048,2026-02-05,22.06,0.005011,14635.0,32310.165
603049,2026-02-05,55.69,0.006506,32570.48,181272.438
603050,2026-02-05,20.49,-0.033946000000000004,45574.44,93728.348
603051,2026-02-05,26.25,-0.052004,189701.86,504593.961
603052,2026-02-05,69.2,0.007865,107757.77,758718.779
603053,2026-02-05,10.09,-0.004931,25818.0,26090.625
603055,2026-02-05,9.34,0.0053820000000000005,62826.01,58745.865
603057,2026-02-05,27.45,-0.001092,22895.99,62921.333
603058,2026-02-05,11.41,0.001756,88871.77,101283.871
603059,2026-02-05,42.48,0.041432000000000004,47736.77,200850.677
603060,2026-02-05,6.87,-0.004348,134107.68,92492.258
603061,2026-02-05,297.52,0.043051000000000006,31019.7,908515.508
603062,2026-02-05,51.07,0.015106,11776.02,60207.828
603063,2026-02-05,29.08,-0.031957,142020.79,415252.039
603065,2026-02-05,8.73,-0.016892,48988.0,43137.459
603066,2026-02-05,11.09,-0.0018,31073.0,34632.786
603067,2026-02-05,34.22,-0.022286,188615.41,644843.946
603068,2026-02-05,37.25,-0.011674,25339.0,94405.137
603069,2026-02-05,23.41,0.005584,127105.63,299288.081
603070,2026-02-05,14.42,-0.025017,32847.9,47636.857
603071,2026-02-05,13.52,-0.010249,20420.0,27680.087
603072,2026-02-05,40.97,-0.020558999999999997,28878.86,118793.924
603073,2026-02-05,21.09,-0.0014199999999999998,20883.38,44169.477
603075,2026-02-05,23.87,-0.005830999999999999,15113.7,36246.821
603076,2026-02-05,24.78,-0.002415,14531.24,36178.367
603077,2026-02-05,2.41,-0.028226,2207838.85,535024.304
603078,2026-02-05,24.58,-0.017978,204317.6,500387.186
603079,2026-02-05,19.94,-0.010912999999999999,17838.6,35794.927
603080,2026-02-05,23.42,-0.011814,14860.0,34948.882
603081,2026-02-05,14.27,-0.0007000000000000001,59787.0,85895.548
603082,2026-02-05,37.72,0.011803,20059.0,76095.799
603083,2026-02-05,102.5,-0.043219,187696.36,1941054.267
603085,2026-02-05,11.65,-0.011035999999999999,44095.0,51518.797
603086,2026-02-05,8.18,-0.020359,105591.9,87133.227
603087,2026-02-05,66.1,-0.035177,80984.29,540185.306
603088,2026-02-05,11.32,-0.005272,80908.0,91953.834
603089,2026-02-05,13.52,-0.016012,26874.54,36694.275
603090,2026-02-05,69.73,-0.04309,38607.0,269847.437
603091,2026-02-05,80.4,0.037687,9232.15,73653.242
603092,2026-02-05,67.61,-0.007487000000000001,19789.0,134508.463
603093,2026-02-05,18.15,-0.002747,43048.97,78234.113
603095,2026-02-05,20.49,-0.004857,74027.84,150888.579
603096,2026-02-05,19.18,0.010005,19996.4,38470.576
603097,2026-02-05,35.8,-0.059874000000000004,75660.0,276441.151
603098,2026-02-05,15.75,-0.009434,62926.68,99753.817
603099,2026-02-05,43.95,0.030239,89726.76,389511.145
603100,2026-02-05,25.1,-0.007513,46871.36,118309.558
603101,2026-02-05,9.88,0.008163,87508.93,85959.703
603102,2026-02-05,45.49,-0.008932,6291.0,28873.85
603103,2026-02-05,31.66,0.100069,292452.68,902685.709
603105,2026-02-05,10.36,-0.046917999999999994,296196.64,309778.289
603106,2026-02-05,10.38,0.000964,57195.99,59327.087
603107,2026-02-05,15.29,-0.002609,18834.0,28803.888
603108,2026-02-05,16.05,-0.021341000000000002,138520.36,222738.805
603109,2026-02-05,25.63,-0.019135,16246.0,41811.416
603110,2026-02-05,16.97,-0.019642,64157.6,110123.704
603111,2026-02-05,7.03,-0.007062000000000001,71439.0,50264.242
603112,2026-02-05,17.42,-0.0057079999999999995,43943.0,76455.651
603113,2026-02-05,6.97,-0.029248,132270.59,93104.335
603115,2026-02-05,23.18,-0.045305,68539.0,159706.798
603116,2026-02-05,6.58,0.003049,70321.6,46431.661
603117,2026-02-05,5.39,0.007477,252078.95,136646.204
603118,2026-02-05,11.5,-0.029535999999999996,243881.29,282178.584
603119,2026-02-05,98.8,-0.035439,104043.12,1030567.055
603120,2026-02-05,44.12,-0.047084,39942.89,179436.802
603121,2026-02-05,22.57,0.011201000000000001,76910.87,175246.869
603122,2026-02-05,19.69,0.067209,699408.13,1353945.546
603123,2026-02-05,13.03,0.004626,228943.1,298303.389
603124,2026-02-05,91.8,-0.04375,20428.54,187512.304
603125,2026-02-05,17.7,-0.016667,25645.49,45694.461
603126,2026-02-05,8.28,-0.020118,300646.15,252496.425
603127,2026-02-05,37.46,-0.014729,90967.75,343641.952
603128,2026-02-05,5.94,-0.001681,102859.5,61200.859
603129,2026-02-05,259.08,0.003914,12594.74,326417.297
603130,2026-02-05,51.55,-0.069159,37743.1,196347.646
603131,2026-02-05,24.7,-0.016328,97581.62,241650.518
603132,2026-02-05,16.08,-0.045697,181372.0,295158.854
603135,2026-02-05,11.61,-0.015267,42035.6,49067.381
603136,2026-02-05,12.42,0.009756,73950.18,92193.532
603137,2026-02-05,14.59,0.0020599999999999998,12912.6,18833.654
603138,2026-02-05,16.56,-0.010161,64685.95,106770.413
603139,2026-02-05,23.5,-0.005501000000000001,14575.0,34412.689
603150,2026-02-05,49.22,0.013590999999999999,32446.43,160657.006
603151,2026-02-05,18.58,-0.009066999999999999,28143.94,52939.075
603153,2026-02-05,17.3,-0.002307,13881.0,24053.806
603155,2026-02-05,16.77,-0.01815,19193.84,32380.954
603156,2026-02-05,30.4,-0.002952,51062.8,155025.529
603158,2026-02-05,10.84,-0.022543,128381.0,140194.224
603159,2026-02-05,27.3,0.04,46183.73,126049.206
603160,2026-02-05,77.11,-0.007593,44231.2,340764.584
603161,2026-02-05,15.62,-0.02069,86119.78,137494.017
603162,2026-02-05,13.86,-0.020495,219722.68,306555.607
603163,2026-02-05,102.67,-0.019295,32630.5,331023.121
603165,2026-02-05,14.62,-0.009485,27850.68,40939.24
603166,2026-02-05,16.14,-0.025362,87794.06,142720.815
603167,2026-02-05,9.58,0.004193,43774.01,41837.225
603168,2026-02-05,7.38,-0.005391,51916.36,38638.091
603169,2026-02-05,10.63,-0.018467,220021.53,235050.698
603170,2026-02-05,14.85,0.043570000000000005,87915.0,129233.41
603171,2026-02-05,69.8,0.025867,59164.65,408717.038
603172,2026-02-05,25.22,-0.099929,47851.0,122350.637
603173,2026-02-05,46.35,-0.031549999999999995,17442.0,81907.719
603175,2026-02-05,67.68,-0.012546999999999999,11227.87,76144.551
603176,2026-02-05,5.74,-0.008636,41244.0,23721.242
603177,2026-02-05,11.84,-0.009205,32997.0,39223.644
603178,2026-02-05,17.43,-0.018028,22452.0,39466.713
603179,2026-02-05,84.78,-0.023834,73834.21,626477.037
603180,2026-02-05,20.99,0.0071979999999999995,14239.24,29841.998
603181,2026-02-05,16.0,-0.020808,113264.38,185269.689
603182,2026-02-05,16.22,0.003713,12671.53,20575.034
603183,2026-02-05,4.77,-0.002092,124987.08,59917.814
603185,2026-02-05,26.64,-0.083276,476016.29,1281319.799
603186,2026-02-05,66.35,0.012359,119583.52,802692.38
603187,2026-02-05,15.48,0.0,34694.26,53839.434
603188,2026-02-05,5.23,0.013566,321566.0,168572.337
603189,2026-02-05,19.74,-0.020347,50213.0,99956.107
603190,2026-02-05,27.25,0.0007340000000000001,12096.0,32899.459
603191,2026-02-05,19.43,-0.069444,224396.0,443227.228
603192,2026-02-05,26.23,-0.01576,20079.7,53242.322
603193,2026-02-05,24.2,0.016807000000000002,38063.24,92336.486
603194,2026-02-05,39.06,-0.0061070000000000004,10351.0,40451.857
603195,2026-02-05,43.89,0.0011409999999999999,41204.25,181282.015
603196,2026-02-05,24.64,-0.014006000000000001,20437.0,50472.286
603197,2026-02-05,35.55,-0.001965,23856.48,84820.896
603198,2026-02-05,42.36,-0.007963,93577.69,398731.631
603199,2026-02-05,44.33,0.029733,46168.0,203157.814
603200,2026-02-05,81.79,0.007018,48176.41,392497.86
603201,2026-02-05,17.39,-0.003438,11480.02,20001.176
603202,2026-02-05,92.68,-0.002153,7185.77,66765.909
603203,2026-02-05,36.13,-0.027456,27463.08,99712.578
603205,2026-02-05,28.28,-0.004576,6152.94,17442.322
603206,2026-02-05,16.74,-0.0035709999999999995,22623.0,37994.823
603207,2026-02-05,30.4,0.004959,9363.53,28408.559
603208,2026-02-05,15.0,-0.009247,30894.62,46568.869
603209,2026-02-05,15.57,-0.007015,35523.0,55577.819
603210,2026-02-05,19.54,-0.007618000000000001,12453.29,24366.762
603211,2026-02-05,24.18,-0.0032979999999999997,112819.31,273409.617
603212,2026-02-05,16.95,-0.076797,571551.94,982703.857
603213,2026-02-05,13.61,-0.006569,15097.0,20625.774
603214,2026-02-05,18.54,0.015334,88468.0,164518.659
603215,2026-02-05,20.2,-0.005416,11781.0,23845.195
603216,2026-02-05,43.66,-0.025664,38907.0,171747.416
603217,2026-02-05,25.63,-0.003499,17626.0,45698.607
603218,2026-02-05,13.55,-0.020246,106946.75,145521.653
603219,2026-02-05,18.3,-0.056700999999999994,244218.8,471647.432
603220,2026-02-05,25.17,-0.007101,149257.82,375164.288
603221,2026-02-05,13.21,-0.002266,32627.0,43381.628
603222,2026-02-05,8.75,-0.011298999999999998,140766.29,124190.802
603223,2026-02-05,9.7,-0.009193,44353.46,43155.65
603225,2026-02-05,20.02,-0.011846,176602.63,354561.181
603226,2026-02-05,28.92,-0.0037890000000000003,34340.0,100139.182
603227,2026-02-05,8.6,-0.011493999999999999,100065.98,86355.95
603228,2026-02-05,61.0,-0.011986000000000002,169641.26,1034084.114
603229,2026-02-05,9.82,-0.004057,53527.82,52797.237
603230,2026-02-05,12.9,0.003891,38880.0,50157.529
603231,2026-02-05,20.0,0.028277999999999998,59516.16,118856.521
603232,2026-02-05,25.08,0.046307999999999995,400901.82,990325.084
603233,2026-02-05,19.9,0.001006,55478.58,110836.235
603235,2026-02-05,26.92,0.0007430000000000001,5309.03,14303.656
603236,2026-02-05,87.15,-0.009997,38438.5,335656.585
603237,2026-02-05,17.66,0.008567,19005.05,33534.151
603238,2026-02-05,18.56,-0.012766,27209.25,50603.454
603239,2026-02-05,25.04,-0.000399,66967.0,166985.705
603248,2026-02-05,22.51,-0.011853,31280.6,70588.377
603255,2026-02-05,33.23,-0.030064,18367.0,61553.933
603256,2026-02-05,55.64,-0.016614,234596.9,1323306.933
603257,2026-02-05,56.52,-0.020111,12200.41,69264.985
603258,2026-02-05,18.72,0.0037530000000000003,28176.0,52908.074
603259,2026-02-05,97.11,0.015688999999999998,393998.2,3831110.679
603260,2026-02-05,48.57,-0.027238000000000002,72903.29,356612.495
603261,2026-02-05,29.51,-0.026073,7006.0,21013.764
603262,2026-02-05,27.97,-0.003917,11756.3,33042.433
603266,2026-02-05,21.17,-0.022622,23705.0,50557.924
603267,2026-02-05,56.15,0.02221,81653.67,452059.175
603268,2026-02-05,83.76,0.001914,10745.0,89995.507
603269,2026-02-05,12.49,-0.016535,79328.0,98783.925
603270,2026-02-05,26.69,-0.021627999999999998,25886.07,69476.414
603271,2026-02-05,52.45,0.068663,82224.3,427015.34
603272,2026-02-05,22.69,-0.009170000000000001,30409.0,69735.771
603273,2026-02-05,19.3,-0.004128,49384.09,95102.468
603275,2026-02-05,46.83,-0.017209000000000002,11555.0,54185.458
603276,2026-02-05,18.23,0.006626,22030.3,40128.251
603277,2026-02-05,16.4,0.0055179999999999995,14743.5,24227.023
603278,2026-02-05,12.65,-0.002366,99194.4,124918.535
603279,2026-02-05,18.39,-0.025436999999999998,76021.2,140995.987
603280,2026-02-05,39.05,0.0,14410.0,56245.348
603281,2026-02-05,31.32,-0.016023,16493.2,52152.604
603282,2026-02-05,21.13,-0.007514999999999999,12882.0,27381.911
603283,2026-02-05,47.31,-0.031128,90877.45,431304.804
603285,2026-02-05,37.59,0.020081,76522.86,281051.215
603286,2026-02-05,68.61,0.007489,28921.0,196952.823
603288,2026-02-05,37.96,0.046307,596457.5,2241775.482
603289,2026-02-05,11.11,-0.0044800000000000005,28677.8,31965.796
603290,2026-02-05,105.76,0.024805999999999998,67457.73,697411.072
603291,2026-02-05,11.44,0.0,226651.41,248084.29
603296,2026-02-05,82.17,-0.008208,52650.78,432760.476
603297,2026-02-05,109.11,0.00331,11946.02,130226.343
603298,2026-02-05,28.29,-0.017026,51090.05,144644.268
603299,2026-02-05,11.0,-0.019608,87912.24,97599.179
603300,2026-02-05,7.14,-0.008333,418131.1,299038.43
603301,2026-02-05,69.95,-0.006251,9325.0,65137.626
603303,2026-02-05,14.5,0.0,14958.0,21667.546
603305,2026-02-05,17.78,-0.037879,329322.09,589074.426
603306,2026-02-05,78.83,-0.033946000000000004,132694.03,1042395.908
603307,2026-02-05,42.11,0.010317,5930.0,24926.802
603308,2026-02-05,52.62,-0.038377,171182.66,895322.016
603309,2026-02-05,14.57,0.012509,52164.2,75831.893
603310,2026-02-05,17.13,-0.009827,24829.0,42736.204
603311,2026-02-05,15.95,0.013986,52656.0,83952.334
603312,2026-02-05,45.72,-0.027233999999999998,15376.22,70711.349
603313,2026-02-05,9.44,0.00106,81386.56,77161.066
603315,2026-02-05,14.93,-0.054465000000000006,129067.0,196131.009
603316,2026-02-05,13.8,-0.012169000000000001,63306.8,87766.933
603317,2026-02-05,14.51,0.073225,417100.13,606517.773
603318,2026-02-05,7.03,-0.011252,72320.0,51176.656
603319,2026-02-05,37.53,0.034739,155178.29,580330.354
603320,2026-02-05,22.6,0.036697,63288.38,141144.891
603321,2026-02-05,7.89,-0.0025280000000000003,55097.58,43699.435
603322,2026-02-05,35.99,-0.012078,32654.0,117825.865
603323,2026-02-05,5.1,0.022044,566690.39,286683.027
603324,2026-02-05,26.06,-0.022872,14313.6,37467.262
603325,2026-02-05,78.32,-0.010361,6211.0,48714.692
603326,2026-02-05,10.2,0.004926,42547.0,43453.899
603327,2026-02-05,10.11,-0.026949,172994.05,175482.704
603328,2026-02-05,11.03,-0.019556,157069.0,173882.615
603329,2026-02-05,11.61,-0.007692,20226.1,23601.565
603330,2026-02-05,7.43,-0.022368000000000002,60046.0,44919.455
603331,2026-02-05,16.14,-0.029464999999999998,282972.03,454558.835
603332,2026-02-05,13.7,-0.011544,34053.76,46931.413
603333,2026-02-05,7.98,-0.014815,61332.0,49116.392
603334,2026-02-05,59.08,0.09998100000000001,80461.67,467596.999
603335,2026-02-05,6.11,0.0032840000000000005,86940.0,53224.812
603336,2026-02-05,9.62,0.04225399999999999,241530.53,230849.481
603337,2026-02-05,44.85,0.019318,25474.26,113146.11
603338,2026-02-05,57.43,-0.001565,26897.3,154424.611
603339,2026-02-05,13.74,-0.004348,26559.8,36401.039
603341,2026-02-05,44.53,-0.012201,58635.79,261530.729
603344,2026-02-05,30.5,-0.00131,17490.0,53317.722
603345,2026-02-05,90.39,0.011753,57333.96,519488.799
603348,2026-02-05,20.23,-0.006873000000000001,13770.33,27978.041
603350,2026-02-05,37.55,-0.009757,7632.92,28806.625
603351,2026-02-05,27.58,0.002909,4593.0,12679.92
603352,2026-02-05,44.76,0.01084,38570.76,171959.288
603353,2026-02-05,35.83,-0.031622,51592.2,186295.235
603355,2026-02-05,33.78,-0.009384,23430.4,79154.063
603356,2026-02-05,17.89,-0.022404,28595.0,51335.144
603357,2026-02-05,8.42,-0.001186,41299.02,34730.63
603358,2026-02-05,51.52,0.024662000000000003,102039.89,520321.505
603359,2026-02-05,6.8,0.007407,121312.0,82805.998
603360,2026-02-05,31.01,0.027502,123901.19,382137.812
603363,2026-02-05,4.18,0.004808,454619.5,190818.234
603365,2026-02-05,21.45,0.051986,38133.0,80997.888
603366,2026-02-05,9.71,-0.012208000000000002,174938.0,170610.163
603367,2026-02-05,17.26,-0.002889,68595.0,118843.058
603368,2026-02-05,18.15,-0.0005510000000000001,35806.2,64944.084
603369,2026-02-05,34.4,0.004673,131885.3,455332.245
603370,2026-02-05,49.27,-0.016763,12248.83,60562.712
603373,2026-02-05,40.87,0.000245,9880.0,40297.69
603375,2026-02-05,37.64,-0.009213,11962.0,45240.798
603376,2026-02-05,38.26,0.004727,20841.88,80172.684
603377,2026-02-05,3.69,0.025,72870.28,26680.049
603378,2026-02-05,6.91,0.007289,81223.92,56108.88
603379,2026-02-05,67.85,-0.003232,62727.4,428026.35
603380,2026-02-05,37.01,-0.011749,12026.0,44711.081
603381,2026-02-05,24.05,-0.057602,214902.28,522215.29
603382,2026-02-05,30.88,-0.014992,9853.92,30630.377
603383,2026-02-05,36.3,-0.000826,23600.14,85583.793
603385,2026-02-05,7.35,0.004098,49255.6,36375.034
603386,2026-02-05,14.33,-0.020506000000000003,74551.6,107200.149
603387,2026-02-05,8.59,0.0,53332.43,46007.728
603389,2026-02-05,45.48,0.010218,13143.4,59984.848
603390,2026-02-05,12.8,-0.0023380000000000002,33974.0,43648.85
603391,2026-02-05,68.0,-0.0014680000000000001,15362.55,105368.935
603392,2026-02-05,42.18,0.005243,26969.66,113484.355
603393,2026-02-05,28.89,-0.02101,56669.87,164858.01
603395,2026-02-05,30.78,-0.024405999999999997,35291.9,109664.952
603396,2026-02-05,48.15,-0.1,81386.0,392087.72
603398,2026-02-05,9.69,0.022151999999999998,111155.54,106988.658
603399,2026-02-05,10.13,-0.043437,146017.0,149577.215
603400,2026-02-05,57.46,0.002268,6431.01,36751.143
603402,2026-02-05,166.5,0.085681,44572.64,724817.295
603406,2026-02-05,38.95,-0.007137,7343.01,28700.129
603408,2026-02-05,13.38,0.015175000000000001,33906.0,45341.446
603409,2026-02-05,38.0,-0.048573000000000005,55826.99,211868.145
603416,2026-02-05,54.78,-0.018807,18417.2,101264.892
603418,2026-02-05,56.65,0.001237,7601.56,43085.2
603421,2026-02-05,7.66,-0.030379999999999997,141458.2,109433.258
603429,2026-02-05,10.89,0.1,253799.47,269870.793
603439,2026-02-05,12.12,0.011686,46686.98,56526.618
603444,2026-02-05,432.8,-0.005423,9702.48,419780.203
603456,2026-02-05,17.92,-0.001671,95135.15,170800.557
603458,2026-02-05,10.74,-0.009225,82875.06,88485.605
603466,2026-02-05,9.05,0.0,150467.6,136736.79
603477,2026-02-05,17.74,0.007382,88255.61,156807.068
603486,2026-02-05,71.69,0.001817,64187.81,461684.147
603488,2026-02-05,9.68,-0.01626,90647.78,87896.029
603489,2026-02-05,29.9,-0.004992,14431.72,43269.239
603496,2026-02-05,28.06,-0.018881,82596.9,233305.983
603499,2026-02-05,22.73,0.005306999999999999,34237.04,77491.134
603500,2026-02-05,13.48,-0.01173,46798.0,63255.787
603501,2026-02-05,117.63,0.002899,102510.37,1201271.834
603505,2026-02-05,19.03,-0.021091000000000002,98287.15,187404.385
603506,2026-02-05,14.24,-0.015895,26096.4,37541.729
603507,2026-02-05,31.41,0.029836,130116.07,406125.578
603508,2026-02-05,26.31,0.006888999999999999,41361.24,109049.609
603511,2026-02-05,15.41,-0.002589,22053.23,34080.019
603515,2026-02-05,19.78,0.028067,35676.59,70291.727
603516,2026-02-05,170.7,-0.013637,44348.53,759807.638
603517,2026-02-05,12.7,0.0023680000000000003,49326.8,62766.394
603518,2026-02-05,10.11,0.024316,122611.8,123014.946
603519,2026-02-05,13.5,0.006711,23810.04,32099.43
603520,2026-02-05,10.53,0.014451,105672.28,112024.215
603527,2026-02-05,10.55,-0.025854,58689.05,62373.023
603528,2026-02-05,9.53,-0.013458000000000001,77603.0,74497.917
603529,2026-02-05,30.2,0.028961,112140.56,337663.879
603530,2026-02-05,46.63,-0.018109,48007.05,222598.458
603533,2026-02-05,23.78,0.006774,182791.0,435591.892
603535,2026-02-05,9.99,0.0030120000000000004,32118.26,32161.885
603536,2026-02-05,11.48,0.028673999999999998,163794.8,188222.932
603538,2026-02-05,21.02,0.007187,53847.72,113459.026
603551,2026-02-05,11.69,0.028144,77645.24,90266.84
603556,2026-02-05,37.06,-0.030604,57347.45,213134.38
603557,2026-02-05,3.16,0.049833999999999996,214046.29,66118.896
603558,2026-02-05,12.05,0.015164,48643.0,58291.889
603559,2026-02-05,6.55,-0.02819,62636.0,41857.834
603565,2026-02-05,10.32,0.011765000000000001,175142.5,180266.842
603566,2026-02-05,14.06,-0.0021290000000000002,39508.87,55833.455
603567,2026-02-05,8.45,-0.020857,179447.16,152441.729
603568,2026-02-05,26.61,-0.005605,65244.7,173472.051
603569,2026-02-05,7.43,-0.001344,42643.0,31786.474
603577,2026-02-05,10.83,-0.047493,108742.0,119738.219
603578,2026-02-05,15.25,0.000656,79678.47,121672.03
603579,2026-02-05,24.71,0.0,27004.4,66680.126
603580,2026-02-05,13.93,-0.013456,41138.92,56956.642
603583,2026-02-05,36.31,-0.015189,35275.58,128733.111
603585,2026-02-05,20.08,-0.01472,35190.31,71443.181
603586,2026-02-05,18.98,-0.011973000000000001,14719.0,28139.736
603587,2026-02-05,13.21,0.015373000000000001,41445.4,54569.133
603588,2026-02-05,9.95,-0.019704,336733.88,337717.664
603589,2026-02-05,29.86,-0.0020050000000000003,81390.96,244152.995
603590,2026-02-05,41.45,-0.003845,21577.81,89839.664
603595,2026-02-05,16.76,-0.0035670000000000003,17302.0,29014.599
603596,2026-02-05,50.0,-0.009509,83646.2,419360.991
603598,2026-02-05,25.61,-0.051481000000000006,399363.0,1031078.17
603599,2026-02-05,15.11,-0.027044000000000002,430488.6,654068.295
603600,2026-02-05,11.85,0.0025380000000000003,27279.0,32451.068
603601,2026-02-05,11.8,-0.048387,1612330.68,1915131.261
603602,2026-02-05,14.51,0.031272,145810.57,213626.987
603605,2026-02-05,76.15,0.062805,224773.36,1693326.153
603606,2026-02-05,55.7,-0.010657000000000002,77750.52,430943.274
603607,2026-02-05,23.15,-0.003015,32406.2,75568.03
603608,2026-02-05,10.36,0.0,130923.77,135864.287
603609,2026-02-05,7.41,-0.001348,45409.18,33665.522
603610,2026-02-05,17.94,0.001116,31122.75,56015.819
603611,2026-02-05,23.44,-0.019657,25896.0,61167.34
603612,2026-02-05,30.66,0.002616,398771.81,1234493.592
603613,2026-02-05,26.62,0.00037600000000000003,63575.85,169082.32
603615,2026-02-05,23.2,-0.025619,26005.0,61001.948
603616,2026-02-05,7.54,0.10073,26166.05,19729.202
603617,2026-02-05,7.69,-0.015365,64160.0,49679.207
603618,2026-02-05,12.46,0.036606,2034794.75,2566488.1
603619,2026-02-05,30.87,-0.047515999999999996,323082.97,1010934.558
603626,2026-02-05,22.03,-0.020889,220578.24,481295.97
603628,2026-02-05,14.18,-0.034717,124431.0,177843.926
603629,2026-02-05,43.16,0.079,527924.44,2180913.594
603630,2026-02-05,21.33,0.100052,62514.7,129140.439
603633,2026-02-05,9.21,0.0,80736.11,75162.739
603636,2026-02-05,11.28,0.003559,93171.49,105013.958
603637,2026-02-05,12.35,-0.004032,46695.01,57629.697
603638,2026-02-05,22.45,-0.023913000000000004,71212.4,159966.777
603639,2026-02-05,13.93,-0.018323,21587.0,30226.37
603648,2026-02-05,10.72,0.001869,19270.0,20699.647
603650,2026-02-05,54.77,-0.01705,110001.27,601675.738
603655,2026-02-05,44.41,0.10007400000000001,40836.0,174774.451
603656,2026-02-05,24.59,-0.005259000000000001,26162.0,64635.52
603657,2026-02-05,28.38,0.0,13131.0,37391.715
603658,2026-02-05,36.76,0.0021809999999999998,26086.66,95906.109
603659,2026-02-05,27.58,-0.021292,189605.67,524054.963
603660,2026-02-05,9.91,0.00101,119445.42,118846.209
603661,2026-02-05,34.86,0.0060609999999999995,10611.3,37152.765
603662,2026-02-05,64.72,-0.029976,44821.9,292080.338
603663,2026-02-05,39.03,-0.020331000000000002,89579.25,353513.59
603665,2026-02-05,37.8,0.022174,37685.0,140763.942
603666,2026-02-05,30.89,-0.00771,26374.0,81354.753
603667,2026-02-05,77.86,-0.049677,350712.93,2760046.226
603668,2026-02-05,15.81,0.000633,114362.7,179309.413
603669,2026-02-05,4.62,-0.00216,67128.0,31146.589
603676,2026-02-05,11.28,0.002667,24798.0,28052.765
603677,2026-02-05,18.16,0.0033150000000000002,13720.0,24978.858
603678,2026-02-05,38.15,-0.015229999999999999,150217.79,571158.481
603679,2026-02-05,15.7,-0.014438,50638.6,79783.739
603680,2026-02-05,14.63,-0.010818000000000001,28219.25,41306.836
603681,2026-02-05,19.46,-0.007143,40443.0,79271.367
603682,2026-02-05,7.07,-0.004225,102746.0,72786.465
603683,2026-02-05,25.16,-0.04225399999999999,68330.33,173782.102
603685,2026-02-05,24.23,0.0462,67420.84,159895.221
603686,2026-02-05,25.31,0.044142,456083.84,1147919.586
603687,2026-02-05,10.7,-0.030796999999999998,118471.3,127748.453
603688,2026-02-05,40.54,-0.039336,143599.4,586614.413
603689,2026-02-05,8.42,-0.0035499999999999998,32176.8,27065.78
603690,2026-02-05,27.47,-0.008303,99167.77,271989.959
603693,2026-02-05,12.37,-0.027516,49300.6,61527.218
603696,2026-02-05,21.36,0.09989699999999999,219560.44,456413.069
603697,2026-02-05,13.89,0.007983,220618.0,306919.794
603698,2026-02-05,37.94,0.002643,383699.84,1470694.082
603699,2026-02-05,57.45,-0.015762,29995.65,173444.5
603700,2026-02-05,14.16,0.0,28452.0,40450.334
603701,2026-02-05,20.25,-0.00978,14335.0,29065.447
603703,2026-02-05,14.65,-0.014795,92230.4,136089.502
603706,2026-02-05,20.9,-0.011353,9752.79,20545.545
603707,2026-02-05,9.76,0.016667,220946.57,215213.725
603708,2026-02-05,13.53,0.035988,268324.85,360293.521
603709,2026-02-05,18.69,0.001071,36454.28,68723.67
603711,2026-02-05,13.54,0.005197,39458.72,53499.369
603712,2026-02-05,19.65,-0.006572,103306.75,203512.972
603713,2026-02-05,63.98,0.013946,24628.0,157162.501
603716,2026-02-05,22.6,0.0048909999999999995,96111.01,216281.584
603717,2026-02-05,7.81,-0.0012790000000000002,69730.0,54622.097
603718,2026-02-05,5.22,-0.026119,474042.1,250607.526
603719,2026-02-05,12.1,0.009174,80944.77,98553.501
603721,2026-02-05,20.79,0.010204,14846.0,30990.646
603722,2026-02-05,38.31,-0.007513,6831.0,26239.038
603725,2026-02-05,10.3,0.0029210000000000004,55766.96,57644.968
603726,2026-02-05,24.96,-0.00716,25973.12,64902.421
603727,2026-02-05,15.99,-0.01962,31524.0,50689.987
603728,2026-02-05,67.64,-0.040431,57030.65,389260.336
603730,2026-02-05,10.0,-0.015747999999999998,151506.72,151502.49
603733,2026-02-05,24.55,0.0,31280.12,76438.089
603737,2026-02-05,56.8,0.012478,71903.22,409327.871
603738,2026-02-05,15.86,-0.022797,83671.54,133778.963
603739,2026-02-05,15.52,-0.007038,63021.6,98522.941
603755,2026-02-05,35.97,0.040197000000000004,21590.0,76666.917
603757,2026-02-05,39.66,-0.021466,30743.74,122487.791
603758,2026-02-05,14.87,-0.0060160000000000005,28279.09,42076.55
603759,2026-02-05,11.5,-0.100156,201229.17,232776.791
603766,2026-02-05,15.58,0.012346,153507.52,238831.368
603767,2026-02-05,21.33,-0.008368,26335.0,56437.514
603768,2026-02-05,11.97,-0.005814000000000001,17515.0,21103.047
603773,2026-02-05,38.78,-0.039624,127443.15,494830.269
603776,2026-02-05,17.85,-0.011628000000000001,26430.93,47330.893
603777,2026-02-05,13.9,0.014598999999999999,147669.12,205808.971
603778,2026-02-05,16.8,0.038319,1524853.16,2499043.896
603779,2026-02-05,6.89,0.004373,75911.08,52581.695
603786,2026-02-05,71.28,0.020034,26620.27,187486.87
603787,2026-02-05,13.29,0.004535,29324.0,39112.961
603788,2026-02-05,16.37,-0.003045,17456.0,28626.021
603789,2026-02-05,5.59,-0.003565,28913.0,16235.589
603790,2026-02-05,20.94,-0.002857,16587.6,34635.567
603797,2026-02-05,5.06,-0.005894,52774.6,26705.379
603798,2026-02-05,15.77,-0.021105,33840.6,53570.252
603799,2026-02-05,70.9,-0.025028,362169.52,2567438.574
603800,2026-02-05,38.68,-0.021006999999999998,37375.0,144743.755
603801,2026-02-05,9.75,-0.005102,40482.18,39647.492
603803,2026-02-05,10.07,-0.003956,74394.0,75260.6
603806,2026-02-05,18.6,-0.07,831108.24,1554767.088
603808,2026-02-05,10.77,0.006542,97552.95,105706.338
603809,2026-02-05,12.9,0.0,106932.49,137632.592
603810,2026-02-05,16.43,-0.000608,20086.0,33264.8
603811,2026-02-05,11.58,0.004337,33486.4,38783.515
603813,2026-02-05,40.36,0.043433,10785.0,43370.847
603815,2026-02-05,6.94,-0.001439,157588.0,109495.676
603816,2026-02-05,34.72,-0.014476,70938.42,246937.313
603817,2026-02-05,7.05,-0.001416,170058.0,120820.094
603818,2026-02-05,3.89,0.007772,132436.0,51687.864
603819,2026-02-05,12.4,-0.010375,38658.46,48400.596
603822,2026-02-05,105.51,-0.013741000000000001,7019.45,74204.686
603823,2026-02-05,16.8,-0.019837,74244.8,126369.451
603825,2026-02-05,9.48,0.004237,17561.4,16613.992
603826,2026-02-05,19.46,0.100057,156418.89,298653.593
603828,2026-02-05,6.87,0.004386,32878.05,22356.854
603829,2026-02-05,23.47,-0.016345000000000002,28563.4,67471.441
603833,2026-02-05,61.25,-0.002768,23159.33,141570.484
603836,2026-02-05,14.49,0.011872,28781.0,41665.425
603838,2026-02-05,7.41,-0.008032000000000001,14403.0,10735.821
603839,2026-02-05,8.13,0.006188,47746.4,38939.523
603843,2026-02-05,6.06,0.05026,367565.85,215306.872
603848,2026-02-05,20.46,-0.001951,172363.29,355599.917
603855,2026-02-05,19.45,0.0,14573.0,28357.91
603856,2026-02-05,13.71,-0.020013999999999997,37512.0,51752.64
603858,2026-02-05,17.5,-0.008499,62999.09,110751.23
603859,2026-02-05,45.61,-0.032867,77568.3,355612.719
603860,2026-02-05,32.72,-0.004866,10165.4,33354.083
603861,2026-02-05,16.33,-0.08412800000000001,497255.8,826704.526
603863,2026-02-05,20.07,-0.015694,57945.0,117074.777
603866,2026-02-05,5.54,0.0,237112.2,131947.594
603867,2026-02-05,29.99,0.000334,61480.12,183591.872
603868,2026-02-05,39.0,0.012198,15888.72,61811.494
603869,2026-02-05,9.85,-0.013026,12255.4,12107.277
603871,2026-02-05,13.89,-0.000719,68762.36,95066.334
603876,2026-02-05,16.15,-0.049441,263985.31,431454.179
603877,2026-02-05,15.94,0.0095,22536.0,35893.856
603878,2026-02-05,8.92,-0.02193,187104.0,168548.169
603879,2026-02-05,6.33,0.0,104295.62,66223.64
603880,2026-02-05,6.56,0.0,55011.82,36179.128
603881,2026-02-05,35.6,-0.014395999999999999,461601.58,1626945.346
603882,2026-02-05,31.3,0.000639,60194.72,187994.686
603883,2026-02-05,15.28,-0.000654,74441.31,113920.179
603885,2026-02-05,15.4,0.00065,142405.49,220685.104
603886,2026-02-05,13.85,0.016141000000000003,62606.0,86722.045
603887,2026-02-05,15.33,-0.004545,240868.23,371239.65
603888,2026-02-05,24.25,-0.001647,233517.44,565362.408
603889,2026-02-05,9.0,-0.006623,64394.0,58557.632
603890,2026-02-05,14.71,-0.018678999999999998,94784.26,140004.515
603893,2026-02-05,180.51,-0.011012,37492.58,674891.412
603895,2026-02-05,33.56,-0.009737,20641.0,70094.638
603896,2026-02-05,20.86,0.010169,25489.3,53048.164
603897,2026-02-05,26.03,-0.017736000000000002,25282.23,66081.491
603898,2026-02-05,16.08,0.0,46352.0,74148.534
603899,2026-02-05,27.72,0.028571,96153.79,266617.394
603900,2026-02-05,8.67,0.011669,223570.4,193995.456
603901,2026-02-05,14.25,-0.023973,66446.79,95189.859
603903,2026-02-05,12.2,-0.010543,30946.0,37946.363
603906,2026-02-05,17.78,-0.020925,106906.88,191059.701
603908,2026-02-05,25.27,0.006372,11755.73,29757.746
603909,2026-02-05,11.65,0.006045,44522.64,52174.578
603912,2026-02-05,8.75,-0.017957,100816.84,88737.849
603915,2026-02-05,16.9,-0.024249,60421.9,102629.06
603916,2026-02-05,11.83,-0.045968,198493.41,238343.414
603917,2026-02-05,14.69,-0.013432,44833.0,66445.336
603918,2026-02-05,16.28,-0.0018390000000000001,103378.0,168086.173
603919,2026-02-05,23.87,-0.0062450000000000006,324990.01,803837.148
603920,2026-02-05,67.48,-0.045274,410398.1,2756284.454
603922,2026-02-05,20.73,0.030830000000000003,78407.03,161712.688
603926,2026-02-05,25.99,-0.033829,124504.13,337498.044
603927,2026-02-05,19.14,-0.010853,89384.35,171565.694
603928,2026-02-05,15.49,-0.016508000000000002,34850.8,54376.538
603929,2026-02-05,140.14,-0.033117,39192.18,549126.134
603931,2026-02-05,31.56,-0.008794,21768.7,68562.595
603933,2026-02-05,23.11,0.005657,42234.05,97249.687
603936,2026-02-05,11.9,-0.014901,177529.44,211842.64
603937,2026-02-05,12.84,0.003909,38634.0,49607.487
603938,2026-02-05,24.81,-0.017815,67258.32,166668.269
603939,2026-02-05,25.37,0.024637,243328.46,618474.238
603948,2026-02-05,28.03,-0.037762,37752.98,106901.506
603949,2026-02-05,19.53,0.006701,58503.0,114430.422
603950,2026-02-05,31.71,-0.032642000000000004,38458.0,123070.104
603955,2026-02-05,28.87,-0.00688,9856.0,28700.679
603956,2026-02-05,6.89,-0.018519,131278.0,91108.698
603958,2026-02-05,20.19,0.055962,179683.29,358482.721
603959,2026-02-05,5.83,-0.005119,58615.0,34150.793
603960,2026-02-05,22.17,0.009103,93542.92,207724.931
603966,2026-02-05,12.82,-0.016117,118428.07,153128.454
603967,2026-02-05,12.86,0.0023380000000000002,28908.0,37342.253
603968,2026-02-05,12.54,0.028712,134765.0,170367.905
603969,2026-02-05,9.78,-0.023952,111709.38,110085.304
603970,2026-02-05,13.51,-0.009531,43781.0,59650.789
603976,2026-02-05,20.91,0.008197,11738.2,24520.59
603977,2026-02-05,14.4,-0.010989,79725.0,115300.47
603978,2026-02-05,25.02,-0.017282,57329.0,143529.043
603979,2026-02-05,71.37,-0.052569,131013.83,943906.556
603982,2026-02-05,8.57,-0.0034879999999999998,59502.0,51262.987
603983,2026-02-05,33.0,0.049618,74459.5,244469.134
603985,2026-02-05,15.18,-0.028791,77732.0,118995.974
603986,2026-02-05,277.74,-0.016257999999999998,229053.52,6300761.896
603987,2026-02-05,9.3,-0.0010739999999999999,51257.68,47670.264
603988,2026-02-05,29.25,-0.04224,76113.74,225302.029
603989,2026-02-05,18.1,-0.002755,46937.4,84501.086
603990,2026-02-05,14.8,-0.008707,48907.22,72507.367
603991,2026-02-05,85.16,0.003417,12868.0,109146.513
603992,2026-02-05,41.3,0.016991,22374.0,91562.82
603993,2026-02-05,22.17,-0.06337100000000001,3306348.54,7365350.386
603995,2026-02-05,18.7,-0.015789,38075.0,71483.667
603997,2026-02-05,14.75,0.009582,95671.88,141279.457
603998,2026-02-05,12.26,0.032856,225821.0,279160.565
603999,2026-02-05,8.03,0.017744,262195.55,211457.507
605001,2026-02-05,8.14,-0.014528000000000001,51383.8,42102.863
605003,2026-02-05,33.59,0.025649,26043.25,87782.308
605005,2026-02-05,18.98,-0.0062829999999999995,18854.0,35832.017
605006,2026-02-05,8.4,0.009615,455507.95,383479.324
605007,2026-02-05,13.9,-0.0057220000000000005,50052.95,69769.163
605008,2026-02-05,13.42,-0.0037119999999999996,21991.0,29567.91
605009,2026-02-05,31.72,0.026537,32926.74,104290.979
605011,2026-02-05,20.51,-0.006298000000000001,24237.99,49742.405
605016,2026-02-05,26.35,0.040268,142319.54,374336.094
605018,2026-02-05,11.19,-0.007098,19782.0,22211.58
605020,2026-02-05,27.1,-0.022366999999999998,104821.57,288300.532
605028,2026-02-05,26.48,-0.008611,10714.0,28517.96
605033,2026-02-05,21.23,0.013849,21245.67,44849.877
605050,2026-02-05,13.18,-0.013472999999999999,43303.0,57325.347
605055,2026-02-05,9.46,0.006383,40317.0,38069.246
605056,2026-02-05,21.4,-0.041648,111466.0,238978.079
605058,2026-02-05,30.13,-0.013102,12074.55,36621.972
605060,2026-02-05,45.32,-0.009615,61565.95,281413.397
605066,2026-02-05,8.2,-0.037559,206659.0,170993.33
605068,2026-02-05,27.28,0.004788,16364.0,44530.861
605069,2026-02-05,13.57,0.051938000000000005,147897.9,195059.179
605077,2026-02-05,16.14,0.001862,30046.52,48657.694
605080,2026-02-05,26.58,0.004156,46049.2,123169.254
605081,2026-02-05,10.01,-0.0375,41098.45,42219.881
605086,2026-02-05,38.64,0.003636,16323.0,62940.293
605088,2026-02-05,39.65,0.033359,98708.0,390673.051
605089,2026-02-05,29.2,0.002059,17678.82,51781.187
605090,2026-02-05,45.98,-0.002819,109925.96,505528.103
605098,2026-02-05,46.1,0.007871,9054.2,41811.28
605099,2026-02-05,41.05,0.0063739999999999995,23542.88,97246.04
605100,2026-02-05,44.09,-0.02131,19221.0,84831.968
605108,2026-02-05,20.56,0.012808,69641.6,143203.694
605111,2026-02-05,45.72,0.058333,403618.54,1770145.771
605116,2026-02-05,27.42,0.0,30877.0,84605.669
605117,2026-02-05,86.54,-0.042169,86825.27,754692.062
605118,2026-02-05,42.81,0.021231,43097.94,181517.386
605122,2026-02-05,13.87,0.001444,23186.0,32297.755
605123,2026-02-05,126.22,0.010568,100981.47,1282544.516
605128,2026-02-05,38.9,0.006208,12868.37,49829.747
605133,2026-02-05,31.19,-0.004786,46620.7,145702.698
605136,2026-02-05,12.19,0.033051,270893.0,328534.018
605138,2026-02-05,7.54,0.0,31344.0,23685.071
605151,2026-02-05,20.52,-0.085154,121242.49,251861.993
605155,2026-02-05,20.86,0.009681,46024.6,96471.024
605158,2026-02-05,8.81,0.043838999999999996,198674.65,173848.84
605162,2026-02-05,9.12,-0.015119,31186.0,28647.673
605166,2026-02-05,10.9,0.009259,72069.0,78875.716
605167,2026-02-05,17.85,-0.067398,100158.0,180861.864
605168,2026-02-05,40.9,-0.017771,55074.99,227197.802
605169,2026-02-05,13.27,-0.017037,21424.68,28585.394
605177,2026-02-05,21.49,-0.006932000000000001,20532.47,44472.523
605178,2026-02-05,68.09,0.004574,28671.0,197880.678
605179,2026-02-05,20.73,0.002903,51871.98,107897.994
605180,2026-02-05,16.0,0.017811999999999998,29470.73,46988.215
605183,2026-02-05,21.04,-0.014981,25158.4,53106.293
605186,2026-02-05,21.74,-0.013164,33352.0,73593.721
605188,2026-02-05,21.77,0.074001,252171.24,532956.222
605189,2026-02-05,15.3,-0.005848,18981.9,29070.839
605196,2026-02-05,40.91,-0.028957999999999998,81102.0,334505.007
605198,2026-02-05,42.78,-0.002797,17951.0,76933.904
605199,2026-02-05,6.74,-0.008824,33682.0,22857.266
605208,2026-02-05,12.99,-0.032762,63659.51,83441.007
605218,2026-02-05,19.71,-0.0005070000000000001,12932.71,25517.857
605222,2026-02-05,20.34,-0.051748,58854.0,121132.533
605228,2026-02-05,13.21,-0.015648,98544.42,131173.537
605255,2026-02-05,138.2,-0.039744,22802.14,318874.164
605258,2026-02-05,33.19,-0.0036030000000000003,15190.0,50772.477
605259,2026-02-05,21.94,-0.008137,11442.2,25158.316
605266,2026-02-05,20.5,0.00441,23426.26,48190.183
605268,2026-02-05,11.22,0.007181,33414.0,37402.539
605277,2026-02-05,24.47,-0.009713000000000001,63418.4,154999.112
605286,2026-02-05,37.38,-0.017092,7378.0,27733.527
605287,2026-02-05,48.34,-0.036284000000000004,90221.8,447528.568
605288,2026-02-05,135.0,-0.011640999999999999,18133.2,250191.26
605289,2026-02-05,69.5,-0.068365,47575.0,337982.399
605296,2026-02-05,28.25,-0.001061,19094.4,54189.806
605298,2026-02-05,41.61,0.015869,11141.5,46180.23
605299,2026-02-05,12.11,0.036815,194264.0,234901.445
605300,2026-02-05,11.8,0.00941,48351.07,57157.46
605303,2026-02-05,17.83,0.002248,32982.0,59682.549
605305,2026-02-05,39.39,-0.025,64650.7,256137.158
605318,2026-02-05,63.58,0.011615,14271.0,90696.742
605319,2026-02-05,23.7,0.0,48365.43,114380.556
605333,2026-02-05,29.17,-0.004437,14684.0,42826.828
605336,2026-02-05,15.08,-0.0019850000000000002,34924.19,53227.678
605337,2026-02-05,13.02,-0.005348,122381.54,160599.071
605338,2026-02-05,29.03,0.013971,55898.9,162927.015
605339,2026-02-05,18.83,0.012365999999999999,23994.0,45148.694
605358,2026-02-05,39.18,-0.032354,267561.2,1039319.281
605365,2026-02-05,20.62,-0.000485,51012.03,105693.589
605366,2026-02-05,7.16,-0.009682,175891.49,127188.66
605368,2026-02-05,8.27,-0.0024129999999999998,42982.86,35593.422
605369,2026-02-05,19.69,0.005618,11737.6,22995.965
605376,2026-02-05,98.8,-0.012987,135778.6,1341358.6
605377,2026-02-05,8.83,-0.00451,73053.09,64914.89
605378,2026-02-05,21.6,-0.007809,12225.8,26419.023
605388,2026-02-05,7.11,0.007082000000000001,71310.0,50857.176
605389,2026-02-05,77.47,-0.013498000000000001,7587.6,58825.233
605398,2026-02-05,30.09,0.010069999999999999,31543.82,94422.703
605399,2026-02-05,14.74,-0.016678,77216.49,116454.353
605488,2026-02-05,39.14,-0.042564000000000005,75061.8,296392.64
605499,2026-02-05,274.51,0.021813,39924.57,1097329.995
605500,2026-02-05,9.09,0.006645,33275.74,30174.234
605507,2026-02-05,26.94,0.006725999999999999,39529.02,106933.082
605555,2026-02-05,17.47,-0.010759000000000001,31501.5,55147.212
605566,2026-02-05,30.4,-0.015224999999999999,14372.0,44145.201
605567,2026-02-05,12.03,0.009228,64518.46,77739.084
605577,2026-02-05,14.22,0.036442999999999996,80284.0,113861.798
605580,2026-02-05,23.44,0.001709,34905.8,81621.57
605588,2026-02-05,55.4,-0.009299,7884.0,43460.883
605589,2026-02-05,29.11,-0.033853,140822.68,414130.709
605598,2026-02-05,59.26,-0.048032000000000005,64945.0,387416.319
605599,2026-02-05,26.66,0.05667900000000001,233895.51,600558.57
688001,2026-02-05,31.42,-0.016588000000000002,33053.35,104479.127
688002,2026-02-05,112.97,-0.036257000000000005,95784.17,1079612.106
688003,2026-02-05,76.66,-0.034022000000000004,33595.4,257494.202
688004,2026-02-05,23.9,0.008864,16301.77,39052.605
688005,2026-02-05,29.04,-0.038411,185624.71,544734.139
688006,2026-02-05,30.06,-0.021166,58687.09,177009.131
688007,2026-02-05,17.18,-0.014343,41867.28,72111.677
688008,2026-02-05,168.15,-0.016091,324652.15,5433114.062
688009,2026-02-05,5.63,0.003565,363295.56,205078.122
688010,2026-02-05,28.84,-0.058747,55952.27,162563.207
688011,2026-02-05,67.68,-0.017422,23711.83,158801.06
688012,2026-02-05,356.88,0.021964,115656.32,4051348.237
688013,2026-02-05,41.93,-0.015497,9582.13,40266.782
688015,2026-02-05,24.43,-0.011731,11895.38,29161.662
688016,2026-02-05,99.25,0.016593,22456.66,222143.114
688017,2026-02-05,205.12,-0.052607,80441.67,1658421.489
688018,2026-02-05,161.53,0.009563,22777.86,366302.641
688019,2026-02-05,260.13,-0.001114,26627.45,686429.45
688020,2026-02-05,85.18,-0.042920999999999994,15237.99,131575.196
688021,2026-02-05,23.6,0.005539,17540.26,41194.78
688022,2026-02-05,15.42,-0.012172,32053.42,49655.979
688023,2026-02-05,54.4,-0.023339,24446.8,133939.549
688025,2026-02-05,177.68,-0.027477,50738.21,884304.747
688026,2026-02-05,18.33,-0.004345,17986.38,33180.483
688027,2026-02-05,669.01,-0.016162,29412.56,1962445.904
688028,2026-02-05,85.77,-0.059745999999999994,62376.47,537201.479
688029,2026-02-05,81.0,0.003469,12658.37,102752.308
688030,2026-02-05,17.58,-0.013468,19695.89,34829.031
688031,2026-02-05,183.52,-0.005312,48150.54,873147.313
688032,2026-02-05,108.44,-0.042472,20276.89,222747.393
688033,2026-02-05,8.01,-0.040719000000000005,190891.18,153816.451
688035,2026-02-05,50.11,-0.028876,25706.2,129396.229
688036,2026-02-05,61.33,0.051973000000000005,195266.72,1186423.665
688037,2026-02-05,207.03,0.060115999999999996,92678.22,1849267.336
688038,2026-02-05,21.95,0.035865999999999995,57262.82,126773.807
688039,2026-02-05,52.34,-0.015795,20661.5,108743.333
688041,2026-02-05,238.17,-0.023893,158729.81,3797184.765
688045,2026-02-05,49.85,-0.009143,20524.69,101922.022
688046,2026-02-05,17.29,-0.005178,30284.53,52715.484
688047,2026-02-05,154.28,-0.013555,45729.93,705581.996
688048,2026-02-05,126.25,-0.06619799999999999,100065.0,1271119.858
688049,2026-02-05,51.2,-0.011392,41185.35,210688.434
688050,2026-02-05,60.73,0.008468999999999999,23780.38,144403.697
688051,2026-02-05,35.38,0.005114,8701.91,30928.648
688052,2026-02-05,181.01,0.062764,41171.8,717706.578
688053,2026-02-05,44.77,0.006520000000000001,17013.05,77010.297
688055,2026-02-05,3.77,-0.005277,68548.89,25862.571
688056,2026-02-05,37.07,-0.000539,5759.14,21374.287
688057,2026-02-05,12.88,0.003897,15776.39,20300.274
688058,2026-02-05,31.56,-0.013442,12390.45,39383.611
688059,2026-02-05,98.55,0.006023,25344.41,251425.779
688060,2026-02-05,46.15,0.00479,5208.18,24115.27
688061,2026-02-05,35.46,-0.012531,8751.05,31107.581
688062,2026-02-05,36.06,-0.003592,61073.26,221572.817
688063,2026-02-05,60.62,-0.057671,77262.18,474569.826
688065,2026-02-05,54.4,-0.011269,39899.53,217897.988
688066,2026-02-05,24.11,-0.054509999999999996,211080.18,518932.877
688067,2026-02-05,27.77,0.00434,15460.01,43168.924
688068,2026-02-05,136.17,-0.005768,8329.85,113832.887
688069,2026-02-05,24.41,0.0032879999999999997,8654.04,21008.232
688070,2026-02-05,58.18,-0.029363,17151.36,100861.115
688071,2026-02-05,38.8,-0.015978000000000003,41055.39,161524.378
688072,2026-02-05,329.67,-0.029811999999999998,68613.87,2223412.114
688073,2026-02-05,61.58,-0.019427,9363.57,58331.979
688075,2026-02-05,39.81,-0.004003,3769.3,15028.357
688076,2026-02-05,35.14,0.028087,39936.09,140098.825
688077,2026-02-05,31.66,-0.046386000000000004,34802.18,111573.582
688078,2026-02-05,28.73,0.002442,7876.83,22685.391
688079,2026-02-05,12.92,-0.00768,72182.64,94456.217
688080,2026-02-05,57.84,-0.00755,15668.38,90815.777
688081,2026-02-05,37.64,0.0,18875.21,71349.681
688082,2026-02-05,178.36,-0.019838,29152.73,517861.32
688083,2026-02-05,66.99,0.002994,27064.38,181195.574
688084,2026-02-05,82.59,-0.021098,6503.13,54251.718
688085,2026-02-05,21.18,0.006176,66378.36,139643.885
688087,2026-02-05,31.5,0.012862,13912.77,43674.798
688088,2026-02-05,48.14,-0.007423,54159.43,260578.081
688089,2026-02-05,19.25,0.013691,31048.74,59727.159
688090,2026-02-05,51.8,0.080968,68730.53,337787.63
688091,2026-02-05,49.9,-0.013444000000000001,27512.25,138834.35
688092,2026-02-05,30.82,0.000649,16762.38,51760.246
688093,2026-02-05,34.05,-0.015611,18407.2,62795.401
688095,2026-02-05,94.16,-0.020085000000000002,29706.59,281484.278
688096,2026-02-05,9.24,0.009836000000000001,65351.85,60879.333
688097,2026-02-05,43.13,-0.003926,54085.28,231788.832
688098,2026-02-05,9.35,-0.002134,24577.98,23107.409
688099,2026-02-05,81.86,-0.009199,72211.31,591139.947
688100,2026-02-05,40.22,-0.020935000000000002,25776.8,103854.994
688101,2026-02-05,16.71,-0.014159,21587.39,36277.616
688102,2026-02-05,39.61,0.0053300000000000005,169306.44,673104.808
688103,2026-02-05,61.96,-0.017755,9598.97,59487.515
688105,2026-02-05,20.99,-0.003797,11444.65,24087.256
688106,2026-02-05,21.59,-0.019973,66748.65,144225.663
688107,2026-02-05,28.3,-0.012216,42919.2,121269.196
688108,2026-02-05,22.58,-0.005286,129614.8,298000.948
688109,2026-02-05,123.63,-0.021373000000000003,5587.12,69555.818
688110,2026-02-05,125.75,-0.002301,129667.11,1633476.789
688111,2026-02-05,309.45,-0.014961,51784.55,1606474.374
688112,2026-02-05,38.85,-0.010190999999999999,8280.38,32081.221
688113,2026-02-05,44.46,0.0045190000000000004,8819.58,39239.609
688114,2026-02-05,66.7,-0.007588,31172.91,207776.088
688115,2026-02-05,46.16,0.000867,6280.51,28943.514
688116,2026-02-05,45.78,-0.005863,54230.99,248252.339
688117,2026-02-05,39.68,0.020051,40957.59,163223.494
688118,2026-02-05,30.71,-0.011587,32961.86,101498.877
688119,2026-02-05,6.2,-0.023622,262472.68,163931.575
688120,2026-02-05,181.18,0.000442,37335.79,671254.193
688121,2026-02-05,11.79,-0.013389,31926.65,37988.355
688122,2026-02-05,82.18,-0.019332000000000002,119795.25,989192.834
688123,2026-02-05,152.3,0.008676,78112.74,1179052.092
688125,2026-02-05,173.63,-0.006523,5918.86,101759.721
688126,2026-02-05,20.8,-0.016548,282042.37,586526.688
688127,2026-02-05,48.07,-0.018178,105437.16,510180.818
688128,2026-02-05,29.51,-0.020252,21701.15,64246.737
688129,2026-02-05,23.9,0.008864,32508.83,77818.497
688130,2026-02-05,23.5,-0.004659,11171.81,26219.13
688131,2026-02-05,71.08,0.008513,36612.4,260809.823
688132,2026-02-05,18.83,-0.006856999999999999,19055.65,36086.602
688133,2026-02-05,24.68,-0.015949,33147.66,82851.485
688135,2026-02-05,33.35,-0.012437,100423.08,331512.578
688136,2026-02-05,30.34,-0.008821,22915.42,69764.165
688137,2026-02-05,43.28,-0.007339,6443.24,27950.012
688138,2026-02-05,28.8,-0.020741,26672.21,76801.627
688139,2026-02-05,32.66,-0.003053,19608.37,64267.52
688141,2026-02-05,50.15,-0.023939,93217.82,468549.494
688143,2026-02-05,54.57,-0.029866999999999998,74078.23,412623.609
688146,2026-02-05,42.3,-0.001888,34463.91,144069.823
688147,2026-02-05,71.73,-0.07624,80248.48,575834.736
688148,2026-02-05,8.27,-0.033879,117567.07,98047.836
688150,2026-02-05,27.2,-0.034091,66174.03,180620.155
688151,2026-02-05,21.6,-0.007809,19596.5,42557.11
688152,2026-02-05,38.96,-0.010665000000000001,9856.28,38454.778
688153,2026-02-05,37.77,-0.01022,41150.12,154591.53
688155,2026-02-05,97.58,0.003497,39330.93,382607.585
688156,2026-02-05,19.14,-0.007261,16216.17,31301.397
688157,2026-02-05,36.69,-0.007574,14457.57,52917.451
688158,2026-02-05,34.28,-0.010678,313485.26,1078899.717
688159,2026-02-05,47.92,-0.029369999999999997,25580.63,123586.559
688160,2026-02-05,125.62,-0.033692,15597.15,197348.315
688161,2026-02-05,29.96,0.001337,7629.22,22915.363
688162,2026-02-05,33.62,-0.025225,14205.84,48128.173
688163,2026-02-05,26.18,0.045527,27962.48,72053.755
688166,2026-02-05,46.31,-0.01489,53010.28,246040.74
688167,2026-02-05,295.0,-0.051599000000000006,112688.66,3204962.443
688168,2026-02-05,71.45,-0.025505,7390.87,53381.569
688169,2026-02-05,151.81,0.030478,62980.76,952543.822
688170,2026-02-05,39.78,-0.028571,52155.05,208016.08
688171,2026-02-05,51.59,-0.014329000000000001,7590.1,39287.09
688172,2026-02-05,44.22,0.076436,225125.11,953103.408
688173,2026-02-05,15.51,-0.013359000000000001,81261.57,125452.932
688175,2026-02-05,35.32,0.003124,19529.08,69383.568
688176,2026-02-05,12.15,-0.018577999999999997,51682.31,63257.338
688177,2026-02-05,23.74,0.005506,15041.3,35511.499
688178,2026-02-05,25.1,0.008032000000000001,7145.63,17933.813
688179,2026-02-05,16.24,-0.018731,45937.03,75096.719
688180,2026-02-05,35.09,-0.009037,76152.95,268791.315
688181,2026-02-05,33.68,-0.02093,32633.2,110674.662
688182,2026-02-05,32.9,-0.019958,40034.85,132438.173
688183,2026-02-05,82.63,-0.027309999999999997,86276.34,717497.214
688184,2026-02-05,10.47,0.016505000000000002,10602.0,10988.783
688185,2026-02-05,66.45,-0.008209,17619.0,117933.175
688186,2026-02-05,22.01,-0.018287,51915.29,114513.583
688187,2026-02-05,56.5,-0.019267,53174.72,299749.142
688188,2026-02-05,153.3,0.0,14410.61,220233.159
688189,2026-02-05,8.45,0.008353000000000001,43020.75,36331.114
688190,2026-02-05,98.99,0.009381,15710.97,155460.232
688192,2026-02-05,53.82,-0.021277,19702.94,106486.551
688193,2026-02-05,52.18,0.006753,4504.35,23540.769
688195,2026-02-05,237.65,-0.037854,108443.07,2588967.684
688196,2026-02-05,76.64,-0.017183999999999998,10302.4,80032.714
688197,2026-02-05,36.43,-0.002191,6102.0,22287.344
688198,2026-02-05,106.46,0.018951,3265.23,34570.937
688199,2026-02-05,26.16,-0.019123,37016.06,96838.691
688200,2026-02-05,272.9,-0.06990199999999999,36889.75,1012331.796
688201,2026-02-05,15.6,-0.016393,46727.98,73322.205
688202,2026-02-05,65.3,0.022869999999999998,54623.25,347958.505
688203,2026-02-05,12.99,-0.015909,23226.19,30431.975
688205,2026-02-05,173.76,-0.11356,142786.83,2545802.349
688206,2026-02-05,35.76,-0.029843,43582.87,156394.76
688207,2026-02-05,16.03,-0.012322999999999999,42610.78,68556.168
688208,2026-02-05,34.3,-0.011812,64954.01,222888.767
688209,2026-02-05,24.05,-0.0037280000000000004,86903.93,206961.093
688210,2026-02-05,55.96,-0.024577,37213.29,205815.635
688211,2026-02-05,32.91,-0.00604,4815.85,15947.933
688212,2026-02-05,42.71,0.0028179999999999998,12776.29,54670.183
688213,2026-02-05,96.55,0.039849,93980.7,890144.548
688215,2026-02-05,71.6,-0.025718,6865.49,49264.067
688216,2026-02-05,31.21,0.031736,57687.27,173504.422
688217,2026-02-05,30.52,0.002299,5509.88,16808.836
688218,2026-02-05,21.35,-0.000468,18421.91,39458.168
688219,2026-02-05,12.02,-0.018776,60726.18,73367.511
688220,2026-02-05,78.9,-0.025685,53358.82,422213.701
688221,2026-02-05,22.18,0.029234,130949.94,287976.043
688222,2026-02-05,30.24,-0.027965,102748.0,313139.731
688223,2026-02-05,7.89,-0.060714,6207853.55,4955183.686
688225,2026-02-05,19.83,-0.0085,36720.97,73193.407
688226,2026-02-05,37.85,-0.024232999999999998,20439.14,77622.159
688227,2026-02-05,67.64,0.016837,18201.83,122689.338
688228,2026-02-05,171.65,-0.013449,17521.97,300201.035
688229,2026-02-05,80.35,0.085811,46659.18,362304.368
688230,2026-02-05,72.72,-0.009669,11860.83,85279.703
688231,2026-02-05,30.9,0.016447,52130.7,159739.937
688232,2026-02-05,28.5,0.0031680000000000002,27001.7,77474.354
688233,2026-02-05,90.26,-0.026320999999999997,58188.99,522049.539
688234,2026-02-05,93.58,0.027448,105225.55,970754.618
688235,2026-02-05,275.6,-0.007312,19800.4,545405.887
688236,2026-02-05,23.13,0.0043419999999999995,12682.08,29372.971
688237,2026-02-05,47.61,0.002105,5749.73,27481.063
688238,2026-02-05,6.97,-0.015537,64884.11,45559.581
688239,2026-02-05,67.7,-0.007331,55336.67,378048.607
688244,2026-02-05,22.31,-0.020202,13853.25,31071.198
688246,2026-02-05,24.5,-0.004874,28048.1,68713.345
688247,2026-02-05,10.36,-0.000964,20659.66,21523.147
688248,2026-02-05,50.12,-0.033738000000000004,31603.62,160180.166
688249,2026-02-05,34.37,-0.033736,252756.22,872581.117
688251,2026-02-05,26.05,-0.003443,13063.59,34099.458
688252,2026-02-05,22.48,-0.004429,52557.21,117600.014
688253,2026-02-05,35.21,-0.004805,5717.11,20150.868
688255,2026-02-05,33.94,-0.015661,18675.9,64115.708
688256,2026-02-05,1058.33,-0.009054,79421.15,8357564.076
688257,2026-02-05,49.3,-0.025884,36982.97,183325.837
688258,2026-02-05,132.15,-0.001134,48874.52,642464.534
688259,2026-02-05,42.43,-0.015087999999999999,15585.31,66338.41
688260,2026-02-05,29.18,-0.006807,22225.99,65137.458
688261,2026-02-05,89.75,-0.013736,33544.42,300357.731
688262,2026-02-05,40.1,0.11296099999999999,394333.93,1509546.807
688265,2026-02-05,45.73,-0.015924,6804.86,31293.501
688266,2026-02-05,90.5,0.002215,22116.13,199552.614
688267,2026-02-05,28.53,-0.003841,22052.1,63234.994
688268,2026-02-05,61.69,-0.017519,21042.15,129747.167
688269,2026-02-05,43.11,-0.039439,25193.88,109278.824
688270,2026-02-05,189.0,0.021622,165165.12,3148452.204
688271,2026-02-05,129.41,-0.004155,43030.04,558780.798
688272,2026-02-05,30.44,-0.001967,12470.85,37881.446
688273,2026-02-05,44.19,0.004318,12643.79,55719.544
688275,2026-02-05,78.45,-0.001908,47440.12,376213.773
688276,2026-02-05,20.01,-0.00299,17398.82,34964.232
688277,2026-02-05,24.63,0.026678,215460.85,531189.239
688278,2026-02-05,69.77,-0.040698,42711.56,297375.072
688279,2026-02-05,189.48,0.002169,7262.18,136980.299
688280,2026-02-05,10.11,-0.032536,282647.88,288643.112
688281,2026-02-05,96.04,-0.042473000000000004,24463.21,237522.144
688282,2026-02-05,73.7,0.026177000000000002,19348.45,142154.416
688283,2026-02-05,49.05,0.018692,12741.39,62235.798
688285,2026-02-05,9.55,-0.018499,29936.49,28845.023
688286,2026-02-05,75.58,0.002121,12196.38,92030.255
688287,2026-02-05,5.36,-0.016514,31077.33,16718.417
688288,2026-02-05,27.33,0.030932,20931.1,56624.119
688289,2026-02-05,20.0,0.0005,62748.65,125944.081
688290,2026-02-05,52.46,-0.029597000000000002,12751.69,67347.946
688291,2026-02-05,44.87,0.002458,17593.36,79383.502
688292,2026-02-05,27.75,-0.026657,45439.52,127346.078
688293,2026-02-05,52.42,0.041319,15677.89,81345.908
688295,2026-02-05,31.41,-0.010397,46855.1,147651.718
688296,2026-02-05,16.03,0.012634000000000001,15924.97,25562.043
688297,2026-02-05,48.76,-0.005101,53903.85,263998.61
688298,2026-02-05,24.27,-0.0024660000000000003,18642.71,45329.946
688299,2026-02-05,19.54,0.009819,76537.78,150203.011
688300,2026-02-05,59.85,-0.029668999999999997,39595.31,237386.355
688301,2026-02-05,121.6,0.0042120000000000005,36783.89,450078.292
688302,2026-02-05,46.01,0.002833,8022.7,36759.718
688303,2026-02-05,23.65,-0.08297800000000001,296552.4,716737.391
688305,2026-02-05,58.75,-0.015913,15458.04,91153.429
688306,2026-02-05,10.37,-0.025376,79875.13,83404.31
688307,2026-02-05,46.84,-0.007837,14325.84,67407.308
688308,2026-02-05,47.01,-0.032517,64767.25,308981.686
688309,2026-02-05,31.65,-0.008459,30563.96,96574.177
688310,2026-02-05,16.75,0.000597,22064.7,37096.261
688311,2026-02-05,44.91,-0.002,41173.25,185794.555
688312,2026-02-05,45.6,-0.021669,118240.44,536055.804
688313,2026-02-05,79.15,-0.064531,215510.55,1734273.967
688314,2026-02-05,38.62,0.005729,10984.08,42552.287
688315,2026-02-05,15.55,-0.023241,35364.83,55369.251
688316,2026-02-05,72.94,0.009131,38589.71,283233.936
688317,2026-02-05,21.48,-0.006935,30341.54,65489.318
688318,2026-02-05,132.19,-0.009812999999999999,21503.65,285074.845
688319,2026-02-05,24.0,0.016088,38384.24,91820.478
688320,2026-02-05,34.5,-0.024597,18570.51,64573.301
688321,2026-02-05,31.11,-0.010811,66966.73,208663.023
688322,2026-02-05,89.06,-0.020565000000000003,41553.19,369876.448
688323,2026-02-05,25.42,-0.081647,110500.26,285775.616
688325,2026-02-05,97.99,-0.018628,8340.39,81800.224
688326,2026-02-05,138.45,-0.061482999999999996,32998.1,463493.313
688327,2026-02-05,14.99,-0.028516,251278.51,378550.48
688328,2026-02-05,32.4,-0.012797000000000001,23493.39,76459.196
688329,2026-02-05,25.39,0.0035570000000000003,15440.95,39307.458
688330,2026-02-05,44.09,-0.038386,42006.02,186483.011
688331,2026-02-05,100.2,-0.025292,56861.22,568265.582
688332,2026-02-05,131.83,-0.03116,13547.57,179596.122
688333,2026-02-05,104.66,-0.014779,64375.2,677398.797
688334,2026-02-05,23.76,-0.042706999999999995,70797.14,170389.377
688335,2026-02-05,39.4,-0.06855800000000001,63259.91,254500.774
688336,2026-02-05,58.75,-0.006762000000000001,27205.1,159981.167
688337,2026-02-05,37.79,-0.019459999999999998,13424.98,50788.322
688338,2026-02-05,32.91,0.024914000000000002,54702.78,174939.224
688339,2026-02-05,32.1,-0.03777,65664.54,212069.263
688343,2026-02-05,78.27,-0.039514,108051.88,843841.834
688345,2026-02-05,35.07,-0.015441,7517.33,26543.033
688347,2026-02-05,130.99,-0.020928,136403.27,1770850.017
688348,2026-02-05,54.9,-0.046544,60633.09,345079.598
688349,2026-02-05,27.67,-0.012139,34656.86,96006.142
688350,2026-02-05,31.79,0.002839,72952.34,229238.466
688351,2026-02-05,23.49,0.009021,30843.77,72040.351
688352,2026-02-05,14.03,-0.016129,124139.69,174233.61
688353,2026-02-05,98.5,-0.034219,36341.61,360237.148
688355,2026-02-05,20.13,-0.00935,11249.1,22754.202
688356,2026-02-05,94.55,-0.004422,5311.19,49932.074
688357,2026-02-05,33.2,-0.022667000000000003,12548.91,42224.3
688358,2026-02-05,35.6,-0.00946,9474.94,33887.871
688359,2026-02-05,75.49,-0.025684,26499.83,200465.848
688360,2026-02-05,19.31,-0.017303,19088.86,36962.592
688361,2026-02-05,190.62,0.01664,53669.0,1005604.558
688362,2026-02-05,44.03,0.0052510000000000005,137156.48,590050.763
688363,2026-02-05,50.98,0.044672,137643.47,706655.702
688365,2026-02-05,26.6,-0.00037600000000000003,222289.53,584804.356
688366,2026-02-05,47.44,0.022193,18176.5,86867.634
688367,2026-02-05,37.75,-0.018205,39945.58,149484.972
688368,2026-02-05,151.7,0.024654,21458.25,320415.201
688369,2026-02-05,26.43,-0.0056430000000000004,38107.88,101387.49
688370,2026-02-05,30.11,0.000665,10465.91,31383.524
688371,2026-02-05,20.41,0.011397,24288.83,49666.733
688372,2026-02-05,119.64,-0.029998,50500.63,600228.15
688373,2026-02-05,6.26,0.0,49225.45,30853.626
688375,2026-02-05,121.0,-0.026234999999999998,47277.99,577360.367
688376,2026-02-05,64.05,-0.006977,19984.25,127480.758
688377,2026-02-05,39.89,-0.0027500000000000003,20617.47,82338.572
688378,2026-02-05,37.51,-0.034491999999999995,73643.39,280443.688
688379,2026-02-05,50.08,-0.029645,14951.62,75133.86
688380,2026-02-05,52.78,0.027848,243580.86,1253662.892
688381,2026-02-05,23.41,-0.019271,28326.64,66682.779
688382,2026-02-05,23.03,0.010088,111493.43,255694.913
688383,2026-02-05,71.58,-0.008862,7814.62,55734.865
688385,2026-02-05,77.11,-0.009887,72832.69,559816.32
688386,2026-02-05,91.39,0.023519,16706.4,152688.023
688387,2026-02-05,16.67,0.0,1089174.94,1843665.186
688388,2026-02-05,41.71,-0.024784,107264.34,450931.315
688389,2026-02-05,13.78,0.0,28764.34,39677.598
688390,2026-02-05,81.01,-0.052515,79118.9,648754.197
688391,2026-02-05,32.45,-0.0039900000000000005,10261.99,33217.646
688392,2026-02-05,131.96,0.006483,20686.44,270087.11
688393,2026-02-05,27.79,-0.005013,15220.55,42385.856
688395,2026-02-05,26.58,-0.001503,6799.85,18155.213
688396,2026-02-05,59.84,0.010469,130889.94,771522.342
688398,2026-02-05,23.04,-0.00604,24285.87,55830.219
688399,2026-02-05,70.45,-0.014134,12278.0,87456.53
688400,2026-02-05,42.46,-0.043694,99514.01,425837.33
688401,2026-02-05,50.24,-0.024655,27323.64,137116.835
688403,2026-02-05,19.1,-0.011899,237952.82,448259.161
688408,2026-02-05,46.6,-0.031588,89717.52,414315.822
688409,2026-02-05,91.6,-0.021994,74720.94,675638.532
688410,2026-02-05,17.13,0.001754,52717.39,90461.025
688411,2026-02-05,221.34,-0.024933999999999998,25056.29,555819.771
688416,2026-02-05,110.21,0.039716999999999995,52415.69,565352.938
688418,2026-02-05,45.54,0.000659,134773.36,624765.945
688419,2026-02-05,43.4,0.013782,30673.76,131093.058
688420,2026-02-05,27.2,-0.000735,7340.55,20027.545
688425,2026-02-05,5.28,-0.013084,243769.44,128709.266
688426,2026-02-05,25.73,-0.000777,10692.31,27522.195
688428,2026-02-05,21.81,0.013947000000000001,97052.23,212059.641
688429,2026-02-05,16.8,-0.09385099999999999,139487.01,238180.005
688432,2026-02-05,13.52,-0.030129000000000003,99129.46,133923.261
688433,2026-02-05,84.23,-0.054233,55656.16,477907.24
688435,2026-02-05,54.78,-0.036412,25129.52,138580.1
688439,2026-02-05,60.13,-0.010043,23820.63,143409.096
688443,2026-02-05,27.92,-0.004989,16813.19,47050.167
688448,2026-02-05,66.77,-0.013153999999999999,22096.37,148942.286
688449,2026-02-05,49.9,-0.018103,65273.94,323721.455
688450,2026-02-05,30.25,0.00365,7200.99,21824.657
688455,2026-02-05,23.02,-0.022090000000000002,17600.17,41085.494
688456,2026-02-05,59.47,0.005410000000000001,47326.34,282586.296
688458,2026-02-05,41.1,-0.023289,20347.92,83973.33
688459,2026-02-05,9.98,-0.003992,16750.24,16699.026
688466,2026-02-05,17.92,-0.001115,11431.57,20531.155
688468,2026-02-05,7.86,-0.006321,33972.86,26884.698
688469,2026-02-05,7.21,-0.017710999999999998,1257023.93,901940.255
688472,2026-02-05,15.37,-0.079089,898208.97,1405191.665
688475,2026-02-05,30.52,0.002299,30656.69,93310.403
688478,2026-02-05,37.2,-0.016393,27859.55,104362.856
688479,2026-02-05,22.36,-0.002231,13501.06,30280.833
688480,2026-02-05,77.41,-0.044321,24698.99,191002.355
688484,2026-02-05,41.91,-0.004513,59516.42,247616.091
688485,2026-02-05,22.94,-0.039363,33679.53,77852.009
688486,2026-02-05,74.06,-0.025398,18167.78,135080.35
688488,2026-02-05,17.23,0.029271,84149.46,142326.012
688489,2026-02-05,42.04,-0.003319,4835.28,20352.475
688496,2026-02-05,6.24,-0.051672,87358.92,54817.008
688498,2026-02-05,748.49,-0.06833499999999999,38204.74,2896957.078
688499,2026-02-05,60.0,-0.020728,39655.27,240101.636
688500,2026-02-05,59.57,-0.009643,10397.88,62049.592
688501,2026-02-05,25.81,-0.016762,20544.79,53277.506
688502,2026-02-05,353.52,-0.036309999999999995,9284.61,328906.394
688503,2026-02-05,74.89,-0.044283,103144.34,771478.507
688505,2026-02-05,8.6,0.002331,31780.44,27346.432
688506,2026-02-05,282.83,0.028697,20064.19,565457.025
688507,2026-02-05,99.05,-0.023656999999999997,14984.87,149250.217
688508,2026-02-05,69.35,0.019403,74526.75,505741.889
688509,2026-02-05,5.05,-0.003945000000000001,168325.96,86810.375
688510,2026-02-05,40.04,-0.0037319999999999996,101497.62,409339.813
688511,2026-02-05,27.0,-0.043909000000000004,19985.69,54551.959
688512,2026-02-05,11.49,-0.009483,64303.01,73893.166
688513,2026-02-05,69.7,0.024849,35794.32,248647.146
688515,2026-02-05,112.85,0.004004,14107.66,159523.534
688516,2026-02-05,108.98,-0.072826,279893.31,3004092.234
688517,2026-02-05,17.62,-0.029736,41703.46,73983.175
688518,2026-02-05,29.4,-0.0033900000000000002,78367.6,230553.175
688519,2026-02-05,78.13,0.003855,43497.28,341445.989
688520,2026-02-05,39.73,-0.004261,17388.75,69376.012
688521,2026-02-05,204.55,-0.07191499999999999,165773.57,3436036.936
688522,2026-02-05,41.78,-0.007601,37272.49,156353.347
688523,2026-02-05,61.0,-0.028197999999999997,64979.36,399966.733
688525,2026-02-05,162.8,-0.033828,171035.35,2776816.745
688526,2026-02-05,16.37,0.007385,30611.31,50253.906
688528,2026-02-05,11.76,0.005128000000000001,16773.17,19764.382
688529,2026-02-05,19.11,-0.013932,10758.13,20688.007
688530,2026-02-05,25.6,0.001957,124867.2,314911.927
688531,2026-02-05,70.2,-0.017357,20660.78,144673.759
688533,2026-02-05,32.75,-0.044074999999999996,36092.73,119345.012
688535,2026-02-05,118.25,-0.031928,31704.78,372293.877
688536,2026-02-05,188.64,0.020724,49041.49,902951.115
688538,2026-02-05,2.6,-0.007633999999999999,616675.39,160746.048
688539,2026-02-05,45.98,-0.002603,44322.5,204724.75
688543,2026-02-05,63.84,-0.017846,47029.73,302155.467
688545,2026-02-05,50.58,-0.0037419999999999997,61763.13,304268.912
688548,2026-02-05,20.22,0.002976,188929.17,375985.749
688549,2026-02-05,8.96,-0.017544,192051.83,171977.789
688550,2026-02-05,44.96,-0.028312,47848.47,215333.782
688551,2026-02-05,38.01,-0.043533,14153.13,54584.31
688552,2026-02-05,43.53,0.024718,80675.59,356689.001
688553,2026-02-05,19.29,0.005211,32152.06,61928.126
688556,2026-02-05,14.2,-0.09323100000000001,762299.17,1093339.239
688557,2026-02-05,39.4,-0.022090000000000002,11957.67,47376.33
688558,2026-02-05,31.53,-0.015609999999999999,7900.96,25040.601
688559,2026-02-05,55.84,-0.046936,80048.6,450907.06
688560,2026-02-05,19.87,-0.09228,111691.28,225161.301
688561,2026-02-05,34.56,-0.014261,62963.48,218133.221
688562,2026-02-05,22.18,-0.025483,63525.36,142583.192
688563,2026-02-05,73.23,0.040199,74760.47,544155.796
688565,2026-02-05,13.14,0.0,23581.52,31021.914
688566,2026-02-05,28.18,0.0032040000000000003,17952.87,50364.933
688567,2026-02-05,14.24,-0.016575,97907.28,139451.561
688568,2026-02-05,67.5,-0.034197000000000005,167090.89,1137850.685
688569,2026-02-05,20.81,-0.014678,15901.61,33279.209
688570,2026-02-05,18.93,-0.009419,8420.45,16001.332
688571,2026-02-05,7.86,-0.0025380000000000003,31784.78,25051.726
688573,2026-02-05,22.8,-0.014693000000000001,17397.99,40154.63
688575,2026-02-05,14.53,-0.0013750000000000001,30068.48,43791.792
688576,2026-02-05,86.0,0.102423,20002.37,166899.089
688577,2026-02-05,73.26,-0.009866,9207.51,67439.905
688578,2026-02-05,98.07,-0.005476,26354.61,258915.157
688579,2026-02-05,11.77,-0.003387,30658.48,36236.793
688580,2026-02-05,56.31,-0.015732,21811.14,124333.246
688581,2026-02-05,61.4,0.0050739999999999995,5015.65,30772.779
688582,2026-02-05,64.28,0.001558,47414.05,305198.515
688583,2026-02-05,158.32,-0.011056,37232.46,591504.664
688584,2026-02-05,22.89,-0.01506,30432.47,69622.526
688585,2026-02-05,142.88,0.001964,27509.93,383661.583
688586,2026-02-05,16.52,0.015366,281743.91,461573.828
688588,2026-02-05,14.22,-0.007676,25954.94,37004.57
688589,2026-02-05,24.45,0.0016389999999999998,39725.64,96766.683
688590,2026-02-05,17.28,-0.023177,68341.79,119000.091
688591,2026-02-05,42.35,-0.008893,40573.59,171604.772
688592,2026-02-05,50.0,0.012145999999999999,31521.86,157699.625
688593,2026-02-05,25.16,-0.017955000000000002,116458.78,293835.887
688595,2026-02-05,39.06,0.030879,57742.58,218072.439
688596,2026-02-05,32.78,-0.012353000000000001,65797.85,214502.187
688597,2026-02-05,9.32,-0.036194000000000004,64524.58,60480.898
688598,2026-02-05,26.7,-0.06708599999999999,96643.02,262297.849
688599,2026-02-05,20.46,-0.073789,1167302.36,2421079.818
688600,2026-02-05,27.07,0.026934999999999997,22624.82,61133.749
688601,2026-02-05,54.5,0.01452,76145.84,413193.412
688602,2026-02-05,8.42,-0.02093,85569.48,72442.037
688603,2026-02-05,72.94,-0.038365,37432.12,271769.729
688605,2026-02-05,67.35,0.011413,31086.49,206204.187
688606,2026-02-05,68.78,-0.01164,2046.27,14137.784
688607,2026-02-05,56.8,-0.017301,20293.85,115100.662
688608,2026-02-05,208.99,0.004905,22585.12,470682.147
688609,2026-02-05,8.9,-0.008909,67455.7,60235.917
688610,2026-02-05,80.33,-0.046528,15147.36,121897.723
688611,2026-02-05,59.86,-0.008612,8771.98,52662.044
688612,2026-02-05,31.0,0.01076,43806.58,135478.465
688613,2026-02-05,22.19,-0.006714,20068.35,44816.694
688615,2026-02-05,245.22,-0.020295999999999998,27700.98,684970.853
688616,2026-02-05,13.33,-0.011128,23675.83,31697.762
688617,2026-02-05,228.4,-0.011769,8012.52,183895.177
688618,2026-02-05,30.88,-0.020305,15839.19,49231.986
688619,2026-02-05,14.09,0.002847,17320.48,24397.874
688620,2026-02-05,11.48,-0.006919999999999999,48171.36,55407.767
688621,2026-02-05,65.55,0.004906,11735.91,76886.104
688622,2026-02-05,119.76,0.031702,26873.6,318579.204
688623,2026-02-05,101.45,-0.006366,2818.2,28596.36
688625,2026-02-05,72.6,0.06358,75648.52,539184.004
688626,2026-02-05,66.96,-0.009614000000000001,29550.5,199268.63
688627,2026-02-05,294.0,0.010308999999999999,52043.92,1482671.537
688628,2026-02-05,36.33,-0.018904,7365.44,26889.272
688629,2026-02-05,88.34,-0.043939000000000006,98077.78,873506.41
688630,2026-02-05,166.82,-0.01395,46264.96,764137.761
688631,2026-02-05,67.7,-0.016274,13404.25,91276.368
688633,2026-02-05,25.21,-0.010985,8882.28,22604.631
688636,2026-02-05,48.03,0.014147,64063.98,308480.174
688638,2026-02-05,39.6,-0.0027700000000000003,6051.07,24225.636
688639,2026-02-05,36.88,0.011242,77060.27,284215.505
688646,2026-02-05,39.2,0.015807,10106.68,39660.119
688648,2026-02-05,60.8,0.009967,17826.33,108774.694
688651,2026-02-05,47.17,0.007906,11846.82,56134.188
688652,2026-02-05,119.95,0.00025,55242.12,651731.147
688653,2026-02-05,13.73,-0.007231,59985.46,82599.593
688655,2026-02-05,20.35,-0.00489,21353.72,43379.678
688656,2026-02-05,143.84,0.020938,6384.67,91853.529
688657,2026-02-05,56.4,-0.010526,7663.54,43474.072
688658,2026-02-05,22.04,0.008696,128895.2,287944.377
688659,2026-02-05,10.61,0.0,23122.33,24619.206
688660,2026-02-05,13.89,-0.024579,122697.44,170887.122
688661,2026-02-05,89.04,0.035349,55041.81,476830.083
688662,2026-02-05,51.65,-0.037637000000000004,30553.61,158085.475
688663,2026-02-05,54.16,-0.03372,28236.06,154481.665
688665,2026-02-05,51.12,-0.0017569999999999999,8941.33,45892.899
688667,2026-02-05,80.92,0.004593,11283.91,91043.041
688668,2026-02-05,163.0,-0.046058,50929.41,836839.599
688669,2026-02-05,25.42,-0.040755,19556.54,50443.149
688670,2026-02-05,20.03,-0.0044729999999999995,27917.16,56906.621
688671,2026-02-05,24.4,-0.008936,11233.48,27568.221
688676,2026-02-05,93.06,-0.103468,222331.25,2130435.591
688677,2026-02-05,50.02,0.06335,31397.64,154449.525
688678,2026-02-05,21.49,-0.038909,88593.25,191699.994
688679,2026-02-05,47.51,-0.007312999999999999,33106.33,156527.727
688680,2026-02-05,65.56,-0.102901,69267.68,457402.871
688681,2026-02-05,19.48,-0.0035809999999999995,14836.12,29035.377
688682,2026-02-05,49.72,0.000805,16982.71,84822.55
688683,2026-02-05,35.8,0.009873,8007.84,28353.25
688685,2026-02-05,48.9,-0.022000000000000002,17298.69,85169.194
688686,2026-02-05,117.7,-0.02275,6152.84,72801.924
688687,2026-02-05,21.86,0.000458,23550.51,51471.067
688689,2026-02-05,31.33,-0.002864,22226.67,68981.633
688690,2026-02-05,28.73,-0.002777,42926.84,122889.233
688691,2026-02-05,127.6,-0.033626,40018.01,512206.028
688692,2026-02-05,267.3,0.034003,17023.49,448257.976
688693,2026-02-05,39.68,-0.001761,13133.29,51933.433
688695,2026-02-05,28.47,-0.0017530000000000002,7174.07,20497.047
688696,2026-02-05,95.65,0.031267,21002.07,201792.577
688697,2026-02-05,15.25,-0.013583000000000001,26825.8,41072.665
688698,2026-02-05,89.03,-0.0020180000000000003,34867.74,309627.431
688699,2026-02-05,62.48,0.015934999999999998,51463.31,316632.679
688700,2026-02-05,39.32,-0.058655,101172.69,403211.522
688701,2026-02-05,10.51,-0.010358000000000001,23348.45,24756.776
688702,2026-02-05,137.8,-0.044913,41224.12,572386.132
688707,2026-02-05,13.98,-0.028492000000000003,57218.78,80660.336
688708,2026-02-05,61.72,-0.020316999999999998,12489.39,77389.43
688709,2026-02-05,47.5,0.004653,56881.31,269680.086
688710,2026-02-05,60.75,-0.028622,6809.62,42150.776
688711,2026-02-05,30.02,-0.016705,80081.28,237819.98
688712,2026-02-05,49.64,1.833333,281637.79,1409495.114
688716,2026-02-05,37.88,-0.025971,26024.01,99407.024
688717,2026-02-05,95.11,-0.046994,41470.43,399220.881
688718,2026-02-05,14.43,-0.004141000000000001,12366.27,17903.105
688719,2026-02-05,46.31,-0.047119,18947.35,88883.423
688720,2026-02-05,71.05,-0.004065,18579.89,130690.35
688721,2026-02-05,46.0,-0.023147,10456.45,48124.031
688722,2026-02-05,20.11,-0.0029749999999999998,47372.26,95422.837
688726,2026-02-05,66.66,-0.09797,253066.66,1695439.946
688727,2026-02-05,53.9,0.0044729999999999995,37633.29,201442.117
688728,2026-02-05,15.33,-0.010329,121526.56,185909.992
688729,2026-02-05,24.91,-0.012292,60037.62,149041.941
688733,2026-02-05,29.86,-0.045091,48453.31,145857.306
688737,2026-02-05,27.53,-0.019936,18101.59,50093.821
688739,2026-02-05,25.89,0.003877,22914.06,59433.682
688750,2026-02-05,19.18,-0.01641,49367.08,95031.977
688755,2026-02-05,40.31,-0.005428,2225.99,9004.385
688757,2026-02-05,30.7,0.0065569999999999995,25593.46,78654.096
688758,2026-02-05,18.87,0.001061,30052.06,56932.766
688759,2026-02-05,44.8,0.101008,94826.77,406323.458
688765,2026-02-05,72.81,-0.004784,10716.48,78653.977
688766,2026-02-05,272.25,-0.037612,55183.65,1499908.827
688767,2026-02-05,36.03,0.018372,29808.45,107127.141
688768,2026-02-05,65.46,0.006922,19437.84,125527.5
688772,2026-02-05,19.0,-0.010931999999999999,198379.17,377265.837
688775,2026-02-05,218.0,-0.004566,8152.86,177677.997
688776,2026-02-05,113.5,-0.013815,26602.11,301845.285
688777,2026-02-05,90.88,0.016555,368612.7,3295164.266
688778,2026-02-05,82.69,-0.020957,36579.38,303393.656
688779,2026-02-05,9.67,-0.024218000000000003,346171.05,335386.798
688783,2026-02-05,24.9,-0.011120000000000001,57669.78,143680.795
688785,2026-02-05,365.0,0.019553,28216.43,990365.466
688786,2026-02-05,30.4,-0.022822,18085.65,55384.296
688787,2026-02-05,138.0,-0.010256000000000001,17304.34,239268.89
688788,2026-02-05,69.75,-0.014831,15486.11,107910.668
688789,2026-02-05,77.5,0.005318000000000001,7900.28,61263.014
688790,2026-02-05,147.3,-0.016558,4801.33,71015.127
688793,2026-02-05,22.97,0.007456000000000001,14497.33,33452.304
688795,2026-02-05,534.58,-0.017081,12779.22,684341.01
688796,2026-02-05,72.83,0.036726,24966.22,180049.577
688798,2026-02-05,75.46,-0.018726,26501.08,200030.115
688799,2026-02-05,47.28,-0.01582,25116.68,118263.225
688800,2026-02-05,79.7,-0.030414,49429.26,398182.224
688802,2026-02-05,491.96,-0.025821999999999998,9688.14,479432.817
688805,2026-02-05,44.36,-0.015316000000000001,15699.68,70189.952
688807,2026-02-05,191.92,-0.016803,11904.26,229634.366
688809,2026-02-05,336.7,-0.0016309999999999999,32604.48,1096989.526
688819,2026-02-05,34.25,-0.002621,26111.47,89120.538
688981,2026-02-05,111.8,-0.026472000000000002,446447.65,4982588.635
689009,2026-02-05,52.54,0.047031,141710.45,732921.61
920000,2026-02-05,18.67,-0.010074000000000001,6212.51,11675.973
920001,2026-02-05,17.96,-0.006087,9173.53,16534.616
920002,2026-02-05,101.3,-0.017745,4900.8,50122.584
920003,2026-02-05,32.5,-0.007027,3214.62,10475.627
920005,2026-02-05,41.72,-0.014178,3615.26,15203.848
920006,2026-02-05,26.22,-0.008696,9165.58,24270.932
920007,2026-02-05,71.74,-0.047278,10344.54,74892.444
920008,2026-02-05,30.27,-0.014648000000000001,5894.06,17911.929
920009,2026-02-05,77.29,-0.027676,4426.98,34545.47
920010,2026-02-05,10.93,-0.043745000000000006,76594.85,84580.905
920014,2026-02-05,13.33,-0.030545,72248.01,96728.532
920015,2026-02-05,49.22,-0.009857,8641.57,42708.897
920016,2026-02-05,20.5,-0.004371,15786.1,32906.649
920017,2026-02-05,18.83,-0.006332,12521.65,23756.105
920018,2026-02-05,31.88,-0.038601,41376.18,132691.428
920019,2026-02-05,23.33,-0.014363999999999998,65849.84,152976.011
920020,2026-02-05,17.34,-0.017564,10416.08,18201.557
920021,2026-02-05,13.33,0.020674,559006.03,752014.335
920022,2026-02-05,30.07,-0.016999,5251.99,15812.042
920023,2026-02-05,4.53,-0.006579000000000001,97162.13,44182.494
920026,2026-02-05,37.29,-0.015576000000000001,6594.27,24703.438
920027,2026-02-05,21.91,-0.010835,5632.69,12375.68
920029,2026-02-05,87.95,-0.0033989999999999997,5000.99,44011.151
920030,2026-02-05,6.6,-0.017857,19291.88,12816.436
920033,2026-02-05,17.1,-0.033352,14983.53,26114.891
920035,2026-02-05,38.4,-0.020408,3098.99,12032.771
920037,2026-02-05,80.2,-0.034317,18862.86,152909.512
920039,2026-02-05,11.53,-0.016212,8965.14,10450.194
920045,2026-02-05,350.52,-0.047759,14810.6,520383.305
920046,2026-02-05,26.31,-0.065364,120535.37,323703.162
920047,2026-02-05,22.78,-0.008702999999999999,13750.73,31556.062
920050,2026-02-05,36.66,-0.013455,6323.41,23262.02
920056,2026-02-05,27.04,-0.058496,29074.61,79758.24
920057,2026-02-05,6.83,-0.018678,13348.95,9210.353
920058,2026-02-05,32.05,-0.008047,1579.91,5089.694
920060,2026-02-05,32.02,-0.009589,15219.72,48880.375
920061,2026-02-05,29.3,-0.032365,9190.06,27271.581
920062,2026-02-05,11.43,-0.048293,97724.27,114194.656
920066,2026-02-05,24.95,-0.014613000000000001,4089.28,10272.604
920068,2026-02-05,18.6,-0.024134000000000003,21848.09,41022.569
920075,2026-02-05,26.78,-0.013265,8348.48,22518.566
920076,2026-02-05,24.27,-0.03499,18569.78,45701.389
920077,2026-02-05,17.2,-0.049198000000000006,94623.25,166554.176
920080,2026-02-05,27.41,-0.009396,3647.51,10046.881
920082,2026-02-05,17.48,-0.01963,8938.43,15757.322
920086,2026-02-05,35.66,-0.037517,27940.3,101021.713
920087,2026-02-05,17.82,-0.100908,168393.53,308201.009
920088,2026-02-05,43.59,-0.069981,75393.93,338252.73
920089,2026-02-05,20.16,-0.007873999999999999,13953.0,28385.279
920090,2026-02-05,6.92,-0.01983,59382.63,41510.698
920091,2026-02-05,76.53,0.018363,20262.12,158055.554
920092,2026-02-05,38.38,-0.014128,9124.26,35495.16
920098,2026-02-05,29.99,-0.018652,17375.33,52830.475
920099,2026-02-05,33.5,-0.016730000000000002,9704.84,32790.35
920100,2026-02-05,64.3,-0.01892,4996.71,32318.773
920101,2026-02-05,41.7,-0.029104,11725.61,49221.449
920106,2026-02-05,74.64,-0.022141,4113.85,30842.724
920108,2026-02-05,12.98,-0.02259,9236.94,12129.768
920110,2026-02-05,37.27,-0.0174,2146.37,8040.199
920111,2026-02-05,23.88,-0.019704,11820.81,28493.343
920112,2026-02-05,37.93,-0.002105,1571.51,5965.982
920116,2026-02-05,111.2,-0.019573,24729.39,274724.123
920118,2026-02-05,23.39,-0.020519,3624.78,8552.39
920119,2026-02-05,104.22,-0.026072,18640.46,196340.265
920121,2026-02-05,42.32,-0.010521,2697.69,11461.646
920122,2026-02-05,33.92,-0.006444,7350.88,25153.862
920123,2026-02-05,15.98,0.065333,70373.74,112650.859
920124,2026-02-05,18.55,-0.001077,16161.36,29859.747
920128,2026-02-05,27.61,-0.009684,4980.7,13873.426
920130,2026-02-05,23.95,-0.013590999999999999,10641.82,25738.213
920132,2026-02-05,16.83,-0.019231,15096.51,25880.362
920139,2026-02-05,21.32,-0.010214,34356.13,73555.69
920145,2026-02-05,17.16,0.006452,11109.12,19145.49
920146,2026-02-05,8.3,-0.004796,9886.08,8234.412
920149,2026-02-05,12.07,-0.021086999999999998,7172.58,8732.655
920152,2026-02-05,23.58,-0.013389,6782.8,16083.043
920158,2026-02-05,15.94,-0.022086,19951.38,32121.656
920159,2026-02-05,41.32,-0.031410999999999994,27961.8,116302.64
920160,2026-02-05,25.52,-0.020721,12485.83,32107.368
920163,2026-02-05,16.1,0.001867,16985.93,27582.563
920167,2026-02-05,19.0,-0.06862700000000001,41478.16,79971.446
920169,2026-02-05,40.97,0.034596,78692.53,319957.031
920171,2026-02-05,21.82,-0.012223,21692.46,47824.128
920174,2026-02-05,47.14,0.004689,36883.29,178505.9
920175,2026-02-05,11.26,-0.014011000000000001,9707.97,11015.012
920184,2026-02-05,19.51,-0.011651,28925.66,56457.583
920185,2026-02-05,30.58,-0.01482,36229.54,111412.582
920190,2026-02-05,25.96,-0.026622,14054.67,36876.348
920195,2026-02-05,21.11,-0.018595999999999998,8242.24,17529.553
920198,2026-02-05,10.01,-0.01087,18529.65,18688.995
920199,2026-02-05,42.6,0.020604,28196.67,117882.61
920204,2026-02-05,17.5,-0.006246000000000001,5503.08,9678.658
920207,2026-02-05,28.95,-0.010256000000000001,34692.62,101521.98
920208,2026-02-05,24.96,-0.015385,9893.05,24869.788
920212,2026-02-05,13.6,-0.011628000000000001,6108.87,8343.036
920221,2026-02-05,16.27,-0.003674,5178.98,8445.622
920223,2026-02-05,19.94,0.01631,42019.34,85312.263
920225,2026-02-05,30.01,-0.025649,14710.97,44958.82
920227,2026-02-05,79.1,-0.017025,12478.78,100068.672
920230,2026-02-05,13.05,-0.004577,10111.56,13349.484
920237,2026-02-05,23.8,-0.009159,7604.21,18267.221
920239,2026-02-05,31.54,-0.01345,10962.94,34828.354
920242,2026-02-05,28.5,-0.002799,2666.38,7584.503
920245,2026-02-05,27.89,-0.009588,2205.48,6196.505
920247,2026-02-05,24.62,-0.018733,11008.48,27321.671
920249,2026-02-05,13.5,-0.023155000000000002,43160.41,58639.712
920252,2026-02-05,29.47,-0.038499,24408.83,73231.342
920260,2026-02-05,11.31,-0.003524,8268.28,9342.579
920261,2026-02-05,17.39,0.011047,56201.41,97541.954
920262,2026-02-05,25.96,0.042989,23016.32,58973.581
920263,2026-02-05,12.73,-0.020769000000000003,10118.16,12989.785
920266,2026-02-05,9.16,-0.007584,9158.4,8423.964
920267,2026-02-05,23.02,-0.00904,2742.94,6312.803
920270,2026-02-05,18.17,-0.023643,12050.79,22086.068
920271,2026-02-05,16.31,-0.008511,3689.2,6054.023
920273,2026-02-05,32.7,0.0033750000000000004,20082.66,66572.906
920274,2026-02-05,27.33,-0.00582,14855.1,41020.82
920275,2026-02-05,8.86,-0.017738,12095.02,10831.552
920278,2026-02-05,9.37,-0.007415000000000001,13287.05,12489.764
920284,2026-02-05,37.3,0.0,33376.89,126576.124
920299,2026-02-05,24.15,-0.062136,46021.86,112935.531
920300,2026-02-05,14.54,-0.022192,9592.73,14167.263
920304,2026-02-05,13.35,-0.031204999999999997,34668.09,46957.315
920339,2026-02-05,9.83,-0.006067,8447.73,8315.338
920344,2026-02-05,23.67,-0.009209,6826.5,16301.259
920346,2026-02-05,24.15,-0.00699,4342.35,10523.618
920351,2026-02-05,21.25,-0.016659,7940.59,16994.281
920357,2026-02-05,23.34,-0.015189999999999999,7104.21,16705.934
920363,2026-02-05,18.72,-0.021432000000000003,10418.31,19650.897
920367,2026-02-05,22.2,-0.033943,17042.21,38336.809
920368,2026-02-05,54.9,-0.123003,221281.5,1259085.593
920370,2026-02-05,4.11,-0.012019,24200.21,9988.371
920371,2026-02-05,11.57,0.008718,60355.17,70595.675
920374,2026-02-05,24.17,-0.005350000000000001,4088.93,9917.44
920375,2026-02-05,13.74,-0.033755,23549.81,32774.042
920378,2026-02-05,10.08,-0.007873999999999999,8612.72,8702.003
920392,2026-02-05,25.93,0.003483,11409.33,29748.385
920394,2026-02-05,56.51,-0.025858,16056.88,92395.104
920395,2026-02-05,11.62,-0.009378,5547.72,6484.693
920396,2026-02-05,33.77,-0.035143,18570.89,63598.746
920402,2026-02-05,10.27,-0.030217,51249.57,53120.976
920403,2026-02-05,23.28,-0.074722,54780.73,130961.262
920405,2026-02-05,26.06,-0.034815,16246.75,42751.528
920407,2026-02-05,22.94,-0.002609,4293.31,9879.335
920414,2026-02-05,16.93,-0.125065,142822.12,249237.571
920415,2026-02-05,14.33,-0.016472,16262.09,23509.128
920418,2026-02-05,27.13,-0.03726,29098.75,79870.594
920419,2026-02-05,15.51,0.0006450000000000001,9763.57,15277.724
920422,2026-02-05,13.13,-0.009804,25010.24,33308.721
920425,2026-02-05,24.82,0.048585,64517.21,158925.318
920427,2026-02-05,15.08,-0.041931,51272.65,77946.165
920429,2026-02-05,15.46,-0.0012920000000000002,16738.56,26088.957
920433,2026-02-05,5.92,-0.008375,11863.18,7057.521
920436,2026-02-05,16.86,-0.002957,5995.33,10103.818
920438,2026-02-05,53.45,-0.056154,90188.14,483810.103
920445,2026-02-05,11.58,0.012238,44070.03,51618.544
920454,2026-02-05,15.93,-0.008712,5858.13,9381.32
920455,2026-02-05,8.84,-0.021040999999999997,19481.93,17414.65
920469,2026-02-05,10.7,-0.012915000000000001,12268.52,13117.182
920471,2026-02-05,17.0,-0.055556,85870.06,152232.631
920475,2026-02-05,16.09,-0.030722999999999997,10058.31,16494.927
920476,2026-02-05,25.96,-0.00077,32401.43,85127.095
920478,2026-02-05,18.88,-0.014098999999999999,6113.04,11646.465
920489,2026-02-05,17.09,-0.020630000000000003,18371.14,31655.044
920491,2026-02-05,27.4,-0.024217,21446.92,59444.077
920493,2026-02-05,149.98,-0.009379,12411.3,187067.828
920496,2026-02-05,10.17,-0.027725,39706.58,40688.588
920504,2026-02-05,25.27,-0.020922,3068.11,7860.538
920505,2026-02-05,47.15,-0.035787,17485.12,83193.656
920508,2026-02-05,22.99,-0.013728,5659.21,13005.656
920509,2026-02-05,35.79,-0.00223,15135.61,54435.574
920510,2026-02-05,17.33,-0.029131999999999998,16607.12,29082.348
920519,2026-02-05,12.66,-0.017081,8113.73,10364.632
920522,2026-02-05,73.95,0.006122,51352.25,389937.563
920523,2026-02-05,26.11,-0.018421,8365.66,21934.312
920526,2026-02-05,23.35,-0.020964,8042.32,18954.448
920527,2026-02-05,17.61,-0.006768,3352.22,5942.5
920533,2026-02-05,27.73,-0.031436,14685.74,41144.041
920541,2026-02-05,13.51,-0.013869,8000.7,10890.935
920547,2026-02-05,25.41,0.021301999999999998,11171.15,28315.08
920553,2026-02-05,10.27,-0.020038,8898.24,9220.709
920556,2026-02-05,10.35,-0.030899,28740.97,30137.119
920564,2026-02-05,28.64,-0.023525,14579.24,41981.937
920566,2026-02-05,11.4,-0.012987,14496.18,16595.045
920570,2026-02-05,34.98,-0.037424,5894.95,20923.347
920571,2026-02-05,9.32,-0.015839000000000002,96255.84,90659.887
920575,2026-02-05,10.78,-0.026196999999999998,82993.03,91299.02
920576,2026-02-05,86.01,-0.06,38333.24,338090.901
920578,2026-02-05,24.09,-0.017136,5652.41,13762.956
920579,2026-02-05,23.51,-0.012185,8486.2,20057.777
920580,2026-02-05,15.1,-0.018205,16083.61,24405.315
920592,2026-02-05,38.6,0.007307,18563.47,72199.416
920593,2026-02-05,33.0,-0.023669,17531.08,58234.218
920599,2026-02-05,20.61,-0.028746,32415.61,67608.864
920608,2026-02-05,18.75,-0.023438,5529.67,10457.442
920627,2026-02-05,22.4,-0.036145000000000004,12929.25,29428.517
920634,2026-02-05,27.08,-0.039716,33026.28,90376.754
920639,2026-02-05,8.58,-0.027211,50107.8,43431.114
920640,2026-02-05,44.87,-0.039186,54774.36,247216.77
920641,2026-02-05,19.6,-0.024876,11797.96,23166.985
920642,2026-02-05,15.05,-0.011819,18120.92,27575.66
920651,2026-02-05,35.49,-0.072642,16671.25,60927.136
920656,2026-02-05,17.35,-0.004018,5652.67,9813.266
920662,2026-02-05,28.0,-0.010601000000000001,20307.67,57323.411
920663,2026-02-05,16.51,-0.025384000000000004,8365.46,13991.157
920665,2026-02-05,13.6,-0.032717,23657.57,32495.547
920670,2026-02-05,17.1,-0.017241,27883.41,48328.567
920675,2026-02-05,11.6,-0.02521,42976.51,51540.428
920679,2026-02-05,20.8,-0.009995,2236.27,4664.593
920682,2026-02-05,9.61,-0.03996,60852.24,59154.976
920685,2026-02-05,14.81,-0.0033650000000000004,7065.77,10512.516
920689,2026-02-05,30.28,-0.025426,12296.64,37664.572
920690,2026-02-05,32.4,-0.00978,4688.61,15230.005
920693,2026-02-05,37.25,-0.022566000000000003,6535.61,24575.069
920694,2026-02-05,19.6,-0.017544,5626.02,11079.809
920699,2026-02-05,51.11,0.012079,6628.59,33952.198
920701,2026-02-05,17.93,-0.016996,7211.3,12997.769
920703,2026-02-05,15.11,-0.014993000000000001,7495.1,11391.793
920706,2026-02-05,27.85,-0.044597,45894.47,130804.977
920717,2026-02-05,10.79,-0.003693,11539.02,12473.485
920718,2026-02-05,14.92,-0.011921,3290.64,4940.208
920719,2026-02-05,12.27,-0.021530999999999998,12620.42,15672.372
920720,2026-02-05,13.54,-0.020969,18069.21,24689.238
920725,2026-02-05,33.85,-0.048623,34013.31,116480.982
920726,2026-02-05,24.68,0.032636,97278.87,242169.168
920729,2026-02-05,9.33,-0.023037000000000002,40111.17,38174.738
920735,2026-02-05,34.82,0.0,17325.69,60912.086
920748,2026-02-05,47.27,0.125744,46510.58,220035.134
920751,2026-02-05,25.9,-0.046041,15005.47,39609.446
920753,2026-02-05,22.61,-0.009202,5896.9,13482.581
920765,2026-02-05,19.38,0.036918,31619.31,61582.295
920768,2026-02-05,13.19,-0.019331,26305.61,35032.751
920770,2026-02-05,18.9,-0.071253,85264.78,164142.143
920779,2026-02-05,34.02,-0.031597,6303.18,21700.789
920781,2026-02-05,9.0,-0.015317,12991.74,11778.824
920786,2026-02-05,10.79,0.0103,179765.62,195455.359
920790,2026-02-05,33.11,-0.003011,9118.12,30342.531
920792,2026-02-05,12.8,-0.025133000000000003,21577.61,27763.261
920799,2026-02-05,44.6,0.002698,30775.48,137702.409
920802,2026-02-05,15.76,-0.022333,4446.52,7076.527
920806,2026-02-05,13.47,-0.021786,19824.1,27138.969
920807,2026-02-05,14.93,-0.037395,35694.0,53887.12
920808,2026-02-05,74.18,-0.016963,11129.91,82982.651
920809,2026-02-05,6.95,-0.021126999999999996,94822.88,66255.544
920810,2026-02-05,12.8,-0.022900999999999998,12196.35,15691.822
920819,2026-02-05,3.94,-0.002532,59950.45,23633.694
920821,2026-02-05,24.36,-0.010158,7005.24,17157.45
920826,2026-02-05,13.56,0.012696,61223.83,84020.718
920832,2026-02-05,7.45,-0.019737,15012.96,11256.84
920833,2026-02-05,16.49,-0.011391,8491.78,14129.419
920834,2026-02-05,14.52,-0.033289,16461.19,24311.588
920837,2026-02-05,14.53,-0.020229,6926.92,10143.741
920839,2026-02-05,37.12,-0.025466000000000003,7382.82,27646.103
920855,2026-02-05,18.25,-0.01298,6563.59,12040.473
920856,2026-02-05,16.2,-0.022330000000000003,9599.36,15622.706
920857,2026-02-05,26.59,-0.0048649999999999995,12106.15,32154.733
920866,2026-02-05,8.46,-0.032037,27633.18,23773.78
920870,2026-02-05,17.45,-0.018008,8445.81,14850.017
920871,2026-02-05,14.92,-0.011266,8839.64,13242.869
920873,2026-02-05,7.92,-0.028221,22630.95,18106.277
920876,2026-02-05,26.59,-0.024578000000000003,11070.27,29816.177
920879,2026-02-05,21.11,-0.005183999999999999,5301.22,11198.497
920885,2026-02-05,23.78,-0.029388,43403.53,103920.205
920892,2026-02-05,17.15,-0.053532,21626.1,37786.736
920895,2026-02-05,19.76,-0.020327,9062.8,18053.06
920896,2026-02-05,20.07,-0.012789,8557.35,17295.546
920906,2026-02-05,27.15,-0.018083000000000002,6145.26,16807.546
920914,2026-02-05,28.6,-0.033457,17086.44,49392.083
920924,2026-02-05,24.52,0.036348,47257.63,116161.408
920925,2026-02-05,22.69,-0.000441,11561.5,26275.644
920926,2026-02-05,17.25,-0.014849000000000001,9767.66,17153.194
920931,2026-02-05,13.38,-0.011086,5753.37,7730.176
920932,2026-02-05,19.73,-0.029512999999999998,13696.93,27238.003
920942,2026-02-05,31.1,-0.015823,7711.11,24199.37
920943,2026-02-05,25.08,-0.024125,10258.32,25948.067
920946,2026-02-05,10.83,-0.006422,17289.34,18831.393
920950,2026-02-05,18.1,-0.015234000000000001,2641.45,4816.79
920953,2026-02-05,35.29,-0.01093,12493.22,44409.936
920957,2026-02-05,12.82,-0.029523,13360.4,17451.826
920961,2026-02-05,26.13,-0.026816,28082.34,74115.84
920964,2026-02-05,7.01,-0.039726,79280.48,56186.73
920970,2026-02-05,8.02,-0.01353,18322.54,14775.249
920971,2026-02-05,30.5,-0.033893,22477.99,69627.425
920974,2026-02-05,8.7,-0.04814,68263.03,60584.834
920976,2026-02-05,27.96,-0.057634,12120.99,34914.328
920978,2026-02-05,32.0,0.0028199999999999996,58189.32,189453.89
920981,2026-02-05,32.03,-0.008666,5975.91,19306.087
920982,2026-02-05,229.72,0.0318,16440.37,378588.147
920985,2026-02-05,8.75,-0.065171,169285.03,149080.153
920992,2026-02-05,17.17,0.0,19440.96,33099.966
