symbol,date,close,ret,vol,amount
000001,2026-08-05,11.25,-0.016608,1511509.93,1703942.51743
000002,2026-08-05,3.28,0.006135000000000001,1002436.9,326826.45702
000006,2026-08-05,6.79,0.013432999999999999,161646.01,109014.56791
000007,2026-08-05,9.55,0.029095,107023.62,102049.5906
000008,2026-08-05,2.42,-0.008197,287508.0,69786.573
000009,2026-08-05,7.64,-0.034134000000000005,686039.56,527018.79834
000010,2026-08-05,1.57,-0.024845000000000002,391781.51,61782.43252
000011,2026-08-05,8.13,0.01625,102750.0,83064.285
000012,2026-08-05,3.96,0.002532,282396.53,111035.89736
000014,2026-08-05,10.13,0.00297,56201.0,56737.038
000016,2026-08-05,2.62,0.015504,190678.0,49804.085
000017,2026-08-05,6.2,0.021417000000000002,95047.57,58522.70217
000019,2026-08-05,6.09,-0.003273,51157.18,31077.76314
000020,2026-08-05,10.92,0.006452,36679.0,39942.31
000021,2026-08-05,38.7,0.059113,1620704.57,6181916.47705
000025,2026-08-05,15.28,-0.016731,91192.06,139056.51885
000026,2026-08-05,17.08,0.045288,135618.69,226794.00845
000027,2026-08-05,6.44,-0.012270000000000001,251612.56,162318.9844
000028,2026-08-05,20.6,-0.011042000000000001,32455.33,66968.91903
000029,2026-08-05,22.06,0.022717,42520.76,92989.48736
000030,2026-08-05,4.29,-0.00464,86653.77,37181.59973
000031,2026-08-05,2.24,0.0,252688.0,56130.634
000032,2026-08-05,14.62,0.050287,530718.73,769406.81572
000034,2026-08-05,25.9,0.040160999999999995,620011.58,1610935.27473
000035,2026-08-05,5.17,0.02988,521349.13,269590.47282
000036,2026-08-05,4.18,0.019512,242671.66,100548.7335
000037,2026-08-05,10.11,0.00099,432929.08,434005.47942
000039,2026-08-05,8.68,0.009302,322305.93,278906.88238
000042,2026-08-05,8.31,0.009721,44907.0,37148.46
001914,2026-08-05,8.79,-0.017877,91086.37,80443.93935
000045,2026-08-05,9.98,0.013198000000000001,79217.92,78560.44356
000048,2026-08-05,21.17,0.068113,357442.88,743048.464
000049,2026-08-05,25.08,0.010475000000000002,93051.24,232784.91619
000050,2026-08-05,6.72,0.021277,361359.35,242042.62427
000055,2026-08-05,3.43,-0.0029070000000000003,91074.03,31200.02329
000056,2026-08-05,2.09,0.1,415452.49,83270.64647
000058,2026-08-05,6.91,-0.002886,83135.19,57338.78967
000059,2026-08-05,4.53,-0.004396,169257.0,76578.188
000060,2026-08-05,6.71,0.04031,2579494.57,1690438.38819
000061,2026-08-05,5.92,-0.021488,266420.3,158123.29558
000062,2026-08-05,23.27,0.029646,360806.36,832216.45234
000063,2026-08-05,34.74,0.010765,1660132.26,5759753.86679
000065,2026-08-05,9.29,0.005411,209044.41,194857.17495
000066,2026-08-05,14.72,0.029371,1450173.73,2119638.7261
000068,2026-08-05,2.88,0.0,113318.6,32556.4766
000069,2026-08-05,1.83,0.033898000000000005,529023.1,94623.40723
000070,2026-08-05,14.17,0.048853,789552.7,1098135.72027
000078,2026-08-05,1.69,0.011976,1007703.83,166298.86429
000088,2026-08-05,4.51,-0.006608,219697.7,98845.75064
000089,2026-08-05,6.62,-0.008982,141095.07,93737.04362
000090,2026-08-05,3.35,-0.005935,119399.04,39912.53894
000096,2026-08-05,7.72,-0.012787999999999999,73866.01,57051.01176
000099,2026-08-05,14.56,-0.007498,75092.39,109726.6623
000100,2026-08-05,4.87,0.020964,7469975.43,3612251.13922
000151,2026-08-05,9.98,0.004024,58935.27,58758.03626
000153,2026-08-05,5.51,-0.005415,71786.8,39537.3808
000155,2026-08-05,12.2,0.006601,430260.34,521647.51894
000156,2026-08-05,7.07,-0.01257,92455.01,65617.6951
000157,2026-08-05,7.29,-0.006812,600115.27,439420.40213
000158,2026-08-05,14.08,0.009319,567578.87,799092.24757
000159,2026-08-05,5.75,-0.012027000000000001,87374.16,50373.94312
000166,2026-08-05,4.64,-0.006424,800654.59,372352.94945
000301,2026-08-05,12.59,0.025244,299919.91,375009.31803
000333,2026-08-05,85.47,0.003876,291296.62,2473355.69813
000338,2026-08-05,30.22,0.055168,989649.15,2940341.96721
000400,2026-08-05,23.48,-0.014686999999999999,330161.17,770921.08427
000401,2026-08-05,3.63,-0.005479,72439.0,26197.93
000402,2026-08-05,2.49,0.004032,317829.8,78554.60519
000403,2026-08-05,10.5,0.0,86788.34,90821.2672
000404,2026-08-05,7.78,0.0012870000000000002,105437.05,82140.77179
000407,2026-08-05,4.03,-0.009828,178345.0,71766.969
000408,2026-08-05,86.57,0.06969,231472.52,1974672.78674
000409,2026-08-05,8.97,-0.003333,69519.33,62563.5917
000410,2026-08-05,4.92,0.0020369999999999997,147321.9,72419.27105
000411,2026-08-05,9.52,-0.008333,37752.4,36026.7416
000415,2026-08-05,4.58,0.022321,536277.0,244948.251
000417,2026-08-05,6.03,0.027256999999999997,430461.82,257236.03479
000419,2026-08-05,4.89,-0.002041,73776.0,36060.26
000420,2026-08-05,3.82,0.005263,407437.68,155416.95976
000421,2026-08-05,5.42,0.0,76322.65,41316.2273
000422,2026-08-05,13.47,0.012020999999999999,221393.82,296615.04698
000423,2026-08-05,54.25,-0.00641,86091.75,465408.12141
000425,2026-08-05,8.41,-0.003555,1168738.54,982096.17461
000426,2026-08-05,36.3,0.090745,973661.22,3420723.39917
000428,2026-08-05,4.1,0.025,882751.94,359895.31193
000429,2026-08-05,14.2,-0.009762999999999999,104174.0,147076.12512
000430,2026-08-05,6.57,0.0,64964.0,42589.405
000488,2026-08-05,1.95,-0.010152000000000001,69661.0,13581.014
000498,2026-08-05,5.06,-0.007843,107710.0,54586.81
000501,2026-08-05,7.17,-0.009669,59038.29,42427.41001
000503,2026-08-05,7.64,0.0013109999999999999,208268.37,160010.33199
000504,2026-08-05,8.11,0.0,66785.05,54001.4168
000505,2026-08-05,5.6,-0.007092,70211.01,39256.37658
000506,2026-08-05,15.62,0.053981,1189314.11,1815578.38504
000507,2026-08-05,4.99,0.0,81575.0,40570.536
000509,2026-08-05,3.16,0.029316,285825.5,88833.8125
000510,2026-08-05,16.12,0.100341,573388.1,901889.10888
000513,2026-08-05,30.37,-0.014601,72076.14,219370.11439
000514,2026-08-05,3.91,0.0025640000000000003,81418.01,31696.73089
000516,2026-08-05,4.25,-0.009324,187559.0,79772.924
000517,2026-08-05,2.14,0.028845999999999997,354519.0,74970.777
000518,2026-08-05,3.89,0.01039,420978.11,163651.13998
000519,2026-08-05,14.8,0.023513000000000003,515464.66,757254.37089
000520,2026-08-05,3.94,0.020724999999999997,184150.0,71965.1
000521,2026-08-05,4.98,-0.005988,88247.37,43937.73761
000523,2026-08-05,2.9,-0.006848999999999999,197979.76,57520.72214
000524,2026-08-05,9.37,-0.00213,80005.0,75031.993
000525,2026-08-05,4.6,-0.008621,234610.98,107646.11643
000526,2026-08-05,35.5,0.011396,52943.78,186258.53316
000528,2026-08-05,8.46,-0.004706,285582.0,242244.459
000529,2026-08-05,4.72,-0.006316,41457.41,19706.28755
000530,2026-08-05,5.02,0.0,124593.0,62440.649
000531,2026-08-05,5.98,-0.001669,112201.92,66919.32578
000532,2026-08-05,10.82,0.013108999999999999,55212.0,59423.69698
000533,2026-08-05,12.7,0.007937,2055295.87,2593626.68765
000534,2026-08-05,26.76,0.035203000000000005,177698.76,475693.21524
000536,2026-08-05,3.33,0.018349,609335.0,201594.945
000537,2026-08-05,7.75,-0.007682,202762.87,156664.79457
000538,2026-08-05,50.9,-0.015474000000000002,134073.0,682452.387
000539,2026-08-05,5.98,0.017007,947350.09,563259.88763
000541,2026-08-05,5.0,0.0,67638.81,33758.28538
000543,2026-08-05,7.94,-0.012438,280319.99,222419.97049
000544,2026-08-05,7.41,-0.002692,38182.0,28313.2751
000545,2026-08-05,2.56,0.007873999999999999,343184.34,87421.93236
000546,2026-08-05,4.73,0.051111000000000004,356925.52,167742.32488
000547,2026-08-05,15.39,0.021911999999999997,662995.18,1015377.63134
000548,2026-08-05,4.37,-0.002283,69679.0,30423.184
000550,2026-08-05,16.73,-0.002385,35847.78,59952.60682
000551,2026-08-05,13.53,0.029679999999999998,308378.0,410772.94803
000552,2026-08-05,2.55,-0.007782,519820.66,132548.71364
000553,2026-08-05,5.36,0.0,61540.0,32922.187
000554,2026-08-05,6.44,-0.004637,171220.16,109864.0582
000555,2026-08-05,11.07,0.003626,290678.08,323003.43187
000557,2026-08-05,3.73,0.002688,79104.0,29253.565
000558,2026-08-05,3.46,0.0,234715.58,81141.92068
000559,2026-08-05,11.99,0.024786000000000002,524171.25,622691.72422
000560,2026-08-05,2.23,0.00905,759994.33,166904.54987
000561,2026-08-05,7.62,-0.0065190000000000005,86919.0,66398.779
000563,2026-08-05,3.06,-0.006494,377230.64,115678.68644
000564,2026-08-05,1.45,0.0069440000000000005,2544039.57,367518.75923
000565,2026-08-05,5.87,-0.006768,81539.9,47888.98154
000566,2026-08-05,6.13,0.046075,2818520.24,1664376.24304
000567,2026-08-05,6.24,-0.0016,161603.0,100841.92286
000568,2026-08-05,87.52,-0.019933,130556.47,1140235.75954
000570,2026-08-05,5.0,-0.001996,109183.0,54409.97
000571,2026-08-05,6.93,0.035874,399984.56,274285.8952
000572,2026-08-05,3.92,0.005128000000000001,472537.0,185353.39088
000573,2026-08-05,3.71,0.019231,167975.0,61773.885
000576,2026-08-05,7.02,0.002857,85603.01,60190.67305
000581,2026-08-05,17.66,-0.001131,64405.83,113819.07215
000582,2026-08-05,12.91,0.022168999999999998,564270.83,719640.16078
000586,2026-08-05,11.66,0.027313,62651.8,72335.305
000589,2026-08-05,4.33,-0.009153,223665.6,96876.3482
000590,2026-08-05,8.52,-0.017301,33957.5,29130.757
000591,2026-08-05,4.55,-0.002193,422042.8,192018.3142
000592,2026-08-05,6.61,0.027993999999999998,1812800.09,1185861.75605
000593,2026-08-05,22.52,0.100147,245980.8,547852.51669
000595,2026-08-05,6.67,0.016768,1941688.22,1358444.68929
000596,2026-08-05,90.0,-0.015747999999999998,79521.43,709834.11996
000597,2026-08-05,4.61,-0.014957,111937.38,51588.90552
000598,2026-08-05,7.14,-0.012447999999999999,293659.0,209550.33
000599,2026-08-05,4.95,-0.002016,154992.0,76998.274
000600,2026-08-05,8.85,0.010274,329311.51,288596.69927
000601,2026-08-05,6.69,0.00753,595720.52,395462.34839
000603,2026-08-05,29.15,0.1,511645.04,1429855.84299
000605,2026-08-05,5.78,-0.001727,41163.8,23781.79425
000607,2026-08-05,3.67,-0.008107999999999999,209792.31,77390.17247
000608,2026-08-05,6.92,0.050076,487838.43,322025.43368
000609,2026-08-05,10.4,0.043129,130622.01,135935.66047
000610,2026-08-05,5.72,0.0,36856.01,20946.3447
000612,2026-08-05,11.5,0.010545,364500.89,418051.89056
000615,2026-08-05,3.24,0.018868,74848.8,24163.9532
000617,2026-08-05,7.14,-0.001399,658514.12,469174.17222
000619,2026-08-05,4.62,-0.006452,55788.0,25795.024
000620,2026-08-05,2.79,0.025735,2318014.41,641143.54625
000623,2026-08-05,18.3,0.000547,124569.23,228008.45832
000625,2026-08-05,7.56,-0.007873999999999999,830744.4,629755.00168
000626,2026-08-05,7.28,0.013928000000000001,72216.0,52212.408
000628,2026-08-05,39.7,0.014049,85872.9,338641.2616
000629,2026-08-05,3.17,0.016026,1073223.48,338419.37003
000630,2026-08-05,6.67,0.05205,4461139.44,2935848.84203
000631,2026-08-05,2.93,-0.003401,127100.92,37082.46264
000632,2026-08-05,3.31,-0.008982,86968.91,28701.0853
000633,2026-08-05,5.1,-0.011628000000000001,88307.0,45191.357
000635,2026-08-05,6.44,0.003115,32841.0,21084.212
000636,2026-08-05,57.8,0.063869,2211488.29,12758604.7794
000637,2026-08-05,3.73,-0.005333,83689.0,31363.462
000639,2026-08-05,1.53,-0.006494,456373.44,69242.2278
000650,2026-08-05,5.39,-0.016423,197473.0,106293.028
000651,2026-08-05,40.27,-0.00617,510621.68,2047070.53164
000652,2026-08-05,3.54,-0.005618,107826.98,38102.83092
000655,2026-08-05,6.88,0.0029149999999999996,53925.0,37050.967
000656,2026-08-05,1.21,-0.008197,1174215.63,142022.52682
000657,2026-08-05,57.43,0.09998100000000001,828989.23,4590736.25806
000659,2026-08-05,2.77,0.014652,231024.03,63323.35742
000661,2026-08-05,76.95,-0.0028510000000000002,81731.07,630203.14766
000663,2026-08-05,5.35,-0.003724,59336.03,31887.6209
000665,2026-08-05,4.01,-0.0024879999999999998,144158.0,58027.652
000668,2026-08-05,19.76,0.028631000000000004,27444.03,53763.6989
000669,2026-08-05,3.59,0.0,52981.0,19098.513
000670,2026-08-05,7.08,0.053571,648707.0,449571.613
000672,2026-08-05,13.75,0.034612,220598.05,302240.23736
000676,2026-08-05,7.85,0.027486999999999998,2022919.0,1564994.20429
000677,2026-08-05,1.71,0.0,394810.0,67250.043
000678,2026-08-05,9.02,0.014622999999999999,129007.0,115657.85134
000679,2026-08-05,5.83,0.003442,52058.0,30341.317
000680,2026-08-05,11.21,0.00991,224205.14,249911.85312
000681,2026-08-05,18.88,0.00586,526699.12,992733.53433
000682,2026-08-05,12.52,-0.003185,246209.64,306909.01994
000683,2026-08-05,5.96,0.003367,1072041.74,640285.30176
000685,2026-08-05,11.17,0.005401,151963.58,169452.56025
000686,2026-08-05,8.17,0.0,165351.64,135372.9532
000688,2026-08-05,30.14,0.035739,195847.12,583632.84157
000690,2026-08-05,4.9,-0.010101,547430.3,267824.0754
000691,2026-08-05,9.72,0.07048499999999999,205081.62,198019.01016
000692,2026-08-05,3.85,0.0,98511.32,37834.91968
000695,2026-08-05,12.88,0.022222,59240.0,75786.54999
000697,2026-08-05,8.55,0.004699999999999999,73031.0,62686.463
000698,2026-08-05,3.33,0.0030120000000000004,23548.86,7818.25642
000700,2026-08-05,11.3,0.025408,596487.67,672257.19182
000701,2026-08-05,4.92,0.004082,113866.0,56301.832
000702,2026-08-05,5.3,-0.0056289999999999995,63932.5,33967.909
000703,2026-08-05,16.39,0.039315,1071614.07,1722850.18469
000705,2026-08-05,6.55,-0.017991,65853.0,43328.3705
000707,2026-08-05,4.49,-0.006637,74492.0,33323.005
000708,2026-08-05,14.16,-0.011862999999999999,152677.06,216281.74349
000709,2026-08-05,2.15,-0.0046300000000000004,755974.63,162072.93731
000710,2026-08-05,9.19,-0.005411,534137.93,501177.48279
000711,2026-08-05,5.17,0.001938,904813.4,473629.24948
000712,2026-08-05,9.81,0.099776,482491.15,458910.84506
000713,2026-08-05,5.78,-0.003448,34241.0,19777.256
000715,2026-08-05,4.82,-0.004132,59352.63,28735.68906
000716,2026-08-05,4.74,0.0063690000000000005,122261.0,57650.738
000717,2026-08-05,2.24,0.0,136445.72,30557.45328
000718,2026-08-05,1.89,-0.005263,210079.0,39535.605
000719,2026-08-05,12.48,-0.018868,64326.13,80954.20267
000720,2026-08-05,3.57,0.002809,299455.0,106505.043
000721,2026-08-05,6.56,0.006135000000000001,198935.0,130488.194
000722,2026-08-05,13.46,-0.006642,203388.75,272236.43586
000723,2026-08-05,3.57,-0.021918000000000003,499262.78,179372.7305
000725,2026-08-05,5.97,0.060391,25060238.03,14655953.7631
000726,2026-08-05,5.93,-0.0067,47182.47,27993.32615
000727,2026-08-05,2.28,-0.008696,576866.0,131814.672
000728,2026-08-05,7.33,-0.002721,227330.15,167018.2032
000729,2026-08-05,12.58,-0.008668,342944.22,431638.29878
000731,2026-08-05,5.78,-0.011966000000000001,57369.09,33230.33153
000733,2026-08-05,42.45,0.023878,205616.85,868570.32107
000735,2026-08-05,5.24,-0.007576,271415.69,142175.55856
000736,2026-08-05,4.45,0.006787,126213.0,55556.664
000737,2026-08-05,14.39,0.039740000000000004,821619.03,1164519.9919
000738,2026-08-05,18.37,0.000545,108932.56,199944.98572
000739,2026-08-05,21.88,-0.01085,455453.87,1005787.49815
000750,2026-08-05,3.87,0.002591,373622.99,144499.15874
000751,2026-08-05,5.12,0.101075,785022.18,390901.1348
000752,2026-08-05,8.83,0.072904,57359.28,50118.3374
000753,2026-08-05,4.82,-0.0061860000000000005,203419.42,98028.18344
000755,2026-08-05,4.69,-0.008457,41911.37,19654.15426
000756,2026-08-05,13.67,-0.012282999999999999,98078.34,134005.31778
000757,2026-08-05,3.83,0.0,157353.0,60363.58141
000758,2026-08-05,6.19,0.024834000000000002,355518.98,218777.42902
000759,2026-08-05,6.93,0.002894,726454.34,498059.85792
000761,2026-08-05,2.35,-0.004237,123805.0,29158.332
000762,2026-08-05,23.84,0.022298,150601.34,358202.25018
000766,2026-08-05,17.27,-0.024845000000000002,173791.42,303332.39878
000767,2026-08-05,3.81,0.005277,1291863.89,489342.71322
000768,2026-08-05,20.86,-0.008084000000000001,215815.27,450121.33875
000776,2026-08-05,21.37,0.021999,679676.61,1442509.42299
000777,2026-08-05,18.7,0.024658000000000003,234610.92,431594.18557
000778,2026-08-05,3.87,-0.002577,490789.67,189133.7657
000779,2026-08-05,13.49,-0.010270999999999999,596600.73,804861.59869
000782,2026-08-05,7.47,0.07327600000000001,212005.0,155026.638
000783,2026-08-05,8.96,0.014723,1244539.66,1115993.54068
000785,2026-08-05,2.28,-0.008696,496360.01,113662.50128
000786,2026-08-05,18.69,-0.007435000000000001,242302.35,452281.56623
000788,2026-08-05,5.26,-0.009416,130713.48,68735.55648
000789,2026-08-05,4.07,-0.007317000000000001,31856.0,12976.601
000790,2026-08-05,3.81,-0.015504,171212.41,65317.33331
000791,2026-08-05,7.91,0.001266,215699.39,170067.77801
000792,2026-08-05,28.28,0.024266999999999997,577604.65,1624916.71283
000793,2026-08-05,2.24,-0.004444,135451.0,30308.066
000795,2026-08-05,8.64,0.012896000000000001,157444.02,135997.70626
000796,2026-08-05,3.9,-0.0025580000000000004,274291.0,106996.83
000797,2026-08-05,2.4,0.004184,166312.0,39563.66626
000798,2026-08-05,8.02,-0.006196,57216.2,45915.447
000799,2026-08-05,41.09,0.006614,112818.21,458657.0259
000800,2026-08-05,6.37,-0.012402999999999999,140661.76,89888.22436
000801,2026-08-05,11.64,-0.002571,110917.28,129497.27916
000802,2026-08-05,4.28,0.011819999999999999,429229.0,183550.513
000803,2026-08-05,7.09,0.008535000000000001,102056.98,72556.23036
000807,2026-08-05,26.82,0.030746000000000002,1030359.5,2724857.18153
000809,2026-08-05,3.28,0.009231,141998.78,46449.84762
000810,2026-08-05,9.84,0.018633999999999998,207304.6,203233.6326
000811,2026-08-05,39.47,0.10005599999999999,580337.84,2240526.04185
000812,2026-08-05,3.49,-0.002857,194399.51,67975.87346
000813,2026-08-05,3.34,-0.020528,270923.0,90948.892
000815,2026-08-05,18.85,0.02613,2188193.75,4156226.3495
000816,2026-08-05,2.67,0.011364,286863.94,76747.31298
000818,2026-08-05,13.69,0.0051400000000000005,340136.73,464263.42458
000819,2026-08-05,12.04,-0.001658,41939.32,50287.19078
000820,2026-08-05,4.12,-0.032864,938621.13,389252.83904
000821,2026-08-05,7.44,0.020575999999999997,111244.0,82167.753
000822,2026-08-05,4.29,-0.016055,145289.0,62405.555
000823,2026-08-05,14.08,0.050746,734228.0,1017132.47485
000825,2026-08-05,3.63,-0.002747,234921.22,85508.02526
000826,2026-08-05,1.79,-0.011049999999999999,260204.0,46651.747
000828,2026-08-05,10.06,-0.002973,59471.66,60054.54706
000829,2026-08-05,8.58,0.0070420000000000005,212451.48,182258.83372
000830,2026-08-05,13.0,0.015625,368719.0,476404.82709
000831,2026-08-05,51.6,0.049634,406339.31,2072985.18469
000833,2026-08-05,20.35,0.029337,266083.25,533291.26324
000837,2026-08-05,9.9,0.0030399999999999997,144175.61,143017.1809
000839,2026-08-05,2.85,-0.0069689999999999995,1324177.5,374167.0885
000848,2026-08-05,8.99,-0.005531,148023.43,133151.03793
000850,2026-08-05,4.05,0.0024749999999999998,65132.0,26244.095
000852,2026-08-05,5.37,-0.0073939999999999995,132755.05,70802.99193
000856,2026-08-05,7.81,-0.012642,53034.02,41565.53248
000858,2026-08-05,75.5,-0.01795,433272.58,3275120.70071
000859,2026-08-05,8.63,0.032297,558652.89,477253.47619
000860,2026-08-05,10.9,-0.016245,119568.07,130931.18573
000862,2026-08-05,5.63,0.0,293812.63,164682.3638
000863,2026-08-05,3.94,0.005102,143740.9,56597.8426
000868,2026-08-05,3.63,-0.002747,77340.01,28144.48164
000869,2026-08-05,17.49,-0.0034189999999999997,12312.0,21464.714
000875,2026-08-05,5.35,-0.007421,366391.7,196195.7648
000876,2026-08-05,6.97,0.0072250000000000005,341040.81,236130.01503
000877,2026-08-05,3.8,-0.007833,116085.0,44052.914
000878,2026-08-05,16.77,0.041615,666891.84,1103468.80354
000880,2026-08-05,22.81,0.016488,97699.19,221846.22262
000881,2026-08-05,6.54,-0.009091,103747.0,67988.751
000882,2026-08-05,1.44,0.0,533209.01,76344.75643
000883,2026-08-05,4.68,-0.012658,263986.0,123701.111
000885,2026-08-05,12.93,-0.009954,48438.08,62751.00176
000886,2026-08-05,4.63,-0.010684,153023.0,70986.435
000887,2026-08-05,18.64,0.016912,485953.09,908430.83803
000888,2026-08-05,9.73,-0.003074,77763.0,75552.556
000889,2026-08-05,3.92,0.0,540221.0,211024.1694
000890,2026-08-05,7.43,0.026243,170421.01,125773.82642
000892,2026-08-05,4.09,-0.019185,1449449.96,593685.00678
000893,2026-08-05,49.0,0.012397,145094.1,708390.2829
000895,2026-08-05,25.33,-0.007445,113553.98,287509.2776
000897,2026-08-05,1.76,-0.00565,240513.41,42267.29755
000898,2026-08-05,2.06,0.0,287248.47,59195.72021
000899,2026-08-05,11.07,0.002717,175434.53,193430.43018
000900,2026-08-05,3.73,-0.005333,96552.89,35984.19697
000901,2026-08-05,14.93,0.011517999999999999,156638.12,232835.34531
000902,2026-08-05,13.73,0.010302,125268.0,171838.15718
000903,2026-08-05,1.89,0.032787000000000004,409350.22,78138.71636
000905,2026-08-05,8.73,0.008083,95811.53,83464.37687
000906,2026-08-05,5.49,-0.005435,56778.25,31144.62936
000908,2026-08-05,6.21,0.0,141934.39,88247.6008
000909,2026-08-05,4.46,0.013635999999999999,45686.0,20317.704
000910,2026-08-05,5.23,0.0,44841.11,23456.92342
000911,2026-08-05,4.42,-0.004505,35612.1,15684.2057
000912,2026-08-05,3.64,-0.0027400000000000002,163158.0,59052.33
000913,2026-08-05,11.97,0.002513,46123.0,55417.41243
000915,2026-08-05,25.45,-0.009342,23064.08,58744.61716
000917,2026-08-05,7.21,-0.004144,264584.5,191357.08465
000919,2026-08-05,6.33,-0.004717,104538.1,66006.8653
000920,2026-08-05,11.45,0.028751000000000002,127769.0,144729.445
000921,2026-08-05,27.22,0.015672,92111.01,248204.90054
000922,2026-08-05,11.68,0.020979,178101.68,204998.80644
000923,2026-08-05,14.97,0.031702,178250.45,267429.54993
000925,2026-08-05,7.59,0.012,250062.0,190565.6244
000926,2026-08-05,2.16,0.014085,382642.8,81881.9622
000927,2026-08-05,2.5,-0.007937,357373.07,89458.3945
000928,2026-08-05,5.17,-0.0038540000000000002,124624.95,64481.77963
000929,2026-08-05,8.86,0.007964,32764.0,28955.84898
000930,2026-08-05,4.75,-0.006276,133517.0,63204.549
000931,2026-08-05,4.07,0.0,75091.81,30532.26162
000932,2026-08-05,3.84,-0.010308999999999999,736076.28,283174.34672
000933,2026-08-05,26.2,0.019852,724005.48,1878821.82055
000935,2026-08-05,22.88,0.032957,63794.93,145505.15779
000936,2026-08-05,5.28,0.003802,124517.01,65439.49825
000937,2026-08-05,4.61,-0.012848,235894.97,108774.59532
000938,2026-08-05,36.94,0.07634,4290121.6,15917765.8335
000948,2026-08-05,15.49,0.016404000000000002,315282.87,478660.71041
000949,2026-08-05,6.45,0.009389999999999999,525295.58,336076.54551
000950,2026-08-05,5.37,-0.035907,522755.88,280933.81339
000951,2026-08-05,22.02,0.011484000000000001,115806.77,252034.16507
000952,2026-08-05,5.87,-0.013445,74886.3,43986.119
000953,2026-08-05,5.58,-0.012388999999999999,58583.0,32926.81
000955,2026-08-05,4.15,0.009732,98905.0,40792.211
000957,2026-08-05,10.27,-0.00388,83236.73,85651.37817
000958,2026-08-05,5.5,-0.009009,269236.26,147598.45574
000959,2026-08-05,3.79,0.002646,259963.0,98168.215
000960,2026-08-05,38.6,0.06219,704063.75,2676517.41662
000962,2026-08-05,51.63,0.099915,247977.11,1235731.30849
000963,2026-08-05,27.92,-0.020007,343539.13,957942.28492
000965,2026-08-05,3.17,0.0,115162.2,36341.5332
000966,2026-08-05,4.29,-0.013793,479938.86,205553.5104
000967,2026-08-05,9.47,0.041803999999999994,2784532.11,2580595.26948
000968,2026-08-05,6.93,-0.015625,282600.56,195653.04642
000969,2026-08-05,17.19,0.016558,364103.51,622233.91995
000970,2026-08-05,13.22,0.011477,821383.3,1083661.36966
000972,2026-08-05,3.37,-0.01173,94302.0,32282.678
000973,2026-08-05,12.49,0.022932,373105.44,462589.19462
000975,2026-08-05,24.22,0.073582,750158.74,1776924.48608
000977,2026-08-05,77.2,0.041273,1121240.64,8685708.53208
000978,2026-08-05,6.08,0.011647000000000001,96338.98,58526.06794
000980,2026-08-05,1.8,0.011236,1375739.9,247970.4522
000981,2026-08-05,3.17,0.100694,6080941.45,1885141.83668
000983,2026-08-05,6.46,0.0,425587.12,274776.40066
000985,2026-08-05,14.67,-0.014775,17425.0,25690.7
000987,2026-08-05,7.89,0.005096000000000001,328935.48,259603.0865
000988,2026-08-05,100.43,-0.002186,1058033.81,10345950.821
000989,2026-08-05,9.09,-0.016234,305181.95,277377.54385
000990,2026-08-05,6.55,0.010802,467429.8,304361.14032
000993,2026-08-05,10.28,-0.000972,101842.33,104370.57152
000995,2026-08-05,10.9,0.026365,157390.0,169281.103
000997,2026-08-05,18.68,-0.010592999999999998,266172.76,501421.40798
000998,2026-08-05,8.28,-0.010752999999999999,138295.02,114849.38056
000999,2026-08-05,25.32,-0.016699,185520.16,468371.80339
001201,2026-08-05,11.4,0.0026390000000000003,31893.13,36334.51144
001202,2026-08-05,13.09,0.020265,30156.6,39132.72436
001203,2026-08-05,28.02,0.018539,157784.99,440346.0571
001205,2026-08-05,13.66,0.010355000000000001,30307.33,41212.84716
001206,2026-08-05,16.27,0.0,54296.96,88248.64464
001207,2026-08-05,15.54,0.003228,26916.4,41724.4012
001208,2026-08-05,15.41,0.008508,410351.0,627609.545
001209,2026-08-05,16.54,0.01286,15151.8,25041.3102
001210,2026-08-05,20.79,0.1,37175.48,76097.55832
001211,2026-08-05,20.71,0.025248,40720.73,84207.53658
001212,2026-08-05,34.57,0.041893,54615.8,187048.515
001213,2026-08-05,3.55,-0.005602,70282.0,24964.017
001215,2026-08-05,32.92,0.007961000000000001,19282.0,63028.788
001216,2026-08-05,14.18,0.020144000000000002,31387.0,44095.43
001217,2026-08-05,9.78,-0.007107,47444.0,46532.59
001218,2026-08-05,23.02,0.006999,17629.4,40528.694
001219,2026-08-05,12.33,-0.008045,21205.66,26185.14752
001220,2026-08-05,30.28,-0.004275,12051.63,36424.64781
001221,2026-08-05,40.5,0.0062109999999999995,22141.91,89719.42562
001222,2026-08-05,14.16,-0.004919,37099.0,52576.418
001223,2026-08-05,38.45,-0.025596,52875.35,200665.99944
001225,2026-08-05,45.22,0.09997600000000001,21469.0,95362.793
001226,2026-08-05,41.05,-0.001217,5378.0,22126.979
001227,2026-08-05,2.19,-0.013514,706837.76,155435.82068
001228,2026-08-05,27.81,0.019802,10395.0,28815.421
001229,2026-08-05,42.32,0.099792,118463.0,480449.1574
001230,2026-08-05,18.74,0.009155,53458.29,100714.63076
001231,2026-08-05,19.15,-0.0026040000000000004,10382.5,19953.3925
001232,2026-08-05,199.91,-0.03894,234812.06,4686727.96862
001233,2026-08-05,44.9,0.006501,13465.13,60196.44128
001234,2026-08-05,20.16,-0.005917,18907.0,38316.347
001236,2026-08-05,7.72,0.0,96158.0,74010.913
001237,2026-08-05,55.22,0.013955,21919.35,120477.08967
001238,2026-08-05,25.26,-0.007855,4326.8,10935.7152
001239,2026-08-05,11.69,0.011246,25724.85,30002.25619
001248,2026-08-05,13.7,0.028529,1742914.32,2351888.09511
001255,2026-08-05,24.85,0.022633999999999998,14245.0,35340.786
001256,2026-08-05,26.64,0.03376,54858.0,144058.03
001257,2026-08-05,25.67,0.014224,220451.07,562915.2542
001258,2026-08-05,13.53,0.009701,1516440.66,2045542.10389
001259,2026-08-05,45.79,0.00859,12681.05,58051.29279
001260,2026-08-05,16.43,-0.009047,13329.03,22102.7034
001266,2026-08-05,33.6,0.009615,67903.68,226710.88488
001267,2026-08-05,35.28,0.10009399999999999,305677.93,1031135.87771
001268,2026-08-05,19.62,0.024543,32325.4,62769.3906
001269,2026-08-05,19.32,0.002075,28553.4,55126.474
001270,2026-08-05,114.42,0.077706,130298.45,1474708.33034
001277,2026-08-05,27.74,-0.0032340000000000003,10966.0,30516.03
001278,2026-08-05,15.21,0.0,18225.33,27611.78401
001279,2026-08-05,24.92,0.00201,8198.0,20407.105
001280,2026-08-05,65.48,0.021051,92195.29,599779.31357
001282,2026-08-05,16.9,0.066919,47569.14,78044.98943
001283,2026-08-05,42.45,0.013852,36124.51,152080.12449
001285,2026-08-05,42.39,-0.002823,12658.91,53869.96527
001286,2026-08-05,10.29,0.0019470000000000002,236830.2,244186.04649
001287,2026-08-05,22.7,0.030413000000000003,282216.57,636815.09035
001288,2026-08-05,26.29,-0.0037890000000000003,52166.22,136526.0498
001289,2026-08-05,16.33,-0.007897999999999999,68136.98,110986.03065
001296,2026-08-05,17.99,0.019263,16354.71,29209.72158
001298,2026-08-05,17.31,0.025474,97561.33,168173.48974
001299,2026-08-05,9.86,0.006122,27895.04,27440.67462
001300,2026-08-05,10.63,0.020154000000000002,32027.0,33976.993
001301,2026-08-05,53.77,0.002985,41894.2,227172.2553
001306,2026-08-05,53.03,0.024141,11451.0,60807.127
001308,2026-08-05,19.04,0.057778,65236.54,123251.14787
001309,2026-08-05,386.24,0.060574,274501.2,10394934.8598
001311,2026-08-05,16.22,0.018844,40986.18,66279.64236
001312,2026-08-05,17.88,0.00393,21922.63,39178.52045
001313,2026-08-05,7.22,0.001387,111362.0,79929.541
001314,2026-08-05,52.08,0.026814,46631.49,241151.34888
001316,2026-08-05,26.69,0.020649999999999998,21720.15,57789.12061
001317,2026-08-05,54.96,0.016272,60585.0,330884.92496
001318,2026-08-05,11.02,0.010082,56512.5,62057.574
001319,2026-08-05,19.19,0.008408,16560.0,31730.871
001322,2026-08-05,6.19,0.0,26299.0,16189.743
001323,2026-08-05,17.36,0.012835000000000001,44769.65,76875.785
001324,2026-08-05,18.9,-0.008395,21227.0,40078.222
001325,2026-08-05,36.6,0.011888000000000001,14676.52,53072.38818
001326,2026-08-05,54.68,0.058459000000000004,21733.71,117406.7293
001328,2026-08-05,30.38,0.010308999999999999,21227.0,64175.435
001330,2026-08-05,5.23,0.005769,570957.0,298145.163
001331,2026-08-05,50.2,0.066044,161533.1,802535.72881
001332,2026-08-05,31.23,0.01462,22388.29,69513.06104
001333,2026-08-05,19.62,0.032632,23771.0,46088.0847
001335,2026-08-05,31.81,0.013057000000000001,7710.0,24409.143
001336,2026-08-05,17.46,-0.001144,16048.0,28128.5478
001337,2026-08-05,43.27,0.099898,201992.37,849700.70616
001338,2026-08-05,8.78,-0.0056630000000000005,40665.0,35789.613
001339,2026-08-05,77.01,0.07002900000000001,187161.31,1417333.19997
001356,2026-08-05,8.72,-0.0034289999999999998,37165.0,32313.356
001358,2026-08-05,26.11,0.029574,72404.29,187453.72421
001359,2026-08-05,86.17,0.099949,45812.67,380166.11017
001360,2026-08-05,15.47,0.026543,38409.54,59297.0413
001365,2026-08-05,37.9,0.019365,78071.05,294607.52954
001366,2026-08-05,11.46,-0.003478,33762.5,38544.9555
001367,2026-08-05,18.18,-0.006014,19232.46,35005.98048
001368,2026-08-05,21.29,0.010921,13366.69,28384.46425
001369,2026-08-05,13.05,0.007722,110790.28,144024.14062
001373,2026-08-05,26.89,-0.006649,18982.0,50973.613
001376,2026-08-05,11.4,0.0052910000000000006,161268.08,182638.7858
001378,2026-08-05,17.81,0.016553,38580.8,68880.99146
001379,2026-08-05,15.69,0.005124999999999999,15695.06,24573.1722
001380,2026-08-05,16.46,-0.001819,12306.61,20320.97835
001382,2026-08-05,17.52,-0.011843999999999999,50672.32,88604.66176
001386,2026-08-05,15.04,0.001332,37145.05,55745.93146
001387,2026-08-05,11.63,0.0025859999999999998,29420.6,34241.641
001388,2026-08-05,23.41,0.044157,178111.53,416935.77833
001389,2026-08-05,160.32,0.050039,99639.36,1558260.85749
001390,2026-08-05,17.78,0.0062250000000000005,10422.7,18440.8712
001391,2026-08-05,4.32,-0.002309,226713.64,98066.9854
001393,2026-08-05,45.94,0.021116000000000003,36697.03,167320.69624
001395,2026-08-05,29.84,0.011525,26295.7,78020.4138
001396,2026-08-05,34.7,0.004923,12169.66,42391.19823
001399,2026-08-05,24.01,0.040746000000000004,569727.14,1355000.23766
001400,2026-08-05,73.28,0.040170000000000004,20324.15,147402.97702
001696,2026-08-05,15.53,0.003878,537836.36,833472.44736
001872,2026-08-05,21.95,-0.011706000000000001,21409.67,46938.79302
001896,2026-08-05,13.49,0.04331,1097666.47,1461774.20754
001965,2026-08-05,9.58,-0.02045,168986.27,162618.7013
001979,2026-08-05,6.88,0.008798,824749.86,561479.47036
002001,2026-08-05,29.8,-0.010296000000000001,391794.66,1156182.57442
002003,2026-08-05,10.41,0.000962,165601.44,172006.94698
002004,2026-08-05,4.42,-0.008969,196511.02,86763.68007
002005,2026-08-05,2.33,-0.016878,186907.0,43804.915
002006,2026-08-05,13.9,0.007977,76425.42,106239.47244
002007,2026-08-05,13.3,-0.014085,103800.82,138545.07054
002008,2026-08-05,94.8,0.07422100000000001,540094.66,4963342.8809
002009,2026-08-05,17.97,-0.006633,315987.74,571045.42564
002010,2026-08-05,4.97,-0.004008,192612.24,96166.33001
002011,2026-08-05,10.55,0.002852,106194.54,111599.39272
002012,2026-08-05,6.44,0.00625,242294.17,155508.71966
002014,2026-08-05,10.97,0.008272,30828.2,33506.5086
002015,2026-08-05,16.12,0.001242,952589.88,1534031.72759
002016,2026-08-05,4.56,0.045872,168052.13,75093.63156
002017,2026-08-05,14.0,-0.0014269999999999999,157343.2,221016.35314
002019,2026-08-05,10.22,-0.01256,103812.85,106269.9347
002020,2026-08-05,13.83,0.00655,161263.22,222148.67304
002021,2026-08-05,2.71,0.046332000000000005,521201.45,137013.56609
002022,2026-08-05,5.18,-0.009559999999999999,64589.42,33693.48408
002023,2026-08-05,10.33,0.044489,283995.52,291093.4909
002024,2026-08-05,1.22,-0.00813,234506.66,28793.26117
002025,2026-08-05,66.33,0.045061,201807.84,1314875.75337
002026,2026-08-05,10.3,-0.006750000000000001,67288.62,69690.67498
002027,2026-08-05,5.28,-0.0075190000000000005,1796214.19,949127.63428
002028,2026-08-05,160.95,0.035047999999999996,89987.34,1434736.41475
002029,2026-08-05,8.77,0.003432,181793.22,158971.95138
002030,2026-08-05,5.55,-0.0035909999999999996,191199.22,105704.61392
002031,2026-08-05,5.38,0.024762,1302233.88,691738.51053
002032,2026-08-05,41.52,-0.013308,21610.69,89973.19888
002033,2026-08-05,8.75,0.00344,129660.33,113511.53137
002034,2026-08-05,14.37,-0.004848,92180.92,131959.33096
002035,2026-08-05,4.85,-0.004107,76420.0,37007.65
002036,2026-08-05,7.8,0.100141,374250.89,285907.07396
002037,2026-08-05,6.82,-0.00438,86652.27,59121.64626
002038,2026-08-05,5.73,-0.005208000000000001,266676.97,152869.57102
002039,2026-08-05,19.93,0.002011,64552.13,128024.90893
002040,2026-08-05,8.18,0.001224,50884.03,41511.52356
002041,2026-08-05,8.74,-0.0056879999999999995,114619.0,100270.436
002042,2026-08-05,3.87,-0.007692,332313.45,128691.86639
002043,2026-08-05,12.82,-0.004658,89481.69,114652.10008
002044,2026-08-05,4.93,0.014403,1090677.77,535745.85107
002045,2026-08-05,8.66,0.006977,234769.53,203144.17959
002046,2026-08-05,45.35,0.040854,135831.14,616109.63065
002047,2026-08-05,3.33,0.012158,321943.08,106353.60972
002048,2026-08-05,19.41,0.01623,177558.07,343038.81969
002049,2026-08-05,67.2,0.025172,318242.09,2128036.34867
002050,2026-08-05,39.41,0.017295,857314.29,3350640.4538
002051,2026-08-05,9.48,0.018260000000000002,403568.99,381560.77941
002052,2026-08-05,8.86,0.006817999999999999,93392.9,82795.3084
002053,2026-08-05,9.74,0.001028,61117.71,59405.4821
002054,2026-08-05,7.16,0.009873,115018.56,82018.86942
002055,2026-08-05,5.54,0.007272999999999999,111913.0,61726.856
002056,2026-08-05,21.94,0.05939199999999999,431394.46,935948.819
002057,2026-08-05,8.43,0.019347,259479.7,218433.46727
002058,2026-08-05,16.92,0.011961999999999999,53488.61,89743.88075
002059,2026-08-05,4.5,0.0,60998.0,27455.08
002060,2026-08-05,3.4,0.005917,198854.99,67671.46673
002061,2026-08-05,3.58,-0.016484000000000002,193076.29,69530.63971
002062,2026-08-05,7.95,0.014031,151539.8,120825.7986
002063,2026-08-05,5.81,0.006932000000000001,749671.5,440806.08851
002064,2026-08-05,11.55,0.061581000000000004,694641.8,786354.81084
002065,2026-08-05,7.58,-0.002632,762122.76,581487.16081
002066,2026-08-05,20.74,0.032354,42024.69,86346.14222
002067,2026-08-05,4.57,0.011062,886229.69,399653.05992
002068,2026-08-05,8.1,0.022727,265867.25,214085.4961
002069,2026-08-05,3.23,-0.009202,96181.0,30986.96
002072,2026-08-05,7.18,-0.004161000000000001,75998.0,54787.83541
002073,2026-08-05,5.73,-0.012069000000000002,215648.3,123383.00739
002074,2026-08-05,28.27,0.009643,304016.07,856116.84612
002075,2026-08-05,4.1,0.0,496591.31,204645.15637
002076,2026-08-05,2.08,0.014634000000000001,583020.0,122098.97398
002077,2026-08-05,12.5,0.043406,539601.64,665003.01457
002078,2026-08-05,14.11,-0.005638,141841.3,200341.4731
002079,2026-08-05,9.52,0.024758,511926.6,484329.86295
002080,2026-08-05,48.81,0.100068,564823.48,2649229.27786
002081,2026-08-05,3.98,0.015306,1014246.18,401224.13965
002082,2026-08-05,10.26,0.027027000000000002,129468.02,130616.9065
002083,2026-08-05,11.68,0.034544,806888.49,929670.8762
002084,2026-08-05,3.51,-0.002841,160109.5,56614.62018
002085,2026-08-05,10.83,0.002778,259569.28,281035.66451
002086,2026-08-05,1.87,-0.005319000000000001,256265.0,47733.399
002088,2026-08-05,7.58,-0.010444,33123.0,25359.0918
002090,2026-08-05,9.54,-0.008316,79029.7,75807.6451
002091,2026-08-05,7.8,-0.0038309999999999998,105876.84,82721.44064
002092,2026-08-05,4.44,-0.006711,620358.14,274313.716
002093,2026-08-05,7.15,0.008463,160001.43,114358.89695
002094,2026-08-05,4.78,-0.0041670000000000006,185571.0,88681.587
002095,2026-08-05,14.48,0.002076,46016.04,66782.21236
002096,2026-08-05,9.48,-0.008368,56361.0,53451.233
002097,2026-08-05,7.37,-0.001355,207257.98,152524.9573
002098,2026-08-05,6.67,-0.010386,34501.0,23092.768
002099,2026-08-05,5.41,-0.014572,97341.94,52922.00571
002100,2026-08-05,7.05,0.008584000000000001,223736.3,157309.48556
002101,2026-08-05,8.98,-0.009923,50648.76,45567.4062
002102,2026-08-05,2.26,-0.004405,108032.0,24384.581
002103,2026-08-05,6.73,-0.01895,178260.31,120525.28201
002104,2026-08-05,10.69,0.008491,337720.13,360652.93946
002105,2026-08-05,5.43,-0.007312999999999999,81084.0,44367.014
002106,2026-08-05,10.49,0.034517,302773.07,313950.60199
002107,2026-08-05,6.15,-0.008065,103234.0,63300.6872
002108,2026-08-05,4.4,0.004566,253663.2,110991.8696
002109,2026-08-05,2.58,-0.003861,55624.51,14355.20758
002110,2026-08-05,3.21,0.0,199793.1,64167.4329
002111,2026-08-05,9.61,0.001042,64280.42,61844.48474
002112,2026-08-05,17.12,-0.017222,326199.13,557428.50737
002114,2026-08-05,7.1,0.034985,119963.74,84723.56399
002115,2026-08-05,11.8,0.017241,836853.99,988912.12384
002116,2026-08-05,7.09,-0.004213,28733.83,20386.3032
002117,2026-08-05,8.22,0.00612,64862.86,53351.14148
002119,2026-08-05,22.3,0.10014799999999999,311771.25,670859.42584
002120,2026-08-05,6.81,-0.005839,305179.35,207394.15154
002121,2026-08-05,5.31,-0.0037519999999999997,261455.25,138502.6643
002122,2026-08-05,2.45,0.00823,159772.0,39174.177
002123,2026-08-05,8.69,0.010465,336954.55,293654.93196
002124,2026-08-05,2.26,0.008929,518655.64,116640.21568
002125,2026-08-05,12.75,0.011102,196786.11,250394.58038
002126,2026-08-05,41.19,0.040152,247191.21,1006350.91929
002127,2026-08-05,3.15,-0.003165,397194.0,125326.964
002128,2026-08-05,27.11,0.018025,102244.91,275527.55862
002129,2026-08-05,9.14,0.011062,1132996.29,1029594.23816
002130,2026-08-05,17.52,-0.00057,426120.31,742104.79302
002131,2026-08-05,5.67,0.044199,12538786.83,6971375.05938
002132,2026-08-05,4.07,0.0175,602398.74,243788.06626
002133,2026-08-05,2.61,0.003846,111125.0,28907.19999
002134,2026-08-05,20.46,0.041752000000000004,84200.01,170588.82347
002135,2026-08-05,6.38,0.024077,121929.89,77041.98504
002136,2026-08-05,12.3,0.018212,86974.5,106132.93
002137,2026-08-05,7.88,0.028721,408367.69,321491.78461
002138,2026-08-05,49.6,0.050179999999999995,532654.29,2594495.7877
002139,2026-08-05,10.43,-0.008555,238476.64,248820.73069
002140,2026-08-05,9.09,-0.0043809999999999995,61314.72,55627.22376
002141,2026-08-05,5.63,0.027372,2086870.42,1166703.31416
002142,2026-08-05,31.65,0.004762,297630.64,938045.65093
002144,2026-08-05,10.38,-0.002882,33410.0,34705.62
002145,2026-08-05,4.62,-0.006452,629858.78,291872.94244
002146,2026-08-05,1.13,-0.008772,659491.0,74474.614
002148,2026-08-05,6.38,-0.001565,200554.3,128347.98344
002149,2026-08-05,38.06,0.063128,498956.97,1875958.23647
002150,2026-08-05,21.32,0.012346,58737.03,124730.46826
002151,2026-08-05,29.65,0.006791,141320.34,419789.66327
002152,2026-08-05,10.36,0.001934,322688.34,335060.62496
002153,2026-08-05,8.57,0.002339,395551.32,340321.92433
002154,2026-08-05,4.1,-0.004854,322568.5,132059.12894
002155,2026-08-05,24.68,0.071181,680440.69,1639491.46872
002156,2026-08-05,58.0,0.043164999999999995,1657492.96,9492062.31681
002157,2026-08-05,2.96,0.006803,756065.83,222965.22802
002158,2026-08-05,27.33,0.025901,132157.45,359058.98358
002159,2026-08-05,13.27,-0.0022559999999999998,29410.0,39126.357
002160,2026-08-05,3.9,0.005155,178284.8,69457.18001
002161,2026-08-05,5.57,0.012726999999999999,171395.0,95671.025
002162,2026-08-05,4.01,0.005013,129150.29,51606.56933
002163,2026-08-05,8.39,0.00479,174644.0,146306.406
002164,2026-08-05,11.3,0.00983,123921.74,139438.8788
002165,2026-08-05,6.69,0.013635999999999999,525240.02,348497.15281
002166,2026-08-05,6.7,-0.008876,114925.25,76954.97225
002167,2026-08-05,16.57,0.075974,1253820.51,2052157.59738
002168,2026-08-05,3.8,0.067416,122399.01,45184.93056
002169,2026-08-05,12.45,0.056875999999999996,310333.89,380289.64703
002170,2026-08-05,11.67,0.011265,153195.21,178913.16754
002171,2026-08-05,9.98,0.039583,550890.26,543563.41531
002172,2026-08-05,3.25,-0.015152,172969.5,56320.387
002173,2026-08-05,21.26,0.016252,830033.43,1749863.14729
002174,2026-08-05,12.22,0.0016389999999999998,325925.31,398391.70016
002175,2026-08-05,2.47,-0.012,222769.0,55066.14
002176,2026-08-05,9.47,0.021575,1111799.35,1041290.08244
002177,2026-08-05,5.93,-0.001684,408873.82,242693.14025
002178,2026-08-05,4.61,-0.0064659999999999995,156807.0,72402.083
002179,2026-08-05,34.75,0.009881,372295.83,1286177.42233
002180,2026-08-05,17.9,0.044950000000000004,230589.65,402005.51278
002181,2026-08-05,9.87,0.091814,1096730.03,1069656.59647
002182,2026-08-05,13.12,0.099749,334504.61,429582.92824
002183,2026-08-05,4.75,0.00211,511229.52,242710.82266
002184,2026-08-05,9.9,0.001011,75891.64,74947.37832
002185,2026-08-05,16.59,0.068255,4521761.46,7359051.98853
002186,2026-08-05,9.19,-0.004334,37800.2,34754.5444
002187,2026-08-05,5.34,-0.005587,95699.5,51039.503
002188,2026-08-05,5.28,0.003802,92378.0,48663.254
002189,2026-08-05,18.81,0.01129,36263.0,68058.349
002190,2026-08-05,23.43,0.004717,50232.23,117611.57092
002191,2026-08-05,3.75,-0.00266,97858.0,36673.426
002192,2026-08-05,67.56,0.052173,149680.11,995830.71624
002193,2026-08-05,3.92,0.005128000000000001,26196.0,10256.736
002194,2026-08-05,9.17,0.005482,160370.26,146907.14568
002195,2026-08-05,7.15,0.017070000000000002,2811307.29,1997411.5903
002196,2026-08-05,11.2,0.020966,338020.8,374497.91894
002197,2026-08-05,7.18,-0.005540000000000001,661483.1,475599.5972
002198,2026-08-05,3.39,0.01497,45479.82,15308.9117
002199,2026-08-05,13.75,0.01626,259772.05,359261.19402
002200,2026-08-05,6.93,-0.00431,33967.6,23455.078
002201,2026-08-05,8.21,0.022416000000000002,196148.01,160134.38661
002202,2026-08-05,20.16,0.034377,1405973.7,2814557.45037
002203,2026-08-05,19.43,0.015152,272161.44,529858.42409
002204,2026-08-05,5.4,-0.009174,206053.0,111370.102
002205,2026-08-05,10.25,0.0029349999999999997,23606.65,24296.3022
002206,2026-08-05,5.36,0.0075190000000000005,124241.81,66457.67116
002207,2026-08-05,5.98,0.017007,123437.2,71958.2532
002208,2026-08-05,11.31,0.057998,785180.8,874361.77323
002209,2026-08-05,10.76,0.0,33399.5,35880.8015
002210,2026-08-05,2.32,0.008696,524285.76,121135.89604
002211,2026-08-05,3.85,0.02122,104828.0,40094.118
002212,2026-08-05,6.69,0.004505,714485.62,478055.94626
002213,2026-08-05,28.86,0.09984799999999999,206074.02,582451.21471
002214,2026-08-05,14.85,0.1,13744.73,20410.92405
002215,2026-08-05,9.18,0.002183,117069.0,107221.611
002216,2026-08-05,12.98,0.010117000000000001,73353.9,94247.8995
002217,2026-08-05,1.56,0.006452,1863849.65,288990.87488
002218,2026-08-05,4.19,0.002392,586881.55,244743.12467
002219,2026-08-05,2.1,-0.009434,623927.27,131511.3494
002221,2026-08-05,5.71,-0.0034899999999999996,170955.13,97408.24371
002222,2026-08-05,58.21,0.099962,399921.93,2249065.55487
002223,2026-08-05,27.57,-0.00863,106566.02,294158.78215
002224,2026-08-05,3.49,-0.005698,93783.52,32732.3205
002225,2026-08-05,3.76,0.002667,209467.18,78758.84404
002226,2026-08-05,5.09,-0.007796999999999999,228477.8,115704.1202
002227,2026-08-05,6.23,-0.011111,27833.0,17367.027
002228,2026-08-05,3.11,-0.00639,157855.0,49140.679
002229,2026-08-05,11.01,-0.004521,532408.05,586556.79046
002230,2026-08-05,44.17,0.015636,781697.96,3462621.37757
002232,2026-08-05,14.96,0.011493999999999999,75555.19,113895.57438
002233,2026-08-05,7.41,-0.004032,110069.0,81573.184
002234,2026-08-05,7.18,0.008427,35436.02,25395.2723
002235,2026-08-05,8.35,0.010896,241449.5,201956.72936
002236,2026-08-05,17.18,0.0029189999999999997,548808.4,943829.80024
002237,2026-08-05,13.98,0.044063,329969.34,454706.75263
002238,2026-08-05,6.13,-0.016051,44300.0,27377.893
002239,2026-08-05,2.55,-0.015444,475269.0,121765.128
002240,2026-08-05,30.72,0.044188,467537.89,1416314.5428
002241,2026-08-05,23.71,0.025963,1146681.48,2693078.83597
002242,2026-08-05,9.13,-0.002186,84470.66,76808.60052
002243,2026-08-05,7.43,0.008141,172642.25,128278.23317
002244,2026-08-05,8.63,0.012910999999999999,328880.4,279566.12249
002245,2026-08-05,16.79,0.025657,750871.52,1254859.59128
002246,2026-08-05,20.26,0.013000000000000001,122851.56,248614.548
002247,2026-08-05,2.21,-0.013392999999999999,237111.0,52499.814
002248,2026-08-05,8.97,0.017007,107978.0,96262.815
002249,2026-08-05,7.56,0.002653,445144.66,335595.76802
002250,2026-08-05,16.3,0.021943999999999998,220685.72,359281.21411
002251,2026-08-05,3.78,0.008,834133.47,313967.84945
002252,2026-08-05,5.06,-0.030651,684082.21,348048.97226
002253,2026-08-05,10.11,-0.000988,73602.15,73824.1202
002254,2026-08-05,12.24,0.034658,289439.96,351364.42492
002255,2026-08-05,8.73,0.002296,227837.96,198573.4077
002256,2026-08-05,3.43,0.005865,482777.0,164926.885
002258,2026-08-05,14.62,-0.005442,287361.16,420229.7522
002259,2026-08-05,3.9,0.010363,181305.0,70848.66
002261,2026-08-05,27.81,0.015705,657464.54,1831423.60835
002262,2026-08-05,21.62,-0.013236000000000001,109295.46,236839.36852
002263,2026-08-05,3.05,0.006601,549804.0,167211.542
002264,2026-08-05,6.7,0.010558000000000001,200887.77,133973.3129
002265,2026-08-05,19.23,-0.004658,157546.19,302570.15002
002266,2026-08-05,4.98,0.022587000000000003,801441.26,397186.31468
002267,2026-08-05,7.21,-0.016371,73588.0,53132.39477
002268,2026-08-05,14.73,-0.006072999999999999,123056.77,182906.39051
002269,2026-08-05,1.43,0.0,560296.0,80124.855
002270,2026-08-05,21.05,0.019864,253250.32,528831.54325
002271,2026-08-05,11.81,0.01113,315379.07,371452.00866
002272,2026-08-05,14.54,0.046043,313921.25,450349.45477
002273,2026-08-05,27.14,0.047472,645578.83,1718420.65116
002274,2026-08-05,5.54,0.0,181452.09,99938.38835
002275,2026-08-05,13.15,-0.012763,22307.0,29405.714
002276,2026-08-05,10.66,0.0,219844.46,233639.1243
002277,2026-08-05,5.82,0.001721,197983.0,115029.46
002278,2026-08-05,7.97,-0.002503,106426.05,84342.52128
002279,2026-08-05,6.99,-0.001429,852139.38,601112.82462
002281,2026-08-05,171.55,-0.004468,659623.15,11051122.6519
002282,2026-08-05,5.87,0.0,36366.02,21383.59364
002283,2026-08-05,8.98,0.050292,298515.35,266239.90119
002284,2026-08-05,9.7,0.014643999999999999,287125.43,280236.51537
002285,2026-08-05,2.16,0.004651,254860.0,54782.681
002286,2026-08-05,8.05,0.011307000000000001,98085.0,78482.652
002287,2026-08-05,20.6,-0.012464,19190.86,39559.68378
002289,2026-08-05,32.36,0.033206,78452.52,257059.66797
002290,2026-08-05,56.35,0.037753,74339.09,414481.33572
002291,2026-08-05,5.9,0.024306,1415914.59,829075.70642
002292,2026-08-05,8.31,-0.0035970000000000004,563095.89,467607.34787
002293,2026-08-05,11.21,0.023744,76618.1,85176.0302
002294,2026-08-05,34.35,0.007923,225689.97,769759.70241
002295,2026-08-05,8.57,0.014200999999999998,30667.12,26142.60036
002296,2026-08-05,9.04,0.00333,114562.04,103446.91604
002297,2026-08-05,17.86,0.05743,681421.84,1199470.46296
002298,2026-08-05,8.78,0.0,762149.83,662966.91446
002299,2026-08-05,16.64,0.003014,83735.0,139603.63927
002300,2026-08-05,7.39,-0.001351,456251.18,333855.23892
002301,2026-08-05,6.92,-0.001443,138234.0,96032.031
002302,2026-08-05,4.62,-0.012821,63069.64,29141.55876
002303,2026-08-05,5.23,0.065173,1418079.74,730364.18422
002304,2026-08-05,41.29,-0.015028999999999999,80183.05,331609.13106
002305,2026-08-05,2.06,0.024876,231739.01,47457.98405
002306,2026-08-05,1.85,0.03352,93470.01,17125.92083
002307,2026-08-05,3.1,0.0,238660.7,73659.5284
002309,2026-08-05,3.31,0.0030299999999999997,2152776.79,702307.82268
002310,2026-08-05,2.55,0.0,1420724.69,358732.70499
002311,2026-08-05,46.99,-0.012815,117945.17,556089.56057
002312,2026-08-05,8.58,0.014184,229193.0,194536.9872
002313,2026-08-05,8.18,0.009877,99633.31,81864.98934
002314,2026-08-05,2.11,-0.004717,211204.27,44521.64724
002315,2026-08-05,28.15,0.015879,144219.74,406546.4457
002316,2026-08-05,4.34,-0.022523,120931.0,52936.185
002317,2026-08-05,27.52,0.015498000000000001,300529.7,827165.73567
002318,2026-08-05,20.33,-0.015019,122310.07,248067.23463
002319,2026-08-05,10.73,0.0037419999999999997,107319.0,114884.52448
002320,2026-08-05,6.88,0.007320999999999999,157169.63,107995.82692
002321,2026-08-05,1.91,-0.005208000000000001,243151.0,46524.196
002322,2026-08-05,10.71,0.002809,38987.94,41747.1714
002323,2026-08-05,1.36,0.022556,613855.71,84235.64856
002324,2026-08-05,9.45,0.007463,201304.62,190958.3507
002326,2026-08-05,19.2,0.024,322246.34,615892.97175
002327,2026-08-05,6.51,-0.001534,32962.38,21384.81272
002328,2026-08-05,6.92,0.016153,249918.98,172633.00018
002329,2026-08-05,3.29,-0.006042,734829.31,242886.17822
002330,2026-08-05,3.82,-0.007792,84427.0,32290.062
002331,2026-08-05,6.99,-0.007102000000000001,69207.87,48542.77865
002332,2026-08-05,8.6,-0.009217,110829.0,95457.807
002333,2026-08-05,5.36,0.0056289999999999995,91423.01,48640.41228
002334,2026-08-05,6.76,-0.00295,120307.0,81396.429
002335,2026-08-05,31.6,0.019684,323065.42,1012378.92549
002337,2026-08-05,4.55,-0.00655,65117.51,29776.57857
002338,2026-08-05,41.92,0.050363,103726.04,428529.64461
002339,2026-08-05,7.38,-0.006729000000000001,188561.0,138911.023
002340,2026-08-05,6.84,0.013333,1245435.97,845897.73135
002342,2026-08-05,8.08,0.024081,546137.53,438633.57435
002343,2026-08-05,5.2,0.005803,108188.8,56135.9948
002344,2026-08-05,3.75,-0.007937,73021.12,27385.45624
002345,2026-08-05,10.65,0.057596999999999995,364367.63,383468.22924
002346,2026-08-05,20.0,0.10010999999999999,59420.97,115231.95178
002347,2026-08-05,5.91,0.0016950000000000001,113111.5,66865.081
002348,2026-08-05,12.12,0.09981899999999999,940323.0,1129971.216
002349,2026-08-05,6.68,-0.016200000000000003,112799.0,75616.923
002350,2026-08-05,16.14,0.069583,263623.88,417334.32441
002351,2026-08-05,10.36,-0.008612,89224.19,92514.71902
002352,2026-08-05,34.01,-0.012771999999999999,269105.02,912660.18494
002353,2026-08-05,148.99,0.050557,197077.18,2888813.12068
002354,2026-08-05,7.92,0.005076000000000001,5499296.87,4360854.15473
002355,2026-08-05,4.94,0.10022299999999999,127536.02,62846.40288
002356,2026-08-05,2.7,0.003717,187545.0,50782.403
002357,2026-08-05,8.94,0.013605,62388.0,55741.855
002358,2026-08-05,5.73,-0.005208000000000001,271697.0,154780.143
002360,2026-08-05,5.17,-0.0038540000000000002,53271.0,27857.073
002361,2026-08-05,11.41,0.027928,2182375.94,2492949.49005
002362,2026-08-05,16.23,0.0062,65922.0,107299.522
002363,2026-08-05,6.41,-0.001558,47927.0,30720.27
002364,2026-08-05,39.01,0.038328,361643.55,1396118.65449
002365,2026-08-05,12.75,-0.001566,196462.0,248827.5015
002366,2026-08-05,6.74,0.046584,1983763.86,1293439.98979
002367,2026-08-05,5.41,0.0018520000000000001,78857.0,42531.779
002368,2026-08-05,14.98,0.002007,109569.65,165490.10128
002369,2026-08-05,5.7,0.017857,219446.74,124692.29768
002370,2026-08-05,5.09,0.007921000000000001,229845.97,117054.78764
002371,2026-08-05,734.2,0.068705,137718.87,9945944.27717
002372,2026-08-05,8.65,-0.021493,189979.64,164507.94612
002373,2026-08-05,8.15,0.00246,217952.64,177964.17682
002374,2026-08-05,3.1,0.009772,214196.64,65978.2668
002375,2026-08-05,3.53,-0.002825,144295.0,50977.314
002376,2026-08-05,6.35,-0.001572,84409.6,53798.36
002377,2026-08-05,2.6,0.003861,177687.0,45987.041
002378,2026-08-05,25.21,0.075512,646044.08,1592284.95111
002379,2026-08-05,18.84,-0.021299000000000002,920605.0,1746175.28345
002380,2026-08-05,29.49,0.00272,66874.0,198454.481
002381,2026-08-05,5.3,-0.009346,54102.5,28773.6305
002382,2026-08-05,5.93,-0.005033999999999999,150149.0,88804.342
002383,2026-08-05,7.01,0.0,118966.0,83455.264
002384,2026-08-05,188.83,0.054386000000000004,1351068.9,24440703.4839
002385,2026-08-05,3.04,-0.006535999999999999,531278.0,161520.91
002386,2026-08-05,5.85,0.003431,156139.91,91128.14401
002387,2026-08-05,7.12,0.008499,159816.18,113514.15975
002388,2026-08-05,4.91,0.018672,392262.2,192558.7028
002389,2026-08-05,18.47,-0.001082,193177.03,355866.88815
002390,2026-08-05,2.94,-0.013423000000000001,224885.0,66083.061
002391,2026-08-05,5.26,0.0,63347.92,33212.63316
002392,2026-08-05,7.43,0.008141,124890.89,93074.70471
002393,2026-08-05,14.43,-0.006882,22484.07,32447.38986
002394,2026-08-05,9.14,0.013304,41364.0,37668.742
002395,2026-08-05,12.33,0.006531,29805.48,36671.28096
002396,2026-08-05,28.7,0.100038,970082.66,2722637.81024
002397,2026-08-05,3.52,-0.00565,154467.2,54214.6852
002398,2026-08-05,4.03,-0.012255,138513.0,56067.513
002399,2026-08-05,9.71,-0.010194000000000002,48890.4,47410.863
002400,2026-08-05,7.13,0.020028999999999998,1323551.72,938127.18117
002401,2026-08-05,12.6,0.008807,55950.8,71299.04382
002402,2026-08-05,21.65,0.036877,417063.5,897126.46974
002403,2026-08-05,9.39,0.008593,55180.0,51529.264
002404,2026-08-05,5.89,0.001701,67543.0,39609.826
002405,2026-08-05,6.88,-0.0043419999999999995,745848.97,518159.80631
002406,2026-08-05,6.8,0.001473,134495.79,91676.1952
002407,2026-08-05,32.81,0.046237,1826542.8,5885347.91351
002408,2026-08-05,5.08,-0.003922,243255.45,123481.11167
002409,2026-08-05,140.62,0.086036,427990.57,5890828.25177
002410,2026-08-05,9.74,0.00309,397721.87,390240.64074
002412,2026-08-05,7.0,-0.0014269999999999999,259950.54,180840.66435
002413,2026-08-05,8.45,0.016847,462120.74,390865.36858
002414,2026-08-05,13.58,0.051084,1291886.77,1740825.97638
002415,2026-08-05,38.44,-0.0049180000000000005,1050263.18,4045573.96403
002416,2026-08-05,9.84,-0.0020280000000000003,153158.09,150596.7332
002418,2026-08-05,3.69,0.022161,447555.0,163809.07646
002419,2026-08-05,4.57,-0.008677,96945.25,44395.79
002420,2026-08-05,5.63,0.001779,82428.82,46427.75784
002421,2026-08-05,3.53,0.014368,6969752.65,2480565.4065
002422,2026-08-05,42.9,0.014424,256238.18,1098869.07411
002423,2026-08-05,9.19,-0.007559,137140.41,126291.78866
002424,2026-08-05,4.6,0.006565,62742.0,28676.536
002425,2026-08-05,3.47,0.101587,149869.0,52004.543
002426,2026-08-05,2.74,0.026217,1036590.78,281956.02504
002427,2026-08-05,4.36,0.011600999999999998,121558.04,52535.9428
002428,2026-08-05,82.71,0.100013,311205.01,2573391.85962
002429,2026-08-05,7.99,0.026992,1032637.54,812688.57982
002430,2026-08-05,24.15,0.019847999999999998,198901.78,476797.12359
002431,2026-08-05,1.37,0.014815,208598.51,28262.81336
002432,2026-08-05,69.69,0.035512999999999996,432375.77,2991418.30774
002434,2026-08-05,5.9,0.013746000000000001,182462.37,107182.09356
002436,2026-08-05,30.51,0.061956,1382930.69,4119321.02049
002437,2026-08-05,2.92,-0.016835,681142.27,199046.08503
002438,2026-08-05,15.29,0.054483,371358.54,540241.47633
002439,2026-08-05,14.29,-0.003487,394356.85,564721.28815
002440,2026-08-05,13.05,0.023529,574679.37,741832.24577
002441,2026-08-05,8.02,-0.0024879999999999998,54314.0,43595.178
002442,2026-08-05,4.97,0.014286,112788.0,55751.972
002443,2026-08-05,8.4,0.028152,230023.5,191667.418
002444,2026-08-05,30.22,0.028591000000000002,149531.22,448743.56226
002445,2026-08-05,2.98,0.010169,343330.59,101889.26299
002446,2026-08-05,8.27,0.035044,334911.74,275593.58483
002448,2026-08-05,12.22,0.032966999999999996,294859.11,357719.88639
002449,2026-08-05,6.42,0.003125,84840.42,54502.40464
002451,2026-08-05,7.32,0.0027400000000000002,146468.94,107073.15338
002452,2026-08-05,11.5,0.009658,182076.62,208240.25124
002453,2026-08-05,4.33,0.011682,97349.44,41823.99488
002454,2026-08-05,5.04,-0.009823,93832.02,47548.45314
002455,2026-08-05,6.94,0.017595,326059.87,225043.69794
002456,2026-08-05,7.87,0.018111,1285290.37,1016838.97657
002457,2026-08-05,11.11,0.025854,356025.53,390216.15494
002458,2026-08-05,8.95,0.015891,309704.32,275762.95247
002459,2026-08-05,7.78,-0.0012839999999999998,315988.79,245751.61146
002460,2026-08-05,52.98,0.024758,431928.94,2267447.05153
002461,2026-08-05,8.84,-0.013392999999999999,70194.0,62386.582
002462,2026-08-05,11.82,-0.00922,30879.0,36571.961
002463,2026-08-05,115.6,0.034267,816615.28,9348712.42251
002465,2026-08-05,10.63,0.013346,595152.45,632069.86949
002466,2026-08-05,47.77,0.020726,494795.48,2345779.63163
002467,2026-08-05,4.88,0.0,578432.16,281905.58761
002468,2026-08-05,14.01,-0.021648,374271.76,520004.18073
002469,2026-08-05,5.83,-0.006814,60347.0,35156.144
002470,2026-08-05,1.98,0.010204,738274.0,144769.555
002471,2026-08-05,5.78,0.0,997439.8,576025.67616
002472,2026-08-05,39.72,0.022656999999999997,290959.36,1147407.01347
002474,2026-08-05,6.44,0.014173,256684.0,165889.081
002475,2026-08-05,55.87,0.00703,2242420.15,12223426.528
002476,2026-08-05,4.51,0.002222,72444.0,32673.61
002478,2026-08-05,6.41,0.006279,139190.0,88764.231
002479,2026-08-05,5.54,0.0,136654.19,75733.84312
002480,2026-08-05,5.62,0.0017829999999999999,125306.0,71035.883
002481,2026-08-05,4.16,-0.004785,85348.04,35450.88348
002482,2026-08-05,1.27,0.0,476092.0,60413.341
002483,2026-08-05,5.26,0.0,124183.23,65218.38828
002484,2026-08-05,64.24,0.083123,577844.81,3636665.80825
002485,2026-08-05,5.36,-0.009242,23449.91,12551.39521
002486,2026-08-05,2.31,-0.012821,202918.5,46944.4155
002487,2026-08-05,42.56,0.023815,290043.44,1227666.85483
002488,2026-08-05,9.18,0.012128000000000002,273777.22,248559.18856
002489,2026-08-05,2.75,-0.00722,178023.14,49053.60086
002490,2026-08-05,7.51,-0.002656,370745.91,276952.15433
002491,2026-08-05,16.06,0.1,1315262.61,2006444.5747
002492,2026-08-05,5.53,0.010969,82142.0,45300.223
002493,2026-08-05,12.39,0.028216,545325.05,666353.12746
002494,2026-08-05,4.59,-0.012903,102434.01,47135.56555
002495,2026-08-05,2.29,-0.004348,193713.0,44253.411
002496,2026-08-05,2.04,0.02,291137.0,59136.999
002497,2026-08-05,18.4,0.022789999999999998,363199.67,663362.6729
002498,2026-08-05,7.25,-0.017615000000000002,2122662.46,1519463.72241
002500,2026-08-05,5.42,-0.001842,166329.51,90308.44413
002501,2026-08-05,1.33,-0.036232,752989.43,100546.64019
002506,2026-08-05,2.76,0.01845,2256022.7,621137.32795
002507,2026-08-05,11.75,-0.013434,144352.56,169832.67416
002508,2026-08-05,15.71,-0.006325,80701.99,126703.46009
002510,2026-08-05,5.76,0.015872999999999998,259706.3,149471.7466
002511,2026-08-05,7.34,-0.004071,110030.6,80542.2682
002512,2026-08-05,3.82,0.013263,364856.0,139898.024
002513,2026-08-05,4.98,0.0,74235.0,36888.956
002514,2026-08-05,2.09,0.045,521569.0,105105.242
002515,2026-08-05,6.91,0.002903,671411.46,457173.39621
002516,2026-08-05,5.51,0.018484,274831.61,151879.8157
002517,2026-08-05,18.38,-0.010764000000000001,1210514.5,2228927.41626
002518,2026-08-05,33.65,0.047308,142094.23,469642.26427
002519,2026-08-05,5.54,0.009106999999999999,315289.8,174455.728
002520,2026-08-05,5.68,-0.0017569999999999999,308515.54,176283.1565
002521,2026-08-05,6.96,0.008696,50323.0,34873.143
002522,2026-08-05,5.04,0.008,283783.64,142581.37172
002523,2026-08-05,3.32,-0.003003,224543.0,74371.991
002524,2026-08-05,3.8,0.021505,223773.12,85169.93024
002526,2026-08-05,2.69,-0.0037040000000000003,250050.24,67124.28111
002527,2026-08-05,11.81,0.019862,131803.75,156483.30547
002528,2026-08-05,4.63,-0.014894000000000001,71535.0,33430.006
002529,2026-08-05,6.82,-0.014451,53501.0,36764.052
002530,2026-08-05,7.68,0.053498000000000004,510969.22,387603.75408
002531,2026-08-05,6.9,-0.0028899999999999998,471050.54,325251.16228
002532,2026-08-05,13.46,0.022795999999999997,973264.09,1299500.38001
002533,2026-08-05,11.75,-0.002547,121171.06,141907.92262
002534,2026-08-05,15.22,0.031863999999999996,183398.98,279837.2604
002535,2026-08-05,2.41,-0.00823,137348.3,33189.5939
002536,2026-08-05,38.17,0.099683,600735.33,2226191.73341
002537,2026-08-05,5.9,0.001698,217111.81,128457.33233
002538,2026-08-05,6.85,-0.00436,151804.0,104798.044
002539,2026-08-05,12.29,0.028452,177258.4,216141.7034
002540,2026-08-05,5.16,-0.011493999999999999,85503.35,44256.09635
002541,2026-08-05,19.34,0.007292,136778.47,265194.77252
002542,2026-08-05,1.77,-0.011172999999999999,363092.5,64857.6515
002543,2026-08-05,6.67,-0.017673,43413.0,28987.569
002544,2026-08-05,16.87,0.023665,126043.57,210384.11596
002545,2026-08-05,18.6,0.04260100000000001,257870.69,476123.09169
002546,2026-08-05,8.98,0.019296,559998.51,494227.56165
002547,2026-08-05,2.54,0.011952,329604.0,84101.715
002548,2026-08-05,3.98,0.020513,272912.95,108358.66044
002549,2026-08-05,14.01,0.039318,366155.82,506719.50289
002550,2026-08-05,6.92,-0.012839,198526.66,137603.06806
002551,2026-08-05,3.04,-0.009772,148881.5,45476.848
002552,2026-08-05,39.34,0.100112,187920.0,705948.037
002553,2026-08-05,16.26,0.004324,99252.0,161280.86497
002554,2026-08-05,2.86,-0.0034839999999999997,134501.0,38322.786
002555,2026-08-05,20.23,0.0024779999999999997,574457.71,1162358.61014
002556,2026-08-05,4.95,0.0020239999999999998,91441.5,45218.73607
002557,2026-08-05,19.84,0.004557,81932.43,161279.21851
002558,2026-08-05,30.07,0.0043419999999999995,1068342.79,3220599.6404
002559,2026-08-05,9.46,0.029380000000000003,336685.0,315477.698
002560,2026-08-05,6.49,0.009331,348552.02,224978.89241
002561,2026-08-05,6.64,-0.010431999999999999,38294.81,25488.17984
002562,2026-08-05,4.57,0.002193,193500.8,87979.731
002563,2026-08-05,6.12,-0.0016309999999999999,233703.11,142064.94199
002564,2026-08-05,4.44,0.0,141356.0,62500.512
002565,2026-08-05,9.46,0.027143999999999998,389344.92,367679.11596
002566,2026-08-05,6.45,0.0,119636.0,77066.157
002567,2026-08-05,3.63,0.005540000000000001,117993.5,42674.72123
002568,2026-08-05,19.72,0.005608999999999999,220757.51,431883.34001
002569,2026-08-05,12.7,0.00316,9535.0,12126.789
002570,2026-08-05,4.43,0.004535,172396.0,76111.503
002571,2026-08-05,10.72,0.012276,58419.0,62460.224
002572,2026-08-05,8.47,-0.005869,90230.0,76412.276
002573,2026-08-05,3.23,-0.006154,77852.02,25264.79452
002574,2026-08-05,4.55,0.004415,69905.0,31776.03
002575,2026-08-05,5.32,-0.009311,368415.8,196113.31788
002576,2026-08-05,14.65,-0.021376,64658.8,95131.46333
002577,2026-08-05,18.7,0.011904999999999999,57377.0,107892.143
002578,2026-08-05,3.17,0.01278,257440.5,81430.159
002579,2026-08-05,12.98,0.1,466468.44,594510.71192
002580,2026-08-05,20.39,0.056477000000000006,1039269.95,2060150.26714
002581,2026-08-05,3.45,-0.022663000000000003,67904.0,23550.402
002582,2026-08-05,10.17,0.018018,312055.72,316276.05888
002583,2026-08-05,8.64,-0.009174,302035.25,261974.34175
002584,2026-08-05,7.79,0.031788,369681.5,285117.786
002585,2026-08-05,9.41,0.051397000000000005,1458502.81,1341902.04638
002586,2026-08-05,3.59,0.028652999999999998,48401.0,17224.427
002587,2026-08-05,5.56,0.005425,197387.38,109340.20052
002588,2026-08-05,8.76,-0.003413,113719.31,99406.05432
002589,2026-08-05,2.77,-0.007168,263961.0,72904.778
002590,2026-08-05,9.78,0.019812,110647.0,108621.32
002591,2026-08-05,6.1,0.004941999999999999,89712.31,54932.88799
002592,2026-08-05,6.04,0.008347,30846.0,18562.292
002593,2026-08-05,4.36,0.0,110509.0,48085.069
002594,2026-08-05,90.82,-0.00362,515597.62,4654039.88458
002595,2026-08-05,53.15,0.011995,43090.97,225589.6805
002596,2026-08-05,3.23,0.009375,181110.0,58163.851
002597,2026-08-05,20.6,0.006351,78596.99,160614.94555
002598,2026-08-05,6.62,0.0,23338.0,15439.102
002599,2026-08-05,6.35,0.009538999999999999,145944.7,92286.1371
002600,2026-08-05,12.97,0.024487000000000002,1353154.57,1743379.66976
002601,2026-08-05,16.7,0.010896,144018.05,239177.72293
002602,2026-08-05,14.12,0.0,1175414.0,1665847.88101
002603,2026-08-05,16.44,-0.020846,326911.33,538690.1389
002605,2026-08-05,18.78,-0.011057999999999998,85104.07,160557.97437
002606,2026-08-05,14.69,-0.018704000000000002,401803.46,587988.50544
002607,2026-08-05,2.35,0.09813100000000001,6751227.29,1529251.34237
002608,2026-08-05,7.4,-0.006711,223596.0,165469.58148
002609,2026-08-05,7.83,-0.001276,71606.5,56349.076
002611,2026-08-05,16.51,-0.004822,332290.51,549966.34355
002612,2026-08-05,14.9,-0.00134,145905.53,217365.60482
002613,2026-08-05,3.34,0.003003,289073.0,96417.374
002614,2026-08-05,4.77,-0.004175,69941.75,33303.2335
002615,2026-08-05,6.67,0.01214,72829.45,48637.31445
002616,2026-08-05,4.76,-0.004184,122041.37,57870.68438
002617,2026-08-05,6.41,0.01746,1036626.45,660357.64383
002620,2026-08-05,5.26,0.023346,110159.87,57096.3091
002622,2026-08-05,2.32,-0.004292000000000001,216135.06,50363.4213
002623,2026-08-05,16.0,-0.013564,55797.01,89701.98791
002624,2026-08-05,11.54,0.000867,631176.37,733352.73139
002625,2026-08-05,30.9,0.0,213014.75,658950.70772
002626,2026-08-05,14.14,-0.011189,40496.58,57466.69802
002627,2026-08-05,6.42,0.003125,149746.5,96775.0835
002628,2026-08-05,4.62,0.013158000000000001,167758.36,77393.0596
002629,2026-08-05,4.57,-0.004357,100034.0,45655.509
002630,2026-08-05,1.68,-0.005917,133118.2,22506.5874
002631,2026-08-05,7.43,0.046479,359512.28,263155.99178
002632,2026-08-05,8.28,0.010989,169996.0,140291.45
002633,2026-08-05,14.72,0.025070000000000002,20783.0,30413.84688
002634,2026-08-05,4.09,-0.004866,43531.0,17803.983
002635,2026-08-05,14.65,0.041222,244997.74,354885.08449
002636,2026-08-05,56.18,0.10005900000000001,530417.14,2847505.23947
002637,2026-08-05,10.65,0.007569,136591.51,144437.13314
002638,2026-08-05,3.66,0.019499,191393.0,69332.687
002639,2026-08-05,12.87,0.0070420000000000005,591783.24,759289.51987
002640,2026-08-05,3.47,0.005797,1033591.0,356475.335
002641,2026-08-05,3.89,-0.005115,97019.44,37699.80872
002642,2026-08-05,7.5,-0.00266,237187.34,177914.78574
002643,2026-08-05,13.78,0.037651,262540.41,359145.36045
002644,2026-08-05,7.73,-0.014031,29866.5,23146.8445
002645,2026-08-05,18.03,0.047647,557487.29,996741.86429
002646,2026-08-05,6.82,-0.01016,52426.1,35790.20992
002647,2026-08-05,9.87,0.006116,183534.0,180826.371
002648,2026-08-05,25.26,0.002381,563125.81,1406476.56697
002649,2026-08-05,10.26,0.099678,266124.02,267961.48869
002650,2026-08-05,6.04,0.030716999999999998,59402.25,35613.645
002651,2026-08-05,7.86,-0.010076,69664.0,54815.816
002652,2026-08-05,3.77,-0.007895,172265.8,65318.263
002653,2026-08-05,64.09,0.048593000000000004,89486.04,562378.45087
002654,2026-08-05,12.57,0.040563,631855.64,791918.12371
002655,2026-08-05,27.07,0.099959,246630.0,644918.78615
002656,2026-08-05,2.94,-0.0033900000000000002,130259.51,38289.49192
002657,2026-08-05,15.87,0.005066,201858.13,321161.97989
002658,2026-08-05,7.34,0.004104,48847.0,35725.228
002659,2026-08-05,5.0,-0.013807,1006948.99,501549.16187
002660,2026-08-05,6.76,-0.00295,44806.0,30399.131
002661,2026-08-05,7.53,-0.006595999999999999,25986.0,19537.285
002662,2026-08-05,3.22,-0.003096,106759.59,34314.93386
002663,2026-08-05,1.61,0.0,288498.78,46282.05602
002664,2026-08-05,16.36,0.012376,59113.23,96427.95382
002666,2026-08-05,4.12,-0.002421,80133.0,33006.055
002667,2026-08-05,12.25,0.028547,169401.0,204904.71
002668,2026-08-05,10.57,0.058058,270033.35,280436.3213
002669,2026-08-05,12.17,0.037511,161622.04,194939.81516
002670,2026-08-05,11.46,0.02965,429928.74,493213.50046
002671,2026-08-05,3.82,-0.002611,122045.0,46540.157
002672,2026-08-05,3.59,0.019886,188690.94,68090.92358
002673,2026-08-05,6.79,-0.0029370000000000004,222783.65,151589.77407
002674,2026-08-05,26.93,0.100082,312100.03,816299.12742
002675,2026-08-05,12.84,-0.003879,53774.49,68956.49454
002676,2026-08-05,5.04,-0.00198,89766.0,45202.216
002677,2026-08-05,6.66,0.010622,76856.58,51072.08724
002678,2026-08-05,4.46,-0.0066820000000000004,62893.6,28117.8876
002679,2026-08-05,8.68,-0.004587,24808.03,21585.67522
002681,2026-08-05,4.75,0.0063560000000000005,570383.44,270056.842
002682,2026-08-05,4.46,0.004505,177563.19,78830.10098
002683,2026-08-05,28.53,0.008484,64464.34,183609.29175
002685,2026-08-05,5.41,0.009328,275780.05,148735.81834
002686,2026-08-05,5.97,0.013582,291197.09,174682.00736
002687,2026-08-05,4.99,0.018367,162076.99,80664.89224
002688,2026-08-05,5.07,-0.007828,85125.0,43109.965
002689,2026-08-05,2.66,0.011407,71078.19,18820.00506
002690,2026-08-05,15.54,-0.005122,54593.07,84836.82846
002691,2026-08-05,4.24,0.026634,28636.0,11914.98
002692,2026-08-05,4.05,-0.004914,156378.0,63142.537
002693,2026-08-05,9.51,-0.016546,430151.4,410684.5606
002694,2026-08-05,2.13,0.0,26473.0,5619.937
002695,2026-08-05,10.07,-0.026112000000000003,192803.9,195104.5834
002696,2026-08-05,5.43,-0.001838,51551.31,27997.93382
002697,2026-08-05,4.64,-0.006424,156371.0,72575.761
002698,2026-08-05,13.12,-0.010558000000000001,222088.5,292335.2
002700,2026-08-05,5.9,0.0,68865.0,40577.81
002701,2026-08-05,4.91,0.00409,320640.44,156031.21029
002702,2026-08-05,4.82,-0.00823,662864.36,319675.07544
002703,2026-08-05,16.28,0.1,127229.94,207130.34232
002705,2026-08-05,11.63,0.0,72165.69,83630.02571
002706,2026-08-05,9.34,-0.00107,278502.46,260422.9866
002707,2026-08-05,5.18,-0.005758,137647.14,71336.93288
002708,2026-08-05,10.6,0.031128,168912.38,177872.99368
002709,2026-08-05,39.05,0.052277,811056.29,3127338.47221
002712,2026-08-05,4.82,-0.0061860000000000005,185075.7,89575.1635
002713,2026-08-05,10.0,0.034126,225036.92,225874.72478
002714,2026-08-05,38.36,0.008943,508767.18,1944391.15512
002715,2026-08-05,13.47,0.006725999999999999,23434.0,31559.419
002716,2026-08-05,8.77,0.06820999999999999,1623269.36,1393720.96496
002717,2026-08-05,1.06,0.0,647744.71,68175.58284
002718,2026-08-05,83.75,0.03651,14067.0,116036.732
002719,2026-08-05,5.88,-0.001698,41393.0,24245.257
002721,2026-08-05,2.67,0.098765,505128.0,128309.409
002722,2026-08-05,12.78,0.005507,40329.0,50975.06299
002723,2026-08-05,7.25,0.034237000000000004,100862.59,72783.65537
002724,2026-08-05,5.35,-0.0018659999999999998,76185.22,40891.21348
002725,2026-08-05,11.32,0.015247,64758.0,73405.1028
002726,2026-08-05,2.04,-0.014493,894569.24,180786.94817
002727,2026-08-05,11.32,-0.018213,82028.0,92986.93714
002728,2026-08-05,9.19,-0.005411,177229.04,162418.9702
002729,2026-08-05,13.71,0.00073,54524.3,75075.2637
002730,2026-08-05,21.76,0.026899000000000003,94840.56,207055.93156
002731,2026-08-05,1.99,0.025773,570950.96,107774.4324
002732,2026-08-05,13.35,-0.008909,18993.0,25467.919
002733,2026-08-05,18.84,0.031198999999999998,142426.78,265912.83153
002734,2026-08-05,15.16,0.100145,326766.82,486095.11036
002735,2026-08-05,11.67,0.021890999999999997,208402.25,241655.3381
002736,2026-08-05,10.3,-0.00097,252127.71,259883.41459
002737,2026-08-05,13.23,-0.014892,53111.0,70272.366
002738,2026-08-05,51.56,0.047542,274712.35,1402617.21613
002739,2026-08-05,8.9,0.010216000000000001,668836.09,595523.28703
002741,2026-08-05,22.91,0.053818000000000005,288284.8,651728.72028
002742,2026-08-05,3.74,0.005376,116661.02,43144.92042
002743,2026-08-05,3.84,-0.007752,84746.0,32806.752
002745,2026-08-05,10.69,0.053202,855057.83,897915.46403
002746,2026-08-05,6.12,-0.004878,179917.37,109571.29509
002747,2026-08-05,34.27,0.060991,991640.3,3354588.53618
002748,2026-08-05,10.75,0.032660999999999996,45570.0,48170.591
002749,2026-08-05,8.66,-0.0057410000000000004,32659.8,28212.751
002752,2026-08-05,6.01,0.0067,135649.68,81170.94867
002753,2026-08-05,6.11,0.0,25042.4,15269.34956
002755,2026-08-05,13.33,-0.008185,75128.96,100379.36206
002756,2026-08-05,48.06,0.026046,118812.14,567492.30072
002757,2026-08-05,17.51,0.005166,252399.75,440152.13434
002758,2026-08-05,7.88,-0.0037930000000000004,40117.0,31548.243
002759,2026-08-05,15.16,0.005972,335652.43,506904.79175
002760,2026-08-05,17.28,0.019469,50386.37,86809.55246
002761,2026-08-05,7.3,-0.01084,109170.24,79932.66372
002762,2026-08-05,9.26,0.025471,94281.68,86220.50688
002763,2026-08-05,7.28,-0.004104,64739.52,47011.58402
002765,2026-08-05,7.12,0.012802000000000001,97957.9,69598.5705
002766,2026-08-05,4.39,0.100251,94846.54,41637.63106
002767,2026-08-05,17.28,0.023091,24439.0,42081.908
002768,2026-08-05,57.1,0.065299,186486.14,1034898.52586
002769,2026-08-05,6.9,-0.0028899999999999998,56406.5,38821.9325
002771,2026-08-05,13.01,0.00931,102648.8,134530.783
002772,2026-08-05,10.5,0.007678000000000001,94767.5,99141.779
002773,2026-08-05,21.4,-0.006038,70996.25,152157.93757
002774,2026-08-05,15.5,0.050136,102092.0,156025.833
002775,2026-08-05,3.85,0.0,196888.86,75730.01824
002777,2026-08-05,13.4,-0.005935,113644.0,153037.0556
002778,2026-08-05,15.08,0.006004000000000001,20703.0,31335.015
002779,2026-08-05,69.72,0.030751,35937.03,249504.52889
002780,2026-08-05,13.11,0.0,48875.0,64111.98
002782,2026-08-05,14.98,0.023224,122621.67,182129.73213
002783,2026-08-05,7.48,0.005376,51220.17,38179.52262
002785,2026-08-05,34.23,0.007357,50896.08,175625.81564
002786,2026-08-05,7.73,0.00651,78325.0,60475.515
002787,2026-08-05,20.83,0.058434999999999994,206804.37,423598.398
002788,2026-08-05,10.76,0.0027960000000000003,145751.71,156676.54787
002789,2026-08-05,9.93,-0.026471,27549.0,27653.67298
002790,2026-08-05,5.7,-0.008696,44085.12,25151.57588
002791,2026-08-05,15.29,-0.007787,47631.88,72882.4598
002792,2026-08-05,30.74,0.069217,740280.69,2288923.64114
002793,2026-08-05,5.08,-0.007813,786570.72,397303.91953
002795,2026-08-05,6.56,0.004594,158227.04,103839.49136
002796,2026-08-05,27.84,0.038419,212196.43,575840.0485
002797,2026-08-05,6.68,0.0014990000000000001,497975.99,332741.90313
002798,2026-08-05,5.5,0.016635999999999998,87835.0,48027.229
002799,2026-08-05,6.58,-0.007541,60506.0,39848.774
002800,2026-08-05,13.18,0.003044,25291.13,33215.03134
002801,2026-08-05,28.28,-0.002117,14582.0,41266.995
002802,2026-08-05,11.08,-0.0035970000000000004,25078.38,27836.96284
002803,2026-08-05,19.58,-0.010610999999999999,236168.98,465655.54613
002805,2026-08-05,18.29,0.04934,174812.98,315593.02409
002806,2026-08-05,13.56,0.043077,89116.54,119366.1073
002807,2026-08-05,4.04,-0.014634000000000001,403743.03,163621.8504
002809,2026-08-05,7.96,0.001258,56026.88,44672.79168
002810,2026-08-05,20.33,0.008433000000000001,46090.94,94070.09391
002811,2026-08-05,10.31,0.025870999999999998,51979.0,53086.541
002812,2026-08-05,54.75,0.025665,230707.99,1254060.59868
002813,2026-08-05,21.16,0.006182,34956.52,74441.01746
002815,2026-08-05,12.31,0.033585,431967.43,526738.51599
002816,2026-08-05,25.4,0.005940999999999999,17598.0,44544.359
002817,2026-08-05,6.24,-0.007949000000000001,60704.0,37910.609
002818,2026-08-05,10.82,-0.007339,39954.0,43218.518
002819,2026-08-05,21.01,0.009126,19737.8,41388.991
002820,2026-08-05,9.15,0.005495,79105.6,72421.40436
002821,2026-08-05,163.38,0.010952,141386.68,2344294.06823
002822,2026-08-05,3.18,0.012739,82919.61,26286.39937
002823,2026-08-05,13.35,0.008308,48539.8,64703.01211
002824,2026-08-05,22.0,0.056676000000000004,190791.84,411533.37386
002825,2026-08-05,8.44,0.009569,40313.88,33684.34139
002826,2026-08-05,16.5,0.0030399999999999997,37253.21,61477.40657
002827,2026-08-05,44.76,0.069023,455662.45,2014173.34184
002828,2026-08-05,12.4,0.027341,266054.9,326682.078
002829,2026-08-05,20.76,0.018646,109932.03,227724.19561
002830,2026-08-05,13.12,0.030636,31526.6,40961.938
002831,2026-08-05,27.96,0.021183,99041.4,274475.38008
002832,2026-08-05,25.89,0.023319999999999997,181266.33,469699.59428
002833,2026-08-05,18.03,0.008954,57318.06,103417.68636
002835,2026-08-05,12.14,0.004136,24397.0,29565.196
002836,2026-08-05,9.43,0.013977999999999999,30931.79,29116.96243
002837,2026-08-05,52.33,0.058669,544119.36,2802380.59134
002838,2026-08-05,26.35,0.050637999999999996,83083.79,215265.73232
002839,2026-08-05,4.46,-0.013274,331121.36,148010.70824
002840,2026-08-05,8.33,0.034783,210150.87,173182.31054
002841,2026-08-05,49.03,0.062635,172054.7,830180.03185
002842,2026-08-05,34.56,0.09993600000000001,406581.92,1348349.04052
002843,2026-08-05,16.27,0.029747,92939.28,150143.3164
002845,2026-08-05,12.65,0.018519,89878.41,113278.37399
002846,2026-08-05,10.69,0.020038,174287.74,185422.88982
002847,2026-08-05,50.57,0.00019800000000000002,40807.77,205505.37063
002848,2026-08-05,12.73,-0.015467999999999999,74030.01,94300.64567
002849,2026-08-05,15.45,0.078158,80752.19,122211.09759
002850,2026-08-05,183.96,0.014504,44939.52,824547.14393
002851,2026-08-05,116.5,0.090824,386630.27,4367554.67466
002852,2026-08-05,7.72,-0.010256000000000001,38266.0,29525.558
002853,2026-08-05,20.79,0.007267,12380.0,25684.989
002855,2026-08-05,9.81,0.009259,28404.0,27814.746
002856,2026-08-05,15.08,-0.007895,51129.0,76657.493
002857,2026-08-05,16.53,-0.008993,25470.0,42267.565
002858,2026-08-05,11.63,0.008673,51075.0,59343.726
002859,2026-08-05,65.36,0.089333,231219.98,1476275.91455
002860,2026-08-05,16.7,-0.002389,128001.42,213146.67622
002861,2026-08-05,16.15,0.029973999999999997,58367.3,93561.4279
002862,2026-08-05,13.75,0.009545,38809.1,52914.5847
002863,2026-08-05,4.4,-0.004525,95186.0,41968.086
002864,2026-08-05,21.25,0.000471,29758.9,62790.6914
002865,2026-08-05,44.3,0.031432,87156.94,382347.9142
002866,2026-08-05,15.56,0.019659,150446.8,233415.12936
002867,2026-08-05,12.77,0.002355,72768.78,92594.74427
002868,2026-08-05,22.79,0.011989000000000001,15486.3,35220.967
002869,2026-08-05,16.04,0.001248,52600.34,85529.38925
002870,2026-08-05,39.61,0.014081,28235.48,111985.4337
002871,2026-08-05,16.64,0.038702,48565.49,80011.34211
002872,2026-08-05,5.06,0.00198,20474.0,10397.664
002873,2026-08-05,7.8,-0.005102,60798.0,47574.761
002875,2026-08-05,13.48,0.046584,56007.0,73989.1767
002876,2026-08-05,27.62,0.029445000000000002,44094.56,120862.37027
002877,2026-08-05,7.19,-0.001389,51624.5,37074.6225
002878,2026-08-05,12.6,0.003185,72630.28,91548.52204
002879,2026-08-05,19.01,0.013326,398310.29,743565.9247
002880,2026-08-05,20.94,0.033054,45180.45,93811.80798
002881,2026-08-05,37.87,0.028517,93785.94,353978.80748
002882,2026-08-05,22.94,-0.006495999999999999,225797.03,509939.16907
002883,2026-08-05,8.55,-0.004657,13228.0,11283.75799
002884,2026-08-05,16.25,0.001232,14330.0,23196.809
002885,2026-08-05,26.19,0.047181,190325.56,491106.32458
002886,2026-08-05,18.91,0.039011,99276.31,185954.7777
002887,2026-08-05,10.23,0.039634,86820.68,89524.17761
002888,2026-08-05,17.27,0.038485,41960.0,70858.423
002889,2026-08-05,12.28,0.021631,97937.18,118863.93616
002890,2026-08-05,13.44,0.003734,17429.7,23377.8282
002891,2026-08-05,31.64,-0.000947,151464.51,477679.18528
002892,2026-08-05,9.89,0.0,73913.5,73239.86604
002893,2026-08-05,9.73,0.0020599999999999998,56567.0,54868.525
002895,2026-08-05,34.74,0.036396000000000005,75435.59,259299.52653
002896,2026-08-05,78.92,0.03692,246932.93,1909366.49087
002897,2026-08-05,55.6,0.060259,121148.41,661005.79067
002899,2026-08-05,19.52,0.011399,34815.44,68061.37598
002900,2026-08-05,12.71,0.025,413848.4,520785.9693
002901,2026-08-05,43.42,0.0050929999999999994,14817.55,64062.75957
002902,2026-08-05,23.63,0.015470999999999999,416920.26,965115.86323
002903,2026-08-05,26.15,0.055286999999999996,122622.18,317333.58177
002905,2026-08-05,7.6,0.0,42001.0,31895.027
002906,2026-08-05,26.7,0.027714,104031.19,277663.31225
002907,2026-08-05,13.06,-0.007599,38741.0,50553.791
002908,2026-08-05,7.58,0.100145,106902.66,78479.67408
002909,2026-08-05,4.96,-0.008,54736.23,27287.12016
002910,2026-08-05,9.0,0.011236,84902.0,76397.003
002911,2026-08-05,11.31,-0.014807999999999998,88630.59,99224.05905
002912,2026-08-05,22.2,0.055635000000000004,169199.9,369930.67588
002913,2026-08-05,47.92,0.069643,118725.64,555513.45283
002915,2026-08-05,16.95,0.024169,76448.41,128241.64617
002916,2026-08-05,349.18,0.050039,144655.9,4980754.26458
002917,2026-08-05,10.42,0.0,29533.0,30791.988
002918,2026-08-05,9.63,0.003125,99511.26,95703.34308
002919,2026-08-05,17.5,0.013318000000000002,40831.0,71988.637
002920,2026-08-05,95.98,0.033488000000000004,138318.88,1314386.10716
002921,2026-08-05,23.05,0.030398,104546.35,240536.14065
002922,2026-08-05,25.69,0.030899,157270.3,399555.6687
002923,2026-08-05,10.89,0.000919,96248.82,104879.02272
002925,2026-08-05,23.48,0.032088,181699.54,421614.56311
002926,2026-08-05,8.4,0.002387,147492.03,123919.17723
002927,2026-08-05,15.53,0.013046,53015.55,82146.9957
002928,2026-08-05,6.77,0.019577999999999998,260403.49,175620.57956
002929,2026-08-05,57.77,0.069617,267063.47,1525078.11072
002930,2026-08-05,8.96,0.009009,104786.49,93299.88405
002931,2026-08-05,49.5,0.03082,120603.7,592154.45445
002932,2026-08-05,14.89,0.0067610000000000005,12844.19,19037.01824
002933,2026-08-05,26.34,0.018956,15101.0,39596.65
002935,2026-08-05,15.99,0.006927,52560.73,84321.76637
002936,2026-08-05,1.81,-0.010929,934867.19,169545.80532
002937,2026-08-05,28.52,0.035585,79030.0,223696.90808
002938,2026-08-05,91.13,0.023933,363277.01,3275055.47782
002939,2026-08-05,8.31,0.0,212331.59,176469.4937
002940,2026-08-05,25.57,0.013073999999999999,108514.42,275808.80384
002941,2026-08-05,10.93,-0.006364,147573.02,160596.65608
002942,2026-08-05,15.04,-0.001328,14416.9,21687.6377
002943,2026-08-05,30.93,0.063252,99049.33,304099.19747
002945,2026-08-05,15.03,-0.009881,245090.32,367869.36688
002946,2026-08-05,17.3,0.002317,69548.01,119700.71318
002947,2026-08-05,56.59,0.044867,78675.89,440927.573
002948,2026-08-05,5.73,0.005263,343798.91,196586.28469
002949,2026-08-05,10.26,-0.012512,26487.04,27337.30358
002950,2026-08-05,9.32,-0.005336,62017.29,57676.54262
002951,2026-08-05,13.83,0.013186999999999999,54211.0,74341.859
002952,2026-08-05,19.27,0.016887,34110.0,65432.76695
002953,2026-08-05,9.71,-0.005123,70441.5,68355.2147
002955,2026-08-05,33.78,0.060264,69385.26,231684.66043
002956,2026-08-05,18.1,0.027825000000000003,68319.16,123557.47924
002957,2026-08-05,38.47,0.100086,88814.85,329918.02104
002958,2026-08-05,3.1,-0.009585,640388.75,199147.44881
002959,2026-08-05,34.3,-0.001456,8772.3,29968.6275
002960,2026-08-05,8.25,0.012270000000000001,76324.63,62919.78372
002961,2026-08-05,20.03,0.00856,51268.56,102255.63696
002962,2026-08-05,12.97,0.029365000000000002,120906.2,155651.33446
002963,2026-08-05,17.59,0.100063,30803.0,52784.546
002965,2026-08-05,30.85,0.065999,224061.99,680282.73014
002966,2026-08-05,8.25,-0.006024000000000001,436729.81,361180.76275
002967,2026-08-05,17.39,0.002305,38427.0,66898.6595
002968,2026-08-05,8.87,-0.0033710000000000003,30242.0,26717.527
002969,2026-08-05,13.33,0.028549,701775.26,925767.8763
002970,2026-08-05,53.12,0.06859799999999999,47559.0,250871.29843
002971,2026-08-05,37.5,0.100029,92008.5,329908.8345
002972,2026-08-05,12.99,0.046737,52784.2,67286.1312
002973,2026-08-05,9.99,0.043887,105380.72,104166.48508
002975,2026-08-05,84.61,0.09997400000000001,33464.64,278314.81404
002976,2026-08-05,21.56,0.068914,53048.8,111762.9133
002977,2026-08-05,22.29,0.026716000000000004,13738.96,30774.8898
002978,2026-08-05,27.04,0.014634000000000001,40719.05,109741.08321
002979,2026-08-05,60.02,0.057621000000000006,190537.77,1132893.84282
002980,2026-08-05,76.14,0.09997099999999999,131623.8,960963.8572
002981,2026-08-05,23.72,0.027285,22850.5,53469.20599
002982,2026-08-05,11.89,0.011915,32599.16,38490.60796
002983,2026-08-05,19.4,0.029178000000000003,24011.96,46251.2622
002984,2026-08-05,14.5,-0.011588000000000001,109586.85,159052.2479
002985,2026-08-05,26.37,0.010731999999999998,52781.72,138840.13502
002986,2026-08-05,12.23,0.01158,51893.32,63085.01016
002987,2026-08-05,11.69,0.013876999999999999,526997.88,634528.81964
002988,2026-08-05,21.14,0.018795,34094.0,71324.221
002989,2026-08-05,22.75,0.043578,111668.0,249230.0016
002990,2026-08-05,49.29,0.099978,177689.08,853927.72615
002991,2026-08-05,42.9,-0.006715,8065.0,34676.097
002992,2026-08-05,36.19,0.1,21817.39,75734.28555
002993,2026-08-05,37.35,0.055084999999999995,79747.24,293631.95366
002995,2026-08-05,18.28,0.0027429999999999998,156090.8,283721.1439
002996,2026-08-05,6.28,0.003195,72462.04,45530.39156
002997,2026-08-05,27.28,0.012997000000000002,21831.3,59425.7696
002998,2026-08-05,7.9,0.079235,235550.34,178314.61201
002999,2026-08-05,5.67,-0.007005,50318.0,28557.036
003000,2026-08-05,10.71,-0.005571,48975.11,52254.59841
003001,2026-08-05,20.75,-0.007652,268642.78,549009.2075
003002,2026-08-05,16.7,0.025799,36984.0,61069.856
003003,2026-08-05,10.46,-0.000955,40179.0,42270.466
003004,2026-08-05,64.12,0.035864,17905.0,113378.914
003005,2026-08-05,14.29,0.032514,164689.11,237309.96218
003006,2026-08-05,14.62,-0.008813999999999999,40025.0,58548.227
003007,2026-08-05,38.77,0.029748,35671.5,136403.889
003008,2026-08-05,18.39,0.005467,14511.8,26571.8605
003009,2026-08-05,49.12,0.009453,44252.25,216957.35128
003010,2026-08-05,26.51,0.01532,90725.85,238807.48272
003011,2026-08-05,18.65,0.006475999999999999,25837.6,48059.0872
003012,2026-08-05,4.71,-0.010504,75601.55,35732.62376
003013,2026-08-05,18.2,0.00497,107854.21,194400.18284
003015,2026-08-05,11.01,0.015683,50427.1,55220.8423
003016,2026-08-05,6.75,-0.002954,30888.86,20807.09678
003017,2026-08-05,21.5,0.004673,18232.76,39206.08096
003018,2026-08-05,38.24,0.100115,120913.94,446494.12751
003019,2026-08-05,23.54,0.037004,49212.68,114748.86246
003020,2026-08-05,17.36,-0.001725,90125.31,155709.16695
003021,2026-08-05,81.17,0.015895,39351.79,316653.02657
003022,2026-08-05,19.83,0.006599000000000001,104132.81,206455.22034
003023,2026-08-05,21.66,0.038351,44738.0,96281.78
003025,2026-08-05,12.02,0.012637,46781.2,56213.7144
003026,2026-08-05,28.0,0.054614,121244.78,334803.83868
003027,2026-08-05,16.42,0.01233,29651.0,48438.507
003028,2026-08-05,22.49,0.013063,10118.0,22636.078
003029,2026-08-05,17.05,-0.002924,32779.0,56255.754
003030,2026-08-05,21.73,0.032304,36940.97,79050.04079
003031,2026-08-05,108.63,0.083051,141552.31,1487563.23183
003032,2026-08-05,11.73,0.10037499999999999,534438.46,626026.43037
003033,2026-08-05,61.9,0.06908500000000001,21772.44,129753.93832
003035,2026-08-05,5.7,-0.003497,254158.99,144833.76533
003036,2026-08-05,47.5,0.055556,116779.97,548510.28022
003037,2026-08-05,5.64,0.0,36095.0,20313.916
003038,2026-08-05,10.76,0.0027960000000000003,36383.0,39217.423
003039,2026-08-05,11.97,-0.015625,38916.0,46780.469
003040,2026-08-05,11.33,0.008007,121832.59,138186.88258
003041,2026-08-05,44.86,0.073206,34719.0,151237.02338
003042,2026-08-05,12.82,-0.001558,30088.2,38600.3641
003043,2026-08-05,66.6,0.07419400000000001,61542.66,397257.07027
003816,2026-08-05,3.99,-0.019656,1358102.97,543602.8435
300001,2026-08-05,35.82,-0.011589,201695.32,723699.56659
300002,2026-08-05,8.89,0.012528,805070.21,716814.04922
300003,2026-08-05,12.95,0.001547,304930.91,393604.79147
300004,2026-08-05,8.33,0.023342,208889.8,172513.9895
300005,2026-08-05,10.5,0.042701,604512.62,629508.51855
300006,2026-08-05,5.04,-0.007873999999999999,191286.62,96625.96012
300007,2026-08-05,35.13,0.002855,131316.88,461652.68336
300008,2026-08-05,6.29,-0.001587,486782.51,305426.6758
300009,2026-08-05,8.29,-0.011918999999999999,170461.4,141942.72212
300010,2026-08-05,2.42,0.029786999999999998,945774.06,223330.06388
300011,2026-08-05,5.95,-0.00335,50630.0,30142.355
300012,2026-08-05,14.23,0.002819,237064.05,337671.74379
300013,2026-08-05,3.82,0.040872,182033.0,67699.68
300014,2026-08-05,55.81,0.015835,459042.41,2547739.56317
300015,2026-08-05,8.88,-0.006711,785024.71,697783.52912
300016,2026-08-05,8.03,0.002497,137989.29,110544.81851
300017,2026-08-05,14.98,0.016972,2205849.99,3318526.3507
300018,2026-08-05,12.12,0.018487,147000.0,178253.8146
300019,2026-08-05,15.18,0.004633,102859.82,156296.73218
300020,2026-08-05,3.5,-0.002849,131561.77,45837.57673
300021,2026-08-05,3.92,0.0025580000000000004,108124.66,42191.76108
300022,2026-08-05,7.97,0.015287,79330.0,62676.969
300024,2026-08-05,16.08,0.019658,652544.8,1034992.18113
300025,2026-08-05,4.77,0.002101,167812.16,80236.65807
300026,2026-08-05,3.39,-0.020231,585395.58,198810.49946
300027,2026-08-05,1.86,0.005405,291878.06,53998.3681
300030,2026-08-05,6.49,-0.007645,68699.03,44858.61368
300031,2026-08-05,21.92,0.030559,333082.76,731954.78246
300032,2026-08-05,3.72,0.013624,199373.26,73383.7272
300033,2026-08-05,242.33,0.037771,204152.0,4920001.65858
300034,2026-08-05,16.19,0.0074670000000000005,99574.45,161223.99085
300035,2026-08-05,14.18,0.011412,156679.98,220925.32604
300036,2026-08-05,12.0,0.000834,125610.07,151383.74501
300037,2026-08-05,67.0,0.053956,189298.25,1250302.66566
300039,2026-08-05,5.55,-0.015957,450548.32,250026.01064
300040,2026-08-05,6.63,0.012214000000000001,525746.28,345591.89563
300041,2026-08-05,10.97,0.031985,279307.22,303817.03155
300042,2026-08-05,44.09,0.058329000000000006,206029.49,893546.12394
300043,2026-08-05,4.94,-0.00202,506595.22,250040.32212
300044,2026-08-05,5.31,0.019194,251601.8,135455.852
300045,2026-08-05,13.39,0.018251,155260.74,207977.65606
300046,2026-08-05,24.51,0.026382,83532.44,203471.83924
300047,2026-08-05,10.3,0.000972,223809.21,232072.63507
300048,2026-08-05,5.46,-0.02847,181803.99,99833.54454
300049,2026-08-05,46.68,-0.005115,67636.75,317725.49295
300050,2026-08-05,5.82,0.030088,201341.0,116230.314
300051,2026-08-05,7.96,0.014013,145026.52,115641.55642
300052,2026-08-05,11.82,-0.019087,501226.5,592703.84443
300053,2026-08-05,13.12,0.022602999999999998,285801.82,376004.1598
300054,2026-08-05,74.02,0.056673999999999995,478070.09,3510049.95591
300055,2026-08-05,5.99,0.006723,153681.0,92164.582
300056,2026-08-05,8.66,0.001156,101774.13,87922.15698
300057,2026-08-05,6.35,0.016,352889.91,222693.96263
300058,2026-08-05,15.73,0.0006360000000000001,7016873.88,11061765.6363
300059,2026-08-05,20.36,0.015461,3470692.22,7045557.95983
300061,2026-08-05,6.77,0.004451,194362.0,131204.15032
300062,2026-08-05,6.82,0.0014680000000000001,401265.26,271632.80871
300063,2026-08-05,9.68,0.01574,881713.94,849273.46042
300065,2026-08-05,16.71,0.02327,392345.94,652914.87035
300066,2026-08-05,5.39,0.003724,237526.14,128775.24032
300067,2026-08-05,5.75,-0.0017360000000000001,791783.6,452647.91798
300068,2026-08-05,4.34,0.0046300000000000004,467713.8,203068.0238
300069,2026-08-05,28.21,0.033333,96792.09,267711.14226
300070,2026-08-05,3.55,-0.013889,312313.42,111535.72124
300071,2026-08-05,4.61,-0.008602,1212113.17,558074.10837
300072,2026-08-05,3.56,0.0,229644.75,81406.999
300073,2026-08-05,42.6,0.012357,145181.31,615922.08099
300074,2026-08-05,3.7,0.0,226204.4,83466.5556
300075,2026-08-05,11.49,0.0008709999999999999,147463.65,169716.98736
300076,2026-08-05,4.22,-0.016316999999999998,61987.0,26292.577
300077,2026-08-05,18.48,0.020994000000000002,732283.95,1333774.42681
300078,2026-08-05,3.06,0.009901,262290.42,80374.38108
300079,2026-08-05,4.64,-0.004292000000000001,363212.08,169097.32096
300080,2026-08-05,3.79,-0.007853,158365.05,60120.91705
300081,2026-08-05,3.11,-0.009554,90735.12,28379.98336
300082,2026-08-05,7.86,0.018135,68460.0,53625.21
300083,2026-08-05,12.97,0.099153,1170493.14,1455231.78986
300084,2026-08-05,11.34,0.025316,88240.0,99653.22
300085,2026-08-05,31.82,0.040209,688713.75,2194230.2599
300086,2026-08-05,6.57,0.0015240000000000002,185381.45,121539.99275
300087,2026-08-05,5.16,0.0,83067.03,42790.10669
300088,2026-08-05,7.55,0.075499,2535173.84,1882032.94708
300091,2026-08-05,2.48,-0.008,40225.0,10025.897
300092,2026-08-05,11.59,0.0008640000000000001,35991.0,41564.764
300093,2026-08-05,23.26,-0.027592,117717.57,275570.96767
300094,2026-08-05,2.8,-0.003559,295384.39,82568.33599
300095,2026-08-05,8.48,0.013142000000000001,64315.0,54513.128
300096,2026-08-05,8.61,0.037349,34520.01,29552.76154
300097,2026-08-05,8.78,0.061669,111515.02,95838.60858
300098,2026-08-05,4.82,-0.00207,520743.99,253057.92618
300099,2026-08-05,6.15,0.004902,147749.0,90618.72836
300100,2026-08-05,23.66,0.009386,80255.06,189566.255
300101,2026-08-05,15.2,0.009296,81654.57,124361.50012
300102,2026-08-05,18.47,0.023836,320126.78,588813.2412
300103,2026-08-05,7.49,0.035961,65955.5,48509.3105
300105,2026-08-05,8.03,0.010062999999999999,314929.2,251129.27876
300106,2026-08-05,9.52,0.022556,137491.5,129641.33682
300107,2026-08-05,6.35,-0.00626,95308.02,60433.42068
300109,2026-08-05,13.07,0.009266,61915.05,80658.19245
300110,2026-08-05,2.7,-0.014598999999999999,207004.5,56077.122
300111,2026-08-05,2.99,-0.003333,335935.0,100345.863
300112,2026-08-05,8.31,-0.00479,235241.88,195550.01612
300113,2026-08-05,19.02,-0.00523,373827.16,713760.77681
300115,2026-08-05,28.6,0.022524000000000002,490883.77,1391240.39125
300118,2026-08-05,10.27,0.001951,381114.67,390740.8169
300119,2026-08-05,18.11,0.024321000000000002,85129.82,154736.0495
300120,2026-08-05,6.72,0.021277,285058.27,190697.55028
300121,2026-08-05,9.7,0.021053000000000002,149947.58,144466.4786
300122,2026-08-05,13.15,-0.004542,238755.3,315494.00006
300123,2026-08-05,4.4,-0.041394,646994.44,296086.64769
300124,2026-08-05,64.39,0.004524,288131.53,1847806.61711
300125,2026-08-05,8.88,0.023041,31221.03,27539.57901
300126,2026-08-05,5.99,-0.008278,62386.4,37548.4199
300127,2026-08-05,24.71,0.032164,75014.0,185759.08661
300128,2026-08-05,4.66,0.035556000000000004,367046.59,170250.25686
300129,2026-08-05,8.1,0.007463,206381.6,166800.3198
300130,2026-08-05,19.85,0.036554,200763.2,397177.56047
300131,2026-08-05,14.8,-0.006711,711405.78,1043777.11956
300132,2026-08-05,6.63,-0.0015060000000000002,199165.01,131394.89863
300133,2026-08-05,7.61,0.007947,873289.36,664285.03461
300134,2026-08-05,8.32,0.004830999999999999,99554.25,82843.67075
300135,2026-08-05,3.29,-0.009035999999999999,135398.24,44588.22672
300136,2026-08-05,63.95,0.073887,753715.63,4714583.3001
300137,2026-08-05,12.13,0.046592,308408.4,369166.24039
300138,2026-08-05,11.62,0.0025879999999999996,86646.0,100202.11
300139,2026-08-05,44.71,0.118869,638763.18,2724695.1936
300140,2026-08-05,5.53,-0.008961,108383.13,60162.78076
300141,2026-08-05,10.46,-0.021515,168106.0,175440.6
300142,2026-08-05,12.56,0.017828,603878.57,755180.21092
300143,2026-08-05,7.51,-0.006614,102552.08,76941.10285
300144,2026-08-05,6.19,-0.006421,300448.39,186425.05496
300145,2026-08-05,4.45,0.015982,834267.3,369701.50782
300146,2026-08-05,10.3,0.004878,213133.29,218407.66576
300147,2026-08-05,7.26,0.067647,153545.49,108610.06145
300148,2026-08-05,3.53,-0.005634,272096.0,96139.801
300149,2026-08-05,9.7,0.018908,422542.67,404815.53025
300150,2026-08-05,4.1,-0.004854,69460.0,28666.842
300151,2026-08-05,15.07,0.05311,172418.04,256531.90188
300152,2026-08-05,1.54,0.006535999999999999,186160.6,28474.7388
300153,2026-08-05,21.6,0.023212,86372.72,185308.02211
300154,2026-08-05,8.48,0.03163,83506.0,69613.636
300155,2026-08-05,4.13,-0.009592,118844.03,49291.54236
300157,2026-08-05,4.38,-0.006803,537540.08,234448.30512
300158,2026-08-05,5.03,-0.001984,141659.25,71102.572
300159,2026-08-05,3.15,0.0,581252.33,183280.06104
300160,2026-08-05,4.34,-0.004587,74389.42,32322.71412
300161,2026-08-05,26.13,0.015152,43730.85,114542.07935
300162,2026-08-05,7.74,0.023809999999999998,302697.91,232746.82687
300163,2026-08-05,6.22,0.008104,316070.12,196076.7634
300164,2026-08-05,10.66,-0.053286,1687812.05,1801524.43904
300165,2026-08-05,5.08,0.02008,127799.5,64563.866
300166,2026-08-05,14.4,0.004885,706310.32,1016442.59785
300167,2026-08-05,4.32,0.040964,96617.0,41651.071
300168,2026-08-05,5.27,0.005725,375997.36,199697.31626
300169,2026-08-05,5.54,0.005445,154000.0,84668.895
300170,2026-08-05,17.58,0.040853,1053692.12,1859656.67165
300171,2026-08-05,12.52,-0.018039,122385.05,154245.90106
300172,2026-08-05,4.53,0.006666999999999999,167411.4,75367.0238
300173,2026-08-05,3.31,0.02795,104636.0,34284.525
300174,2026-08-05,18.99,0.046280999999999996,209665.68,394278.66276
300175,2026-08-05,5.9,0.018998,94900.0,55894.227
300176,2026-08-05,5.19,0.0,98094.7,50937.6183
300177,2026-08-05,6.37,0.009509,127428.89,81689.32815
300179,2026-08-05,33.73,0.10372999999999999,458474.35,1499140.9185
300180,2026-08-05,4.5,-0.0022170000000000002,266403.28,120045.92707
300181,2026-08-05,14.11,-0.015352,196295.08,276915.90385
300182,2026-08-05,5.61,-0.019231,3168522.26,1764894.20954
300183,2026-08-05,10.7,0.005639,39851.44,42557.13992
300184,2026-08-05,12.58,0.039668999999999996,823136.04,1023276.9482
300185,2026-08-05,2.85,-0.010417000000000001,765882.91,218652.08911
300187,2026-08-05,4.73,0.021598000000000003,140006.72,66054.8108
300188,2026-08-05,12.13,0.036752,456536.34,548719.98707
300189,2026-08-05,4.67,0.008639,721373.27,334952.38494
300190,2026-08-05,3.75,0.019021999999999997,136979.2,50667.8328
300191,2026-08-05,30.3,0.028163999999999998,208263.15,619937.99348
300192,2026-08-05,13.47,0.025114,231554.88,311101.474
300193,2026-08-05,7.63,0.0026279999999999997,37789.0,28797.077
300194,2026-08-05,3.72,-0.008,173213.64,64463.83944
300195,2026-08-05,5.53,0.051330999999999995,277941.56,153300.53192
300196,2026-08-05,17.3,0.052952000000000006,248139.84,423575.48488
300197,2026-08-05,1.89,0.0,789925.5,149110.53
300198,2026-08-05,2.28,0.031674,121059.34,27511.22512
300199,2026-08-05,22.34,0.0508,501010.84,1106843.10642
300200,2026-08-05,8.64,0.022484999999999998,93735.6,80409.1104
300201,2026-08-05,15.38,0.030831,458817.17,705561.46788
300203,2026-08-05,12.75,0.020817000000000002,103451.83,130368.67989
300204,2026-08-05,22.95,0.024096000000000003,245297.34,557511.63668
300205,2026-08-05,5.15,0.027944,20460.08,10443.43032
300206,2026-08-05,12.14,0.008306000000000001,39597.63,47785.21141
300207,2026-08-05,18.93,0.015013,607699.59,1144804.26856
300209,2026-08-05,36.97,0.098989,2172610.7,7824286.7749
300210,2026-08-05,9.12,0.012209000000000001,98365.62,89167.488
300211,2026-08-05,7.47,0.056577,74966.0,54586.043
300212,2026-08-05,8.15,-0.006098,165355.92,134083.07613
300213,2026-08-05,6.31,-0.004732,136607.0,86500.233
300214,2026-08-05,13.23,0.012242,632569.12,832632.08568
300215,2026-08-05,6.39,0.0,105001.0,66873.699
300217,2026-08-05,4.68,0.010799000000000001,351296.0,163349.1
300218,2026-08-05,12.02,-0.0008309999999999999,24322.0,29262.422
300219,2026-08-05,6.89,0.025297999999999998,186470.49,127426.58422
300220,2026-08-05,10.43,-0.005719999999999999,27169.0,28356.208
300221,2026-08-05,12.34,0.025769,253877.0,313270.733
300222,2026-08-05,10.73,0.018027,288510.68,307468.51294
300223,2026-08-05,136.03,0.07738,507274.69,6789167.1767
300224,2026-08-05,11.47,0.014147,179847.77,207498.90961
300225,2026-08-05,6.83,0.014859,105523.0,71993.355
300226,2026-08-05,17.22,0.01773,117576.03,202084.08285
300227,2026-08-05,10.45,0.059837999999999995,285547.5,296191.3696
300228,2026-08-05,7.46,0.009472000000000001,155596.0,116070.69
300229,2026-08-05,16.15,0.021505,676014.7,1090732.1499
300230,2026-08-05,4.23,-0.0023580000000000003,99781.5,42157.696
300231,2026-08-05,8.88,0.017182,268067.49,237858.23935
300232,2026-08-05,5.4,-0.0018479999999999998,156464.0,84515.675
300233,2026-08-05,13.13,-0.009056999999999999,85829.2,112971.1169
300234,2026-08-05,9.39,0.043333,103763.0,96032.318
300235,2026-08-05,11.83,0.027801999999999997,100535.41,116408.25156
300236,2026-08-05,90.01,0.056207,132184.0,1174435.60282
300237,2026-08-05,1.99,0.010152000000000001,192688.51,38150.16507
300238,2026-08-05,11.35,0.00265,45905.0,51916.5
300239,2026-08-05,4.87,-0.006122,70023.15,34212.32235
300240,2026-08-05,5.57,-0.005357,66231.9,36875.1078
300241,2026-08-05,5.56,0.02963,272744.9,149779.9029
300242,2026-08-05,4.52,-0.0131,343691.98,154863.48596
300243,2026-08-05,14.0,0.041666999999999996,150281.07,208203.55866
300244,2026-08-05,19.75,0.075708,527328.56,1043177.88256
300245,2026-08-05,5.8,0.015762,79683.05,45765.8598
300247,2026-08-05,3.87,-0.002577,90220.0,34797.279
300248,2026-08-05,10.07,0.20023800000000003,355537.32,344396.23898
300249,2026-08-05,12.9,0.025436999999999998,168629.41,216294.66488
300250,2026-08-05,16.25,0.040999,242904.03,396968.15688
300251,2026-08-05,12.24,0.0,552679.18,675608.55542
300252,2026-08-05,11.66,0.024605000000000002,324705.64,375323.80549
300253,2026-08-05,7.8,0.007752,910798.28,715638.58071
300254,2026-08-05,8.26,0.001212,88541.15,73219.93075
300255,2026-08-05,26.58,0.031032,388913.9,1028261.45169
300256,2026-08-05,2.73,0.026316000000000003,455691.0,124767.386
300257,2026-08-05,19.35,0.060855,106574.84,202687.62349
300258,2026-08-05,10.41,0.015609999999999999,88581.59,91627.68338
300259,2026-08-05,4.12,0.03,525261.72,213903.77068
300260,2026-08-05,52.5,0.10549599999999999,300200.39,1530798.61702
300261,2026-08-05,5.22,0.009670999999999999,224748.95,116842.08
300263,2026-08-05,9.41,0.049052,784401.58,727073.04972
300264,2026-08-05,6.78,0.043077,202551.36,136885.0074
300265,2026-08-05,14.72,0.020097,430721.38,628949.68305
300266,2026-08-05,1.86,-0.005348,204238.0,37928.684
300267,2026-08-05,3.14,0.003195,326804.0,102694.595
300268,2026-08-05,10.99,-0.015233000000000002,25307.97,28147.08383
300269,2026-08-05,4.74,0.010661,189753.5,89836.8475
300270,2026-08-05,13.25,0.051586999999999994,397240.02,511306.72784
300271,2026-08-05,5.81,0.02109,232999.0,135040.646
300272,2026-08-05,5.6,-0.005329,64587.46,36177.1753
300274,2026-08-05,108.25,0.017961,498450.36,5338004.98522
300275,2026-08-05,8.6,0.0,59455.45,51186.9152
300276,2026-08-05,7.1,0.024531,517230.77,366285.85826
300277,2026-08-05,12.5,0.017087,146860.97,182887.00197
300278,2026-08-05,3.91,-0.002551,175584.5,68996.6755
300279,2026-08-05,5.62,0.012613000000000001,165112.56,92621.2166
300281,2026-08-05,5.86,0.001709,54844.0,32266.435
300283,2026-08-05,14.44,0.071217,407812.2,575278.9494
300284,2026-08-05,5.52,-0.007194000000000001,128769.7,71432.3303
300285,2026-08-05,67.27,0.117813,1854272.15,11928904.7167
300286,2026-08-05,21.33,0.0014080000000000002,66943.38,142928.47279
300287,2026-08-05,3.97,-0.0075,651721.4,258889.6369
300288,2026-08-05,10.0,-0.006951000000000001,55584.0,56034.709
300289,2026-08-05,5.75,0.0034899999999999996,52533.25,30150.1075
300290,2026-08-05,6.27,0.027869,769004.8,499598.09368
300291,2026-08-05,5.47,-0.001825,442623.69,242439.34604
300292,2026-08-05,4.29,0.002336,581608.58,248834.46739
300293,2026-08-05,16.21,0.027901,124805.43,200497.45973
300294,2026-08-05,15.82,-0.0006320000000000001,52621.0,82614.995
300295,2026-08-05,11.98,0.0,23070.0,27711.01
300296,2026-08-05,5.53,0.009124,556049.06,306236.7628
300298,2026-08-05,16.52,0.021013999999999998,105407.06,172397.77916
300299,2026-08-05,5.52,0.0,288387.58,159473.13741
300300,2026-08-05,8.07,0.011278,625130.2,503102.20609
300301,2026-08-05,3.35,-0.014705999999999999,77343.0,26016.723
300302,2026-08-05,29.8,0.060121,331926.87,974029.35487
300303,2026-08-05,7.32,0.012447999999999999,645650.64,470054.57667
300304,2026-08-05,11.38,0.03643,235213.78,263852.48696
300305,2026-08-05,6.25,0.001603,447861.76,277563.2264
300306,2026-08-05,9.6,0.001043,25199.0,24215.097
300307,2026-08-05,6.99,0.005755,306456.01,216384.45918
300308,2026-08-05,947.74,-0.072652,723230.43,67510515.5446
300310,2026-08-05,4.49,0.008989,303975.06,136315.4605
300311,2026-08-05,5.97,0.075676,1219498.54,725883.64474
300313,2026-08-05,8.27,0.01722,43929.0,35972.033
300314,2026-08-05,9.99,-0.009911,28891.5,28801.3205
300315,2026-08-05,4.44,-0.011136,924982.3,414476.07894
300316,2026-08-05,41.37,0.034249999999999996,171224.28,698571.53522
300317,2026-08-05,4.68,0.004292000000000001,822884.88,381175.3248
300318,2026-08-05,4.83,-0.010246,67318.0,32562.197
300319,2026-08-05,16.08,0.061386,1114759.02,1754958.0612
300320,2026-08-05,8.37,0.00722,72885.89,60932.68404
300321,2026-08-05,31.83,0.08008100000000001,35749.0,111081.695
300322,2026-08-05,17.83,0.04269,219038.09,385940.05608
300323,2026-08-05,11.65,0.05621,751543.65,862678.42596
300324,2026-08-05,3.83,-0.012887,543786.77,209361.00128
300326,2026-08-05,5.9,0.018998,63300.0,36933.36612
300327,2026-08-05,22.78,0.033575,141526.01,319816.10409
300328,2026-08-05,14.46,0.029914999999999997,389532.7,558379.15487
300329,2026-08-05,11.64,0.030088,30548.0,35287.966
300331,2026-08-05,42.45,0.069539,164340.6,686973.39305
300332,2026-08-05,4.78,-0.0041670000000000006,183635.98,87669.23652
300334,2026-08-05,8.19,0.021197,79746.0,64944.245
300335,2026-08-05,5.42,0.007435000000000001,156241.0,84363.445
300337,2026-08-05,9.98,0.02045,157024.31,156109.30389
300338,2026-08-05,3.0,0.016949000000000002,69086.0,20645.051
300339,2026-08-05,39.9,0.031808,407518.75,1626730.14187
300340,2026-08-05,8.5,0.0023580000000000003,53321.44,45380.28624
300341,2026-08-05,13.59,0.013423000000000001,47658.0,64767.1
300342,2026-08-05,35.45,0.037155999999999995,171268.33,605519.39903
300343,2026-08-05,5.94,0.011924999999999998,323308.6,191125.49944
300345,2026-08-05,5.72,0.001751,195995.0,112387.87
300346,2026-08-05,53.15,0.074823,693836.85,3621339.22344
300347,2026-08-05,50.77,-0.011295,192354.42,982118.82275
300348,2026-08-05,9.79,0.013458000000000001,204102.47,200159.36099
300349,2026-08-05,10.72,0.031761,207212.27,225360.2014
300350,2026-08-05,4.32,0.004651,172324.4,73891.234
300351,2026-08-05,14.18,0.017947,117604.98,166087.49585
300352,2026-08-05,2.49,-0.004,309119.06,77891.47906
300353,2026-08-05,19.84,0.023208000000000003,217275.11,432261.8945
300354,2026-08-05,29.97,0.019388000000000002,21943.0,65648.43014
300355,2026-08-05,2.96,-0.006711,227392.09,67214.01224
300357,2026-08-05,24.1,-0.007414,97290.99,234143.05134
300358,2026-08-05,8.98,-0.018579000000000002,389297.99,352278.81256
300359,2026-08-05,4.5,0.0,680207.22,307001.48203
300360,2026-08-05,12.59,-0.00788,55655.0,70079.6
300363,2026-08-05,17.6,-0.007332,336027.14,590030.09288
300364,2026-08-05,26.46,0.031981,1053107.97,2752839.43187
300365,2026-08-05,4.86,0.0,126824.0,61669.315
300366,2026-08-05,4.75,0.014957,107047.97,51226.91454
300368,2026-08-05,9.46,0.011765000000000001,448177.0,422590.72734
300369,2026-08-05,7.73,0.014436,978129.32,759882.88945
300370,2026-08-05,2.14,0.0,254892.0,54675.873
300371,2026-08-05,9.99,-0.001,27552.21,27528.53939
300373,2026-08-05,91.01,0.048502,225204.16,2035792.20446
300374,2026-08-05,10.99,-0.003626,34090.9,37466.2369
300375,2026-08-05,3.97,-0.002513,95340.0,37963.736
300376,2026-08-05,4.91,-0.004057,199756.0,98066.48439
300377,2026-08-05,14.58,0.01532,442011.36,647106.27781
300378,2026-08-05,36.59,0.035078,212006.24,772686.56084
300380,2026-08-05,30.9,0.014445,35946.72,111233.31348
300381,2026-08-05,5.91,0.003396,82263.15,48571.92765
300382,2026-08-05,13.75,0.027652999999999997,254683.56,347558.4462
300383,2026-08-05,14.01,-0.006383,1191931.83,1671970.35462
300384,2026-08-05,12.41,0.002423,35073.9,43527.93297
300385,2026-08-05,11.3,0.008029,69649.0,79755.796
300386,2026-08-05,10.47,0.006731,67860.0,71202.765
300387,2026-08-05,7.16,0.005618,65800.0,46877.411
300388,2026-08-05,6.82,-0.00438,69149.0,47107.0342
300389,2026-08-05,12.55,0.008032000000000001,48777.43,61112.61312
300390,2026-08-05,59.95,0.06219,403412.55,2373349.09732
300393,2026-08-05,6.34,0.034258000000000004,260890.68,164236.20878
300394,2026-08-05,216.85,0.022877,859537.2,17769307.3447
300395,2026-08-05,79.94,0.06515699999999999,265333.73,2079302.56519
300396,2026-08-05,6.95,-0.007143,55643.0,38891.554
300397,2026-08-05,10.83,0.018815,173878.59,187871.25098
300398,2026-08-05,34.36,0.070405,447102.89,1509179.31538
300399,2026-08-05,17.69,0.008551999999999999,44183.27,78497.2659
300400,2026-08-05,23.81,0.076888,182682.0,431652.644
300401,2026-08-05,13.48,0.048212000000000005,253587.08,337230.41562
300402,2026-08-05,14.65,0.006873000000000001,33356.47,48700.93299
300403,2026-08-05,9.71,0.01569,143033.24,138343.02325
300404,2026-08-05,9.91,-0.00502,218040.2,216902.59984
300405,2026-08-05,5.37,-0.025408,113551.21,61296.14382
300406,2026-08-05,11.66,-0.006814,40967.5,47770.49983
300407,2026-08-05,12.72,0.015974,165813.0,208202.459
300408,2026-08-05,128.19,0.059597,782652.2,10003928.9912
300409,2026-08-05,18.61,0.01694,189978.97,352461.0346
300410,2026-08-05,7.46,0.036111,248611.08,183415.71904
300411,2026-08-05,7.41,-0.0053690000000000005,97660.8,72433.71092
300412,2026-08-05,4.25,-0.002347,146086.98,61892.05272
300413,2026-08-05,16.47,-0.011998,269076.54,445000.15093
300414,2026-08-05,11.4,0.000878,156455.37,177630.51852
300415,2026-08-05,21.27,0.022105,91254.0,191680.91
300416,2026-08-05,15.08,0.019608,177365.85,266343.33917
300417,2026-08-05,10.56,-0.01676,36906.5,39258.27
300418,2026-08-05,44.41,0.016247,859199.95,3808663.24275
300419,2026-08-05,8.87,0.049704,130175.68,113529.67948
300420,2026-08-05,7.89,0.197269,2248146.74,1674182.3953
300421,2026-08-05,17.57,0.020325000000000003,71226.59,124153.63667
300422,2026-08-05,4.43,0.002262,113964.01,50527.34747
300423,2026-08-05,5.85,0.005155,125964.0,73332.256
300424,2026-08-05,14.16,0.010707,81982.52,115918.36088
300425,2026-08-05,3.95,-0.010025,114194.0,45115.921
300426,2026-08-05,5.95,-0.00335,99483.0,59491.754
300427,2026-08-05,7.01,0.013006,398033.0,278517.906
300428,2026-08-05,19.17,0.006828,75526.99,145075.2793
300429,2026-08-05,10.33,0.056237,309402.22,313647.06929
300430,2026-08-05,4.8,0.016949000000000002,104446.05,49236.86847
300432,2026-08-05,16.25,0.009944,434039.84,701707.62256
300433,2026-08-05,35.09,0.064947,1490791.48,5128345.94114
300434,2026-08-05,10.61,0.020192,171841.01,181011.70057
300435,2026-08-05,17.18,0.042476,123349.9,209445.70647
300436,2026-08-05,93.05,0.022303000000000003,53609.74,494161.63461
300437,2026-08-05,11.08,0.021198,65480.6,72115.77203
300438,2026-08-05,63.81,0.05856,211405.5,1320898.8776
300439,2026-08-05,8.7,-0.014723,36825.0,32141.61428
300440,2026-08-05,18.72,0.09473699999999999,138825.66,252767.82856
300441,2026-08-05,6.9,-0.001447,57494.0,39738.13226
300442,2026-08-05,69.92,0.028235,525819.5,3697487.81252
300443,2026-08-05,21.64,0.002316,49041.0,105984.43709
300444,2026-08-05,10.91,0.0,761543.76,825341.79854
300445,2026-08-05,18.86,0.025,33934.52,63624.9546
300446,2026-08-05,14.01,0.005743000000000001,76767.81,107374.45786
300447,2026-08-05,13.69,-0.0029130000000000002,33500.0,46008.479
300448,2026-08-05,5.74,0.0,185137.98,106854.8643
300449,2026-08-05,6.99,0.017467,113653.9,79545.286
300450,2026-08-05,35.18,0.02476,473106.81,1648390.7822
300451,2026-08-05,3.69,-0.0027029999999999997,359330.6,132848.3381
300452,2026-08-05,12.24,-0.003257,45566.34,55674.34668
300453,2026-08-05,9.55,-0.005208000000000001,130597.67,123683.01313
300454,2026-08-05,127.97,0.044653,307033.72,3911559.7164
300455,2026-08-05,19.22,0.001042,72053.85,139134.10513
300456,2026-08-05,31.52,0.031751,297374.71,927420.30977
300457,2026-08-05,20.62,0.00782,93461.03,192434.16024
300458,2026-08-05,34.21,0.032286999999999996,990999.97,3391712.14053
300459,2026-08-05,3.91,-0.007613999999999999,1490894.73,584610.65338
300460,2026-08-05,8.5,0.017964,51233.0,43189.167
300461,2026-08-05,31.12,0.031145999999999997,34714.0,106967.046
300462,2026-08-05,11.22,-0.002667,10124.0,11419.348
300463,2026-08-05,9.14,-0.009751,69807.0,63964.9
300464,2026-08-05,6.41,0.014240999999999998,68703.0,43722.458
300465,2026-08-05,13.66,0.036419,386935.36,510983.094
300466,2026-08-05,7.36,-0.00271,55169.0,40693.463
300467,2026-08-05,34.29,0.036578,43993.84,151218.49612
300468,2026-08-05,22.28,0.005415,268069.18,600855.97008
300469,2026-08-05,55.48,0.005072,83344.03,470208.0809
300470,2026-08-05,29.93,-0.00894,21553.0,64454.163
300471,2026-08-05,9.86,0.021762,153180.92,149272.09364
300472,2026-08-05,6.8,0.008902,34733.19,23447.05868
300473,2026-08-05,22.23,0.041706,52075.0,115040.47024
300474,2026-08-05,53.96,0.006904,109503.04,591083.01917
300475,2026-08-05,151.35,0.064346,350064.3,5229702.21705
300476,2026-08-05,236.35,0.171209,740461.41,16387473.3638
300477,2026-08-05,2.72,-0.007299,364869.6,98729.029
300478,2026-08-05,27.93,0.053167,54535.9,148766.9931
300479,2026-08-05,14.04,0.007897,55121.0,77502.2104
300480,2026-08-05,30.87,0.07636,295790.64,893316.01341
300481,2026-08-05,13.93,0.027286,155134.09,214513.06542
300482,2026-08-05,17.3,-0.006318000000000001,65898.72,114311.03894
300483,2026-08-05,22.27,0.018756,112818.4,250707.5726
300484,2026-08-05,12.9,0.0086,40471.0,51916.88074
300485,2026-08-05,9.15,0.001094,54622.05,49818.0052
300486,2026-08-05,20.0,0.071811,214980.0,438873.02674
300487,2026-08-05,64.08,0.010407,76934.34,493026.84641
300488,2026-08-05,30.96,0.02212,53150.95,163956.25837
300489,2026-08-05,182.45,0.07831,191118.43,3412426.9956
300490,2026-08-05,12.09,0.009182000000000001,140920.0,170173.059
300491,2026-08-05,27.95,0.043689,118236.19,326587.8226
300492,2026-08-05,27.12,0.008178,84304.7,227874.04284
300493,2026-08-05,13.34,0.009840999999999999,144855.37,193785.48603
300494,2026-08-05,9.07,0.019101,205898.6,186689.07
300496,2026-08-05,63.25,0.025287999999999998,212013.66,1341864.85556
300497,2026-08-05,17.55,0.063636,354066.62,611049.02544
300498,2026-08-05,13.59,0.008159999999999999,491879.26,668349.69904
300499,2026-08-05,27.9,0.031423,216393.84,600163.56957
300500,2026-08-05,9.01,-0.014223,31231.3,28300.7119
300501,2026-08-05,10.17,0.008929,40860.33,41545.23202
300502,2026-08-05,424.3,-0.052902,871013.1,36400926.2517
300503,2026-08-05,71.19,0.042466,267612.08,1890285.58505
300504,2026-08-05,14.6,0.028169,76454.0,110784.181
300505,2026-08-05,19.69,0.035771000000000004,223286.13,428741.71021
300506,2026-08-05,6.15,0.021595,238814.3,146940.6758
300507,2026-08-05,6.67,0.016768,70259.62,46695.07084
300508,2026-08-05,44.87,0.062766,59665.21,262927.99045
300509,2026-08-05,8.32,-0.009524,56540.0,47268.879
300510,2026-08-05,3.51,-0.002841,275375.93,96007.53593
300511,2026-08-05,5.26,0.0038169999999999996,152316.4,79667.403
300512,2026-08-05,6.95,-0.007143,40797.53,28431.95441
300513,2026-08-05,7.21,0.005579,75900.1,54967.1687
300514,2026-08-05,9.48,0.002114,26444.0,25031.68
300515,2026-08-05,15.87,-0.004391,65781.0,103872.097
300516,2026-08-05,29.92,0.031724,55866.81,166119.74731
300517,2026-08-05,9.54,0.011665000000000002,30762.0,29201.388
300518,2026-08-05,21.14,0.13048099999999999,128504.35,263750.49435
300519,2026-08-05,13.7,-0.002185,46631.31,63870.70894
300520,2026-08-05,26.92,0.020857,124860.77,332577.48435
300521,2026-08-05,23.31,0.056664000000000006,48211.0,111409.098
300522,2026-08-05,12.98,0.081667,236032.39,302075.63445
300523,2026-08-05,19.8,0.0030399999999999997,20407.0,40469.676
300525,2026-08-05,9.37,0.039956,502270.21,468549.63386
300527,2026-08-05,7.69,0.018543,67272.88,51469.84288
300528,2026-08-05,13.98,0.008658,128271.2,178665.365
300529,2026-08-05,18.31,-0.009735,66469.9,121865.47341
300530,2026-08-05,19.84,0.00202,91795.5,179409.0945
300531,2026-08-05,17.2,-0.006928,183712.24,317258.2498
300532,2026-08-05,7.1,-0.005602,116852.55,83042.24041
300533,2026-08-05,15.58,0.003866,124303.09,193981.95595
300534,2026-08-05,13.61,0.032625,942945.15,1232180.18491
300535,2026-08-05,14.66,0.004798,25095.0,36654.504
300536,2026-08-05,8.87,0.003394,129314.92,116886.14862
300537,2026-08-05,18.93,0.047013,133287.01,249509.64154
300538,2026-08-05,13.82,0.026746,50815.0,69751.27499
300539,2026-08-05,19.35,0.014151,83978.48,161820.48328
300540,2026-08-05,28.01,0.067048,139501.96,385268.19276
300541,2026-08-05,10.81,0.005581,152319.62,165512.3612
300542,2026-08-05,12.28,0.013201000000000001,55644.42,68178.07276
300543,2026-08-05,7.59,-0.0026279999999999997,78384.11,59429.71071
300545,2026-08-05,27.89,0.027634,81014.71,224293.50386
300546,2026-08-05,15.97,0.008844,46401.94,74259.78518
300547,2026-08-05,25.12,0.029508,87642.0,218131.739
300548,2026-08-05,159.43,-0.001065,240793.48,3766613.82561
300549,2026-08-05,13.6,-0.004392,21371.02,29168.1583
300550,2026-08-05,12.28,0.00821,67676.74,83147.99172
300551,2026-08-05,9.82,0.009250000000000001,96066.0,94165.324
300552,2026-08-05,24.88,0.200193,218173.14,527675.69632
300553,2026-08-05,43.6,0.042813,42768.89,184650.77665
300554,2026-08-05,20.09,0.026570999999999997,38224.97,76413.51257
300555,2026-08-05,12.5,0.015435,6230.0,7771.201
300556,2026-08-05,16.28,0.002463,55023.0,89954.545
300557,2026-08-05,25.56,0.022400000000000003,33281.32,84763.67812
300558,2026-08-05,59.59,0.024586999999999998,110829.43,656518.84242
300559,2026-08-05,11.72,0.002566,134405.79,157682.23451
300560,2026-08-05,15.36,0.07941,182103.55,272269.6623
300561,2026-08-05,18.72,0.018498,378833.79,706540.50909
300562,2026-08-05,15.13,0.029952,132284.92,196693.509
300563,2026-08-05,23.7,0.021551999999999998,34002.23,80054.68256
300564,2026-08-05,11.78,-0.0016950000000000001,31492.6,37141.986
300565,2026-08-05,9.49,0.012806999999999999,92165.97,86878.56418
300566,2026-08-05,24.52,0.019542999999999998,194405.2,473396.27421
300567,2026-08-05,204.0,0.117686,121468.33,2403486.74119
300568,2026-08-05,14.24,0.054034000000000006,646411.24,900744.45577
300569,2026-08-05,4.92,-0.0060609999999999995,194677.14,95615.69605
300570,2026-08-05,132.3,-0.011211,347146.73,4464135.57328
300571,2026-08-05,35.13,0.026593,139501.53,487956.36424
300572,2026-08-05,20.37,0.065377,82823.85,164178.94245
300573,2026-08-05,42.25,-0.00189,65552.46,276409.63065
300575,2026-08-05,5.54,-0.010714,141347.25,78420.055
300576,2026-08-05,28.05,0.060491,256052.95,705739.99011
300577,2026-08-05,18.4,0.030812,73314.71,133620.82126
300578,2026-08-05,16.43,0.027517,55787.0,91793.742
300579,2026-08-05,22.69,-0.005261,41578.0,95099.7095
300580,2026-08-05,21.5,0.004673,132209.94,284269.20639
300581,2026-08-05,10.08,-0.00198,133735.1,134926.2932
300582,2026-08-05,11.05,0.022202000000000003,66861.42,73323.32838
300583,2026-08-05,12.16,-0.009772,26222.0,32059.367
300584,2026-08-05,33.69,0.01232,37456.52,125197.54964
300585,2026-08-05,14.77,0.032867,54514.0,80098.716
300586,2026-08-05,8.69,0.046988,261882.53,223754.69175
300587,2026-08-05,4.7,0.028446,560437.4,259532.89325
300588,2026-08-05,22.82,0.020572,43306.0,98224.869
300589,2026-08-05,12.96,0.005431,152192.57,196791.31473
300590,2026-08-05,10.87,0.02644,238900.8,257893.3122
300591,2026-08-05,7.38,-0.001353,179327.0,131427.014
300592,2026-08-05,16.69,0.098026,425674.49,684997.80287
300593,2026-08-05,26.63,0.041862,427462.36,1122949.13614
300594,2026-08-05,14.45,0.0027760000000000003,17096.21,24709.04782
300595,2026-08-05,11.41,-0.007826,79888.24,91409.33604
300596,2026-08-05,40.99,0.050487000000000004,47375.38,192040.18368
300597,2026-08-05,7.49,-0.0039889999999999995,53193.0,39995.175
300598,2026-08-05,31.27,0.047571,147181.54,465789.26217
300599,2026-08-05,11.18,0.020072999999999997,112681.0,124867.401
300600,2026-08-05,10.18,0.004935999999999999,58323.0,59228.031
300601,2026-08-05,12.48,0.001605,105386.64,131578.96541
300602,2026-08-05,36.29,0.055862999999999996,228661.03,817659.6931
300603,2026-08-05,8.11,-0.004908,150707.0,122284.745
300604,2026-08-05,272.0,0.106501,307069.73,8138201.32901
300605,2026-08-05,11.09,-0.010705,274594.74,299303.45317
300606,2026-08-05,32.66,0.1162,158078.08,506885.33446
300607,2026-08-05,32.83,0.03239,358535.78,1172991.81112
300608,2026-08-05,10.52,0.006699,132966.77,139641.12962
300609,2026-08-05,25.82,0.03115,42686.0,110473.739
300610,2026-08-05,9.72,-0.001028,38347.5,37162.289
300611,2026-08-05,24.19,-0.0065710000000000005,43197.62,104925.8404
300612,2026-08-05,12.5,0.008878,99740.44,124287.75208
300613,2026-08-05,70.86,0.007965999999999999,304302.9,2135592.41586
300614,2026-08-05,10.34,0.000968,30620.96,31701.92896
300615,2026-08-05,15.02,0.199681,40860.78,61372.89156
300616,2026-08-05,10.45,0.018519,53424.53,55343.21937
300617,2026-08-05,44.03,0.010326,49141.3,214737.3367
300618,2026-08-05,34.52,0.016789000000000002,65944.77,227343.42993
300619,2026-08-05,27.7,0.048845,95595.59,259697.40694
300620,2026-08-05,260.98,0.026147,226971.55,5705713.13094
300621,2026-08-05,6.99,-0.016878,45566.0,32113.459
300622,2026-08-05,16.13,0.001241,212512.51,339452.45286
300623,2026-08-05,25.35,0.038934,287861.0,722861.26689
300624,2026-08-05,57.06,0.053544999999999995,192976.04,1086898.38157
300625,2026-08-05,9.28,-0.004292000000000001,15865.0,14693.279
300626,2026-08-05,30.25,0.062895,76813.0,227847.703
300627,2026-08-05,28.77,0.003838,110211.58,318598.18274
300628,2026-08-05,39.43,-0.005548999999999999,170575.75,672179.9052
300629,2026-08-05,17.75,0.011396,62845.19,111527.78114
300631,2026-08-05,21.26,0.013346,24394.0,51902.295
300632,2026-08-05,18.05,0.024404,267278.38,472268.11
300633,2026-08-05,20.63,-0.008173,49771.0,103123.193
300634,2026-08-05,21.02,0.024866000000000003,136276.67,286163.79415
300635,2026-08-05,11.48,-0.023809999999999998,47476.5,54820.9115
300636,2026-08-05,6.79,-0.008759,66988.0,45668.326
300637,2026-08-05,8.63,0.01889,69745.0,60039.473
300638,2026-08-05,21.32,0.010426999999999999,327508.73,700901.90941
300639,2026-08-05,5.74,-0.001739,191772.03,109528.99483
300640,2026-08-05,6.5,0.010886,164935.0,106225.709
300641,2026-08-05,14.74,0.013755,79925.97,117520.22179
300642,2026-08-05,12.79,-0.008527,28370.2,36456.9974
300643,2026-08-05,17.49,0.034298999999999996,104202.43,180821.51772
300644,2026-08-05,21.49,0.012247,20568.32,44155.50016
300645,2026-08-05,13.0,0.006192,51260.0,67029.838
300647,2026-08-05,5.57,0.056926,233052.07,127325.61136
300648,2026-08-05,37.1,0.026563,30184.49,111838.83014
300649,2026-08-05,20.29,0.000987,50429.0,103572.378
300650,2026-08-05,11.32,0.010714,60834.63,68791.18575
300651,2026-08-05,17.7,0.014908,68489.11,120272.18682
300652,2026-08-05,29.49,0.015846,18020.2,52872.5394
300653,2026-08-05,14.67,-0.003397,20391.5,29846.882
300654,2026-08-05,12.5,0.12612600000000002,703369.66,796140.33624
300655,2026-08-05,12.76,0.057167,829632.68,1044636.7916
300656,2026-08-05,24.73,0.034728,51138.18,126311.134
300657,2026-08-05,35.48,0.023954,328048.22,1154614.60468
300658,2026-08-05,10.44,0.014577,73034.63,76000.73761
300659,2026-08-05,10.29,0.0019470000000000002,58724.0,60657.88
300660,2026-08-05,28.46,0.010295,111243.0,314014.5658
300661,2026-08-05,104.02,0.024222,208109.06,2125838.39382
300662,2026-08-05,20.78,0.041604,98473.01,203798.23422
300663,2026-08-05,10.22,-0.03128,829341.71,860245.71626
300664,2026-08-05,4.58,-0.006508000000000001,94897.5,43330.888
300665,2026-08-05,9.57,0.015924,108607.05,103078.47725
300666,2026-08-05,222.4,0.111555,231075.23,4994867.61715
300667,2026-08-05,14.17,0.020158,57202.0,80802.615
300668,2026-08-05,39.97,0.073308,52465.0,206190.906
300669,2026-08-05,22.35,0.033287,13948.68,31091.6158
300670,2026-08-05,5.95,0.0050680000000000005,65509.0,38821.618
300671,2026-08-05,58.97,0.076291,194623.61,1116815.48693
300672,2026-08-05,144.51,0.080045,135040.8,1911149.62075
300673,2026-08-05,13.27,0.02709,47770.0,63377.36
300674,2026-08-05,16.85,0.008982,216984.07,366427.32658
300675,2026-08-05,12.35,-0.010417000000000001,27216.0,33745.262
300676,2026-08-05,39.44,0.011541,110784.72,439975.86255
300677,2026-08-05,49.54,0.047356999999999996,128547.71,620756.44877
300678,2026-08-05,24.25,-0.0012360000000000001,104154.17,253051.90273
300679,2026-08-05,40.89,0.052781,210318.63,842500.13489
300680,2026-08-05,22.28,0.016423,74473.45,165467.9361
300681,2026-08-05,21.02,0.023369,93644.61,196187.46228
300682,2026-08-05,11.8,-0.003378,261889.75,310180.93803
300683,2026-08-05,26.71,0.002251,57657.0,154141.716
300684,2026-08-05,47.2,0.049355,155611.62,723614.18943
300685,2026-08-05,17.72,0.0,59121.48,104638.45036
300686,2026-08-05,15.06,0.2,149704.6,219063.9616
300687,2026-08-05,27.19,0.090654,244967.61,644752.32084
300688,2026-08-05,31.3,-0.029758,301104.18,936472.6604
300689,2026-08-05,46.78,0.028132,25151.44,117064.09722
300690,2026-08-05,21.63,-0.0013850000000000002,30700.15,66380.81101
300691,2026-08-05,13.62,0.026375000000000003,59076.51,80155.23639
300692,2026-08-05,8.5,0.007109,161544.03,136293.57434
300693,2026-08-05,36.93,0.024125999999999998,136522.11,501318.93941
300694,2026-08-05,10.44,0.019531,61306.54,64392.03976
300695,2026-08-05,50.61,0.025532,10593.0,53256.644
300696,2026-08-05,20.28,0.014507,58302.36,118147.51412
300697,2026-08-05,14.31,0.033213,128524.27,183106.10301
300698,2026-08-05,26.36,0.036571,94313.56,253250.07512
300699,2026-08-05,26.32,0.005732,130095.76,342014.39878
300700,2026-08-05,16.98,0.012522,139163.09,235506.01303
300701,2026-08-05,9.58,0.022412,56638.03,53999.12326
300702,2026-08-05,21.0,-0.028228,58822.0,124626.779
300703,2026-08-05,13.4,0.000747,42625.18,56908.07866
300705,2026-08-05,11.0,-0.01168,63465.97,69704.73621
300706,2026-08-05,48.71,0.077417,128158.0,613593.5182
300707,2026-08-05,11.99,0.0050290000000000005,35476.0,42367.102
300708,2026-08-05,7.88,0.001271,256082.22,202416.69147
300709,2026-08-05,36.88,0.047727000000000006,129596.9,473350.42997
300710,2026-08-05,28.09,0.024061,23451.95,65260.5346
300711,2026-08-05,15.86,0.00507,33849.11,53663.08158
300712,2026-08-05,21.24,-0.004219,19222.0,40721.505
300713,2026-08-05,12.71,-0.0031369999999999996,31081.0,39495.845
300715,2026-08-05,12.71,0.058285000000000003,172983.2,220600.2182
300716,2026-08-05,17.56,0.015028999999999999,26018.95,44896.65265
300717,2026-08-05,17.99,0.013521,28213.0,50475.504
300718,2026-08-05,69.94,0.053789,191731.5,1290197.3127
300719,2026-08-05,11.59,0.006076000000000001,33257.57,38409.13135
300720,2026-08-05,64.68,0.08251,203430.1,1272554.6968
300721,2026-08-05,21.91,0.045823,106165.0,230314.1843
300722,2026-08-05,21.86,-0.005007,30873.5,67684.42256
300723,2026-08-05,36.22,0.016559,97644.67,351000.91039
300724,2026-08-05,59.82,0.010132,98513.97,587359.61751
300725,2026-08-05,40.85,0.015159,187000.22,758858.41717
300726,2026-08-05,52.8,0.065805,182700.71,945651.91279
300727,2026-08-05,28.23,0.033309000000000005,29993.9,83538.6287
300729,2026-08-05,10.21,-0.004873,30034.19,30710.73132
300730,2026-08-05,12.04,0.00922,56484.0,68329.983
300731,2026-08-05,36.87,0.097321,89034.49,319986.11883
300732,2026-08-05,5.93,-0.001684,52419.96,31190.5102
300733,2026-08-05,14.22,0.015714,95171.21,134858.23401
300735,2026-08-05,20.76,0.0063019999999999994,199152.06,415287.99596
300736,2026-08-05,28.01,0.018916,49756.0,140590.802
300737,2026-08-05,5.13,0.023952,322664.8,164713.0294
300738,2026-08-05,23.62,0.029643000000000003,1205640.83,2806037.62163
300739,2026-08-05,21.82,0.05106,136690.98,293358.66172
300740,2026-08-05,21.48,0.02726,235614.13,501813.92535
300741,2026-08-05,13.4,-0.002976,21163.0,28421.557
300743,2026-08-05,14.81,-0.002022,24623.58,36398.71132
300745,2026-08-05,27.54,0.047945,101606.63,275524.87893
300746,2026-08-05,14.0,0.001431,76309.9,106059.83056
300747,2026-08-05,35.26,0.038892,254404.49,885883.18232
300748,2026-08-05,27.13,0.026097000000000002,328864.33,893207.2983
300749,2026-08-05,19.59,0.045916,45443.0,87241.343
300750,2026-08-05,405.2,0.025563,300111.67,12124213.2456
300751,2026-08-05,166.55,0.068519,92920.84,1505998.02608
300752,2026-08-05,10.09,0.030644,78603.32,78774.46772
300753,2026-08-05,23.7,0.0029620000000000002,165843.65,389691.85942
300755,2026-08-05,11.57,-0.007719,66054.0,76446.204
300756,2026-08-05,28.32,0.055928000000000005,47347.8,132259.0824
300757,2026-08-05,475.0,0.060267999999999995,106216.25,4960288.76919
300758,2026-08-05,10.42,0.016585000000000003,58837.01,61009.12536
300759,2026-08-05,39.96,0.001002,686936.64,2773363.57402
300760,2026-08-05,154.3,0.000194,82152.82,1265406.20458
300761,2026-08-05,18.95,0.024878,61683.0,115875.303
300762,2026-08-05,32.08,0.03987,280281.92,890178.22404
300763,2026-08-05,63.11,0.016264,104047.39,651108.60546
300765,2026-08-05,38.0,0.017131,122888.3,463310.1915
300766,2026-08-05,25.06,0.032125,501206.03,1249078.30401
300767,2026-08-05,17.68,0.055522,95293.7,165693.44663
300768,2026-08-05,16.92,0.014388000000000001,200225.86,338450.51262
300769,2026-08-05,46.65,0.052097,171674.42,784954.59665
300770,2026-08-05,34.88,-0.017464999999999998,23593.38,82815.39359
300771,2026-08-05,12.12,0.066901,104644.1,122336.73068
300772,2026-08-05,12.9,0.016548,185185.76,237587.11142
300773,2026-08-05,16.06,0.007528,430364.46,691591.02471
300774,2026-08-05,10.46,0.018500000000000003,71459.0,74762.317
300775,2026-08-05,21.83,0.004602,130903.88,284461.89488
300776,2026-08-05,112.25,0.07159900000000001,115694.16,1273404.95283
300777,2026-08-05,24.97,0.006449,91210.42,227555.13234
300778,2026-08-05,10.31,-0.003865,25513.3,26432.79275
300779,2026-08-05,86.61,0.031071,156526.64,1333170.26634
300780,2026-08-05,19.32,0.051715,80254.26,153463.6238
300781,2026-08-05,29.52,0.006478,84890.17,249166.93913
300782,2026-08-05,72.87,0.007327,190315.66,1380333.81119
300783,2026-08-05,18.04,0.001666,73427.0,132553.592
300784,2026-08-05,39.34,-0.003546,5708.0,22556.5019
300785,2026-08-05,40.9,0.000979,193708.13,788715.30291
300786,2026-08-05,15.2,0.053361,129621.96,193878.10482
300787,2026-08-05,8.75,0.017442,43174.61,37674.62434
300788,2026-08-05,26.27,-0.013889,66439.38,173980.14324
300789,2026-08-05,18.88,0.036793,129517.4,243314.58599
300790,2026-08-05,17.67,0.026729,264984.92,463123.54283
300791,2026-08-05,17.06,-0.002922,13639.0,23245.12367
300792,2026-08-05,25.9,0.015686,121695.0,314959.1015
300793,2026-08-05,11.2,0.0008939999999999999,58420.68,65455.34728
300795,2026-08-05,16.54,0.061617,549105.61,861731.21036
300796,2026-08-05,6.57,-0.006051,46724.32,30670.46256
300797,2026-08-05,12.43,0.008929,24517.5,30433.713
300798,2026-08-05,7.69,-0.030265,497256.03,381679.87316
300800,2026-08-05,9.5,0.0,35579.0,33861.404
300801,2026-08-05,23.9,0.057522000000000004,141318.0,334079.426
300802,2026-08-05,21.25,0.033058000000000004,118840.04,250465.58862
300803,2026-08-05,85.16,0.02405,236515.78,2010955.23669
300804,2026-08-05,38.62,0.006777999999999999,10381.0,39668.881
300805,2026-08-05,8.45,-0.0023610000000000003,142903.0,120619.728
300806,2026-08-05,45.92,0.096466,382001.77,1702841.52692
300807,2026-08-05,38.11,0.029443999999999998,20035.8,76841.1508
300808,2026-08-05,18.49,0.023243,14498.0,26641.209
300809,2026-08-05,24.34,0.020973000000000002,58670.6,142156.0296
300810,2026-08-05,24.2,0.008333,17604.0,42593.107
300811,2026-08-05,68.17,0.069669,186694.36,1251077.37746
300812,2026-08-05,19.26,0.045035,86272.6,163403.87
300813,2026-08-05,19.16,-0.007254,26873.52,51589.8682
300814,2026-08-05,117.78,0.083034,105257.4,1193144.73723
300815,2026-08-05,16.68,0.001802,88913.07,147452.71356
300816,2026-08-05,49.7,0.043898,29943.0,147724.481
300817,2026-08-05,15.7,0.008349,20901.36,32697.74666
300818,2026-08-05,21.09,0.026277,61213.32,129053.20769
300819,2026-08-05,45.73,0.045257,44955.29,203984.91971
300820,2026-08-05,52.99,0.161043,121705.68,615407.35551
300821,2026-08-05,16.22,0.072751,870892.4,1385379.2945
300822,2026-08-05,12.78,0.045827,156664.08,193461.38084
300823,2026-08-05,14.27,0.004222,26153.4,37168.5172
300824,2026-08-05,7.79,-0.0012820000000000002,35692.5,27719.529
300825,2026-08-05,11.39,0.040182999999999996,346224.03,394134.00372
300826,2026-08-05,13.4,0.024465,54550.48,72891.86296
300827,2026-08-05,26.0,0.0034739999999999997,134770.09,349149.27023
300828,2026-08-05,15.26,0.015303,35176.0,53549.943
300829,2026-08-05,14.5,-0.0034360000000000003,26981.6,39053.8692
300830,2026-08-05,8.61,0.027446,177628.0,153783.444
300831,2026-08-05,16.3,0.02904,77279.0,124168.046
300832,2026-08-05,46.55,-0.007251,76737.57,356360.61094
300833,2026-08-05,36.17,0.049927,12250.83,43410.41251
300834,2026-08-05,40.15,0.038003999999999996,18173.96,71961.59593
300835,2026-08-05,138.7,0.08308600000000001,49974.02,677462.8334
300836,2026-08-05,49.98,0.047798999999999994,36773.01,180907.39064
300837,2026-08-05,22.68,0.017953,22762.0,51294.843
300838,2026-08-05,13.15,-0.007547000000000001,31809.41,41897.17606
300839,2026-08-05,10.84,0.018796999999999998,53197.83,57317.78725
300840,2026-08-05,19.16,0.060321,90143.18,168434.46025
300841,2026-08-05,46.79,-0.0006410000000000001,20425.29,96408.09872
300842,2026-08-05,55.49,0.035261,42940.74,237216.82476
300843,2026-08-05,117.25,0.041759000000000004,96639.72,1120316.03884
300844,2026-08-05,22.8,-0.001751,9626.4,22000.8156
300845,2026-08-05,10.6,0.008563,93283.13,99564.94597
300846,2026-08-05,21.53,0.0,427616.56,922424.7975
300847,2026-08-05,14.45,-0.002761,43077.97,61986.10033
300848,2026-08-05,12.91,0.005452,46430.81,59770.70085
300849,2026-08-05,20.9,0.016537,31226.0,65153.305
300850,2026-08-05,29.89,-0.010265,160028.79,479571.14064
300851,2026-08-05,22.96,-0.009063,12207.0,28206.591
300852,2026-08-05,41.98,0.046622000000000004,115847.23,474407.82221
300853,2026-08-05,26.36,0.059486,64836.62,167419.92464
300854,2026-08-05,16.67,-0.024005000000000002,115582.58,191352.81581
300855,2026-08-05,29.7,0.013652,42395.57,125643.71166
300856,2026-08-05,11.17,-0.0026790000000000004,48263.64,53784.97908
300857,2026-08-05,251.86,0.045062,376819.41,9387033.71754
300858,2026-08-05,14.41,0.012648999999999999,36288.01,52050.15786
300859,2026-08-05,26.98,0.008598,23489.0,63311.568
300860,2026-08-05,26.6,0.07388,64587.19,169230.16052
300861,2026-08-05,16.9,0.027356,187280.85,313778.79452
300863,2026-08-05,37.75,0.086331,115645.26,425191.41483
300864,2026-08-05,18.9,0.020518,15325.19,28570.08219
300865,2026-08-05,22.53,0.0053549999999999995,13961.0,31450.572
300866,2026-08-05,117.6,-0.015488,53676.3,627861.4826
300867,2026-08-05,16.63,0.001204,36192.29,60128.01613
300868,2026-08-05,80.78,0.12381700000000001,48625.79,378141.30317
300869,2026-08-05,11.11,-0.009804,28094.81,31331.98901
300870,2026-08-05,203.76,0.103314,90929.86,1791062.27768
300871,2026-08-05,21.99,0.034824,62666.59,136655.43987
300872,2026-08-05,16.89,0.030506000000000002,158371.09,266326.20833
300873,2026-08-05,16.3,0.096167,203805.46,323202.54442
300875,2026-08-05,33.78,-0.01516,63320.76,213492.7753
300876,2026-08-05,15.18,0.041867,32843.57,49181.86373
300877,2026-08-05,24.2,0.012552,12198.97,29344.38011
300878,2026-08-05,31.48,0.024405999999999997,30815.0,95372.8104
300879,2026-08-05,16.86,0.008977,36592.99,61667.64314
300880,2026-08-05,19.78,-0.00603,34899.48,69008.90577
300881,2026-08-05,33.68,0.014458,10272.5,34397.728
300882,2026-08-05,15.35,0.002613,28940.91,44459.48771
300883,2026-08-05,5.69,0.001761,136851.49,77479.21257
300884,2026-08-05,11.58,0.014899,63858.5,73628.23914
300885,2026-08-05,20.94,0.017987,38891.27,81245.64679
300886,2026-08-05,22.35,-0.0031219999999999998,11494.1,25717.6043
300887,2026-08-05,7.3,0.00551,91505.98,66499.29446
300888,2026-08-05,29.82,-0.0020080000000000002,37351.2,110893.2146
300889,2026-08-05,19.72,0.034085000000000004,51510.12,101407.4062
300890,2026-08-05,26.18,0.014336,45112.66,117590.00954
300891,2026-08-05,6.95,0.019062,88602.93,61814.97128
300892,2026-08-05,22.49,0.034975,60122.1,134216.2774
300893,2026-08-05,16.73,-0.00179,27254.55,45473.78938
300894,2026-08-05,12.05,0.036113,146814.09,174275.68356
300895,2026-08-05,54.48,-0.0036580000000000002,92800.06,503315.19328
300896,2026-08-05,105.2,0.002382,58665.88,612326.96123
300897,2026-08-05,15.54,0.015023,41954.3,65115.8646
300898,2026-08-05,20.45,0.004914,39670.0,80696.119
300899,2026-08-05,28.13,0.00644,7122.0,19891.069
300900,2026-08-05,23.94,0.025707,170286.02,406199.81135
300901,2026-08-05,15.55,0.015013,44985.7,69438.80791
300902,2026-08-05,16.33,0.021901999999999998,58880.84,95924.06328
300903,2026-08-05,53.6,0.143833,332614.05,1696902.80351
300904,2026-08-05,41.26,0.0029170000000000003,10110.0,41818.339
300905,2026-08-05,38.86,0.048287000000000004,65516.48,251213.01974
300906,2026-08-05,26.18,0.009252,14531.0,38099.76658
300907,2026-08-05,39.42,0.038188,31562.27,122602.16355
300908,2026-08-05,23.84,-0.009144,11764.69,28070.4769
300909,2026-08-05,45.11,0.048826,35811.5,159138.8345
300910,2026-08-05,29.52,-0.0027029999999999997,35219.9,103780.6623
300911,2026-08-05,22.55,0.039171,150430.84,340528.64971
300912,2026-08-05,20.42,-0.10790699999999999,166125.33,336481.28304
300913,2026-08-05,35.63,0.0151,98393.6,347065.13783
300915,2026-08-05,19.9,-0.003505,16783.4,33454.5484
300916,2026-08-05,20.78,0.033831,32711.2,66977.2254
300917,2026-08-05,26.53,0.013755999999999999,51030.22,134223.85514
300918,2026-08-05,10.6,0.012416,69400.0,73589.239
300919,2026-08-05,41.65,0.014616,147467.31,612544.25627
300920,2026-08-05,30.07,0.029795,14584.8,43743.7299
300921,2026-08-05,15.13,0.009340000000000001,128990.12,195713.5025
300922,2026-08-05,17.61,0.027421,88606.81,154920.47363
300923,2026-08-05,22.42,0.00764,14108.21,31389.56246
300925,2026-08-05,15.74,0.007038,98729.54,156005.85856
300926,2026-08-05,18.09,-0.0049499999999999995,41373.0,75024.294
300927,2026-08-05,21.69,0.005097000000000001,30620.63,66130.6115
300928,2026-08-05,25.31,0.000791,18129.0,45973.517
300929,2026-08-05,13.83,0.010965,55073.18,75752.72726
300930,2026-08-05,24.66,0.023237,15174.78,37206.74666
300931,2026-08-05,11.46,0.039927000000000004,38713.18,44023.52247
300932,2026-08-05,9.98,0.050526,196675.95,194866.35969
300933,2026-08-05,6.83,0.033283,431306.75,300087.1432
300935,2026-08-05,32.0,0.020408,130509.68,421296.0802
300936,2026-08-05,66.28,0.069032,33276.1,216020.69867
300937,2026-08-05,24.46,0.0,48088.76,117783.21867
300938,2026-08-05,26.76,0.059802,155223.07,405529.60284
300939,2026-08-05,56.84,0.033642,41415.67,232431.35294
300940,2026-08-05,13.96,0.022711000000000002,63347.25,87937.93945
300941,2026-08-05,14.87,0.017796,49674.02,73780.45556
300942,2026-08-05,6.49,-0.00916,59104.68,38398.6306
300943,2026-08-05,26.54,0.057371,149464.8,391270.53812
300945,2026-08-05,11.89,0.034813000000000004,134653.0,158385.25579
300946,2026-08-05,40.05,0.007547000000000001,10743.77,43015.16236
300947,2026-08-05,14.03,-0.00567,27104.17,38158.04187
300948,2026-08-05,20.19,0.154374,106732.5,208069.88204
300949,2026-08-05,21.51,-0.020045999999999998,17212.57,37146.27356
300950,2026-08-05,16.74,0.006614999999999999,17428.66,29113.84918
300951,2026-08-05,65.99,0.10499,116643.35,755078.8686
300952,2026-08-05,17.38,0.009878,40680.85,70498.16585
300953,2026-08-05,101.31,0.07013799999999999,88595.7,880973.51826
300955,2026-08-05,31.0,0.024793,18768.9,57595.45031
300956,2026-08-05,10.88,0.025448,65763.6,71590.5802
300957,2026-08-05,33.6,-0.005623,98406.44,330085.95588
300958,2026-08-05,11.29,-0.011384,36479.96,41401.9366
300959,2026-08-05,97.25,0.057065000000000005,30919.0,296306.988
300960,2026-08-05,15.65,-0.005718,17681.0,27769.23114
300961,2026-08-05,10.63,0.014313,36161.95,38404.78305
300962,2026-08-05,13.29,0.014504,35887.2,47277.2372
300963,2026-08-05,12.96,0.014879,352706.38,447988.16171
300964,2026-08-05,51.66,0.050641,55982.03,284701.46452
300965,2026-08-05,43.06,0.010324,8390.5,36035.16914
300966,2026-08-05,25.7,0.0313,31233.33,79436.36145
300967,2026-08-05,15.17,0.016075,44629.75,67364.542
300968,2026-08-05,11.13,0.065072,263477.77,289844.75373
300969,2026-08-05,75.8,0.041066000000000005,26155.69,196725.54867
300970,2026-08-05,17.22,0.026222,45327.59,77578.69364
300971,2026-08-05,18.63,0.0125,23271.5,43231.60898
300972,2026-08-05,205.01,-0.0014130000000000002,26511.02,537574.68526
300973,2026-08-05,25.49,0.013519000000000002,31511.0,79514.377
300975,2026-08-05,26.3,0.11158099999999999,690728.99,1757157.76846
300976,2026-08-05,52.21,0.068782,53739.02,274401.91478
300977,2026-08-05,15.83,0.0006320000000000001,15975.65,25335.94787
300978,2026-08-05,8.53,0.005896,40361.47,34413.08091
300979,2026-08-05,34.16,-0.000293,27646.56,93693.4064
300980,2026-08-05,21.51,0.012235000000000001,50011.18,107595.55113
300981,2026-08-05,15.6,-0.005102,353070.99,538181.6008
300982,2026-08-05,15.3,0.001965,29553.0,45325.04502
300983,2026-08-05,38.82,0.032172,17162.05,66545.17063
300984,2026-08-05,33.74,0.053059,51378.17,172411.25126
300985,2026-08-05,30.04,0.043056000000000004,39630.5,118663.3074
300986,2026-08-05,12.8,0.084746,629146.65,793139.20441
300987,2026-08-05,13.71,-0.000729,43880.15,60309.22845
300988,2026-08-05,14.88,0.017784,56275.19,83555.52865
300989,2026-08-05,13.62,-0.06069,187084.82,249687.70358
300990,2026-08-05,70.17,0.04982,71394.96,491868.76386
300991,2026-08-05,27.09,0.056139999999999995,40614.0,109713.053
300992,2026-08-05,22.4,0.016795,18076.91,40521.43225
300993,2026-08-05,9.99,0.0,26124.7,26019.2691
300994,2026-08-05,10.96,-0.007246,25263.0,27839.871
300995,2026-08-05,25.99,0.012072000000000001,13622.0,35405.97013
300996,2026-08-05,19.2,0.063712,1134312.33,2117675.06693
300997,2026-08-05,17.98,0.027429000000000002,217510.97,386295.08741
300998,2026-08-05,24.09,0.011335,25778.15,62269.63197
300999,2026-08-05,26.18,-0.008709,86282.32,226376.53996
301000,2026-08-05,25.9,0.020891000000000003,51655.88,132983.52344
301001,2026-08-05,23.77,-0.002099,19195.0,45701.886
301002,2026-08-05,28.68,0.029064,43312.69,123391.74879
301003,2026-08-05,49.2,0.060801999999999995,20944.0,102927.59
301004,2026-08-05,35.91,-0.014815,9195.4,32956.9552
301005,2026-08-05,73.98,0.04462,99471.43,724273.93784
301006,2026-08-05,13.07,-0.003811,18230.19,23910.76157
301007,2026-08-05,28.9,0.053207000000000004,54771.24,158785.10222
301008,2026-08-05,33.8,0.006552,43922.51,146356.75418
301009,2026-08-05,8.88,-0.013333,27135.0,24200.326
301010,2026-08-05,16.61,0.000602,17676.0,29465.497
301011,2026-08-05,15.07,-0.003966,25058.0,37877.742
301012,2026-08-05,26.86,0.004863,192185.46,512876.87876
301013,2026-08-05,45.7,0.057626,573198.65,2532716.2165
301015,2026-08-05,23.51,-0.003814,50617.93,118928.15244
301016,2026-08-05,13.84,0.125203,145794.83,201937.49633
301017,2026-08-05,13.9,0.00361,59406.51,82716.1881
301018,2026-08-05,84.1,0.078205,174047.3,1419135.00794
301019,2026-08-05,15.12,0.020932,29545.65,44298.84235
301020,2026-08-05,20.66,0.011753,41002.08,83772.49764
301021,2026-08-05,60.9,0.08363,92567.95,547681.74589
301022,2026-08-05,23.14,0.014023,20894.57,48187.59174
301023,2026-08-05,29.65,0.018201000000000002,18630.68,54885.8914
301024,2026-08-05,32.11,-0.019841,13054.0,41817.956
301025,2026-08-05,9.05,0.011172999999999999,89685.0,81020.578
301026,2026-08-05,21.49,0.199888,270918.65,558422.9737
301027,2026-08-05,20.3,0.057291999999999996,71692.03,143780.00707
301028,2026-08-05,12.49,0.017929999999999998,54788.0,68186.777
301029,2026-08-05,25.73,0.005078,91226.06,234638.91454
301030,2026-08-05,8.78,0.004577,91419.0,79616.688
301031,2026-08-05,87.98,0.040322,28220.64,245416.02519
301032,2026-08-05,9.82,0.003064,40780.59,40170.39643
301033,2026-08-05,59.88,0.022541000000000002,15634.62,91773.24678
301035,2026-08-05,54.91,0.0034720000000000003,11807.61,64544.05753
301036,2026-08-05,21.18,0.010496,11412.37,24140.02629
301037,2026-08-05,12.39,-0.028235,28086.54,34982.37894
301038,2026-08-05,16.65,-0.00597,41908.0,69991.18
301039,2026-08-05,8.18,-0.004866,146096.65,119857.81301
301040,2026-08-05,25.69,0.003516,38758.96,98816.01772
301041,2026-08-05,23.33,0.028206000000000002,49120.0,113289.788
301042,2026-08-05,29.81,0.060854,93274.16,273301.767
301043,2026-08-05,41.55,0.026432999999999998,7370.0,30542.801
301045,2026-08-05,63.36,0.2,43842.89,260219.11499
301046,2026-08-05,19.16,0.051015,41045.62,77755.9604
301047,2026-08-05,90.6,0.08399100000000001,142677.71,1295769.18303
301048,2026-08-05,9.1,0.007752,43934.89,39771.14389
301049,2026-08-05,19.09,-0.005211,12696.0,24272.637
301050,2026-08-05,31.62,0.009901,31730.86,100167.864
301051,2026-08-05,14.75,0.072727,103882.59,150246.82391
301052,2026-08-05,24.76,0.011437999999999999,49699.69,122885.80665
301053,2026-08-05,40.8,0.048843,74908.12,298760.34224
301055,2026-08-05,28.51,0.031103000000000002,42339.83,120485.54787
301056,2026-08-05,9.96,0.003021,25498.36,25313.0066
301057,2026-08-05,21.29,0.009004999999999999,22424.0,47519.236
301058,2026-08-05,8.25,-0.003623,42129.57,34755.08168
301059,2026-08-05,11.24,0.005366999999999999,23867.47,26776.54758
301060,2026-08-05,8.96,-0.007752,62613.0,56376.12711
301061,2026-08-05,36.3,0.0,25485.51,92397.87102
301062,2026-08-05,6.4,0.011057999999999998,105333.66,66721.42197
301063,2026-08-05,17.34,0.0,17098.22,29658.55958
301065,2026-08-05,18.48,-0.006985,11282.0,20877.997
301066,2026-08-05,12.57,0.009639,39841.6,49864.3294
301067,2026-08-05,27.52,0.069984,43117.0,116656.07128
301068,2026-08-05,28.93,0.034322,22636.29,65732.39288
301069,2026-08-05,16.76,0.018845,63839.52,106182.81816
301070,2026-08-05,58.58,0.007568,46033.99,267437.38578
301071,2026-08-05,56.47,0.085962,161020.51,887852.56968
301072,2026-08-05,34.15,0.042748,45567.0,154195.663
301073,2026-08-05,17.98,0.028016,77145.67,139218.78695
301075,2026-08-05,55.59,0.032696,12084.39,66364.43607
301076,2026-08-05,23.05,0.056855,56772.42,128417.36426
301077,2026-08-05,20.05,0.018283,20171.8,40348.07622
301078,2026-08-05,7.6,0.0,165417.57,125488.9555
301079,2026-08-05,28.84,0.018002,34931.82,100663.53966
301080,2026-08-05,53.99,0.032313999999999996,54108.93,289795.08956
301081,2026-08-05,11.9,0.032986,38559.99,45511.91786
301082,2026-08-05,12.13,0.075355,499075.8,572050.7279
301083,2026-08-05,13.47,0.005975,24116.0,32570.528
301085,2026-08-05,63.49,-0.013670999999999999,55136.75,351615.97103
301086,2026-08-05,106.0,0.065327,48600.63,500966.26525
301087,2026-08-05,53.06,-0.023735,22756.28,120596.49751
301088,2026-08-05,12.01,0.000833,14537.0,17457.851
301089,2026-08-05,23.7,0.0012670000000000001,32278.32,76706.74705
301090,2026-08-05,6.62,0.006079,97484.95,64345.081
301091,2026-08-05,17.97,0.017554,99967.77,179770.5677
301092,2026-08-05,43.52,0.057337,56665.66,242487.69934
301093,2026-08-05,65.9,0.09815,72162.27,461831.52812
301095,2026-08-05,71.78,0.060266,88179.6,623758.5784
301096,2026-08-05,41.5,0.019406,18237.0,75087.552
301097,2026-08-05,33.06,0.011009,6170.76,20430.86429
301098,2026-08-05,8.37,0.055485,143106.94,119027.07061
301099,2026-08-05,47.64,0.073457,105597.93,491454.81236
301100,2026-08-05,15.94,0.012062999999999999,22928.14,36048.1124
301101,2026-08-05,30.06,-0.0013289999999999999,18687.75,56171.35425
301102,2026-08-05,9.75,0.017745,28174.04,27462.00579
301103,2026-08-05,16.11,-0.0073939999999999995,12887.49,20805.56179
301105,2026-08-05,45.8,-0.017166999999999998,6102.58,28207.38912
301106,2026-08-05,16.65,0.018349,26695.04,44297.70016
301107,2026-08-05,18.56,0.018661,14339.12,26536.64732
301108,2026-08-05,35.75,0.016202,18909.41,67814.5704
301109,2026-08-05,13.76,0.0,45888.98,62992.97778
301110,2026-08-05,38.43,0.0248,54018.82,205258.60867
301111,2026-08-05,19.0,0.020408,41184.0,77907.76553
301112,2026-08-05,32.0,0.009464,19648.89,62879.07876
301113,2026-08-05,15.4,-0.012186999999999998,21967.2,33859.95908
301115,2026-08-05,26.29,0.089967,54040.1,138953.5285
301116,2026-08-05,8.75,-0.013529,42356.7,37356.92759
301117,2026-08-05,18.41,0.011538,64549.76,119035.02812
301118,2026-08-05,21.15,0.016827,27273.37,57589.84842
301119,2026-08-05,20.96,0.019455,15646.8,32839.5672
301120,2026-08-05,15.89,-0.015489,232854.82,367326.42561
301121,2026-08-05,34.44,0.031756,19245.29,64934.91722
301122,2026-08-05,31.2,0.011673,36440.65,112894.79808
301123,2026-08-05,65.5,0.056452,95335.02,609213.88436
301125,2026-08-05,13.69,0.001463,39086.6,54036.179
301126,2026-08-05,9.27,-0.002153,33611.0,31161.106
301127,2026-08-05,14.98,0.069236,304951.34,449972.20259
301128,2026-08-05,102.28,0.070434,63757.17,630504.42067
301129,2026-08-05,21.05,-0.0047279999999999996,12290.44,25912.81377
301130,2026-08-05,24.15,-0.010246,12844.72,31147.85316
301131,2026-08-05,32.92,0.000912,10009.91,32985.05411
301132,2026-08-05,31.5,0.035503,74525.33,231898.67509
301133,2026-08-05,26.07,0.025167000000000002,27476.62,71126.80784
301135,2026-08-05,16.3,-0.004884,36194.45,59228.67105
301136,2026-08-05,11.51,-0.0017349999999999998,43518.28,50189.92716
301137,2026-08-05,38.36,-0.012613000000000001,186502.32,705180.67076
301138,2026-08-05,26.15,0.013566,9860.0,25708.181
301139,2026-08-05,3.98,-0.019704,219778.67,87485.14002
301141,2026-08-05,40.02,0.070912,71449.58,288194.26988
301148,2026-08-05,48.0,0.080351,25604.31,123092.77214
301149,2026-08-05,7.78,0.009079,75854.59,59087.07486
301150,2026-08-05,36.53,0.06688100000000001,205182.15,734946.75896
301151,2026-08-05,16.02,0.015853,37347.03,59529.70668
301152,2026-08-05,19.88,0.01222,52374.69,103626.39893
301153,2026-08-05,18.49,-0.004844,61523.78,114413.9897
301155,2026-08-05,46.07,0.024916999999999998,43702.71,199054.29609
301156,2026-08-05,10.93,-0.010860000000000002,42951.94,46891.08985
301157,2026-08-05,57.22,0.022882,8542.0,48609.132
301158,2026-08-05,14.82,0.008163,89927.6,132556.71212
301159,2026-08-05,33.47,0.049215999999999996,85399.26,295897.62542
301160,2026-08-05,36.96,0.0,36866.03,137070.76579
301161,2026-08-05,26.54,0.03108,45916.92,121992.91627
301162,2026-08-05,41.07,-0.016287,37138.24,155280.98944
301163,2026-08-05,22.93,0.010132,13479.13,30693.87361
301165,2026-08-05,115.52,0.073706,366915.22,4271734.38909
301166,2026-08-05,26.37,-0.009762999999999999,9699.0,25693.864
301167,2026-08-05,13.41,-0.001489,23820.3,32095.7429
301168,2026-08-05,42.81,0.054432999999999995,23394.12,98443.17516
301169,2026-08-05,54.09,0.065813,33741.02,178615.59834
301170,2026-08-05,22.01,-0.002267,9142.92,20161.89916
301171,2026-08-05,39.01,0.0375,1157206.1,4495971.0568
301172,2026-08-05,17.76,0.036173000000000004,87446.02,154992.65876
301173,2026-08-05,30.26,-0.00624,8261.72,25113.468
301175,2026-08-05,5.46,-0.009074,177809.83,97738.87839
301176,2026-08-05,44.0,0.061776,112424.98,480838.56639
301177,2026-08-05,23.24,0.013519000000000002,12801.11,29486.29809
301178,2026-08-05,36.65,0.019471000000000002,35396.15,127769.90191
301179,2026-08-05,20.01,0.019878,40294.49,80217.55556
301180,2026-08-05,11.53,0.014965,30973.0,35497.96
301181,2026-08-05,22.0,0.016635999999999998,24134.37,52831.43658
301182,2026-08-05,69.19,0.074379,63876.49,423025.10236
301183,2026-08-05,161.45,0.0053549999999999995,66857.95,1050893.23322
301185,2026-08-05,16.87,0.0023769999999999998,30094.91,50742.74062
301186,2026-08-05,35.08,0.063998,21354.83,73864.4744
301187,2026-08-05,15.78,-0.001898,25042.0,39596.175
301188,2026-08-05,37.55,0.089985,191577.31,704199.06717
301189,2026-08-05,46.15,0.040352,44571.0,205028.71482
301190,2026-08-05,18.2,-0.0038309999999999998,95192.81,171495.5327
301191,2026-08-05,90.23,0.057796,74060.16,665235.01248
301192,2026-08-05,19.0,-0.000526,12756.9,24327.6323
301193,2026-08-05,17.62,0.05194,49509.35,86326.61554
301195,2026-08-05,26.61,0.013713999999999999,14109.79,37499.10227
301196,2026-08-05,75.7,0.117673,81313.35,593233.25597
301197,2026-08-05,25.69,0.071756,63486.93,158800.22179
301198,2026-08-05,11.84,0.018933,44437.99,52411.36986
301199,2026-08-05,18.51,0.001623,19462.03,35926.96353
301200,2026-08-05,261.39,0.056164,47566.11,1214046.10786
301201,2026-08-05,31.18,0.048067,78079.51,242614.53586
301202,2026-08-05,33.54,0.019143,16195.0,54091.34
301203,2026-08-05,32.86,0.014823999999999999,7801.0,25456.585
301205,2026-08-05,261.08,-0.021952,141555.22,3540361.63326
301206,2026-08-05,23.65,-0.001688,12061.5,28410.644
301207,2026-08-05,17.76,-0.003926,41518.28,73852.87248
301208,2026-08-05,29.81,0.00438,13464.8,40273.5477
301209,2026-08-05,49.2,0.064014,39673.35,189560.48968
301210,2026-08-05,24.15,0.021574,33196.09,79721.71999
301211,2026-08-05,10.85,0.0009229999999999999,80849.39,87735.76666
301212,2026-08-05,21.43,0.01999,11855.0,25223.608
301213,2026-08-05,45.99,0.008773999999999999,39779.93,182263.18099
301215,2026-08-05,5.36,0.0056289999999999995,267044.18,144945.87397
301216,2026-08-05,16.73,0.020122,119155.94,198434.97292
301217,2026-08-05,94.9,0.101439,432622.96,3964820.69085
301218,2026-08-05,40.99,0.075289,122855.4,498799.72813
301219,2026-08-05,47.6,0.034108,85505.4,403963.16495
301220,2026-08-05,27.92,-0.0025009999999999998,12861.8,35991.7294
301221,2026-08-05,29.18,0.035486,39402.26,115059.09856
301222,2026-08-05,24.39,0.029548,17773.8,42987.6216
301223,2026-08-05,16.42,0.0006090000000000001,11426.66,18840.40942
301225,2026-08-05,54.18,0.018613,26421.94,142777.75164
301226,2026-08-05,28.88,0.015470999999999999,15787.08,45496.8151
301227,2026-08-05,23.01,0.072227,85137.22,192236.19292
301228,2026-08-05,61.25,-0.03816,34374.55,212906.40534
301229,2026-08-05,12.0,0.004184,28063.96,33804.8742
301230,2026-08-05,27.31,0.020935000000000002,128445.42,349854.56488
301231,2026-08-05,27.7,0.016141000000000003,67220.69,184837.27895
301232,2026-08-05,110.03,0.058083,43424.07,471004.83933
301233,2026-08-05,32.05,0.007862000000000001,7835.0,25015.5762
301234,2026-08-05,71.55,0.039971,54461.76,379503.24342
301235,2026-08-05,40.6,0.06282700000000001,77846.72,311038.87237
301236,2026-08-05,42.79,0.115485,696944.07,2894238.41493
301237,2026-08-05,51.34,0.06316,21274.39,107607.31437
301238,2026-08-05,16.72,0.01272,103481.19,172201.31101
301239,2026-08-05,32.3,-0.009506,25755.96,83554.82431
301246,2026-08-05,19.94,0.022564,85365.57,169260.0379
301248,2026-08-05,62.65,0.099123,101216.31,612530.95914
301251,2026-08-05,33.19,0.07411,74291.21,238196.42248
301252,2026-08-05,30.8,0.027009,25404.99,77822.34293
301255,2026-08-05,20.47,0.003922999999999999,14174.4,29016.334
301256,2026-08-05,10.17,0.033537,52924.48,53207.5144
301257,2026-08-05,41.59,0.018614,45191.02,188088.30814
301258,2026-08-05,24.72,-0.008424000000000001,15073.0,37422.499
301259,2026-08-05,23.94,0.069227,101306.95,240763.4455
301260,2026-08-05,14.1,0.009306,29859.91,42184.73015
301261,2026-08-05,57.48,0.018066,24345.6,139506.1742
301262,2026-08-05,20.74,-0.020774,135350.78,281377.37222
301263,2026-08-05,20.41,-0.002444,32195.8,66033.4828
301265,2026-08-05,18.94,0.063448,68058.45,126751.1518
301266,2026-08-05,21.27,-0.000939,33142.98,70376.23841
301267,2026-08-05,16.34,-0.010297,32380.5,53179.069
301268,2026-08-05,13.34,0.0045179999999999994,36821.93,49291.85015
301269,2026-08-05,92.85,0.033849,100776.32,929975.9996
301270,2026-08-05,33.74,-0.04310800000000001,164480.35,551162.2433
301272,2026-08-05,32.82,-0.011148,10774.99,35575.40638
301273,2026-08-05,35.4,0.009698,43983.81,152952.062
301275,2026-08-05,45.83,-0.006934,70611.93,325400.32058
301276,2026-08-05,19.99,0.015752,15227.75,30171.15125
301277,2026-08-05,10.37,-0.005753,69695.54,71959.12162
301278,2026-08-05,27.26,-0.004746,15852.3,43355.0888
301279,2026-08-05,18.05,0.011204,17581.59,31624.68683
301280,2026-08-05,39.47,0.046117,22174.98,86893.64366
301281,2026-08-05,37.0,0.025499,16940.87,62086.10529
301282,2026-08-05,22.76,0.036902,82060.92,185797.71541
301283,2026-08-05,25.61,0.004314,10470.92,26861.89547
301285,2026-08-05,70.39,0.077948,32933.79,227012.00703
301286,2026-08-05,39.67,0.03469,16197.46,63829.27834
301287,2026-08-05,33.88,-0.017686,9064.0,30815.261
301288,2026-08-05,16.52,0.000606,14743.0,24279.763
301289,2026-08-05,43.92,0.003656,5715.7,25057.0996
301290,2026-08-05,26.85,0.019749000000000003,15886.81,42528.97874
301291,2026-08-05,40.5,-0.012677,81364.15,328055.0369
301292,2026-08-05,69.67,0.035369000000000005,163214.97,1115972.92838
301293,2026-08-05,56.56,0.012531,135238.87,761846.92047
301295,2026-08-05,43.1,0.05276,34031.31,145270.10775
301296,2026-08-05,6.28,-0.009464,35314.53,22232.2249
301297,2026-08-05,33.73,0.024916,255212.89,849341.20672
301298,2026-08-05,12.15,-0.007352999999999999,18451.4,22484.9554
301299,2026-08-05,44.81,0.017253,12155.55,54192.39022
301300,2026-08-05,30.28,0.00967,8996.0,27197.185
301301,2026-08-05,8.76,-0.012401,116942.73,102679.14459
301302,2026-08-05,24.4,0.021348,134615.25,330007.47029
301303,2026-08-05,13.72,-0.007236,52197.76,71762.46342
301305,2026-08-05,22.69,0.028558,85769.19,195464.37794
301306,2026-08-05,91.4,0.060816999999999996,39437.03,357369.56568
301307,2026-08-05,49.08,0.094803,109678.0,526555.46662
301308,2026-08-05,364.92,0.08590999999999999,233274.06,8273900.77251
301309,2026-08-05,29.99,0.003346,7011.0,21091.009
301310,2026-08-05,54.83,0.078906,91293.22,488897.54587
301311,2026-08-05,13.58,0.002954,20955.04,28411.59411
301312,2026-08-05,62.53,0.091084,78420.41,471967.72765
301313,2026-08-05,37.07,0.042463,140940.97,517044.55217
301314,2026-08-05,39.92,0.018367,10084.62,39884.60844
301315,2026-08-05,38.85,0.020756999999999998,16291.0,63182.346
301316,2026-08-05,39.77,0.035407,144444.37,573119.51486
301317,2026-08-05,44.29,0.055278,33293.85,144962.83695
301318,2026-08-05,20.84,0.016585000000000003,17342.3,36169.0454
301319,2026-08-05,98.01,0.056142000000000004,177547.81,1693287.05389
301320,2026-08-05,12.58,0.004792,18504.8,23160.4774
301321,2026-08-05,35.16,0.06707099999999999,69848.76,239220.01786
301322,2026-08-05,36.31,0.051854,42800.94,152846.17296
301323,2026-08-05,73.88,0.054073,22615.0,165039.583
301325,2026-08-05,31.87,0.025088,16290.67,51713.30706
301326,2026-08-05,87.65,0.071516,21734.34,185891.71664
301327,2026-08-05,46.11,0.0034820000000000003,11775.77,54086.11722
301328,2026-08-05,48.13,0.052022000000000006,24127.69,114397.47834
301329,2026-08-05,19.42,0.008831,34617.33,67182.91918
301330,2026-08-05,24.91,0.029764,41827.72,103667.99653
301331,2026-08-05,20.87,-0.002867,16125.29,33696.4791
301332,2026-08-05,8.36,-0.007126,49657.88,41527.87054
301333,2026-08-05,51.3,0.011834,26130.0,133120.847
301335,2026-08-05,21.36,-0.000468,12893.4,27557.2522
301336,2026-08-05,39.49,-0.013243,6841.18,27153.93491
301337,2026-08-05,25.2,0.003984,23050.29,58545.74761
301338,2026-08-05,90.5,0.067847,60444.56,533000.65647
301339,2026-08-05,11.5,-0.0026019999999999997,59899.09,69429.93452
301345,2026-08-05,246.48,-8.099999999999999e-05,11583.09,285928.61986
301348,2026-08-05,19.75,0.031869999999999996,137676.44,268938.57955
301349,2026-08-05,41.94,0.08372099999999999,68786.06,282113.3154
301353,2026-08-05,17.45,0.024061,16290.66,28209.75353
301355,2026-08-05,9.68,0.0031090000000000002,30380.0,29471.4
301356,2026-08-05,18.71,0.015193000000000002,19031.0,35384.484
301357,2026-08-05,94.2,0.002874,44555.94,418140.10781
301358,2026-08-05,65.91,0.041561,185698.93,1214401.28784
301359,2026-08-05,15.95,0.0031450000000000002,16006.16,25518.21944
301360,2026-08-05,50.2,0.044093,28942.96,143863.34772
301361,2026-08-05,29.36,-0.004746,14101.0,41394.988
301362,2026-08-05,126.0,0.09565200000000001,62477.84,760291.31194
301363,2026-08-05,16.9,0.01137,108597.83,183106.77431
301365,2026-08-05,37.08,0.050723000000000004,43369.09,160006.1933
301366,2026-08-05,45.83,0.029887999999999998,164253.86,739527.76862
301367,2026-08-05,45.72,0.011952,22865.98,103691.03518
301368,2026-08-05,43.53,0.015395,33293.65,144973.40845
301369,2026-08-05,130.39,0.08477499999999999,26476.15,337088.84087
301370,2026-08-05,8.67,-0.010274,40540.0,35173.0
301371,2026-08-05,25.7,-0.010015000000000001,22629.74,58136.29534
301372,2026-08-05,29.61,0.03063,14258.0,42214.112
301373,2026-08-05,85.97,0.09936099999999999,61640.86,512394.9076
301376,2026-08-05,20.57,0.0647,75645.95,153770.942
301377,2026-08-05,416.07,0.107423,62239.94,2469103.35161
301378,2026-08-05,26.6,0.010254000000000001,73249.6,195318.35954
301379,2026-08-05,21.21,0.066901,243952.93,507609.63312
301380,2026-08-05,32.43,0.030505,55872.55,178883.76998
301381,2026-08-05,23.61,-0.000423,85476.0,200991.12998
301382,2026-08-05,41.88,0.021463,474359.12,1976930.84252
301383,2026-08-05,21.78,0.002301,13673.27,29727.56945
301386,2026-08-05,19.93,-0.005985000000000001,9827.0,19733.268
301387,2026-08-05,52.67,0.048159,28056.44,145873.54768
301388,2026-08-05,23.83,0.010174,16906.0,40059.066
301389,2026-08-05,48.66,0.073698,83163.71,394948.7521
301390,2026-08-05,29.58,-0.014657,12936.0,38682.264
301391,2026-08-05,49.16,0.024167,10932.6,53620.8386
301392,2026-08-05,151.5,0.136449,68223.57,979773.31225
301393,2026-08-05,58.8,0.047942,34913.48,202894.69907
301395,2026-08-05,11.98,-0.007457,64535.89,77264.33928
301396,2026-08-05,198.9,0.12595499999999998,282972.08,5472303.94866
301397,2026-08-05,25.81,0.040726000000000005,48093.46,122016.95366
301398,2026-08-05,36.02,0.08298299999999999,29789.79,104723.37492
301399,2026-08-05,15.69,0.011605,14810.01,23194.43903
301408,2026-08-05,14.79,0.00818,109289.0,161196.045
301413,2026-08-05,67.5,0.106557,72785.22,473851.03915
301418,2026-08-05,36.14,0.027288,15676.15,56135.2226
301419,2026-08-05,30.38,0.037923,49607.65,148503.75575
301421,2026-08-05,72.82,0.068055,91487.82,648450.17352
301428,2026-08-05,29.78,0.004046,37530.36,112249.65716
301429,2026-08-05,16.43,-0.01262,18471.1,30331.30493
301439,2026-08-05,15.2,0.004627,103546.06,156967.40467
301446,2026-08-05,35.67,0.007627,7738.0,27495.499
301448,2026-08-05,43.49,0.019695,23335.43,100116.61223
301449,2026-08-05,38.79,-0.0012870000000000002,27843.74,107290.51023
301456,2026-08-05,23.08,-0.006885,21511.37,49554.65622
301458,2026-08-05,36.72,0.047645999999999994,85745.43,310816.0987
301459,2026-08-05,35.2,0.022958,9675.68,33664.82646
301468,2026-08-05,33.11,0.070136,83092.16,270670.58574
301469,2026-08-05,26.87,0.0026119999999999997,10998.0,29505.006
301479,2026-08-05,48.79,0.029542000000000002,19633.09,94895.15151
301486,2026-08-05,141.7,0.035743,74025.87,1026135.12961
301487,2026-08-05,16.39,0.014233,113692.9,185412.99758
301488,2026-08-05,113.0,0.106325,39582.47,439978.04915
301489,2026-08-05,96.7,0.081051,64106.06,602645.16268
301491,2026-08-05,39.54,0.002281,8752.33,34473.38901
301498,2026-08-05,43.05,-0.002549,79252.3,341687.4427
301499,2026-08-05,24.3,0.021008,21556.37,52350.4038
301500,2026-08-05,23.56,0.070423,164045.94,380172.84603
301501,2026-08-05,28.89,0.011555,25758.32,74026.56042
301502,2026-08-05,51.28,0.058629,11270.87,56823.4317
301503,2026-08-05,21.4,-0.004651,8614.84,18479.8483
301505,2026-08-05,15.97,-0.001251,19605.88,31349.97702
301507,2026-08-05,12.17,-0.0073409999999999994,36744.0,44809.94677
301508,2026-08-05,24.3,0.027484,42607.08,104936.0538
301509,2026-08-05,29.27,0.017379,38118.76,110682.84708
301510,2026-08-05,26.96,0.021599,84624.0,226922.328
301511,2026-08-05,76.76,0.117159,367866.0,2703833.11572
301512,2026-08-05,29.81,0.015673,14792.47,44112.00655
301513,2026-08-05,50.14,0.020973000000000002,12301.79,61327.61276
301515,2026-08-05,17.96,-0.016429,15113.69,27423.31741
301516,2026-08-05,15.75,0.013514,65449.95,102798.4939
301517,2026-08-05,39.41,0.023105,33804.43,133142.31113
301518,2026-08-05,25.15,0.022358,16201.99,40518.15983
301519,2026-08-05,11.46,0.0017480000000000002,22444.0,25738.23698
301520,2026-08-05,49.25,0.071817,130952.83,628049.31168
301522,2026-08-05,23.59,0.00597,40898.92,96331.72492
301525,2026-08-05,40.88,0.012381999999999999,12122.66,49458.12632
301526,2026-08-05,34.19,0.140427,2930914.86,9455762.03476
301528,2026-08-05,47.79,0.042539,17007.7,80776.47212
301529,2026-08-05,79.85,0.050243,29583.26,233970.7379
301531,2026-08-05,51.88,0.062897,48774.92,248531.88246
301533,2026-08-05,25.26,0.00039600000000000003,10754.0,27168.049
301535,2026-08-05,16.81,-0.0041470000000000005,48394.18,80913.85373
301536,2026-08-05,114.5,0.054231,212787.8,2414063.86858
301538,2026-08-05,39.29,0.029342,25645.32,99782.52696
301539,2026-08-05,14.21,-0.006987999999999999,23655.82,33671.58746
301548,2026-08-05,63.96,0.032778999999999996,19470.02,123465.46334
301550,2026-08-05,73.99,0.047720000000000005,68129.86,499551.10269
301551,2026-08-05,21.48,-0.00831,55511.37,119519.72491
301552,2026-08-05,23.69,0.003388,17242.06,40695.83638
301555,2026-08-05,30.49,0.016333,21241.98,64670.36499
301556,2026-08-05,60.45,0.007668,20039.97,121287.07375
301557,2026-08-05,77.64,0.014902,9114.6,70105.6616
301558,2026-08-05,6.7,-0.004458,77679.63,51994.4481
301559,2026-08-05,13.78,-0.018519,48761.26,66661.81028
301560,2026-08-05,23.37,-0.0012820000000000002,23408.03,54838.5359
301563,2026-08-05,125.16,0.056826999999999996,28428.02,349452.61529
301565,2026-08-05,20.89,0.00481,106942.24,224109.14827
301566,2026-08-05,23.82,0.06912,309596.17,726865.93795
301567,2026-08-05,33.24,0.009106999999999999,10259.0,34055.005
301568,2026-08-05,63.48,0.060829,45201.37,283398.63049
301571,2026-08-05,58.37,0.045308,51629.85,300307.22705
301575,2026-08-05,27.2,0.000368,9248.45,25122.87923
301577,2026-08-05,52.5,0.037344,15033.0,77992.10995
301578,2026-08-05,21.85,-0.00907,22712.83,49634.12481
301580,2026-08-05,53.32,0.057517,79983.21,421144.28903
301581,2026-08-05,36.11,0.014896,7458.76,26772.40348
301583,2026-08-05,158.22,0.027803,153016.9,2370260.89744
301584,2026-08-05,22.17,0.0,28919.78,63974.26502
301585,2026-08-05,25.76,0.006643,7805.2,19984.7045
301586,2026-08-05,31.48,-0.000635,7689.0,24294.818
301587,2026-08-05,21.43,0.005159,43255.66,92329.32916
301588,2026-08-05,30.84,0.029029,67275.28,206948.17501
301589,2026-08-05,145.54,0.033298,9125.21,132737.01199
301590,2026-08-05,74.93,0.021541,8868.38,65824.34966
301591,2026-08-05,28.79,0.048816,54624.9,155844.8987
301592,2026-08-05,100.8,0.02335,14486.0,145916.613
301595,2026-08-05,40.62,0.041005,10638.01,42734.93557
301596,2026-08-05,50.45,0.015499,49696.45,247832.96054
301598,2026-08-05,48.16,0.0008309999999999999,6099.71,29562.26788
301599,2026-08-05,35.64,0.034543,43773.63,154075.45911
301600,2026-08-05,92.67,0.019472,13912.64,130470.65242
301601,2026-08-05,15.75,-0.010678,31067.42,49153.66682
301602,2026-08-05,15.15,-0.011097,27008.55,40920.9262
301603,2026-08-05,119.39,0.044531999999999995,31089.7,367487.19403
301606,2026-08-05,54.04,0.030314999999999998,30575.65,163518.67379
301607,2026-08-05,36.36,0.062847,121422.49,433911.20189
301608,2026-08-05,48.0,0.009039,18798.56,90402.76494
301609,2026-08-05,37.06,-0.002423,47444.1,175609.43904
301611,2026-08-05,93.73,0.09561700000000001,152053.86,1385429.82609
301613,2026-08-05,39.18,0.010575000000000001,18695.52,73755.56372
301616,2026-08-05,34.78,0.009871999999999999,6667.0,23132.13704
301617,2026-08-05,48.76,0.037888000000000005,17830.9,86073.4327
301618,2026-08-05,33.62,0.024375,18246.32,61083.73196
301622,2026-08-05,42.98,0.011770000000000001,13904.0,59946.98744
301626,2026-08-05,231.29,0.051318,21918.99,499170.8038
301628,2026-08-05,79.85,0.027142,23200.51,183075.99169
301629,2026-08-05,239.21,0.069812,14267.76,336145.00953
301630,2026-08-05,164.81,0.072284,18295.96,292921.11142
301631,2026-08-05,61.51,0.023461,25510.14,156327.16055
301632,2026-08-05,15.48,-0.0057799999999999995,35247.84,54816.02396
301633,2026-08-05,57.46,-0.024447999999999998,11850.01,68746.12863
301636,2026-08-05,40.38,0.009752,12064.29,48587.03324
301638,2026-08-05,24.59,0.0,190393.76,466939.27555
301656,2026-08-05,17.11,0.003519,58219.06,99693.6563
301658,2026-08-05,25.05,0.005620000000000001,44441.43,110773.77481
301662,2026-08-05,71.55,0.010879000000000002,29588.12,210688.4286
301665,2026-08-05,22.53,0.002224,25014.33,56306.88188
301666,2026-08-05,433.34,0.052843999999999995,35882.71,1531527.5398
301667,2026-08-05,70.61,0.003838,63587.09,445335.00747
301668,2026-08-05,38.03,-0.022365,44947.16,169858.93528
301669,2026-08-05,30.75,0.0199,111502.44,340624.05706
301677,2026-08-05,69.62,-0.009109,107314.15,739789.46478
301678,2026-08-05,45.02,0.037805,36032.0,160664.90011
301680,2026-08-05,95.0,0.02825,10844.15,101816.37581
301682,2026-08-05,130.05,0.040566000000000005,31156.24,400866.90314
301683,2026-08-05,102.6,0.009843,9466.12,97001.14
301687,2026-08-05,49.81,0.064316,68211.05,335479.05162
301696,2026-08-05,106.0,0.025244,41437.67,436940.40682
302132,2026-08-05,57.97,-0.00034500000000000004,54664.05,316825.42784
600000,2026-08-05,9.26,-0.014894000000000001,795498.74,739028.437
600004,2026-08-05,7.72,-0.012787999999999999,165106.7,127673.17
600006,2026-08-05,5.59,-0.003565,131790.01,73758.343
600007,2026-08-05,18.46,-0.007527000000000001,33852.0,62518.003
600008,2026-08-05,2.88,-0.017065,1071999.8,309451.019
600009,2026-08-05,24.08,-0.007829000000000001,132222.81,318832.433
600010,2026-08-05,2.27,0.017937,5523459.63,1250577.183
600011,2026-08-05,7.12,-0.012483,1171843.56,834331.804
600012,2026-08-05,16.31,-0.019832000000000002,79064.53,128733.999
600015,2026-08-05,6.78,-0.015965,749302.3,510202.212
600016,2026-08-05,3.52,-0.011236,2923894.49,1029481.427
600017,2026-08-05,2.75,-0.003623,278704.5,76790.162
600018,2026-08-05,5.17,-0.0038540000000000002,546888.75,282078.601
600019,2026-08-05,5.86,-0.013468,1078394.32,633981.997
600020,2026-08-05,3.84,-0.007752,106581.65,40962.561
600021,2026-08-05,14.93,0.001341,431713.61,641912.111
600022,2026-08-05,1.38,-0.007194000000000001,777920.39,107509.283
600023,2026-08-05,4.94,-0.0060360000000000006,492350.09,242654.569
600025,2026-08-05,9.75,-0.019115,335208.9,326638.202
600026,2026-08-05,17.87,0.060534,830321.15,1441369.221
600027,2026-08-05,4.72,-0.012552,684134.44,322919.658
600028,2026-08-05,4.98,-0.023529,3062517.22,1532110.308
600029,2026-08-05,5.24,0.011583000000000001,873768.13,457679.764
600030,2026-08-05,28.18,0.006429000000000001,1228483.31,3458997.894
600031,2026-08-05,19.62,0.004608,849030.14,1656534.688
600032,2026-08-05,7.45,-0.006666999999999999,281508.35,208720.832
600033,2026-08-05,3.6,0.005587,206298.36,73666.207
600035,2026-08-05,3.5,0.0,130676.48,45548.272
600036,2026-08-05,38.94,-0.008656,960454.05,3741155.972
600037,2026-08-05,7.13,-0.013831,182410.63,130749.474
600038,2026-08-05,26.67,-0.005593,56445.0,150581.776
600039,2026-08-05,8.61,-0.010345,176439.6,152330.946
600048,2026-08-05,5.15,0.007828,1188878.94,608403.435
600050,2026-08-05,4.39,-0.017897,1844829.03,813401.759
600051,2026-08-05,6.01,-0.006612,47625.5,28861.731
600052,2026-08-05,3.82,0.010582000000000001,121289.01,46304.586
600053,2026-08-05,7.45,-0.010624,11864.01,8863.566
600054,2026-08-05,11.24,-0.002662,62393.0,70148.021
600055,2026-08-05,11.77,-0.031276,69293.96,82327.663
600056,2026-08-05,9.33,-0.015823,188882.79,176414.887
600057,2026-08-05,6.43,-0.006182,176829.45,113429.759
600058,2026-08-05,10.15,0.021126999999999996,125121.16,127126.071
600059,2026-08-05,8.13,-0.003676,61196.19,49700.357
600060,2026-08-05,27.23,-0.0025640000000000003,111181.55,302144.335
600061,2026-08-05,6.53,-0.001529,317564.51,207574.075
600062,2026-08-05,16.18,-0.007362,87009.27,140939.802
600063,2026-08-05,5.97,0.024014,604945.08,359050.125
600064,2026-08-05,7.79,-0.0012820000000000002,165233.65,128716.8
600066,2026-08-05,32.29,0.015408999999999999,142338.7,456759.469
600067,2026-08-05,2.76,-0.00361,176253.69,48631.062
600071,2026-08-05,15.66,0.014905999999999999,23406.0,36486.585
600072,2026-08-05,9.01,-0.007709000000000001,220433.89,199120.228
600073,2026-08-05,5.15,-0.005792,79880.0,41220.328
600075,2026-08-05,4.59,-0.006494,165963.95,75912.408
600076,2026-08-05,3.05,0.016667,236390.67,71874.685
600078,2026-08-05,11.03,0.099701,293605.6,308999.418
600079,2026-08-05,17.68,0.007407,90243.79,158884.385
600080,2026-08-05,4.91,-0.006072999999999999,24712.0,12115.895
600081,2026-08-05,9.95,0.0,27845.38,27691.628
600082,2026-08-05,2.89,0.014034999999999999,56168.1,16143.643
600084,2026-08-05,4.31,0.004662,29309.0,12584.915
600085,2026-08-05,25.08,-0.026775000000000004,186892.22,469426.855
600088,2026-08-05,11.97,0.009275,52565.0,62912.457
600089,2026-08-05,21.64,0.012161,1513235.82,3239601.343
600094,2026-08-05,4.61,0.050114,405330.71,184296.017
600095,2026-08-05,8.37,0.0035970000000000004,387891.62,326176.948
600096,2026-08-05,30.17,0.02619,292783.94,875113.189
600097,2026-08-05,8.21,-0.008454,29617.01,24356.98
600098,2026-08-05,6.35,-0.017028,285194.41,181558.941
600099,2026-08-05,8.48,-0.009346,34619.0,29431.16
600100,2026-08-05,7.2,-0.004149,291605.71,210610.862
600101,2026-08-05,8.32,-0.004785,158070.9,131204.913
600103,2026-08-05,3.08,0.0,1830970.82,558712.17
600104,2026-08-05,10.86,-0.010929,559868.62,610101.003
600105,2026-08-05,36.55,0.065908,2614502.55,9157198.776
600106,2026-08-05,4.57,-0.002183,99703.21,45608.311
600107,2026-08-05,5.21,-0.013258,16268.01,8483.826
600108,2026-08-05,3.14,0.003195,563296.89,176506.538
600109,2026-08-05,8.79,0.0,221259.04,194632.799
600110,2026-08-05,9.36,0.062429,1712256.81,1589440.859
600111,2026-08-05,41.77,0.032123,952342.7,3969966.991
600113,2026-08-05,31.11,0.015671,62192.19,192806.19
600114,2026-08-05,29.06,0.030496,226247.49,652357.483
600115,2026-08-05,3.78,0.024390000000000002,2157559.03,812135.818
600116,2026-08-05,6.56,-0.016492,249189.9,164118.988
600117,2026-08-05,2.29,0.0,134062.8,30566.513
600118,2026-08-05,63.13,0.02086,384852.67,2424012.199
600119,2026-08-05,4.49,0.0,15997.0,7144.288
600120,2026-08-05,5.18,-0.0019270000000000001,408469.48,211364.373
600121,2026-08-05,3.91,0.007732,491677.97,191228.489
600123,2026-08-05,6.93,0.008733999999999999,246247.65,170762.278
600125,2026-08-05,5.51,-0.007207,93082.72,51328.152
600126,2026-08-05,6.7,0.002994,1306577.01,873716.235
600127,2026-08-05,5.61,-0.005319000000000001,102354.54,57344.737
600128,2026-08-05,8.03,-0.007417,36312.0,29231.06
600129,2026-08-05,15.75,-0.013776,262114.92,412385.103
600130,2026-08-05,4.32,0.099237,427459.0,181830.165
600131,2026-08-05,16.08,-0.005566,101974.03,164638.514
600132,2026-08-05,44.77,-0.023342,50524.65,226902.781
600133,2026-08-05,8.34,-0.005959,175787.6,146868.828
600135,2026-08-05,7.31,0.0027429999999999998,62972.49,45961.568
600136,2026-08-05,1.43,0.0,85775.0,12310.446
600137,2026-08-05,17.46,-0.011325,15643.0,27365.409
600138,2026-08-05,7.11,-0.0069830000000000005,79400.0,56552.946
600141,2026-08-05,32.0,0.054366000000000005,510738.78,1609810.989
600143,2026-08-05,16.0,0.013300000000000001,661403.54,1055261.625
600148,2026-08-05,15.1,-0.0033,17888.0,26924.887
600149,2026-08-05,4.76,-0.008333,82620.0,39377.754
600150,2026-08-05,35.2,0.020882,993463.9,3468342.506
600151,2026-08-05,10.37,0.0019320000000000001,282489.5,292198.262
600152,2026-08-05,8.02,0.020356,183540.01,146526.191
600153,2026-08-05,8.8,-0.00565,159386.45,140505.28
600155,2026-08-05,6.01,-0.003317,249518.11,150221.793
600156,2026-08-05,8.04,0.030769,108292.0,86054.721
600157,2026-08-05,1.59,-0.00625,4298708.17,683089.29
600158,2026-08-05,7.2,0.006993,350570.53,252137.519
600159,2026-08-05,2.4,0.004184,129089.0,30911.95
600160,2026-08-05,43.09,0.04208,469635.99,1993777.766
600161,2026-08-05,12.53,-0.019562,179754.6,225857.399
600162,2026-08-05,3.38,0.04321,2684526.05,881936.025
600163,2026-08-05,5.31,-0.011172999999999999,226095.01,120051.574
600165,2026-08-05,2.4,0.012658,65571.0,15593.883
600166,2026-08-05,3.11,0.00974,1126443.05,351065.49
600167,2026-08-05,5.92,-0.011686,66258.03,39182.458
600168,2026-08-05,4.29,-0.011520999999999998,69319.81,29761.073
600169,2026-08-05,2.05,-0.004854,112541.53,23216.995
600170,2026-08-05,2.35,-0.012605,1197055.74,281899.971
600171,2026-08-05,23.71,0.013248,194443.94,459784.82
600172,2026-08-05,11.22,0.1,1544308.85,1671761.185
600173,2026-08-05,6.31,0.011217999999999999,71619.0,45090.559
600176,2026-08-05,39.28,0.085383,3130417.16,12082350.155
600177,2026-08-05,7.57,-0.015605,336194.49,256300.966
600178,2026-08-05,9.65,-0.002068,71904.29,69300.664
600179,2026-08-05,4.4,0.013825,266339.25,116303.523
600180,2026-08-05,1.54,-0.019108,303753.0,46638.579
600182,2026-08-05,13.1,0.006143999999999999,23048.0,30017.404
600183,2026-08-05,122.79,0.09409200000000001,893471.25,10576713.124
600184,2026-08-05,17.73,0.039272999999999995,210086.42,368508.652
600185,2026-08-05,4.82,-0.004132,179314.94,86745.375
600186,2026-08-05,9.58,0.041304,3311138.35,3132977.039
600187,2026-08-05,1.4,-0.007092,289341.0,40233.708
600188,2026-08-05,19.34,0.020042,452419.61,864381.682
600189,2026-08-05,7.36,0.001361,110069.0,81202.02
600191,2026-08-05,10.78,0.048638,178587.01,191162.651
600192,2026-08-05,7.79,0.011688,391340.25,297342.657
600195,2026-08-05,6.52,-0.00458,55038.48,35916.097
600196,2026-08-05,22.95,-0.010348999999999999,232706.99,533274.511
600197,2026-08-05,10.42,-0.001916,74113.75,77035.775
600198,2026-08-05,7.25,0.011158,209478.0,151228.624
600199,2026-08-05,7.82,-0.003822,289227.89,224962.03
600201,2026-08-05,13.2,-0.012715,275011.83,365935.973
600202,2026-08-05,4.79,-0.008282000000000001,69562.0,33426.519
600203,2026-08-05,10.17,0.020059999999999998,242130.28,244921.991
600206,2026-08-05,39.81,0.100028,881698.0,3438544.2
600207,2026-08-05,4.42,0.016092,165899.5,73009.651
600208,2026-08-05,2.98,0.020548,1102313.21,327477.1
600210,2026-08-05,6.23,-0.00638,120813.0,75476.992
600211,2026-08-05,38.6,-0.012787999999999999,35390.07,136989.767
600212,2026-08-05,5.51,0.0,89232.58,49301.849
600215,2026-08-05,6.23,0.011364,80734.53,49773.656
600216,2026-08-05,12.12,-0.005742000000000001,137595.55,166726.84
600217,2026-08-05,3.17,-0.015528,139542.9,44344.97
600218,2026-08-05,7.59,-0.0026279999999999997,63173.51,48023.797
600219,2026-08-05,4.8,0.016949000000000002,2217995.77,1056065.134
600221,2026-08-05,1.36,0.0,2559896.29,347586.239
600222,2026-08-05,7.44,-0.005348,163811.0,122766.957
600223,2026-08-05,5.53,-0.016014,73529.83,40806.177
600226,2026-08-05,5.74,0.072897,1630599.19,916659.934
600227,2026-08-05,3.23,-0.012232,1124377.21,361271.512
600228,2026-08-05,7.73,-0.012771,647742.19,508153.802
600229,2026-08-05,5.08,-0.007813,39202.0,19942.949
600230,2026-08-05,14.12,0.014368,185936.51,261484.524
600231,2026-08-05,1.71,0.0,140655.4,23978.568
600232,2026-08-05,6.04,0.004992,55074.83,33124.793
600233,2026-08-05,19.2,0.032258,248283.9,462466.26
600234,2026-08-05,19.32,0.056315,38679.0,74399.436
600235,2026-08-05,5.43,-0.014518999999999999,48549.0,26495.84
600236,2026-08-05,11.13,0.004513,320698.92,352186.696
600237,2026-08-05,8.53,0.037713,460101.8,387958.03
600238,2026-08-05,4.4,-0.022222,94545.02,41307.24
600239,2026-08-05,1.4,0.0,131485.94,18440.271
600241,2026-08-05,7.09,0.0,46364.0,32949.479
600243,2026-08-05,3.58,0.022857,70888.0,25116.214
600246,2026-08-05,11.71,0.062613,1431438.42,1652177.288
600248,2026-08-05,2.91,-0.020202,144901.5,42352.484
600249,2026-08-05,5.09,0.001969,145945.13,74806.829
600250,2026-08-05,8.44,0.0035670000000000003,60000.0,50452.442
600251,2026-08-05,9.38,0.0,87095.03,81565.713
600252,2026-08-05,2.21,-0.017778000000000002,457999.71,101681.329
600255,2026-08-05,3.32,0.012195000000000001,902037.0,296877.449
600256,2026-08-05,5.37,-0.003711,1100211.58,591149.717
600257,2026-08-05,5.16,-0.001934,162326.75,83666.426
600258,2026-08-05,12.14,-0.006547,164266.3,200302.723
600259,2026-08-05,83.45,0.059413,140195.04,1148081.006
600261,2026-08-05,3.04,-0.006535999999999999,80976.0,24617.465
600262,2026-08-05,14.21,0.012108,50071.8,70769.085
600265,2026-08-05,22.03,-0.003618,7882.26,17540.039
600266,2026-08-05,4.12,0.007335,214388.43,87817.335
600267,2026-08-05,12.01,-0.011523,454489.83,543487.127
600268,2026-08-05,11.58,-0.000863,240799.52,277404.936
600269,2026-08-05,4.02,-0.014705999999999999,260546.58,104909.157
600271,2026-08-05,7.02,-0.008475,197812.76,139379.722
600272,2026-08-05,10.72,-0.006487000000000001,26475.5,28370.068
600273,2026-08-05,6.91,-0.005755,127435.75,88252.223
600276,2026-08-05,53.54,0.0022459999999999997,670924.56,3583246.048
600278,2026-08-05,6.27,-0.006339,43394.0,27241.532
600279,2026-08-05,4.3,0.0,66837.5,28613.143
600280,2026-08-05,2.89,0.0034720000000000003,305502.0,87988.903
600281,2026-08-05,4.29,0.0070420000000000005,115917.0,49881.142
600282,2026-08-05,4.88,0.004115,373146.25,181374.446
600283,2026-08-05,8.01,0.005019,36314.1,28924.466
600284,2026-08-05,5.18,-0.01145,134660.17,69907.956
600285,2026-08-05,22.47,-0.015337,82793.89,186186.654
600287,2026-08-05,4.54,-0.010893,37411.0,17110.62
600288,2026-08-05,10.82,0.016917,340605.52,367251.886
600289,2026-08-05,4.67,0.008639,53620.0,25115.229
600292,2026-08-05,12.92,0.0062309999999999996,111218.5,142728.964
600293,2026-08-05,2.79,0.01087,354833.53,98236.514
600295,2026-08-05,12.17,-0.014575,100245.84,122390.039
600298,2026-08-05,41.27,-0.029169999999999998,242164.06,999914.794
600299,2026-08-05,8.45,0.0011849999999999999,322542.31,271698.984
600300,2026-08-05,3.18,-0.003135,208501.94,66125.475
600301,2026-08-05,47.46,0.054667,165637.78,775730.298
600302,2026-08-05,6.21,0.014705999999999999,62066.0,38654.182
600303,2026-08-05,2.79,0.00722,257817.0,71579.276
600305,2026-08-05,6.97,-0.007123000000000001,65286.84,45505.858
600307,2026-08-05,1.49,-0.006666999999999999,444932.1,66153.359
600308,2026-08-05,3.23,-0.006154,77372.0,24951.378
600309,2026-08-05,74.45,0.010999000000000002,339766.93,2511593.591
600310,2026-08-05,4.47,0.002242,613510.96,272698.619
600312,2026-08-05,20.94,-0.008523,413717.05,864751.16
600313,2026-08-05,5.64,-0.0070420000000000005,224538.0,126556.701
600315,2026-08-05,17.63,-0.009550999999999999,110163.36,194145.743
600316,2026-08-05,25.55,-0.006996,86653.66,221710.569
600318,2026-08-05,6.55,0.006143999999999999,124719.43,81961.033
600319,2026-08-05,5.91,0.013722000000000002,40418.0,23735.637
600320,2026-08-05,4.26,-0.006993,426103.84,181066.916
600322,2026-08-05,2.68,0.034749,340426.54,90341.896
600323,2026-08-05,30.34,-0.01237,58082.0,175701.502
600325,2026-08-05,2.57,0.011811,367759.0,93638.146
600326,2026-08-05,6.84,-0.004366999999999999,419160.22,286748.849
600327,2026-08-05,3.6,-0.008264,80439.0,29058.375
600328,2026-08-05,6.39,-0.007764,120853.71,77296.903
600329,2026-08-05,37.3,-0.013488,33194.5,123995.732
600330,2026-08-05,19.68,0.08609299999999999,1476726.26,2841644.426
600331,2026-08-05,13.29,0.014504,527425.88,702234.464
600332,2026-08-05,21.49,-0.018272999999999998,144439.4,311061.094
600333,2026-08-05,6.08,0.018425,120428.5,72383.7
600335,2026-08-05,5.2,-0.007633999999999999,100279.74,52380.47
600336,2026-08-05,6.3,0.014493,67814.74,42610.035
600337,2026-08-05,2.57,-0.011538,193689.0,51009.308
600338,2026-08-05,13.56,0.021854,404630.67,546972.333
600339,2026-08-05,3.36,-0.014662999999999999,503236.79,169046.778
600340,2026-08-05,1.1,-0.035088,745382.4,82214.872
600343,2026-08-05,19.01,0.01985,240820.27,456270.584
600345,2026-08-05,45.9,0.062008,127811.78,573018.622
600346,2026-08-05,17.22,0.023173,377018.23,647395.458
600348,2026-08-05,8.45,0.003563,311136.27,261751.996
600350,2026-08-05,10.78,-0.012821,162789.06,175191.422
600351,2026-08-05,6.76,-0.017442,341394.0,230117.223
600352,2026-08-05,13.26,0.019216,566293.34,738644.943
600353,2026-08-05,25.37,0.095423,547578.62,1343844.882
600354,2026-08-05,5.94,-0.005024999999999999,242330.01,143714.741
600356,2026-08-05,8.34,-0.002392,49539.0,41315.085
600358,2026-08-05,5.2,0.029703,75729.66,38965.175
600359,2026-08-05,6.01,-0.006612,64145.02,38633.068
600360,2026-08-05,10.1,0.05428,882555.87,883238.94
600361,2026-08-05,3.76,-0.0052910000000000006,344821.0,130174.418
600362,2026-08-05,46.63,0.05977299999999999,861734.16,3942581.805
600363,2026-08-05,24.64,-0.10007300000000001,53732.0,132395.648
600365,2026-08-05,2.71,-0.010949,21840.0,5935.627
600366,2026-08-05,11.9,0.035683,686791.42,815973.622
600367,2026-08-05,29.92,0.1,256499.55,742839.571
600368,2026-08-05,3.92,0.005128000000000001,196438.66,76896.29
600369,2026-08-05,4.19,-0.004751,314092.05,131585.518
600370,2026-08-05,1.59,0.06,494814.42,76716.559
600371,2026-08-05,6.91,0.0,41961.5,29101.907
600372,2026-08-05,11.55,0.009615,311097.99,357308.06
600373,2026-08-05,7.49,-0.01706,130210.0,97768.811
600375,2026-08-05,4.08,-0.002445,195579.0,79837.426
600376,2026-08-05,4.24,0.0023639999999999998,2222240.71,928096.274
600377,2026-08-05,11.94,-0.005,151991.33,180489.012
600378,2026-08-05,44.07,0.062696,690655.03,2994144.48
600379,2026-08-05,12.6,0.020243,269980.41,337153.218
600380,2026-08-05,10.11,-0.007851,136605.42,137839.723
600381,2026-08-05,4.15,0.024691,109444.02,44104.729
600382,2026-08-05,6.37,0.004732,177094.23,112949.6
600383,2026-08-05,2.29,0.004386,565294.2,128646.202
600386,2026-08-05,3.32,-0.005988,75550.0,25102.982
600388,2026-08-05,17.64,0.020833,112075.88,196388.169
600389,2026-08-05,20.45,-0.0067989999999999995,132892.77,272105.8
600390,2026-08-05,4.99,0.0,302441.2,151083.747
600391,2026-08-05,30.81,0.033199,96290.0,291378.781
600392,2026-08-05,22.66,0.056902999999999995,1082667.69,2422780.202
600395,2026-08-05,4.86,-0.002053,188948.05,91842.528
600396,2026-08-05,17.53,0.07086100000000001,2980600.17,5104254.941
600397,2026-08-05,15.35,0.100358,1465443.56,2159133.226
600398,2026-08-05,6.07,-0.009788,337341.1,205902.506
600399,2026-08-05,4.31,0.002326,339756.0,146212.913
600400,2026-08-05,3.02,0.034247,474717.36,142774.061
600403,2026-08-05,5.83,0.022807,681849.94,393031.411
600405,2026-08-05,4.38,0.033019,137338.64,60175.558
600406,2026-08-05,24.54,-0.017221,795912.64,1954953.361
600408,2026-08-05,2.77,0.007272999999999999,296267.0,81537.785
600409,2026-08-05,6.55,-0.012065999999999999,382647.9,251373.749
600410,2026-08-05,16.15,0.033931,2142295.95,3433241.631
600415,2026-08-05,12.4,0.0,720263.84,891609.719
600416,2026-08-05,9.35,-0.0010680000000000002,125547.8,117353.238
600418,2026-08-05,25.5,0.018371,1025641.16,2579242.967
600419,2026-08-05,8.69,-0.004582,98117.14,84948.43
600420,2026-08-05,8.69,-0.009122,83904.89,72873.401
600422,2026-08-05,8.82,-0.02649,134937.92,119517.735
600423,2026-08-05,2.79,0.0,60129.0,16606.074
600425,2026-08-05,3.49,-0.005698,126983.68,44212.537
600426,2026-08-05,21.0,-0.000951,444671.42,930425.635
600428,2026-08-05,11.73,0.012953,658948.23,766142.778
600429,2026-08-05,4.54,-0.006565,133458.0,60356.459
600433,2026-08-05,3.43,0.005865,347618.27,119777.654
600435,2026-08-05,10.77,0.0009289999999999999,178849.02,192164.146
600436,2026-08-05,136.83,-0.004873,74842.72,1018048.283
600438,2026-08-05,12.79,-0.0038940000000000003,787551.52,1002668.019
600439,2026-08-05,1.85,-0.026316000000000003,716545.41,131960.347
600444,2026-08-05,13.22,-0.009738,24850.5,33025.84
600446,2026-08-05,11.7,0.035398,495908.87,590335.921
600448,2026-08-05,2.75,-0.00722,137500.46,38045.203
600449,2026-08-05,13.78,0.013980999999999999,119478.0,164754.291
600452,2026-08-05,9.87,-0.006042,256036.97,252125.46
600455,2026-08-05,23.53,-0.011345000000000001,18692.0,44160.012
600456,2026-08-05,29.1,0.006572,73203.05,213094.857
600458,2026-08-05,11.73,0.02535,213573.08,249547.339
600459,2026-08-05,20.73,0.08761799999999999,460763.86,935111.929
600460,2026-08-05,30.62,0.051510999999999994,1148286.08,3463007.036
600461,2026-08-05,8.95,-0.012140999999999999,156617.51,140336.464
600463,2026-08-05,7.88,0.006385999999999999,37609.0,29656.021
600467,2026-08-05,2.24,-0.00885,224059.54,50111.799
600468,2026-08-05,6.74,0.002976,1080471.23,713720.374
600469,2026-08-05,5.37,0.0,71497.79,38427.316
600470,2026-08-05,5.74,0.026833999999999997,252825.22,142356.312
600475,2026-08-05,15.72,0.010931999999999999,118598.37,185047.6
600476,2026-08-05,8.94,-0.007769000000000001,13931.01,12472.316
600477,2026-08-05,2.44,-0.004082,268497.33,65609.394
600478,2026-08-05,5.09,-0.009728,273643.83,139673.36
600479,2026-08-05,9.73,-0.007143,51109.8,49621.954
600480,2026-08-05,8.91,0.0,148890.07,132516.644
600481,2026-08-05,4.35,0.004619,523158.33,227149.189
600482,2026-08-05,28.46,0.019341,276063.84,781572.705
600483,2026-08-05,10.75,-0.010128999999999999,120907.94,130028.137
600486,2026-08-05,55.37,-0.001983,64356.94,355550.204
600487,2026-08-05,54.41,0.082355,3476056.71,18223584.577
600488,2026-08-05,5.55,0.014624999999999999,696757.5,384349.903
600489,2026-08-05,24.25,0.089398,1168398.92,2742411.842
600490,2026-08-05,7.02,0.047761,479841.31,333265.288
600491,2026-08-05,1.24,-0.008,454907.01,56384.43
600493,2026-08-05,5.81,0.0,51818.0,30119.594
600495,2026-08-05,3.83,-0.007772,84230.0,32315.181
600496,2026-08-05,3.32,-0.003003,204503.4,67944.565
600497,2026-08-05,10.26,0.06875,2310056.85,2313444.922
600498,2026-08-05,36.9,0.07080700000000001,1032082.04,3699829.054
600499,2026-08-05,14.52,-0.073389,983373.16,1403789.142
600500,2026-08-05,4.97,0.05074,923360.78,452351.372
600501,2026-08-05,14.73,0.012371,58417.6,85743.001
600502,2026-08-05,4.64,-0.012766,284558.75,132249.892
600503,2026-08-05,2.12,0.004739,380646.0,80169.976
600505,2026-08-05,11.37,-0.005249,102959.5,116611.513
600506,2026-08-05,14.45,0.005567,47168.9,67926.215
600507,2026-08-05,4.39,-0.015695,267198.47,117542.719
600508,2026-08-05,8.49,-0.0035210000000000003,46061.87,39145.667
600509,2026-08-05,7.84,0.011613,275505.94,214186.5
600510,2026-08-05,6.75,0.036865999999999996,99905.82,66764.649
600511,2026-08-05,27.55,-0.016071,68583.09,189094.912
600512,2026-08-05,2.02,-0.009804,181492.0,36637.977
600513,2026-08-05,17.28,0.0034839999999999997,237302.73,409120.942
600515,2026-08-05,2.95,-0.010067,911662.33,269545.617
600516,2026-08-05,5.26,0.001905,497995.39,261576.794
600517,2026-08-05,5.14,-0.007722,230872.59,118846.792
600518,2026-08-05,1.37,-0.021429,2136238.8,294346.074
600519,2026-08-05,1306.45,-0.016493999999999998,42688.59,5600615.349
600520,2026-08-05,23.33,0.046658,104785.0,241887.512
600521,2026-08-05,16.66,-0.0223,390920.9,658983.084
600522,2026-08-05,32.0,0.068804,3604513.62,11233725.553
600523,2026-08-05,11.43,0.004394,33243.64,37874.631
600525,2026-08-05,4.8,-0.036145000000000004,230067.91,110677.524
600526,2026-08-05,4.42,-0.004505,73446.0,32393.232
600527,2026-08-05,2.18,-0.013574999999999999,531081.97,115783.13
600528,2026-08-05,7.25,-0.013605,141768.4,103124.078
600529,2026-08-05,19.45,-0.008665,127573.23,247992.091
600530,2026-08-05,4.24,-0.055679,341924.93,138316.047
600531,2026-08-05,12.85,0.058484,676519.23,855142.522
600533,2026-08-05,2.09,0.009661999999999999,162346.0,33838.453
600535,2026-08-05,15.72,-0.008202000000000001,155270.8,243811.245
600536,2026-08-05,33.53,0.012074,269179.74,905012.077
600537,2026-08-05,2.31,-0.012821,136762.87,31496.291
600538,2026-08-05,4.91,0.006148,65359.0,32190.024
600539,2026-08-05,14.33,0.019929,179479.91,256884.005
600540,2026-08-05,3.89,0.01039,558690.91,212558.194
600543,2026-08-05,3.89,0.005168000000000001,21544.0,8313.6
600545,2026-08-05,4.28,0.05679,902622.79,378983.172
600546,2026-08-05,12.24,-0.005686,170784.89,208859.355
600547,2026-08-05,28.95,0.069055,976320.3,2766424.275
600548,2026-08-05,8.48,-0.010502000000000001,48889.0,41342.294
600549,2026-08-05,53.72,0.08789,1111762.32,5808507.111
600550,2026-08-05,12.32,0.005714,650463.75,791018.106
600551,2026-08-05,7.02,-0.0014219999999999999,43099.0,30292.74
600552,2026-08-05,17.08,0.066833,842985.64,1419160.231
600556,2026-08-05,5.54,0.099206,1359263.5,732221.93
600557,2026-08-05,12.57,-0.019501,100202.4,126002.612
600558,2026-08-05,4.95,0.008147,94032.0,46245.236
600559,2026-08-05,12.13,-0.010604,135884.17,164807.899
600560,2026-08-05,11.06,-0.0027050000000000004,20201.5,22375.055
600561,2026-08-05,5.45,-0.005474,70489.5,38723.568
600562,2026-08-05,25.21,0.013264,110026.69,274994.635
600563,2026-08-05,141.69,0.015481,63528.37,901623.306
600566,2026-08-05,26.22,-0.006065,73813.57,191285.339
600567,2026-08-05,1.35,0.0,804507.22,108818.391
600568,2026-08-05,2.26,-0.0131,66294.96,14982.454
600569,2026-08-05,1.81,-0.005495,165938.1,29964.359
600570,2026-08-05,23.33,0.010832,470136.03,1100631.849
600571,2026-08-05,10.87,0.01779,128384.53,139794.772
600572,2026-08-05,4.28,-0.020595,599737.48,256438.436
600573,2026-08-05,9.74,-0.00409,69946.0,68017.67
600575,2026-08-05,3.49,-0.022409,662684.0,232273.392
600576,2026-08-05,5.66,0.003546,86788.89,49047.354
600577,2026-08-05,8.24,0.009804,623335.2,513002.396
600578,2026-08-05,5.99,0.00335,1446292.49,861172.58
600579,2026-08-05,7.21,0.01122,69306.0,49503.897
600580,2026-08-05,36.86,0.033361,1272753.27,4558378.206
600581,2026-08-05,2.31,-0.00431,61395.0,14128.308
600582,2026-08-05,4.84,-0.014256999999999999,269607.57,130987.01
600583,2026-08-05,5.61,-0.0070799999999999995,271890.79,152174.036
600584,2026-08-05,68.97,0.054425999999999995,1761052.64,12008296.116
600585,2026-08-05,17.74,-0.0033710000000000003,301856.88,533312.417
600586,2026-08-05,4.23,-0.004706,157140.26,66481.672
600587,2026-08-05,12.9,-0.0046300000000000004,49145.69,63327.498
600588,2026-08-05,11.85,0.041301,1598412.39,1883786.267
600589,2026-08-05,8.32,-0.00716,1214407.56,1013454.355
600590,2026-08-05,8.66,0.020024,325222.06,280338.04
600592,2026-08-05,14.57,0.011806,77248.58,112053.326
600593,2026-08-05,39.04,0.001539,34070.0,132816.037
600594,2026-08-05,3.56,-0.01385,241693.3,86198.536
600595,2026-08-05,6.67,-0.008915,1662855.16,1097797.229
600596,2026-08-05,10.86,0.021637,406802.11,439883.073
600597,2026-08-05,6.92,-0.014245,98208.32,68126.258
600598,2026-08-05,12.17,-0.008958,161508.32,196281.804
600600,2026-08-05,54.02,-0.01207,84020.15,452993.662
600601,2026-08-05,10.64,0.079108,3105210.98,3216723.597
600602,2026-08-05,18.55,0.0,621660.04,1150203.621
600603,2026-08-05,4.64,0.015317,92083.01,42225.803
600604,2026-08-05,4.58,0.017778000000000002,141886.01,64676.236
600605,2026-08-05,22.94,0.025022000000000003,44321.0,101019.059
600606,2026-08-05,1.3,-0.007633999999999999,882091.15,114362.728
600609,2026-08-05,3.33,-0.008929,193704.09,64607.681
600610,2026-08-05,7.1,0.004243,162217.08,114529.885
600611,2026-08-05,4.69,0.100939,465631.13,218270.293
600612,2026-08-05,34.96,0.004309,23103.0,80593.248
600613,2026-08-05,4.94,-0.015936,75111.0,37138.655
600615,2026-08-05,9.13,-0.001094,21656.0,19740.28
600616,2026-08-05,4.13,-0.011961999999999999,79856.9,33075.723
600617,2026-08-05,3.4,-0.002933,547209.8,185332.493
600618,2026-08-05,10.45,-0.002863,62183.0,64827.429
600619,2026-08-05,14.46,0.030649000000000003,350594.08,504673.009
600620,2026-08-05,4.23,-0.0023580000000000003,48947.5,20686.143
600621,2026-08-05,13.41,0.000746,76111.0,102243.249
600622,2026-08-05,2.19,0.004587,165724.95,36019.266
600623,2026-08-05,8.35,0.007238,103064.98,85911.881
600624,2026-08-05,3.87,0.0,36613.0,14118.878
600626,2026-08-05,3.48,0.002882,84988.21,29588.031
600628,2026-08-05,6.05,-0.006568000000000001,62679.27,37940.132
600629,2026-08-05,15.57,0.100353,393408.52,587931.371
600630,2026-08-05,6.67,0.006032999999999999,136055.7,90362.978
600633,2026-08-05,11.4,0.0035210000000000003,317805.2,363911.811
600635,2026-08-05,4.86,0.016736,400470.66,194293.173
600637,2026-08-05,8.34,-0.004773,422096.91,353191.445
600638,2026-08-05,4.99,0.014228000000000001,96176.45,47554.34
600639,2026-08-05,9.59,-0.01134,40394.95,38737.999
600640,2026-08-05,11.06,-0.006289,57743.84,64195.246
600641,2026-08-05,26.58,0.08889799999999999,940643.08,2443004.437
600642,2026-08-05,8.37,0.004802,262522.96,218287.012
600643,2026-08-05,4.08,-0.007299,101620.67,41594.254
600644,2026-08-05,10.3,-0.012464,468898.8,481634.403
600645,2026-08-05,18.95,-0.004204,69878.25,132427.181
600648,2026-08-05,8.91,0.003378,27709.36,24560.724
600649,2026-08-05,3.72,0.0,136865.11,50954.596
600650,2026-08-05,11.12,0.069231,166988.07,185448.925
600651,2026-08-05,5.96,0.031142,188775.49,111538.13
600653,2026-08-05,1.66,-0.005988,142360.18,23610.112
600654,2026-08-05,2.98,0.006757,698773.0,208305.151
600655,2026-08-05,4.65,0.002155,113819.95,52733.162
600657,2026-08-05,2.62,0.0,158213.49,41335.373
600658,2026-08-05,4.03,0.020253,127702.4,50995.781
600660,2026-08-05,56.58,-0.006148,128298.98,725193.029
600661,2026-08-05,9.73,0.03842,228800.5,218302.636
600662,2026-08-05,4.52,0.0022170000000000002,152245.48,68951.082
600663,2026-08-05,8.83,0.00227,355980.52,314158.924
600664,2026-08-05,6.77,0.049611999999999996,4751192.63,3123214.091
600665,2026-08-05,3.03,0.020202,127742.01,38224.848
600666,2026-08-05,3.93,0.039683,3519877.27,1373294.729
600667,2026-08-05,18.45,0.075802,4699439.76,8569320.928
600668,2026-08-05,7.3,-0.009498,51934.5,37967.309
600671,2026-08-05,22.06,-0.004961999999999999,72744.0,161124.595
600673,2026-08-05,32.56,0.012753,584646.53,1897769.289
600674,2026-08-05,14.98,-0.025373999999999997,486353.77,729961.007
600675,2026-08-05,2.26,-0.004405,214231.58,48417.813
600676,2026-08-05,7.39,0.017906,192103.0,141788.438
600678,2026-08-05,5.56,0.001802,101188.41,56146.507
600679,2026-08-05,9.5,-0.009385,25851.0,24626.62
600681,2026-08-05,3.41,-0.014451,270169.88,92077.838
600682,2026-08-05,5.61,-0.0070799999999999995,130017.61,73061.903
600683,2026-08-05,8.55,0.035109,192766.0,162991.547
600684,2026-08-05,3.48,-0.005714,137668.2,47778.378
600685,2026-08-05,26.64,0.008327,117878.94,312110.012
600686,2026-08-05,12.04,0.021204,358802.22,433649.82
600688,2026-08-05,2.83,-0.007018,513434.74,145173.094
600689,2026-08-05,10.17,0.003948999999999999,25579.01,25968.285
600690,2026-08-05,22.34,-0.006670000000000001,372165.76,828441.787
600691,2026-08-05,2.46,-0.004049,231464.65,56790.846
600692,2026-08-05,5.93,-0.0067,67087.0,39757.14
600693,2026-08-05,9.79,0.013458000000000001,867942.35,841032.093
600694,2026-08-05,14.62,-0.004087,43987.02,64371.677
600697,2026-08-05,10.41,-0.005731000000000001,36400.14,38114.303
600698,2026-08-05,6.65,-0.002999,207365.23,137357.559
600699,2026-08-05,21.62,0.022706,384906.25,826663.27
600702,2026-08-05,37.54,0.005087,137478.82,511305.998
600703,2026-08-05,13.35,0.051181000000000004,2418969.03,3191458.968
600704,2026-08-05,4.99,0.0,295040.71,147261.35
600706,2026-08-05,7.63,-0.003916,54993.04,42137.973
600707,2026-08-05,8.91,0.070913,1445099.51,1263957.276
600708,2026-08-05,3.22,-0.018293,263964.45,85656.76
600710,2026-08-05,10.85,0.0018470000000000001,106849.23,115153.63
600711,2026-08-05,11.52,0.06273100000000001,1384261.4,1575178.698
600712,2026-08-05,5.67,0.027174,660557.26,387529.265
600713,2026-08-05,5.06,-0.009785,113838.0,57512.969
600714,2026-08-05,14.82,0.06542099999999999,153690.0,225366.613
600715,2026-08-05,1.64,-0.012048000000000001,310455.02,51102.69
600716,2026-08-05,3.46,0.002899,43902.93,15173.254
600717,2026-08-05,4.35,-0.006848999999999999,167636.44,73023.757
600718,2026-08-05,8.56,-0.004651,115174.0,99250.156
600719,2026-08-05,7.59,0.007968,145904.38,110618.58
600720,2026-08-05,5.36,-0.001862,140293.11,75227.943
600721,2026-08-05,8.71,0.099747,416179.1,360593.271
600722,2026-08-05,10.95,-0.017937,902454.05,978127.686
600724,2026-08-05,5.03,-0.015656,135302.15,68455.189
600725,2026-08-05,3.21,0.015823,216641.6,69213.437
600726,2026-08-05,6.24,0.048739,2331367.36,1431298.368
600727,2026-08-05,7.53,0.014825,148058.43,110347.822
600728,2026-08-05,4.96,-0.015872999999999998,377240.0,189483.888
600729,2026-08-05,20.65,-0.002415,34635.64,71495.994
600730,2026-08-05,10.9,0.060311000000000003,141165.88,156079.229
600731,2026-08-05,5.81,-0.003431,76508.9,44464.772
600732,2026-08-05,12.53,0.010484,196467.86,245560.219
600733,2026-08-05,5.96,0.005059,1314328.54,780111.762
600734,2026-08-05,1.74,0.0,368617.01,64058.458
600735,2026-08-05,6.42,0.009434,45670.0,29313.053
600736,2026-08-05,6.77,0.022659,275435.44,184877.956
600737,2026-08-05,12.97,0.012490000000000001,519674.66,673068.921
600738,2026-08-05,3.96,-0.014924999999999999,113405.67,44865.476
600739,2026-08-05,10.89,-0.0009170000000000001,122471.1,133575.634
600740,2026-08-05,3.54,-0.011172999999999999,249878.08,88735.774
600741,2026-08-05,16.09,-0.005562,139062.76,223874.893
600742,2026-08-05,7.59,-0.0039369999999999995,61458.02,46626.135
600743,2026-08-05,2.22,0.018349,306738.39,67435.025
600744,2026-08-05,7.37,0.010974,1618268.27,1178116.778
600745,2026-08-05,17.08,-0.0017530000000000002,433840.01,740664.527
600746,2026-08-05,6.61,-0.007508,180388.0,119162.939
600748,2026-08-05,3.93,0.034211,135899.35,52150.75
600749,2026-08-05,13.98,0.005755,67259.5,93511.962
600750,2026-08-05,25.32,-0.025404,48885.87,124140.157
600751,2026-08-05,3.29,0.006116,328466.72,107909.987
600753,2026-08-05,9.73,0.009336,8569.0,8317.408
600754,2026-08-05,19.28,-0.001554,156681.37,301404.637
600755,2026-08-05,5.77,-0.006885,132853.13,76819.688
600756,2026-08-05,16.67,0.030284,491624.06,797317.274
600757,2026-08-05,7.95,-0.023342,94675.7,75825.708
600758,2026-08-05,3.34,-0.002985,376095.61,125154.68
600759,2026-08-05,2.35,-0.008439,1443217.94,336822.397
600760,2026-08-05,42.52,-0.012541,163100.23,695905.8
600761,2026-08-05,17.88,0.0011200000000000001,83353.22,148846.247
600763,2026-08-05,36.4,-0.0027400000000000002,78271.96,285561.779
600764,2026-08-05,18.54,-0.011727000000000001,73793.8,137014.57
600765,2026-08-05,13.55,-0.01311,196000.88,266039.196
600768,2026-08-05,14.44,0.019774,32257.0,46411.537
600769,2026-08-05,14.49,0.024752,125806.0,180818.332
600770,2026-08-05,5.31,0.021154000000000003,292789.69,155000.136
600771,2026-08-05,14.37,-0.014403,68511.03,98515.249
600773,2026-08-05,11.0,0.023256000000000002,202395.0,221511.042
600774,2026-08-05,6.69,-0.017621,38789.0,26126.382
600775,2026-08-05,10.07,0.010029999999999999,367674.5,368054.615
600776,2026-08-05,12.95,0.005435,164248.39,212276.184
600777,2026-08-05,4.29,0.014184,285458.5,121033.678
600778,2026-08-05,5.33,-0.009294,64339.0,34300.134
600779,2026-08-05,28.85,0.010508,39164.8,112160.519
600780,2026-08-05,6.07,-0.013007999999999999,116914.0,71100.529
600782,2026-08-05,2.86,-0.010381,308508.0,88379.783
600783,2026-08-05,18.12,0.062134,337753.3,599437.225
600784,2026-08-05,7.67,0.036486,140541.0,106231.403
600785,2026-08-05,8.76,0.013889,112688.42,98261.422
600787,2026-08-05,4.67,-0.008493,176333.93,82375.142
600789,2026-08-05,7.34,-0.017403,260824.21,191779.812
600790,2026-08-05,3.35,0.009035999999999999,151343.0,50927.275
600791,2026-08-05,7.08,0.056715999999999996,168406.5,117250.036
600792,2026-08-05,3.53,-0.005634,141024.0,49762.644
600793,2026-08-05,14.46,-0.021650999999999997,174542.0,255518.853
600794,2026-08-05,3.13,-0.009494,127757.0,40043.74
600795,2026-08-05,5.0,-0.009901,1100537.3,550136.584
600796,2026-08-05,5.0,-0.0059640000000000006,65309.96,32690.016
600797,2026-08-05,7.42,0.013661000000000001,760642.96,562236.002
600798,2026-08-05,3.25,0.006192,138013.67,44658.922
600800,2026-08-05,3.36,0.005988,253056.35,85191.976
600801,2026-08-05,21.93,0.021901,139928.17,303971.26
600802,2026-08-05,4.39,0.002283,60963.26,26765.78
600803,2026-08-05,17.27,-0.020975,117954.48,204735.702
600805,2026-08-05,4.4,0.0,73114.0,32048.376
600807,2026-08-05,2.5,-0.003984,106050.0,26523.222
600808,2026-08-05,2.62,-0.003802,545159.36,142540.806
600809,2026-08-05,121.01,-0.006894,105009.83,1262130.689
600810,2026-08-05,6.37,0.0,120501.77,76277.0
600812,2026-08-05,4.76,-0.022587000000000003,215030.0,102813.212
600814,2026-08-05,6.63,-0.007485,54756.35,36391.813
600815,2026-08-05,3.36,-0.037249,1089621.03,368927.58
600816,2026-08-05,2.58,-0.003861,609192.64,158151.332
600817,2026-08-05,9.33,0.0,21742.0,20193.775
600818,2026-08-05,7.14,0.002809,105107.0,74313.391
600819,2026-08-05,5.44,-0.005484,82436.0,44837.278
600820,2026-08-05,5.47,-0.021467,271967.0,149600.226
600821,2026-08-05,6.64,-0.011904999999999999,832063.51,553347.391
600822,2026-08-05,8.25,0.00243,29427.0,24250.0
600824,2026-08-05,3.55,0.0,83999.21,29685.057
600825,2026-08-05,5.14,0.003906,105073.01,53807.801
600826,2026-08-05,8.2,0.006135000000000001,41532.4,34048.628
600827,2026-08-05,7.84,-0.013836,160639.03,126315.536
600828,2026-08-05,3.96,0.005076000000000001,146137.5,57862.462
600829,2026-08-05,9.41,-0.022845,261063.0,244943.956
600830,2026-08-05,8.06,0.0024879999999999998,41132.0,33076.181
600831,2026-08-05,3.35,0.0,190066.0,63884.855
600833,2026-08-05,9.77,-0.009127999999999999,44030.0,43122.759
600834,2026-08-05,7.33,-0.006775,20298.0,14941.651
600835,2026-08-05,19.41,0.006221,47002.11,91411.162
600838,2026-08-05,7.35,0.0,69520.47,51086.134
600839,2026-08-05,7.05,0.004274,926027.21,651057.542
600841,2026-08-05,5.99,0.013536,160237.36,95583.099
600843,2026-08-05,7.08,0.005682,69294.0,48931.627
600844,2026-08-05,3.48,0.0,714399.95,245880.436
600845,2026-08-05,19.38,0.019462999999999998,311462.28,603113.675
600846,2026-08-05,12.0,-0.011532,66029.94,80191.047
600847,2026-08-05,12.23,0.01158,27039.0,33033.222
600848,2026-08-05,8.75,-0.01464,111188.2,97857.979
600850,2026-08-05,16.01,0.0031330000000000004,180630.24,289909.127
600851,2026-08-05,8.01,0.0,85398.96,68333.577
600853,2026-08-05,3.23,-0.012232,103150.68,33366.784
600854,2026-08-05,4.39,-0.004535,50357.0,22144.861
600855,2026-08-05,12.68,0.009554,63803.87,80800.186
600857,2026-08-05,17.18,0.021403,54617.0,93606.332
600858,2026-08-05,4.78,-0.002088,76745.0,36661.001
600859,2026-08-05,10.27,-0.008687,132005.95,135708.259
600860,2026-08-05,8.25,0.001214,40004.28,33039.84
600861,2026-08-05,13.6,-0.010188999999999998,35817.0,48774.57
600862,2026-08-05,18.5,-0.005911,137600.56,254571.168
600863,2026-08-05,4.8,-0.010308999999999999,1277597.5,611117.659
600864,2026-08-05,5.5,-0.001815,226077.5,124624.64
600865,2026-08-05,8.79,0.004571,65221.2,57263.245
600866,2026-08-05,4.49,-0.006637,262409.0,117356.134
600867,2026-08-05,8.26,-0.013142000000000001,267849.03,221766.263
600868,2026-08-05,2.8,0.003584,506245.01,141631.733
600869,2026-08-05,15.14,0.06920899999999999,1405468.04,2068259.726
600871,2026-08-05,2.21,-0.013392999999999999,1068778.17,236229.512
600872,2026-08-05,19.72,-0.005547,119199.27,234956.452
600873,2026-08-05,7.93,-0.00875,243391.83,193220.35
600874,2026-08-05,5.55,-0.005376,73213.26,40552.339
600875,2026-08-05,27.95,0.012314,786032.99,2186390.188
600876,2026-08-05,6.99,-0.001429,30730.6,21476.426
600877,2026-08-05,13.01,0.026025,193230.49,251081.397
600879,2026-08-05,15.9,0.019885,892073.77,1418401.514
600880,2026-08-05,4.14,0.014705999999999999,280796.44,116462.703
600881,2026-08-05,1.75,-0.011298999999999998,832938.0,145320.94
600882,2026-08-05,22.49,0.009425,92191.88,205173.405
600883,2026-08-05,7.3,-0.024064000000000002,60937.0,44786.16
600884,2026-08-05,12.82,0.011041,537332.81,684840.87
600885,2026-08-05,36.3,-0.000275,196847.32,718626.661
600886,2026-08-05,14.79,-0.015968,345846.33,514104.884
600887,2026-08-05,26.37,0.0,532257.5,1398221.932
600888,2026-08-05,9.77,0.040469,681327.18,657367.396
600889,2026-08-05,13.64,0.00813,25721.0,35091.484
600892,2026-08-05,4.16,0.100529,303031.0,125220.819
600893,2026-08-05,35.7,0.000561,338872.96,1205519.886
600894,2026-08-05,7.88,0.0,43732.84,34416.91
600895,2026-08-05,33.15,0.067289,672658.55,2202212.887
600897,2026-08-05,14.77,-0.0027010000000000003,13443.4,19835.585
600900,2026-08-05,27.76,-0.019081,1620117.66,4502975.337
600901,2026-08-05,6.37,0.012719000000000001,293043.2,184575.826
600903,2026-08-05,6.35,-0.00936,276757.63,176044.884
600905,2026-08-05,3.82,-0.015464,1502205.81,575439.745
600906,2026-08-05,6.65,0.013720000000000001,303682.5,201273.976
600908,2026-08-05,5.52,-0.012522,165599.91,91723.082
600909,2026-08-05,8.1,0.045161,2077107.0,1672260.34
600916,2026-08-05,7.93,0.031208999999999997,538005.14,423162.603
600917,2026-08-05,4.86,-0.008163,47719.68,23214.357
600918,2026-08-05,5.65,-0.003527,331902.45,187785.193
600919,2026-08-05,11.6,0.012216,1061402.65,1229837.438
600925,2026-08-05,4.29,-0.0069440000000000005,83036.0,35709.949
600926,2026-08-05,16.15,0.00062,392760.82,635372.812
600927,2026-08-05,13.51,0.007457,44504.0,59919.116
600928,2026-08-05,3.58,-0.005556,186831.63,66925.264
600929,2026-08-05,5.59,0.025688,250619.68,138583.204
600930,2026-08-05,4.3,-0.009217,1962514.48,842132.658
600933,2026-08-05,14.0,0.007919,103432.0,144204.499
600935,2026-08-05,2.31,0.0,130969.86,30169.501
600936,2026-08-05,6.17,0.05110699999999999,1438070.91,855705.835
600938,2026-08-05,30.69,-0.027566999999999998,680206.42,2092596.676
600939,2026-08-05,2.66,-0.014815,80839.2,21612.678
600941,2026-08-05,95.99,-0.00446,114389.79,1095973.353
600955,2026-08-05,12.76,0.012698000000000001,32229.91,41011.549
600956,2026-08-05,7.43,-0.017196,85321.65,63579.669
600958,2026-08-05,9.22,0.0,503247.48,464202.336
600959,2026-08-05,3.14,-0.006329,327788.9,103320.95
600960,2026-08-05,3.99,-0.0025,89323.0,35543.194
600961,2026-08-05,26.66,0.095767,755423.61,1956980.427
600962,2026-08-05,28.87,0.045636,105982.05,303789.716
600963,2026-08-05,3.38,-0.014577,291119.0,98790.214
600965,2026-08-05,2.64,0.0,26263.0,6898.971
600966,2026-08-05,4.96,0.004049,98575.0,48645.762
600967,2026-08-05,11.62,0.003454,220674.04,255862.687
600968,2026-08-05,3.86,-0.017811999999999998,305532.7,118615.735
600969,2026-08-05,8.23,-0.010817,78675.0,64710.321
600970,2026-08-05,7.82,-0.010126999999999999,201775.77,157837.368
600971,2026-08-05,7.9,-0.0012640000000000001,114234.36,89724.12
600973,2026-08-05,6.28,0.016181,250991.39,156573.525
600975,2026-08-05,4.97,0.01222,110337.11,54726.875
600976,2026-08-05,28.06,-0.018195,35994.13,101157.994
600977,2026-08-05,12.7,-0.008587000000000001,343751.82,438367.994
600979,2026-08-05,4.08,0.002457,276775.32,112080.344
600980,2026-08-05,18.45,0.016529000000000002,39123.01,72143.254
600981,2026-08-05,2.41,0.0041670000000000006,156051.0,37537.079
600982,2026-08-05,5.14,-0.0019420000000000001,250477.06,128191.069
600983,2026-08-05,7.88,-0.005051,40038.03,31473.891
600984,2026-08-05,4.11,0.0275,294791.0,120089.438
600985,2026-08-05,15.0,0.014199,196683.36,291998.13
600986,2026-08-05,8.16,0.009901,1473656.17,1203826.813
600987,2026-08-05,6.59,0.0015199999999999999,64709.93,42442.809
600988,2026-08-05,40.84,0.081854,733872.27,2917496.453
600989,2026-08-05,23.14,0.002165,755524.19,1720019.531
600990,2026-08-05,17.77,0.0022559999999999998,37689.44,66875.567
600992,2026-08-05,9.9,0.005076000000000001,92113.5,90531.521
600993,2026-08-05,23.62,-0.013367,92660.82,218554.497
600995,2026-08-05,12.91,-0.009210000000000001,166973.0,215266.223
600996,2026-08-05,7.14,0.002809,216686.79,153796.211
600997,2026-08-05,5.6,-0.024390000000000002,103083.18,58014.428
600998,2026-08-05,4.91,-0.029644,615060.86,302656.971
600999,2026-08-05,17.94,0.010704,700315.71,1256807.217
601000,2026-08-05,4.75,-0.008350999999999999,520440.93,247477.561
601001,2026-08-05,16.24,0.004329,169794.08,275225.316
601002,2026-08-05,5.36,0.042802,431365.15,232778.925
601003,2026-08-05,3.97,-0.002513,429583.31,169346.488
601005,2026-08-05,1.21,-0.008197,659280.0,80296.169
601006,2026-08-05,4.81,-0.01636,1658720.2,798415.397
601007,2026-08-05,6.55,-0.0045590000000000006,51322.8,33623.87
601008,2026-08-05,4.41,0.002273,99246.58,43547.123
601009,2026-08-05,11.23,-0.012313000000000001,587120.41,660463.951
601010,2026-08-05,1.45,-0.02027,268209.5,39023.395
601011,2026-08-05,2.6,-0.007633999999999999,269599.42,70064.393
601012,2026-08-05,12.97,-0.007651,1116056.39,1448337.042
601015,2026-08-05,3.34,0.003003,283126.34,94138.666
601016,2026-08-05,3.67,0.0,1401294.91,511850.308
601018,2026-08-05,3.39,-0.011661999999999999,573205.99,194422.102
601019,2026-08-05,7.26,-0.025503,132999.09,97064.047
601020,2026-08-05,20.94,0.037147,231847.01,480530.757
601021,2026-08-05,46.85,0.023596,84815.69,394359.777
601022,2026-08-05,8.22,0.002439,41553.5,34059.726
601026,2026-08-05,15.34,0.011873,63761.3,97383.764
601033,2026-08-05,14.66,0.002051,43640.0,63771.453
601038,2026-08-05,13.51,-0.017455000000000002,93651.01,126674.108
601058,2026-08-05,13.66,0.000733,337103.82,460216.881
601059,2026-08-05,16.82,0.004779,64622.84,108638.633
601061,2026-08-05,12.27,0.05503,280574.35,341147.795
601065,2026-08-05,6.89,0.0,32704.0,22471.179
601066,2026-08-05,26.03,0.0069630000000000004,252347.12,657201.377
601068,2026-08-05,4.6,0.004366999999999999,97237.0,44668.248
601069,2026-08-05,26.98,0.062205,295431.03,779549.557
601077,2026-08-05,6.46,-0.004622,848604.21,546749.402
601083,2026-08-05,11.32,0.000884,50099.27,56703.748
601086,2026-08-05,7.93,-0.003769,148524.0,117663.396
601088,2026-08-05,43.0,-0.0034760000000000004,273990.03,1173547.46
601089,2026-08-05,17.43,-0.009659,26939.0,47047.818
601096,2026-08-05,4.45,-0.008909,290455.0,128885.307
601098,2026-08-05,10.75,-0.019160999999999997,116843.14,126733.428
601099,2026-08-05,3.51,0.002857,866672.33,304567.107
601100,2026-08-05,105.68,-0.0058330000000000005,60336.31,637149.938
601101,2026-08-05,11.56,0.035842,279386.28,320058.263
601106,2026-08-05,3.24,0.0,806719.31,259975.921
601107,2026-08-05,5.69,-0.018966,110209.66,62549.068
601108,2026-08-05,8.55,0.0035210000000000003,390221.62,334524.784
601111,2026-08-05,6.19,0.013092999999999999,992501.44,613299.199
601112,2026-08-05,15.58,0.005161,57083.65,88696.446
601113,2026-08-05,3.44,-0.0057799999999999995,130021.53,44567.72
601116,2026-08-05,10.61,0.003784,118572.64,125694.991
601117,2026-08-05,7.74,0.0012939999999999998,593124.27,457839.531
601118,2026-08-05,5.31,0.011429,600827.51,319041.196
601121,2026-08-05,7.05,0.01585,169614.0,119559.671
601126,2026-08-05,44.58,0.058152999999999996,438606.14,1924350.259
601127,2026-08-05,58.85,0.003924,390764.25,2287803.345
601128,2026-08-05,6.22,-0.011129,488337.22,304803.267
601133,2026-08-05,24.72,0.065977,172604.3,419134.18
601136,2026-08-05,14.83,-0.006697999999999999,132180.04,196641.16
601137,2026-08-05,17.82,0.029463,159532.53,282515.143
601138,2026-08-05,65.92,0.09995,2882234.39,18553114.802
601139,2026-08-05,6.45,-0.006162999999999999,216226.3,139179.387
601155,2026-08-05,10.94,0.014842,220779.92,238480.527
601156,2026-08-05,17.04,0.0005870000000000001,75810.44,129604.36
601158,2026-08-05,4.15,-0.011904999999999999,78681.51,32776.062
601162,2026-08-05,3.75,0.0,1533388.03,575290.064
601163,2026-08-05,13.26,-0.004505,33748.0,44748.097
601166,2026-08-05,18.36,-0.010775999999999999,952359.34,1749341.339
601168,2026-08-05,41.02,0.073541,770792.02,3097980.891
601169,2026-08-05,5.03,-0.013725000000000001,1656526.08,838038.767
601177,2026-08-05,13.26,0.003785,73484.41,97092.361
601179,2026-08-05,14.41,0.002784,2557694.98,3646869.907
601186,2026-08-05,6.21,-0.0064,508492.01,315472.991
601187,2026-08-05,7.43,-0.017196,149952.0,111767.861
601188,2026-08-05,2.87,-0.006919999999999999,187197.45,53704.641
601198,2026-08-05,14.02,0.003579,194296.71,272966.008
601199,2026-08-05,5.65,0.00713,192142.54,107885.556
601200,2026-08-05,7.09,-0.008392,64184.22,45603.539
601208,2026-08-05,39.33,0.10013999999999999,613958.14,2325144.368
601211,2026-08-05,18.0,0.0022270000000000002,761109.27,1369499.939
601212,2026-08-05,5.47,0.062136,1940119.22,1036552.181
601216,2026-08-05,4.66,-0.010616,553015.57,257173.978
601218,2026-08-05,4.62,-0.006452,423660.22,195554.9
601222,2026-08-05,5.75,-0.012027000000000001,188018.04,108422.36
601225,2026-08-05,23.89,-0.0012540000000000001,415379.4,985218.547
601226,2026-08-05,6.28,-0.006329,110223.5,69229.266
601228,2026-08-05,3.08,-0.006452,184015.57,56840.055
601229,2026-08-05,9.28,-0.014862,726804.8,676885.948
601231,2026-08-05,25.96,0.1,264956.16,667899.326
601233,2026-08-05,22.99,0.036987,376961.26,856871.039
601236,2026-08-05,7.1,-0.004208,156825.7,111466.713
601238,2026-08-05,5.35,-0.009259,266791.43,143367.592
601279,2026-08-05,3.2,-0.003115,86096.0,27559.532
601288,2026-08-05,6.48,-0.019667,5608889.74,3635244.943
601298,2026-08-05,8.99,0.005593,136650.0,122053.307
601311,2026-08-05,7.97,-0.00375,124754.85,99679.235
601318,2026-08-05,54.02,0.001669,733965.45,3945519.851
601319,2026-08-05,7.19,0.005594,610177.41,436837.069
601326,2026-08-05,3.45,-0.011460999999999999,223586.25,76933.618
601328,2026-08-05,6.93,-0.015625,1859939.29,1293427.715
601330,2026-08-05,7.27,-0.0027429999999999998,95988.0,69406.512
601333,2026-08-05,3.01,-0.006601,610354.95,183811.121
601336,2026-08-05,63.31,0.016375,244779.37,1531032.548
601339,2026-08-05,8.43,0.031824,142790.99,119851.923
601360,2026-08-05,9.82,0.011329,1550506.04,1527205.175
601366,2026-08-05,3.53,-0.002825,95889.0,33855.869
601368,2026-08-05,4.42,0.0,46700.0,20594.034
601369,2026-08-05,9.47,-0.009414,160387.01,151745.432
601375,2026-08-05,4.19,-0.002381,309624.62,130055.031
601377,2026-08-05,6.01,0.0,800907.47,481168.067
601388,2026-08-05,3.23,0.012539,425114.0,136794.69
601390,2026-08-05,4.49,-0.006637,1110029.34,498011.847
601398,2026-08-05,7.52,-0.018277,5764385.59,4334929.053
601399,2026-08-05,3.38,0.002967,695289.0,233926.071
601456,2026-08-05,9.07,0.003319,176638.87,160151.114
601500,2026-08-05,4.02,0.0,112266.89,45134.342
601512,2026-08-05,7.84,-0.005076000000000001,41709.0,32668.426
601515,2026-08-05,3.34,0.0,160750.4,53718.529
601518,2026-08-05,2.79,0.0,106462.02,29635.575
601519,2026-08-05,8.59,0.016568,351751.06,302796.542
601528,2026-08-05,5.02,-0.005940999999999999,184149.2,92510.014
601555,2026-08-05,8.23,0.004884,353403.85,291191.266
601566,2026-08-05,8.4,-0.012926,62092.0,52327.148
601567,2026-08-05,16.19,0.001237,225737.94,363543.647
601568,2026-08-05,3.72,-0.0026810000000000002,120040.59,44746.292
601577,2026-08-05,9.31,-0.013771,241077.67,225860.713
601579,2026-08-05,15.57,0.020984,88587.77,136660.767
601588,2026-08-05,1.72,0.005848,280118.31,47734.65
601595,2026-08-05,18.26,-0.003275,50016.01,91476.772
601598,2026-08-05,6.36,-0.003135,200910.01,127532.097
601599,2026-08-05,3.06,-0.019231,286534.0,87586.318
601600,2026-08-05,9.77,0.019833,2417963.21,2343840.891
601601,2026-08-05,32.02,0.007552,489750.96,1555998.197
601606,2026-08-05,33.64,0.0041789999999999996,367906.22,1230130.59
601607,2026-08-05,16.46,-0.010222,131713.86,217014.431
601608,2026-08-05,4.88,0.0061860000000000005,395453.0,193475.48
601609,2026-08-05,10.42,0.022570999999999997,268629.61,279004.852
601611,2026-08-05,12.7,0.047855,1602127.24,1956157.515
601615,2026-08-05,11.68,0.0034360000000000003,449852.13,526152.594
601616,2026-08-05,3.77,-0.030848,501975.67,188779.535
601618,2026-08-05,2.65,-0.007491,859455.36,228046.785
601619,2026-08-05,4.66,-0.014799,345289.1,160637.773
601628,2026-08-05,38.05,0.010356,485053.79,1832468.77
601633,2026-08-05,15.97,-0.006222999999999999,180888.95,288570.765
601636,2026-08-05,5.99,0.0016719999999999999,1146710.69,694087.31
601658,2026-08-05,4.96,-0.011952,1847270.4,919648.289
601665,2026-08-05,6.15,-0.003241,491221.46,302474.434
601666,2026-08-05,8.11,0.011222000000000001,360538.1,290870.324
601668,2026-08-05,4.58,-0.012931,2332990.14,1069638.614
601669,2026-08-05,4.85,-0.00818,1166295.49,565815.967
601677,2026-08-05,17.17,0.01,214833.87,368335.211
601678,2026-08-05,6.62,0.024768,1631127.38,1066565.017
601686,2026-08-05,5.22,-0.007605,47301.44,24736.744
601688,2026-08-05,19.77,0.008673,681011.37,1343775.009
601689,2026-08-05,50.22,0.009447,349162.14,1744529.116
601696,2026-08-05,12.11,0.008326,392913.09,476534.825
601698,2026-08-05,26.81,0.007895,295454.68,793108.442
601699,2026-08-05,14.76,0.001357,254332.12,373583.361
601700,2026-08-05,6.51,0.099662,1752006.39,1099139.522
601702,2026-08-05,15.57,-0.0057469999999999995,81389.98,126911.712
601717,2026-08-05,16.04,0.0031269999999999996,157293.0,251735.35
601718,2026-08-05,1.81,0.005556,223759.0,40623.738
601727,2026-08-05,7.02,0.007174000000000001,1073669.44,751240.385
601728,2026-08-05,6.23,-0.009538999999999999,1677559.19,1043771.818
601766,2026-08-05,5.95,-0.013267,1807985.27,1077874.969
601777,2026-08-05,8.79,0.011507,393591.15,344916.153
601778,2026-08-05,3.91,0.012953,1545420.85,602308.77
601788,2026-08-05,14.82,-0.003362,262417.3,389779.719
601789,2026-08-05,4.46,-0.0066820000000000004,394846.73,175833.009
601798,2026-08-05,7.52,-0.007916,66916.0,50301.0
601799,2026-08-05,95.38,0.0037890000000000003,21136.03,201209.284
601800,2026-08-05,6.14,-0.009677,413816.24,254267.507
601801,2026-08-05,5.59,0.0,104272.46,58264.695
601808,2026-08-05,12.16,-0.020933999999999998,160850.79,195827.59
601811,2026-08-05,12.26,-0.009693,29187.0,35735.569
601816,2026-08-05,5.07,-0.015534,1938375.85,986263.688
601818,2026-08-05,3.07,-0.019169000000000002,3337690.0,1030016.628
601825,2026-08-05,8.37,-0.023337,295172.69,248440.528
601827,2026-08-05,8.35,-0.007134000000000001,77538.33,65072.78
601828,2026-08-05,2.24,0.0,264034.2,58977.359
601838,2026-08-05,17.89,-0.009961,213068.82,382129.009
601857,2026-08-05,10.63,-0.021179,1635202.77,1737053.591
601858,2026-08-05,25.36,0.059315,397725.33,988360.374
601860,2026-08-05,2.6,-0.011407,515272.0,134461.825
601865,2026-08-05,10.93,-0.016202,302909.89,330996.634
601866,2026-08-05,2.44,-0.004082,619540.01,150957.621
601868,2026-08-05,2.62,-0.003802,2802766.04,733600.639
601869,2026-08-05,312.4,0.1,157140.45,4609200.477
601872,2026-08-05,18.1,0.078665,1568285.5,2735239.941
601877,2026-08-05,25.86,-0.0007729999999999999,210035.72,541165.717
601878,2026-08-05,9.56,-0.002088,251299.73,240633.809
601880,2026-08-05,1.49,-0.019737,905069.62,135640.234
601881,2026-08-05,12.64,0.002379,362481.78,458076.771
601882,2026-08-05,19.44,0.0005149999999999999,31317.0,61021.655
601886,2026-08-05,8.38,0.0,50321.0,42058.399
601888,2026-08-05,56.39,-0.007568,380035.65,2139395.787
601890,2026-08-05,8.56,-0.005807,161097.1,137886.476
601898,2026-08-05,13.34,-0.014043000000000002,401911.45,533520.815
601899,2026-08-05,34.1,0.061644,4306669.38,14444803.367
601900,2026-08-05,11.84,0.000845,110200.21,132399.818
601901,2026-08-05,7.13,0.0,517912.11,369464.049
601908,2026-08-05,3.16,-0.006289,359478.2,113405.949
601916,2026-08-05,2.94,-0.016722,1866221.97,551478.274
601918,2026-08-05,9.43,0.010718,339024.07,320562.233
601919,2026-08-05,15.4,0.0026040000000000004,953085.33,1462224.269
601921,2026-08-05,7.25,-0.014946,70057.54,51267.286
601928,2026-08-05,9.57,-0.019467,141478.08,136019.677
601929,2026-08-05,2.51,0.012097,1217759.2,304737.509
601933,2026-08-05,3.31,0.012232,1782726.62,582553.059
601939,2026-08-05,9.96,-0.013861000000000002,2017901.6,2003632.995
601949,2026-08-05,5.51,-0.012544999999999999,167366.0,92726.024
601952,2026-08-05,8.2,-0.008464000000000001,87863.04,72102.993
601956,2026-08-05,4.88,-0.016129,100005.8,48935.231
601958,2026-08-05,23.02,0.048747,724739.09,1648567.027
601963,2026-08-05,10.96,-0.016158,153404.3,168719.337
601965,2026-08-05,14.45,0.0,197582.81,289237.715
601966,2026-08-05,11.4,-0.011275,112191.49,128271.816
601968,2026-08-05,4.58,0.022321,126491.0,57431.024
601969,2026-08-05,9.26,0.008715,162503.6,149915.549
601975,2026-08-05,3.8,0.027027000000000002,2214191.31,829773.417
601985,2026-08-05,8.82,-0.012318,1815214.14,1601836.408
601988,2026-08-05,5.73,-0.015464,3567756.56,2045361.649
601990,2026-08-05,6.86,-0.0029070000000000003,187036.34,128480.74
601991,2026-08-05,6.43,0.015798,5239025.17,3329328.879
601992,2026-08-05,1.41,-0.0070420000000000005,387908.0,54702.17
601995,2026-08-05,35.69,0.014497,247363.05,878058.787
601996,2026-08-05,2.38,0.021459000000000002,222442.0,52370.067
601997,2026-08-05,5.66,-0.01049,523232.87,297244.807
601998,2026-08-05,7.55,-0.024548,625797.03,473895.459
601999,2026-08-05,6.0,-0.004975,42736.0,25664.126
603000,2026-08-05,17.47,0.012754000000000001,267400.8,468256.621
603001,2026-08-05,7.01,0.032401,111164.0,77222.94
603002,2026-08-05,13.52,0.08073499999999999,559071.0,739853.772
603004,2026-08-05,20.22,0.10010899999999999,48346.0,95365.31
603005,2026-08-05,31.5,0.034143,542451.68,1693449.727
603006,2026-08-05,10.88,0.022556,32303.02,34806.182
603007,2026-08-05,4.93,0.024948,358924.69,176341.804
603008,2026-08-05,8.18,0.004914,48917.05,39768.346
603009,2026-08-05,40.45,0.010745,63791.04,257284.053
603010,2026-08-05,10.61,0.037146,107644.0,113821.687
603011,2026-08-05,20.29,0.043724,927671.81,1848193.564
603012,2026-08-05,8.67,0.02,229098.47,195830.792
603013,2026-08-05,17.02,-0.007000999999999999,31987.0,54571.989
603014,2026-08-05,33.67,-0.002075,35182.0,119111.089
603015,2026-08-05,10.49,0.011572,42046.06,44040.913
603016,2026-08-05,29.44,0.008218999999999999,20908.1,61433.897
603017,2026-08-05,9.35,0.0,48549.0,45364.289
603018,2026-08-05,5.36,-0.009242,69910.94,37541.041
603019,2026-08-05,88.65,0.036236000000000004,642827.74,5678903.156
603020,2026-08-05,10.1,0.027467000000000002,68365.0,68761.936
603021,2026-08-05,6.94,-0.001439,51624.37,35996.858
603022,2026-08-05,8.37,-0.0035709999999999995,32939.0,27546.66
603023,2026-08-05,3.87,0.021108,134814.18,51968.812
603025,2026-08-05,13.69,-0.00073,68329.2,93881.335
603026,2026-08-05,66.9,0.024032,98574.8,654723.804
603027,2026-08-05,7.64,-0.015464,180284.83,137789.886
603028,2026-08-05,6.65,0.006051,31924.0,21165.389
603029,2026-08-05,14.8,-0.002023,20151.0,29862.297
603030,2026-08-05,2.03,0.015,341885.41,69049.668
603031,2026-08-05,39.04,0.031985,156957.0,605236.946
603032,2026-08-05,18.98,0.075354,166349.15,308363.205
603033,2026-08-05,7.88,0.022049,73476.0,57527.106
603035,2026-08-05,11.07,-0.0027029999999999997,36315.0,40258.755
603036,2026-08-05,12.79,-0.007758,84898.98,107997.716
603037,2026-08-05,10.3,0.024876,47175.71,48078.728
603038,2026-08-05,13.47,0.030604,43266.0,57723.015
603039,2026-08-05,44.64,0.076181,505659.22,2217078.626
603040,2026-08-05,56.41,0.05815000000000001,22451.17,125135.437
603041,2026-08-05,10.53,0.0,22812.5,24106.837
603042,2026-08-05,12.58,0.012882,120183.9,150064.724
603043,2026-08-05,13.82,-0.010737000000000002,27848.2,38653.308
603045,2026-08-05,53.56,0.100021,64221.16,330126.488
603048,2026-08-05,20.42,0.052035,29473.0,59331.36
603049,2026-08-05,48.94,-0.011113,26590.02,130727.947
603050,2026-08-05,18.64,0.013594,28140.3,52195.738
603051,2026-08-05,20.04,0.009063,51231.37,102531.774
603052,2026-08-05,51.78,0.033946000000000004,45229.99,229340.119
603053,2026-08-05,8.91,-0.012195000000000001,22019.0,19695.686
603055,2026-08-05,8.41,-0.012910999999999999,49237.0,41557.981
603057,2026-08-05,22.81,0.01153,18546.0,42258.536
603058,2026-08-05,10.02,0.021407,282780.46,281881.204
603059,2026-08-05,24.07,0.008379,9897.0,23756.629
603060,2026-08-05,5.52,0.001815,57690.46,31797.914
603061,2026-08-05,292.86,0.099985,14765.15,424510.029
603062,2026-08-05,38.15,0.011132,3211.9,12206.36
603063,2026-08-05,32.41,0.083946,346323.92,1102290.474
603065,2026-08-05,15.51,0.066713,490017.91,746250.359
603066,2026-08-05,8.99,-0.001111,44644.0,40108.868
603067,2026-08-05,33.63,0.020947,252932.6,845953.794
603068,2026-08-05,39.66,0.084792,310778.61,1228976.395
603069,2026-08-05,13.51,0.016554,37299.0,50391.041
603070,2026-08-05,11.7,0.005155,27873.0,32577.589
603071,2026-08-05,11.98,-0.0016669999999999999,28471.38,34112.651
603072,2026-08-05,32.75,0.004293,27119.35,89445.583
603073,2026-08-05,16.02,-0.018983,25671.19,40899.545
603075,2026-08-05,18.95,0.002646,22235.99,42123.208
603076,2026-08-05,20.06,0.008547,15539.89,31118.167
603077,2026-08-05,2.43,0.016736,1703401.51,413172.791
603078,2026-08-05,31.08,0.100177,107463.18,325000.998
603079,2026-08-05,11.41,-0.0017499999999999998,26852.0,30546.49
603080,2026-08-05,18.74,0.012426,14543.0,27119.392
603081,2026-08-05,9.05,0.017998,46653.5,41818.082
603082,2026-08-05,36.8,0.019391000000000002,47989.34,174524.411
603083,2026-08-05,149.56,0.005850999999999999,346419.03,5074245.318
603085,2026-08-05,9.94,0.041929,67907.46,66245.373
603086,2026-08-05,5.52,-0.005405,69367.04,38342.928
603087,2026-08-05,70.4,0.005714,87972.07,615824.826
603088,2026-08-05,9.39,0.012945,53109.0,49767.366
603089,2026-08-05,8.63,-0.002312,18587.5,16054.987
603090,2026-08-05,39.2,0.042553,29102.0,112412.789
603091,2026-08-05,48.86,0.000205,7354.79,35930.664
603092,2026-08-05,50.0,-0.019608,29508.29,148221.414
603093,2026-08-05,18.19,0.021336,119575.44,215021.384
603095,2026-08-05,12.91,0.019747,39975.84,51478.947
603096,2026-08-05,14.62,-0.011493999999999999,22317.0,32942.106
603097,2026-08-05,20.55,0.038403,46201.98,93895.637
603098,2026-08-05,10.19,0.000982,39762.21,40452.851
603099,2026-08-05,38.6,-0.00924,69999.83,271695.497
603100,2026-08-05,18.75,0.003747,38022.0,71302.701
603101,2026-08-05,7.31,-0.001366,87182.95,63362.338
603102,2026-08-05,33.75,-0.011134,5521.56,18698.474
603103,2026-08-05,15.21,0.007285000000000001,45122.37,68470.103
603105,2026-08-05,7.3,-0.001368,87866.67,63943.598
603106,2026-08-05,9.13,0.009956,1040589.19,976676.298
603107,2026-08-05,12.29,0.0,38632.54,47318.766
603108,2026-08-05,10.49,0.020428,227571.89,240296.624
603109,2026-08-05,17.12,0.007058999999999999,23744.4,40599.99
603110,2026-08-05,24.09,0.073051,185174.01,437481.192
603111,2026-08-05,5.82,0.001721,64978.53,37652.638
603112,2026-08-05,15.22,0.036079,67788.15,102195.399
603113,2026-08-05,4.49,-0.004435,84929.62,38115.893
603115,2026-08-05,77.58,0.09995699999999999,76699.0,581833.943
603116,2026-08-05,5.9,0.026087,85199.86,49405.032
603117,2026-08-05,3.63,-0.01626,103225.8,37638.687
603118,2026-08-05,14.4,0.056493,1532714.87,2207720.738
603119,2026-08-05,53.71,0.0311,117345.96,626082.023
603120,2026-08-05,47.59,0.062514,41457.0,192239.529
603121,2026-08-05,12.07,0.022881,57247.83,69189.755
603122,2026-08-05,11.26,0.002671,132979.11,149764.333
603123,2026-08-05,9.15,0.004391,260838.99,238800.811
603124,2026-08-05,118.7,0.07732800000000001,70117.87,813587.349
603125,2026-08-05,22.61,0.100243,64523.42,141256.637
603126,2026-08-05,6.02,-0.009868,100906.07,60862.893
603127,2026-08-05,46.3,0.043968,458827.64,2095375.342
603128,2026-08-05,5.32,-0.005607,92466.15,49122.086
603129,2026-08-05,298.56,-0.006456,13387.99,399426.197
603130,2026-08-05,41.0,0.000977,17595.0,72336.879
603131,2026-08-05,15.36,0.015872999999999998,61529.8,94181.53
603132,2026-08-05,18.34,0.071888,120612.68,215546.063
603135,2026-08-05,9.36,0.022951000000000003,85816.8,79947.44
603136,2026-08-05,8.9,-0.0033589999999999996,25952.45,23113.089
603137,2026-08-05,26.17,0.005765,347471.59,896334.97
603138,2026-08-05,13.54,0.014993000000000001,97599.48,132550.407
603139,2026-08-05,34.93,0.038656,35187.0,123061.638
603150,2026-08-05,49.83,0.024465,15139.0,75303.931
603151,2026-08-05,12.43,-0.000804,30745.0,38167.929
603153,2026-08-05,13.34,-0.00522,16119.0,21553.068
603155,2026-08-05,13.17,0.042755,117120.78,153152.743
603156,2026-08-05,45.07,0.006027,165736.64,754705.24
603158,2026-08-05,10.6,0.065327,295532.84,305900.846
603159,2026-08-05,18.58,0.004324,19917.0,37249.613
603160,2026-08-05,53.27,0.011008,64182.69,340983.238
603161,2026-08-05,14.4,0.027837,57598.11,82411.356
603162,2026-08-05,11.19,0.04287,442233.49,486333.202
603163,2026-08-05,77.87,0.056581,45090.2,345790.214
603165,2026-08-05,13.87,0.004345,48681.76,67319.265
603166,2026-08-05,11.84,0.057143,206968.07,240358.03
603167,2026-08-05,8.78,-0.003405,36653.0,32199.357
603168,2026-08-05,5.31,-0.013011,83161.78,44166.926
603169,2026-08-05,7.09,0.015759000000000002,208893.6,147180.898
603170,2026-08-05,13.13,-0.0015210000000000002,28143.0,37051.838
603171,2026-08-05,50.0,0.035840000000000004,169171.48,842206.806
603172,2026-08-05,16.84,0.013237,16813.0,28054.085
603173,2026-08-05,32.38,0.004031,7489.0,24341.135
603175,2026-08-05,83.76,0.073708,36230.62,299022.541
603176,2026-08-05,4.53,0.008909,47723.0,21587.326
603177,2026-08-05,8.92,-0.014365000000000001,42613.5,38135.83
603178,2026-08-05,17.64,0.029772,200925.29,349781.194
603179,2026-08-05,39.72,0.008634,191514.39,760527.828
603180,2026-08-05,14.75,-0.004051,10286.0,15244.375
603181,2026-08-05,13.23,0.017692,78781.38,103905.734
603182,2026-08-05,12.06,0.002494,15965.0,19243.608
603183,2026-08-05,4.44,0.059666,290363.23,123994.738
603185,2026-08-05,16.3,0.030341,198937.17,324066.192
603186,2026-08-05,119.31,0.100037,142831.21,1649650.105
603187,2026-08-05,12.02,-0.004967,67206.06,80662.436
603188,2026-08-05,4.01,-0.004963,92755.0,37215.266
603189,2026-08-05,9.61,0.031116,47723.0,46259.751
603190,2026-08-05,16.36,0.009254,22259.4,36395.441
603191,2026-08-05,14.24,-0.004196,78904.97,112139.346
603192,2026-08-05,22.67,-0.001322,33435.9,75586.683
603193,2026-08-05,21.41,0.00046699999999999997,25808.04,55049.367
603194,2026-08-05,34.92,-0.008518,12673.0,44433.498
603195,2026-08-05,41.49,-0.008602,53524.88,221997.543
603196,2026-08-05,20.14,0.017172,21353.0,42828.934
603197,2026-08-05,30.37,0.012333,42526.62,129670.362
603198,2026-08-05,36.81,-0.007817,64458.66,236484.504
603199,2026-08-05,32.36,-0.0006180000000000001,16299.0,52708.811
603200,2026-08-05,38.18,0.020856,83640.73,317258.066
603201,2026-08-05,17.6,0.1,61594.39,107145.457
603202,2026-08-05,54.07,-0.004786,13466.85,72849.73
603203,2026-08-05,41.79,0.070166,156050.11,640277.417
603205,2026-08-05,21.04,-0.001898,5869.0,12303.504
603206,2026-08-05,15.54,0.099788,71957.4,108706.369
603207,2026-08-05,22.5,-0.003543,11208.02,25178.575
603208,2026-08-05,10.89,0.002762,17200.3,18781.152
603209,2026-08-05,13.67,0.011094999999999999,33734.0,45955.612
603210,2026-08-05,13.7,0.005135999999999999,28932.0,39451.976
603211,2026-08-05,25.6,0.055670000000000004,106102.14,268572.613
603212,2026-08-05,11.22,0.018149,118536.04,132392.646
603213,2026-08-05,13.86,-0.00216,17981.87,24838.836
603214,2026-08-05,13.34,-0.003734,29428.0,39450.081
603215,2026-08-05,14.05,-0.009167999999999999,10933.0,15433.386
603216,2026-08-05,20.96,0.036085,43526.0,90448.579
603217,2026-08-05,22.57,0.021267,43636.44,97635.049
603218,2026-08-05,10.13,-0.008806000000000001,95369.2,96946.446
603219,2026-08-05,14.91,0.048523,48845.28,71958.111
603220,2026-08-05,19.58,0.028902,396460.42,773291.913
603222,2026-08-05,8.55,-0.013841000000000001,725386.79,627257.31
603223,2026-08-05,10.91,0.014884,107097.3,116477.212
603225,2026-08-05,19.25,0.019597,151288.96,288994.243
603226,2026-08-05,47.53,0.025901,29763.2,139751.034
603227,2026-08-05,7.67,-0.010323,76798.64,59205.177
603228,2026-08-05,78.47,-0.019125,606877.78,4690904.804
603229,2026-08-05,7.77,-0.008929,58614.7,45689.416
603230,2026-08-05,9.11,-0.004372,16839.0,15359.805
603231,2026-08-05,15.05,0.000665,25961.13,38975.972
603232,2026-08-05,15.66,0.008371,123544.0,192713.436
603233,2026-08-05,18.26,-0.017751,94410.25,172754.784
603235,2026-08-05,23.6,-0.019119,7024.61,16589.615
603236,2026-08-05,47.32,0.020047000000000002,114462.59,541017.395
603237,2026-08-05,14.4,0.006993,10090.32,14248.025
603238,2026-08-05,11.79,-0.0033810000000000003,28594.0,33805.496
603239,2026-08-05,14.62,0.023093,41695.0,59896.538
603248,2026-08-05,19.19,-0.007756,41977.13,80644.791
603255,2026-08-05,27.04,0.019992,16261.0,44075.734
603256,2026-08-05,138.11,0.10003999999999999,216274.28,2845651.28
603257,2026-08-05,65.9,0.017289000000000002,12776.3,83425.713
603258,2026-08-05,13.44,-0.0014860000000000001,47415.55,64154.424
603259,2026-08-05,147.5,0.043509,1344754.95,19740160.899
603260,2026-08-05,35.21,0.000568,121601.04,427726.04
603261,2026-08-05,51.16,0.026279,35813.0,179491.861
603262,2026-08-05,19.34,0.007292,76216.99,145331.397
603266,2026-08-05,15.85,0.021921,19206.0,30307.082
603267,2026-08-05,52.19,0.028374,143411.17,747770.472
603268,2026-08-05,172.87,0.100032,92297.75,1547802.016
603269,2026-08-05,12.56,0.020309,308853.21,384800.102
603270,2026-08-05,25.28,0.017713,43446.23,109442.838
603271,2026-08-05,43.12,0.024714999999999997,24004.0,102775.22
603272,2026-08-05,16.97,-0.011072,51384.24,87581.144
603273,2026-08-05,14.04,-0.004961,22123.0,31066.676
603275,2026-08-05,36.59,0.009101,8171.8,29887.377
603276,2026-08-05,15.17,0.031271,30968.66,46663.919
603277,2026-08-05,10.78,-0.004617,16074.8,17360.88
603278,2026-08-05,9.43,0.020562999999999998,230318.77,215649.915
603279,2026-08-05,13.06,0.0,61264.18,79789.345
603280,2026-08-05,25.69,0.008638,17086.0,43710.611
603281,2026-08-05,21.03,0.020377999999999997,33813.4,70585.19
603282,2026-08-05,14.47,-0.014976,13777.0,19997.302
603283,2026-08-05,41.96,0.069317,242826.7,1000170.709
603284,2026-08-05,38.77,-0.007932,15158.65,58802.993
603285,2026-08-05,32.6,0.033281,55985.0,183604.626
603286,2026-08-05,41.33,0.026067999999999997,52150.5,214455.377
603288,2026-08-05,36.97,-0.009644,198357.3,729906.621
603289,2026-08-05,8.22,0.00489,29862.6,24496.87
603290,2026-08-05,86.33,0.042633000000000004,102813.96,877800.706
603291,2026-08-05,8.72,0.015134000000000002,56101.12,48651.022
603293,2026-08-05,37.49,0.024597,28898.04,108802.421
603296,2026-08-05,80.04,0.045591,299099.82,2378887.04
603297,2026-08-05,102.22,0.099968,20488.92,203990.508
603298,2026-08-05,27.23,0.004797,58431.45,158001.221
603299,2026-08-05,9.26,0.002165,39297.34,36326.592
603300,2026-08-05,5.11,-0.005837,441931.21,226427.71
603301,2026-08-05,87.78,0.01129,25211.87,219506.358
603303,2026-08-05,19.93,0.02732,27356.28,54251.629
603305,2026-08-05,12.03,-0.0024879999999999998,236408.71,285352.84
603306,2026-08-05,67.46,0.09995100000000001,152193.96,990448.396
603307,2026-08-05,23.85,-0.014462999999999998,7399.1,17701.601
603308,2026-08-05,47.69,0.048823,202770.81,955919.379
603309,2026-08-05,11.66,0.016565,89494.33,103467.178
603310,2026-08-05,14.71,0.001361,19390.69,28570.306
603311,2026-08-05,28.16,0.033394,62528.71,175124.112
603312,2026-08-05,32.21,0.004365,6416.11,20694.433
603313,2026-08-05,5.85,0.015625,188962.2,110364.599
603315,2026-08-05,12.3,0.01569,58544.08,71706.662
603316,2026-08-05,13.46,0.055686,158096.0,210891.274
603317,2026-08-05,14.83,-0.006697999999999999,124664.52,185537.971
603318,2026-08-05,8.98,0.023944999999999998,389774.57,347306.78
603319,2026-08-05,25.05,0.065957,198469.16,489588.338
603320,2026-08-05,16.54,0.007308,17053.0,28106.628
603321,2026-08-05,6.08,-0.014587000000000001,41740.0,25463.782
603322,2026-08-05,27.29,0.035674000000000004,56064.0,152115.927
603323,2026-08-05,4.29,-0.016055,291572.41,125872.433
603324,2026-08-05,26.24,0.058918,82926.0,213932.16
603325,2026-08-05,53.88,0.000186,3119.0,16795.374
603326,2026-08-05,6.52,-0.006098,41769.01,27189.68
603327,2026-08-05,9.2,0.023359,443817.1,403360.421
603328,2026-08-05,9.93,0.013265,194417.99,192629.269
603329,2026-08-05,9.84,-0.004049,32211.13,31681.469
603330,2026-08-05,7.2,0.014085,141240.92,101193.469
603331,2026-08-05,11.96,0.010135,56270.0,66942.67
603332,2026-08-05,10.85,-0.0055000000000000005,41010.0,44533.173
603333,2026-08-05,8.65,0.006985,195470.71,167872.505
603334,2026-08-05,32.93,-0.002121,19472.83,64036.679
603335,2026-08-05,6.69,0.100329,259490.28,169323.747
603336,2026-08-05,9.84,-0.018943,417715.22,408636.884
603337,2026-08-05,46.28,0.008059,59988.0,274570.917
603338,2026-08-05,56.99,0.002463,64264.72,365190.814
603339,2026-08-05,13.7,0.039453999999999996,107604.63,145744.201
603341,2026-08-05,36.83,0.028771,106573.93,391750.025
603344,2026-08-05,22.58,0.018033999999999998,12809.0,28756.284
603345,2026-08-05,85.11,-0.008042,68523.62,581612.903
603348,2026-08-05,14.57,0.006215000000000001,62204.0,91072.055
603350,2026-08-05,27.63,-0.001806,7627.0,21054.913
603351,2026-08-05,24.1,0.0062629999999999995,10465.6,25176.035
603352,2026-08-05,27.44,0.015168,34687.39,94628.883
603353,2026-08-05,29.54,0.029268000000000002,32591.3,95485.97
603355,2026-08-05,29.03,0.016101,39200.0,112754.952
603356,2026-08-05,15.78,0.022683,28387.0,44514.204
603357,2026-08-05,6.08,-0.0016420000000000002,48793.4,29509.612
603358,2026-08-05,41.73,0.053522,176667.58,717506.763
603359,2026-08-05,2.26,-0.004405,92366.0,20873.06
603360,2026-08-05,13.77,0.027612,99093.0,134928.084
603363,2026-08-05,2.87,0.007018,221108.92,63077.891
603365,2026-08-05,17.83,0.001685,17562.0,31059.181
603366,2026-08-05,6.9,-0.001447,123379.81,85099.274
603367,2026-08-05,14.54,-0.009537,133113.0,192997.433
603368,2026-08-05,15.45,-0.00898,42492.21,65721.819
603369,2026-08-05,27.45,-0.005435,141056.66,384547.609
603370,2026-08-05,35.26,0.057588,14203.47,48516.841
603373,2026-08-05,37.76,0.033671,51608.17,194119.826
603375,2026-08-05,35.78,0.043453,29752.0,105939.449
603376,2026-08-05,26.45,0.010313000000000001,26828.45,70884.296
603377,2026-08-05,2.83,0.0,28825.37,8149.119
603378,2026-08-05,5.17,-0.015238,51924.55,26938.081
603379,2026-08-05,63.03,0.022716,106357.23,667113.977
603380,2026-08-05,32.61,0.039528,29424.11,95379.52
603381,2026-08-05,15.0,0.001335,44006.0,65829.828
603382,2026-08-05,18.25,-0.0038209999999999997,23530.81,42926.091
603383,2026-08-05,30.68,0.007884,77064.05,238488.841
603385,2026-08-05,5.17,-0.009578999999999999,32287.0,16669.747
603386,2026-08-05,12.36,0.035176,96188.0,118236.798
603387,2026-08-05,8.9,-0.015486999999999999,118946.48,105997.519
603389,2026-08-05,44.96,0.032851,25960.0,116167.213
603390,2026-08-05,10.02,0.019329,75079.0,74925.274
603391,2026-08-05,60.58,0.029222,25833.66,154948.604
603392,2026-08-05,29.97,-0.018343,55543.82,167213.03
603393,2026-08-05,25.4,-0.006647999999999999,107722.68,273700.042
603395,2026-08-05,22.68,-0.007873999999999999,27398.03,62160.958
603396,2026-08-05,24.57,0.005731000000000001,24898.16,61091.865
603398,2026-08-05,9.52,0.029189,83869.0,78694.275
603399,2026-08-05,15.75,0.0507,668783.46,1037711.243
603400,2026-08-05,44.97,-0.001332,96167.16,433694.295
603402,2026-08-05,65.76,0.002439,15569.29,102156.848
603406,2026-08-05,27.1,-0.006962,10432.46,28351.935
603407,2026-08-05,62.63,0.07630200000000001,91040.51,558051.786
603408,2026-08-05,10.41,0.0038569999999999998,28724.0,29795.372
603409,2026-08-05,17.41,0.000575,20250.03,35260.042
603416,2026-08-05,51.82,0.004848,26055.0,135165.364
603418,2026-08-05,44.63,-0.002682,9104.17,40669.746
603421,2026-08-05,5.83,0.012153,99474.0,57988.943
603429,2026-08-05,7.77,-0.003846,31812.96,24410.034
603435,2026-08-05,53.21,0.067616,97604.52,516806.601
603439,2026-08-05,10.8,0.025640999999999997,89007.54,94530.018
603444,2026-08-05,392.0,-0.001248,23546.66,930273.139
603456,2026-08-05,15.46,-0.017165,244896.93,380477.828
603458,2026-08-05,9.18,0.0,167792.1,152881.828
603459,2026-08-05,91.55,0.044614,221869.85,1999012.551
603466,2026-08-05,11.38,0.022462,811423.45,915954.989
603477,2026-08-05,14.95,0.025377,240914.07,359634.609
603486,2026-08-05,59.91,-0.000501,50735.48,303036.196
603488,2026-08-05,8.46,0.05223900000000001,97242.0,81587.055
603489,2026-08-05,26.66,0.016393,22989.1,60834.183
603496,2026-08-05,25.96,0.010509999999999999,237114.96,618272.515
603499,2026-08-05,11.97,0.013548,50581.36,60340.718
603500,2026-08-05,9.57,0.08013500000000001,147120.4,137302.212
603501,2026-08-05,90.83,0.032746,283238.0,2549425.095
603505,2026-08-05,16.68,0.01956,137436.52,227962.474
603506,2026-08-05,10.05,0.006006,26562.0,26647.069
603507,2026-08-05,24.27,0.027519000000000002,103672.36,248593.033
603508,2026-08-05,23.37,-0.0012820000000000002,35381.91,82591.825
603511,2026-08-05,11.84,-0.010033,11592.3,13755.709
603515,2026-08-05,17.21,-0.018814,19383.0,33396.071
603516,2026-08-05,98.8,0.044839000000000004,65381.23,636565.832
603517,2026-08-05,10.97,0.021415000000000003,55451.0,60543.684
603518,2026-08-05,7.91,-0.008772,63732.0,50634.651
603519,2026-08-05,15.66,-0.011364,132189.3,204770.097
603520,2026-08-05,8.92,0.005637,77653.19,69361.089
603527,2026-08-05,9.65,0.023330000000000004,65639.76,62930.111
603528,2026-08-05,6.37,0.0192,117261.0,74605.082
603529,2026-08-05,21.43,0.0009339999999999999,75701.88,161805.113
603530,2026-08-05,45.14,0.043217,41878.0,186204.53
603533,2026-08-05,23.73,0.026383999999999998,448629.72,1054527.617
603535,2026-08-05,6.48,0.0015459999999999998,36846.28,23886.896
603536,2026-08-05,9.03,0.00222,63372.6,57417.966
603538,2026-08-05,27.57,0.028731,443525.29,1210577.313
603551,2026-08-05,9.44,0.003188,18429.0,17335.517
603556,2026-08-05,26.22,-0.019813,129034.14,338632.325
603557,2026-08-05,3.74,0.0026810000000000002,51705.0,19128.587
603558,2026-08-05,12.76,0.016733,45552.0,57810.209
603559,2026-08-05,9.07,-0.01413,253737.86,231809.056
603565,2026-08-05,10.64,0.005671000000000001,133325.3,141051.353
603566,2026-08-05,10.29,-0.012476000000000001,48224.0,49796.836
603567,2026-08-05,6.6,-0.010495,886443.84,586609.31
603568,2026-08-05,15.41,-0.011546,74410.93,114669.896
603569,2026-08-05,5.82,-0.0017150000000000002,30523.0,17739.671
603577,2026-08-05,10.01,0.00603,99113.31,98825.799
603578,2026-08-05,11.85,0.021551999999999998,46206.44,54884.524
603579,2026-08-05,18.04,0.002222,23936.8,43045.253
603580,2026-08-05,56.22,0.045176,150792.68,828955.744
603583,2026-08-05,24.45,-0.02004,91190.49,224446.292
603585,2026-08-05,10.08,0.009009,38668.18,38636.521
603586,2026-08-05,13.26,-0.0015060000000000002,17878.0,23657.639
603587,2026-08-05,11.53,-0.0103,18369.0,21250.808
603588,2026-08-05,14.13,0.076982,716286.63,989075.396
603589,2026-08-05,20.08,-0.009862,80078.66,160651.837
603590,2026-08-05,30.55,0.004934,28797.0,88122.594
603595,2026-08-05,23.66,0.04275,37993.0,89478.003
603596,2026-08-05,27.04,0.013113999999999999,210722.25,574007.465
603598,2026-08-05,18.3,-0.028147000000000002,310854.76,568812.398
603599,2026-08-05,10.42,-0.006673,101686.32,105814.183
603600,2026-08-05,9.57,-0.0062309999999999996,42609.21,40852.188
603601,2026-08-05,9.16,0.042093,934252.05,848843.14
603602,2026-08-05,11.05,0.012832,34731.26,38255.688
603605,2026-08-05,58.9,-0.0015260000000000002,63639.37,375506.475
603606,2026-08-05,39.79,-0.031166,359895.69,1405773.412
603607,2026-08-05,22.04,0.079334,65734.36,141215.909
603608,2026-08-05,18.52,0.012022,203647.44,377607.481
603609,2026-08-05,6.2,0.001616,22823.03,14113.758
603610,2026-08-05,15.18,0.012,104359.52,157195.69
603611,2026-08-05,17.26,-0.000579,23441.0,40445.672
603612,2026-08-05,17.13,0.0,128600.0,221325.549
603613,2026-08-05,19.94,0.003523,137083.59,275439.908
603615,2026-08-05,15.88,0.031169,32412.0,51029.991
603616,2026-08-05,5.15,0.005859,140041.92,71798.539
603617,2026-08-05,6.88,0.010279,148241.0,102791.244
603618,2026-08-05,26.22,0.099832,1055754.63,2637274.107
603619,2026-08-05,21.29,-0.017082,355973.06,755747.061
603626,2026-08-05,15.11,0.099709,427986.12,627403.596
603628,2026-08-05,9.5,-0.002101,34836.25,33094.212
603629,2026-08-05,112.65,0.09999000000000001,272855.86,3051481.121
603630,2026-08-05,15.1,-0.006579000000000001,90507.6,137142.278
603633,2026-08-05,6.16,0.016502,75561.0,46256.242
603636,2026-08-05,7.2,0.0027860000000000003,176270.66,126898.571
603637,2026-08-05,12.85,0.025539,63324.55,81012.897
603638,2026-08-05,20.23,0.01863,111339.19,224411.173
603639,2026-08-05,10.59,0.002841,20104.04,21279.001
603648,2026-08-05,9.1,-0.001098,21510.0,19554.133
603650,2026-08-05,58.13,0.080483,208902.09,1193956.155
603655,2026-08-05,26.48,0.0030299999999999997,14098.0,37553.851
603656,2026-08-05,17.69,0.016083,15869.6,27828.668
603657,2026-08-05,26.14,0.100168,24594.0,62310.907
603658,2026-08-05,32.66,-0.026817999999999998,42041.9,137882.697
603659,2026-08-05,24.61,0.016942,293375.46,717118.352
603660,2026-08-05,10.46,0.019493,255683.68,267153.633
603661,2026-08-05,31.89,0.012702,40444.44,128844.817
603662,2026-08-05,54.25,0.020888,77523.73,417820.948
603663,2026-08-05,37.26,0.10008900000000001,161041.94,577647.048
603665,2026-08-05,22.2,0.008631999999999999,16487.0,36565.217
603666,2026-08-05,24.64,0.034425,51103.0,125772.366
603667,2026-08-05,55.0,0.010101,182138.98,999468.746
603668,2026-08-05,10.66,0.00661,88512.63,93305.167
603669,2026-08-05,5.72,0.014184,213701.04,122162.85
603676,2026-08-05,8.77,-0.00454,25016.0,21948.281
603677,2026-08-05,13.27,0.003023,16545.0,21848.946
603678,2026-08-05,48.25,0.080869,430755.7,2045349.8
603679,2026-08-05,21.73,0.006951000000000001,122225.86,263890.043
603680,2026-08-05,10.62,0.053571,136499.56,144625.224
603681,2026-08-05,17.59,0.026853,72281.0,126891.033
603682,2026-08-05,11.01,0.081532,447440.0,472901.461
603683,2026-08-05,15.24,0.051033999999999996,294360.98,440579.612
603685,2026-08-05,25.48,0.000786,27092.28,68800.746
603686,2026-08-05,13.43,0.004488,152154.95,203848.583
603687,2026-08-05,14.1,0.06254699999999999,247238.18,345907.042
603688,2026-08-05,46.51,0.070179,199934.07,909136.937
603689,2026-08-05,7.46,-0.005333,38976.0,29132.358
603690,2026-08-05,23.16,0.060439999999999994,616917.86,1404423.704
603693,2026-08-05,12.4,-0.0008060000000000001,69671.2,86087.982
603696,2026-08-05,13.46,0.008995999999999999,300162.57,398143.986
603697,2026-08-05,9.75,0.007231,52642.7,50918.363
603698,2026-08-05,23.02,0.029517,188587.94,430782.291
603699,2026-08-05,51.78,0.027381000000000003,78712.04,404873.036
603700,2026-08-05,11.55,0.037736,100173.02,115040.609
603701,2026-08-05,19.57,0.023001,32291.39,63113.029
603703,2026-08-05,9.11,0.011099000000000001,82375.4,75055.815
603706,2026-08-05,18.87,0.0,12740.69,23998.164
603707,2026-08-05,8.03,-0.013514,91049.36,73530.677
603708,2026-08-05,9.45,-0.012539,42000.0,39857.741
603709,2026-08-05,10.97,0.012927,27121.53,29655.5
603711,2026-08-05,11.22,-0.010582000000000001,78969.99,89558.597
603712,2026-08-05,12.16,0.006623,99477.0,120585.042
603713,2026-08-05,62.4,0.026316000000000003,23429.1,146155.278
603716,2026-08-05,16.79,0.009014,266542.33,444039.407
603717,2026-08-05,5.9,0.012007,77665.7,45603.03
603718,2026-08-05,2.89,-0.003448,62733.0,18130.617
603719,2026-08-05,9.95,0.019467,100493.0,100046.314
603721,2026-08-05,18.17,-0.031966,85582.3,156120.832
603722,2026-08-05,30.13,0.014478,17070.0,51186.253
603725,2026-08-05,10.14,0.022177,119724.6,120452.904
603726,2026-08-05,23.52,0.049531,67431.0,156782.966
603727,2026-08-05,18.15,0.0,31321.8,56229.534
603728,2026-08-05,52.48,0.012736,74525.6,389363.233
603729,2026-08-05,11.03,0.004554,14997.0,16519.57
603730,2026-08-05,10.6,0.073961,324616.1,334275.941
603733,2026-08-05,20.52,0.011834,94754.08,193788.027
603737,2026-08-05,23.77,0.002954,79806.68,188429.917
603738,2026-08-05,33.15,0.042125,487280.0,1587315.364
603739,2026-08-05,11.51,-0.005186,26260.5,30194.427
603755,2026-08-05,22.86,0.005277,9326.0,21286.551
603757,2026-08-05,58.4,0.048098,131589.1,762312.679
603758,2026-08-05,9.35,-0.002134,29844.5,27974.662
603759,2026-08-05,7.22,-0.010959000000000002,49019.64,35491.414
603766,2026-08-05,14.57,0.013212999999999999,117582.5,171294.961
603767,2026-08-05,15.07,0.006008,51270.0,77136.59
603768,2026-08-05,11.06,-0.010733,39040.5,43605.425
603773,2026-08-05,78.57,0.09995799999999999,102380.05,788666.461
603776,2026-08-05,20.86,0.088727,68584.31,140361.768
603777,2026-08-05,14.54,0.021067,61697.0,88956.853
603778,2026-08-05,10.64,0.025048,864180.06,910649.436
603779,2026-08-05,7.63,0.01328,174531.41,132670.382
603786,2026-08-05,43.4,0.013308,20556.14,88969.616
603787,2026-08-05,10.1,-0.016553,80343.0,80693.509
603788,2026-08-05,13.97,0.0050360000000000005,12924.8,18010.789
603789,2026-08-05,6.26,-0.007924,38570.3,24109.033
603790,2026-08-05,21.43,0.030288,41167.99,86755.133
603797,2026-08-05,4.05,0.0,67908.0,27620.233
603798,2026-08-05,13.08,-0.011337999999999999,68433.72,89575.125
603799,2026-08-05,42.02,0.030407000000000003,707631.92,2947285.721
603800,2026-08-05,55.75,0.062512,81133.0,445693.126
603801,2026-08-05,5.85,-0.003407,65004.01,38156.013
603803,2026-08-05,10.21,0.034448,219834.94,222479.504
603806,2026-08-05,15.24,0.0,262095.46,397455.02
603808,2026-08-05,7.89,-0.003788,41698.0,32824.201
603809,2026-08-05,9.54,-0.001047,108930.35,104051.167
603810,2026-08-05,11.49,-0.004333,19278.5,22306.748
603811,2026-08-05,7.22,-0.002762,35137.62,25338.675
603813,2026-08-05,33.01,0.006096000000000001,6153.0,20205.065
603815,2026-08-05,5.57,0.010889,112670.0,62611.6
603816,2026-08-05,24.95,-0.012272,95140.0,237660.17
603817,2026-08-05,5.63,-0.0035399999999999997,83156.0,46835.974
603818,2026-08-05,3.42,0.0,136332.0,46441.385
603819,2026-08-05,13.51,0.008209,65487.06,88210.804
603822,2026-08-05,58.6,0.03351,7887.0,46160.487
603823,2026-08-05,60.73,0.099982,124580.66,741371.755
603825,2026-08-05,7.73,0.027926000000000003,35516.12,27377.18
603826,2026-08-05,17.36,0.10012700000000001,58675.48,98865.044
603828,2026-08-05,4.22,0.019323999999999997,29310.04,12470.749
603829,2026-08-05,15.02,0.016238,36363.75,54223.373
603833,2026-08-05,33.05,0.0,62622.59,206462.204
603836,2026-08-05,8.68,-0.0057269999999999995,31304.4,27140.831
603838,2026-08-05,8.52,0.027744,19130.0,16007.324
603839,2026-08-05,6.79,0.008915,39885.0,27008.454
603843,2026-08-05,6.97,0.023495,115043.4,80113.675
603848,2026-08-05,13.42,0.001493,14910.0,19936.364
603855,2026-08-05,16.73,-0.007122000000000001,24122.0,40124.024
603856,2026-08-05,11.45,0.002627,36408.63,41574.331
603858,2026-08-05,15.66,-0.008861,56646.3,88684.619
603859,2026-08-05,42.95,0.02506,144080.4,620459.705
603860,2026-08-05,25.59,-0.010823000000000001,12224.0,31362.58
603861,2026-08-05,12.5,0.01626,129315.17,159916.106
603863,2026-08-05,13.04,0.04571,72871.5,93162.364
603866,2026-08-05,4.32,-0.002309,110335.46,47779.318
603867,2026-08-05,28.32,0.019072,55217.12,156090.204
603868,2026-08-05,31.29,-0.002868,6734.92,20982.303
603869,2026-08-05,8.49,0.020433,12637.0,10614.111
603871,2026-08-05,12.92,-0.002317,117233.49,151670.745
603876,2026-08-05,21.89,0.016249,141252.21,309073.226
603877,2026-08-05,12.93,-0.018223,27055.0,35012.979
603878,2026-08-05,4.98,0.002012,110235.0,54859.361
603879,2026-08-05,5.05,0.020202,97843.0,49160.435
603880,2026-08-05,7.39,0.078832,156255.47,113902.103
603881,2026-08-05,26.4,0.006098,654751.44,1727337.73
603882,2026-08-05,27.8,0.005425,71033.22,199153.045
603883,2026-08-05,12.56,-0.008682,92616.36,116362.62
603885,2026-08-05,11.21,0.017241,175077.94,195418.716
603886,2026-08-05,10.58,0.0028439999999999997,23758.0,25127.351
603887,2026-08-05,9.66,0.012579,248657.01,238464.07
603888,2026-08-05,17.29,0.001158,137735.78,238830.649
603889,2026-08-05,5.65,0.001773,98454.31,55842.17
603890,2026-08-05,18.31,0.052904,294015.24,529166.784
603893,2026-08-05,199.0,0.051407999999999995,233160.35,4625421.46
603895,2026-08-05,24.6,0.044143,20539.17,50353.777
603896,2026-08-05,14.65,-0.013468,21611.84,31766.729
603897,2026-08-05,26.38,0.020503,69289.0,181524.495
603898,2026-08-05,10.71,0.017094,55544.53,59302.329
603899,2026-08-05,22.96,-0.010771,40311.07,92451.428
603900,2026-08-05,5.95,0.015358,95555.8,56536.892
603901,2026-08-05,9.62,0.013699,79673.14,76530.545
603903,2026-08-05,12.23,0.069991,182846.69,223021.295
603906,2026-08-05,19.6,0.031036,275724.26,534846.526
603908,2026-08-05,18.11,-0.013079,10278.42,18686.312
603909,2026-08-05,9.02,0.0044540000000000005,32293.21,29033.283
603912,2026-08-05,7.8,-0.005102,445491.97,349418.152
603915,2026-08-05,13.75,0.008804,54392.89,74731.856
603916,2026-08-05,10.37,0.009737,67074.44,69641.79
603917,2026-08-05,11.71,0.018261,43070.92,50251.219
603918,2026-08-05,11.22,0.007181,233990.07,263121.532
603919,2026-08-05,16.55,0.007304000000000001,129740.83,212796.509
603920,2026-08-05,34.48,0.042952000000000004,273375.7,929637.968
603922,2026-08-05,10.7,0.01711,14302.4,15131.429
603926,2026-08-05,15.92,0.029089,47034.5,74581.642
603927,2026-08-05,14.22,-0.002105,128421.51,183843.64
603928,2026-08-05,11.94,0.100461,341806.85,399335.629
603929,2026-08-05,159.28,0.086197,89019.63,1386487.486
603931,2026-08-05,34.64,0.074775,116164.59,392544.108
603933,2026-08-05,19.02,0.031453,52869.0,99971.897
603936,2026-08-05,13.9,0.034226,550426.1,758615.419
603937,2026-08-05,10.85,0.01687,49138.0,53170.886
603938,2026-08-05,39.8,0.064456,222772.54,869120.84
603939,2026-08-05,22.62,0.008021,134014.15,301707.156
603948,2026-08-05,20.31,0.024723000000000002,15453.9,31121.344
603949,2026-08-05,13.85,0.014652,29503.0,40733.58
603950,2026-08-05,57.61,0.09296099999999999,103293.96,575681.009
603955,2026-08-05,20.51,0.03169,18111.72,36822.401
603956,2026-08-05,6.92,-0.036212,426359.63,295625.361
603958,2026-08-05,14.35,0.022808000000000002,32794.5,46865.732
603959,2026-08-05,4.31,0.007009,74139.28,32265.637
603960,2026-08-05,16.09,0.010678,55721.79,89724.974
603966,2026-08-05,7.93,0.00507,58327.66,46225.004
603967,2026-08-05,11.51,0.010536,38895.0,44665.087
603968,2026-08-05,9.91,-0.008008,25981.1,25812.578
603969,2026-08-05,7.38,-0.004049,155264.08,115361.319
603970,2026-08-05,10.28,-0.005803,22022.6,22649.031
603976,2026-08-05,26.96,0.038921000000000004,40834.34,109214.478
603977,2026-08-05,11.92,0.028473000000000002,123583.42,145843.663
603978,2026-08-05,19.14,0.009494,89801.31,171943.925
603979,2026-08-05,78.68,0.09995799999999999,110625.18,844755.627
603980,2026-08-05,6.74,-0.0014810000000000001,330317.79,221556.323
603982,2026-08-05,5.89,-0.0016950000000000001,46171.14,27259.85
603983,2026-08-05,28.75,0.015901000000000002,42523.0,122130.888
603985,2026-08-05,16.6,0.022167,142590.99,236043.864
603986,2026-08-05,385.44,0.082636,694690.11,26179493.914
603987,2026-08-05,7.35,-0.002714,38823.0,28503.432
603988,2026-08-05,20.65,0.10016,227640.15,447747.466
603989,2026-08-05,27.24,0.067398,278324.18,749388.987
603990,2026-08-05,19.12,0.064588,332991.32,632863.019
603991,2026-08-05,122.57,0.052555,28629.0,346986.935
603992,2026-08-05,24.58,0.007377,23206.45,57037.369
603993,2026-08-05,20.47,0.066701,3904606.31,7841917.953
603995,2026-08-05,22.47,0.09985300000000001,82256.4,178623.151
603997,2026-08-05,13.16,0.014649,151512.22,200308.56
603998,2026-08-05,9.45,-0.009434,81710.0,77226.335
603999,2026-08-05,5.56,-0.014184,64403.0,35953.816
605001,2026-08-05,5.4,-0.0055249999999999995,51736.0,28029.454
605003,2026-08-05,20.16,0.0,14770.86,29692.386
605005,2026-08-05,15.11,0.005323,13278.0,19971.245
605006,2026-08-05,13.85,0.072812,421667.86,573933.007
605007,2026-08-05,16.1,0.024825,61048.06,96382.311
605008,2026-08-05,11.45,-0.003481,21720.1,25047.485
605009,2026-08-05,24.1,-0.005365,9932.5,23860.706
605011,2026-08-05,17.85,-0.001119,58690.86,104254.419
605016,2026-08-05,21.75,0.01683,36486.42,78958.704
605018,2026-08-05,12.75,0.040816,50391.0,63392.821
605020,2026-08-05,34.58,0.059760999999999995,177631.28,605929.647
605028,2026-08-05,26.18,-0.005697,17268.0,45127.286
605033,2026-08-05,18.21,0.008864,50126.0,90484.331
605050,2026-08-05,10.65,-0.010223,33104.9,35211.673
605055,2026-08-05,9.04,0.029613,44711.0,40022.689
605056,2026-08-05,15.13,0.017485,142173.57,212176.218
605058,2026-08-05,25.41,0.027913,30381.83,76505.215
605060,2026-08-05,40.18,0.066348,56104.58,221732.059
605066,2026-08-05,6.7,-0.011798999999999999,75737.25,50949.88
605068,2026-08-05,21.95,0.022357000000000002,172221.05,377679.32
605069,2026-08-05,10.65,0.012357,79997.7,85061.066
605077,2026-08-05,10.95,-0.00905,43682.79,47933.35
605080,2026-08-05,20.19,-0.001977,15880.4,31952.408
605086,2026-08-05,23.92,0.031479,17816.0,42203.146
605088,2026-08-05,21.6,0.022727,56462.0,121762.914
605089,2026-08-05,20.18,0.003481,13134.9,26248.79
605090,2026-08-05,33.56,0.025986,138929.93,462421.355
605098,2026-08-05,59.0,-0.018303,28576.4,167169.681
605099,2026-08-05,33.04,0.011635,14212.48,46683.723
605100,2026-08-05,30.5,0.018024,38836.88,117930.108
605108,2026-08-05,12.7,-0.0047020000000000005,40037.86,50830.006
605111,2026-08-05,52.29,0.056791,196218.69,1010850.806
605116,2026-08-05,19.84,-0.018793,38288.0,76468.291
605117,2026-08-05,83.76,0.015519,146084.65,1207357.816
605118,2026-08-05,28.98,-0.008553,65515.18,190285.743
605122,2026-08-05,10.84,-0.0009220000000000001,26827.5,29056.311
605123,2026-08-05,83.2,0.020482999999999998,40298.99,333198.84
605128,2026-08-05,23.64,0.016774,40104.22,94927.699
605133,2026-08-05,26.34,0.033752,73212.29,191395.434
605136,2026-08-05,8.25,0.009792,93612.0,77017.773
605138,2026-08-05,5.61,-0.0070799999999999995,42606.0,23932.966
605151,2026-08-05,17.8,0.014823,12761.0,22756.256
605155,2026-08-05,14.2,0.054195,105520.9,151566.087
605158,2026-08-05,6.74,-0.004431,27480.3,18610.148
605162,2026-08-05,8.57,0.002339,203391.1,174317.274
605166,2026-08-05,8.59,0.007034,51677.0,44105.353
605167,2026-08-05,15.87,0.001894,344209.78,531424.19
605168,2026-08-05,39.37,0.047911,73540.78,286889.576
605169,2026-08-05,10.03,-0.008893,25016.66,25066.075
605177,2026-08-05,16.63,0.001807,18258.55,30472.131
605178,2026-08-05,64.24,0.1,20111.0,125694.158
605179,2026-08-05,23.34,0.076072,382797.0,868998.989
605180,2026-08-05,11.73,0.007732,13472.0,15719.452
605183,2026-08-05,14.6,0.002059,12750.0,18564.803
605186,2026-08-05,24.89,0.043606,44977.0,110055.875
605188,2026-08-05,12.81,0.003918,89822.72,114836.611
605189,2026-08-05,16.79,0.052665,302380.0,493676.814
605196,2026-08-05,32.8,0.011097,162551.56,531706.076
605198,2026-08-05,61.41,0.083451,34018.0,203026.574
605199,2026-08-05,5.79,-0.006861000000000001,13404.0,7754.322
605208,2026-08-05,13.05,0.023529,124885.43,161432.323
605218,2026-08-05,13.56,0.010431999999999999,34245.0,46339.066
605222,2026-08-05,19.76,0.022774000000000003,80253.54,157463.434
605228,2026-08-05,11.1,0.054131,126202.58,139309.52
605255,2026-08-05,69.3,0.019118,9510.11,65698.853
605258,2026-08-05,25.97,0.025266,25476.02,65411.656
605259,2026-08-05,18.13,-0.003846,6645.56,12032.615
605266,2026-08-05,16.27,-0.015133,18564.0,30388.665
605268,2026-08-05,9.22,0.0032640000000000004,26543.0,24405.274
605277,2026-08-05,15.33,0.018605,71985.47,109602.843
605286,2026-08-05,23.54,0.008569,20464.0,48103.507
605287,2026-08-05,36.9,-0.023809999999999998,86598.4,321910.46
605288,2026-08-05,58.59,-0.009300000000000001,26966.78,156889.108
605289,2026-08-05,91.8,0.044369,44152.2,399692.989
605296,2026-08-05,29.78,0.028315,27062.51,79836.306
605298,2026-08-05,46.35,0.007828,10626.0,49252.632
605299,2026-08-05,12.4,0.017227,116939.0,144339.282
605300,2026-08-05,9.75,-0.004086,29539.49,28808.946
605303,2026-08-05,21.21,0.006167000000000001,56651.2,120353.039
605305,2026-08-05,39.8,0.0037830000000000003,40643.2,161630.322
605318,2026-08-05,75.92,0.068243,22483.0,167204.333
605319,2026-08-05,24.1,0.031237,27856.4,66532.086
605333,2026-08-05,17.27,-0.007471,22090.0,38276.63
605336,2026-08-05,10.49,0.003828,7469.0,7800.244
605337,2026-08-05,9.51,0.003165,55651.1,52897.102
605338,2026-08-05,19.07,0.000525,16094.0,30571.585
605339,2026-08-05,13.25,-0.011193999999999999,28967.0,38766.02
605358,2026-08-05,41.64,0.08720599999999999,557016.29,2268077.017
605365,2026-08-05,13.74,-0.001453,37488.5,51592.393
605366,2026-08-05,7.7,0.049046000000000006,359476.02,270775.528
605368,2026-08-05,6.73,-0.0073750000000000005,43933.0,29580.557
605369,2026-08-05,16.83,0.035055,19778.9,32838.211
605376,2026-08-05,157.65,0.09998599999999999,145176.73,2234519.315
605377,2026-08-05,9.05,-0.005495,64913.78,59039.222
605378,2026-08-05,14.03,0.009353,21704.56,30343.864
605388,2026-08-05,5.97,0.001678,351726.8,208375.586
605389,2026-08-05,75.0,0.029089,12783.52,94424.82
605398,2026-08-05,21.09,0.0019,18841.0,39822.801
605399,2026-08-05,10.42,0.019569,34059.16,35427.646
605488,2026-08-05,27.97,0.031723,117396.88,325224.725
605499,2026-08-05,122.54,-0.030920999999999997,168355.13,2061828.345
605500,2026-08-05,6.78,0.001477,43497.08,29476.631
605507,2026-08-05,15.9,-0.01548,99431.8,156889.245
605555,2026-08-05,12.0,0.010952,36779.72,44151.202
605566,2026-08-05,24.58,0.031473,38588.0,93986.061
605567,2026-08-05,8.72,-0.009091,36672.0,32110.568
605577,2026-08-05,9.64,-0.011282,29632.0,28745.306
605580,2026-08-05,18.08,0.031963,67876.26,121710.267
605588,2026-08-05,43.99,0.045638,21104.0,91527.046
605589,2026-08-05,38.91,0.074565,544323.22,2054895.779
605598,2026-08-05,27.18,0.011161,34022.0,92484.173
605599,2026-08-05,16.17,0.012523,81762.0,131375.281
688001,2026-08-05,48.14,0.062928,93892.74,440568.979
688002,2026-08-05,151.84,0.072619,118099.15,1759418.98
688003,2026-08-05,75.79,0.07048,62855.23,467656.726
688004,2026-08-05,23.06,0.011847000000000002,29781.45,68470.794
688005,2026-08-05,28.86,0.019788,150480.92,432174.802
688006,2026-08-05,22.37,0.039981,114506.05,252922.989
688007,2026-08-05,10.85,0.021657000000000003,48427.17,52183.43
688008,2026-08-05,212.0,0.04305,579075.18,12169190.898
688009,2026-08-05,5.0,-0.013807,387559.62,194476.815
688010,2026-08-05,26.5,0.049089,50347.69,132088.009
688011,2026-08-05,71.61,0.020376,20881.2,148760.427
688012,2026-08-05,358.0,0.12670700000000001,379939.61,13218245.229
688013,2026-08-05,24.69,-0.004435,10683.05,26518.809
688015,2026-08-05,16.08,0.004372,16102.83,25832.452
688016,2026-08-05,93.15,-0.003317,14898.78,138685.311
688017,2026-08-05,340.54,0.044600999999999995,139902.49,4701419.289
688018,2026-08-05,110.69,0.050388999999999996,87053.62,948150.362
688019,2026-08-05,241.09,0.058990999999999995,90574.78,2154662.743
688020,2026-08-05,118.8,0.076282,49012.42,564164.508
688021,2026-08-05,19.93,0.00555,13414.62,26800.278
688022,2026-08-05,8.05,-0.001241,12753.16,10259.793
688023,2026-08-05,41.2,0.023601999999999998,41853.6,172791.773
688025,2026-08-05,311.17,0.032757999999999995,52715.85,1584476.808
688026,2026-08-05,13.87,0.017608,26272.57,36283.524
688027,2026-08-05,421.8,0.038481,26851.74,1113910.276
688028,2026-08-05,79.0,0.101813,88330.9,673522.062
688029,2026-08-05,71.89,-0.000834,13509.76,97339.604
688030,2026-08-05,17.38,0.022955,44748.45,77616.127
688031,2026-08-05,118.07,0.13224,128426.78,1425999.657
688032,2026-08-05,79.45,-0.003512,9171.55,73056.21
688033,2026-08-05,6.34,0.0063490000000000005,29311.25,18448.524
688035,2026-08-05,60.03,0.065306,56668.98,334042.344
688036,2026-08-05,56.9,-0.016082,217059.27,1245564.386
688037,2026-08-05,298.97,0.084285,78486.45,2287195.759
688038,2026-08-05,17.36,0.012835000000000001,25625.98,44515.579
688039,2026-08-05,36.43,0.026196999999999998,29842.79,108423.275
688041,2026-08-05,288.85,0.049028999999999996,265616.19,7662436.933
688045,2026-08-05,51.53,0.049705000000000006,19107.97,97123.431
688046,2026-08-05,27.26,0.024041999999999997,109720.08,296695.522
688047,2026-08-05,112.2,0.022602999999999998,51671.76,576460.909
688048,2026-08-05,259.0,-0.026938,209211.14,5228712.639
688049,2026-08-05,42.33,0.031181,96540.04,408757.864
688050,2026-08-05,41.04,-0.001703,23181.5,95026.973
688051,2026-08-05,24.46,0.035563,16016.48,38820.343
688052,2026-08-05,202.05,0.056029,34471.53,686989.478
688053,2026-08-05,33.32,0.018026,4918.57,16404.978
688055,2026-08-05,4.09,0.040712,226402.16,91135.18
688056,2026-08-05,42.77,0.139015,26693.65,108515.444
688057,2026-08-05,17.82,0.003378,80714.97,140809.95
688058,2026-08-05,22.85,-0.0008749999999999999,17180.3,39535.781
688059,2026-08-05,88.29,0.177828,98247.53,808797.226
688060,2026-08-05,33.76,-0.012287999999999999,3153.16,10754.618
688061,2026-08-05,35.68,0.033005,11270.25,39949.997
688062,2026-08-05,28.51,0.051254,97044.78,273637.012
688063,2026-08-05,45.49,0.014948999999999999,59173.27,268995.668
688065,2026-08-05,45.08,-0.016579,58819.15,265105.937
688066,2026-08-05,10.4,0.043129,95932.5,99810.181
688067,2026-08-05,21.55,0.004662,9810.54,20913.213
688068,2026-08-05,104.09,0.052157999999999996,39496.5,402697.209
688069,2026-08-05,35.94,0.037229,22067.19,77655.25
688070,2026-08-05,34.49,0.036358,19522.19,67408.685
688071,2026-08-05,37.37,-0.000535,44617.82,167722.872
688072,2026-08-05,677.88,0.12139,112112.99,7264306.441
688073,2026-08-05,51.44,0.015597000000000001,20743.15,106614.988
688075,2026-08-05,28.44,0.004237,7914.86,22324.3
688076,2026-08-05,27.84,0.021650999999999997,17645.91,48658.544
688077,2026-08-05,24.67,0.0383,41669.11,103455.462
688078,2026-08-05,22.73,-0.015165,12867.59,29415.875
688079,2026-08-05,14.92,0.069534,165050.27,241085.828
688080,2026-08-05,35.38,0.005685,13293.33,47086.929
688081,2026-08-05,30.08,0.035813000000000005,22137.96,66209.708
688082,2026-08-05,280.41,0.091089,99830.42,2718710.838
688083,2026-08-05,51.84,0.04812,43348.2,224053.46
688084,2026-08-05,43.92,0.026168,15222.96,66108.287
688085,2026-08-05,13.11,0.0,45771.51,60430.632
688087,2026-08-05,40.11,0.035097,20944.97,83909.704
688088,2026-08-05,35.54,0.024207,107157.01,383514.545
688089,2026-08-05,7.61,0.025606,41023.0,30688.228
688090,2026-08-05,58.15,0.089155,116661.26,660229.493
688091,2026-08-05,39.31,-0.000254,29670.4,116897.375
688092,2026-08-05,22.34,-0.002233,7669.25,16934.35
688093,2026-08-05,27.12,0.01194,24794.03,66982.246
688095,2026-08-05,72.6,0.037439,118426.31,845525.747
688096,2026-08-05,8.49,0.022892000000000003,72902.95,61567.073
688097,2026-08-05,43.3,0.065453,82549.08,351545.261
688098,2026-08-05,8.37,0.0,20573.63,17171.837
688099,2026-08-05,96.92,0.009058,184462.83,1792762.565
688100,2026-08-05,31.14,-0.006699,32764.06,102203.108
688101,2026-08-05,15.59,0.012338,45437.17,70267.208
688102,2026-08-05,33.19,0.05231499999999999,194427.5,635548.158
688103,2026-08-05,69.88,0.068338,41340.6,281304.127
688105,2026-08-05,19.78,0.071506,144064.71,280557.234
688106,2026-08-05,28.45,0.070354,290371.2,813492.243
688107,2026-08-05,31.08,0.044004,87741.98,270704.592
688108,2026-08-05,17.56,0.04213599999999999,130607.75,227840.746
688109,2026-08-05,74.15,0.037498000000000004,9081.12,66737.369
688110,2026-08-05,109.92,0.079976,234788.22,2525754.241
688111,2026-08-05,279.15,0.017124999999999998,186892.21,5229681.808
688112,2026-08-05,50.54,0.057322,24629.68,122883.067
688113,2026-08-05,35.13,0.009483,8243.12,28812.619
688114,2026-08-05,51.85,0.033074,60698.79,315202.77
688115,2026-08-05,54.0,0.039460999999999996,28037.29,149490.572
688116,2026-08-05,34.22,0.010334000000000001,63133.68,215317.929
688117,2026-08-05,24.5,0.029844,62297.03,151672.349
688118,2026-08-05,21.6,0.028571,39074.01,84378.938
688119,2026-08-05,4.0,0.0,87319.11,34989.487
688120,2026-08-05,243.0,0.065276,203469.23,4832122.246
688121,2026-08-05,2.74,-0.01083,57936.39,15861.24
688122,2026-08-05,54.77,0.020876000000000002,152131.69,823745.398
688123,2026-08-05,120.0,0.06666699999999999,106899.08,1255932.364
688125,2026-08-05,115.1,0.111755,20825.77,231485.847
688126,2026-08-05,25.5,0.07052900000000001,1272303.28,3164570.04
688127,2026-08-05,62.56,0.03405,108967.52,674487.853
688128,2026-08-05,22.8,0.007512,18528.73,42053.453
688129,2026-08-05,20.99,0.004306,7981.52,16705.698
688130,2026-08-05,20.2,0.033248,22698.66,45434.682
688131,2026-08-05,80.52,-0.005926,42484.39,345371.084
688132,2026-08-05,13.29,-0.006725999999999999,12048.38,16064.023
688133,2026-08-05,21.89,0.04736799999999999,49053.62,106772.641
688135,2026-08-05,23.31,0.07468899999999999,168987.2,388382.251
688136,2026-08-05,18.72,0.015735,40312.77,75544.74
688137,2026-08-05,39.61,-0.022698999999999997,20485.39,81780.437
688138,2026-08-05,30.57,0.050515,96582.17,293225.443
688139,2026-08-05,28.78,-0.001041,22566.11,65000.33
688141,2026-08-05,128.01,0.113034,221945.04,2768331.549
688143,2026-08-05,102.4,0.135255,161811.88,1539932.651
688146,2026-08-05,286.32,0.131252,249563.06,6874414.254
688147,2026-08-05,96.48,0.100114,195161.27,1877332.551
688148,2026-08-05,7.03,0.02329,135839.12,95141.315
688150,2026-08-05,36.76,0.05239,109142.34,396685.452
688151,2026-08-05,16.18,-0.006142999999999999,50048.68,80735.427
688152,2026-08-05,28.6,0.019608,15921.75,45592.744
688153,2026-08-05,26.05,0.019171,44497.31,116074.668
688155,2026-08-05,61.31,0.033024,27184.87,165164.804
688156,2026-08-05,20.12,0.015649,21734.44,43636.797
688157,2026-08-05,18.75,0.0005340000000000001,26342.31,49388.797
688158,2026-08-05,35.35,0.004261,406672.1,1430984.225
688159,2026-08-05,33.2,0.017469,40691.65,134467.782
688160,2026-08-05,116.26,0.03168,29465.13,335296.864
688161,2026-08-05,21.8,0.0,9503.76,20679.668
688162,2026-08-05,22.89,0.015528,11892.72,27184.772
688163,2026-08-05,30.62,0.043982,10371.45,31318.389
688165,2026-08-05,17.5,0.023991,90134.96,157576.177
688166,2026-08-05,35.7,0.020291999999999998,169850.64,601423.371
688167,2026-08-05,208.35,0.031487,130210.31,2593088.078
688168,2026-08-05,35.47,0.071278,61443.01,213647.805
688169,2026-08-05,108.23,-0.008338,55673.84,601878.671
688170,2026-08-05,50.58,0.130785,80698.18,393189.277
688171,2026-08-05,27.69,0.028986,19130.55,52898.395
688172,2026-08-05,52.8,0.061947,198965.46,1045095.973
688173,2026-08-05,13.37,0.042089,109077.35,145303.555
688175,2026-08-05,17.9,0.039489,38411.53,68639.314
688176,2026-08-05,12.4,0.068045,188302.0,229030.711
688177,2026-08-05,17.9,0.0073160000000000005,24418.71,43806.515
688178,2026-08-05,26.92,0.059843,19649.84,52388.748
688179,2026-08-05,19.29,0.054098,119374.06,228032.254
688180,2026-08-05,37.6,0.025082,148709.08,559522.014
688181,2026-08-05,37.75,0.06759,69622.96,258226.087
688182,2026-08-05,25.07,0.054691000000000004,55584.03,137314.277
688183,2026-08-05,107.53,0.046113,183718.1,1947791.696
688184,2026-08-05,11.39,-0.008702999999999999,8415.94,9601.854
688185,2026-08-05,51.24,-0.002531,14733.48,75803.501
688186,2026-08-05,14.91,0.008796,60942.11,90334.51
688187,2026-08-05,50.15,0.00501,74751.02,373476.6
688188,2026-08-05,107.6,0.020002,33739.74,361181.874
688189,2026-08-05,6.46,-0.01374,85709.54,55382.16
688190,2026-08-05,73.0,0.01728,14154.06,103131.258
688191,2026-08-05,20.06,0.10098800000000001,113882.0,221617.525
688192,2026-08-05,53.03,0.055113,129219.08,676673.815
688193,2026-08-05,48.8,0.00041,3757.79,18339.757
688195,2026-08-05,125.0,0.056636,96150.23,1156883.379
688196,2026-08-05,34.1,-0.016156999999999998,19147.78,65489.751
688197,2026-08-05,33.08,0.029247000000000002,19886.91,65165.984
688198,2026-08-05,80.62,-0.021483,10526.1,85429.603
688199,2026-08-05,22.21,0.041745000000000004,50662.14,111420.252
688200,2026-08-05,375.42,0.08823700000000001,76676.82,2828899.054
688201,2026-08-05,7.18,0.005602,34391.4,24626.137
688202,2026-08-05,79.16,0.014742,66498.69,524749.348
688203,2026-08-05,10.03,0.000998,26486.06,26461.087
688205,2026-08-05,128.59,0.019341999999999998,116949.79,1460667.343
688206,2026-08-05,34.2,0.050691,79184.53,268822.96
688207,2026-08-05,18.95,0.06881,156786.62,295519.078
688208,2026-08-05,29.08,0.002068,113261.73,329778.009
688209,2026-08-05,21.7,0.037285,104710.65,226367.658
688210,2026-08-05,27.0,0.046512000000000005,38529.36,103473.479
688211,2026-08-05,29.82,0.009821,5871.73,17505.931
688212,2026-08-05,26.85,-0.020072999999999997,23503.27,63686.804
688213,2026-08-05,90.5,0.006562,99959.12,902516.852
688215,2026-08-05,38.14,0.10679,21436.97,78983.702
688216,2026-08-05,28.8,0.061163999999999996,55166.92,156082.208
688217,2026-08-05,22.47,-0.011873,13740.9,30592.781
688218,2026-08-05,37.69,0.09500299999999999,44863.59,165372.637
688219,2026-08-05,10.74,0.0009320000000000001,49948.48,53745.181
688220,2026-08-05,96.85,0.044768,90446.15,871840.967
688221,2026-08-05,18.81,0.042105,139841.76,260582.846
688222,2026-08-05,30.85,0.01748,170833.6,520990.998
688223,2026-08-05,4.57,0.004396,857870.97,388811.731
688225,2026-08-05,13.08,0.031546,73182.7,95637.897
688226,2026-08-05,29.37,0.030526,50529.42,147061.62
688227,2026-08-05,79.5,0.062976,55603.37,433181.171
688228,2026-08-05,74.11,0.041163,36718.33,270516.381
688229,2026-08-05,70.97,0.023655,12907.03,92004.401
688230,2026-08-05,53.3,0.046124,18814.65,99132.054
688231,2026-08-05,27.93,0.06117,55247.07,153813.399
688232,2026-08-05,19.68,0.004082,42545.4,84726.26
688233,2026-08-05,105.25,0.155958,159562.97,1589111.948
688234,2026-08-05,93.52,0.081781,142103.87,1291134.478
688235,2026-08-05,280.6,0.071156,63094.88,1709654.266
688236,2026-08-05,14.73,-0.009415,18513.56,27307.096
688237,2026-08-05,57.14,0.098424,49484.11,276095.438
688238,2026-08-05,6.04,0.036021,217348.93,131089.994
688239,2026-08-05,44.62,0.034307,43896.14,194549.72
688244,2026-08-05,15.65,0.002562,27137.59,42710.941
688246,2026-08-05,19.46,0.018848,29244.4,57082.35
688247,2026-08-05,8.51,-0.010465,69800.87,59342.273
688248,2026-08-05,48.76,0.031739,60960.17,293006.145
688249,2026-08-05,39.2,0.070453,371604.6,1438952.1
688251,2026-08-05,21.21,0.019712,36285.23,78132.571
688252,2026-08-05,17.93,0.020489,60504.05,108221.541
688253,2026-08-05,60.36,0.07728,28218.15,168291.684
688255,2026-08-05,25.61,0.014659,34389.95,87960.558
688256,2026-08-05,1136.9,0.054432999999999995,181931.48,20557102.477
688257,2026-08-05,56.47,0.09863799999999999,241771.01,1317749.659
688258,2026-08-05,115.01,0.14666,70390.08,784842.824
688259,2026-08-05,30.12,0.015851999999999998,16418.1,49486.989
688260,2026-08-05,106.63,0.0663,111098.96,1178313.206
688261,2026-08-05,70.98,0.046748000000000005,66497.36,471562.779
688262,2026-08-05,26.89,0.066217,147175.8,390315.226
688265,2026-08-05,35.95,0.007567000000000001,11107.78,40110.916
688266,2026-08-05,110.35,0.028521,82766.36,897894.136
688267,2026-08-05,19.38,0.031400000000000004,34844.32,66992.718
688268,2026-08-05,139.0,0.083398,95611.61,1298836.762
688269,2026-08-05,31.06,0.021039,18012.31,55673.981
688270,2026-08-05,65.65,0.041567999999999994,95450.72,627996.996
688271,2026-08-05,112.93,-0.013022,63902.98,723984.155
688272,2026-08-05,27.95,0.016364,13141.35,36928.637
688273,2026-08-05,31.02,0.024439000000000002,9684.55,29954.621
688275,2026-08-05,80.1,0.054085999999999995,38513.28,303827.787
688276,2026-08-05,15.06,-0.007905,17276.77,26068.441
688277,2026-08-05,17.84,0.047563,104483.27,182808.489
688278,2026-08-05,57.6,0.0006950000000000001,23351.47,133745.471
688279,2026-08-05,166.35,0.066346,23677.57,385332.139
688280,2026-08-05,5.93,-0.008361,235052.21,139452.185
688281,2026-08-05,48.37,-0.00062,34285.0,166821.19
688282,2026-08-05,53.8,0.015478,7172.42,38720.477
688283,2026-08-05,27.43,0.028881999999999998,15154.3,41342.544
688285,2026-08-05,7.31,-0.0027289999999999997,23324.67,17057.519
688286,2026-08-05,43.03,0.053624,45779.77,194571.402
688288,2026-08-05,18.29,0.022931,23462.97,42994.884
688289,2026-08-05,15.37,-0.007747,45518.01,70099.379
688290,2026-08-05,61.4,0.024358,6710.4,40854.506
688291,2026-08-05,41.38,0.038133,23168.81,94592.948
688292,2026-08-05,17.69,0.025507,42943.99,76431.868
688293,2026-08-05,54.6,-0.004195,39522.56,217988.528
688295,2026-08-05,41.79,0.046844000000000004,95530.49,396904.461
688296,2026-08-05,16.11,0.028736,42278.95,67386.38
688297,2026-08-05,41.23,0.000243,67912.56,280909.95
688298,2026-08-05,19.02,-0.001575,12583.19,23944.659
688299,2026-08-05,12.87,0.011792,64995.17,83612.143
688300,2026-08-05,125.05,0.124753,136272.99,1639727.777
688301,2026-08-05,90.08,0.038745,74351.85,661450.295
688302,2026-08-05,34.25,0.033183,13907.24,47173.453
688303,2026-08-05,19.14,-0.0062309999999999996,126581.8,242268.554
688305,2026-08-05,56.38,0.011663,29006.1,164092.545
688306,2026-08-05,9.41,-0.001062,81186.09,76882.166
688307,2026-08-05,43.7,0.067677,58725.65,249652.34
688308,2026-08-05,95.3,0.09577999999999999,141908.21,1304058.716
688309,2026-08-05,66.43,0.00484,21322.7,143124.406
688310,2026-08-05,13.77,0.0,25257.67,34903.566
688311,2026-08-05,23.55,0.016401,49748.74,117764.71
688312,2026-08-05,46.37,0.07338,73929.28,335337.727
688313,2026-08-05,114.61,0.008004,392404.83,4405637.295
688314,2026-08-05,33.54,0.006905,12599.63,41634.766
688315,2026-08-05,13.35,0.006787,37067.86,49776.744
688316,2026-08-05,57.19,0.028967,96478.46,536596.031
688317,2026-08-05,16.71,-0.002388,20673.96,34384.105
688318,2026-08-05,81.46,0.06720799999999999,116492.76,941601.295
688319,2026-08-05,24.5,0.052405,87775.83,213080.685
688320,2026-08-05,31.12,0.049578,47730.24,147912.893
688321,2026-08-05,27.35,0.017485,92514.68,253163.43
688322,2026-08-05,109.02,0.026747,163992.89,1775901.678
688323,2026-08-05,26.13,0.066531,183449.59,468032.064
688325,2026-08-05,106.84,0.045810000000000003,10415.91,110433.854
688326,2026-08-05,71.4,0.028818,27995.87,201458.071
688327,2026-08-05,11.49,0.007895,244192.08,281578.017
688328,2026-08-05,70.48,0.070311,99273.78,695131.468
688329,2026-08-05,18.82,0.009115,14786.64,27808.118
688330,2026-08-05,33.91,0.0035510000000000003,11436.63,38631.773
688331,2026-08-05,117.8,0.057925000000000004,65019.51,755753.385
688332,2026-08-05,85.5,0.050755999999999996,61359.03,515451.863
688333,2026-08-05,96.2,0.09955399999999999,154456.62,1440624.971
688334,2026-08-05,18.51,0.001082,14586.82,26997.636
688335,2026-08-05,19.81,0.003546,23072.41,45797.688
688336,2026-08-05,42.95,0.031956000000000005,89454.9,379147.919
688337,2026-08-05,43.01,0.063551,61695.85,262289.889
688338,2026-08-05,26.8,0.008656,10292.23,27668.007
688339,2026-08-05,17.7,0.010851,23607.36,41711.691
688343,2026-08-05,60.25,0.06261,142835.99,851850.587
688345,2026-08-05,52.79,0.086661,22284.2,115032.828
688347,2026-08-05,252.5,0.065626,296371.26,7443445.717
688348,2026-08-05,32.6,0.0,15653.87,51038.198
688349,2026-08-05,15.16,-0.006553,82174.52,124679.516
688350,2026-08-05,29.55,0.026042,28555.01,83609.88
688351,2026-08-05,20.35,0.001476,25133.57,51194.639
688352,2026-08-05,15.28,0.036635,272920.84,414206.169
688353,2026-08-05,95.3,0.06326,73195.01,682039.724
688355,2026-08-05,17.26,0.033533,19698.39,33862.575
688356,2026-08-05,68.16,0.031321,13727.83,93798.118
688357,2026-08-05,27.35,0.015219,8488.14,23145.243
688358,2026-08-05,28.78,-0.009294,10767.08,31274.89
688359,2026-08-05,93.53,0.093918,65006.24,591280.013
688360,2026-08-05,15.58,0.02097,46351.13,71939.987
688361,2026-08-05,341.6,0.074281,131967.31,4405602.136
688362,2026-08-05,60.77,0.09337899999999999,395989.34,2336624.579
688363,2026-08-05,39.08,0.0007679999999999999,42263.63,163969.698
688365,2026-08-05,16.01,0.009458,168224.6,269809.598
688366,2026-08-05,31.71,-0.007512,8813.04,27827.949
688367,2026-08-05,30.15,0.015493,15412.96,45965.719
688368,2026-08-05,113.83,0.060857,43401.95,487059.395
688369,2026-08-05,23.74,0.11770200000000001,120746.19,279139.738
688370,2026-08-05,21.96,-0.00363,4083.42,8998.722
688371,2026-08-05,25.96,0.11944800000000001,116123.33,290978.576
688372,2026-08-05,120.68,0.078656,114325.53,1354884.665
688373,2026-08-05,4.8,0.004184,134413.26,64840.839
688375,2026-08-05,79.28,0.01628,40561.91,321483.32
688376,2026-08-05,66.9,0.080077,37264.09,243228.809
688377,2026-08-05,20.54,0.010329999999999999,28155.48,57612.81
688378,2026-08-05,38.98,0.054939,77434.67,298038.354
688379,2026-08-05,48.09,0.06370300000000001,35056.86,166117.577
688380,2026-08-05,38.84,0.059176,149243.87,573844.876
688381,2026-08-05,29.77,0.073954,112250.08,327310.892
688382,2026-08-05,19.21,0.027822,185597.95,353447.825
688383,2026-08-05,103.86,0.064903,27208.69,279129.529
688385,2026-08-05,52.99,0.044344,191845.04,1011386.083
688386,2026-08-05,53.3,0.045098,23228.52,122498.949
688387,2026-08-05,13.65,0.041985,564413.23,765896.036
688388,2026-08-05,26.25,0.056338,392587.68,1014554.1
688389,2026-08-05,10.97,0.00366,20728.45,22597.529
688390,2026-08-05,66.76,0.027868,71452.27,473013.552
688391,2026-08-05,25.45,0.010723,19253.24,48890.34
688392,2026-08-05,134.45,0.082528,48099.63,636813.602
688393,2026-08-05,18.81,-0.004762,16606.18,31460.681
688395,2026-08-05,21.82,-0.004108,14512.36,31616.326
688396,2026-08-05,58.15,0.073869,328373.33,1867141.508
688398,2026-08-05,20.65,0.012255,10998.68,22668.317
688399,2026-08-05,27.5,0.01476,13596.4,37005.796
688400,2026-08-05,46.84,0.036742,150161.76,691672.796
688401,2026-08-05,67.88,0.033968,72932.58,490777.732
688403,2026-08-05,21.7,0.085,754110.07,1609837.436
688408,2026-08-05,27.55,0.003277,43873.31,120641.943
688409,2026-08-05,173.64,0.122721,140605.25,2349868.667
688410,2026-08-05,11.2,0.012658,74659.07,83588.52
688411,2026-08-05,212.3,0.008264,21322.6,454126.384
688416,2026-08-05,69.8,0.107761,76681.54,522577.534
688418,2026-08-05,36.48,0.029636,50245.84,181235.696
688419,2026-08-05,40.52,0.119956,50397.43,197257.002
688420,2026-08-05,21.49,-0.0050929999999999994,4679.75,10086.312
688425,2026-08-05,4.3,-0.00232,204988.06,88084.262
688426,2026-08-05,18.08,0.013453,13410.52,24124.531
688428,2026-08-05,26.83,0.057965,105478.39,281921.544
688429,2026-08-05,10.2,-0.000979,16105.19,16295.041
688432,2026-08-05,32.97,0.17623999999999998,839485.94,2642902.403
688433,2026-08-05,79.3,0.086301,51428.15,399814.393
688435,2026-08-05,31.64,0.012804,25766.17,81932.236
688439,2026-08-05,40.5,0.011741,17307.72,69881.278
688443,2026-08-05,23.42,0.011663,33793.57,79706.034
688448,2026-08-05,49.29,0.041191000000000005,24970.82,123114.339
688449,2026-08-05,57.43,0.081544,112550.14,627519.704
688450,2026-08-05,31.72,0.030205000000000003,25210.53,78921.195
688455,2026-08-05,14.6,0.028894000000000003,26042.58,37956.554
688456,2026-08-05,78.54,0.12280200000000001,103504.97,793349.055
688458,2026-08-05,32.64,0.036520000000000004,21388.93,69385.397
688459,2026-08-05,8.15,-0.003667,14639.15,11948.449
688466,2026-08-05,13.29,-0.019188,10781.11,14473.713
688468,2026-08-05,6.15,-0.001623,25724.19,15803.134
688469,2026-08-05,8.27,0.040251999999999996,1695629.56,1380643.975
688472,2026-08-05,10.47,-0.003806,392308.91,410882.245
688475,2026-08-05,31.28,0.005141,69359.86,216732.789
688478,2026-08-05,44.82,0.08523,68847.18,303409.39
688479,2026-08-05,30.63,-0.005195999999999999,28771.04,89897.905
688480,2026-08-05,78.75,0.047904,14871.57,115315.415
688484,2026-08-05,36.2,0.037249,102092.52,367410.961
688485,2026-08-05,54.0,0.040663,54761.04,291036.19
688486,2026-08-05,45.48,0.017905,47851.7,216794.881
688488,2026-08-05,15.48,0.107296,189694.12,290433.605
688489,2026-08-05,23.46,0.023559999999999998,16568.81,39343.087
688496,2026-08-05,0.89,-0.032609,95935.36,8538.31
688498,2026-08-05,1298.0,-0.012928,85862.89,10822281.088
688499,2026-08-05,36.55,0.031030000000000002,39135.64,141517.228
688500,2026-08-05,35.89,0.052493,25597.9,91202.228
688501,2026-08-05,18.85,0.026688,26194.49,48919.561
688502,2026-08-05,372.99,0.142459,24510.0,876965.755
688503,2026-08-05,65.89,0.069643,124645.57,808085.352
688505,2026-08-05,7.5,0.0,54425.55,41091.577
688506,2026-08-05,289.91,0.010668,18307.64,527001.595
688507,2026-08-05,174.53,0.131182,114748.96,1936000.751
688508,2026-08-05,73.78,0.085798,86504.64,634860.393
688509,2026-08-05,4.17,-0.004773,57384.59,24052.51
688510,2026-08-05,21.46,-0.006941,75109.69,162855.798
688511,2026-08-05,21.84,0.04,20253.18,43889.639
688512,2026-08-05,12.6,-0.000793,157581.74,200224.821
688513,2026-08-05,45.54,0.027759,29730.01,135185.135
688515,2026-08-05,149.79,0.105135,50323.7,738158.065
688516,2026-08-05,40.97,0.025532,78670.23,319777.789
688517,2026-08-05,15.69,0.014221,32893.1,51437.461
688518,2026-08-05,19.8,0.035565,153339.93,300843.788
688519,2026-08-05,252.16,0.068248,84907.05,2100224.704
688520,2026-08-05,36.22,0.031909,35275.68,127491.02
688521,2026-08-05,215.16,0.038969000000000004,230529.5,4896945.974
688522,2026-08-05,19.81,0.008142,35003.06,69349.302
688523,2026-08-05,45.33,0.021636000000000002,57862.2,264386.368
688525,2026-08-05,233.07,0.071438,420434.27,9624123.333
688526,2026-08-05,12.89,-0.000775,13433.91,17267.589
688528,2026-08-05,9.22,-0.007534999999999999,18003.09,16763.835
688529,2026-08-05,15.43,0.007838000000000001,28748.36,44915.694
688530,2026-08-05,51.25,0.149619,171362.09,837057.592
688531,2026-08-05,127.68,0.061523,64206.71,800536.677
688533,2026-08-05,21.81,0.005533,9904.88,21515.335
688535,2026-08-05,95.85,0.08574999999999999,107875.26,1009184.667
688536,2026-08-05,238.66,0.023413,46631.19,1095376.042
688538,2026-08-05,2.43,-0.004098,670978.41,163028.626
688539,2026-08-05,26.2,0.040922,26755.06,68836.489
688543,2026-08-05,38.49,-0.005425999999999999,65144.32,251351.737
688545,2026-08-05,75.98,0.146695,183576.9,1342642.866
688548,2026-08-05,34.75,0.073857,311918.48,1069078.742
688549,2026-08-05,23.21,0.200103,1021773.14,2199955.314
688550,2026-08-05,39.23,0.085801,63022.01,239838.481
688551,2026-08-05,38.1,0.087019,44309.33,165745.483
688552,2026-08-05,26.74,0.023736999999999998,29269.83,77949.681
688553,2026-08-05,11.03,0.01659,84970.02,93601.588
688556,2026-08-05,8.65,0.024882,218495.93,188340.664
688557,2026-08-05,19.88,0.036496,17400.09,34080.478
688558,2026-08-05,30.04,0.021421000000000003,16103.48,48190.252
688559,2026-08-05,47.2,0.039647999999999996,118473.19,552727.875
688560,2026-08-05,11.8,0.012007,38650.07,45632.022
688561,2026-08-05,27.17,0.004436,105148.97,287223.571
688562,2026-08-05,14.47,0.003467,36186.06,52488.115
688563,2026-08-05,52.78,-0.0039629999999999995,20099.26,106004.878
688565,2026-08-05,10.32,-0.014327000000000001,23553.0,24468.927
688566,2026-08-05,24.87,0.013861000000000002,15574.08,38445.997
688567,2026-08-05,10.32,0.003891,100866.8,104522.322
688568,2026-08-05,37.02,0.017872,172678.03,640832.604
688569,2026-08-05,16.78,0.006599000000000001,9878.24,16551.326
688570,2026-08-05,14.81,-0.006706999999999999,7697.27,11455.907
688571,2026-08-05,8.71,0.012790999999999999,129024.45,110581.899
688573,2026-08-05,15.92,0.005051,25141.21,40141.686
688575,2026-08-05,9.26,-0.008565,78206.19,72424.767
688576,2026-08-05,39.35,0.001782,4668.94,18360.579
688577,2026-08-05,41.76,0.047667,14030.4,57985.782
688578,2026-08-05,111.12,0.023016000000000002,79349.34,876917.163
688579,2026-08-05,8.08,-0.0012360000000000001,47751.36,38913.252
688580,2026-08-05,49.14,0.006967,14125.4,69290.178
688581,2026-08-05,53.7,0.004301,6627.26,35462.771
688582,2026-08-05,41.25,0.024081,61146.41,250457.907
688583,2026-08-05,79.26,0.034726,21063.46,166818.114
688584,2026-08-05,27.04,0.064986,230114.51,619215.638
688585,2026-08-05,159.79,0.015636,55060.86,876868.412
688586,2026-08-05,10.84,0.005566,57149.94,62079.157
688588,2026-08-05,9.92,0.017436,48593.74,48271.082
688589,2026-08-05,18.16,0.018508,45274.47,81582.708
688590,2026-08-05,13.69,0.034769,97651.81,132991.849
688591,2026-08-05,28.6,0.029518,43267.0,123009.831
688592,2026-08-05,24.01,0.005444,10788.06,25715.33
688593,2026-08-05,31.63,0.052929000000000004,189610.42,598839.191
688595,2026-08-05,28.47,0.034895999999999996,45343.47,127825.691
688596,2026-08-05,57.42,0.2,445523.78,2466440.397
688597,2026-08-05,6.64,0.015290999999999999,37924.08,25045.358
688598,2026-08-05,27.91,0.065267,119668.8,328160.974
688599,2026-08-05,14.3,0.0007000000000000001,292780.76,418233.238
688600,2026-08-05,27.44,0.19982500000000003,64459.65,166824.851
688601,2026-08-05,39.17,0.022182,43695.2,169764.52
688602,2026-08-05,6.63,0.007599,48925.4,32301.235
688603,2026-08-05,98.78,0.078384,62921.75,604987.229
688605,2026-08-05,72.33,0.07633899999999999,82280.64,578306.052
688606,2026-08-05,44.75,-0.00732,4258.26,19062.798
688607,2026-08-05,41.91,0.148534,45909.52,185408.304
688608,2026-08-05,116.17,0.00991,68062.8,787831.681
688609,2026-08-05,9.4,0.006424,232541.74,217438.827
688610,2026-08-05,143.43,0.134641,24859.46,346642.854
688611,2026-08-05,61.37,0.0032700000000000003,16956.39,104390.571
688612,2026-08-05,30.97,0.030272999999999998,35765.1,110219.525
688613,2026-08-05,15.01,0.016249,30809.47,46067.363
688615,2026-08-05,122.8,0.056072,104211.0,1269559.158
688616,2026-08-05,10.43,-0.006666999999999999,18703.46,19514.824
688617,2026-08-05,214.97,-0.004815,15206.23,325645.554
688618,2026-08-05,28.33,0.050037000000000005,26430.37,73922.525
688619,2026-08-05,13.72,0.03003,43873.34,59589.322
688620,2026-08-05,14.35,0.066914,245685.69,350349.098
688621,2026-08-05,60.88,-0.000985,17232.01,105221.845
688622,2026-08-05,108.2,-0.060111,6872.7,75605.364
688623,2026-08-05,59.67,0.0018470000000000001,4660.4,27816.517
688625,2026-08-05,53.8,0.054075,49118.71,260155.439
688626,2026-08-05,44.68,0.018928,23619.43,105171.411
688627,2026-08-05,429.7,0.066253,63664.04,2706997.376
688628,2026-08-05,64.63,0.042419000000000005,65437.77,420105.523
688629,2026-08-05,143.44,0.033802,195919.81,2807960.083
688630,2026-08-05,361.0,0.061765,80385.88,2839060.626
688631,2026-08-05,43.05,0.010326,13255.0,57104.184
688633,2026-08-05,23.6,0.022974,31906.37,74772.797
688635,2026-08-05,254.7,0.070168,30442.55,739842.156
688636,2026-08-05,19.0,0.022605,115057.78,217226.888
688638,2026-08-05,31.66,-0.0134,6921.6,22138.77
688639,2026-08-05,17.2,0.011765000000000001,45260.62,77479.292
688646,2026-08-05,69.32,0.019412,13322.79,92545.171
688648,2026-08-05,31.62,0.011516,16464.03,52166.844
688651,2026-08-05,22.74,0.003974,16153.54,36882.087
688652,2026-08-05,139.5,0.086026,91025.85,1231321.624
688653,2026-08-05,12.46,0.073213,215307.36,263985.54
688655,2026-08-05,33.16,0.050364000000000006,88969.25,286680.141
688656,2026-08-05,87.03,0.018729,3448.56,29806.317
688657,2026-08-05,32.13,0.041829,37726.18,121250.749
688658,2026-08-05,12.57,0.001594,133956.31,169003.425
688659,2026-08-05,9.44,0.009626000000000001,21324.99,20155.852
688660,2026-08-05,9.17,0.033822,278849.27,253522.878
688661,2026-08-05,96.92,0.033372,70550.03,677151.97
688662,2026-08-05,78.65,0.12373200000000001,155686.0,1153753.619
688663,2026-08-05,52.75,-0.001136,50293.86,267065.798
688665,2026-08-05,45.47,0.009547,4680.5,21292.302
688667,2026-08-05,88.5,0.035815,6298.45,55106.681
688668,2026-08-05,227.28,0.038757,74504.44,1670217.641
688669,2026-08-05,59.53,0.041097999999999996,59336.85,344929.507
688670,2026-08-05,14.79,-0.006716,15513.93,23107.351
688671,2026-08-05,23.71,0.008936,21793.31,50894.551
688676,2026-08-05,69.68,0.031838000000000005,113092.49,777796.592
688677,2026-08-05,71.95,0.035400999999999995,70355.56,493067.218
688678,2026-08-05,17.16,0.057953000000000005,195544.99,333457.784
688679,2026-08-05,38.0,-0.002363,28981.71,110059.947
688680,2026-08-05,35.56,0.000844,9244.15,32989.058
688681,2026-08-05,16.06,-0.00803,21949.36,35240.65
688682,2026-08-05,31.04,0.020717,14458.12,44744.554
688683,2026-08-05,29.28,0.045714,21050.88,60602.334
688685,2026-08-05,44.6,-0.011086,54940.14,241170.336
688686,2026-08-05,114.08,0.063584,16392.07,185067.886
688687,2026-08-05,16.6,0.004235,27166.24,44901.544
688689,2026-08-05,37.13,0.076544,103163.22,374311.1
688690,2026-08-05,37.58,0.02342,104488.41,392946.56
688691,2026-08-05,64.6,0.054694,67628.36,429874.101
688692,2026-08-05,244.0,0.017048,22351.31,548591.802
688693,2026-08-05,64.85,0.06486,25938.1,166360.112
688695,2026-08-05,19.2,-0.011329,16878.56,32996.493
688696,2026-08-05,67.08,0.011155,12328.32,82805.311
688697,2026-08-05,14.27,0.03933,123039.54,175426.565
688698,2026-08-05,49.61,0.017849999999999998,48783.87,241725.089
688699,2026-08-05,55.4,0.08969300000000001,62096.46,335042.845
688700,2026-08-05,56.25,0.07841300000000001,128088.72,704943.071
688701,2026-08-05,7.74,0.032,48434.7,37581.069
688702,2026-08-05,350.44,0.036805,115998.3,4124675.222
688707,2026-08-05,10.76,0.010329,68270.0,73286.947
688708,2026-08-05,47.1,0.0008500000000000001,12937.92,61031.55
688709,2026-08-05,26.4,0.038961,74071.02,193322.748
688710,2026-08-05,77.4,0.041722999999999996,22549.76,172274.719
688711,2026-08-05,24.3,0.052404,93875.55,225488.322
688712,2026-08-05,35.23,0.06434999999999999,94054.56,312465.794
688716,2026-08-05,29.1,0.049783999999999995,31650.7,90926.44
688717,2026-08-05,59.03,0.023228,53770.69,314545.785
688718,2026-08-05,13.18,0.028081000000000002,23189.97,30526.582
688719,2026-08-05,46.84,0.040658,32487.42,151415.907
688720,2026-08-05,60.15,0.107735,83986.29,485246.751
688721,2026-08-05,38.12,0.059772,48800.4,182164.622
688722,2026-08-05,14.43,0.014055,36683.61,52762.878
688726,2026-08-05,44.46,0.041218000000000005,99508.72,436858.425
688727,2026-08-05,42.57,0.072292,62361.08,260286.191
688728,2026-08-05,15.65,0.046123000000000004,455994.43,705074.64
688729,2026-08-05,25.18,0.095259,569658.54,1399329.282
688733,2026-08-05,27.68,0.03826,61494.79,168936.192
688737,2026-08-05,18.48,0.027809,14160.82,25954.716
688739,2026-08-05,20.07,-0.009378,17571.74,35352.775
688750,2026-08-05,14.87,0.02059,52986.28,78475.545
688755,2026-08-05,24.72,-0.008026,10252.28,25318.143
688757,2026-08-05,31.28,0.069036,92339.81,284307.051
688758,2026-08-05,26.16,-0.008715,86836.99,228969.183
688759,2026-08-05,22.98,0.035135,59149.69,134394.178
688765,2026-08-05,35.15,0.017955000000000002,38967.8,136344.832
688766,2026-08-05,373.88,0.11353300000000001,188413.16,6859333.233
688767,2026-08-05,38.33,0.004192,19035.6,72646.923
688768,2026-08-05,45.87,-0.010569,8069.97,37099.58
688772,2026-08-05,14.84,0.006784,192539.17,285422.136
688775,2026-08-05,137.35,0.01313,59862.19,812381.957
688776,2026-08-05,50.85,0.010934,23920.32,121142.46
688777,2026-08-05,106.59,0.066967,264164.52,2800326.372
688778,2026-08-05,47.85,0.027265,70433.19,334129.291
688779,2026-08-05,7.88,0.007673,263071.18,207991.884
688781,2026-08-05,38.61,0.025498,22525.78,86552.904
688783,2026-08-05,29.14,0.11818899999999999,441127.36,1234574.027
688785,2026-08-05,254.0,0.073088,9604.62,239452.106
688786,2026-08-05,26.95,0.06775,63168.37,167521.852
688787,2026-08-05,109.67,0.0318,37758.59,410448.532
688788,2026-08-05,31.17,0.055537,52203.1,161214.424
688789,2026-08-05,47.5,0.005717,10305.47,48951.605
688790,2026-08-05,95.65,0.007903,4847.14,46426.435
688793,2026-08-05,17.4,-0.006848999999999999,17152.53,29873.83
688795,2026-08-05,593.13,0.028614999999999998,17392.59,1025528.532
688796,2026-08-05,116.22,-0.005647,26283.4,301567.959
688797,2026-08-05,323.59,0.075086,54734.07,1738474.533
688798,2026-08-05,56.49,0.017287999999999998,31129.65,174622.373
688799,2026-08-05,43.99,-0.0060999999999999995,29158.3,128882.764
688800,2026-08-05,53.18,0.067871,145229.39,749546.178
688802,2026-08-05,726.03,0.043087,14543.58,1050589.578
688805,2026-08-05,41.47,0.021429,13697.6,56827.375
688806,2026-08-05,26.7,0.030888,112800.32,294322.973
688807,2026-08-05,243.99,0.038255,19436.73,460425.816
688808,2026-08-05,2079.0,0.06681,23585.34,4603571.428
688809,2026-08-05,473.0,0.068058,21853.57,1001149.759
688811,2026-08-05,22.9,0.055785999999999995,104864.75,235893.264
688813,2026-08-05,108.95,0.081712,48106.07,507837.466
688816,2026-08-05,51.22,0.014458,4811.9,24607.533
688818,2026-08-05,49.4,0.029596,109643.07,537407.843
688819,2026-08-05,22.63,-0.003961,27667.32,62758.998
688820,2026-08-05,132.22,0.046624,193221.05,2538246.477
688825,2026-08-05,54.3,-0.012726999999999999,5745330.44,31379390.275
688981,2026-08-05,125.45,0.035921,663328.57,8305612.134
689009,2026-08-05,42.26,-0.009376,99757.48,423441.447
920000,2026-08-05,14.46,0.004864,32951.51,48545.29455
920001,2026-08-05,12.01,0.028253,17627.25,21009.60254
920002,2026-08-05,57.46,0.038309,22066.95,124048.39462
920003,2026-08-05,16.81,0.006586999999999999,2649.22,4440.32867
920005,2026-08-05,25.38,0.022151,3766.64,9519.15042
920006,2026-08-05,17.21,0.056476,26479.99,44823.97456
920007,2026-08-05,37.74,0.051839,4636.2,17175.60972
920008,2026-08-05,20.19,0.011523,15703.16,31749.32312
920009,2026-08-05,36.09,0.0058530000000000006,2682.01,9661.9934
920010,2026-08-05,8.66,0.001156,79721.41,68155.38428
920011,2026-08-05,19.74,0.02759,10695.72,20800.02182
920012,2026-08-05,47.69,0.044459,13404.46,63110.26089
920014,2026-08-05,8.91,-0.0022400000000000002,21320.58,19000.44301
920015,2026-08-05,43.71,0.036765,25953.93,112066.42246
920016,2026-08-05,12.75,0.000785,8434.5,10760.75154
920017,2026-08-05,16.99,0.002952,16695.32,28285.90341
920018,2026-08-05,17.35,0.004632,38455.65,66756.33599
920019,2026-08-05,14.68,0.02371,22702.79,33258.20384
920020,2026-08-05,15.89,-0.000629,6328.89,10036.90294
920021,2026-08-05,7.65,0.0,338892.46,260102.46133
920022,2026-08-05,19.25,0.012624999999999999,1527.14,2932.64467
920023,2026-08-05,1.86,0.0,71044.11,13233.84425
920026,2026-08-05,18.05,0.039747,13254.57,23790.29205
920027,2026-08-05,11.38,0.0070799999999999995,8288.27,9408.03606
920028,2026-08-05,14.14,0.026869999999999998,15208.22,21257.37214
920029,2026-08-05,34.42,0.000581,12236.72,41895.27712
920030,2026-08-05,4.47,0.009029,20454.48,9173.25038
920033,2026-08-05,14.06,0.011511,10525.54,14794.86639
920035,2026-08-05,24.5,0.031579,8921.97,21541.62997
920036,2026-08-05,32.99,0.034169,19458.05,63205.26515
920037,2026-08-05,40.6,-0.001721,10558.22,42905.26556
920038,2026-08-05,48.31,0.662423,219653.05,1096538.99175
920039,2026-08-05,7.99,0.001253,13456.58,10806.5116
920045,2026-08-05,323.81,0.10105700000000001,26825.1,826002.18312
920046,2026-08-05,22.9,0.022321,73483.69,165404.46337
920047,2026-08-05,17.4,0.042539999999999994,50769.98,86847.71991
920050,2026-08-05,27.72,0.005076000000000001,2725.33,7553.78452
920055,2026-08-05,27.46,0.008817,5480.36,14988.38476
920056,2026-08-05,16.66,0.014616,5263.73,8714.01009
920057,2026-08-05,4.92,0.006135000000000001,7703.66,3783.26744
920058,2026-08-05,27.84,0.001439,6234.93,17191.36781
920060,2026-08-05,22.41,0.031293,27387.83,61039.47979
920061,2026-08-05,17.87,0.07134299999999999,32324.14,58251.8848
920062,2026-08-05,7.8,0.024967000000000003,35347.74,27265.05673
920065,2026-08-05,40.59,-0.016,47035.07,189162.05481
920066,2026-08-05,16.95,0.012544999999999999,4758.92,8012.44876
920068,2026-08-05,15.13,0.046334999999999994,19572.9,29171.4093
920069,2026-08-05,34.0,0.010401,4991.23,16897.9893
920072,2026-08-05,28.06,0.036189,21114.14,57488.83103
920075,2026-08-05,15.85,0.001263,14508.81,23037.18284
920076,2026-08-05,12.72,0.009524,7306.21,9250.49431
920077,2026-08-05,14.17,0.01142,37777.72,53355.04763
920078,2026-08-05,20.05,0.052493,23283.76,45766.79764
920079,2026-08-05,15.16,0.02571,100326.8,150056.69681
920080,2026-08-05,21.48,0.015123,3427.8,7374.43122
920081,2026-08-05,40.99,0.033535,23576.34,95594.22565
920082,2026-08-05,8.38,0.004796,17711.1,14757.39542
920083,2026-08-05,33.86,0.041845999999999994,29078.43,96301.44226
920086,2026-08-05,21.55,0.01603,9156.68,19658.62887
920087,2026-08-05,9.92,0.036573,73270.5,72320.25656
920088,2026-08-05,45.39,-0.030335,72576.95,323792.44828
920089,2026-08-05,10.46,0.007707,10016.91,10432.8613
920090,2026-08-05,3.64,0.0,41371.49,15271.87836
920091,2026-08-05,31.44,0.026779999999999998,6990.28,21692.05126
920092,2026-08-05,37.44,0.23036500000000001,108724.51,381574.01186
920096,2026-08-05,36.2,0.048364000000000004,14787.58,52577.77543
920098,2026-08-05,17.23,0.012338,6830.55,11691.85513
920099,2026-08-05,19.65,0.023438,11153.65,21754.2715
920100,2026-08-05,36.4,0.060606,29837.4,105638.55211
920101,2026-08-05,17.13,0.016617,5419.3,9243.97301
920106,2026-08-05,36.82,0.018816,5260.5,19232.44368
920108,2026-08-05,9.1,0.017897,6962.52,6290.511
920110,2026-08-05,25.95,0.002317,1609.72,4163.4097
920111,2026-08-05,27.03,0.028929999999999997,23127.68,62303.64665
920112,2026-08-05,16.28,0.004318,2345.7,3811.66604
920116,2026-08-05,49.03,0.031776,32797.16,160579.54705
920117,2026-08-05,35.17,0.299704,96987.03,300041.17382
920118,2026-08-05,19.55,0.014004,9235.81,18057.55063
920119,2026-08-05,48.05,0.02452,3859.75,18364.97355
920121,2026-08-05,27.89,0.011607000000000001,2310.86,6415.1528
920122,2026-08-05,22.56,0.017133,10133.4,22724.71706
920123,2026-08-05,10.8,0.004651,16089.5,17398.42444
920124,2026-08-05,12.81,0.006284,10491.02,13417.0874
920125,2026-08-05,138.95,0.139869,33689.9,437598.06473
920126,2026-08-05,10.55,0.020309,32921.35,34281.43007
920128,2026-08-05,18.43,0.033072,14333.99,26074.5501
920130,2026-08-05,21.11,-0.049099000000000004,97886.37,207988.27356
920132,2026-08-05,8.54,0.010650999999999999,5850.25,4948.92332
920136,2026-08-05,21.4,0.055747,42508.07,89004.96553
920139,2026-08-05,15.52,0.027815,86589.56,133319.7568
920145,2026-08-05,10.12,0.036885,5885.29,5854.70335
920146,2026-08-05,5.05,0.003976,11108.3,5622.67559
920149,2026-08-05,7.96,0.0,6292.39,5014.61939
920152,2026-08-05,14.07,0.024763,11224.69,15568.61112
920156,2026-08-05,41.25,0.062597,18849.94,75635.78939
920158,2026-08-05,8.4,0.018182,20266.13,16904.9174
920159,2026-08-05,28.0,0.019665,6733.99,18739.70541
920160,2026-08-05,19.34,0.013096000000000002,3283.7,6311.27833
920161,2026-08-05,25.42,0.094275,52592.71,129364.21355
920163,2026-08-05,11.33,0.0,9859.69,11191.29667
920166,2026-08-05,19.9,0.014271,3372.41,6669.02066
920167,2026-08-05,15.51,0.005837,16781.4,25930.85597
920168,2026-08-05,15.97,0.001882,4668.14,7449.56508
920169,2026-08-05,18.82,0.026172,21939.04,40867.80184
920171,2026-08-05,17.58,0.028672,27118.76,47534.83888
920174,2026-08-05,27.82,0.031516,12436.1,34153.31715
920175,2026-08-05,8.09,0.012516000000000001,16179.48,13052.13209
920176,2026-08-05,82.11,0.07784200000000001,40662.36,316560.42459
920177,2026-08-05,25.18,0.028175,5733.65,14334.57209
920178,2026-08-05,92.89,0.053533,15703.05,142449.34689
920179,2026-08-05,53.45,0.06686600000000001,48964.22,257528.54482
920180,2026-08-05,11.84,0.001692,5418.28,6411.35636
920181,2026-08-05,72.55,0.044185,12553.4,89966.8829
920183,2026-08-05,29.6,0.0064600000000000005,3792.08,11189.4593
920184,2026-08-05,11.94,0.025773,30610.34,36560.23748
920185,2026-08-05,21.4,0.007058999999999999,46166.83,98444.32152
920186,2026-08-05,74.03,0.050518,82213.58,598107.14463
920187,2026-08-05,20.23,0.00747,10119.38,20396.15307
920188,2026-08-05,21.96,0.018081,5866.65,12776.43545
920189,2026-08-05,22.59,0.054130000000000005,79961.73,177580.02043
920190,2026-08-05,26.0,0.047965,72048.89,184831.90807
920191,2026-08-05,8.86,0.007964,13088.51,11567.9501
920193,2026-08-05,33.4,0.04735,56001.59,182837.52935
920195,2026-08-05,12.26,0.0073950000000000005,7606.3,9315.17084
920198,2026-08-05,8.02,0.032174999999999995,52098.68,41795.92682
920199,2026-08-05,28.22,0.023948,31193.66,86488.30101
920200,2026-08-05,32.12,0.06746400000000001,42434.47,134283.60494
920204,2026-08-05,12.71,0.009531,5959.74,7579.83426
920206,2026-08-05,35.18,0.04609,12835.36,44559.79024
920207,2026-08-05,23.78,0.027658000000000002,45846.24,108647.20448
920208,2026-08-05,12.63,0.031863,34597.53,43051.29329
920211,2026-08-05,107.08,0.03529,9857.81,104196.61954
920212,2026-08-05,9.65,0.019007,10250.45,9865.84362
920218,2026-08-05,17.31,0.0028970000000000003,15775.58,27300.73549
920220,2026-08-05,43.29,0.036142,10293.47,44041.70513
920221,2026-08-05,13.26,0.022359,13731.66,18141.58489
920222,2026-08-05,31.02,0.069655,52392.87,155366.34465
920223,2026-08-05,11.71,0.057814,31355.69,36050.97677
920225,2026-08-05,15.26,0.040928000000000006,33227.52,50092.91339
920227,2026-08-05,51.66,0.009971,9519.43,48854.5337
920230,2026-08-05,10.38,0.003868,15403.31,15972.85867
920237,2026-08-05,13.04,0.026772,15230.8,19773.32615
920238,2026-08-05,77.09,-0.010652,54298.42,415861.35186
920239,2026-08-05,22.69,0.014758,11719.73,26436.19134
920242,2026-08-05,14.24,0.03639,6944.25,9867.78082
920245,2026-08-05,12.88,0.014972000000000001,4318.27,5522.86176
920247,2026-08-05,14.88,0.0319,20413.72,30048.26869
920249,2026-08-05,9.33,0.020788,85512.38,79207.34334
920252,2026-08-05,16.52,0.030567999999999998,34442.7,56021.06018
920258,2026-08-05,13.86,-0.01,149640.27,204278.49581
920260,2026-08-05,7.95,0.007605,5935.17,4711.40862
920261,2026-08-05,13.41,0.009788999999999999,7750.4,10333.70449
920262,2026-08-05,13.97,0.030236,14572.09,20205.75768
920263,2026-08-05,7.2,0.008403,9000.16,6485.15626
920266,2026-08-05,7.23,0.0,38139.45,27366.69808
920267,2026-08-05,18.97,0.044604,40721.21,76306.98527
920270,2026-08-05,12.36,0.027431,12575.05,15475.40688
920271,2026-08-05,9.49,0.011727000000000001,9805.99,9252.6782
920273,2026-08-05,17.14,0.035024,21959.19,37007.15525
920274,2026-08-05,15.29,0.034506,12400.41,18756.30089
920275,2026-08-05,6.56,0.042925000000000005,11008.34,7126.01149
920278,2026-08-05,6.25,-0.0015970000000000001,13580.99,8488.2884
920284,2026-08-05,19.1,0.083995,54131.11,100645.37328
920299,2026-08-05,17.04,0.007092,32709.61,55393.04385
920300,2026-08-05,9.73,0.013542,21263.73,20550.04193
920304,2026-08-05,8.7,0.013986,11837.61,10247.13369
920339,2026-08-05,11.55,-0.0625,27600.49,32084.79194
920344,2026-08-05,18.92,0.0047799999999999995,9326.28,17656.52021
920346,2026-08-05,15.5,0.035404,7230.44,11099.50688
920351,2026-08-05,11.76,0.030674999999999997,15698.81,18259.63146
920357,2026-08-05,16.56,0.042165,37734.18,61019.41134
920363,2026-08-05,10.7,0.033816,19869.68,21166.75207
920367,2026-08-05,21.7,0.037780999999999995,63630.15,135120.64798
920368,2026-08-05,25.0,0.022077,46565.01,115163.92248
920370,2026-08-05,2.71,0.0,17651.62,4772.0263
920371,2026-08-05,7.05,0.014388000000000001,12230.37,8582.83686
920374,2026-08-05,15.7,0.030184000000000002,13768.53,21363.64196
920375,2026-08-05,7.87,-0.006313,62526.62,49217.73718
920378,2026-08-05,7.15,0.0070420000000000005,7461.12,5321.74999
920392,2026-08-05,13.77,0.000727,4853.9,6678.41187
920394,2026-08-05,47.6,0.036810999999999997,16325.6,77138.58803
920395,2026-08-05,7.22,0.014045,8654.09,6225.34427
920396,2026-08-05,23.11,0.065959,68779.69,152999.18382
920402,2026-08-05,9.09,0.036488,98535.54,88983.21287
920403,2026-08-05,18.78,0.016784,15779.36,29451.72081
920405,2026-08-05,17.05,-0.00641,5952.82,10165.62851
920407,2026-08-05,10.66,0.017176,8851.17,9391.92931
920414,2026-08-05,8.19,0.00738,15338.17,12562.22166
920415,2026-08-05,9.4,0.023965,43014.72,40271.63871
920418,2026-08-05,19.37,0.029224,19364.48,36928.68006
920419,2026-08-05,10.49,0.009625,10175.94,10590.64382
920422,2026-08-05,9.57,-0.013402,25347.71,24259.78632
920425,2026-08-05,14.88,0.033333,19957.35,29348.88224
920427,2026-08-05,8.73,0.021053000000000002,13228.02,11431.80268
920429,2026-08-05,9.1,0.017897,12609.35,11400.84188
920433,2026-08-05,4.84,0.008333,26475.58,12704.03638
920436,2026-08-05,10.63,0.035054,11580.08,12230.89979
920438,2026-08-05,121.0,0.042385,67723.96,814334.0758
920445,2026-08-05,6.69,0.001497,49228.47,32826.96569
920454,2026-08-05,11.11,0.01184,10328.48,11433.34676
920455,2026-08-05,5.87,0.006861000000000001,6178.0,3617.07494
920469,2026-08-05,5.77,0.03777,30477.52,17426.86559
920471,2026-08-05,11.27,0.018987,10619.9,11939.41849
920475,2026-08-05,11.83,0.048759,18841.79,22646.22025
920476,2026-08-05,22.48,0.073031,19179.14,42196.91935
920478,2026-08-05,10.47,0.015519,40482.96,41832.6603
920489,2026-08-05,13.47,0.058962,57259.45,76731.91658
920491,2026-08-05,23.52,0.014668,23599.42,55329.51887
920493,2026-08-05,126.95,0.0026850000000000003,38229.22,483057.03858
920496,2026-08-05,6.49,0.0,33588.13,21754.29914
920504,2026-08-05,17.05,0.0059,2157.55,3678.13485
920505,2026-08-05,28.81,0.16686900000000002,34327.95,97607.84032
920508,2026-08-05,15.61,0.00905,9116.11,14226.3039
920509,2026-08-05,20.37,0.039286,33742.91,67962.42387
920510,2026-08-05,23.54,0.017726,113136.64,264746.06633
920519,2026-08-05,10.09,0.011022,7271.09,7276.69056
920522,2026-08-05,22.66,0.085249,97741.71,215029.60146
920523,2026-08-05,15.72,0.031495999999999996,13158.09,20527.39196
920526,2026-08-05,20.23,0.055295,31976.0,63383.26805
920527,2026-08-05,14.15,0.038913,15284.57,21479.23313
920533,2026-08-05,18.48,0.030674999999999997,18742.27,34243.18209
920541,2026-08-05,9.72,0.013555999999999999,8300.79,8022.99966
920547,2026-08-05,18.1,0.011172999999999999,3408.54,6129.78242
920553,2026-08-05,6.63,0.009132,10173.82,6704.31014
920556,2026-08-05,6.92,0.013177000000000001,25928.0,17744.53449
920564,2026-08-05,14.65,0.021618,14344.24,21003.22735
920566,2026-08-05,9.81,0.0040939999999999995,17937.23,17554.82926
920570,2026-08-05,24.98,0.017515,7699.55,19061.47154
920571,2026-08-05,8.63,0.034772,194072.33,165804.36721
920575,2026-08-05,5.36,0.001869,166707.34,93089.64599
920576,2026-08-05,45.61,0.035649,35703.58,161122.71464
920578,2026-08-05,17.43,0.023488000000000002,16246.61,28074.33012
920579,2026-08-05,14.89,0.021262,9708.12,14340.64294
920580,2026-08-05,11.0,0.036758,26026.77,28487.58807
920592,2026-08-05,22.19,0.030175999999999998,28234.63,62504.98848
920593,2026-08-05,25.91,0.025731999999999998,26402.91,67483.70496
920599,2026-08-05,17.15,0.0035110000000000002,16957.87,29013.42789
920608,2026-08-05,13.57,0.014199999999999999,2765.23,3726.54814
920627,2026-08-05,14.44,0.032166,16672.96,23847.36047
920634,2026-08-05,17.96,0.075449,37989.52,67395.70193
920639,2026-08-05,6.24,0.0,18450.64,11496.85898
920640,2026-08-05,27.38,0.010705,34696.27,94750.36648
920641,2026-08-05,12.94,0.007788000000000001,13049.94,16781.18385
920642,2026-08-05,10.57,0.026214,36484.51,38411.42044
920651,2026-08-05,22.5,-0.066002,15436.12,36839.32783
920656,2026-08-05,13.92,0.007965,4610.82,6394.58554
920662,2026-08-05,19.48,0.03397,18964.13,36393.39261
920663,2026-08-05,12.46,0.018806,5735.58,7122.78268
920665,2026-08-05,8.79,0.032902,22079.71,19421.15262
920670,2026-08-05,13.72,-0.0029070000000000003,54627.9,74060.77371
920675,2026-08-05,7.39,0.017906,11330.46,8322.19736
920679,2026-08-05,15.35,-0.003247,1900.15,2933.37235
920682,2026-08-05,5.9,0.003401,26407.75,15514.64965
920685,2026-08-05,13.2,-0.012715,69689.86,89314.21555
920689,2026-08-05,20.46,0.007882,10026.85,20370.23034
920690,2026-08-05,20.43,0.15098599999999998,87256.28,175608.92976
920693,2026-08-05,23.75,0.028138999999999997,10306.15,24217.38628
920694,2026-08-05,14.04,0.002857,4232.13,5949.13604
920699,2026-08-05,71.19,0.060953999999999994,17249.42,120983.56665
920701,2026-08-05,13.38,0.022153999999999997,28585.25,38083.9574
920703,2026-08-05,9.5,0.0052910000000000006,3927.68,3725.80208
920706,2026-08-05,14.61,0.019539,15878.66,23027.5531
920717,2026-08-05,8.11,-0.029904,48980.71,40290.4255
920718,2026-08-05,9.81,0.01134,7123.24,6966.02259
920719,2026-08-05,7.9,0.01023,17566.03,13768.14985
920720,2026-08-05,9.57,0.01056,11413.13,10903.08145
920725,2026-08-05,76.76,0.096571,67868.25,506598.19481
920726,2026-08-05,16.23,0.022684000000000003,34338.41,55043.58832
920729,2026-08-05,6.6,0.006098,4017.11,2640.52339
920735,2026-08-05,24.24,0.016779,19672.17,47174.51706
920748,2026-08-05,24.35,0.03047,20595.49,49672.44403
920751,2026-08-05,17.15,0.026332,7204.53,12272.75072
920753,2026-08-05,15.31,0.010561000000000001,6838.3,10444.12832
920765,2026-08-05,12.29,-0.0008129999999999999,17375.15,21403.82438
920768,2026-08-05,6.99,0.008658,22472.26,15493.37862
920770,2026-08-05,10.75,0.012241,35275.34,37681.98561
920779,2026-08-05,24.82,0.052587,22618.52,55149.41639
920781,2026-08-05,6.09,0.026981,68318.39,40748.58022
920786,2026-08-05,6.99,0.047976,154932.76,105337.76844
920790,2026-08-05,24.9,0.060026,56647.68,140078.90219
920792,2026-08-05,10.33,0.049797,20348.98,20818.57414
920799,2026-08-05,31.72,0.033898000000000005,54788.65,171934.4904
920802,2026-08-05,10.56,0.005714,5518.41,5804.45075
920806,2026-08-05,10.84,0.064833,96029.14,106095.51147
920807,2026-08-05,9.43,0.063134,71329.1,67897.59177
920808,2026-08-05,60.8,0.025295,21896.97,132500.25861
920809,2026-08-05,8.3,0.042714,116895.75,96326.5103
920810,2026-08-05,8.95,-0.016484000000000002,33300.74,29729.32625
920819,2026-08-05,2.76,0.0,36485.09,10066.3529
920821,2026-08-05,19.23,0.076105,74538.73,141363.45423
920826,2026-08-05,8.08,0.024081,34540.83,27501.91453
920832,2026-08-05,6.17,0.001623,3627.82,2228.46572
920833,2026-08-05,8.68,0.002309,7085.24,6150.13833
920834,2026-08-05,8.34,0.010909,7266.87,6027.5296
920837,2026-08-05,9.74,0.011423,11305.68,10971.50781
920839,2026-08-05,25.02,0.019145000000000002,5040.02,12537.85296
920855,2026-08-05,12.38,0.012265,1943.49,2393.55942
920856,2026-08-05,10.9,-0.038801,39679.27,43912.22963
920857,2026-08-05,18.65,0.007562999999999999,20720.06,37830.7646
920866,2026-08-05,5.86,0.0051459999999999995,17225.93,10055.04137
920870,2026-08-05,11.37,0.028029000000000002,12526.14,14188.78076
920871,2026-08-05,10.89,0.017757000000000002,5162.15,5584.85521
920873,2026-08-05,7.52,0.027322000000000003,26729.92,20275.70411
920876,2026-08-05,16.84,0.029969000000000003,18624.87,31356.33458
920879,2026-08-05,13.16,0.0,13402.72,17651.3481
920885,2026-08-05,12.16,0.039316,29956.9,36190.77216
920892,2026-08-05,10.65,0.014286,6681.82,7097.17212
920895,2026-08-05,12.75,0.0031469999999999996,9745.53,12365.83941
920896,2026-08-05,12.33,0.014815,7319.02,8962.97158
920906,2026-08-05,17.06,0.022782,11280.65,19349.22562
920914,2026-08-05,18.82,0.022826,16641.32,31110.15012
920924,2026-08-05,15.1,0.02027,46042.42,68503.10935
920925,2026-08-05,12.74,0.033252000000000004,31832.28,40143.22604
920926,2026-08-05,10.82,0.051505999999999996,15741.38,16882.34036
920931,2026-08-05,9.73,0.016718999999999998,3035.28,2934.63295
920932,2026-08-05,12.66,0.038556,29642.01,37002.10067
920942,2026-08-05,17.48,0.031268,11144.44,19187.98504
920943,2026-08-05,14.57,0.008304,28675.63,41497.85728
920946,2026-08-05,9.27,0.0,21797.16,20210.76749
920950,2026-08-05,12.78,0.00314,2217.34,2830.36868
920953,2026-08-05,25.69,0.021471,48375.44,123413.51602
920957,2026-08-05,9.37,0.016269,14405.27,13364.17589
920961,2026-08-05,18.52,0.034637,23467.75,43097.40801
920964,2026-08-05,4.47,0.004494000000000001,11804.81,5275.04092
920970,2026-08-05,6.02,0.0066890000000000005,19523.72,11708.91097
920971,2026-08-05,26.38,0.0552,56271.29,146028.15883
920974,2026-08-05,6.09,0.008278,17304.61,10493.60571
920976,2026-08-05,18.3,0.0,21358.94,38888.3274
920978,2026-08-05,20.34,0.008929,13314.23,27021.26109
920981,2026-08-05,30.14,0.035027,34389.51,101646.4148
920982,2026-08-05,129.03,-0.003552,10734.46,138202.44654
920985,2026-08-05,4.78,0.004202,25141.31,11970.4281
920992,2026-08-05,11.9,0.014493,6757.57,7989.97132
