symbol,date,close,ret,vol,amount
000001,2026-09-23,11.6,-0.009394,906725.65,1052015.09248
000002,2026-09-23,3.92,0.028871,10662846.65,4292102.81688
000006,2026-09-23,7.24,-0.006859,312832.74,230403.32672
000007,2026-09-23,11.61,-0.011915,58340.0,67579.488
000008,2026-09-23,2.38,-0.016529000000000002,284402.0,68324.689
000009,2026-09-23,7.0,-0.005682,105620.95,74316.01112
000010,2026-09-23,1.52,-0.031847,175122.07,26594.9665
000011,2026-09-23,9.59,-0.0031190000000000002,194568.43,188716.95155
000012,2026-09-23,3.77,0.00266,256025.8,97169.48395
000014,2026-09-23,10.82,-0.0046,72695.0,79625.309
000017,2026-09-23,7.69,-0.050617,675104.85,527136.06995
000019,2026-09-23,6.96,-0.002865,145639.8,101880.1432
000020,2026-09-23,13.59,-0.032050999999999996,92564.01,127689.34393
000021,2026-09-23,36.91,-0.002702,504753.72,1862319.12408
000025,2026-09-23,15.04,-0.000664,44881.25,67901.929
000026,2026-09-23,19.9,-0.002506,40401.0,80373.023
000027,2026-09-23,6.23,-0.007962,128119.04,79984.84192
000028,2026-09-23,19.72,-0.009045,19305.85,38220.49877
000029,2026-09-23,21.88,-0.017071,71049.27,155976.70659
000030,2026-09-23,3.93,-0.005063,72292.45,28513.3594
000031,2026-09-23,2.35,-0.020833,831977.17,200523.72392
000032,2026-09-23,14.53,0.002069,249405.54,361649.78622
000034,2026-09-23,23.28,-0.015227999999999998,116996.9,273706.96169
000035,2026-09-23,4.91,-0.008081,189557.0,93219.459
000036,2026-09-23,4.06,0.0024690000000000003,684372.9,285293.45079
000037,2026-09-23,9.01,-0.041489000000000005,225633.0,205070.217
000039,2026-09-23,8.79,-0.025499,224827.92,199241.70754
000042,2026-09-23,8.41,0.0,89283.1,76465.02704
001914,2026-09-23,9.13,-0.001094,137156.0,127095.1815
000045,2026-09-23,11.25,0.006261,35521.0,40106.033
000048,2026-09-23,19.1,-0.019004,199672.13,379898.35218
000049,2026-09-23,22.46,-0.00089,39475.84,88470.72675
000050,2026-09-23,6.59,-0.009023,187764.0,125224.787
000055,2026-09-23,3.81,0.013298,275670.49,105839.40868
000056,2026-09-23,2.69,-0.021818,321158.0,88012.132
000058,2026-09-23,7.14,-0.027248,99471.08,71860.30288
000059,2026-09-23,5.65,-0.008772,376630.43,212403.20324
000060,2026-09-23,6.13,-0.01129,443152.85,272729.6244
000061,2026-09-23,6.03,-0.003306,151706.42,91831.08419
000062,2026-09-23,23.29,-0.0076690000000000005,148221.95,346855.81505
000063,2026-09-23,32.28,-0.019143,747460.39,2428308.31621
000065,2026-09-23,10.12,0.003968,216303.09,220381.5656
000066,2026-09-23,15.14,-0.045999,2996292.14,4602639.36988
000068,2026-09-23,3.25,-0.021084000000000002,110328.0,36258.769
000069,2026-09-23,1.9,-0.005235999999999999,1256037.17,243850.39777
000070,2026-09-23,17.99,-0.034352999999999995,808758.1,1460545.08696
000078,2026-09-23,1.57,0.026143999999999997,643199.28,100827.1072
000088,2026-09-23,4.51,-0.008791,168798.93,76237.4193
000089,2026-09-23,6.56,-0.0030399999999999997,91731.44,60541.2514
000090,2026-09-23,3.56,-0.011111,272435.0,98603.559
000096,2026-09-23,7.9,-0.013733,27975.98,22163.53418
000099,2026-09-23,13.06,-0.001529,46740.0,61273.278
000100,2026-09-23,4.93,-0.019881,3975665.97,1986954.29137
000151,2026-09-23,9.98,-0.018682,72784.01,72846.99795
000153,2026-09-23,6.17,-0.008039,112746.2,70320.2406
000155,2026-09-23,11.26,-0.027634,154115.0,175406.695
000156,2026-09-23,7.08,-0.030137,153705.0,109521.312
000157,2026-09-23,6.1,-0.011345000000000001,433047.85,265499.24275
000158,2026-09-23,12.72,-0.035633,272100.18,349437.71012
000159,2026-09-23,5.42,-0.016334,71988.91,39258.35404
000166,2026-09-23,4.47,-0.0044540000000000005,364838.06,163487.55443
000301,2026-09-23,13.73,0.00219,147254.78,201820.4506
000333,2026-09-23,82.47,-0.000848,170236.57,1402962.20263
000338,2026-09-23,25.89,-0.042175000000000004,1088190.11,2830381.30206
000400,2026-09-23,20.3,-0.005877,61967.31,125839.46661
000401,2026-09-23,3.62,0.019718,205508.63,74833.25306
000402,2026-09-23,2.7,-0.028777,1190687.84,332133.43418
000403,2026-09-23,10.11,0.006972000000000001,65585.69,66291.98602
000404,2026-09-23,6.83,-0.01443,44844.5,30810.537
000407,2026-09-23,4.1,-0.021480000000000003,117090.0,48342.589
000408,2026-09-23,73.85,0.004762,67321.55,497937.04
000409,2026-09-23,8.96,-0.009945,42420.0,38040.786
000410,2026-09-23,5.27,-0.013108999999999999,186683.56,98595.08776
000411,2026-09-23,9.88,-0.01002,29668.38,29508.22347
000415,2026-09-23,4.17,0.0,398795.02,166610.45636
000417,2026-09-23,5.69,-0.013865,213268.52,121105.45887
000419,2026-09-23,5.0,-0.013807,48035.0,24131.994
000420,2026-09-23,3.56,-0.002801,238931.0,84732.934
000421,2026-09-23,5.69,-0.020654,67945.57,38861.12973
000422,2026-09-23,11.97,-0.018047999999999998,119557.9,143483.90826
000423,2026-09-23,46.05,0.0065569999999999995,54083.39,249086.49438
000425,2026-09-23,7.23,-0.009589,1050223.04,762117.97245
000426,2026-09-23,34.37,-0.0026119999999999997,250104.96,861379.57167
000428,2026-09-23,4.18,-0.027907,504581.0,213947.528
000429,2026-09-23,12.58,0.0039900000000000005,44959.17,56398.66736
000430,2026-09-23,7.0,0.015965,159618.0,111894.324
000488,2026-09-23,2.12,0.004739,127093.82,27112.97752
000498,2026-09-23,5.14,0.007843,98706.72,50656.94904
000501,2026-09-23,7.16,-0.009682,49570.6,35552.5476
000503,2026-09-23,6.87,-0.02276,93275.0,64677.637
000504,2026-09-23,12.76,0.053675,1046310.17,1347971.78753
000505,2026-09-23,6.6,-0.026549,244834.01,162199.06763
000506,2026-09-23,18.1,-0.025834000000000003,354195.96,647198.98432
000507,2026-09-23,4.95,-0.011976,87134.93,43425.52635
000509,2026-09-23,3.76,-0.055276,695012.0,264151.414
000510,2026-09-23,19.23,0.007862000000000001,480553.94,924040.74556
000513,2026-09-23,27.73,0.036636,103093.52,282038.43923
000514,2026-09-23,4.4,-0.004525,145557.0,64944.301
000516,2026-09-23,4.27,-0.011574,146918.0,62838.55
000517,2026-09-23,2.01,-0.014705999999999999,451715.0,92751.28
000518,2026-09-23,3.68,-0.026455000000000003,253618.01,93996.39569
000519,2026-09-23,15.01,-0.020235,416990.87,630439.3214
000520,2026-09-23,4.02,-0.028986,229993.42,93280.57536
000521,2026-09-23,4.4,-0.004525,40128.12,17702.0788
000523,2026-09-23,3.42,-0.020057000000000002,1217928.04,416538.53724
000524,2026-09-23,8.99,-0.005531,67900.0,61400.94
000525,2026-09-23,4.54,-0.027837,177495.57,81140.078
000526,2026-09-23,36.16,-0.002483,16362.0,59163.521
000528,2026-09-23,7.61,-0.006527,177539.13,135626.60128
000529,2026-09-23,4.96,-0.013916999999999999,23071.0,11557.072
000530,2026-09-23,5.18,-0.007663,166305.91,87289.04529
000531,2026-09-23,5.6,-0.00885,50727.0,28436.325
000532,2026-09-23,13.5,-0.008082,561910.14,759805.42766
000533,2026-09-23,10.44,-0.044831,391318.88,411749.1744
000534,2026-09-23,22.92,-0.011642999999999999,149581.18,339501.95456
000536,2026-09-23,3.51,-0.033058000000000004,653438.23,233689.52376
000537,2026-09-23,7.34,-0.022636,166817.52,123291.24525
000538,2026-09-23,51.36,0.000779,76759.91,395005.30731
000539,2026-09-23,5.02,-0.030888,565381.38,285876.88138
000541,2026-09-23,4.91,-0.006072999999999999,50553.57,24857.95115
000543,2026-09-23,7.15,-0.009695,147212.58,105665.78318
000544,2026-09-23,7.2,-0.008264,21976.51,15867.84875
000545,2026-09-23,2.17,-0.026906,268026.34,58720.47912
000546,2026-09-23,4.37,-0.017978,102637.0,45097.407
000547,2026-09-23,14.31,-0.029831,355753.73,512274.64041
000548,2026-09-23,4.58,-0.012931,34767.0,16016.504
000550,2026-09-23,16.26,-0.014544999999999999,34223.05,55926.85096
000551,2026-09-23,12.33,0.0,62320.32,76589.10388
000552,2026-09-23,2.46,-0.023809999999999998,561212.92,139186.2853
000553,2026-09-23,5.46,-0.026737999999999998,64435.0,35372.85
000554,2026-09-23,6.23,-0.026563,139299.92,87069.74965
000555,2026-09-23,11.01,0.044592,571562.43,620177.94086
000557,2026-09-23,3.64,-0.01087,51446.0,18864.049
000558,2026-09-23,3.61,-0.002762,245942.73,89287.45626
000559,2026-09-23,11.16,-0.023622,604663.84,676943.48583
000560,2026-09-23,3.86,0.09971500000000001,3151664.6,1210342.78641
000561,2026-09-23,7.74,-0.012755,87934.95,67974.66115
000563,2026-09-23,2.91,-0.010204,388056.0,113545.87
000564,2026-09-23,1.48,-0.026316000000000003,1991980.11,297785.14048
000565,2026-09-23,6.61,-0.02651,140810.57,93391.47018
000566,2026-09-23,4.8,-0.036145000000000004,805815.11,391545.60591
000567,2026-09-23,6.0,-0.019608,154125.16,92902.35348
000568,2026-09-23,72.11,0.008813999999999999,104859.81,757852.78872
000570,2026-09-23,5.26,-0.009416,63564.5,33466.5705
000571,2026-09-23,6.73,0.015083,261850.86,173392.49457
000572,2026-09-23,4.02,-0.040573,1679723.53,692968.51784
000573,2026-09-23,3.78,-0.010471,127779.01,48933.29778
000576,2026-09-23,8.34,-0.009500999999999999,62811.0,52245.147
000581,2026-09-23,18.16,0.011136,59062.88,107138.18664
000582,2026-09-23,9.39,-0.039876999999999996,548079.96,520446.8428
000586,2026-09-23,13.62,-0.018732,54151.0,73807.304
000589,2026-09-23,4.22,-0.004717,122166.56,51758.1269
000590,2026-09-23,9.05,-0.010929,18593.0,16916.022
000591,2026-09-23,4.2,-0.016393,439079.6,185128.9154
000592,2026-09-23,7.98,-0.072093,2703358.93,2231608.16818
000593,2026-09-23,24.19,0.056792999999999996,318341.44,753778.3428
000595,2026-09-23,5.61,-0.041026,525335.0,298421.421
000596,2026-09-23,96.8,0.009806,40044.41,391177.49632
000597,2026-09-23,4.78,-0.010351999999999998,88362.0,42342.426
000598,2026-09-23,7.06,0.0,83419.92,58931.62861
000599,2026-09-23,4.48,-0.011038,80934.0,36363.141
000600,2026-09-23,7.21,-0.015026999999999999,96903.0,70165.591
000601,2026-09-23,6.01,-0.029079,369243.98,223499.499
000603,2026-09-23,33.78,0.011377,213666.27,722650.30449
000605,2026-09-23,5.88,-0.005076000000000001,29160.21,17197.16632
000607,2026-09-23,4.48,-0.100402,1349158.15,619572.56895
000608,2026-09-23,7.0,-0.027778,145280.0,102674.694
000609,2026-09-23,10.01,0.019348,59008.0,59486.728
000610,2026-09-23,7.57,-0.0013189999999999999,180526.0,140619.841
000612,2026-09-23,10.94,-0.021467,326725.48,359568.0996
000615,2026-09-23,3.22,-0.009231,43261.2,13962.4807
000617,2026-09-23,6.75,-0.021739,513493.49,348929.54724
000619,2026-09-23,5.25,-0.009434,73879.36,39010.4128
000620,2026-09-23,3.28,-0.026705999999999997,4252880.22,1429201.13066
000623,2026-09-23,17.73,-0.002251,40457.32,71894.17576
000625,2026-09-23,7.12,-0.008357,442091.67,315953.55712
000626,2026-09-23,9.37,0.015168,177792.0,165573.424
000628,2026-09-23,59.47,-0.010318,55092.59,328870.38825
000629,2026-09-23,2.89,-0.003448,627525.32,182376.62948
000630,2026-09-23,6.12,-0.006494,1317596.66,809544.88879
000631,2026-09-23,3.05,-0.012945,185068.32,57272.03492
000632,2026-09-23,3.71,-0.010667,147129.78,54944.68472
000633,2026-09-23,5.24,-0.013183,66852.0,35193.278
000635,2026-09-23,7.44,-0.0026810000000000002,81832.01,60481.69337
000636,2026-09-23,58.74,0.017143,927644.16,5394790.97369
000637,2026-09-23,4.16,-0.009524,68850.0,28760.829
000639,2026-09-23,1.53,-0.037736,424838.0,65480.598
000650,2026-09-23,5.19,-0.01518,151569.0,79226.688
000651,2026-09-23,38.36,0.004715,172293.42,660324.22059
000652,2026-09-23,3.33,-0.017699,119001.0,39941.649
000655,2026-09-23,7.15,-0.009695,50619.0,36386.546
000656,2026-09-23,1.26,0.008,3625950.63,463961.11089
000657,2026-09-23,59.16,-0.018254,447905.55,2655353.21884
000659,2026-09-23,2.71,-0.035587,242202.0,66496.184
000661,2026-09-23,73.25,-0.004755,38703.88,284759.26214
000663,2026-09-23,5.92,-0.024712,44198.0,26388.43
000665,2026-09-23,4.04,-0.031175,184336.43,75046.24772
000668,2026-09-23,17.44,0.001148,81336.9,142482.0317
000669,2026-09-23,4.2,0.012048000000000001,34273.8,14314.3032
000670,2026-09-23,7.56,-0.016905,420081.35,318080.28855
000672,2026-09-23,15.46,0.0012950000000000001,125041.09,193071.97835
000676,2026-09-23,7.25,-0.026846000000000002,2423004.73,1856723.03414
000677,2026-09-23,1.77,-0.032787000000000004,185826.0,33480.597
000678,2026-09-23,8.8,-0.010124,48312.0,42691.471
000679,2026-09-23,6.49,-0.016667,61345.0,39925.641
000680,2026-09-23,9.28,0.004329,262081.68,245373.78962
000681,2026-09-23,16.24,-0.034483,206268.5,338091.02156
000682,2026-09-23,10.64,-0.011152,61576.91,65912.02975
000683,2026-09-23,5.62,-0.015762,365696.06,206478.55172
000685,2026-09-23,10.85,-0.008227,62647.76,68281.8553
000686,2026-09-23,7.74,-0.007692,88418.87,68699.07708
000688,2026-09-23,25.54,-0.039127,174083.08,448375.28148
000690,2026-09-23,5.02,-0.021442000000000003,481027.51,243083.22932
000691,2026-09-23,9.28,0.004329,135065.0,126864.908
000692,2026-09-23,4.12,-0.014354,77388.0,31981.235
000695,2026-09-23,12.91,-0.018997,39513.0,51210.571
000697,2026-09-23,9.07,-0.005482,51040.0,46373.617
000698,2026-09-23,3.63,-0.008197,21742.0,7921.879
000700,2026-09-23,12.06,-0.009039,247643.6,298531.23037
000701,2026-09-23,5.13,-0.022857,83206.01,43006.61813
000702,2026-09-23,5.67,-0.020724999999999997,69905.88,39845.41008
000703,2026-09-23,17.39,0.034503,815422.12,1399576.49256
000705,2026-09-23,7.01,-0.020950000000000003,53492.5,37770.7485
000707,2026-09-23,4.5,-0.0022170000000000002,46326.0,20843.907
000708,2026-09-23,12.96,0.007776,91386.92,118022.64241
000709,2026-09-23,2.03,-0.009756,1082526.48,222609.22649
000710,2026-09-23,10.01,0.051471,526619.25,516266.12478
000711,2026-09-23,4.82,-0.036000000000000004,797273.0,386777.613
000712,2026-09-23,10.28,-0.00484,347916.52,356306.7303
000713,2026-09-23,6.59,-0.029455,256304.2,170173.266
000715,2026-09-23,5.3,-0.02214,55903.0,29771.728
000716,2026-09-23,5.01,-0.032819,209730.63,106356.01828
000717,2026-09-23,2.15,-0.0046300000000000004,332349.37,72276.74055
000718,2026-09-23,2.07,0.0,416494.7,87275.8711
000719,2026-09-23,12.21,-0.011335999999999999,48068.35,58334.51875
000720,2026-09-23,3.65,-0.06887800000000001,600882.55,223504.38775
000721,2026-09-23,6.27,-0.006339,192555.0,122017.324
000722,2026-09-23,13.46,-0.05211299999999999,215537.17,294886.89648
000723,2026-09-23,3.52,-0.040872,615980.28,220269.48256
000725,2026-09-23,6.02,0.003333,15794280.56,9648283.01434
000726,2026-09-23,6.02,-0.013115000000000002,60729.01,36752.25009
000727,2026-09-23,2.2,-0.022222,652507.0,145464.286
000728,2026-09-23,7.41,-0.010681000000000001,152583.47,113635.08924
000729,2026-09-23,11.0,-0.003623,288008.81,319654.84994
000731,2026-09-23,8.18,-0.012077,112813.3,92566.52756
000733,2026-09-23,41.4,0.001694,74749.85,309344.06371
000735,2026-09-23,5.8,-0.033333,533001.15,311689.47192
000736,2026-09-23,4.74,0.002114,312116.13,149656.22453
000737,2026-09-23,14.82,-0.019193,758334.58,1136155.148
000738,2026-09-23,19.19,-0.000521,86991.95,166319.0356
000739,2026-09-23,25.32,0.055,196749.14,492558.30438
000750,2026-09-23,3.66,-0.00813,239282.44,87999.07195
000751,2026-09-23,4.58,-0.019272,189832.3,87243.0297
000752,2026-09-23,8.73,0.006919999999999999,16015.91,14055.70616
000753,2026-09-23,4.86,-0.061776,516458.0,257070.53318
000755,2026-09-23,4.64,-0.006424,31421.7,14573.45077
000756,2026-09-23,14.53,-0.099752,870323.55,1333044.24847
000757,2026-09-23,4.34,-0.0181,100051.0,43773.15
000758,2026-09-23,5.99,-0.011551,176095.78,106039.34634
000759,2026-09-23,6.52,-0.034074,710033.79,466342.55182
000761,2026-09-23,2.22,-0.022026,308097.37,69726.09016
000762,2026-09-23,21.54,-0.024457,76213.07,164778.20213
000766,2026-09-23,15.43,-0.02956,96089.73,150039.94666
000767,2026-09-23,3.3,-0.029411999999999997,868234.63,288848.7419
000768,2026-09-23,22.71,-0.005692,154136.0,349334.30884
000776,2026-09-23,20.83,-0.006202,269293.1,560424.44365
000777,2026-09-23,16.47,-0.010811,29150.74,48144.19792
000778,2026-09-23,3.59,-0.005540000000000001,362123.0,130847.213
000779,2026-09-23,8.69,-0.047149,375838.0,332370.30955
000782,2026-09-23,8.33,0.007255,123318.0,102496.434
000783,2026-09-23,8.46,-0.005875,345762.56,292659.49385
000785,2026-09-23,2.26,-0.008772,743710.63,171429.22379
000786,2026-09-23,16.05,0.0,177748.82,288415.61023
000788,2026-09-23,5.41,-0.025225,121361.0,66169.474
000789,2026-09-23,4.18,0.012107000000000001,108666.87,45861.55475
000790,2026-09-23,4.25,-0.034091,346538.15,149645.84985
000791,2026-09-23,7.13,-0.011096,125709.69,89852.31989
000792,2026-09-23,24.48,-0.015682,433030.61,1059711.31678
000793,2026-09-23,2.05,-0.014422999999999998,84995.0,17471.022
000795,2026-09-23,8.32,-0.020024,107352.0,89660.81787
000796,2026-09-23,3.7,-0.013333,506954.0,189098.481
000797,2026-09-23,2.68,-0.003717,513439.13,139351.14797
000798,2026-09-23,10.09,-0.029807999999999998,167873.01,170177.10809
000799,2026-09-23,37.68,-0.00106,61200.6,232638.49601
000800,2026-09-23,5.93,0.0,91831.0,54696.917
000801,2026-09-23,11.87,-0.019818,80695.83,96666.94021
000802,2026-09-23,3.89,-0.046569,665930.16,261414.8904
000803,2026-09-23,7.09,-0.00561,56512.0,40308.507
000807,2026-09-23,26.58,-0.013729,350084.4,932254.26783
000809,2026-09-23,3.35,-0.028986,192993.16,65039.67768
000810,2026-09-23,9.51,-0.019588,123592.25,118255.57875
000811,2026-09-23,39.83,-0.003004,279674.61,1111680.81933
000812,2026-09-23,3.67,-0.058974,378750.27,141585.36181
000813,2026-09-23,3.23,-0.024169,298086.66,97219.56918
000815,2026-09-23,15.82,-0.019826999999999997,474567.05,755707.97606
000816,2026-09-23,2.88,-0.049505,726871.93,210545.64924
000818,2026-09-23,12.01,-0.019592000000000002,102391.99,122978.58002
000819,2026-09-23,12.28,-0.005667999999999999,26246.0,32271.39492
000820,2026-09-23,3.58,0.017044999999999998,202725.0,71782.215
000821,2026-09-23,7.57,0.009333000000000001,62069.03,47321.86198
000822,2026-09-23,4.21,-0.016354999999999998,89878.03,37979.54263
000823,2026-09-23,27.2,0.078509,2236848.95,5853080.47868
000825,2026-09-23,3.38,-0.008798,391890.81,133637.77782
000826,2026-09-23,1.84,-0.010752999999999999,360148.32,64959.02124
000828,2026-09-23,10.11,0.006972000000000001,43837.36,44344.24338
000829,2026-09-23,9.06,-0.034115,285825.01,261266.62104
000830,2026-09-23,11.85,-0.004202,142330.0,168441.82605
000831,2026-09-23,53.63,-0.018125,123057.94,660408.55066
000833,2026-09-23,19.3,-0.025745,211043.95,409995.68688
000837,2026-09-23,9.66,-0.010246,67761.18,65701.06934
000838,2026-09-23,2.39,0.052863,447859.5,104804.6215
000839,2026-09-23,2.82,-0.040816,794040.8,225618.3096
000848,2026-09-23,8.26,0.019753,144924.1,118778.28956
000850,2026-09-23,4.65,0.099291,261182.49,119337.28905
000852,2026-09-23,5.38,-0.028881,111888.0,60620.227
000856,2026-09-23,8.8,0.003421,35287.0,30929.795
000858,2026-09-23,70.34,-0.002835,173574.25,1225210.23026
000859,2026-09-23,9.35,-0.019916,452677.64,425926.8176
000860,2026-09-23,10.44,-0.013233,114344.25,121164.11625
000862,2026-09-23,5.26,-0.040145999999999994,184088.06,97779.13662
000863,2026-09-23,4.45,-0.049145,222110.23,100845.39244
000868,2026-09-23,4.13,0.048223,1016242.99,425253.10233
000869,2026-09-23,17.39,0.033274,55443.79,96647.38706
000875,2026-09-23,4.72,-0.016667,306171.7,145413.0109
000876,2026-09-23,7.03,-0.026316000000000003,429904.2,304946.78378
000877,2026-09-23,3.94,0.067751,812324.4,322369.38238
000878,2026-09-23,17.28,-0.004608,414799.95,716220.34388
000880,2026-09-23,25.29,-0.019007,92797.9,235702.75626
000881,2026-09-23,6.55,-0.017991,47630.64,31278.91884
000882,2026-09-23,1.54,-0.025316,825743.01,129936.62556
000883,2026-09-23,4.36,-0.011337999999999999,222543.2,97379.8924
000885,2026-09-23,11.79,0.004259,21119.5,24860.3706
000886,2026-09-23,4.66,-0.010616,103651.17,48438.00005
000887,2026-09-23,19.8,-0.003523,138382.51,274218.47007
000888,2026-09-23,9.34,-0.006383,59957.99,56162.92267
000889,2026-09-23,3.74,-0.050761,554789.6,208934.0598
000890,2026-09-23,7.42,-0.052363,224139.0,168712.28996
000892,2026-09-23,4.55,-0.057971,1130269.91,515080.34617
000893,2026-09-23,38.98,-0.019371,92550.93,362049.82451
000895,2026-09-23,23.33,-0.0021390000000000003,74960.6,175417.44691
000897,2026-09-23,1.9,-0.010417000000000001,481441.75,93304.79249
000898,2026-09-23,2.01,-0.0049499999999999995,555418.16,113202.02248
000899,2026-09-23,9.1,-0.023605,105788.83,97010.63812
000900,2026-09-23,3.56,-0.002801,101041.45,36026.92795
000901,2026-09-23,14.05,-0.023628,90544.82,127992.86587
000902,2026-09-23,13.81,0.00145,44858.0,61855.476
000903,2026-09-23,1.97,-0.029557000000000003,210604.4,42120.7678
000905,2026-09-23,8.92,-0.044968,254475.0,229493.938
000906,2026-09-23,6.14,-0.008078,66467.0,41075.883
000908,2026-09-23,6.02,-0.013115000000000002,110475.0,66689.137
000909,2026-09-23,5.46,-0.042105,72317.0,40005.376
000910,2026-09-23,7.58,0.100145,301625.34,224213.58738
000911,2026-09-23,5.16,-0.026415,87650.7,45743.734
000912,2026-09-23,4.0,-0.052133000000000006,520155.6,210047.74354
000913,2026-09-23,10.66,-0.012048000000000001,29129.58,31145.19728
000915,2026-09-23,24.22,0.000826,14176.0,34346.417
000917,2026-09-23,6.93,-0.025316,199442.84,139354.33857
000919,2026-09-23,6.49,-0.02259,100007.0,65482.139
000920,2026-09-23,12.41,-0.028191,184795.1,230163.46295
000921,2026-09-23,26.47,-0.008614,45411.27,120951.66969
000922,2026-09-23,12.32,0.009009,56915.52,69704.02636
000923,2026-09-23,16.36,-0.014458,121482.72,200075.33704
000925,2026-09-23,8.02,-0.017157,138484.0,111494.982
000926,2026-09-23,2.19,0.018605,577110.37,126414.71119
000927,2026-09-23,2.44,-0.016129,395602.68,97387.93396
000928,2026-09-23,5.36,-0.009242,125982.0,67927.785
000929,2026-09-23,9.2,-0.008621,31706.0,29342.511
000930,2026-09-23,5.42,0.0018479999999999998,593017.27,321066.7169
000931,2026-09-23,4.57,-0.025586,190540.02,87734.93867
000932,2026-09-23,3.54,-0.008403,720261.11,256449.64943
000933,2026-09-23,26.12,-0.009856,242702.02,633625.49589
000935,2026-09-23,20.6,0.007335,46657.18,95984.65614
000936,2026-09-23,5.54,-0.0035970000000000004,208472.0,116838.63
000937,2026-09-23,4.39,-0.020089000000000003,316414.9,139446.2042
000938,2026-09-23,33.66,-0.003257,961790.71,3230513.62192
000948,2026-09-23,13.38,-0.031838000000000005,78306.36,105919.55788
000949,2026-09-23,6.94,0.001443,215263.65,149023.2912
000950,2026-09-23,5.22,-0.013233,129253.77,67891.62321
000951,2026-09-23,20.26,0.000988,77309.41,156923.98403
000952,2026-09-23,6.56,-0.019432,70364.2,46209.6526
000953,2026-09-23,6.08,-0.014587000000000001,61497.0,37678.375
000955,2026-09-23,3.96,-0.038835,143369.02,57519.54716
000957,2026-09-23,9.85,-0.015,112863.0,112435.82264
000958,2026-09-23,5.03,-0.009843,90118.45,45547.66425
000959,2026-09-23,3.47,-0.014205,218735.2,76838.9214
000960,2026-09-23,33.28,-0.01217,178058.19,594877.96608
000962,2026-09-23,61.04,0.008426,140246.77,847850.47625
000963,2026-09-23,26.5,-0.004508,77078.67,204567.86855
000965,2026-09-23,3.37,-0.0059,311513.3,106514.75554
000966,2026-09-23,3.9,-0.032258,491420.71,193774.39503
000967,2026-09-23,8.1,-0.008568,458163.57,369818.0015
000968,2026-09-23,6.85,-0.03385,166536.85,115102.32811
000969,2026-09-23,17.42,0.00927,130174.36,224992.61136
000970,2026-09-23,11.57,-0.016156,140701.61,163232.39044
000972,2026-09-23,4.07,-0.007317000000000001,147847.0,60845.611
000973,2026-09-23,11.76,-0.017544,202946.13,239508.5807
000975,2026-09-23,24.28,0.003306,213917.2,519208.83549
000977,2026-09-23,71.27,-0.012197,381427.59,2725577.36234
000978,2026-09-23,8.79,0.046429,1426974.92,1235059.40449
000980,2026-09-23,2.2,0.009174,5196067.6,1159469.69492
000981,2026-09-23,2.81,-0.024306,6324733.75,1804709.76597
000983,2026-09-23,6.49,-0.019637,412393.58,268839.64934
000985,2026-09-23,17.33,-0.02035,17986.0,31273.583
000987,2026-09-23,7.41,-0.0067020000000000005,151367.77,112633.18869
000988,2026-09-23,106.06,-0.009618,267306.45,2845267.23231
000989,2026-09-23,8.67,-0.01812,122067.65,106375.30755
000990,2026-09-23,6.44,-0.024242,254616.6,165272.3318
000993,2026-09-23,18.82,-0.099952,405999.0,764107.467
000995,2026-09-23,11.81,0.005963,329281.87,398553.94174
000997,2026-09-23,19.7,-0.0030359999999999996,84432.87,165873.14502
000998,2026-09-23,8.89,-0.013319000000000001,263085.13,233963.70685
000999,2026-09-23,23.76,-0.003356,63286.09,150206.79218
001201,2026-09-23,16.02,-0.017178,116096.12,189267.20183
001202,2026-09-23,15.04,-0.006605,18211.47,27186.02817
001203,2026-09-23,23.58,-0.03912,147633.68,349744.91369
001205,2026-09-23,14.52,-0.005479,16358.78,23756.65046
001206,2026-09-23,17.04,-0.013318000000000002,19529.56,33318.2678
001207,2026-09-23,18.21,-0.023069000000000003,37875.57,69260.75426
001208,2026-09-23,13.48,-0.034384,134470.92,182659.45524
001209,2026-09-23,19.08,0.008457,38224.01,73089.90707
001210,2026-09-23,29.1,-0.020861,31290.0,91858.2154
001211,2026-09-23,26.06,0.018367,52059.54,135997.91851
001212,2026-09-23,38.83,0.004657,70231.74,271394.76782
001213,2026-09-23,3.49,-0.005698,34659.0,12146.823
001215,2026-09-23,33.71,0.00687,27732.6,93168.75874
001216,2026-09-23,28.31,0.06951299999999999,570370.92,1626331.87111
001217,2026-09-23,11.0,0.002735,48147.0,53045.177
001218,2026-09-23,24.18,-0.002064,13341.6,32296.3216
001219,2026-09-23,12.75,-0.000784,13694.83,17434.81135
001220,2026-09-23,31.95,-0.002498,8784.95,28174.56291
001221,2026-09-23,35.8,0.00252,19639.74,70085.10115
001222,2026-09-23,15.75,-0.017467,31240.0,49419.533
001223,2026-09-23,44.56,0.000449,19484.0,87542.0464
001225,2026-09-23,37.03,0.018147,23004.6,85352.0284
001226,2026-09-23,46.5,0.007584,9927.92,46013.51204
001227,2026-09-23,2.1,-0.004739,356844.52,75163.9982
001228,2026-09-23,37.35,0.068975,48995.26,180865.17606
001229,2026-09-23,39.15,-0.018550999999999998,34033.2,132983.66766
001230,2026-09-23,19.35,-0.003091,23294.24,44918.1022
001231,2026-09-23,22.77,0.005742000000000001,11198.0,25488.029
001232,2026-09-23,205.85,0.042648,52392.99,1071566.23094
001233,2026-09-23,46.01,-0.010324999999999999,21019.84,97333.81424
001234,2026-09-23,32.18,0.100171,27844.3,89602.9574
001236,2026-09-23,7.79,-0.033499,99664.9,78291.3062
001237,2026-09-23,51.02,-0.002346,7317.0,37385.27954
001238,2026-09-23,26.42,0.011097999999999998,17423.0,46232.5311
001239,2026-09-23,12.08,-0.0008269999999999999,16613.04,20093.87108
001248,2026-09-23,11.81,-0.011715,292861.01,347305.95845
001255,2026-09-23,27.0,-0.004425,6205.0,16708.388
001256,2026-09-23,22.21,0.017407,16331.0,36062.328
001257,2026-09-23,22.84,-0.020163,62369.9,143026.31246
001258,2026-09-23,10.62,-0.09308299999999999,1088087.46,1180075.10943
001259,2026-09-23,46.0,-0.05892,18188.0,85566.295
001260,2026-09-23,19.28,-0.04931,104350.53,204960.63589
001266,2026-09-23,37.62,-0.003444,100402.7,381255.3394
001267,2026-09-23,37.81,-0.00995,205573.01,783748.47028
001268,2026-09-23,27.17,0.022582,137582.5,366584.836
001269,2026-09-23,19.49,0.009322,19225.04,37462.55452
001270,2026-09-23,99.19,-0.008001000000000001,33601.49,332523.55312
001277,2026-09-23,30.63,-0.004226,8589.3,26240.37917
001278,2026-09-23,16.71,0.005415,23794.0,39610.993
001279,2026-09-23,26.43,-0.00751,5647.0,14956.77
001280,2026-09-23,62.92,-0.003011,16707.76,105187.35929
001282,2026-09-23,16.52,0.003645,55869.72,92152.2871
001283,2026-09-23,47.57,-0.026202999999999997,30787.39,147930.58302
001285,2026-09-23,42.78,0.000468,5630.98,24146.3574
001286,2026-09-23,9.43,-0.015658000000000002,156139.58,148083.28126
001287,2026-09-23,25.2,0.009211,137995.05,346633.00743
001288,2026-09-23,33.69,0.059767,88163.61,289394.16939
001289,2026-09-23,14.99,-0.009908,25694.38,38618.10762
001296,2026-09-23,20.62,0.026381,44678.4,90891.2782
001298,2026-09-23,17.13,0.002341,63240.3,108261.06355
001299,2026-09-23,10.32,-0.01244,55673.74,57585.13763
001300,2026-09-23,12.42,-0.021277,53834.0,67136.436
001301,2026-09-23,48.63,-0.028954,54261.54,264597.5342
001306,2026-09-23,56.82,-0.0043809999999999995,8876.34,50131.18844
001308,2026-09-23,18.25,0.0049559999999999995,18681.12,34120.2862
001309,2026-09-23,410.32,-0.003037,79664.92,3291952.91417
001311,2026-09-23,17.14,-0.004646,24921.87,42824.05291
001312,2026-09-23,18.02,-0.005519,17404.0,31461.276
001313,2026-09-23,7.46,0.002688,101514.0,75710.42
001314,2026-09-23,56.02,0.019472,37088.0,206895.732
001316,2026-09-23,28.44,-0.015917,33419.33,94917.6662
001317,2026-09-23,59.36,-0.100061,118403.79,718069.02889
001318,2026-09-23,11.7,-0.010989,24292.0,28421.99
001319,2026-09-23,22.03,-0.013434999999999999,16237.0,36150.143
001322,2026-09-23,6.71,-0.034532,278107.46,194509.56052
001323,2026-09-23,17.98,0.012386999999999999,21372.12,38694.73744
001324,2026-09-23,21.18,-0.021257,36402.96,77932.54396
001325,2026-09-23,36.9,-0.009130000000000001,8305.75,30657.514
001326,2026-09-23,107.0,0.08574299999999999,44431.02,469831.57796
001328,2026-09-23,29.76,-0.01847,5579.44,16710.07324
001330,2026-09-23,5.75,0.041666999999999996,1912422.9,1052904.92136
001331,2026-09-23,42.78,-0.060812,116873.17,517046.88768
001332,2026-09-23,27.49,-0.019615,23558.2,65114.3416
001333,2026-09-23,20.6,0.023348,28448.0,58074.517
001335,2026-09-23,33.67,0.000594,5098.67,17126.81245
001336,2026-09-23,19.44,-0.015198,21892.19,42463.43423
001337,2026-09-23,48.73,-0.013762000000000002,58276.99,286018.777
001338,2026-09-23,9.18,0.007684,106809.22,98669.75722
001339,2026-09-23,79.7,-0.01968,37171.11,297587.03284
001356,2026-09-23,9.46,-0.009424,33291.0,31590.084
001358,2026-09-23,24.73,-0.0108,16051.0,39572.318
001359,2026-09-23,92.15,0.022751999999999998,23211.13,213514.70005
001360,2026-09-23,20.25,-0.038462,39979.0,82166.08703
001365,2026-09-23,36.5,-0.002187,49583.45,180525.06646
001366,2026-09-23,13.09,-0.022404999999999998,41500.0,54609.747
001367,2026-09-23,22.05,0.026536,34213.18,75836.6381
001368,2026-09-23,37.53,0.089721,88791.12,325440.77195
001369,2026-09-23,12.45,-0.0055910000000000005,39131.69,48904.05451
001373,2026-09-23,31.39,0.008676,52014.1,163373.81646
001376,2026-09-23,12.42,-0.0387,332133.25,412274.5197
001378,2026-09-23,23.48,0.0034189999999999997,64100.12,149656.0694
001379,2026-09-23,15.83,-0.00252,10702.13,16959.90879
001380,2026-09-23,18.82,0.011284,13321.76,24968.16528
001382,2026-09-23,16.42,-0.009649999999999999,14272.04,23510.0546
001386,2026-09-23,16.38,-0.00122,35659.7,58455.21519
001387,2026-09-23,12.25,0.025105,35252.9,42705.2563
001388,2026-09-23,20.38,-0.025813000000000003,29718.28,60824.46556
001389,2026-09-23,192.25,-0.032216999999999996,203552.67,4010925.72677
001390,2026-09-23,17.76,0.011966000000000001,27410.05,48856.52653
001391,2026-09-23,3.85,-0.020356,344115.45,133216.08466
001393,2026-09-23,43.41,0.026241,45233.04,195918.17216
001395,2026-09-23,30.95,0.027555999999999997,21587.25,66080.26524
001396,2026-09-23,32.76,0.002755,4845.69,15858.13268
001399,2026-09-23,23.77,0.010629,322047.53,765075.36586
001400,2026-09-23,78.38,0.018451,23325.73,180434.31751
001696,2026-09-23,16.42,0.032055,618763.55,1004879.40727
001872,2026-09-23,22.81,-0.004365,12608.04,28861.06112
001896,2026-09-23,11.34,-0.065898,1014752.36,1171324.98361
001965,2026-09-23,9.86,0.006122,80005.9,78640.27284
001979,2026-09-23,7.25,-0.002751,1582876.98,1166390.67044
002001,2026-09-23,26.34,-0.012003,135975.09,358992.1476
002003,2026-09-23,11.25,-0.003543,71057.3,80210.0338
002004,2026-09-23,4.37,-0.00907,203515.0,89622.774
002005,2026-09-23,2.66,-0.007463,321157.01,85786.19367
002006,2026-09-23,13.49,0.000742,37110.01,50106.66047
002007,2026-09-23,13.3,0.002261,107323.29,143353.35299
002008,2026-09-23,92.98,-0.013579,309578.64,2902665.55261
002009,2026-09-23,15.66,0.002561,60036.66,93556.92308
002010,2026-09-23,4.55,-0.00655,97683.35,44639.39297
002011,2026-09-23,14.33,-0.029133,406511.17,585616.70771
002012,2026-09-23,7.1,-0.015257,81633.0,58296.788
002014,2026-09-23,10.9,-0.003656,9301.11,10166.48379
002015,2026-09-23,15.27,-0.049191000000000006,688679.84,1069533.66896
002016,2026-09-23,4.77,0.0,135896.68,65500.94667
002017,2026-09-23,14.46,-0.032129,166370.9,241466.42541
002019,2026-09-23,9.55,-0.004171,53072.01,50847.09656
002020,2026-09-23,11.68,0.004299,76909.34,89792.50246
002021,2026-09-23,2.57,-0.019084,209680.92,54417.00646
002022,2026-09-23,6.05,-0.022616999999999998,261365.17,159043.22557
002023,2026-09-23,9.83,-0.022863,162405.32,160735.14402
002024,2026-09-23,1.16,-0.008547,130753.79,15193.27764
002025,2026-09-23,72.29,-0.012432,74070.95,540489.81639
002026,2026-09-23,11.37,0.033636,228679.85,259563.4661
002027,2026-09-23,4.75,0.0,873504.41,415151.00564
002028,2026-09-23,128.56,0.001246,159620.03,2038961.19568
002029,2026-09-23,8.42,-0.075741,370282.84,317881.15127
002030,2026-09-23,5.6,0.003584,205996.44,116015.63644
002031,2026-09-23,5.27,-0.001894,840507.55,440202.65405
002032,2026-09-23,39.1,-0.005089,13004.0,51227.367
002033,2026-09-23,8.38,-0.0035670000000000003,109536.88,92019.8254
002034,2026-09-23,14.4,-0.0068969999999999995,31055.0,44842.411
002035,2026-09-23,4.68,0.015184,287317.17,136287.40814
002036,2026-09-23,6.26,-0.017268,189282.34,119453.41105
002037,2026-09-23,6.9,-0.018491999999999998,41130.08,28604.0036
002038,2026-09-23,5.78,-0.021997,195591.36,113735.94208
002039,2026-09-23,19.03,-0.007821,42918.84,81869.93722
002040,2026-09-23,9.04,-0.026911,169708.9,153676.5867
002041,2026-09-23,10.24,-0.021968,245677.01,252561.71568
002042,2026-09-23,3.9,-0.034653,576918.43,225564.22234
002043,2026-09-23,11.66,0.028218999999999998,186527.85,219044.78396
002044,2026-09-23,4.48,-0.023965,561970.41,253769.50635
002045,2026-09-23,9.09,-0.032979,221687.06,202451.27928
002046,2026-09-23,66.1,0.028154,188116.48,1245737.49768
002047,2026-09-23,3.24,-0.038576,248327.0,81251.609
002048,2026-09-23,18.45,-0.005391,83873.12,154294.90532
002049,2026-09-23,61.37,-0.007921000000000001,88532.74,543917.63511
002050,2026-09-23,35.99,-0.005801,263337.85,948088.97814
002051,2026-09-23,9.13,0.015572999999999998,456030.42,419465.45141
002052,2026-09-23,8.44,-0.003542,56125.0,47339.43325
002053,2026-09-23,9.35,-0.020942,63199.0,59339.076
002054,2026-09-23,7.21,0.009804,77520.0,55853.436
002055,2026-09-23,6.9,-0.012876,184774.0,128066.665
002056,2026-09-23,20.41,0.003935,134908.88,274009.27678
002057,2026-09-23,9.13,0.0,71464.75,65159.0715
002058,2026-09-23,17.34,-0.024198,22768.0,39665.46
002059,2026-09-23,4.55,-0.008715,723874.0,331741.281
002060,2026-09-23,3.04,-0.0032790000000000002,142829.92,43520.27676
002061,2026-09-23,3.33,-0.00597,155407.0,52035.4936
002062,2026-09-23,9.58,-0.001043,145791.25,138933.9087
002063,2026-09-23,5.29,-0.016729,171029.58,91196.86405
002064,2026-09-23,9.83,-0.011066,229985.72,227411.74516
002065,2026-09-23,6.66,-0.020588000000000002,233936.41,156684.00488
002066,2026-09-23,20.25,-0.002463,19903.0,40164.542
002067,2026-09-23,4.02,-0.019512,191074.69,77406.56669
002068,2026-09-23,9.86,-0.047343,604371.8,600958.15381
002069,2026-09-23,3.68,-0.016043,119388.0,44020.639
002072,2026-09-23,7.33,0.002736,87529.0,63375.149
002073,2026-09-23,5.67,-0.012195000000000001,77508.0,44298.723
002074,2026-09-23,27.28,-0.016228,320028.61,874271.60164
002075,2026-09-23,3.53,-0.011204,286439.6,102096.9684
002076,2026-09-23,2.11,-0.023148,225840.0,47806.725
002077,2026-09-23,14.19,0.007097,450898.55,630045.92101
002078,2026-09-23,13.74,0.004386,126294.46,173836.67444
002079,2026-09-23,9.08,0.002208,177624.43,161233.97415
002080,2026-09-23,60.7,-0.0288,617303.05,3790896.13008
002081,2026-09-23,5.32,0.017208,4000201.67,2167347.58426
002082,2026-09-23,11.37,0.022482000000000002,247448.03,285164.30461
002083,2026-09-23,9.58,-0.025432,224355.0,215529.393
002084,2026-09-23,6.47,0.010938000000000002,1250935.33,801172.02645
002085,2026-09-23,9.52,-0.011423,213195.39,204370.13957
002086,2026-09-23,2.05,-0.009661999999999999,551361.35,112219.12879
002088,2026-09-23,8.18,0.00615,20913.0,17110.95197
002090,2026-09-23,9.05,-0.013086,44229.0,40267.283
002091,2026-09-23,7.53,-0.0026490000000000003,64622.0,48838.289
002092,2026-09-23,4.41,-0.024336000000000003,306452.0,136204.902
002093,2026-09-23,7.58,-0.021934999999999996,330750.56,249233.13689
002094,2026-09-23,5.13,-0.046467999999999995,316402.34,164253.13208
002095,2026-09-23,15.7,-0.032059000000000004,102249.85,160793.1919
002096,2026-09-23,9.34,-0.004264,25151.0,23600.746
002097,2026-09-23,6.99,-0.019635,162558.02,114864.9202
002098,2026-09-23,8.18,-0.007281999999999999,39478.0,32387.902
002099,2026-09-23,5.94,0.055062,444850.34,257454.99703
002100,2026-09-23,7.74,-0.014013,120976.0,94097.273
002101,2026-09-23,8.63,-0.011455,26205.19,22743.46563
002102,2026-09-23,2.71,-0.018116,95610.0,26268.326
002103,2026-09-23,6.74,-0.023188,124573.0,83704.99
002104,2026-09-23,10.93,-0.06421199999999999,598681.98,663661.11478
002105,2026-09-23,6.11,0.0032840000000000005,74288.0,45142.465
002106,2026-09-23,13.9,0.05064199999999999,675325.91,914291.54735
002107,2026-09-23,7.21,-0.016371,166001.8,120630.0724
002108,2026-09-23,4.36,-0.006834,113934.78,49713.1955
002109,2026-09-23,2.77,-0.014235,38609.0,10739.298
002110,2026-09-23,2.88,-0.0068969999999999995,338709.08,98272.78404
002111,2026-09-23,9.39,-0.0063490000000000005,47737.2,44906.685
002112,2026-09-23,14.13,-0.032192,92413.03,131329.07028
002114,2026-09-23,7.24,-0.017639000000000002,47215.0,34269.745
002115,2026-09-23,10.0,-0.021526,276583.33,277500.34346
002116,2026-09-23,7.15,-0.0069440000000000005,21998.4,15774.7306
002117,2026-09-23,7.99,-0.00125,58045.38,46356.01138
002119,2026-09-23,26.92,0.100123,573243.56,1478905.67829
002120,2026-09-23,6.88,0.001456,231128.0,159288.2
002121,2026-09-23,4.41,0.004556,487509.29,217034.88822
002122,2026-09-23,2.74,-0.014388000000000001,55132.0,15187.953
002123,2026-09-23,7.97,-0.040915,269499.0,216664.292
002124,2026-09-23,2.04,-0.059908,1784023.69,370486.3516
002125,2026-09-23,12.14,-0.007359,62306.84,75771.52276
002126,2026-09-23,38.33,-0.005449000000000001,77029.92,295859.47507
002127,2026-09-23,2.92,-0.042622999999999994,559251.87,165127.4428
002128,2026-09-23,28.08,-0.005666,97677.0,273525.524
002129,2026-09-23,9.61,0.0,925314.4,888187.65729
002130,2026-09-23,16.57,-0.016033,259203.04,432545.78462
002131,2026-09-23,4.41,-0.053648,3452183.4,1543475.34286
002132,2026-09-23,4.15,-0.014252,296371.44,123491.60266
002133,2026-09-23,2.87,-0.006919999999999999,177180.2,51427.7384
002134,2026-09-23,27.47,0.019295,286348.28,797263.73427
002135,2026-09-23,6.17,-0.001618,105416.39,65254.70768
002136,2026-09-23,11.78,-0.007582,37797.0,44490.783
002137,2026-09-23,8.27,-0.027059000000000003,354478.0,294724.357
002138,2026-09-23,54.66,0.005704,254395.19,1381660.07312
002139,2026-09-23,9.63,-0.001037,85712.56,82833.35661
002140,2026-09-23,9.4,-0.008439,45718.97,42928.57168
002141,2026-09-23,7.1,-0.044414999999999996,2540303.03,1830041.77727
002142,2026-09-23,34.72,0.0,177329.62,613013.49274
002144,2026-09-23,10.84,-0.0055049999999999995,27868.0,30229.587
002145,2026-09-23,4.86,0.034043000000000004,1006249.15,487586.62552
002146,2026-09-23,1.27,0.024194,4858277.59,635563.20706
002148,2026-09-23,6.37,-0.037764,207127.13,133239.72568
002149,2026-09-23,32.91,-0.020243999999999998,99066.8,327594.4156
002150,2026-09-23,21.88,0.008295,81634.0,177271.93552
002151,2026-09-23,29.84,0.003025,266986.18,805054.85199
002152,2026-09-23,9.18,-0.016076999999999998,177619.25,163927.266
002153,2026-09-23,7.66,-0.031606,197753.91,152512.97516
002154,2026-09-23,3.82,-0.007792,166861.02,63976.85462
002155,2026-09-23,24.82,-0.0072,291477.35,726983.64468
002156,2026-09-23,62.8,-0.011335,745301.21,4738870.75569
002157,2026-09-23,2.96,-0.016611,1259644.03,374473.01297
002158,2026-09-23,28.28,0.00784,52287.99,147634.67639
002159,2026-09-23,13.46,-0.004438,21930.0,29582.569
002160,2026-09-23,3.88,-0.010204,83121.0,32415.681
002161,2026-09-23,6.74,-0.027416999999999997,414043.87,280776.83048
002162,2026-09-23,4.15,-0.014252,172245.58,72059.1345
002163,2026-09-23,7.6,-0.040404,285695.71,219837.66944
002164,2026-09-23,11.87,0.011073,433457.63,497952.16803
002165,2026-09-23,7.01,-0.050136,688171.51,488851.57096
002166,2026-09-23,6.75,-0.004425,53704.05,36279.4258
002167,2026-09-23,16.36,-0.013864000000000001,298233.59,486075.55921
002168,2026-09-23,3.58,-0.02981,58965.0,21355.672
002169,2026-09-23,13.88,-0.042098000000000003,374822.8,526944.08752
002170,2026-09-23,10.81,-0.0009239999999999999,89853.0,96842.796
002171,2026-09-23,10.65,0.002825,452389.26,482348.39099
002172,2026-09-23,5.35,-0.044642999999999995,1525649.91,827656.44243
002173,2026-09-23,18.06,-0.033191,221135.6,402853.60761
002174,2026-09-23,14.33,-0.004861,343408.48,491094.7618
002175,2026-09-23,2.51,-0.015686,77223.2,19513.9132
002176,2026-09-23,8.4,-0.023256000000000002,332589.17,280760.19989
002177,2026-09-23,5.5,-0.043478,249063.88,138273.64612
002178,2026-09-23,5.1,-0.08765700000000001,1148476.76,597498.83409
002179,2026-09-23,34.77,-0.011654,133624.52,466221.94133
002180,2026-09-23,17.13,-0.033296,124914.39,215955.73968
002181,2026-09-23,9.12,-0.061728,693979.37,642053.27623
002182,2026-09-23,11.66,0.0025800000000000003,73621.03,85637.75389
002183,2026-09-23,4.3,-0.027149,449062.26,195175.9068
002184,2026-09-23,9.93,-0.00501,20344.85,20174.59505
002185,2026-09-23,18.37,0.004923,3314653.57,6037596.52474
002186,2026-09-23,9.51,-0.00627,32448.0,30911.886
002187,2026-09-23,5.49,-0.02139,89625.4,49650.0592
002188,2026-09-23,5.71,0.017825,137264.82,78471.56168
002189,2026-09-23,19.21,-0.006208,18092.01,34617.83914
002190,2026-09-23,23.75,-0.022231,39672.48,94734.63881
002191,2026-09-23,3.62,-0.013624,93363.0,33976.27
002192,2026-09-23,60.83,-0.029670000000000002,91408.29,559476.26604
002193,2026-09-23,4.66,0.0,30174.0,14125.008
002194,2026-09-23,10.67,-0.027347,270483.43,289021.88896
002195,2026-09-23,6.09,-0.019323999999999997,568831.7,348285.18019
002196,2026-09-23,10.09,-0.011753,96907.7,97970.2217
002197,2026-09-23,6.52,-0.031204,162527.0,106395.05999
002198,2026-09-23,3.63,-0.018919,22110.0,8060.10693
002199,2026-09-23,12.45,-0.026583000000000002,68894.47,86308.91239
002200,2026-09-23,6.5,-0.010653999999999999,25134.0,16403.216
002201,2026-09-23,10.04,-0.045627,489313.21,496694.42659
002202,2026-09-23,17.83,-0.007791,468738.09,837164.40049
002203,2026-09-23,18.53,0.020937,235414.73,435601.7527
002204,2026-09-23,5.38,-0.012844,280145.42,151534.68588
002205,2026-09-23,11.62,0.068997,107265.51,125544.34396
002206,2026-09-23,4.98,0.002012,53253.03,26510.53797
002207,2026-09-23,5.45,-0.018018,39796.06,21741.57876
002208,2026-09-23,10.34,-0.007678000000000001,327884.6,343442.86164
002209,2026-09-23,13.62,0.011887000000000002,33667.0,45338.21
002210,2026-09-23,2.09,-0.032407,628267.49,132996.33039
002211,2026-09-23,3.81,-0.0026179999999999997,32170.01,12290.12781
002212,2026-09-23,7.06,-0.035518999999999995,904990.39,645273.82589
002213,2026-09-23,29.34,0.008594000000000001,93341.71,272368.75451
002214,2026-09-23,18.54,-0.004830999999999999,47530.8,88579.9918
002215,2026-09-23,9.76,-0.004082,96795.87,94740.15193
002216,2026-09-23,11.57,-0.011111,36289.8,42322.006
002217,2026-09-23,1.55,-0.037267,1409228.0,221411.837
002218,2026-09-23,3.89,-0.067146,1148631.73,450295.62351
002219,2026-09-23,2.08,-0.037037,1159003.0,244216.744
002221,2026-09-23,5.7,-0.008696,103164.99,58879.55185
002222,2026-09-23,69.93,-0.017147,226048.79,1578335.56423
002223,2026-09-23,26.78,0.007904,76767.16,205460.85515
002224,2026-09-23,3.71,-0.018519,83070.0,30972.242
002225,2026-09-23,3.49,-0.022409,223184.0,78532.295
002226,2026-09-23,5.15,-0.055046,455526.56,239846.04676
002227,2026-09-23,6.46,0.0,6300.0,4074.843
002228,2026-09-23,3.17,-0.018576,162991.8,52102.7604
002229,2026-09-23,10.62,-0.046679000000000005,304579.77,327215.94322
002230,2026-09-23,38.72,-0.010225,137065.5,531733.32416
002232,2026-09-23,15.16,-0.029449,112107.95,171557.65964
002233,2026-09-23,7.12,-0.002801,233526.47,166933.68343
002234,2026-09-23,7.83,-0.013854,30281.74,23795.75892
002235,2026-09-23,7.84,-0.029703,185199.0,146452.86598
002236,2026-09-23,15.85,-0.0025169999999999997,151560.79,240200.88229
002237,2026-09-23,13.33,-0.019132,178493.63,238854.40187
002238,2026-09-23,7.66,0.100575,114406.13,87635.09558
002239,2026-09-23,2.48,-0.011952,453711.61,113690.37003
002240,2026-09-23,26.62,-0.030237,194069.14,519302.43996
002241,2026-09-23,24.45,-0.007711,1056049.11,2602324.38265
002242,2026-09-23,9.76,0.023060999999999998,244921.73,238756.02542
002243,2026-09-23,7.05,-0.013986,76808.1,54588.9877
002244,2026-09-23,8.6,-0.017143,518848.21,454084.30446
002245,2026-09-23,16.86,-0.000593,410139.95,688666.78729
002246,2026-09-23,25.59,-0.063666,663530.25,1756763.91951
002247,2026-09-23,2.44,-0.00813,172200.0,42094.498
002248,2026-09-23,9.54,-0.00625,140354.45,133234.98425
002249,2026-09-23,6.44,-0.009231,213945.18,137931.70241
002250,2026-09-23,14.74,0.020069,113480.29,166573.20546
002251,2026-09-23,3.48,-0.022472,675035.18,236605.45547
002252,2026-09-23,4.97,-0.0020080000000000002,304743.38,152099.753
002253,2026-09-23,9.24,-0.10029199999999999,18163.0,16782.612
002254,2026-09-23,12.75,0.01432,146893.91,186538.02597
002255,2026-09-23,7.59,-0.007843,51633.02,39311.65322
002256,2026-09-23,3.17,-0.024615,287080.0,91554.609
002258,2026-09-23,14.74,-0.008075,203898.44,299329.57409
002259,2026-09-23,4.78,-0.038229,673403.34,329318.54952
002261,2026-09-23,25.24,-0.02473,305641.55,776401.84154
002262,2026-09-23,22.0,0.007326,36856.09,81081.84728
002263,2026-09-23,3.17,-0.009375,442306.08,141318.48544
002264,2026-09-23,7.44,-0.066499,821644.05,620268.66855
002265,2026-09-23,19.62,-0.00859,114926.17,224676.9933
002266,2026-09-23,4.79,-0.04008,716999.51,347667.73246
002267,2026-09-23,7.12,-0.008357,32743.0,23385.853
002268,2026-09-23,14.92,-0.012574,114519.61,170978.34799
002269,2026-09-23,1.39,-0.021126999999999996,573239.0,80708.745
002270,2026-09-23,17.93,-0.016456,86777.6,155796.00249
002271,2026-09-23,10.7,-0.0018659999999999998,411285.72,444597.81182
002272,2026-09-23,16.02,-0.024361,204731.13,332876.64081
002273,2026-09-23,26.19,0.013153,345915.69,905493.8981
002274,2026-09-23,6.14,-0.006472,224145.9,136481.77438
002275,2026-09-23,12.23,-0.004072,9368.12,11474.3204
002276,2026-09-23,9.91,-0.010978000000000002,104547.0,103998.702
002277,2026-09-23,5.36,-0.016514,159280.0,85768.821
002278,2026-09-23,7.91,-0.016169,99836.47,80023.79677
002279,2026-09-23,6.66,-0.049928999999999994,437101.53,295428.7304
002281,2026-09-23,190.0,-0.001944,196756.27,3736563.21856
002282,2026-09-23,6.07,-0.0049180000000000005,25691.01,15639.80807
002283,2026-09-23,7.99,-0.014797,132115.1,105732.5928
002284,2026-09-23,9.59,-0.022425999999999998,169948.46,164175.65542
002285,2026-09-23,3.17,-0.009375,4110944.84,1373545.0657
002286,2026-09-23,8.75,0.10062900000000001,394752.86,335566.64366
002287,2026-09-23,19.55,-0.008118,10571.08,20815.28244
002289,2026-09-23,35.94,-0.023635000000000003,34640.0,125212.894
002290,2026-09-23,74.65,-0.041105,172198.14,1302813.05216
002291,2026-09-23,5.49,-0.038529,336547.39,186341.14741
002292,2026-09-23,8.71,-0.046002,467323.67,412366.60745
002293,2026-09-23,10.78,0.002791,17567.88,18908.9641
002294,2026-09-23,30.98,-0.0064139999999999996,72229.82,224386.58072
002295,2026-09-23,10.18,-0.029552000000000002,121896.8,125600.95193
002296,2026-09-23,9.55,0.007383999999999999,90856.34,86421.71236
002297,2026-09-23,21.3,-0.025618,571941.32,1228641.79133
002298,2026-09-23,8.62,-0.039019,418724.23,365367.06343
002299,2026-09-23,15.91,-0.013027,51330.33,82156.76236
002300,2026-09-23,7.98,-0.039710999999999996,600712.29,479929.68967
002301,2026-09-23,8.76,-0.055015999999999995,605565.53,539274.24636
002302,2026-09-23,4.79,0.016985,140045.58,67480.13359
002303,2026-09-23,6.7,-0.028986,2206665.09,1503633.4615
002304,2026-09-23,38.03,-0.008344,55667.84,213428.05805
002305,2026-09-23,2.02,-0.009804,266757.13,54854.40366
002306,2026-09-23,2.19,-0.013514,82492.0,18062.748
002307,2026-09-23,2.99,-0.009934,251438.48,75831.28188
002309,2026-09-23,2.82,-0.047297000000000006,1243347.0,355517.73003
002310,2026-09-23,2.23,-0.02193,897137.7,201028.02922
002311,2026-09-23,41.44,-0.015677,84626.7,351175.81555
002312,2026-09-23,8.41,-0.027746,258250.0,219197.4537
002313,2026-09-23,9.31,0.001075,595573.14,566787.08048
002314,2026-09-23,2.34,0.008621,627927.19,149990.68573
002315,2026-09-23,25.6,-0.010437,115979.38,298340.0622
002316,2026-09-23,4.25,-0.029679999999999998,145078.0,62277.144
002317,2026-09-23,24.92,-0.023128000000000003,178042.0,448540.9208
002318,2026-09-23,18.31,0.003838,38176.0,69579.577
002319,2026-09-23,10.06,-0.010816,51948.0,52755.224
002320,2026-09-23,6.41,-0.038981,369093.79,239452.20964
002321,2026-09-23,2.06,-0.072072,1353046.1,284886.38413
002322,2026-09-23,12.0,-0.011532,38080.0,45742.84353
002323,2026-09-23,1.25,-0.015747999999999998,317063.1,39875.71173
002324,2026-09-23,9.13,-0.006529,100632.95,92042.05435
002326,2026-09-23,16.96,-0.012806,125234.06,212691.51243
002327,2026-09-23,6.12,0.0,20043.0,12244.518
002328,2026-09-23,8.92,0.017103999999999998,785954.08,703360.47202
002329,2026-09-23,3.63,-0.018919,251668.51,91449.81752
002330,2026-09-23,4.08,-0.012107000000000001,84613.0,34585.75
002331,2026-09-23,6.84,-0.008696,63010.0,42861.551
002332,2026-09-23,8.73,-0.001144,91786.5,80369.1025
002333,2026-09-23,5.79,0.030249,167655.0,96723.873
002334,2026-09-23,6.54,-0.007587,141735.1,93519.03924
002335,2026-09-23,32.63,0.078321,750074.76,2400854.7681
002337,2026-09-23,4.87,0.020964,230411.8,111386.0802
002338,2026-09-23,46.7,0.03433,104945.85,486966.70211
002339,2026-09-23,7.49,-0.039744,372798.79,281127.29865
002340,2026-09-23,6.22,-0.00639,337983.08,210776.27062
002342,2026-09-23,7.54,-0.040712,411040.02,313538.67724
002343,2026-09-23,5.8,-0.010239,196915.01,112657.78964
002344,2026-09-23,3.98,-0.007481,69536.19,27983.80719
002345,2026-09-23,8.61,-0.010345,99049.16,85727.40993
002346,2026-09-23,18.52,-0.02935,75287.82,139930.86892
002347,2026-09-23,5.76,-0.023729,91921.0,53263.397
002348,2026-09-23,10.86,-0.008218999999999999,88581.0,95885.517
002349,2026-09-23,8.57,-0.019451,581474.27,501684.25312
002350,2026-09-23,13.94,-0.012048000000000001,74024.49,103379.44147
002351,2026-09-23,10.03,-0.014735,52245.95,52867.4546
002352,2026-09-23,30.89,-0.001616,86678.34,268335.0957
002353,2026-09-23,116.84,-0.017491,270891.12,3072368.58282
002354,2026-09-23,7.53,-0.071517,2467377.54,1902783.70629
002355,2026-09-23,4.61,-0.029474,91543.54,42613.39202
002356,2026-09-23,2.69,-0.018248,149187.7,40352.8537
002357,2026-09-23,11.95,-0.016461,66691.0,80162.51
002358,2026-09-23,5.17,-0.030019,226045.0,117630.384
002360,2026-09-23,5.34,-0.009276,42865.0,23020.159
002361,2026-09-23,10.1,-0.03071,436919.94,444242.16104
002362,2026-09-23,15.93,-0.036298,80768.85,129248.40953
002363,2026-09-23,6.87,0.00292,32029.0,21997.681
002364,2026-09-23,36.34,-0.007104,137814.23,502224.25995
002365,2026-09-23,13.84,-0.040887,165396.0,230870.469
002366,2026-09-23,5.58,-0.034602,295381.32,166626.58254
002367,2026-09-23,6.19,0.02314,598389.36,374222.13811
002368,2026-09-23,13.12,-0.021626,71869.46,94664.04459
002369,2026-09-23,5.64,-0.024221,88026.0,49784.28767
002370,2026-09-23,5.24,-0.027829000000000003,156036.9,82480.7947
002371,2026-09-23,668.15,-0.007089,36636.21,2455113.72967
002372,2026-09-23,8.26,0.00978,89705.01,74282.35333
002373,2026-09-23,7.38,-0.014686,98213.45,72748.88855
002374,2026-09-23,3.24,0.018868,342894.11,111430.7483
002375,2026-09-23,3.95,0.036745,433039.36,173293.77354
002376,2026-09-23,6.73,-0.013196000000000001,82759.3,55757.8494
002377,2026-09-23,2.99,-0.019672000000000002,540710.99,163092.12602
002378,2026-09-23,23.19,-0.017373,148304.56,344904.34945
002379,2026-09-23,16.51,-0.034503,344087.1,571519.11102
002380,2026-09-23,27.46,-0.001818,24305.0,66376.266
002381,2026-09-23,5.57,-0.003578,25001.0,13948.959
002382,2026-09-23,5.86,-0.016779,75537.0,44448.17
002383,2026-09-23,8.52,0.037759,575787.94,481232.23968
002384,2026-09-23,193.0,-0.025842999999999998,484861.43,9439565.54825
002385,2026-09-23,3.14,-0.01875,599659.78,189388.84192
002386,2026-09-23,6.03,-0.009852,130544.45,78843.81006
002387,2026-09-23,6.94,-0.008571,85375.19,59706.11424
002388,2026-09-23,7.96,0.001258,577534.56,459936.89072
002389,2026-09-23,18.66,-0.014783999999999999,118604.05,221549.45252
002390,2026-09-23,2.96,-0.019868,233269.0,69826.443
002391,2026-09-23,5.14,-0.022814,81371.0,42069.573
002392,2026-09-23,7.64,-0.010363,78676.0,60583.614
002393,2026-09-23,13.93,-0.00571,14435.28,20143.41096
002394,2026-09-23,10.33,-0.007685,25616.0,26468.683
002395,2026-09-23,12.77,0.010284999999999999,57786.5,73395.551
002396,2026-09-23,36.52,-0.031813,704281.96,2604531.40349
002397,2026-09-23,3.61,-0.010959000000000002,111517.7,40340.3517
002398,2026-09-23,4.2,-0.007092,89236.0,37630.333
002399,2026-09-23,9.73,-0.002051,32782.0,32093.254
002400,2026-09-23,6.53,-0.034024,618968.21,408449.59595
002401,2026-09-23,12.11,-0.013844,19579.0,23824.777
002402,2026-09-23,18.72,-0.012658,114498.01,214856.49177
002403,2026-09-23,10.1,-0.026975,148571.74,151452.19536
002404,2026-09-23,5.81,-0.01692,69743.0,40688.502
002405,2026-09-23,6.04,-0.016287,233626.0,141863.152
002406,2026-09-23,6.4,-0.0062109999999999995,77363.0,49624.09
002407,2026-09-23,32.09,-0.017152,468156.07,1508754.49525
002408,2026-09-23,5.37,0.0,131591.84,70638.021
002409,2026-09-23,137.28,0.013137000000000001,116355.42,1593800.041
002410,2026-09-23,8.46,-0.018561,188968.6,160638.5388
002412,2026-09-23,9.41,-0.029897,501118.41,473973.78537
002413,2026-09-23,8.15,-0.018071999999999998,604646.64,496167.8456
002414,2026-09-23,12.02,-0.017171000000000002,353305.05,426675.21403
002415,2026-09-23,33.11,-0.00211,277963.62,918326.93296
002416,2026-09-23,9.01,-0.023835000000000002,136072.25,123096.9235
002418,2026-09-23,4.54,-0.031983000000000004,707792.0,324420.44
002419,2026-09-23,4.57,-0.019313,107223.92,49507.7845
002420,2026-09-23,6.11,-0.004886,43133.0,26329.802
002421,2026-09-23,3.16,-0.036585,938889.98,300652.74558
002422,2026-09-23,41.7,-0.007143,156456.89,651657.18997
002423,2026-09-23,9.23,-0.012834000000000002,80897.04,74982.55401
002424,2026-09-23,4.44,-0.017699,79893.03,35714.30841
002425,2026-09-23,3.05,-0.043887,404848.13,124882.58991
002426,2026-09-23,2.96,0.100372,2357247.99,687815.19527
002427,2026-09-23,4.56,-0.021459000000000002,75527.87,34735.06972
002428,2026-09-23,94.39,-0.0036940000000000002,402941.97,3781616.43061
002429,2026-09-23,8.24,-0.001212,311560.31,256460.25588
002430,2026-09-23,25.35,-0.009766,75326.52,191590.19036
002431,2026-09-23,1.33,-0.007463,106493.0,14279.556
002432,2026-09-23,63.33,-0.015851,110219.03,701026.57767
002434,2026-09-23,6.19,-0.006421,196132.0,121199.743
002436,2026-09-23,45.9,0.037757,1531107.43,7072081.20313
002437,2026-09-23,3.64,-0.037037,2512934.44,926098.33051
002438,2026-09-23,13.8,0.008035,36214.0,49888.846
002439,2026-09-23,14.47,-0.014976,292202.51,424547.38679
002440,2026-09-23,13.06,0.009274,379903.35,494181.68737
002441,2026-09-23,8.18,-0.002439,28202.43,23113.11898
002442,2026-09-23,5.56,-0.049573,420405.1,234592.86978
002443,2026-09-23,13.37,-0.03396,480666.73,650666.07967
002444,2026-09-23,28.0,-0.003559,56586.25,158171.85126
002445,2026-09-23,3.11,-0.018927,446884.46,140106.16068
002446,2026-09-23,8.07,-0.027711,243977.0,197080.36
002448,2026-09-23,11.11,-0.013321000000000001,73690.0,82180.746
002449,2026-09-23,6.69,0.002999,85844.67,57204.39856
002451,2026-09-23,7.49,-0.029793,129164.89,96912.35434
002452,2026-09-23,11.82,-0.027160000000000004,74050.0,87963.464
002453,2026-09-23,5.1,-0.039548,1070731.16,561823.94482
002454,2026-09-23,5.13,0.009843,63932.95,32796.66355
002455,2026-09-23,6.9,-0.018491999999999998,189349.1,130769.84294
002456,2026-09-23,6.85,-0.015805,505930.71,349350.79285
002457,2026-09-23,11.3,-0.018245,165983.0,189064.492
002458,2026-09-23,8.21,-0.016766,244912.09,201648.16693
002459,2026-09-23,6.88,-0.0057799999999999995,205354.45,141926.81949
002460,2026-09-23,45.53,-0.018538,224803.99,1025495.54906
002461,2026-09-23,8.38,-0.004751,27968.0,23642.888
002462,2026-09-23,12.31,-0.007258,20915.02,25823.77764
002463,2026-09-23,128.1,0.023654,619438.25,7915170.32204
002465,2026-09-23,10.21,-0.009699,323315.28,330201.51552
002466,2026-09-23,42.42,-0.016234,202253.02,860767.37421
002467,2026-09-23,4.86,-0.045187,1378021.69,677804.67207
002468,2026-09-23,14.77,-0.005386999999999999,103862.08,154588.95565
002469,2026-09-23,6.12,-0.011309,87762.0,54164.446
002470,2026-09-23,2.04,-0.04225399999999999,1330751.0,274584.18
002471,2026-09-23,5.41,-0.05913,1038149.7,566963.59098
002472,2026-09-23,37.58,-0.004503,103598.08,388185.00259
002474,2026-09-23,6.38,-0.025954,178844.84,114994.19598
002475,2026-09-23,54.37,-0.00857,408570.99,2226946.51727
002476,2026-09-23,4.99,0.0020080000000000002,81000.0,40160.502
002478,2026-09-23,6.47,-0.0015429999999999999,105317.0,67865.132
002479,2026-09-23,5.89,-0.010084,81839.0,48285.766
002480,2026-09-23,5.38,0.018938999999999998,77819.0,41204.051
002481,2026-09-23,4.24,-0.007026,81635.23,34769.66694
002482,2026-09-23,1.37,-0.007246,1023862.0,142225.15941
002483,2026-09-23,6.15,-0.029967999999999998,133513.77,82905.02429
002484,2026-09-23,59.85,-0.018531,265050.75,1596837.5579
002485,2026-09-23,5.96,-0.0033439999999999998,18848.12,11220.32228
002486,2026-09-23,2.72,-0.021583,205228.0,56215.343
002487,2026-09-23,37.89,-0.004989,580341.16,2171750.89987
002488,2026-09-23,7.51,-0.014436,96547.22,72561.04766
002489,2026-09-23,3.04,-0.012987,273989.31,84242.66484
002490,2026-09-23,7.13,-0.029932,203878.21,146389.60515
002491,2026-09-23,24.28,0.010404,1673050.33,3993222.00845
002492,2026-09-23,6.3,-0.014085,101919.5,63501.6325
002493,2026-09-23,13.55,0.031987999999999996,518363.86,694514.23911
002494,2026-09-23,4.81,-0.018367,123915.0,60286.919
002495,2026-09-23,2.42,-0.008197,157014.0,37939.378
002496,2026-09-23,2.1,-0.018692,173821.4,36781.3664
002497,2026-09-23,16.38,-0.022090000000000002,182434.87,300388.62253
002498,2026-09-23,6.27,-0.035385,636231.0,402337.52826
002500,2026-09-23,5.25,-0.005682,133028.21,70056.80528
002501,2026-09-23,1.31,0.0,184839.68,24157.9714
002506,2026-09-23,2.42,-0.028111999999999998,1510984.0,370994.819
002507,2026-09-23,11.18,0.0035909999999999996,82972.83,93034.1905
002508,2026-09-23,16.48,-0.011397999999999998,80733.87,134769.51286
002510,2026-09-23,5.67,-0.022414,177063.39,101188.69152
002511,2026-09-23,7.0,-0.009901,76051.42,53621.4402
002512,2026-09-23,3.86,-0.037406,197311.0,77253.975
002513,2026-09-23,5.27,-0.018622,55058.5,29139.8025
002514,2026-09-23,2.49,-0.042308000000000005,286354.0,72075.822
002515,2026-09-23,7.7,-0.006452,516768.6,400457.797
002516,2026-09-23,5.91,0.038664000000000004,323496.84,188824.46264
002517,2026-09-23,16.38,-0.030195,358041.79,592228.44885
002518,2026-09-23,38.97,-0.004852,119040.66,467330.25388
002519,2026-09-23,5.77,-0.036728000000000004,437103.48,254610.2457
002520,2026-09-23,6.25,-0.020376,175574.02,110112.99402
002521,2026-09-23,6.27,-0.014151,48908.0,30723.1
002522,2026-09-23,5.76,-0.031932999999999996,593065.34,343651.88051
002523,2026-09-23,3.38,0.0,104423.0,35290.06376
002524,2026-09-23,4.02,-0.017115000000000002,118755.0,47909.361
002526,2026-09-23,2.6,-0.011407,232904.27,61312.23582
002527,2026-09-23,10.7,0.0028120000000000003,30162.0,32204.084
002528,2026-09-23,5.8,-0.036545,214426.0,126065.1312
002529,2026-09-23,6.55,-0.023845,43163.0,28467.173
002530,2026-09-23,7.17,-0.016461,81333.0,58475.86298
002531,2026-09-23,7.16,-0.024523000000000003,990867.5,705882.97619
002532,2026-09-23,12.41,-0.018196,460683.9,572657.08756
002533,2026-09-23,10.89,-0.0009170000000000001,39173.11,42478.96336
002534,2026-09-23,17.6,-0.002833,105097.0,186833.07947
002535,2026-09-23,2.38,-0.028571,142762.0,34219.871
002536,2026-09-23,52.27,0.002301,251957.66,1319207.3977
002537,2026-09-23,5.7,-0.042017,293016.31,168933.57488
002538,2026-09-23,6.73,0.007485,37045.01,24755.86466
002539,2026-09-23,12.23,-0.004072,84828.72,103235.61472
002540,2026-09-23,5.03,0.003992,159260.0,81085.571
002541,2026-09-23,19.69,0.1,273575.11,518832.94439
002542,2026-09-23,1.66,0.0,103228.5,17031.6155
002543,2026-09-23,7.36,0.017981,161602.06,119105.76638
002544,2026-09-23,15.86,-0.020988000000000003,97296.0,154808.714
002545,2026-09-23,15.63,-0.009506,150244.17,233061.7722
002546,2026-09-23,7.46,-0.017128,91315.0,68450.127
002547,2026-09-23,2.36,-0.008403,309830.82,73206.64419
002548,2026-09-23,3.93,-0.024814,219459.4,86937.1342
002549,2026-09-23,13.3,-0.00968,91511.0,122113.1991
002550,2026-09-23,6.53,-0.003053,80145.0,52586.652
002551,2026-09-23,3.33,-0.020588000000000002,119870.24,40341.41116
002552,2026-09-23,53.45,0.0022500000000000003,170295.98,912146.4872
002553,2026-09-23,15.47,-0.019645,68321.0,105933.293
002554,2026-09-23,2.77,-0.01773,163372.0,45577.324
002555,2026-09-23,17.39,-0.024678,230659.82,403537.17538
002556,2026-09-23,5.13,-0.0038829999999999997,77296.5,39655.9805
002557,2026-09-23,18.12,-0.0033,53437.34,97496.10488
002558,2026-09-23,23.6,-0.030004,470467.33,1122548.93061
002559,2026-09-23,9.17,0.006586,140614.58,128578.74364
002560,2026-09-23,6.98,-0.049046000000000006,655699.77,461401.98953
002561,2026-09-23,7.37,-0.016021,68710.0,51164.33592
002562,2026-09-23,4.98,0.010142,244928.85,120826.8776
002563,2026-09-23,5.5,0.00365,99390.0,54852.885
002564,2026-09-23,5.49,0.007339,1155314.04,668614.95457
002565,2026-09-23,8.66,-0.046256000000000005,653234.05,573098.14347
002566,2026-09-23,7.01,-0.018207,44872.0,31651.516
002567,2026-09-23,3.67,-0.029101,263993.87,97708.11842
002568,2026-09-23,18.63,0.018589,245818.54,467105.60199
002569,2026-09-23,11.6,0.012216,14806.0,17128.043
002570,2026-09-23,4.4,-0.01566,115161.19,50903.0436
002571,2026-09-23,11.02,-0.016949000000000002,31402.0,34872.761
002572,2026-09-23,7.59,0.010652,136264.93,104233.90261
002573,2026-09-23,3.12,-0.009524,112794.0,35414.041
002574,2026-09-23,5.02,-0.017613,56785.0,28701.535
002575,2026-09-23,5.12,-0.050093,361855.0,187212.186
002576,2026-09-23,14.41,-0.0041470000000000005,19105.0,27467.254
002577,2026-09-23,22.3,-0.0124,72271.73,161463.25302
002578,2026-09-23,4.14,-0.014286,183409.0,76721.595
002579,2026-09-23,18.6,-0.014831,846028.77,1575608.05482
002580,2026-09-23,18.65,-0.028645999999999998,323283.42,608155.03187
002581,2026-09-23,5.18,-0.038961,72531.0,38461.039
002582,2026-09-23,9.62,-0.024340999999999998,110928.0,107548.768
002583,2026-09-23,8.02,-0.01956,127673.0,102865.283
002584,2026-09-23,9.02,-0.036324999999999996,982205.05,888246.7351
002585,2026-09-23,11.72,-0.015125999999999999,1314300.14,1547677.29504
002586,2026-09-23,3.77,0.010724000000000001,73407.0,27718.33
002587,2026-09-23,5.24,-0.016886,72851.1,38430.7295
002588,2026-09-23,7.64,-0.012920000000000001,93727.22,71897.95318
002589,2026-09-23,3.38,-0.058496,2461534.92,849296.69464
002590,2026-09-23,9.62,-0.0031090000000000002,33461.29,32283.93369
002591,2026-09-23,6.34,-0.00627,81498.0,51754.864
002592,2026-09-23,6.42,-0.004651,15851.6,10187.6366
002593,2026-09-23,4.53,-0.010917,85568.0,39061.925
002594,2026-09-23,85.85,-0.008432,173154.74,1488954.60976
002595,2026-09-23,39.77,0.0015110000000000002,30208.31,120306.38594
002596,2026-09-23,3.19,-0.033333,346777.01,112515.79359
002597,2026-09-23,21.99,-0.008119,32556.57,71899.07401
002598,2026-09-23,6.95,-0.014184,20479.09,14362.77459
002599,2026-09-23,5.64,0.008945,121207.0,67181.349
002600,2026-09-23,12.37,-0.022134,695731.0,864055.79557
002601,2026-09-23,15.24,-0.000656,61756.51,94024.1672
002602,2026-09-23,14.34,-0.019152,902770.07,1298703.98186
002603,2026-09-23,15.46,-0.007702,92299.4,143471.4706
002605,2026-09-23,16.62,-0.015403,28736.7,48054.3434
002606,2026-09-23,12.3,-0.026899000000000003,130273.07,161342.62617
002607,2026-09-23,1.9,-0.025640999999999997,1585068.0,304522.843
002608,2026-09-23,7.27,-0.00411,111754.0,81403.242
002609,2026-09-23,7.77,-0.008929,32466.74,25237.50298
002611,2026-09-23,14.38,0.033789,327546.61,466267.79274
002612,2026-09-23,17.23,-0.0017380000000000002,56381.0,96621.534
002613,2026-09-23,3.58,0.008451,689685.1,249638.8422
002614,2026-09-23,7.57,0.10029099999999999,1314976.99,991041.80505
002615,2026-09-23,6.36,-0.0078000000000000005,66361.99,42486.50812
002616,2026-09-23,4.79,-0.018443,56254.0,27119.82
002617,2026-09-23,6.95,0.001441,1436535.46,992243.33871
002620,2026-09-23,5.82,0.019264,59253.6,34225.9494
002622,2026-09-23,2.47,-0.057252,664781.66,170625.98602
002623,2026-09-23,18.72,-0.032058,137890.44,265172.11307
002624,2026-09-23,9.89,-0.011988,331772.8,329955.76482
002625,2026-09-23,26.57,-0.032058,219113.45,589130.91687
002626,2026-09-23,16.78,0.001193,38148.28,64516.81604
002627,2026-09-23,6.7,-0.005935,67535.0,45487.5452
002628,2026-09-23,5.07,-0.023121,129402.0,65962.07
002629,2026-09-23,4.24,-0.027523,119536.0,51062.473
002630,2026-09-23,1.6,-0.024390000000000002,122394.0,19841.327
002631,2026-09-23,13.6,-0.037509,545973.53,757411.2883
002632,2026-09-23,9.73,-0.008155,188667.0,183754.91295
002633,2026-09-23,15.87,0.099792,72329.66,111540.20295
002634,2026-09-23,4.01,-0.029056000000000002,59681.4,24222.8022
002635,2026-09-23,16.79,0.10026199999999999,323161.82,530917.08984
002636,2026-09-23,87.15,0.018345,781140.87,6777252.39205
002637,2026-09-23,10.95,-0.022321,130782.0,143365.481
002638,2026-09-23,4.74,0.09976800000000001,526891.44,236393.21094
002639,2026-09-23,13.75,-0.021352000000000003,516805.17,716026.73937
002640,2026-09-23,3.51,-0.064,1737663.0,618936.614
002641,2026-09-23,3.81,-0.007813,54345.68,20876.76896
002642,2026-09-23,6.89,-0.037709,143514.29,99709.30752
002643,2026-09-23,13.32,0.0075639999999999995,88745.52,117996.6784
002644,2026-09-23,8.17,-0.02506,57062.0,46860.131
002645,2026-09-23,18.58,0.009234,185140.4,342013.25298
002646,2026-09-23,7.34,0.03966,378472.5,284718.67052
002647,2026-09-23,11.58,-0.017811999999999998,426165.0,504178.929
002648,2026-09-23,26.82,-0.005193,180182.94,483511.94528
002649,2026-09-23,9.31,-0.022059000000000002,81830.0,76504.812
002650,2026-09-23,7.27,0.062865,138454.52,99567.26041
002651,2026-09-23,8.12,-0.020507,91708.43,74689.34559
002652,2026-09-23,4.69,-0.028986,128064.0,60692.571
002653,2026-09-23,65.46,-0.012819,36544.19,240069.95816
002654,2026-09-23,13.76,-0.012204,235977.82,326646.35625
002655,2026-09-23,39.61,0.006606999999999999,176320.15,696341.77219
002656,2026-09-23,2.77,-0.010714,102142.0,28417.435
002657,2026-09-23,15.27,-0.033544,77220.55,118773.93425
002658,2026-09-23,7.35,-0.006757,27806.2,20413.0874
002659,2026-09-23,4.6,-0.021277,106317.0,49192.12
002660,2026-09-23,7.9,-0.013733,46151.0,36613.576
002661,2026-09-23,7.59,-0.015564,62120.1,47201.7069
002662,2026-09-23,3.1,-0.025157,147340.0,46183.317
002663,2026-09-23,1.69,-0.028736,269184.94,46180.75886
002664,2026-09-23,14.88,-0.0040160000000000005,20218.9,30190.0311
002666,2026-09-23,4.25,0.0047279999999999996,186049.0,79229.671
002667,2026-09-23,22.09,0.059981,171245.22,362431.50852
002668,2026-09-23,8.91,-0.011099000000000001,149103.82,132853.6598
002669,2026-09-23,14.52,0.037884,429934.0,622663.527
002670,2026-09-23,11.7,-0.012658,115648.76,135481.64944
002671,2026-09-23,4.02,-0.0049499999999999995,63327.0,25602.1
002672,2026-09-23,3.89,-0.034739,617126.52,245164.27435
002673,2026-09-23,6.74,-0.008824,154406.24,104469.38716
002674,2026-09-23,20.25,-0.019370000000000002,94617.01,190896.11922
002675,2026-09-23,12.77,0.0,40387.91,51814.30487
002676,2026-09-23,5.3,-0.007491,79800.99,42463.60569
002677,2026-09-23,6.3,0.016129,134636.28,84984.03412
002678,2026-09-23,4.43,-0.013363,75854.5,33822.2235
002679,2026-09-23,10.53,-0.039234,89229.45,94612.2951
002681,2026-09-23,4.53,-0.034115,344317.97,158363.22399
002682,2026-09-23,4.84,-0.043478,235628.5,115292.08316
002683,2026-09-23,28.6,0.004213,39039.03,111133.44349
002685,2026-09-23,5.52,-0.023008999999999998,296618.09,164599.52167
002686,2026-09-23,6.17,-0.019077999999999998,68663.0,42819.009
002687,2026-09-23,5.57,-0.082372,442571.17,249954.18315
002688,2026-09-23,5.17,-0.01711,70387.0,36579.096
002689,2026-09-23,2.93,-0.010135,38501.6,11304.9532
002690,2026-09-23,16.03,0.028222999999999998,76196.32,121945.90036
002691,2026-09-23,4.13,-0.01432,16790.01,6947.00713
002692,2026-09-23,4.27,-0.029545,112931.6,48423.7686
002693,2026-09-23,9.2,-0.022317,132939.0,123100.676
002694,2026-09-23,2.51,0.016194,28657.2,7140.4874
002695,2026-09-23,10.53,0.0,58397.35,61542.5856
002696,2026-09-23,6.59,-0.061254,240324.0,159863.564
002697,2026-09-23,4.66,-0.012712000000000001,135916.0,63680.229
002698,2026-09-23,11.4,-0.007833,49134.0,56347.19
002700,2026-09-23,6.38,-0.009316999999999999,40387.0,25854.026
002701,2026-09-23,4.38,-0.004545,145978.23,64344.02771
002702,2026-09-23,5.45,-0.040492999999999994,388089.99,213806.99539
002703,2026-09-23,15.2,-0.074863,553321.97,864130.16769
002705,2026-09-23,11.68,-0.00933,61549.01,72233.67978
002706,2026-09-23,8.7,-0.010239,124889.63,108843.3331
002707,2026-09-23,5.16,-0.003861,146283.0,75681.24002
002708,2026-09-23,17.21,0.017741,219798.01,377837.16426
002709,2026-09-23,32.84,-0.014110000000000001,292988.87,962205.50177
002712,2026-09-23,4.98,-0.038610000000000005,141696.0,71139.753
002713,2026-09-23,10.73,-0.013787,149944.07,161985.69075
002714,2026-09-23,41.4,-0.010989,198799.13,825293.873
002715,2026-09-23,13.09,-0.015789,19469.0,25564.739
002716,2026-09-23,9.56,-0.006237,864550.77,833797.53378
002717,2026-09-23,0.89,-0.032609,698358.69,62354.79702
002718,2026-09-23,83.22,-0.007868,7658.0,63373.166
002719,2026-09-23,6.26,-0.001595,27946.0,17492.928
002721,2026-09-23,2.66,-0.032727,527211.0,141398.131
002722,2026-09-23,13.22,0.003797,17970.19,23853.5357
002723,2026-09-23,7.28,-0.022819,89296.0,65589.38
002724,2026-09-23,7.17,-0.051586999999999994,303678.0,221819.3389
002725,2026-09-23,10.99,-0.021371,29183.0,32213.368
002726,2026-09-23,2.48,-0.023622,504319.81,128051.3288
002727,2026-09-23,10.86,-0.009124,37030.15,40347.81605
002728,2026-09-23,9.84,-0.008065,138697.32,136926.77648
002729,2026-09-23,13.95,-0.0021460000000000003,24706.0,34419.331
002730,2026-09-23,22.82,-0.0026219999999999998,70254.0,159914.84
002732,2026-09-23,14.11,-0.009129,11710.0,16556.544
002733,2026-09-23,18.08,-0.006047,76235.07,137939.80358
002734,2026-09-23,20.32,0.050129,350762.54,707493.24042
002735,2026-09-23,11.9,-0.050279,344152.6,415274.6404
002736,2026-09-23,9.98,0.001003,123752.57,123506.66047
002737,2026-09-23,11.38,-0.008711,33747.05,38690.38955
002738,2026-09-23,44.35,-0.032504,168421.53,749165.42555
002739,2026-09-23,8.49,-0.016222,349319.18,297279.56409
002741,2026-09-23,27.47,0.025764999999999996,429670.83,1167930.69463
002742,2026-09-23,4.21,-0.034404,272021.0,115699.33
002743,2026-09-23,4.57,-0.051867,187560.0,86608.886
002745,2026-09-23,12.42,-0.0064,377890.25,466938.09706
002746,2026-09-23,6.28,-0.00159,108548.5,67929.988
002747,2026-09-23,29.47,-0.0070750000000000006,176042.25,520558.74517
002748,2026-09-23,12.34,0.004068,27075.0,33272.513
002749,2026-09-23,8.45,-0.003538,14524.01,12238.06932
002752,2026-09-23,6.12,-0.008104,84156.0,51439.405
002753,2026-09-23,6.71,-0.011781999999999999,47168.23,31764.63433
002755,2026-09-23,12.97,-0.031367,218609.33,286108.44493
002756,2026-09-23,40.13,-0.014731000000000001,67927.49,272682.70162
002757,2026-09-23,20.28,0.021147999999999997,721729.56,1485602.43337
002758,2026-09-23,8.54,-0.006977,43136.0,36986.707
002759,2026-09-23,14.32,-0.03504,136395.44,197278.91156
002760,2026-09-23,17.72,0.005675,17467.0,30856.053
002761,2026-09-23,7.37,0.008208,226650.68,169991.23023
002762,2026-09-23,10.19,-0.023946000000000002,67733.0,69408.225
002763,2026-09-23,7.32,-0.001364,35757.0,26188.642
002765,2026-09-23,6.91,-0.010029,57660.0,39860.442
002766,2026-09-23,4.0,-0.026764,146405.22,58973.50456
002767,2026-09-23,18.82,-0.000531,35247.0,66300.977
002768,2026-09-23,79.02,0.05557,160889.7,1252307.31661
002769,2026-09-23,6.74,-0.020349,112132.22,76475.06484
002771,2026-09-23,13.66,-0.013006,58301.0,79540.578
002772,2026-09-23,10.95,-0.017937,69181.57,75894.94801
002773,2026-09-23,20.17,-0.006893,40769.84,82835.58084
002774,2026-09-23,17.41,-0.002864,119652.5,209542.0125
002775,2026-09-23,3.3,-0.006024000000000001,84328.7,27905.0932
002777,2026-09-23,12.66,-0.014018999999999998,33679.0,42712.714
002778,2026-09-23,15.8,-0.013733,13294.0,21051.253
002779,2026-09-23,86.0,0.043689,39431.67,340272.04522
002780,2026-09-23,14.92,0.008107999999999999,72275.5,107491.5035
002782,2026-09-23,15.52,0.012394,75585.0,116922.879
002783,2026-09-23,8.1,-0.002463,76992.0,62301.51443
002785,2026-09-23,39.48,-0.049591,105208.4,419628.8926
002786,2026-09-23,7.67,-0.022930000000000002,66465.0,51330.249
002787,2026-09-23,27.08,0.013094,136425.0,368794.749
002788,2026-09-23,10.82,-0.037367,112540.19,123357.41496
002789,2026-09-23,13.17,-0.002273,20677.0,26741.65
002790,2026-09-23,6.6,-0.014924999999999999,303555.5,202138.8633
002791,2026-09-23,15.43,0.0039040000000000004,62630.0,97842.29129
002792,2026-09-23,33.35,-0.046325000000000005,328357.24,1113060.44029
002793,2026-09-23,4.77,-0.024540000000000003,207258.6,99580.9326
002795,2026-09-23,7.91,-0.012484,178214.71,141688.6419
002796,2026-09-23,30.6,-0.022364000000000002,70792.07,217281.82893
002797,2026-09-23,6.29,-0.011006,305356.55,192965.4984
002798,2026-09-23,6.67,-0.00299,79622.0,53117.343
002799,2026-09-23,6.83,-0.02289,40639.01,27969.92964
002800,2026-09-23,14.68,-0.022636,18336.2,27146.7826
002801,2026-09-23,26.94,0.0052239999999999995,5929.5,15931.4545
002802,2026-09-23,12.38,0.001618,17005.0,21008.693
002803,2026-09-23,19.88,-0.056926,177968.71,357839.74867
002805,2026-09-23,16.46,-0.016139,59558.65,98157.43179
002806,2026-09-23,15.28,-0.006502,59212.0,90462.717
002807,2026-09-23,4.12,-0.004830999999999999,229253.88,94665.61358
002809,2026-09-23,8.39,-0.010613,31244.72,26213.68599
002810,2026-09-23,21.47,-0.002323,29909.74,64741.91153
002811,2026-09-23,17.35,0.014027000000000001,225008.99,390693.31467
002812,2026-09-23,47.5,-0.003357,102271.54,482978.91993
002813,2026-09-23,22.8,0.013333,15577.02,35106.84732
002815,2026-09-23,24.86,-0.020874,684792.32,1707533.74008
002816,2026-09-23,21.56,-0.038359000000000004,29431.0,63336.889
002817,2026-09-23,6.74,-0.004431,38301.0,25841.471
002818,2026-09-23,11.14,-0.00713,28745.9,32151.21293
002819,2026-09-23,24.24,0.09981899999999999,94263.3,219802.1802
002820,2026-09-23,9.79,-0.021978,50946.0,50213.636
002821,2026-09-23,188.01,0.001865,62734.14,1186436.62777
002822,2026-09-23,2.93,-0.003401,48602.0,14310.92
002823,2026-09-23,13.0,0.0054139999999999995,28281.85,36663.85898
002824,2026-09-23,28.53,-0.00523,114592.0,327448.63858
002825,2026-09-23,9.54,0.002101,31524.4,29951.771
002826,2026-09-23,17.15,-0.013801,17281.0,29760.859
002827,2026-09-23,79.41,0.069063,177128.5,1365672.80835
002828,2026-09-23,10.73,-0.028959000000000002,78723.0,84621.129
002829,2026-09-23,20.24,-0.010752999999999999,35580.8,71880.3268
002830,2026-09-23,14.99,-0.007285000000000001,26686.6,40177.2446
002831,2026-09-23,28.75,-0.0017360000000000001,73163.61,212450.83474
002832,2026-09-23,25.45,-0.007796999999999999,38616.93,98442.04631
002833,2026-09-23,18.68,0.013565,26869.86,50093.85778
002835,2026-09-23,13.1,-0.009077,17659.0,23130.665
002836,2026-09-23,11.15,0.000898,256801.25,280700.35144
002837,2026-09-23,61.25,-0.0043890000000000005,198627.44,1223310.17489
002838,2026-09-23,25.84,0.020537,50644.62,130163.7099
002839,2026-09-23,4.25,-0.007009,199161.32,84858.273
002840,2026-09-23,8.36,-0.007126,132425.83,110142.57182
002841,2026-09-23,46.6,-0.029975,58086.48,273172.07444
002842,2026-09-23,33.78,-0.020586000000000004,166296.77,564044.9183
002843,2026-09-23,16.18,-0.00492,47509.0,77045.625
002845,2026-09-23,14.51,-0.008202000000000001,62854.05,91225.1114
002846,2026-09-23,11.4,-0.016393,185133.86,212692.07572
002847,2026-09-23,43.2,-0.008492,14430.18,62665.29154
002848,2026-09-23,15.66,0.013592,160708.01,249141.66665
002849,2026-09-23,23.0,0.099952,217858.76,480146.0954
002850,2026-09-23,170.98,-0.00245,17860.39,306261.06019
002851,2026-09-23,122.85,-0.00122,176245.54,2185207.00136
002852,2026-09-23,8.08,-0.024155000000000003,79223.0,64288.093
002853,2026-09-23,21.73,-0.024686,9240.0,20280.494
002855,2026-09-23,13.06,-0.034738000000000005,170035.0,222718.412
002856,2026-09-23,19.77,-0.100137,13612.0,26910.924
002857,2026-09-23,17.77,-0.0072629999999999995,12408.0,22135.64
002858,2026-09-23,11.47,-0.013758,32849.0,37650.378
002859,2026-09-23,68.65,0.02371,133597.61,907960.83755
002861,2026-09-23,14.66,-0.022667000000000003,31940.0,47107.1594
002862,2026-09-23,15.7,-0.024239,30995.6,48694.817
002863,2026-09-23,4.73,-0.006303,73264.69,34683.08306
002864,2026-09-23,21.22,-0.006554,14330.11,30372.02598
002865,2026-09-23,38.28,-0.008033,44773.8,172221.98722
002866,2026-09-23,14.48,-0.005495,35834.0,51825.986
002867,2026-09-23,10.17,-0.008772,73954.5,75440.70775
002868,2026-09-23,22.88,-0.027624,22916.45,52700.33015
002869,2026-09-23,16.77,-0.036206999999999996,92409.28,156186.20826
002870,2026-09-23,49.36,-0.009432000000000001,20058.0,99498.561
002871,2026-09-23,18.84,0.012359,43222.39,81512.96042
002872,2026-09-23,5.96,-0.011609000000000001,18902.0,11305.736
002873,2026-09-23,8.45,-0.011696,44489.0,37694.39
002875,2026-09-23,13.1,-0.005314999999999999,24836.46,32574.74698
002876,2026-09-23,33.2,0.019969,39025.46,128777.48566
002877,2026-09-23,7.45,-0.018445,44612.0,33366.04
002878,2026-09-23,12.61,-0.020202,44548.0,56490.658
002879,2026-09-23,16.85,0.000594,112477.0,186513.16604
002880,2026-09-23,21.87,0.004132,20187.0,44318.586
002881,2026-09-23,46.25,-0.034447,87500.02,409825.92093
002882,2026-09-23,22.06,-0.019556,76762.0,169298.20595
002883,2026-09-23,9.22,0.001086,3951.0,3645.90424
002884,2026-09-23,15.45,-0.005151,12524.0,19381.872
002885,2026-09-23,28.76,0.010541,147092.74,423585.9288
002886,2026-09-23,27.14,0.035088,440188.25,1194443.04847
002887,2026-09-23,9.05,-0.001104,43264.0,39130.995
002888,2026-09-23,18.69,-0.013720000000000001,18371.63,34449.14258
002889,2026-09-23,11.96,-0.008292,13542.54,16257.1523
002890,2026-09-23,15.35,-0.017286,16673.0,25539.512
002891,2026-09-23,28.43,-0.040175999999999996,63937.02,184654.49534
002892,2026-09-23,8.63,-0.0057599999999999995,42650.32,36680.40188
002893,2026-09-23,10.25,-0.0009750000000000001,75784.0,77295.392
002895,2026-09-23,30.89,0.002597,26067.16,80423.07318
002896,2026-09-23,60.74,-0.008327,33364.1,202810.81484
002897,2026-09-23,67.85,-0.021206,103331.86,708780.42539
002899,2026-09-23,21.34,0.004708,35023.0,74575.648
002900,2026-09-23,12.84,-0.016845000000000002,238052.0,309313.681
002901,2026-09-23,41.72,0.028346,18904.6,77463.2923
002902,2026-09-23,28.83,-0.011995,207857.06,599884.31849
002903,2026-09-23,30.67,-0.013826,61275.5,189036.7055
002905,2026-09-23,8.94,-0.006666999999999999,57857.0,51625.407
002906,2026-09-23,27.78,-0.006793,54744.0,152203.057
002907,2026-09-23,14.71,-0.025828000000000004,130551.14,193902.90336
002908,2026-09-23,7.02,-0.015427999999999999,33604.58,23710.41534
002909,2026-09-23,7.54,0.10073,741337.21,534931.87283
002910,2026-09-23,10.03,-0.014735,45693.01,45929.64199
002911,2026-09-23,11.06,-0.018633999999999998,42024.45,46668.60179
002912,2026-09-23,25.41,-0.03677,240172.95,613572.23361
002913,2026-09-23,90.86,0.031094,159920.55,1417638.34321
002915,2026-09-23,17.05,-0.013309999999999999,44584.31,76066.0374
002916,2026-09-23,414.77,0.036925,108665.49,4521225.43289
002917,2026-09-23,10.23,-0.015399000000000001,24209.0,24827.952
002918,2026-09-23,10.86,-0.041483,238055.14,265482.08644
002919,2026-09-23,16.49,-0.028285,32494.0,54140.607
002920,2026-09-23,83.51,-0.014166000000000002,34630.98,289245.79535
002921,2026-09-23,21.25,0.020653,39532.1,83336.4879
002922,2026-09-23,23.44,-0.012637,96107.35,226308.87836
002923,2026-09-23,11.06,-0.016014,48815.0,54247.701
002925,2026-09-23,24.58,-0.016013,95660.51,236662.89019
002926,2026-09-23,8.35,-0.00949,114748.0,96318.492
002927,2026-09-23,19.33,-0.031078,151333.92,294536.62016
002928,2026-09-23,6.5,0.010886,268857.25,175143.45799
002929,2026-09-23,51.96,-0.026419,66185.0,345823.8649
002930,2026-09-23,9.1,-0.01087,36109.99,32926.1399
002931,2026-09-23,40.85,-0.013285,30607.16,125363.67212
002932,2026-09-23,15.35,-0.006472,5680.55,8718.10034
002933,2026-09-23,27.81,0.00035999999999999997,12851.0,35650.842
002935,2026-09-23,17.52,0.099812,147102.81,248098.71966
002936,2026-09-23,1.74,0.0,901281.82,157270.25484
002937,2026-09-23,30.13,0.100037,287477.16,817647.79233
002938,2026-09-23,88.19,-0.011877,191998.89,1715885.30714
002939,2026-09-23,7.87,-0.005057000000000001,93818.07,73904.09229
002940,2026-09-23,23.28,-0.013559000000000002,44533.0,104366.906
002941,2026-09-23,10.44,-0.013233,78394.0,82647.644
002942,2026-09-23,16.93,-0.0058720000000000005,32512.7,54877.751
002943,2026-09-23,31.58,0.012179,88237.74,278850.5895
002945,2026-09-23,14.77,-0.021206,157009.65,233382.39098
002946,2026-09-23,14.45,-0.002072,28656.29,41497.39518
002947,2026-09-23,65.77,-0.01068,54218.74,357022.13715
002948,2026-09-23,6.02,-0.004959,207088.8,124665.6745
002949,2026-09-23,13.03,-0.008371,59889.0,78442.762
002950,2026-09-23,8.64,0.001159,41157.0,35558.996
002951,2026-09-23,16.83,0.035692,132181.81,221773.55613
002952,2026-09-23,19.63,-0.011083,39496.0,78231.166
002953,2026-09-23,10.35,-0.029081000000000003,68723.25,71527.29125
002955,2026-09-23,37.41,-0.027807,70290.2,262563.9248
002956,2026-09-23,17.67,-0.0050680000000000005,51803.25,91578.66265
002957,2026-09-23,43.88,-0.034118,372762.59,1634859.35821
002958,2026-09-23,2.9,-0.010239,571734.0,166611.425
002959,2026-09-23,31.7,-0.010612,5409.0,17215.57659
002960,2026-09-23,8.94,0.009029,90679.24,80899.58253
002961,2026-09-23,13.73,-0.025550000000000003,137241.4,189810.89297
002962,2026-09-23,13.71,0.005132,75321.0,103615.936
002963,2026-09-23,23.9,0.015293000000000001,98478.02,230577.04712
002965,2026-09-23,32.37,-0.013711,126111.76,410839.51545
002966,2026-09-23,9.09,-0.002195,198832.25,180832.13315
002967,2026-09-23,17.56,0.028704999999999998,52254.7,90997.4052
002968,2026-09-23,9.99,0.029897,89591.85,89600.3737
002969,2026-09-23,11.18,-0.009743,157807.69,176907.13704
002970,2026-09-23,43.93,-0.02551,35496.0,156255.08827
002971,2026-09-23,41.78,0.035697,314448.21,1346896.29854
002972,2026-09-23,13.43,-0.0051849999999999995,80734.2,108068.6872
002973,2026-09-23,12.86,0.020635,86619.0,110735.1486
002975,2026-09-23,110.57,0.028558,123911.7,1361025.1839
002976,2026-09-23,25.64,-0.037176,213934.08,540327.82808
002977,2026-09-23,19.57,-0.035485,20151.95,39120.72287
002978,2026-09-23,25.23,0.0011899999999999999,10919.31,27564.91713
002979,2026-09-23,54.14,0.00148,33818.99,183024.85005
002980,2026-09-23,116.05,0.026083,123284.0,1422203.4758
002981,2026-09-23,24.63,-0.029168,92561.77,224413.98717
002982,2026-09-23,12.55,-0.002385,45877.0,58164.7168
002983,2026-09-23,22.66,0.000883,16049.22,36440.31124
002984,2026-09-23,13.06,-0.004573,46163.55,60355.42675
002985,2026-09-23,27.87,-0.0046429999999999996,28965.97,80989.93867
002986,2026-09-23,13.21,0.002276,36535.0,48305.269
002987,2026-09-23,10.77,-0.033214,105088.77,114222.22654
002988,2026-09-23,31.61,-0.001579,34379.0,108451.255
002989,2026-09-23,27.96,0.09992100000000001,200818.6,540513.06296
002990,2026-09-23,54.56,0.027108,145993.0,791964.73759
002991,2026-09-23,37.5,-0.003984,5866.05,21958.2894
002992,2026-09-23,35.14,0.030196,31649.5,110273.5484
002993,2026-09-23,35.47,-0.016089,37869.6,135330.2278
002995,2026-09-23,17.34,-0.030201,77208.4,135158.483
002996,2026-09-23,5.94,-0.0066890000000000005,42427.8,25291.5454
002997,2026-09-23,26.32,-0.01497,20142.24,53144.33084
002998,2026-09-23,8.13,0.007435000000000001,92134.0,74378.83
002999,2026-09-23,6.39,-0.022936,113397.0,73047.119
003000,2026-09-23,9.44,-0.005269,27879.58,26492.77652
003001,2026-09-23,21.5,0.019924,178561.67,379286.16721
003002,2026-09-23,15.83,-0.046959999999999995,80826.0,129653.354
003003,2026-09-23,10.93,-0.002737,26219.0,28726.08
003004,2026-09-23,60.62,0.025719,22019.76,131547.86063
003005,2026-09-23,14.87,-0.04984,183994.84,274932.76894
003006,2026-09-23,21.59,-0.018636,431327.3,928586.4009
003007,2026-09-23,40.78,-0.015688999999999998,12674.6,51795.27156
003008,2026-09-23,19.94,0.013210999999999999,9517.1,18876.5631
003009,2026-09-23,46.7,-0.02158,22423.34,105092.3032
003010,2026-09-23,27.89,-0.020028,55218.79,154697.7083
003011,2026-09-23,20.78,0.04843600000000001,45546.0,93600.866
003012,2026-09-23,4.68,0.004292000000000001,121417.0,57381.324
003013,2026-09-23,16.2,-0.038005,68434.95,111491.1024
003015,2026-09-23,12.58,0.000796,27267.0,34181.835
003016,2026-09-23,7.5,0.001335,32736.0,24526.0765
003017,2026-09-23,23.0,-0.0008690000000000001,12645.96,29038.10392
003018,2026-09-23,49.27,-0.012229,99341.85,493483.0266
003019,2026-09-23,27.9,-0.01204,22313.33,62616.75931
003020,2026-09-23,17.75,0.010244999999999999,49483.31,87184.84166
003021,2026-09-23,70.75,-0.018724,24084.1,171163.7982
003022,2026-09-23,19.47,0.003091,56893.0,110390.373
003023,2026-09-23,26.09,0.004621,20461.0,53879.99
003025,2026-09-23,12.41,0.014718,33919.0,41906.291
003026,2026-09-23,36.0,0.009534,339219.94,1199464.61017
003027,2026-09-23,16.53,-0.0030159999999999996,9692.0,15960.993
003028,2026-09-23,23.86,0.000419,8280.0,19731.919
003029,2026-09-23,17.48,-0.031579,90465.0,159414.346
003030,2026-09-23,27.27,-0.010522,34473.83,94478.09709
003031,2026-09-23,134.6,0.007033,83965.02,1125594.02407
003032,2026-09-23,9.26,-0.070281,807841.0,777909.299
003033,2026-09-23,95.38,0.068085,38620.5,367447.4015
003035,2026-09-23,5.34,-0.025547,276362.14,148553.39033
003036,2026-09-23,58.8,0.074561,171495.78,999314.96473
003037,2026-09-23,5.84,0.005163999999999999,49543.66,29032.43074
003038,2026-09-23,10.71,-0.015625,27329.48,29450.83152
003039,2026-09-23,12.66,-0.01171,49158.0,62586.81127
003040,2026-09-23,15.91,-0.10011300000000001,678079.59,1102452.67309
003041,2026-09-23,42.79,-0.026615000000000003,30684.0,132094.229
003042,2026-09-23,14.3,-0.015152,18121.0,25912.482
003043,2026-09-23,64.82,0.015192,37045.05,238961.50196
003816,2026-09-23,4.18,-0.004762,625326.0,261641.588
300001,2026-09-23,35.51,0.032568,274832.29,973732.99482
300002,2026-09-23,8.05,-0.025424000000000002,304999.58,248869.26527
300003,2026-09-23,11.58,-0.0025840000000000004,88038.0,102218.43
300004,2026-09-23,7.97,-0.01968,103415.0,82651.146
300005,2026-09-23,10.88,-0.018935999999999998,281241.84,307484.7024
300006,2026-09-23,5.62,0.010791,283213.24,158010.4956
300007,2026-09-23,31.78,-0.026347999999999996,112726.29,357815.51241
300008,2026-09-23,6.29,-0.027821,500490.27,316709.07168
300009,2026-09-23,8.46,-0.0070420000000000005,343146.11,293088.78471
300010,2026-09-23,5.27,-0.009398,1005973.33,531702.43762
300011,2026-09-23,5.88,-0.001698,54552.35,32127.1998
300012,2026-09-23,14.85,0.008147,203060.45,301383.0793
300013,2026-09-23,4.33,-0.011415999999999999,130568.5,56813.8475
300014,2026-09-23,50.03,-0.010287,188919.59,945657.09564
300015,2026-09-23,8.01,-0.007435000000000001,365214.81,294304.5271
300016,2026-09-23,10.29,0.087738,884163.12,876196.43531
300017,2026-09-23,15.32,-0.037688,1056697.98,1632046.07208
300018,2026-09-23,12.02,0.002502,59501.02,71405.60682
300019,2026-09-23,14.39,0.006998,28795.0,41333.101
300020,2026-09-23,3.8,-0.012987,89599.08,34396.45456
300021,2026-09-23,3.87,-0.015267,131164.91,50814.50171
300022,2026-09-23,7.92,-0.002519,55386.92,43665.41804
300024,2026-09-23,13.22,-0.002264,148777.75,196509.51028
300025,2026-09-23,5.88,-0.013423000000000001,126187.0,73958.05
300026,2026-09-23,3.25,-0.026945999999999998,421180.0,138543.446
300027,2026-09-23,1.68,-0.023256000000000002,511470.2,86849.7716
300030,2026-09-23,6.81,-0.015896,51170.0,34987.849
300031,2026-09-23,21.63,0.012166999999999999,98321.74,212442.35854
300032,2026-09-23,3.84,-0.020408,89956.0,34823.587
300033,2026-09-23,208.64,-0.00728,52012.04,1086653.77099
300034,2026-09-23,15.92,-0.008100000000000001,65917.42,104893.31452
300035,2026-09-23,12.55,0.0,73565.0,92616.83492
300036,2026-09-23,10.22,-0.017308,54741.0,56139.433
300037,2026-09-23,72.37,0.022898,85217.31,612425.30633
300039,2026-09-23,5.2,-0.018868,211231.01,110554.83227
300040,2026-09-23,5.66,-0.030822,253098.0,144077.193
300041,2026-09-23,11.42,0.026056,225682.84,255408.271
300042,2026-09-23,40.64,0.013718999999999999,90825.98,367975.7051
300043,2026-09-23,4.37,-0.031042,254808.0,112480.73001
300044,2026-09-23,6.13,-0.017627999999999998,121756.89,74944.24025
300045,2026-09-23,11.8,-0.021559,123835.81,146435.44212
300046,2026-09-23,25.14,0.007614999999999999,45828.0,114736.833
300047,2026-09-23,9.27,-0.005365,162133.58,150808.66957
300048,2026-09-23,4.77,-0.020534,78771.5,37755.333
300049,2026-09-23,49.6,0.018062,58219.19,289109.49024
300050,2026-09-23,7.58,0.007979,368228.16,279804.67162
300051,2026-09-23,8.26,-0.01432,151252.0,124079.84
300052,2026-09-23,10.25,-0.033019,89013.03,91892.02167
300053,2026-09-23,12.24,-0.009709,104151.12,127766.30361
300054,2026-09-23,71.13,0.000844,124266.95,886216.37676
300055,2026-09-23,5.82,-0.01855,98811.0,57894.708
300056,2026-09-23,7.81,0.010348999999999999,248605.0,196197.90364
300057,2026-09-23,6.62,0.0015129999999999998,191950.97,127345.75746
300058,2026-09-23,13.52,-0.037722000000000006,2530272.31,3454396.89345
300059,2026-09-23,18.65,-0.006392999999999999,1056663.1,1972095.17696
300061,2026-09-23,7.0,-0.014085,474761.88,328499.98096
300062,2026-09-23,6.09,-0.040945,189950.76,117748.06323
300063,2026-09-23,8.6,-0.049724000000000004,377077.95,328512.47753
300065,2026-09-23,15.32,-0.032216999999999996,232353.4,358387.09071
300066,2026-09-23,4.74,-0.004202,99703.0,47026.818
300067,2026-09-23,5.33,-0.03442,275245.52,148233.58949
300068,2026-09-23,4.15,-0.030373999999999998,370113.0,155478.737
300069,2026-09-23,24.82,-0.029710999999999998,48628.0,120803.082
300070,2026-09-23,3.42,0.002933,332030.07,113945.08487
300071,2026-09-23,4.09,-0.055427,599010.0,248575.84998
300072,2026-09-23,3.48,-0.036011,196392.82,68991.50229
300073,2026-09-23,38.21,-0.005725,54333.12,207990.42364
300074,2026-09-23,3.82,-0.035354000000000003,214831.03,82750.24264
300075,2026-09-23,10.33,-0.019924,62454.66,64797.60664
300076,2026-09-23,4.27,-0.013857,29432.0,12568.465
300077,2026-09-23,22.78,0.003524,342850.44,776680.83146
300078,2026-09-23,2.69,-0.042705,313720.12,85382.904
300079,2026-09-23,4.82,-0.01833,217220.4,104403.0684
300080,2026-09-23,3.65,-0.018817,167302.49,61748.17949
300081,2026-09-23,3.35,-0.031792,70038.0,23996.755
300083,2026-09-23,12.5,0.006441,405641.77,507723.09019
300084,2026-09-23,10.2,-0.028571,48479.0,49955.243
300085,2026-09-23,31.28,-0.013560000000000001,219925.98,691089.73738
300086,2026-09-23,5.49,-0.050172999999999995,436408.17,242075.29717
300087,2026-09-23,5.62,-0.017483,79851.4,45123.138
300088,2026-09-23,7.36,0.013774,1344125.0,991134.85084
300091,2026-09-23,2.41,-0.016327,40660.64,9869.29624
300092,2026-09-23,11.24,-0.007067,17282.0,19460.333
300093,2026-09-23,21.72,0.00046100000000000004,35167.0,76433.09096
300094,2026-09-23,2.95,-0.026403,425623.3,126331.8542
300095,2026-09-23,8.97,-0.00444,83170.0,74489.144
300096,2026-09-23,9.02,-0.020630000000000003,40504.0,36541.827
300097,2026-09-23,10.75,-0.025385,174604.33,190648.20255
300098,2026-09-23,4.28,-0.027273000000000002,289932.76,125135.99919
300099,2026-09-23,6.46,0.020537,195339.14,124122.05103
300100,2026-09-23,20.72,0.006803,55568.97,115736.22672
300101,2026-09-23,14.33,0.009866,90654.09,129283.29286
300102,2026-09-23,16.71,-0.014740999999999999,134375.14,225431.64404
300103,2026-09-23,8.08,0.011264000000000001,52902.54,42539.839
300105,2026-09-23,7.28,-0.009524,88755.16,65228.51796
300106,2026-09-23,10.71,-0.02281,56964.64,61262.78016
300107,2026-09-23,6.7,-0.00149,46634.61,31121.3617
300109,2026-09-23,13.28,-0.008955,89943.75,119123.4565
300110,2026-09-23,3.65,-0.075949,3099890.49,1143568.86632
300111,2026-09-23,2.99,-0.041666999999999996,371039.0,112642.057
300112,2026-09-23,11.85,0.018917,490253.39,569107.72484
300113,2026-09-23,16.76,-0.034006,215061.74,362466.97164
300115,2026-09-23,23.96,-0.012365999999999999,144531.25,347517.1774
300118,2026-09-23,9.22,-0.001083,171905.96,159243.1024
300119,2026-09-23,17.14,-0.004646,30610.0,52623.153
300120,2026-09-23,7.38,-0.01992,271078.0,201218.248
300121,2026-09-23,9.91,0.012257,126997.0,125426.485
300122,2026-09-23,13.44,0.006742000000000001,422792.63,572270.26145
300123,2026-09-23,4.37,-0.03956,261948.0,115679.017
300124,2026-09-23,52.72,-0.024607,231275.68,1229105.56801
300125,2026-09-23,8.89,-0.014412000000000001,41024.0,36484.551
300126,2026-09-23,6.6,-0.006024000000000001,32393.0,21396.688
300127,2026-09-23,24.15,-0.016694,26739.61,64702.18696
300128,2026-09-23,4.98,-0.017751,186851.55,93861.45056
300129,2026-09-23,7.36,-0.026455000000000003,182537.15,134777.3901
300130,2026-09-23,18.22,-0.011931,61062.0,111221.90697
300131,2026-09-23,15.23,-0.022465000000000002,320787.96,492941.90295
300132,2026-09-23,6.24,-0.012658,73451.15,45888.96635
300133,2026-09-23,7.47,-0.010596000000000001,500060.41,371540.72191
300134,2026-09-23,8.47,-0.01397,63836.0,54159.426
300135,2026-09-23,3.42,-0.028409,176249.0,60902.137
300136,2026-09-23,58.01,-0.01977,266004.39,1548339.89275
300137,2026-09-23,10.26,-0.10705,495840.6,523507.328
300138,2026-09-23,11.45,-0.010372,24109.0,27590.899
300139,2026-09-23,46.88,-0.0067800000000000004,148563.0,698372.44441
300140,2026-09-23,5.35,-0.009259,88100.0,47477.093
300141,2026-09-23,9.82,-0.020937,57402.0,56285.802
300142,2026-09-23,14.08,0.00428,1142419.87,1615729.47575
300143,2026-09-23,7.85,0.007702,103792.92,80743.015
300144,2026-09-23,5.77,-0.008591,219573.46,127528.43561
300145,2026-09-23,5.16,0.0019420000000000001,768724.75,402709.62168
300146,2026-09-23,9.42,-0.00106,83224.0,78602.173
300147,2026-09-23,6.33,-0.035061,123184.51,78340.17708
300148,2026-09-23,3.54,-0.035421999999999995,348973.98,124513.73078
300149,2026-09-23,10.01,0.003006,298454.32,299387.1745
300150,2026-09-23,4.16,-0.021176,69209.0,28999.715
300151,2026-09-23,21.16,-0.001887,173655.0,364538.99957
300152,2026-09-23,1.66,-0.017751,127195.0,21166.561
300153,2026-09-23,27.55,-0.002173,88612.31,243581.67332
300154,2026-09-23,13.97,0.023443000000000002,150993.87,208932.48021
300155,2026-09-23,5.06,0.11946899999999999,773569.61,400058.58696
300157,2026-09-23,3.69,-0.036554,273279.78,101714.93691
300158,2026-09-23,5.28,-0.020408,225462.05,119107.37721
300159,2026-09-23,2.84,-0.030716999999999998,301335.81,86275.90766
300160,2026-09-23,4.47,0.009029,80949.0,36170.965
300161,2026-09-23,27.01,-0.017818,22062.0,59880.927
300162,2026-09-23,8.11,0.030496,538085.76,440819.78261
300163,2026-09-23,8.09,-0.00492,314804.0,257342.757
300164,2026-09-23,8.92,-0.058078000000000005,800095.37,721732.53004
300165,2026-09-23,5.19,0.021654,269487.1,138625.4741
300166,2026-09-23,12.78,0.015898000000000002,745933.73,951320.00938
300167,2026-09-23,4.0,-0.038462,79484.0,32049.643
300168,2026-09-23,4.75,-0.024641000000000003,167610.11,80015.68156
300169,2026-09-23,5.55,0.0,55071.95,30541.1305
300170,2026-09-23,15.7,-0.030864,432241.71,680926.93027
300171,2026-09-23,16.32,0.032258,260164.88,425155.35012
300172,2026-09-23,4.48,-0.00885,65648.9,29458.34555
300173,2026-09-23,3.36,0.002985,60307.0,20322.586
300174,2026-09-23,19.29,0.032103,171868.79,328193.77251
300175,2026-09-23,5.39,-0.027076,53922.0,29207.303
300176,2026-09-23,4.38,-0.011287,91796.0,40361.1172
300177,2026-09-23,6.08,-0.020933999999999998,76124.84,46424.5378
300179,2026-09-23,43.82,0.039374,503792.2,2193362.40862
300180,2026-09-23,4.41,-0.035011,282929.0,125728.126
300181,2026-09-23,13.15,0.005352,58823.0,77188.231
300182,2026-09-23,4.99,-0.029183,857003.51,429725.80441
300183,2026-09-23,10.9,-0.016245,50443.0,55244.197
300184,2026-09-23,12.22,0.00659,346721.47,422166.54712
300185,2026-09-23,2.73,-0.007272999999999999,473641.45,130136.15217
300187,2026-09-23,4.54,-0.017316,57218.0,26117.584
300188,2026-09-23,10.53,-0.020465,101165.81,106845.46231
300189,2026-09-23,6.45,-0.037313,1458660.94,946089.98399
300190,2026-09-23,3.84,-0.002597,112828.17,43612.57621
300191,2026-09-23,31.4,-0.016599,77687.22,244535.79164
300192,2026-09-23,22.95,0.16972500000000001,540341.42,1196977.62478
300193,2026-09-23,7.95,0.0,17607.58,14007.15552
300194,2026-09-23,3.9,-0.022556,180883.0,71088.393
300195,2026-09-23,6.3,0.008,60614.0,38038.818
300196,2026-09-23,19.33,-0.015784,191835.92,372361.93408
300197,2026-09-23,1.92,-0.025381,578426.27,112170.26957
300198,2026-09-23,2.26,-0.021644999999999998,93347.0,21381.685
300199,2026-09-23,24.29,0.018449,496575.68,1195578.63691
300200,2026-09-23,8.48,-0.005862000000000001,51895.0,44030.866
300201,2026-09-23,13.71,0.004396,208761.4,283708.55521
300203,2026-09-23,14.05,0.033088,166779.61,233133.00707
300204,2026-09-23,20.88,0.011137999999999999,240565.96,508767.87343
300205,2026-09-23,5.28,0.047618999999999995,57466.03,30157.92175
300206,2026-09-23,11.7,0.0,32677.0,38203.666
300207,2026-09-23,19.53,0.012967,954617.99,1856672.6741
300209,2026-09-23,37.41,-0.019397,505892.5,1911463.20964
300210,2026-09-23,7.19,-0.027063999999999998,73657.0,53524.138
300211,2026-09-23,7.02,-0.012658,11850.0,8332.523
300212,2026-09-23,7.91,-0.023457,80863.0,64413.104
300213,2026-09-23,6.51,-0.021053000000000002,77706.0,50632.125
300214,2026-09-23,9.99,-0.028210000000000002,157936.0,158384.268
300215,2026-09-23,6.87,0.058552,460599.73,314578.59008
300217,2026-09-23,4.07,-0.00489,91074.03,37066.48021
300218,2026-09-23,12.55,-0.003968,12843.0,16118.302
300219,2026-09-23,6.96,0.004329,151134.17,105694.77052
300220,2026-09-23,11.13,-0.009786,16547.0,18427.851
300221,2026-09-23,14.55,0.026817,259137.02,373365.20204
300222,2026-09-23,10.11,-0.010763,113637.37,114661.34722
300223,2026-09-23,146.97,0.005955,165129.04,2439737.63367
300224,2026-09-23,12.17,-0.0008210000000000001,121941.25,147974.77364
300225,2026-09-23,8.32,-0.005974,165213.1,137266.4566
300226,2026-09-23,17.94,0.012987,147419.68,263026.90985
300227,2026-09-23,10.85,0.0009229999999999999,173752.0,187717.718
300228,2026-09-23,6.67,-0.021994,80758.0,54191.984
300229,2026-09-23,13.18,-0.040057999999999996,236785.95,314348.19915
300230,2026-09-23,4.32,-0.009174,53760.6,23258.206
300231,2026-09-23,8.28,-0.010752999999999999,67988.9,56009.9353
300232,2026-09-23,5.36,-0.021898,111171.05,60203.79728
300233,2026-09-23,13.51,-0.019594,63300.0,86048.501
300234,2026-09-23,11.77,-0.022425,187748.59,223524.44531
300235,2026-09-23,12.32,-0.01676,62225.03,77293.22153
300236,2026-09-23,89.75,0.005039,36950.6,331421.16669
300237,2026-09-23,2.25,-0.025974,154534.0,35391.775
300238,2026-09-23,12.1,0.0049830000000000004,56680.0,68691.729
300239,2026-09-23,5.29,0.0,94902.25,49817.93375
300240,2026-09-23,6.09,-0.017742,67064.0,40854.462
300241,2026-09-23,5.92,-0.003367,118284.87,70359.42217
300242,2026-09-23,3.89,-0.034739,149462.03,58508.9837
300243,2026-09-23,24.57,0.103278,470007.91,1138158.97137
300244,2026-09-23,21.07,-0.005194,303374.2,641726.28644
300245,2026-09-23,6.14,-0.016026,89997.0,56369.191
300246,2026-09-23,15.86,-0.014906999999999998,43471.0,69604.023
300247,2026-09-23,3.75,-0.007937,92717.0,34879.1
300248,2026-09-23,8.27,-0.016647000000000002,52803.95,43750.23779
300249,2026-09-23,13.54,0.002221,104605.97,142120.61934
300250,2026-09-23,15.19,-0.032484,88882.0,136109.39823
300251,2026-09-23,11.05,-0.016028,243973.99,269803.3395
300252,2026-09-23,12.56,-0.012579,233826.84,292385.04794
300253,2026-09-23,7.01,-0.01958,364040.93,256760.49031
300254,2026-09-23,8.99,-0.013172,55923.0,50402.976
300255,2026-09-23,23.63,-0.015005999999999999,188327.54,449726.2345
300256,2026-09-23,2.67,-0.029091,190770.56,51496.58652
300257,2026-09-23,19.45,0.008294000000000001,94180.0,182784.1737
300258,2026-09-23,8.89,-0.001124,45349.0,40132.558
300259,2026-09-23,4.5,0.086957,1164858.53,511956.91957
300260,2026-09-23,64.05,0.011209,116489.39,746440.90533
300261,2026-09-23,4.88,-0.010142,75305.0,36793.647
300263,2026-09-23,10.89,0.026389999999999997,543392.87,590174.45026
300264,2026-09-23,6.1,-0.012945,114019.43,68971.00416
300265,2026-09-23,13.32,-0.038267,197662.63,265790.8892
300266,2026-09-23,1.85,-0.026316000000000003,238355.5,44648.5615
300267,2026-09-23,3.32,-0.017751,312932.75,104954.705
300268,2026-09-23,12.0,0.0,17602.02,21154.34
300269,2026-09-23,4.57,-0.02766,135841.0,62939.35
300270,2026-09-23,10.4,-0.016083,62626.0,65068.371
300271,2026-09-23,5.81,-0.026801,170962.98,99835.59867
300272,2026-09-23,5.8,-0.011924999999999998,42656.0,24834.485
300274,2026-09-23,86.83,-0.015532999999999998,345436.0,3010451.41748
300275,2026-09-23,9.0,-0.020675,33763.6,30515.7934
300276,2026-09-23,5.95,-0.011628000000000001,131890.89,78637.97335
300277,2026-09-23,13.14,-0.003791,129506.8,169159.11702
300278,2026-09-23,3.59,-0.011019000000000001,106490.0,38500.282
300279,2026-09-23,5.95,-0.006678,94241.0,55983.248
300281,2026-09-23,7.2,0.018388,118137.03,85442.42266
300283,2026-09-23,14.55,0.019622,367017.0,531019.698
300284,2026-09-23,5.14,-0.003876,87125.0,44944.541
300285,2026-09-23,69.0,0.04229599999999999,760375.86,5126183.14807
300286,2026-09-23,19.56,0.005656,26146.21,50880.40597
300287,2026-09-23,3.72,0.005405,641836.96,239857.45905
300288,2026-09-23,9.77,-0.023,41186.0,40387.92
300289,2026-09-23,5.96,-0.009967,58295.87,34865.99752
300290,2026-09-23,7.52,-0.027167,525346.0,408837.702
300291,2026-09-23,5.97,0.006745,1136488.38,664823.12296
300292,2026-09-23,4.51,-0.028017,577114.84,260925.2078
300293,2026-09-23,14.68,-0.0060929999999999995,20470.0,30145.694
300294,2026-09-23,14.72,-0.009421,36838.08,54733.77144
300295,2026-09-23,11.97,-0.022857,25880.0,31309.98
300296,2026-09-23,4.91,-0.010081,310747.0,153443.144
300298,2026-09-23,16.34,0.0,32076.0,52456.896
300299,2026-09-23,5.36,-0.037702,188360.05,101623.07425
300300,2026-09-23,9.01,-0.046561000000000005,880260.26,807689.18899
300301,2026-09-23,3.43,-0.005797,30248.0,10326.361
300302,2026-09-23,29.23,0.013172,204344.86,597605.9425
300303,2026-09-23,6.96,-0.002865,275159.59,192281.39753
300304,2026-09-23,12.12,0.021061,200159.01,241337.68907
300305,2026-09-23,6.76,0.048061999999999994,262185.0,176923.16136
300306,2026-09-23,10.43,0.0,17102.0,17821.804
300307,2026-09-23,7.3,-0.006803,84959.02,62131.70754
300308,2026-09-23,922.5,-0.005627,147633.19,13680098.6821
300310,2026-09-23,4.32,-0.027027000000000002,230718.0,99694.936
300311,2026-09-23,5.91,-0.034314,401403.02,237933.2848
300313,2026-09-23,13.01,-0.051749,214918.0,285870.441
300314,2026-09-23,12.62,-0.029977,109968.0,139357.257
300315,2026-09-23,3.99,-0.026829000000000002,556957.41,223587.871
300316,2026-09-23,42.3,0.021986,128749.26,545411.08535
300317,2026-09-23,3.97,-0.047962,563981.84,226979.16748
300318,2026-09-23,5.23,0.005769,111417.0,58473.269
300319,2026-09-23,21.54,0.012694,941362.24,2013464.73075
300320,2026-09-23,8.35,-0.010664,24869.0,20846.333
300321,2026-09-23,36.21,0.046532,51096.95,183593.2867
300322,2026-09-23,18.57,-0.013284,167507.4,312081.47662
300323,2026-09-23,11.99,0.012669,545180.54,658219.57246
300324,2026-09-23,3.95,-0.045894000000000004,2353043.78,934675.60026
300326,2026-09-23,6.31,0.004777,55348.79,34904.80212
300327,2026-09-23,26.73,0.022570999999999997,118004.02,311483.86401
300328,2026-09-23,13.51,0.021164000000000002,371293.21,493932.74599
300329,2026-09-23,11.9,-0.031733,21198.0,25443.715
300331,2026-09-23,49.19,-0.011455,61958.06,306125.20986
300332,2026-09-23,4.84,-0.026157,190567.18,92893.04906
300333,2026-09-23,11.73,0.010336000000000001,239368.59,276418.5176
300334,2026-09-23,8.53,0.0023499999999999997,71125.0,61030.993
300335,2026-09-23,5.44,-0.021583,95728.0,52220.479
300337,2026-09-23,9.19,-0.013948,88898.11,81938.20998
300338,2026-09-23,2.88,-0.055738,129103.28,37575.6052
300339,2026-09-23,34.36,-0.022197,119860.07,414182.91728
300340,2026-09-23,8.65,-0.021493,38417.94,33253.6294
300341,2026-09-23,13.05,-0.0053349999999999995,32229.0,42111.386
300342,2026-09-23,31.45,-0.01688,74296.47,234374.62392
300343,2026-09-23,5.36,-0.020110000000000003,113050.57,60817.86552
300345,2026-09-23,7.69,-0.015365,277911.0,214713.947
300346,2026-09-23,55.68,0.008513,236375.41,1312266.25485
300347,2026-09-23,58.5,0.011411,99407.76,584159.39143
300348,2026-09-23,9.47,-0.02572,111762.22,106427.41158
300349,2026-09-23,10.64,0.036027,152935.84,162405.74948
300350,2026-09-23,4.64,-0.012766,432492.38,203888.59022
300351,2026-09-23,14.1,-0.00494,51821.0,73393.373
300352,2026-09-23,3.0,0.013514,438401.0,133938.3615
300353,2026-09-23,16.89,0.027998,113136.08,190377.12601
300354,2026-09-23,27.92,0.013062,16238.0,44826.239
300355,2026-09-23,2.77,-0.01773,165727.0,46175.269
300357,2026-09-23,20.39,0.009906,72971.42,148627.05367
300358,2026-09-23,9.7,0.047515999999999996,684548.29,658769.71598
300359,2026-09-23,4.06,-0.037915000000000004,154082.0,63084.774
300360,2026-09-23,11.21,-0.0026690000000000004,31659.88,35558.3046
300363,2026-09-23,25.25,0.050332999999999996,294460.68,747636.62381
300364,2026-09-23,24.46,-0.05157,629735.64,1553575.64755
300365,2026-09-23,4.52,-0.023757999999999998,99978.0,45383.721
300366,2026-09-23,5.53,0.007286,47008.0,25866.214
300368,2026-09-23,9.56,-0.002088,331782.0,317410.261
300369,2026-09-23,9.27,-0.063636,774854.84,735693.31622
300370,2026-09-23,2.16,-0.027027000000000002,297627.39,64497.28924
300371,2026-09-23,10.21,0.007897,23399.0,23808.996
300373,2026-09-23,91.39,-0.004032,89491.38,819946.44076
300374,2026-09-23,9.96,-0.011904999999999999,47796.4,48056.3598
300375,2026-09-23,4.1,-0.004854,56320.58,23133.9138
300376,2026-09-23,4.18,-0.018779,140489.69,59276.4095
300377,2026-09-23,14.09,-0.018802,165044.29,233224.52885
300378,2026-09-23,38.89,-0.007148,158150.71,616053.47014
300380,2026-09-23,28.52,-0.014853,13174.0,37548.148
300381,2026-09-23,5.8,0.0034599999999999995,84895.0,48790.976
300382,2026-09-23,15.87,-0.012445999999999999,142179.96,226938.10856
300383,2026-09-23,11.2,-0.022688,291899.89,329526.97734
300384,2026-09-23,11.9,-0.00084,16468.82,19624.3797
300385,2026-09-23,13.57,0.023378999999999997,63241.0,85995.622
300386,2026-09-23,10.93,-0.032743,51389.8,56551.1718
300387,2026-09-23,7.4,-0.010695,45681.0,33777.806
300388,2026-09-23,6.73,-0.002963,24708.64,16644.99378
300389,2026-09-23,13.3,0.004532,50341.4,67006.8222
300390,2026-09-23,52.76,-0.027107000000000003,175304.83,928585.81808
300393,2026-09-23,6.11,-0.019261999999999998,128267.0,79388.40839
300394,2026-09-23,275.4,-0.001595,236256.28,6525434.22684
300395,2026-09-23,98.46,0.014215,227595.08,2248170.93922
300396,2026-09-23,7.13,-0.009722,12451.0,8902.023
300397,2026-09-23,12.44,0.08362399999999999,662666.57,801085.81774
300398,2026-09-23,39.14,0.032173,377877.59,1462087.60114
300399,2026-09-23,19.54,-0.021532,34862.35,68215.63385
300400,2026-09-23,35.83,0.008159999999999999,152451.0,555066.328
300401,2026-09-23,16.64,0.015253000000000001,219148.21,364270.35667
300402,2026-09-23,14.75,-0.010731,18968.0,28099.448
300403,2026-09-23,8.76,0.002288,42490.0,37099.47352
300404,2026-09-23,15.17,0.020861,638081.68,965037.72709
300405,2026-09-23,5.76,-0.010308999999999999,61182.0,35275.82
300406,2026-09-23,11.85,0.005089,47894.59,56882.25392
300407,2026-09-23,10.58,-0.02037,48643.0,51850.289
300408,2026-09-23,130.4,0.007105,303482.51,3975428.66897
300409,2026-09-23,17.72,0.029036,234411.94,412091.97444
300410,2026-09-23,8.99,0.025086,290169.82,259809.01318
300411,2026-09-23,8.21,-0.006052999999999999,62268.0,51036.39
300412,2026-09-23,4.52,-0.010941000000000001,74229.5,33529.8257
300413,2026-09-23,19.33,0.000518,711047.92,1356477.38955
300414,2026-09-23,11.16,-0.03209,78754.97,88342.65338
300415,2026-09-23,19.15,0.013764,51315.64,98086.87738
300416,2026-09-23,14.41,0.012648999999999999,104065.53,149308.15491
300417,2026-09-23,12.05,0.011755,32210.42,38501.88472
300418,2026-09-23,42.88,-0.04135900000000001,588439.51,2542773.41425
300419,2026-09-23,7.58,0.005305,56778.0,43165.884
300420,2026-09-23,8.1,0.017588,607200.4,483095.9996
300421,2026-09-23,17.49,0.000572,39461.0,68681.6548
300422,2026-09-23,4.02,-0.026634,85082.52,34406.74904
300423,2026-09-23,5.44,-0.026833999999999997,70388.0,38392.753
300424,2026-09-23,13.74,-0.022064,153903.51,212299.08516
300425,2026-09-23,4.0,-0.009901,46897.0,18817.197
300426,2026-09-23,8.09,-0.042603999999999996,310834.0,253736.547
300427,2026-09-23,6.31,-0.082849,565412.53,363752.79412
300428,2026-09-23,19.51,-0.005607,33483.67,65456.07818
300429,2026-09-23,11.68,0.005163999999999999,144169.18,168115.78276
300430,2026-09-23,4.63,-0.033403,140378.0,65919.155
300432,2026-09-23,13.25,-0.014137,249978.57,331445.04147
300433,2026-09-23,34.04,-0.011614,669555.61,2301608.80948
300434,2026-09-23,12.58,-0.006319,347320.4,439389.7538
300435,2026-09-23,16.47,-0.016715999999999998,42021.0,69468.193
300436,2026-09-23,87.08,-0.0077480000000000005,21938.07,192506.74673
300437,2026-09-23,10.83,-0.026078999999999998,47936.0,52052.459
300438,2026-09-23,50.43,-0.023998,108384.87,548855.95841
300439,2026-09-23,10.06,-0.001984,34609.83,34842.85051
300440,2026-09-23,17.53,-0.017377,80652.0,141827.186
300441,2026-09-23,7.09,0.004249,40374.0,28699.282
300442,2026-09-23,66.74,0.00015,317221.86,2101935.4134
300443,2026-09-23,19.56,0.0,50019.99,97537.84461
300444,2026-09-23,8.77,-0.029866999999999998,210840.79,185747.10789
300445,2026-09-23,19.21,0.021265,31599.6,60204.83
300446,2026-09-23,12.87,-0.01,37499.95,48377.31465
300447,2026-09-23,14.08,-0.016073,26095.0,36740.024
300448,2026-09-23,5.64,-0.0052910000000000006,132520.26,73885.49408
300449,2026-09-23,6.67,-0.008915,77394.0,51404.59
300450,2026-09-23,32.41,0.003406,204277.1,661731.94153
300451,2026-09-23,3.48,-0.022472,244258.0,85764.978
300452,2026-09-23,13.28,0.0060609999999999995,35650.35,47364.0268
300453,2026-09-23,9.08,0.007769000000000001,30895.0,28003.405
300454,2026-09-23,146.43,-0.031099,114968.66,1707116.17152
300455,2026-09-23,17.0,-0.011628000000000001,33784.9,57695.17548
300456,2026-09-23,39.0,0.015096,472655.67,1840594.08164
300457,2026-09-23,21.25,0.0047279999999999996,143170.85,304165.36006
300458,2026-09-23,33.77,0.004163,472964.51,1594552.70806
300459,2026-09-23,3.55,-0.032698,824216.29,295720.66038
300460,2026-09-23,9.13,0.018973,57765.03,52879.50311
300461,2026-09-23,36.22,0.023742,91766.2,332677.852
300462,2026-09-23,11.62,0.031972,18700.0,21563.2697
300463,2026-09-23,9.4,-0.0052910000000000006,46244.0,43575.878
300464,2026-09-23,12.0,-0.018003,369408.0,437761.176
300465,2026-09-23,11.31,-0.026678,63713.0,72524.116
300466,2026-09-23,7.13,-0.008345,42800.8,30464.1186
300467,2026-09-23,33.45,0.002397,20845.46,69680.2466
300468,2026-09-23,21.93,-0.036467,285984.46,631736.6757
300469,2026-09-23,50.63,-0.014981,35213.02,178718.50314
300470,2026-09-23,27.95,0.0032300000000000002,10224.0,28552.84
300471,2026-09-23,9.97,-0.011893,39423.0,39261.168
300472,2026-09-23,6.92,0.023669,36629.0,25409.069
300473,2026-09-23,36.43,0.041749999999999995,125050.64,456230.73611
300474,2026-09-23,53.28,0.01043,101398.65,538386.15966
300475,2026-09-23,179.03,-0.011976,174175.28,3150898.70509
300476,2026-09-23,244.3,0.009087,314697.33,7744768.8562
300477,2026-09-23,2.68,0.022900999999999998,241988.01,64804.64266
300478,2026-09-23,36.26,-0.001652,36639.0,133384.3982
300479,2026-09-23,14.87,-0.012616,20772.0,30884.049
300480,2026-09-23,32.94,0.017295,86958.0,285513.794
300481,2026-09-23,14.31,0.00988,69707.82,99449.43347
300482,2026-09-23,16.59,0.001812,41499.05,69059.54533
300483,2026-09-23,23.5,-0.013434,89545.6,208481.8148
300484,2026-09-23,12.86,-0.018321,19587.88,25311.925
300485,2026-09-23,8.7,-0.009112,33879.0,29635.276
300486,2026-09-23,17.8,-0.017118,46833.03,83523.07081
300487,2026-09-23,70.4,0.01646,34305.91,241235.6363
300488,2026-09-23,38.25,-0.002868,58176.99,223914.11154
300489,2026-09-23,264.02,0.060279,154167.75,3911406.92135
300490,2026-09-23,10.78,-0.014624999999999999,80731.0,87107.014
300491,2026-09-23,37.12,0.014485,169937.11,646994.09914
300492,2026-09-23,21.86,-0.043326,27441.55,60819.97542
300493,2026-09-23,13.28,-0.005243,111069.57,146983.18385
300494,2026-09-23,8.05,-0.018293,52904.0,42684.843
300496,2026-09-23,56.11,-0.008657,58306.72,327997.23967
300497,2026-09-23,19.99,-0.025828000000000004,384099.34,773758.09414
300498,2026-09-23,14.79,-0.007383,214598.57,318706.34874
300499,2026-09-23,36.02,-0.007713,204098.18,743137.03988
300500,2026-09-23,9.48,-0.001054,25277.5,23982.5185
300501,2026-09-23,9.44,-0.013584,30977.6,29369.58168
300502,2026-09-23,451.2,-0.008352,227235.12,10295197.5424
300503,2026-09-23,67.16,0.028169,116924.15,780254.08787
300504,2026-09-23,18.94,-0.028718,157668.0,297736.832
300505,2026-09-23,18.96,-0.032653,139948.88,266835.57609
300506,2026-09-23,4.99,0.059448,343932.02,167450.81587
300507,2026-09-23,6.48,-0.0015409999999999998,46577.32,30135.03836
300508,2026-09-23,39.54,0.014366,16131.4,63319.2062
300509,2026-09-23,8.86,-0.004494000000000001,34982.0,30959.912
300510,2026-09-23,3.36,-0.0317,193226.0,65447.935
300511,2026-09-23,4.93,-0.033333,230400.25,114631.08675
300512,2026-09-23,7.46,-0.002674,29462.0,21950.04
300513,2026-09-23,7.36,-0.027741,74978.0,55561.764
300514,2026-09-23,10.4,0.0019270000000000001,25995.99,27073.35251
300515,2026-09-23,17.51,0.067032,106262.0,182614.338
300516,2026-09-23,35.99,-0.017204,46875.4,169339.3628
300517,2026-09-23,12.26,-0.0008150000000000001,36933.0,45225.202
300518,2026-09-23,26.45,-0.023264,69378.29,183272.57102
300519,2026-09-23,14.59,-0.014189,21438.18,31307.16905
300520,2026-09-23,25.66,0.119058,381403.86,939997.7283
300521,2026-09-23,25.4,-0.0035310000000000003,21545.0,54639.365
300522,2026-09-23,15.67,0.033641000000000004,234860.34,363529.3727
300523,2026-09-23,22.88,0.05975,113943.49,258906.2494
300525,2026-09-23,7.81,-0.028607,118944.91,93588.35671
300527,2026-09-23,8.26,0.011016,54391.95,44700.8573
300528,2026-09-23,13.75,-0.022743000000000003,98058.2,134731.7232
300529,2026-09-23,15.17,-0.006549,34781.0,52956.252
300530,2026-09-23,19.1,-0.029472,42530.0,81403.812
300531,2026-09-23,15.4,-0.009646,58262.0,89694.503
300532,2026-09-23,7.36,-0.010752999999999999,62477.78,46187.27183
300533,2026-09-23,14.1,-0.032258,57340.0,81453.39733
300534,2026-09-23,13.74,-0.047817,624110.7,867512.6756
300535,2026-09-23,15.84,0.008917000000000001,20323.01,32106.42937
300536,2026-09-23,8.46,-0.003534,42543.0,36294.035
300537,2026-09-23,21.58,0.008411,79161.0,170213.321
300538,2026-09-23,15.62,0.024933999999999998,42749.0,66178.274
300539,2026-09-23,18.34,0.042045000000000006,125874.0,228387.347
300540,2026-09-23,26.57,-0.014466000000000001,58234.91,155143.72086
300541,2026-09-23,9.55,-0.015464,36231.91,34622.96283
300542,2026-09-23,12.44,-0.020472,45652.0,56857.2
300543,2026-09-23,7.85,0.001276,36174.56,28354.72308
300545,2026-09-23,29.6,0.064748,247700.53,738471.62966
300546,2026-09-23,16.83,-0.02773,45664.3,77015.9215
300547,2026-09-23,24.98,-0.024219,62975.6,159325.6198
300548,2026-09-23,239.0,0.011854,95687.13,2287264.00534
300549,2026-09-23,14.79,0.006122,15717.5,23212.334
300550,2026-09-23,14.4,0.028571,63232.74,90267.36304
300551,2026-09-23,11.89,0.010195000000000001,79720.0,93620.627
300552,2026-09-23,20.21,-0.03023,36741.22,74569.41272
300553,2026-09-23,67.25,0.014329000000000001,38333.79,255967.11235
300554,2026-09-23,23.9,0.043213,130245.58,313583.91021
300555,2026-09-23,12.35,-0.015936,6096.15,7577.81685
300556,2026-09-23,16.07,-0.011685000000000001,32196.5,51612.827
300557,2026-09-23,25.84,-0.011855,19139.0,49421.70011
300558,2026-09-23,50.36,-0.007098,96239.26,487441.82096
300559,2026-09-23,13.0,-0.007633999999999999,39990.5,52176.856
300560,2026-09-23,18.08,-0.031083,135060.0,247102.2589
300561,2026-09-23,15.5,-0.019608,109281.8,168864.9744
300562,2026-09-23,17.2,-0.021059,149236.0,257894.562
300563,2026-09-23,26.65,-0.022376999999999998,61546.64,164524.86476
300564,2026-09-23,12.61,0.026873,31491.4,39408.4222
300565,2026-09-23,9.87,-0.015952,63708.0,62867.295
300566,2026-09-23,27.57,0.047492,344666.07,936800.67965
300567,2026-09-23,210.68,-0.00749,29501.57,623251.73651
300568,2026-09-23,17.0,0.065163,882632.84,1462261.11724
300569,2026-09-23,4.94,-0.00202,145720.1,71814.58272
300570,2026-09-23,226.18,-0.005627,132445.71,3009753.76049
300571,2026-09-23,29.41,-0.010431,48136.0,140825.7435
300572,2026-09-23,24.85,0.026435,54579.01,135190.84204
300573,2026-09-23,36.68,-0.004883,34035.46,125478.95878
300575,2026-09-23,6.32,-0.009404000000000001,166896.29,105447.33203
300576,2026-09-23,29.88,0.008778000000000001,92487.18,275287.72962
300577,2026-09-23,19.4,-0.029515,26041.0,50886.136
300578,2026-09-23,15.9,0.009524,58737.99,91716.63526
300579,2026-09-23,23.87,-0.013229,47167.83,112473.95161
300580,2026-09-23,18.83,0.016739,66854.99,124920.62619
300581,2026-09-23,10.15,-0.016473,68294.0,69438.0896
300582,2026-09-23,10.7,-0.012915000000000001,36658.0,39386.212
300583,2026-09-23,13.83,-0.005750999999999999,34408.0,47557.8888
300584,2026-09-23,31.29,-0.001595,20924.0,66132.641
300586,2026-09-23,9.75,0.038339,249093.7,240269.55486
300587,2026-09-23,5.14,0.034205,620409.01,315616.06293
300588,2026-09-23,22.43,0.020472999999999998,33469.02,74552.6284
300589,2026-09-23,13.59,-0.033428,140679.02,192701.51087
300590,2026-09-23,11.77,0.016408,153617.5,178903.9795
300591,2026-09-23,6.55,-0.020926999999999998,94925.0,62503.647
300592,2026-09-23,20.7,0.020207000000000003,196396.13,396241.69136
300593,2026-09-23,33.65,0.006882,157023.05,534051.82653
300594,2026-09-23,15.18,0.018792,19730.0,29991.321
300595,2026-09-23,10.27,0.0048920000000000005,82409.43,85466.74306
300596,2026-09-23,40.81,-0.008021,19426.08,79219.31497
300597,2026-09-23,7.96,-0.003755,34451.0,27304.698
300598,2026-09-23,30.85,-0.0128,36728.78,113042.43773
300599,2026-09-23,12.35,-0.026793,106946.0,132772.422
300600,2026-09-23,10.28,-0.032014999999999995,63886.74,66150.7002
300601,2026-09-23,13.18,0.007645,229026.23,302490.2724
300602,2026-09-23,39.0,0.0030859999999999998,156802.55,613929.24645
300603,2026-09-23,8.13,-0.016929,102895.51,83820.32165
300604,2026-09-23,271.18,-0.006121,93506.6,2550935.44274
300605,2026-09-23,10.16,-0.017408,34226.0,34719.296
300606,2026-09-23,36.78,-0.013677,66097.5,244938.5655
300607,2026-09-23,32.4,-0.014898,130787.25,425457.05095
300608,2026-09-23,9.9,-0.022705000000000003,66470.0,66061.901
300609,2026-09-23,25.84,0.047001999999999995,50933.28,128609.91523
300610,2026-09-23,10.4,-0.005736,22423.7,23299.342
300611,2026-09-23,28.37,0.008173,34152.19,96273.48895
300612,2026-09-23,12.32,-0.029921000000000003,57273.0,70777.056
300613,2026-09-23,86.59,0.034034,135711.37,1150582.61249
300614,2026-09-23,10.4,-0.001919,22484.0,23279.195
300615,2026-09-23,14.36,-0.042027999999999996,156857.0,225322.265
300616,2026-09-23,11.06,-0.0045000000000000005,69082.0,77019.384
300617,2026-09-23,35.9,-0.010201,22327.0,80118.478
300618,2026-09-23,32.11,-0.006498,25181.87,80976.94457
300619,2026-09-23,27.23,0.036149,101866.41,275926.02791
300620,2026-09-23,289.18,-0.009658,74699.22,2176879.48441
300621,2026-09-23,7.06,-0.0042309999999999995,36051.0,25479.699
300622,2026-09-23,15.41,-0.015335000000000001,111278.2,171411.15836
300623,2026-09-23,34.99,0.013614999999999999,221376.99,774621.50025
300624,2026-09-23,50.06,-0.050995,116657.89,590437.51002
300625,2026-09-23,9.99,-0.012846,16702.0,16757.678
300626,2026-09-23,29.14,-0.012538,24609.0,71628.956
300627,2026-09-23,26.67,-0.005963,36981.09,99110.79885
300628,2026-09-23,41.52,-0.0052710000000000005,44903.89,185980.3317
300629,2026-09-23,18.2,0.004415,47891.23,86683.78385
300631,2026-09-23,21.59,0.008879,11780.8,25249.398
300632,2026-09-23,19.35,0.005195,106829.0,207197.64422
300633,2026-09-23,19.75,-0.005038,26423.66,52413.19836
300634,2026-09-23,21.85,-0.019299999999999998,211772.39,462163.16792
300635,2026-09-23,11.81,-0.010059,25929.0,30755.697
300636,2026-09-23,7.01,-0.002845,50456.44,35445.88932
300637,2026-09-23,9.44,-0.0031680000000000002,20770.9,19661.8214
300638,2026-09-23,20.69,-0.002892,165724.04,341692.64106
300639,2026-09-23,6.18,0.001621,107585.65,66325.05233
300640,2026-09-23,6.41,-0.038981,114142.0,74577.465
300641,2026-09-23,13.68,-0.00146,24743.44,33921.01529
300642,2026-09-23,21.44,0.019981,414333.41,887965.7892
300643,2026-09-23,18.11,-0.008215,29367.0,53332.835
300644,2026-09-23,21.4,0.020019,36561.8,77407.01798
300645,2026-09-23,14.07,-0.020877,54559.31,76783.78048
300647,2026-09-23,8.55,0.007067,344388.0,295691.649
300648,2026-09-23,40.51,-0.012192000000000001,12473.0,50952.495
300649,2026-09-23,28.81,-0.006209,38128.0,110874.613
300650,2026-09-23,13.05,0.039013,115233.0,149125.069
300651,2026-09-23,16.19,-0.018788,25905.04,42242.18884
300652,2026-09-23,29.3,0.052443,78006.9,224623.0563
300653,2026-09-23,15.59,0.005806,12991.04,20198.19988
300654,2026-09-23,9.6,-0.027356,77403.0,74732.4
300655,2026-09-23,13.65,0.031745999999999996,449072.01,607158.01627
300656,2026-09-23,30.06,0.010081,78816.0,236295.111
300657,2026-09-23,37.2,-0.020021,198452.13,743929.66383
300658,2026-09-23,10.7,-0.017447,54315.0,58346.715
300659,2026-09-23,10.87,-0.027728000000000003,104288.13,113867.2097
300660,2026-09-23,23.93,0.009705,41647.8,99232.9972
300661,2026-09-23,122.45,0.006328,88322.51,1080242.61422
300662,2026-09-23,20.98,-0.010844,24095.0,50524.89
300663,2026-09-23,7.54,-0.055138,241270.67,183989.74434
300664,2026-09-23,4.62,-0.006452,50784.5,23461.656
300665,2026-09-23,8.85,-0.013378000000000001,56012.0,49679.764
300666,2026-09-23,251.99,0.009535,51559.1,1300414.67135
300667,2026-09-23,15.31,0.013907000000000001,74303.28,112983.29022
300668,2026-09-23,32.35,-0.013419,23284.0,75915.356
300669,2026-09-23,24.68,0.00817,28392.75,70575.475
300670,2026-09-23,7.61,0.018742,210278.0,157638.709
300671,2026-09-23,62.26,0.034907,195089.39,1201728.45279
300672,2026-09-23,201.07,-0.010385,68886.61,1391243.3225
300673,2026-09-23,15.03,-0.013132,21971.2,33161.6772
300674,2026-09-23,16.46,-0.022564999999999998,130495.0,215403.175
300675,2026-09-23,13.03,-0.000767,16556.0,21639.709
300676,2026-09-23,44.02,0.004793,139829.71,617560.62622
300677,2026-09-23,49.8,-0.021611,56118.64,281871.558
300678,2026-09-23,21.57,-0.016864,26211.5,56746.47621
300679,2026-09-23,46.22,0.019634,181236.3,835471.24618
300680,2026-09-23,20.98,0.013527,54201.88,113104.97239
300681,2026-09-23,23.09,0.023493,211816.48,480123.07748
300682,2026-09-23,8.93,-0.019759,95023.43,85426.86048
300683,2026-09-23,26.03,-0.010265999999999999,47201.0,123980.953
300684,2026-09-23,119.5,0.069256,337111.31,4075894.72968
300685,2026-09-23,21.01,0.054189999999999995,263629.9,547728.75458
300686,2026-09-23,14.98,0.012162,43483.0,64618.339
300687,2026-09-23,30.16,-0.017589999999999998,164051.12,496885.60432
300688,2026-09-23,36.28,-0.013594,78262.1,285379.7724
300689,2026-09-23,67.24,0.018479000000000002,51162.1,346525.9858
300690,2026-09-23,23.96,0.00377,53230.01,126947.91164
300691,2026-09-23,20.96,0.08601,383531.4,780295.9309
300692,2026-09-23,9.46,-0.0042109999999999995,130890.01,124138.22685
300693,2026-09-23,38.32,0.001568,69429.96,266258.40887
300694,2026-09-23,10.58,-0.006573,29467.0,31245.542
300695,2026-09-23,53.08,0.0032129999999999997,6170.0,32811.5896
300696,2026-09-23,21.09,-0.014025000000000001,42884.96,90733.87069
300697,2026-09-23,15.27,-0.017375,86875.0,133242.234
300698,2026-09-23,28.27,-0.016011,24484.56,69274.7918
300699,2026-09-23,23.56,-0.0050680000000000005,59459.13,140175.42691
300700,2026-09-23,17.49,0.021016,67724.08,117502.75759
300701,2026-09-23,10.05,0.005,24776.0,24820.939
300702,2026-09-23,21.51,-0.01058,23470.0,50861.651
300703,2026-09-23,13.8,-0.028169,50058.0,69775.95374
300705,2026-09-23,11.07,-0.0036,42301.8,46766.6432
300706,2026-09-23,51.85,0.028565999999999998,82417.1,423646.0305
300707,2026-09-23,12.13,0.0,21781.2,26460.9338
300708,2026-09-23,9.88,0.04883200000000001,874492.93,869594.21144
300709,2026-09-23,38.97,-0.004089,59917.21,233511.88239
300710,2026-09-23,30.98,-0.009590999999999999,19215.0,59393.48551
300711,2026-09-23,18.12,-0.037705999999999996,68511.0,124790.617
300712,2026-09-23,20.46,-0.019175,12476.78,25665.36962
300713,2026-09-23,13.65,-0.018692,36432.45,50037.11205
300715,2026-09-23,14.45,-0.008236,66207.0,95353.361
300716,2026-09-23,17.89,-0.014868,20515.95,36789.21215
300717,2026-09-23,19.08,0.001575,17409.0,33152.9522
300718,2026-09-23,53.06,-0.0018809999999999999,25969.02,138267.80947
300719,2026-09-23,11.96,-0.016447,21643.0,25923.146
300720,2026-09-23,62.95,-0.011774,77342.17,484428.29733
300721,2026-09-23,22.47,-0.0039889999999999995,59327.9,133436.7731
300722,2026-09-23,21.49,-0.020957,22962.42,49447.551
300723,2026-09-23,34.37,-0.006072999999999999,46614.02,161208.406
300724,2026-09-23,55.23,0.014325000000000001,70466.27,390175.46631
300725,2026-09-23,54.35,0.015888,286996.53,1555754.07549
300726,2026-09-23,59.48,0.012943,97610.98,575970.44648
300727,2026-09-23,36.45,0.047414,63290.26,228528.05458
300729,2026-09-23,11.27,-0.028448,55161.73,62611.67967
300730,2026-09-23,11.56,-0.025295,105642.88,122387.70578
300731,2026-09-23,52.91,0.041125999999999996,96921.91,505624.0106
300732,2026-09-23,5.76,-0.015385,39839.48,23081.54148
300733,2026-09-23,13.77,-0.026167,65075.46,90063.85964
300735,2026-09-23,18.63,-0.016367,79349.95,148350.05727
300736,2026-09-23,34.55,0.008759,36235.5,125212.339
300737,2026-09-23,4.85,-0.01222,264201.93,129421.94051
300738,2026-09-23,19.71,-0.016958,245020.66,482833.852
300739,2026-09-23,31.89,0.027715,217267.85,695203.7128
300740,2026-09-23,20.6,-0.11474000000000001,536589.67,1149274.95246
300741,2026-09-23,29.59,0.003391,277630.3,815898.30366
300743,2026-09-23,14.57,0.002753,22008.04,31927.47716
300745,2026-09-23,27.99,0.003226,37383.0,104680.683
300746,2026-09-23,14.95,0.006057,29586.0,44098.095
300747,2026-09-23,40.75,0.006173,133386.79,545522.8808
300748,2026-09-23,25.55,-0.011223,97280.57,248355.78057
300749,2026-09-23,24.88,-0.011522,36922.0,91933.778
300750,2026-09-23,301.0,-0.011916,247440.55,7443572.34756
300751,2026-09-23,201.31,-0.01081,39811.65,806381.2466
300752,2026-09-23,13.42,-0.0029720000000000002,70461.13,94543.71895
300753,2026-09-23,21.35,-0.017487,36145.97,77508.61452
300755,2026-09-23,11.69,0.007759,113716.6,135177.8746
300756,2026-09-23,33.74,-0.030459999999999997,58285.9,198867.0442
300757,2026-09-23,597.98,-0.013039,48871.07,2918355.14834
300758,2026-09-23,11.43,-0.006087,39584.05,45192.27705
300759,2026-09-23,45.02,0.012596000000000001,545826.07,2467393.39789
300760,2026-09-23,155.46,-0.007787,46295.07,724148.46588
300761,2026-09-23,20.74,-0.006229,35746.97,74435.7899
300762,2026-09-23,26.81,-0.016508000000000002,107974.58,289927.14983
300763,2026-09-23,54.97,-0.017867,73786.45,409208.17001
300765,2026-09-23,47.15,-0.014835000000000001,133002.36,629546.17086
300766,2026-09-23,21.98,-0.033421,133513.68,295829.03784
300767,2026-09-23,21.21,-0.0065569999999999995,46269.0,98696.422
300768,2026-09-23,15.29,0.002623,62899.72,96209.31118
300769,2026-09-23,41.06,-0.011316999999999999,58772.38,241260.84216
300770,2026-09-23,34.86,-0.007403,22518.73,78505.71221
300771,2026-09-23,11.45,-0.002613,27436.5,31246.5335
300772,2026-09-23,9.44,0.005325,123023.5,115431.35861
300773,2026-09-23,14.95,-0.026059000000000002,281341.63,422317.71997
300774,2026-09-23,10.03,-0.013766,83858.31,84172.81862
300775,2026-09-23,20.96,-0.015038000000000001,68130.63,143488.63419
300776,2026-09-23,129.39,0.043299000000000004,163683.69,2162933.04053
300777,2026-09-23,21.29,-0.0028100000000000004,29564.8,62986.06228
300778,2026-09-23,10.98,0.01012,46363.0,51195.808
300779,2026-09-23,53.76,-0.006285,40734.73,220229.58306
300780,2026-09-23,20.11,-0.008383,38837.0,78143.819
300781,2026-09-23,27.41,-0.034179,53690.6,148496.79909
300782,2026-09-23,76.76,0.02689,106805.72,811683.87178
300783,2026-09-23,16.8,-0.010601000000000001,34654.0,58587.595
300784,2026-09-23,42.9,0.005390000000000001,4056.0,17332.811
300785,2026-09-23,36.23,-0.038227000000000004,176971.67,650214.76795
300786,2026-09-23,15.0,-0.00728,61448.07,92238.16891
300787,2026-09-23,11.8,-0.008403,78418.24,92791.80688
300788,2026-09-23,30.49,-0.123599,199143.16,629841.49489
300789,2026-09-23,16.42,-0.004848,33001.4,54669.141
300790,2026-09-23,20.34,0.022624,285613.05,576012.50728
300791,2026-09-23,17.76,-0.005042,10963.17,19614.06542
300792,2026-09-23,24.93,-0.035962999999999995,101063.0,253678.1549
300793,2026-09-23,12.0,-0.015587,66886.0,80576.291
300795,2026-09-23,13.5,-0.045936000000000005,270448.88,369384.03483
300796,2026-09-23,6.88,-0.001451,21624.0,14880.537
300797,2026-09-23,13.56,0.019549,41570.07,55919.34011
300798,2026-09-23,8.73,-0.033222999999999996,270433.74,238052.11256
300800,2026-09-23,10.53,0.001903,20736.0,21721.709
300801,2026-09-23,22.15,0.004991,28166.0,62151.051
300802,2026-09-23,27.14,-0.020217,99081.6,269944.9082
300803,2026-09-23,58.25,0.00674,194281.76,1130351.35069
300804,2026-09-23,46.76,0.043517,14607.0,67666.581
300805,2026-09-23,8.52,-0.017301,76197.52,64812.36136
300806,2026-09-23,55.78,0.00414,179398.56,1008760.27626
300807,2026-09-23,36.5,-0.016173,7240.0,26509.766
300808,2026-09-23,21.28,-0.00885,31810.0,68266.7345
300809,2026-09-23,24.75,0.0020239999999999998,24771.0,61301.768
300810,2026-09-23,25.18,-0.025918999999999998,18959.0,47856.449
300811,2026-09-23,86.82,0.00428,89625.41,777764.69333
300812,2026-09-23,20.65,0.015241,108537.8,223085.4554
300813,2026-09-23,23.21,0.0025919999999999997,24042.46,55778.97684
300814,2026-09-23,145.22,0.013752,129178.62,1930132.10201
300815,2026-09-23,15.74,-0.010062999999999999,45585.0,71641.175
300816,2026-09-23,65.51,-0.008926,28146.0,185801.86
300817,2026-09-23,16.38,-0.006671,13589.05,22322.64316
300818,2026-09-23,16.78,0.005995,32660.4,54735.2515
300819,2026-09-23,50.48,0.026851,57255.0,289603.037
300820,2026-09-23,73.65,0.013346,51794.04,382868.32427
300821,2026-09-23,15.77,0.012845,372102.98,582778.72317
300822,2026-09-23,11.57,-0.011956,23685.0,27375.088
300823,2026-09-23,14.7,0.009615,16217.4,23744.5366
300824,2026-09-23,7.88,-0.0012670000000000001,31160.5,24542.908
300825,2026-09-23,12.25,-0.044462,279059.13,342608.38582
300826,2026-09-23,16.01,0.014575,55017.71,87857.737
300827,2026-09-23,25.84,0.0078000000000000005,76052.99,196046.35435
300828,2026-09-23,17.0,-0.013349,32753.0,56063.528
300829,2026-09-23,28.72,0.04058,328316.46,938938.77181
300830,2026-09-23,8.08,-0.028845999999999997,116264.39,94292.80227
300831,2026-09-23,14.06,-0.014025000000000001,39281.0,55378.919
300832,2026-09-23,48.92,-0.011118,28962.17,142280.78729
300833,2026-09-23,42.55,0.035532,15159.0,63958.16306
300834,2026-09-23,40.14,0.0022470000000000003,8290.0,33426.99
300835,2026-09-23,193.2,-0.000104,24689.8,477241.81521
300836,2026-09-23,61.36,0.008381,27386.43,166969.68293
300837,2026-09-23,23.0,0.005245,11573.0,26540.472
300838,2026-09-23,14.41,0.006987999999999999,17781.0,25554.6718
300839,2026-09-23,13.21,-0.014178999999999999,55693.0,73394.77
300840,2026-09-23,19.79,-0.008517,75780.0,149858.508
300841,2026-09-23,56.03,0.028828,42872.23,239141.85574
300842,2026-09-23,66.75,0.047222999999999994,63907.06,422706.61804
300843,2026-09-23,134.94,-0.011429,53502.61,721064.18025
300844,2026-09-23,24.88,0.012617,14830.0,36675.418
300845,2026-09-23,14.1,-0.034908,59094.28,83919.20732
300846,2026-09-23,20.01,-0.021994,169083.91,339617.74379
300847,2026-09-23,14.0,-0.019608,29685.0,41655.819
300848,2026-09-23,11.64,0.036509,82008.51,96474.25298
300849,2026-09-23,21.77,-0.025951,15490.5,33904.33
300850,2026-09-23,28.37,-0.008389,93581.0,265500.48676
300851,2026-09-23,24.66,0.014815,9727.58,23902.87522
300852,2026-09-23,79.51,0.079126,155989.9,1235957.13321
300853,2026-09-23,30.67,-0.030964000000000002,46495.8,143431.455
300854,2026-09-23,15.49,-0.02024,21411.0,33361.19
300855,2026-09-23,35.01,0.000858,34230.02,118926.69472
300856,2026-09-23,10.44,-0.007605,15423.4,16160.2748
300857,2026-09-23,268.01,-0.019535,90085.16,2423902.49072
300858,2026-09-23,15.12,-0.035714,58387.74,88686.5234
300859,2026-09-23,24.05,-0.015957,41008.0,99419.363
300860,2026-09-23,30.48,-0.0026179999999999997,45327.62,140085.54725
300861,2026-09-23,16.33,0.014916,88010.05,143163.63995
300862,2026-09-23,60.0,0.03609,332968.57,1974427.18484
300863,2026-09-23,42.4,-0.010963,41432.5,177478.78512
300864,2026-09-23,26.3,-0.004542,53071.92,140562.80872
300865,2026-09-23,33.36,-0.021987999999999997,38368.0,128054.442
300866,2026-09-23,124.55,0.005246,43619.27,538966.1763
300867,2026-09-23,17.46,-0.021848999999999997,36395.87,63784.99804
300868,2026-09-23,87.33,-0.019645,46514.17,417814.69933
300869,2026-09-23,11.54,0.006981,53228.08,61527.96132
300870,2026-09-23,212.8,0.003774,59088.64,1277487.70096
300871,2026-09-23,21.55,-0.006912000000000001,30669.73,66477.84401
300872,2026-09-23,15.62,-0.015132000000000001,68438.85,107285.23953
300873,2026-09-23,16.01,-0.038438,162144.2,260820.454
300875,2026-09-23,32.0,-0.027651,26141.14,83989.00784
300876,2026-09-23,15.11,0.010027,17859.4,26859.5808
300877,2026-09-23,27.62,-0.004685,17032.0,47043.38
300878,2026-09-23,31.15,0.002252,22513.0,70762.495
300879,2026-09-23,18.11,-0.004398,62523.0,112935.47111
300880,2026-09-23,19.65,-0.022874,54460.58,105714.27892
300881,2026-09-23,31.37,0.029537,24104.3,76103.9173
300882,2026-09-23,13.45,-0.005178,13611.0,18267.05
300883,2026-09-23,6.43,-0.006182,42062.0,27011.017
300884,2026-09-23,12.22,-0.0008179999999999999,32780.88,39996.65584
300885,2026-09-23,19.09,0.008452,26937.65,51481.56665
300886,2026-09-23,24.33,-0.008557,17599.0,42722.036
300887,2026-09-23,7.09,0.007102000000000001,114024.92,80393.72666
300888,2026-09-23,29.63,0.0037259999999999997,18321.3,54337.4589
300889,2026-09-23,22.84,-0.001312,47153.61,107061.30325
300890,2026-09-23,26.7,0.0064080000000000005,35305.84,94268.61775
300891,2026-09-23,7.67,-0.010323,47556.69,36481.82585
300892,2026-09-23,22.68,-0.017331,15780.0,35975.15
300893,2026-09-23,14.15,0.004972,29106.0,41376.09388
300894,2026-09-23,10.38,0.003868,49050.0,50995.807
300895,2026-09-23,62.08,0.052024999999999995,131591.97,810301.39948
300896,2026-09-23,93.47,0.0012850000000000001,22880.89,214825.43339
300897,2026-09-23,16.46,0.0030470000000000002,18746.8,30833.6324
300898,2026-09-23,19.98,-0.013333,16200.0,32510.863
300899,2026-09-23,30.39,0.010978000000000002,5138.0,15502.947
300900,2026-09-23,22.84,-0.017212,76380.28,174940.65579
300901,2026-09-23,18.0,-0.029126,54349.07,97893.8119
300902,2026-09-23,18.76,0.041065,66015.4,122543.9292
300903,2026-09-23,108.55,-0.007044,136803.74,1488888.30259
300904,2026-09-23,42.74,-0.01202,10815.0,46226.124
300905,2026-09-23,38.53,-0.014326,82524.23,318984.17506
300906,2026-09-23,28.81,-0.005523,8558.0,24565.85686
300907,2026-09-23,56.98,-0.032105,37869.68,218591.836
300908,2026-09-23,17.19,0.005850999999999999,12932.53,22193.81044
300909,2026-09-23,63.47,-0.027726999999999998,42331.5,273491.24103
300910,2026-09-23,28.32,0.003544,32188.33,91167.14459
300911,2026-09-23,36.24,0.121287,184392.59,646096.27559
300912,2026-09-23,19.97,-0.018191,25393.0,51056.42
300913,2026-09-23,41.25,-0.015278,128454.6,529715.7824
300915,2026-09-23,22.66,0.013416999999999998,13741.31,30908.67273
300916,2026-09-23,28.11,0.008973,38182.15,106962.6007
300917,2026-09-23,32.6,0.037226,248980.3,821776.74128
300918,2026-09-23,10.75,-0.019160999999999997,34486.84,37236.04984
300919,2026-09-23,38.31,0.000784,65254.64,249963.52052
300920,2026-09-23,34.73,0.009593,18990.1,66242.2756
300921,2026-09-23,16.44,-0.012019,69921.59,114770.35444
300922,2026-09-23,17.67,-0.016694,51570.07,90886.49662
300923,2026-09-23,23.96,-0.001251,7668.0,18423.39
300925,2026-09-23,14.03,-0.020251,44647.85,62907.6255
300926,2026-09-23,16.78,0.010843,23667.9,39633.2663
300927,2026-09-23,27.35,-0.040351,96239.31,264485.21637
300928,2026-09-23,25.34,0.01279,25620.0,64379.432
300929,2026-09-23,16.22,0.0,16782.0,27100.109
300930,2026-09-23,26.18,0.003065,12787.58,33239.17736
300931,2026-09-23,19.21,0.199875,469145.47,873672.62093
300932,2026-09-23,11.29,0.008036,69445.8,78101.86917
300933,2026-09-23,6.67,-0.008915,67579.0,44926.104
300935,2026-09-23,27.92,-0.040879000000000006,23818.0,67241.667
300936,2026-09-23,83.63,0.026890999999999998,40824.25,342847.61015
300937,2026-09-23,24.52,-0.01684,24639.0,60722.665
300938,2026-09-23,32.91,0.021098,124083.76,408119.01674
300939,2026-09-23,102.37,0.027399,76071.91,776764.28539
300940,2026-09-23,13.89,-0.010684,23404.0,32705.542
300941,2026-09-23,15.17,-0.019392,24470.13,37244.92877
300942,2026-09-23,6.61,-0.008995999999999999,40215.0,26557.868
300943,2026-09-23,35.04,0.030285000000000003,145554.4,515285.08744
300945,2026-09-23,11.68,-0.020134,48482.0,56955.653
300946,2026-09-23,36.9,0.007096,7688.15,28345.49295
300947,2026-09-23,16.03,0.031532,97101.19,155690.63272
300948,2026-09-23,19.66,-0.01206,61252.17,121074.48452
300949,2026-09-23,23.88,0.01058,9353.8,22153.1509
300950,2026-09-23,21.0,-0.018692,30590.5,64662.05603
300951,2026-09-23,93.66,0.004289,35549.93,334838.47619
300952,2026-09-23,16.91,-0.011111,40133.91,67883.40557
300953,2026-09-23,101.55,0.066926,115730.03,1157135.75984
300955,2026-09-23,29.61,-0.021481,19505.18,59665.62768
300956,2026-09-23,11.39,-0.006975,26061.84,29642.47632
300957,2026-09-23,33.14,0.017501,62889.18,207447.26356
300958,2026-09-23,12.36,0.005696,15208.0,18753.484
300959,2026-09-23,95.83,-0.039298,21924.82,211702.09296
300960,2026-09-23,18.08,0.007804,38049.93,68589.02622
300961,2026-09-23,12.01,-0.019592000000000002,39075.0,46959.939
300962,2026-09-23,13.1,-0.005314999999999999,17204.0,22646.763
300963,2026-09-23,11.06,-0.015138,41051.84,45375.34884
300964,2026-09-23,80.69,0.044531,105794.76,850151.81627
300965,2026-09-23,43.29,0.008386,5948.86,25856.69664
300966,2026-09-23,26.6,0.026234999999999998,29265.42,76589.78044
300967,2026-09-23,16.34,-0.020971000000000004,29541.0,48564.401
300968,2026-09-23,9.95,-0.014851000000000001,37449.72,37330.60421
300969,2026-09-23,79.87,-0.001875,12080.51,97192.0201
300970,2026-09-23,18.09,-0.033137,83822.96,152351.09502
300971,2026-09-23,17.85,0.0050680000000000005,15966.0,28394.308
300972,2026-09-23,157.0,-0.041513999999999995,24448.01,389907.74743
300973,2026-09-23,25.62,-0.006977,14679.0,37702.53
300975,2026-09-23,27.1,0.018414,336149.18,906579.26101
300976,2026-09-23,65.18,0.015898000000000002,40122.82,261743.58194
300977,2026-09-23,20.83,0.11034100000000001,71618.47,145186.92299
300978,2026-09-23,8.84,0.006834,34156.0,29957.765
300979,2026-09-23,32.82,-0.024666,19854.0,65679.22
300980,2026-09-23,24.14,0.006672,21701.49,52294.29688
300981,2026-09-23,18.37,-0.022872,147840.97,271731.03792
300982,2026-09-23,14.37,-0.0013900000000000002,15147.0,21793.885
300983,2026-09-23,38.52,0.00156,12138.25,46621.44289
300984,2026-09-23,32.45,0.023014,49777.63,163209.3173
300985,2026-09-23,37.97,-0.065699,53047.8,203782.931
300986,2026-09-23,12.02,0.019508,295752.86,353016.69575
300987,2026-09-23,14.54,-0.043421,106736.9,156172.5744
300988,2026-09-23,16.42,0.004281,37835.42,62332.28308
300989,2026-09-23,15.63,0.0,40549.06,63700.32164
300990,2026-09-23,107.95,0.015809,60096.05,652067.32997
300991,2026-09-23,30.92,0.0016200000000000001,37722.79,117404.32242
300992,2026-09-23,29.07,0.017145,47722.94,139263.42522
300993,2026-09-23,9.76,-0.014140999999999999,27686.0,27321.275
300994,2026-09-23,11.25,-0.00266,17748.0,19979.709
300995,2026-09-23,26.23,-0.001903,10215.82,26695.4516
300996,2026-09-23,12.75,-0.042074,253930.1,326440.61367
300997,2026-09-23,15.61,-0.03642,87831.66,138522.61665
300998,2026-09-23,31.37,-0.040086000000000004,51946.91,165468.94058
300999,2026-09-23,24.86,-0.01035,69914.77,174274.41835
301000,2026-09-23,24.61,-0.0012180000000000001,21963.72,53992.95632
301001,2026-09-23,25.59,-0.012350000000000002,11255.91,28761.73642
301002,2026-09-23,28.17,0.007871,38866.61,109097.20518
301003,2026-09-23,60.7,0.026899000000000003,18367.21,109911.6832
301004,2026-09-23,32.93,-0.026316000000000003,4740.0,15703.419
301005,2026-09-23,60.77,-0.020312999999999998,37580.22,229038.45375
301006,2026-09-23,13.99,0.013033999999999999,17432.0,24281.167
301007,2026-09-23,32.32,-0.011621,16701.49,53857.88701
301008,2026-09-23,60.23,0.12222799999999999,188329.32,1086927.379
301009,2026-09-23,9.19,-0.00863,24557.0,22652.87109
301010,2026-09-23,19.15,0.012692000000000002,37433.84,71900.62074
301011,2026-09-23,15.86,-0.028780999999999998,42565.66,68401.1117
301012,2026-09-23,23.41,-0.008891,60361.84,141375.80344
301013,2026-09-23,39.16,0.012410000000000001,140729.92,548603.34594
301015,2026-09-23,26.12,-0.011729,46552.84,121779.92465
301016,2026-09-23,15.69,0.000638,25217.79,39338.31376
301017,2026-09-23,12.72,-0.017761,49260.0,62807.16056
301018,2026-09-23,101.8,-0.004109,76721.48,785412.61863
301019,2026-09-23,15.64,-0.001914,12120.75,18936.97757
301020,2026-09-23,23.35,0.049438,48269.21,110536.35887
301021,2026-09-23,91.01,0.029176,120999.11,1119724.62122
301022,2026-09-23,22.47,-0.009259,7777.0,17511.7732
301023,2026-09-23,29.14,0.013918,9716.68,28202.0112
301024,2026-09-23,35.19,0.047945,12140.28,42058.72933
301025,2026-09-23,10.03,-0.046578,136217.22,137545.33324
301026,2026-09-23,19.49,-0.010660000000000001,23882.6,46555.07078
301027,2026-09-23,19.44,-0.013198000000000001,47748.0,93350.3527
301028,2026-09-23,13.62,0.006652,30512.53,41310.49062
301029,2026-09-23,24.95,-0.007952,45934.53,115035.15977
301030,2026-09-23,5.44,-0.052265,164588.63,91202.44885
301031,2026-09-23,102.78,0.064967,36463.01,367165.7092
301032,2026-09-23,10.16,-0.0058709999999999995,26564.0,26978.554
301033,2026-09-23,55.96,-0.005155999999999999,7066.0,39518.83929
301035,2026-09-23,49.5,-0.010198,32982.1,163111.75935
301036,2026-09-23,22.54,0.005352,8038.0,18102.38077
301037,2026-09-23,13.1,0.017081,14933.0,19352.72068
301038,2026-09-23,16.76,-0.012375,17236.0,29018.90208
301039,2026-09-23,7.26,-0.010899,92626.78,67766.03772
301040,2026-09-23,26.12,-0.011729,10112.0,26421.853
301041,2026-09-23,38.13,0.018158,112434.19,424389.86498
301042,2026-09-23,31.24,-0.004144,22375.08,69700.58528
301043,2026-09-23,50.89,0.026629,14998.0,76071.041
301045,2026-09-23,74.01,0.052324999999999997,37607.01,274184.41311
301046,2026-09-23,34.78,0.004622,48453.85,169820.26202
301047,2026-09-23,150.0,0.10116,147764.46,2182184.72815
301048,2026-09-23,8.97,-0.006645,19871.0,17889.073
301049,2026-09-23,20.57,-0.001456,7224.0,14805.394
301050,2026-09-23,28.18,-0.0024779999999999997,19667.7,55252.71888
301051,2026-09-23,19.02,-0.00575,43053.66,81796.90252
301052,2026-09-23,24.31,-0.023695,39380.0,95975.47922
301053,2026-09-23,36.3,0.025134,20095.41,72607.47637
301055,2026-09-23,31.94,-0.030358,35472.13,114663.29395
301056,2026-09-23,13.69,-0.012265999999999999,34728.0,48198.521
301057,2026-09-23,26.34,0.053179,65828.72,169557.72003
301058,2026-09-23,8.85,0.010274,225579.0,204527.95466
301059,2026-09-23,12.81,-0.010811,22187.9,28577.7112
301060,2026-09-23,12.15,0.017588,201671.25,244016.97871
301061,2026-09-23,44.14,0.006384,30195.19,133111.11801
301062,2026-09-23,7.03,-0.0014199999999999998,46590.04,32550.90044
301063,2026-09-23,18.14,0.013974,17529.0,31583.383
301065,2026-09-23,20.13,0.009529,15908.0,31836.147
301066,2026-09-23,12.48,-0.018868,40434.93,50645.16757
301067,2026-09-23,33.85,0.004451,22768.96,76663.31336
301068,2026-09-23,26.13,-0.028262999999999996,11355.0,29696.014
301069,2026-09-23,16.07,-0.0006219999999999999,31479.49,50387.73153
301070,2026-09-23,68.4,0.006474,18874.96,129640.17696
301071,2026-09-23,71.04,0.03708,239263.68,1686565.13567
301072,2026-09-23,49.75,-0.014461,30083.0,149646.612
301073,2026-09-23,18.1,-0.0044,53539.98,96890.1688
301075,2026-09-23,66.18,-0.016057,9378.0,62151.303
301076,2026-09-23,21.43,-0.00649,28243.08,60712.027
301077,2026-09-23,22.07,0.004095,16060.96,35340.85682
301078,2026-09-23,6.98,-0.012729999999999998,124336.07,87277.13105
301079,2026-09-23,26.88,-0.012491,19977.0,53652.429
301080,2026-09-23,129.8,0.092593,210013.62,2651551.33693
301081,2026-09-23,16.91,-0.003536,49628.88,83909.85552
301082,2026-09-23,9.73,-0.022111000000000002,46873.58,45682.16484
301083,2026-09-23,14.38,-0.002774,14730.0,21182.502
301085,2026-09-23,87.67,0.023943,73877.49,650492.69287
301086,2026-09-23,174.95,0.0054600000000000004,31134.27,542074.10344
301087,2026-09-23,54.94,-0.007945,21982.09,120759.10388
301088,2026-09-23,13.63,0.0036820000000000004,11255.0,15287.965
301089,2026-09-23,24.17,0.000414,24877.04,60355.17868
301090,2026-09-23,7.11,-0.005594,47650.22,33980.85464
301091,2026-09-23,19.78,-0.011000000000000001,56867.55,114023.7869
301092,2026-09-23,46.69,0.030002,26558.9,122182.363
301093,2026-09-23,74.22,0.014627,75809.69,567510.62507
301095,2026-09-23,77.96,0.00893,34826.8,271215.345
301096,2026-09-23,50.84,0.012749,40985.45,205917.6429
301097,2026-09-23,34.89,0.0017230000000000001,4008.4,13951.7598
301098,2026-09-23,9.0,0.014656,45503.23,40709.261
301099,2026-09-23,57.54,0.094332,211262.36,1180013.97131
301100,2026-09-23,15.56,0.0006429999999999999,7680.0,11912.369
301101,2026-09-23,30.43,-0.013934,16736.5,51210.3785
301102,2026-09-23,9.71,0.009356,38073.55,36313.28714
301103,2026-09-23,16.55,0.0,15908.34,26337.37832
301105,2026-09-23,50.68,0.007755,4629.96,23454.08644
301106,2026-09-23,19.55,-0.008621,23198.54,45298.61786
301107,2026-09-23,25.55,0.021183,35699.22,90405.10367
301108,2026-09-23,51.5,0.057495000000000004,30266.51,154027.73279
301109,2026-09-23,12.79,-0.006987999999999999,30228.32,38729.34658
301110,2026-09-23,37.2,-0.019504,35523.93,132909.49361
301111,2026-09-23,23.1,-0.006452,37216.84,86459.0822
301112,2026-09-23,31.04,0.006812,10181.0,31662.012
301113,2026-09-23,17.68,-0.0028199999999999996,10026.8,17761.85102
301115,2026-09-23,38.7,0.086773,121245.34,455071.44049
301116,2026-09-23,9.14,-0.006522,34424.1,31594.4683
301117,2026-09-23,13.25,-0.02214,29931.6,39912.01329
301118,2026-09-23,23.95,0.00041799999999999997,19938.0,47863.785
301119,2026-09-23,26.27,-0.006805,20976.1,54858.8158
301120,2026-09-23,14.95,-0.006645,37064.0,55302.56184
301121,2026-09-23,36.38,0.014783999999999999,12278.43,44587.01846
301122,2026-09-23,61.3,0.033553,125371.39,770640.2256
301123,2026-09-23,80.48,0.014879999999999999,71518.17,580776.62088
301125,2026-09-23,14.3,0.019971000000000003,44288.4,63272.8236
301126,2026-09-23,10.3,-0.015296,27072.0,27992.843
301127,2026-09-23,17.35,-0.032348,175300.17,305336.19352
301128,2026-09-23,120.8,-0.006252,40740.46,495215.29775
301129,2026-09-23,24.28,-0.000412,15770.78,38236.1814
301130,2026-09-23,29.12,-0.018536999999999998,65306.13,191078.11488
301131,2026-09-23,33.58,0.010532999999999999,5744.44,19252.84077
301132,2026-09-23,74.56,0.09117499999999999,217855.44,1609383.65695
301133,2026-09-23,27.27,-0.013028999999999999,18249.83,49914.0361
301135,2026-09-23,17.94,-0.008292,16027.24,28787.79236
301136,2026-09-23,11.84,-0.016611,48665.0,58028.711
301137,2026-09-23,31.06,-0.019261,22957.62,71558.96605
301138,2026-09-23,29.98,-0.003987,9358.0,28054.026
301141,2026-09-23,37.98,-0.023148,13865.23,52692.7009
301148,2026-09-23,61.07,0.050575999999999996,24683.0,149062.25525
301149,2026-09-23,9.25,0.026637,117407.01,107436.52709
301150,2026-09-23,49.2,0.2,442228.5,2023311.93217
301151,2026-09-23,22.69,-0.000881,30013.23,68057.74644
301152,2026-09-23,21.2,-0.017153,38032.87,80356.64287
301153,2026-09-23,17.4,-0.010802,27097.47,47013.83451
301155,2026-09-23,43.02,-0.0050880000000000005,43571.98,187285.6445
301156,2026-09-23,11.88,0.000842,31092.0,36847.174
301157,2026-09-23,67.72,0.021263999999999998,8226.0,55227.816
301158,2026-09-23,14.34,-0.019822,29600.5,42537.6702
301159,2026-09-23,33.11,-0.011051,19573.87,64636.963
301160,2026-09-23,44.6,0.091265,68905.97,297705.06108
301161,2026-09-23,31.34,0.011619999999999998,26920.16,83824.65614
301162,2026-09-23,37.64,-0.015175000000000001,11901.24,45118.95839
301163,2026-09-23,23.47,0.018663,13050.0,30222.503
301165,2026-09-23,114.16,0.005548999999999999,95565.59,1091698.50445
301166,2026-09-23,33.03,0.026732999999999996,29668.0,97098.69592
301167,2026-09-23,13.45,0.005984000000000001,17662.4,23681.2234
301168,2026-09-23,39.75,-0.005504,3749.0,14947.934
301169,2026-09-23,54.9,-0.007054,15111.0,82718.799
301170,2026-09-23,23.14,0.01048,7000.0,16147.466
301171,2026-09-23,34.71,-0.053708,613081.45,2173020.64268
301172,2026-09-23,18.79,-0.001594,38125.85,71309.54869
301173,2026-09-23,33.15,0.004545,3029.37,9973.67048
301175,2026-09-23,5.59,-0.005338000000000001,106347.3,59458.7671
301176,2026-09-23,65.52,0.038187,241419.77,1535336.82313
301177,2026-09-23,23.39,0.000856,10358.56,24212.91948
301178,2026-09-23,35.9,-0.06801700000000001,53925.34,195506.74038
301179,2026-09-23,20.59,-0.00097,24472.95,50225.27155
301180,2026-09-23,11.81,-0.010059,28303.0,33491.645
301181,2026-09-23,25.8,-0.019757,33941.7,88545.64401
301182,2026-09-23,71.98,-0.02028,26898.0,194986.211
301183,2026-09-23,313.77,0.024622,36619.22,1150850.45154
301185,2026-09-23,17.33,-0.000577,12710.0,21869.216
301186,2026-09-23,37.96,-0.003936,19696.2,74871.808
301187,2026-09-23,15.66,-0.00445,36751.77,57357.93721
301188,2026-09-23,36.86,0.044489,253322.82,952553.95417
301189,2026-09-23,72.6,-0.022222,85956.66,613707.19194
301190,2026-09-23,21.4,0.045943,79144.52,166875.49588
301191,2026-09-23,88.11,0.018376999999999998,49556.13,435323.76143
301192,2026-09-23,19.81,0.014336999999999999,10083.0,19789.851
301193,2026-09-23,23.94,0.044503,102424.01,244103.16528
301195,2026-09-23,27.45,0.00697,10544.0,28816.077
301196,2026-09-23,90.34,-0.002209,26586.18,241400.6181
301197,2026-09-23,28.77,0.012672000000000001,48257.0,137972.138
301198,2026-09-23,14.6,-0.013514,94434.6,139467.79414
301199,2026-09-23,18.17,-0.0011,8268.0,15009.49
301200,2026-09-23,256.98,-0.0075309999999999995,19014.71,492108.99355
301201,2026-09-23,32.81,-0.115395,154994.93,537055.59763
301202,2026-09-23,39.54,-0.005533,8647.97,34393.52069
301203,2026-09-23,34.44,-0.00116,3510.0,12103.867
301205,2026-09-23,324.88,-0.008,31728.05,1034104.22868
301206,2026-09-23,24.3,0.017588,52221.0,126186.89927
301207,2026-09-23,19.83,0.026928999999999998,162793.59,324748.49936
301208,2026-09-23,30.55,-0.012924,8459.0,25921.227
301209,2026-09-23,66.03,0.042797999999999996,33814.19,218467.71205
301210,2026-09-23,31.45,0.020772,47937.51,150699.89158
301211,2026-09-23,12.59,-0.007098,89670.21,112894.55338
301212,2026-09-23,26.68,-0.011852,9871.6,26342.63729
301213,2026-09-23,45.69,-0.044142,47207.5,219012.68986
301215,2026-09-23,5.31,-0.007477,57582.46,30703.17064
301216,2026-09-23,17.6,0.001707,130918.48,230735.23729
301217,2026-09-23,119.23,0.040945999999999996,427219.63,4984586.46218
301218,2026-09-23,48.55,0.015903,99882.82,480698.40282
301219,2026-09-23,41.28,-0.007931,33551.87,138742.82886
301220,2026-09-23,32.41,-0.031091,29722.39,97235.37915
301221,2026-09-23,27.84,0.004691,17363.3,48032.5513
301222,2026-09-23,26.58,-0.020994000000000002,27846.61,73916.34158
301223,2026-09-23,18.44,0.013744000000000001,11609.74,21265.64228
301225,2026-09-23,61.19,-0.0042309999999999995,20293.2,124542.69
301226,2026-09-23,33.71,-0.00443,24589.5,83056.016
301227,2026-09-23,33.44,-0.03908,28803.74,97988.33086
301228,2026-09-23,58.09,0.013964,25338.0,146445.102
301229,2026-09-23,11.92,0.002523,21083.99,25044.11951
301230,2026-09-23,40.07,0.011869000000000001,266679.89,1068437.52371
301231,2026-09-23,30.39,-0.006213,63926.0,194128.976
301232,2026-09-23,90.67,-0.013062,17950.2,162655.7412
301233,2026-09-23,37.57,0.103702,35533.61,129170.41417
301234,2026-09-23,122.0,-0.12695,45958.88,583626.52653
301235,2026-09-23,47.62,-0.010802,52665.16,251924.69551
301236,2026-09-23,36.99,-0.021946,130864.02,487377.96269
301237,2026-09-23,42.03,0.064051,34172.41,143240.1536
301238,2026-09-23,16.14,0.001241,49532.0,79734.957
301239,2026-09-23,31.65,-0.011246,15961.78,50703.40165
301246,2026-09-23,18.06,0.001664,55808.97,100859.78106
301248,2026-09-23,59.7,0.011864,36528.94,216824.89034
301251,2026-09-23,90.8,0.055814,122719.17,1101617.78502
301252,2026-09-23,41.37,0.024263,28356.12,116760.03689
301255,2026-09-23,19.24,-0.002075,10553.22,20266.25922
301256,2026-09-23,10.12,-0.000987,34375.03,34709.33539
301257,2026-09-23,42.1,0.009108,35327.73,148817.63576
301258,2026-09-23,26.96,-0.005533,13141.0,35644.306
301259,2026-09-23,21.19,0.040766,72579.89,153733.07204
301260,2026-09-23,11.85,-0.004202,11647.91,13846.84136
301261,2026-09-23,56.09,0.0028610000000000003,12847.0,71947.3092
301262,2026-09-23,19.91,-0.041406,100942.73,202574.52064
301263,2026-09-23,21.79,0.025412,64396.93,139895.94074
301265,2026-09-23,22.43,0.026075,79275.63,176273.43254
301266,2026-09-23,26.37,0.028471000000000003,45012.7,117847.6699
301267,2026-09-23,15.11,-0.001322,28683.05,43515.8654
301268,2026-09-23,12.13,-0.009796000000000001,43511.75,53311.02651
301269,2026-09-23,89.3,-0.0036820000000000004,31721.98,283510.80392
301270,2026-09-23,32.93,-0.003329,13003.0,42718.924
301272,2026-09-23,35.68,0.00905,7529.81,26941.54411
301273,2026-09-23,37.46,0.014077,12342.19,45990.70382
301275,2026-09-23,41.2,0.014778,45317.38,184921.56492
301276,2026-09-23,17.47,-0.009075,15258.2,26675.2768
301277,2026-09-23,10.45,0.002879,34206.04,35770.99696
301278,2026-09-23,29.91,0.01493,17294.0,51534.2364
301279,2026-09-23,23.99,-0.0045639999999999995,12597.81,30066.35831
301280,2026-09-23,45.11,0.072006,46635.67,208615.58677
301281,2026-09-23,50.0,-0.01439,18546.75,93296.93168
301282,2026-09-23,47.72,0.030002,157611.78,743370.64425
301283,2026-09-23,26.2,0.0026790000000000004,8368.3,21869.4247
301285,2026-09-23,101.53,-0.014941,24531.59,252143.0267
301286,2026-09-23,48.08,0.005017000000000001,9007.98,43181.0467
301287,2026-09-23,40.5,-0.010747,10877.0,43943.457
301288,2026-09-23,17.4,0.018734999999999998,15480.61,26760.88433
301289,2026-09-23,44.48,0.0024790000000000003,4176.0,18498.779
301290,2026-09-23,29.87,0.022945000000000004,38260.15,114107.69655
301291,2026-09-23,35.64,0.030057999999999998,71056.13,249035.71079
301292,2026-09-23,58.54,-0.029026,53785.22,315528.43561
301293,2026-09-23,50.72,-0.009568,34952.75,177465.37311
301295,2026-09-23,37.61,-0.004236,8390.89,31644.93674
301296,2026-09-23,6.44,0.0,25742.0,16581.794
301297,2026-09-23,49.69,0.069983,335846.75,1631201.33942
301298,2026-09-23,12.76,0.007103000000000001,14316.0,18183.713
301299,2026-09-23,47.16,-0.015653999999999998,16013.08,75677.92753
301300,2026-09-23,34.0,-0.034639,28513.79,96896.11868
301301,2026-09-23,8.12,-0.012164999999999999,88188.0,71903.215
301302,2026-09-23,21.77,-0.020252,47348.07,103543.07446
301303,2026-09-23,13.96,0.002874,24857.84,34724.96078
301305,2026-09-23,27.28,-0.009441,76471.51,208442.3947
301306,2026-09-23,99.11,0.028325,24978.68,243710.0694
301307,2026-09-23,59.72,0.010832999999999999,61602.02,370333.54328
301308,2026-09-23,346.0,-0.006518,83387.08,2913156.12029
301309,2026-09-23,30.83,0.008175,9160.0,28173.203
301310,2026-09-23,58.11,0.045144000000000004,69977.79,399557.88394
301311,2026-09-23,14.98,-0.027273000000000002,155773.34,236143.08196
301312,2026-09-23,92.6,0.06547,102625.92,954967.13933
301313,2026-09-23,31.31,-0.002549,42805.23,134734.20352
301314,2026-09-23,49.12,0.033018,11844.2,57259.301
301315,2026-09-23,44.68,0.012234,37504.0,167118.79638
301316,2026-09-23,39.8,-0.00995,96055.89,382764.25918
301317,2026-09-23,50.68,0.000988,15011.67,76165.34088
301318,2026-09-23,21.63,0.006047,9419.15,20240.79325
301319,2026-09-23,99.29,0.013576999999999999,71714.05,710767.72739
301320,2026-09-23,14.18,-0.004213,15963.0,22597.357
301321,2026-09-23,53.32,0.036749000000000004,56248.28,297856.94778
301322,2026-09-23,45.02,0.023414,32666.84,145144.39241
301323,2026-09-23,79.78,0.034894,17314.43,136886.20555
301325,2026-09-23,32.0,0.012338,22384.29,71708.24764
301326,2026-09-23,108.19,-0.002489,9819.97,107086.78607
301327,2026-09-23,42.03,-0.006148,7791.87,32869.54231
301328,2026-09-23,52.03,0.006967,18246.65,94983.4645
301329,2026-09-23,20.94,0.001914,45379.11,95246.89362
301330,2026-09-23,26.0,0.003861,22990.54,59534.23654
301331,2026-09-23,21.85,-0.003648,11557.0,25096.192
301332,2026-09-23,7.66,-0.0026040000000000004,27154.42,20837.71238
301333,2026-09-23,66.67,0.010305,20883.95,139915.98035
301335,2026-09-23,25.51,-0.009705,32668.0,84053.651
301336,2026-09-23,43.94,0.000683,8049.9,35589.2184
301337,2026-09-23,29.4,-0.011765000000000001,29671.0,87789.378
301338,2026-09-23,104.62,0.021181000000000002,75377.93,789535.21451
301339,2026-09-23,12.1,0.018519,80912.3,96639.43123
301345,2026-09-23,241.61,0.0025729999999999998,3759.0,90841.821
301348,2026-09-23,22.71,0.013838999999999999,73425.83,165955.77341
301349,2026-09-23,47.27,-0.010674,34909.64,164914.8298
301353,2026-09-23,20.32,0.018546,15214.17,30805.23464
301355,2026-09-23,12.08,-0.002477,33984.0,40815.859
301356,2026-09-23,20.73,0.0009660000000000001,27954.4,58022.13288
301357,2026-09-23,96.04,-0.030976,30465.24,294006.09361
301358,2026-09-23,51.95,-0.020735,103636.79,540208.44026
301359,2026-09-23,19.53,0.00722,12206.02,23738.66722
301360,2026-09-23,67.98,-0.035745,37973.32,258276.8398
301361,2026-09-23,27.08,-0.001843,6962.0,18823.104
301362,2026-09-23,121.68,0.036104,36034.7,437807.81886
301363,2026-09-23,17.03,-0.018444000000000002,245747.52,429562.16912
301365,2026-09-23,36.59,0.0008210000000000001,28754.44,104940.65758
301366,2026-09-23,75.15,0.041436,198507.05,1483979.99114
301367,2026-09-23,46.76,0.01234,16574.96,77533.01664
301368,2026-09-23,39.15,0.011367,18176.53,71420.58894
301369,2026-09-23,155.59,0.13379,52597.08,778972.28109
301370,2026-09-23,8.64,-0.002309,19432.0,16766.712
301371,2026-09-23,21.14,-0.005175999999999999,19482.92,41327.63904
301372,2026-09-23,34.85,0.021994,17881.99,61294.49166
301373,2026-09-23,135.35,0.132068,119662.66,1562983.86326
301376,2026-09-23,22.68,0.000883,26348.0,59848.521
301377,2026-09-23,392.36,-0.014171,29162.83,1151653.93898
301378,2026-09-23,25.58,-0.01691,18941.8,48593.19617
301379,2026-09-23,21.81,-0.000458,66329.43,144426.88277
301380,2026-09-23,34.16,-0.003791,17075.96,58275.68865
301381,2026-09-23,24.73,-0.010008,52260.43,128864.17589
301382,2026-09-23,38.61,0.016052999999999998,123209.71,471795.26281
301383,2026-09-23,24.65,-0.014787999999999999,16292.02,40365.8902
301386,2026-09-23,21.81,0.034139,31285.49,67163.35502
301387,2026-09-23,56.82,-0.00123,12328.63,70411.74236
301388,2026-09-23,25.18,0.000795,8836.0,22234.662
301389,2026-09-23,61.8,0.036565,128891.98,787455.66889
301390,2026-09-23,43.29,-0.07932800000000001,80370.64,356970.34778
301391,2026-09-23,46.5,0.01087,10884.0,50200.782
301392,2026-09-23,176.07,0.039804,47818.28,841194.12606
301393,2026-09-23,71.5,0.08861100000000001,82133.9,576556.52999
301395,2026-09-23,12.54,0.004808,26367.8,33093.18364
301396,2026-09-23,183.63,-0.058259,180403.32,3357333.41027
301397,2026-09-23,23.28,-0.002143,10864.9,25224.3425
301398,2026-09-23,39.56,-0.012235000000000001,11795.51,46549.68883
301399,2026-09-23,21.98,-0.016115,35664.71,78945.45272
301408,2026-09-23,15.11,-0.028919999999999998,141335.93,214977.64642
301413,2026-09-23,56.32,-0.007227,20164.97,113657.77071
301418,2026-09-23,35.2,0.001138,8708.0,30605.284
301419,2026-09-23,48.59,0.0022689999999999997,78339.51,380606.59132
301421,2026-09-23,80.88,0.006972000000000001,21646.86,174921.00468
301428,2026-09-23,27.92,-0.012729999999999998,33550.3,93376.65567
301429,2026-09-23,17.54,0.009205999999999999,14388.0,25159.306
301439,2026-09-23,14.18,-0.015278,40971.0,58076.147
301446,2026-09-23,39.53,-0.051583,14386.04,57599.68046
301448,2026-09-23,54.3,0.064497,41506.5,222115.67561
301449,2026-09-23,40.76,-0.00147,7540.88,30806.82159
301456,2026-09-23,24.36,-0.008547,19318.0,47053.99317
301458,2026-09-23,40.2,0.030240999999999997,85384.13,340669.32393
301459,2026-09-23,32.18,-0.00248,5909.0,18990.6
301468,2026-09-23,33.15,0.009439999999999999,31761.8,104368.7661
301469,2026-09-23,28.93,-0.0055000000000000005,7161.0,20676.252
301479,2026-09-23,53.65,-0.005192,21934.78,117934.67189
301486,2026-09-23,218.3,-0.0026040000000000004,50138.61,1102175.0061
301487,2026-09-23,15.85,-0.0068920000000000006,62437.0,99063.291
301488,2026-09-23,94.12,0.012478,9847.5,92295.46691
301489,2026-09-23,129.09,0.002252,40787.48,527275.48105
301491,2026-09-23,37.4,-0.011105,5004.92,18769.49373
301498,2026-09-23,40.12,-0.030918,45330.32,183683.93288
301499,2026-09-23,26.9,0.031442,35157.0,93505.99163
301500,2026-09-23,26.91,-0.075258,197505.69,541992.25828
301501,2026-09-23,28.65,0.023214000000000002,20808.39,59537.87564
301502,2026-09-23,52.94,-0.000189,5804.0,30710.21508
301503,2026-09-23,22.29,0.009968,7868.1,17538.0217
301505,2026-09-23,18.21,-0.018858,19705.0,36007.82363
301507,2026-09-23,13.32,-0.00075,70422.21,93727.18321
301508,2026-09-23,24.19,0.002071,6056.0,14669.298
301509,2026-09-23,32.34,0.03488,53906.35,174660.29254
301510,2026-09-23,28.11,-0.008466,49283.0,138750.712
301511,2026-09-23,112.68,0.014221,243253.16,2747771.31229
301512,2026-09-23,32.06,0.007226,8187.8,26232.7576
301513,2026-09-23,45.28,-0.003302,8566.41,38746.76207
301515,2026-09-23,20.76,0.017148,23175.36,47733.92315
301516,2026-09-23,19.78,0.0025340000000000002,69744.1,137541.45796
301517,2026-09-23,38.6,-0.000259,58944.03,225463.94838
301518,2026-09-23,25.23,-0.018288,26935.67,68006.83995
301519,2026-09-23,11.98,-0.0016669999999999999,14565.01,17432.40256
301520,2026-09-23,78.77,-0.043821000000000006,139892.57,1121285.44488
301522,2026-09-23,23.35,-0.008493,24362.69,56928.21608
301525,2026-09-23,40.0,0.010101,11856.9,47592.955
301526,2026-09-23,30.31,-0.022258,963162.04,2937190.39312
301528,2026-09-23,76.27,0.014767999999999998,20324.81,152426.25735
301529,2026-09-23,133.7,-0.012118,26202.44,352351.63492
301531,2026-09-23,53.25,0.007759,25288.28,133598.58044
301533,2026-09-23,28.74,-0.015079,9072.92,26111.001
301535,2026-09-23,13.84,-0.001443,14117.0,19486.738
301536,2026-09-23,133.81,0.005485,127435.57,1701140.01148
301538,2026-09-23,42.02,0.019160999999999997,19009.23,79488.09545
301539,2026-09-23,15.39,0.004569,10507.0,16088.065
301548,2026-09-23,57.11,-0.006955,16575.39,95371.97749
301550,2026-09-23,94.63,-0.007343,55018.48,524409.09912
301551,2026-09-23,22.55,-0.031356999999999996,106309.23,241635.92441
301552,2026-09-23,24.49,-0.0036620000000000003,5100.82,12484.48086
301555,2026-09-23,38.26,0.039957,32413.87,122656.72595
301556,2026-09-23,62.31,-0.013926000000000001,17500.36,107975.26508
301557,2026-09-23,85.2,0.0005870000000000001,5417.4,46558.5352
301558,2026-09-23,6.72,-0.013216,63496.0,42686.293
301559,2026-09-23,12.75,-0.004684,13567.3,17338.242
301560,2026-09-23,26.33,0.070325,65717.66,171517.71846
301563,2026-09-23,115.88,0.012495000000000001,13650.11,157777.56842
301565,2026-09-23,20.33,0.021608000000000002,47244.35,95173.49251
301566,2026-09-23,27.4,0.016319999999999998,206469.53,562014.60917
301567,2026-09-23,38.58,0.008891,11843.0,45690.052
301568,2026-09-23,79.56,0.07252600000000001,46848.19,365380.51679
301571,2026-09-23,74.15,-0.011333,59906.12,441895.98107
301575,2026-09-23,25.2,-0.037433,41893.82,106158.23491
301577,2026-09-23,59.82,-0.006477,6566.0,39465.642
301578,2026-09-23,23.56,-0.002118,8471.86,19878.20062
301580,2026-09-23,57.5,0.020045999999999998,45783.7,260648.47498
301581,2026-09-23,37.19,-0.006412,9491.94,35218.88272
301583,2026-09-23,134.68,-0.011087,56299.84,759059.64194
301584,2026-09-23,19.85,-0.01391,14207.47,28280.13292
301585,2026-09-23,28.49,-0.006971000000000001,5236.6,14948.297
301586,2026-09-23,29.8,-0.001675,4993.0,14874.441
301587,2026-09-23,21.81,0.016783,22942.5,49730.5605
301588,2026-09-23,26.97,-0.029507,29702.15,81011.55288
301589,2026-09-23,162.51,0.023426999999999996,7394.07,118939.93148
301590,2026-09-23,68.89,-0.0051990000000000005,3919.82,27135.64776
301591,2026-09-23,45.61,0.015813,98244.74,450378.43315
301592,2026-09-23,118.47,0.009888000000000001,10723.7,126655.11096
301595,2026-09-23,50.54,0.12787300000000001,45733.45,222418.15532
301596,2026-09-23,47.54,0.011489000000000001,15255.15,72376.26407
301598,2026-09-23,51.61,0.008008,4282.32,21960.52264
301599,2026-09-23,33.24,0.0024129999999999998,24709.0,82061.426
301600,2026-09-23,80.7,0.050781,13851.63,110636.2124
301601,2026-09-23,16.84,0.038224,84361.84,139867.41306
301602,2026-09-23,16.44,0.006736,39197.98,64372.05996
301603,2026-09-23,126.35,0.010396,10791.26,136113.42006
301606,2026-09-23,54.63,-0.044093999999999994,47027.0,259094.795
301607,2026-09-23,44.85,0.027961999999999997,138613.59,618229.07295
301608,2026-09-23,52.02,0.047523,44803.07,227983.71309
301609,2026-09-23,30.94,-0.031612,20948.0,65363.156
301611,2026-09-23,97.65,0.009929,66212.2,648432.75393
301613,2026-09-23,35.71,0.00028000000000000003,8424.49,30088.35861
301616,2026-09-23,35.49,0.0048130000000000004,5837.0,20671.102
301617,2026-09-23,53.39,0.012517,17249.16,91632.19018
301618,2026-09-23,31.28,0.00032,5455.6,17038.58872
301622,2026-09-23,37.99,0.003434,7554.81,28649.11992
301626,2026-09-23,334.6,0.007862000000000001,30436.87,1028687.71011
301628,2026-09-23,120.47,0.005089,44663.68,539680.94761
301629,2026-09-23,281.18,-0.003967,7600.22,215141.47958
301630,2026-09-23,219.54,0.086455,28990.16,623002.59717
301631,2026-09-23,64.06,0.015214,16552.48,105711.40447
301632,2026-09-23,13.43,0.005993000000000001,71908.83,97555.90911
301633,2026-09-23,60.51,0.005651000000000001,15437.74,92511.85928
301636,2026-09-23,41.71,-0.008557,21001.02,87691.78752
301638,2026-09-23,21.45,-0.016506,55577.76,119697.53455
301655,2026-09-23,24.16,0.052723000000000006,137780.04,331881.86609
301656,2026-09-23,14.42,-0.005516999999999999,72841.73,107449.60447
301658,2026-09-23,22.55,-0.0013289999999999999,21201.69,47812.89819
301662,2026-09-23,67.67,0.010302,21627.26,145993.84277
301665,2026-09-23,22.34,-0.0049,6779.56,15151.57692
301666,2026-09-23,407.92,0.017257,32844.58,1358384.49533
301667,2026-09-23,57.85,-0.004817,9772.61,56438.73749
301668,2026-09-23,32.2,-0.006173,8344.3,26817.28554
301669,2026-09-23,26.31,0.003432,31157.56,81782.66621
301677,2026-09-23,51.25,0.000586,16680.59,85632.72769
301678,2026-09-23,59.22,0.14324299999999998,170335.54,941490.70572
301680,2026-09-23,103.87,-0.013955,8431.07,88030.09467
301682,2026-09-23,115.83,0.00043200000000000004,17206.37,199636.91084
301683,2026-09-23,103.35,0.037338,10640.0,109146.107
301686,2026-09-23,283.5,-0.345266,66311.4,2138186.73112
301687,2026-09-23,54.94,0.015152,40241.57,219879.74671
301688,2026-09-23,40.72,0.039571,78423.33,316525.74799
301689,2026-09-23,69.9,0.136401,299750.63,1910788.88005
301696,2026-09-23,94.44,-0.001691,9330.43,88034.25693
301697,2026-09-23,28.27,0.027999999999999997,101012.71,282726.34083
301699,2026-09-23,29.62,-0.038624,189031.83,559149.80634
301707,2026-09-23,75.23,0.029984,51241.98,382154.51546
301717,2026-09-23,376.0,0.040658,24507.92,908319.40215
302132,2026-09-23,59.44,-0.008507,57532.29,342587.60537
600000,2026-09-23,8.98,-0.006637,511243.86,458952.162
600004,2026-09-23,7.63,-0.002614,46548.0,35674.81
600006,2026-09-23,5.34,0.00565,192169.65,102908.145
600007,2026-09-23,19.86,0.010173000000000001,18671.92,37272.86
600008,2026-09-23,2.73,-0.00365,483816.6,132605.768
600009,2026-09-23,22.75,-0.00263,50219.51,114702.77
600010,2026-09-23,2.12,0.0,3333339.95,709116.571
600011,2026-09-23,6.76,-0.005881999999999999,325863.0,220326.618
600012,2026-09-23,15.43,0.004557,31175.41,48070.289
600015,2026-09-23,6.23,-0.001603,336848.33,209995.986
600016,2026-09-23,3.47,-0.008571,1849049.56,641775.023
600017,2026-09-23,2.79,-0.007117,238558.01,66839.638
600018,2026-09-23,5.38,0.003731,322384.39,173322.22
600019,2026-09-23,5.75,0.0034899999999999996,783486.95,452384.248
600020,2026-09-23,3.84,0.005235999999999999,104528.81,40074.659
600021,2026-09-23,13.32,-0.009665,145501.41,194110.292
600022,2026-09-23,1.31,0.0,1500387.17,198552.504
600023,2026-09-23,5.08,0.016,511882.49,258997.465
600025,2026-09-23,9.6,-0.002079,211174.28,202390.166
600026,2026-09-23,21.08,-0.037882,655064.32,1392135.121
600027,2026-09-23,4.8,0.0,463021.19,222096.594
600028,2026-09-23,5.29,-0.003766,1949982.04,1037412.478
600029,2026-09-23,4.97,0.002016,384918.51,191672.463
600030,2026-09-23,26.79,-0.003719,480557.01,1287125.305
600031,2026-09-23,17.51,-0.011851,701505.73,1238767.606
600032,2026-09-23,6.77,-0.030085999999999998,207735.34,141692.108
600033,2026-09-23,3.63,0.002762,202590.96,73673.398
600035,2026-09-23,3.64,-0.0027400000000000002,92271.0,33631.896
600036,2026-09-23,40.6,-0.005390000000000001,418344.74,1703224.579
600037,2026-09-23,7.07,-0.01532,146616.0,104175.032
600038,2026-09-23,27.11,-0.00805,23170.42,63181.185
600039,2026-09-23,8.66,-0.012543,127907.56,111622.328
600048,2026-09-23,5.64,-0.0070420000000000005,3727142.22,2140659.267
600050,2026-09-23,4.17,-0.009500999999999999,835437.49,349704.933
600051,2026-09-23,6.23,-0.004792,34078.01,21342.283
600052,2026-09-23,3.62,-0.024259,109296.0,40128.839
600053,2026-09-23,7.43,-0.037565,28683.0,21643.036
600054,2026-09-23,10.77,-0.005540000000000001,41713.0,45029.727
600055,2026-09-23,10.58,0.024201,69975.0,73656.989
600056,2026-09-23,8.96,-0.009945,79132.06,71305.46
600057,2026-09-23,6.06,-0.017828,120598.61,73617.393
600058,2026-09-23,9.18,0.02,137831.02,126114.756
600059,2026-09-23,11.33,0.050046,1267827.35,1462582.849
600060,2026-09-23,27.24,-0.002198,42202.21,115096.62
600061,2026-09-23,6.3,-0.006309,188581.15,119149.268
600062,2026-09-23,16.03,-0.004348,46117.84,74209.015
600063,2026-09-23,5.71,0.016014,505751.43,288642.276
600064,2026-09-23,7.7,-0.003881,123194.9,95575.955
600066,2026-09-23,25.25,-0.035155,302231.39,763919.794
600067,2026-09-23,2.64,-0.018587,281796.48,75289.226
600071,2026-09-23,16.8,0.001192,19204.0,32385.935
600072,2026-09-23,8.7,-0.025756,186384.52,163397.689
600073,2026-09-23,5.47,-0.00726,81286.09,44712.009
600075,2026-09-23,4.6,-0.006479,110710.0,51202.504
600076,2026-09-23,2.15,-0.044444,425825.13,92817.295
600078,2026-09-23,10.04,-0.026188,99585.02,100423.388
600079,2026-09-23,18.83,0.005339,55753.34,104806.119
600080,2026-09-23,4.74,-0.0125,20565.0,9798.211
600081,2026-09-23,10.51,0.005742000000000001,32951.0,34571.845
600082,2026-09-23,3.27,0.03481,101135.0,32579.501
600084,2026-09-23,4.44,-0.011136,30020.0,13395.233
600085,2026-09-23,23.61,-0.002113,28070.52,66427.646
600088,2026-09-23,13.65,-0.100198,342034.58,475756.963
600089,2026-09-23,18.09,-0.00659,287999.28,520963.715
600094,2026-09-23,4.05,-0.01699,273553.01,111788.709
600095,2026-09-23,8.94,-0.012155000000000001,398913.15,358388.06
600096,2026-09-23,27.95,-0.010268999999999999,153125.0,428855.662
600097,2026-09-23,9.27,-0.01278,27007.0,25060.23
600098,2026-09-23,6.18,-0.004830999999999999,109449.0,67959.101
600099,2026-09-23,9.29,0.001078,27812.0,25842.234
600100,2026-09-23,6.83,-0.013006,129873.01,89258.468
600101,2026-09-23,7.82,-0.018821,117029.56,91919.718
600103,2026-09-23,3.65,-0.03183,1394291.59,513914.892
600104,2026-09-23,10.87,-0.018067,391767.46,429037.01
600105,2026-09-23,44.87,-0.011892,838071.4,3762938.251
600106,2026-09-23,4.49,0.002232,114674.89,51489.233
600107,2026-09-23,5.71,-0.005226,8765.02,5039.009
600108,2026-09-23,4.27,-0.031745999999999996,1727671.44,741282.504
600109,2026-09-23,8.28,-0.008383,152321.5,126504.226
600110,2026-09-23,12.46,0.024671,1792565.36,2214589.105
600111,2026-09-23,37.42,-0.012665,224927.05,843302.499
600113,2026-09-23,29.85,-0.004004,34293.0,102729.084
600114,2026-09-23,27.75,0.001444,85544.96,237946.869
600115,2026-09-23,3.46,0.002899,1399780.91,485874.167
600116,2026-09-23,6.08,-0.00491,110595.79,67278.849
600117,2026-09-23,2.16,-0.013699,267591.16,58806.309
600118,2026-09-23,57.72,-0.018701000000000002,164085.17,949455.571
600119,2026-09-23,4.96,-0.013916999999999999,13869.0,6915.365
600120,2026-09-23,4.7,-0.008439,210590.49,99082.315
600121,2026-09-23,4.81,-0.087287,1727884.6,851292.213
600123,2026-09-23,7.01,-0.023677,149592.63,105709.085
600125,2026-09-23,5.27,-0.007533,58358.36,30900.671
600126,2026-09-23,6.17,-0.022187000000000002,333297.61,207244.919
600127,2026-09-23,16.75,0.017001,2074238.74,3436627.074
600128,2026-09-23,8.52,-0.009302,24857.6,21206.166
600129,2026-09-23,13.74,-0.012221,77137.64,106671.947
600130,2026-09-23,4.61,-0.012848,212500.85,97922.811
600131,2026-09-23,14.27,-0.012457000000000001,37833.6,54252.311
600132,2026-09-23,38.32,0.003667,30103.19,115794.994
600133,2026-09-23,7.97,-0.00375,89054.1,71155.065
600135,2026-09-23,7.59,-0.024422000000000003,102138.0,77851.626
600136,2026-09-23,1.5,0.0,92954.2,13997.296
600137,2026-09-23,17.74,-0.008385,13901.6,24750.091
600138,2026-09-23,7.05,-0.004237,60881.0,43152.576
600141,2026-09-23,28.62,-0.018855,165161.18,474740.089
600143,2026-09-23,13.22,-0.010479,152498.68,202030.62
600148,2026-09-23,15.8,-0.004411,13510.72,21399.117
600149,2026-09-23,5.05,0.001984,71954.0,36342.295
600150,2026-09-23,38.59,-0.038136,841874.55,3282325.668
600151,2026-09-23,9.36,-0.014737,140226.1,131980.086
600152,2026-09-23,7.75,-0.016496999999999998,103825.01,80696.541
600153,2026-09-23,8.67,0.01049,196720.8,171298.477
600155,2026-09-23,6.09,-0.017742,212531.37,130477.686
600156,2026-09-23,8.41,-0.052927999999999996,225053.28,194981.752
600157,2026-09-23,1.51,-0.006579000000000001,2843059.64,431644.683
600158,2026-09-23,7.03,-0.016783,166617.01,117676.322
600159,2026-09-23,2.77,-0.0035970000000000004,207250.0,57934.025
600160,2026-09-23,35.05,0.012713,361389.82,1246137.349
600161,2026-09-23,12.31,-0.004045,72726.94,90165.115
600162,2026-09-23,4.59,-0.061349999999999995,1791092.58,859793.98
600163,2026-09-23,5.37,-0.057895,716057.57,389025.232
600165,2026-09-23,3.18,-0.030488,145025.67,46672.85
600166,2026-09-23,2.77,-0.007168,723343.1,201515.639
600167,2026-09-23,5.59,-0.008865,52006.0,29217.392
600168,2026-09-23,4.35,0.002304,46941.19,20431.477
600169,2026-09-23,2.19,0.013889,111270.01,24292.2
600170,2026-09-23,2.23,0.0,1876113.34,422643.537
600171,2026-09-23,23.16,0.002597,81707.58,188767.991
600172,2026-09-23,16.74,0.042341,2194002.67,3632681.942
600173,2026-09-23,5.86,-0.013468,43618.0,25819.786
600176,2026-09-23,45.62,0.0032990000000000003,1470043.64,6698966.744
600177,2026-09-23,8.19,0.009864000000000001,144967.11,118635.821
600178,2026-09-23,9.55,0.0,62957.9,60622.655
600179,2026-09-23,4.49,-0.019651000000000002,249316.99,113194.636
600180,2026-09-23,1.58,-0.030674999999999997,129666.0,20679.489
600182,2026-09-23,12.68,-0.007825,11122.0,14116.31
600183,2026-09-23,143.56,0.000767,416427.23,5996688.278
600184,2026-09-23,20.26,-0.007835,231662.94,467172.29
600185,2026-09-23,4.77,-0.018519,254212.94,122496.919
600186,2026-09-23,13.59,0.051044,3717670.54,4995247.219
600187,2026-09-23,1.28,-0.015385,159903.0,20636.294
600188,2026-09-23,19.77,-0.028501,342525.86,678679.488
600189,2026-09-23,8.27,-0.003614,181458.6,151745.581
600191,2026-09-23,9.22,-0.022269,78493.0,73123.066
600192,2026-09-23,7.14,-0.071521,255063.61,184837.547
600195,2026-09-23,6.68,-0.008902,47908.51,32120.204
600196,2026-09-23,23.13,0.0,182925.41,424841.321
600197,2026-09-23,9.48,0.010661,97776.06,93605.342
600198,2026-09-23,7.48,-0.031088,175178.0,131907.823
600199,2026-09-23,7.26,-0.010899,344374.2,256049.435
600201,2026-09-23,11.75,0.00256,96299.0,113788.486
600202,2026-09-23,5.16,0.0019420000000000001,50236.0,25817.196
600203,2026-09-23,10.06,-0.017578,129152.0,130234.678
600206,2026-09-23,51.48,0.030631,730614.01,3693151.773
600207,2026-09-23,4.94,0.016461,588219.12,293753.647
600208,2026-09-23,2.91,0.003448,1113309.65,327023.204
600210,2026-09-23,6.22,-0.003205,80924.82,50506.898
600211,2026-09-23,36.58,0.004393,18080.3,66010.872
600212,2026-09-23,5.8,-0.011924999999999998,85115.0,49122.078
600215,2026-09-23,6.1,-0.022435999999999998,52810.0,32552.394
600216,2026-09-23,12.61,-0.008648,79014.91,100072.451
600217,2026-09-23,3.22,-0.009231,115475.08,37232.256
600218,2026-09-23,7.98,-0.006227,167847.73,134463.319
600219,2026-09-23,4.69,-0.012632,675285.82,318222.836
600221,2026-09-23,1.24,0.0,2713432.14,338083.138
600222,2026-09-23,8.03,-0.011084,153076.0,123507.346
600223,2026-09-23,5.58,-0.015872999999999998,74506.0,41849.525
600226,2026-09-23,6.05,0.010017,767825.55,463786.132
600227,2026-09-23,3.88,-0.093458,2401096.46,949895.293
600228,2026-09-23,11.66,-0.019344,333656.0,398257.149
600229,2026-09-23,5.89,-0.010084,118904.44,69564.838
600230,2026-09-23,14.82,0.10022299999999999,232486.6,336636.082
600231,2026-09-23,1.76,0.047618999999999995,940555.68,167904.839
600232,2026-09-23,6.52,-0.016591,30305.0,19880.314
600233,2026-09-23,17.84,0.008479,205173.83,367844.949
600234,2026-09-23,22.65,0.004435,21492.0,48288.142
600235,2026-09-23,5.82,-0.008518,32947.0,19179.335
600236,2026-09-23,9.29,-0.01589,67638.58,63107.39
600237,2026-09-23,9.85,-0.026680000000000002,606594.37,595454.323
600238,2026-09-23,4.08,-0.051163,89366.72,37230.234
600239,2026-09-23,1.44,0.0,264509.12,38797.76
600241,2026-09-23,7.31,-0.012162,23843.0,17477.103
600243,2026-09-23,3.66,0.063953,124828.0,45665.251
600246,2026-09-23,14.78,0.009563,1513918.82,2235281.927
600248,2026-09-23,2.83,-0.01049,175508.38,50387.252
600249,2026-09-23,5.38,-0.027125,72103.99,39095.464
600250,2026-09-23,9.05,-0.010929,83362.01,76147.957
600251,2026-09-23,10.36,0.00485,143349.3,147213.997
600252,2026-09-23,2.16,-0.022624,530773.67,116144.149
600255,2026-09-23,3.54,-0.027473,682858.99,243178.823
600256,2026-09-23,6.86,-0.02,729407.12,502240.369
600257,2026-09-23,5.54,-0.026362,106216.58,59004.813
600258,2026-09-23,11.18,-0.014978,226104.55,254744.614
600259,2026-09-23,81.3,-0.023423,57185.42,464856.701
600261,2026-09-23,3.35,-0.031792,257865.0,87126.433
600262,2026-09-23,14.83,-0.030719,51492.2,76340.254
600265,2026-09-23,23.27,0.024659,8234.0,19046.641
600266,2026-09-23,4.41,-0.013423000000000001,525883.97,235455.803
600267,2026-09-23,11.8,0.003401,204699.17,241776.33
600268,2026-09-23,10.2,-0.020173,149413.14,152127.063
600269,2026-09-23,3.79,-0.005249,93608.54,35583.198
600271,2026-09-23,6.69,-0.017621,94370.0,63477.642
600272,2026-09-23,15.81,-0.08876099999999999,372073.8,595595.235
600273,2026-09-23,6.32,-0.006289,84606.0,53635.788
600276,2026-09-23,45.58,-0.0030620000000000005,434384.12,1983663.514
600278,2026-09-23,6.52,-0.012121,42967.3,28132.263
600279,2026-09-23,4.26,-0.02069,58578.51,25160.005
600280,2026-09-23,3.05,-0.028662,279768.0,86532.825
600281,2026-09-23,4.73,-0.028746999999999998,322207.0,153327.814
600282,2026-09-23,4.39,0.002283,354016.4,156080.643
600283,2026-09-23,8.05,-0.001241,25602.7,20681.521
600284,2026-09-23,5.11,-0.013514,106619.38,55081.844
600285,2026-09-23,19.08,-0.001047,39025.0,74656.384
600287,2026-09-23,4.98,-0.005988,27273.0,13609.233
600288,2026-09-23,10.95,-0.01084,82925.5,90732.275
600289,2026-09-23,4.3,-0.027149,30528.0,13186.758
600292,2026-09-23,11.38,-0.018119,85791.94,98085.118
600293,2026-09-23,3.7,0.10119,639844.74,232240.321
600295,2026-09-23,12.84,-0.013825,72242.69,93470.666
600298,2026-09-23,39.76,0.008625,45604.08,181232.157
600299,2026-09-23,8.37,-0.005938,192987.25,161407.912
600300,2026-09-23,3.09,-0.009615,250120.24,77667.756
600301,2026-09-23,47.94,-0.019030000000000002,173725.58,837639.483
600302,2026-09-23,7.1,0.030479,36503.0,25403.421
600303,2026-09-23,3.0,-0.038462,387097.13,118521.769
600305,2026-09-23,6.78,0.007429,89575.75,61103.567
600307,2026-09-23,1.47,-0.006757,881684.98,131351.864
600308,2026-09-23,3.36,0.005988,191374.06,63828.006
600309,2026-09-23,71.6,0.013303,389830.55,2769707.529
600310,2026-09-23,4.42,-0.047414,442423.1,197891.814
600312,2026-09-23,18.93,-0.019171,103503.73,196666.589
600313,2026-09-23,6.99,-0.026462,410215.68,287416.843
600315,2026-09-23,18.54,0.003247,59448.11,111042.529
600316,2026-09-23,33.83,-0.008209,61753.48,208944.5
600318,2026-09-23,6.87,-0.033755,207439.28,143522.421
600319,2026-09-23,6.25,-0.004777,33888.0,21249.464
600320,2026-09-23,4.07,-0.012136000000000001,368098.23,150669.903
600322,2026-09-23,2.76,-0.010752999999999999,351944.1,98415.427
600323,2026-09-23,28.9,0.003124,29608.0,85703.705
600325,2026-09-23,2.8,-0.007092,2228081.32,638599.66
600326,2026-09-23,7.22,0.052478,569148.72,410670.709
600327,2026-09-23,3.77,-0.038265,169515.01,64851.417
600328,2026-09-23,5.72,-0.010381,108228.36,62113.604
600329,2026-09-23,35.39,0.008262,15862.12,56192.941
600330,2026-09-23,29.98,0.009088,860843.81,2580711.392
600331,2026-09-23,12.12,0.016779,280228.73,337752.71
600332,2026-09-23,19.67,-0.000508,41635.85,81961.25
600333,2026-09-23,6.78,-0.010219,73160.0,49717.122
600335,2026-09-23,5.13,-0.007737000000000001,80245.81,41469.748
600336,2026-09-23,6.32,-0.020155,45952.3,29194.387
600337,2026-09-23,3.32,-0.020649,491627.9,168242.406
600338,2026-09-23,12.42,-0.028929,213417.98,266999.821
600339,2026-09-23,3.25,-0.026945999999999998,443127.0,144918.637
600340,2026-09-23,1.15,0.026785999999999997,1613309.69,188806.052
600343,2026-09-23,19.87,-0.0207,245207.46,488998.279
600345,2026-09-23,53.93,-0.008822,73418.27,396211.43
600346,2026-09-23,16.88,0.020556,375301.79,631861.168
600348,2026-09-23,8.98,-0.028138999999999997,182204.95,165395.386
600350,2026-09-23,10.03,0.003,85808.0,86048.293
600351,2026-09-23,6.73,-0.016082,151034.0,102379.771
600352,2026-09-23,12.5,-0.009509,311057.52,390714.634
600353,2026-09-23,33.45,0.003902,519066.63,1738895.799
600354,2026-09-23,10.08,-0.003953,1183010.09,1196565.757
600356,2026-09-23,10.7,-0.021043,248294.5,268378.362
600358,2026-09-23,5.2,0.011673,60380.0,31476.06
600359,2026-09-23,7.84,-0.024876,235507.59,184775.744
600360,2026-09-23,11.39,0.000879,639175.2,726665.759
600361,2026-09-23,3.49,-0.011331,244568.26,85943.637
600362,2026-09-23,44.55,-0.012195000000000001,350901.63,1570699.302
600363,2026-09-23,15.1,-0.055069,340895.97,520946.058
600365,2026-09-23,2.85,-0.003497,14914.0,4242.445
600366,2026-09-23,11.33,-0.008749,157445.17,178093.199
600367,2026-09-23,39.21,0.024027,434344.15,1680354.427
600368,2026-09-23,4.12,0.014778,192277.31,78832.857
600369,2026-09-23,3.99,0.0,193570.88,77188.618
600370,2026-09-23,1.49,-0.006666999999999999,111212.0,16697.215
600371,2026-09-23,17.28,0.09993600000000001,812535.78,1324585.012
600372,2026-09-23,11.43,-0.0121,184594.07,212405.165
600373,2026-09-23,7.46,-0.02611,181209.0,136821.064
600375,2026-09-23,3.67,-0.010782,199074.0,73782.785
600376,2026-09-23,3.33,-0.020588000000000002,852036.88,287556.472
600377,2026-09-23,12.58,0.00319,70080.41,88258.679
600378,2026-09-23,46.8,-0.005736,280803.67,1319478.77
600379,2026-09-23,14.95,0.017699,152228.22,227842.233
600380,2026-09-23,9.41,0.003198,135869.66,127728.987
600381,2026-09-23,4.34,0.018779,84301.01,36545.56
600382,2026-09-23,5.9,-0.019934,245777.46,148672.364
600383,2026-09-23,2.51,0.004,3159498.69,812019.795
600386,2026-09-23,3.49,-0.027854999999999998,74418.0,26216.947
600388,2026-09-23,17.22,0.005254,76119.43,131992.898
600389,2026-09-23,18.62,-0.012725,69645.05,130142.291
600390,2026-09-23,4.87,-0.008147,281317.0,137878.772
600391,2026-09-23,42.98,0.0032679999999999996,140099.04,606669.561
600392,2026-09-23,21.78,-0.018477,246462.37,537800.639
600395,2026-09-23,5.04,-0.025145,230289.24,116966.412
600396,2026-09-23,12.99,-0.062771,1373064.16,1805147.895
600397,2026-09-23,17.74,0.014294,662179.24,1165880.748
600398,2026-09-23,5.69,-0.001754,207812.0,118834.375
600399,2026-09-23,4.37,-0.002283,232152.02,101478.978
600400,2026-09-23,3.37,-0.017493,573817.97,193193.369
600403,2026-09-23,7.24,-0.04736799999999999,1341127.84,991246.41
600405,2026-09-23,5.05,0.007984,106703.14,54051.168
600406,2026-09-23,22.38,0.006748,306794.42,684806.456
600408,2026-09-23,2.98,-0.047923,547811.35,165224.228
600409,2026-09-23,6.32,-0.004724,131491.15,83287.201
600410,2026-09-23,15.87,-0.037015,1067696.33,1702926.373
600415,2026-09-23,10.81,-0.08776400000000001,1466651.66,1622133.012
600416,2026-09-23,8.44,-0.014018999999999998,88162.0,74877.926
600418,2026-09-23,23.45,0.09990600000000001,2170622.14,4935453.759
600419,2026-09-23,8.75,-0.005682,25280.0,22155.187
600420,2026-09-23,8.34,-0.007143,51091.0,42787.964
600422,2026-09-23,8.14,-0.013333,41143.8,33722.494
600423,2026-09-23,2.71,-0.007326,24032.0,6539.747
600425,2026-09-23,3.66,0.008264,282638.35,104803.776
600426,2026-09-23,20.38,-0.00098,262394.38,534440.846
600428,2026-09-23,11.23,-0.0097,188944.18,212547.236
600429,2026-09-23,4.55,-0.002193,77942.0,35534.763
600433,2026-09-23,3.29,-0.023739,191804.0,63626.919
600435,2026-09-23,11.32,-0.030822,159138.0,181527.826
600436,2026-09-23,120.1,-0.005959,17708.35,214020.445
600438,2026-09-23,11.58,-0.011944999999999999,255720.24,298306.201
600439,2026-09-23,1.87,-0.005319000000000001,56904.74,10659.305
600444,2026-09-23,14.5,0.013986,18562.0,26757.859
600446,2026-09-23,10.62,-0.025688,114610.16,122620.357
600448,2026-09-23,3.26,-0.08938499999999999,1893118.97,633612.781
600449,2026-09-23,13.11,0.0007630000000000001,65709.89,86024.229
600452,2026-09-23,8.93,-0.011073999999999999,281982.97,252241.041
600455,2026-09-23,24.37,0.005778,15222.0,36992.913
600456,2026-09-23,25.45,-0.00741,21401.64,54608.31
600458,2026-09-23,11.23,0.001784,101428.35,113800.547
600459,2026-09-23,19.09,-0.00728,82576.06,157954.215
600460,2026-09-23,33.67,0.008084000000000001,682968.78,2285966.195
600461,2026-09-23,8.84,0.001133,75538.5,66695.741
600463,2026-09-23,8.26,-0.003619,36036.0,29854.392
600467,2026-09-23,2.41,-0.012295,314788.0,76042.849
600468,2026-09-23,6.06,-0.035032,267654.01,163675.804
600469,2026-09-23,4.98,-0.011904999999999999,48469.0,24243.823
600470,2026-09-23,5.65,-0.027538999999999998,198835.0,112331.154
600475,2026-09-23,15.1,0.012063999999999998,67156.17,101431.17
600476,2026-09-23,10.24,-0.03305,16396.0,17000.718
600477,2026-09-23,2.42,-0.008197,277770.2,67616.168
600478,2026-09-23,4.48,-0.021834,225995.0,102133.701
600479,2026-09-23,13.19,-0.028003,1113831.42,1500597.896
600480,2026-09-23,7.78,0.005168000000000001,91043.24,70930.635
600481,2026-09-23,4.05,-0.012195000000000001,610096.97,251200.649
600482,2026-09-23,34.73,-0.017261,102390.61,357482.92
600483,2026-09-23,10.67,-0.005592000000000001,96063.7,102781.811
600486,2026-09-23,52.51,-0.008497,17589.55,92577.058
600487,2026-09-23,69.94,-0.041918,1576299.84,11146720.418
600488,2026-09-23,5.9,-0.03752,735951.0,438551.645
600489,2026-09-23,23.4,-0.002983,393329.43,924127.837
600490,2026-09-23,7.13,-0.005579,190110.55,135702.613
600491,2026-09-23,1.67,0.018293,517798.55,85091.332
600493,2026-09-23,6.35,-0.017028,44683.01,28451.025
600495,2026-09-23,4.07,-0.009732,71106.52,29052.519
600496,2026-09-23,3.34,0.009063,291902.21,97821.796
600497,2026-09-23,9.63,-0.016343,578180.11,558633.98
600498,2026-09-23,42.54,-0.022294,559669.57,2394684.614
600499,2026-09-23,11.66,-0.033167,771379.96,895180.273
600500,2026-09-23,5.8,0.0051990000000000005,980716.12,570300.904
600501,2026-09-23,14.52,-0.022222,36877.0,53843.95
600502,2026-09-23,4.13,0.0,318312.42,132117.408
600503,2026-09-23,2.94,0.10112399999999999,4143251.15,1181594.383
600505,2026-09-23,10.24,-0.03305,107510.0,111038.694
600506,2026-09-23,17.1,-0.030062000000000002,182279.59,313992.975
600507,2026-09-23,4.04,-0.007371,158751.41,64610.068
600508,2026-09-23,10.83,-0.015455000000000002,169381.42,184633.382
600509,2026-09-23,7.26,-0.010899,124475.72,90514.671
600510,2026-09-23,6.78,0.002959,61006.01,41238.767
600511,2026-09-23,26.11,-0.000383,22761.01,59535.263
600512,2026-09-23,2.06,-0.004830999999999999,254516.0,52834.842
600513,2026-09-23,14.97,-0.027290000000000002,74225.56,111834.28
600515,2026-09-23,2.73,-0.01087,812872.37,223252.416
600516,2026-09-23,5.42,-0.01275,470286.25,254683.669
600517,2026-09-23,4.93,-0.012024,154070.0,76188.149
600518,2026-09-23,1.35,-0.007352999999999999,1056378.99,143675.976
600519,2026-09-23,1251.24,-0.002042,30981.22,3894630.783
600520,2026-09-23,26.14,0.013571,60327.02,157220.919
600521,2026-09-23,16.41,-0.009656,173168.59,285133.785
600522,2026-09-23,35.78,-0.029826000000000002,1703814.37,6118976.37
600523,2026-09-23,11.93,-0.016488,25903.4,30989.289
600525,2026-09-23,4.91,-0.01996,119802.0,58781.751
600526,2026-09-23,4.54,0.002208,58856.0,26869.47
600527,2026-09-23,2.19,-0.004545,304101.6,66840.101
600528,2026-09-23,6.81,-0.002928,47819.51,32685.364
600529,2026-09-23,18.5,0.005435,32900.99,60898.681
600530,2026-09-23,3.98,-0.014851000000000001,53693.0,21681.527
600531,2026-09-23,12.04,-0.010682,209317.38,252540.323
600533,2026-09-23,2.23,-0.013274,187396.0,42496.224
600535,2026-09-23,13.89,-0.004301,75014.98,104258.536
600536,2026-09-23,31.39,-0.022118000000000002,96549.99,305005.364
600537,2026-09-23,2.19,-0.017937,474404.0,106363.9
600538,2026-09-23,4.82,-0.016327,64231.0,31253.246
600539,2026-09-23,14.62,0.05942,254976.26,369373.148
600540,2026-09-23,5.8,-0.038142999999999996,995227.25,576120.738
600543,2026-09-23,4.09,-0.007281999999999999,16058.2,6582.952
600545,2026-09-23,4.42,-0.017778000000000002,1298748.27,589776.077
600546,2026-09-23,13.37,-0.019795,129712.69,174026.488
600547,2026-09-23,30.93,-0.016534,484712.29,1508177.076
600548,2026-09-23,8.04,-0.007407,23608.0,19013.693
600549,2026-09-23,48.71,-0.012768999999999999,248185.19,1209208.634
600550,2026-09-23,10.4,-0.031657000000000005,234869.84,245754.851
600551,2026-09-23,7.75,-0.018987,308584.52,237014.321
600552,2026-09-23,18.56,0.036871999999999995,1004981.24,1861869.621
600556,2026-09-23,4.6,-0.043658999999999996,485948.43,226335.809
600557,2026-09-23,12.38,-0.002417,38017.5,47229.627
600558,2026-09-23,4.75,-0.018595,114855.7,54763.387
600559,2026-09-23,11.17,-0.008872999999999999,154112.84,174711.852
600560,2026-09-23,11.31,-0.006151,19398.0,21925.386
600561,2026-09-23,5.85,-0.008475,35670.0,20829.946
600562,2026-09-23,27.95,-0.028839,72415.77,203345.355
600563,2026-09-23,125.2,0.009515000000000001,33725.25,420986.746
600566,2026-09-23,24.57,-0.006871,32051.83,79340.77
600567,2026-09-23,1.32,-0.0075190000000000005,537538.0,71603.004
600568,2026-09-23,2.37,-0.008368,48288.0,11475.861
600569,2026-09-23,1.77,0.0,541807.83,97593.604
600570,2026-09-23,20.2,-0.014634000000000001,117691.09,238799.111
600571,2026-09-23,10.3,-0.028302,64215.31,66572.694
600572,2026-09-23,4.25,-0.016204,390371.0,167159.402
600573,2026-09-23,10.1,0.014055999999999999,72872.0,73795.614
600575,2026-09-23,3.15,-0.012539,254346.0,80526.512
600576,2026-09-23,5.41,-0.007339,56068.0,30416.86
600577,2026-09-23,8.9,0.0,655697.35,581754.738
600578,2026-09-23,5.23,-0.020599,499257.59,262159.9
600579,2026-09-23,7.16,-0.012414000000000001,48681.79,35115.514
600580,2026-09-23,27.15,-0.009486,135808.1,369202.904
600581,2026-09-23,2.48,0.016393,130917.22,32683.783
600582,2026-09-23,4.88,0.004115,158562.96,77435.916
600583,2026-09-23,6.36,-0.013953,298959.33,190372.74
600584,2026-09-23,71.82,-0.005814000000000001,577050.27,4141974.258
600585,2026-09-23,17.3,0.010513999999999999,255658.87,444002.083
600586,2026-09-23,4.0,-0.014778,186239.0,75362.592
600587,2026-09-23,13.0,-0.032738,282472.06,370750.591
600588,2026-09-23,9.5,-0.040404,520661.68,499528.651
600589,2026-09-23,7.91,-0.041212,710498.57,566689.556
600590,2026-09-23,8.46,-0.018561,180461.09,153034.213
600592,2026-09-23,14.5,-0.000689,36217.0,52596.538
600593,2026-09-23,49.79,0.056664000000000006,187897.55,923235.892
600594,2026-09-23,3.67,-0.029101,249581.61,92295.934
600595,2026-09-23,5.96,-0.013245,469621.0,281067.194
600596,2026-09-23,11.83,0.002542,432187.04,508343.496
600597,2026-09-23,6.77,0.004451,97182.31,66009.233
600598,2026-09-23,12.76,-0.025954,202601.63,259830.365
600600,2026-09-23,50.46,0.006181,42152.46,213028.656
600601,2026-09-23,15.06,-0.019531,1353536.03,2057247.944
600602,2026-09-23,16.92,-0.016851,130370.07,221505.399
600603,2026-09-23,4.66,-0.035197,111993.05,52781.435
600604,2026-09-23,4.97,0.006072999999999999,403566.55,202615.3
600605,2026-09-23,31.61,0.099861,145608.75,452929.962
600606,2026-09-23,1.51,-0.013071999999999999,5997371.34,944457.069
600609,2026-09-23,3.56,-0.024658000000000003,679137.11,246936.76
600610,2026-09-23,7.6,-0.062885,390252.49,301628.483
600611,2026-09-23,4.5,-0.044585999999999994,702762.63,320155.688
600612,2026-09-23,31.95,0.0066159999999999995,10880.65,34675.988
600613,2026-09-23,8.66,-0.081654,1134845.44,1008890.905
600615,2026-09-23,9.41,-0.00843,14549.95,13711.838
600616,2026-09-23,5.38,0.03263,1198602.8,660935.094
600617,2026-09-23,3.23,-0.032934,253639.2,83171.871
600618,2026-09-23,9.93,0.004044,47633.54,47152.018
600619,2026-09-23,13.37,-0.020513,229235.96,309416.339
600620,2026-09-23,4.36,-0.002288,49510.38,21725.633
600621,2026-09-23,14.13,0.008565,329741.01,465012.909
600622,2026-09-23,2.5,0.0040160000000000005,509605.7,128407.372
600623,2026-09-23,8.48,0.001181,87533.0,73987.222
600624,2026-09-23,4.65,-0.03125,49449.0,23218.519
600626,2026-09-23,3.79,-0.010444,201018.49,76101.497
600628,2026-09-23,6.31,-0.010971999999999999,60842.41,38581.654
600629,2026-09-23,16.35,-0.026785999999999997,177112.78,291103.431
600630,2026-09-23,8.53,-0.10021100000000001,603126.94,522523.905
600633,2026-09-23,10.33,-0.018061,116078.0,120520.412
600635,2026-09-23,4.46,-0.02407,232809.02,104751.657
600637,2026-09-23,8.96,-0.003337,384692.39,343719.123
600638,2026-09-23,5.15,0.005859,189580.4,98407.417
600639,2026-09-23,9.73,0.008289999999999999,76262.25,74438.982
600640,2026-09-23,12.56,-0.063386,355129.79,450722.49
600641,2026-09-23,47.8,0.092821,1684344.84,7955826.713
600642,2026-09-23,8.73,0.0,136818.02,119476.995
600643,2026-09-23,4.03,-0.019465,149238.26,60825.609
600644,2026-09-23,8.96,-0.08384499999999999,565543.36,518588.276
600645,2026-09-23,19.25,-0.002074,72394.0,139948.256
600648,2026-09-23,9.45,0.005319000000000001,20001.16,18898.409
600649,2026-09-23,4.11,0.009828,421082.34,175094.647
600650,2026-09-23,10.31,-0.014339999999999999,19416.98,20097.623
600651,2026-09-23,5.28,0.007633999999999999,201584.98,106263.326
600653,2026-09-23,1.87,0.1,746018.86,137067.544
600654,2026-09-23,3.01,-0.02589,538609.0,163164.22
600655,2026-09-23,4.57,-0.010823000000000001,86727.81,40043.879
600657,2026-09-23,3.17,-0.021605,969130.36,315348.513
600658,2026-09-23,4.13,-0.004819,154929.74,64801.15
600660,2026-09-23,53.8,0.000558,58826.2,316255.986
600661,2026-09-23,9.03,0.010067,74577.0,66993.2
600662,2026-09-23,4.23,-0.013986,71636.73,30506.402
600663,2026-09-23,9.15,0.033898000000000005,267436.11,244945.048
600664,2026-09-23,9.04,-0.004405,7135307.32,6732475.008
600665,2026-09-23,3.47,0.005797,212710.01,74035.138
600666,2026-09-23,3.35,-0.040115,1110577.8,375718.239
600667,2026-09-23,20.59,0.036236000000000004,2591401.59,5231652.502
600668,2026-09-23,7.39,0.0,39332.39,29269.2
600671,2026-09-23,23.3,-0.025105,18660.0,43695.365
600673,2026-09-23,32.12,-0.0012439999999999999,176569.58,567491.072
600674,2026-09-23,16.05,0.007533,188160.32,299891.087
600675,2026-09-23,2.51,0.03719,1770440.61,455678.08
600676,2026-09-23,6.66,-0.020588000000000002,74429.0,49900.961
600678,2026-09-23,5.73,-0.005208000000000001,72879.19,42418.128
600679,2026-09-23,10.69,-0.021061999999999997,116952.28,127261.66
600681,2026-09-23,3.39,-0.017391,160935.39,54873.412
600682,2026-09-23,5.85,-0.010152000000000001,112217.58,65906.955
600683,2026-09-23,9.62,-0.031219,230006.36,226087.504
600684,2026-09-23,3.62,0.0,209103.76,76548.792
600685,2026-09-23,29.06,-0.030364,117658.76,344594.438
600686,2026-09-23,11.11,-0.001797,151699.76,170149.776
600688,2026-09-23,2.78,-0.003584,420896.06,117397.995
600689,2026-09-23,12.11,0.009167,30863.0,37204.611
600690,2026-09-23,20.2,0.0,246450.7,498555.15
600691,2026-09-23,2.76,-0.051546,620231.32,173457.222
600692,2026-09-23,6.51,-0.010638000000000002,62598.0,41051.081
600693,2026-09-23,9.5,-0.032587000000000005,457123.51,437570.576
600694,2026-09-23,14.41,-0.006207000000000001,16033.9,23132.957
600697,2026-09-23,11.36,-0.022375,48514.41,55378.681
600698,2026-09-23,6.87,-0.028288999999999998,231538.91,160071.332
600699,2026-09-23,21.53,0.035095999999999995,733746.91,1566621.498
600702,2026-09-23,33.38,-0.0071389999999999995,67107.97,227005.313
600703,2026-09-23,12.83,-0.003108,682094.16,879309.086
600704,2026-09-23,4.85,-0.004107,305571.86,148788.7
600706,2026-09-23,8.32,-0.018868,106027.0,89004.481
600707,2026-09-23,9.8,0.026178,2007833.7,1992391.151
600708,2026-09-23,3.1,-0.00641,306691.04,97197.93
600710,2026-09-23,11.37,0.005305,70441.8,80322.615
600711,2026-09-23,10.9,-0.009991,388321.37,424301.184
600712,2026-09-23,5.6,-0.024390000000000002,291244.61,163981.271
600713,2026-09-23,4.94,-0.015936,92214.0,45936.104
600714,2026-09-23,19.46,0.020451,289783.07,562003.516
600715,2026-09-23,1.65,-0.023669,508180.0,83925.718
600716,2026-09-23,3.73,-0.007979,70963.0,26844.346
600717,2026-09-23,4.23,0.0,108683.56,45982.282
600718,2026-09-23,7.99,-0.019632,74296.76,59805.745
600719,2026-09-23,7.59,-0.059480000000000005,284518.24,218638.188
600720,2026-09-23,5.16,-0.001934,45056.0,23334.587
600721,2026-09-23,13.29,-0.081548,1772916.96,2422425.63
600722,2026-09-23,16.29,-0.099004,1353594.46,2263137.709
600724,2026-09-23,5.05,0.005976,94782.0,48221.867
600725,2026-09-23,3.2,-0.033233,166772.0,53792.292
600726,2026-09-23,5.07,-0.041588,830214.0,424192.623
600727,2026-09-23,7.52,-0.011827,70252.0,52838.836
600728,2026-09-23,4.47,-0.021882000000000002,189287.6,85136.214
600729,2026-09-23,18.38,-0.005411,24634.24,45536.643
600730,2026-09-23,9.29,-0.0021479999999999997,103343.0,94984.161
600731,2026-09-23,5.88,0.0,23257.0,13653.242
600732,2026-09-23,10.86,-0.006404,151395.11,165658.358
600733,2026-09-23,4.77,-0.002092,1192295.89,572535.749
600734,2026-09-23,1.93,-0.025253,365665.77,70740.36
600735,2026-09-23,6.66,-0.008929,33466.0,22287.763
600736,2026-09-23,6.66,0.0,203713.02,136571.988
600737,2026-09-23,15.03,0.001332,711192.16,1065797.796
600738,2026-09-23,4.19,-0.018734999999999998,141537.0,59809.632
600739,2026-09-23,10.43,-0.004771,65236.0,68379.064
600740,2026-09-23,3.72,-0.033766,334209.24,125320.317
600741,2026-09-23,14.82,-0.0067020000000000005,93513.73,138607.712
600742,2026-09-23,7.71,-0.0012950000000000001,44090.34,34121.408
600743,2026-09-23,2.82,0.101563,987066.48,276179.433
600744,2026-09-23,6.18,-0.055046,1108150.82,694490.795
600745,2026-09-23,17.1,-0.027857,233329.35,402089.648
600746,2026-09-23,6.87,-0.043175,136372.35,94567.084
600748,2026-09-23,3.99,0.005038,243713.0,98651.339
600749,2026-09-23,13.49,-0.014609,59225.0,80248.904
600750,2026-09-23,22.45,0.005824,27292.33,61176.246
600751,2026-09-23,2.89,-0.010274,257164.66,75048.324
600753,2026-09-23,13.4,0.084142,64953.89,84799.577
600754,2026-09-23,18.44,-0.0064659999999999995,89523.14,166158.723
600755,2026-09-23,5.8,-0.001721,212724.0,123667.701
600756,2026-09-23,13.8,-0.019886,50692.14,70093.714
600757,2026-09-23,7.39,-0.014667,93833.0,69398.125
600758,2026-09-23,3.51,-0.064,599557.18,214432.427
600759,2026-09-23,2.31,-0.021185999999999997,836678.65,194342.597
600760,2026-09-23,44.08,-0.014091,83148.47,367693.217
600761,2026-09-23,15.31,-0.0039040000000000004,61372.25,94104.369
600763,2026-09-23,33.86,0.0038540000000000002,53714.32,182087.244
600764,2026-09-23,18.39,-0.017103,49429.84,91128.56
600765,2026-09-23,13.35,-0.009644,93639.36,125274.311
600768,2026-09-23,15.04,0.012795,20506.0,30655.971
600769,2026-09-23,16.4,0.01548,75229.0,122456.038
600770,2026-09-23,6.51,-0.0181,1690793.31,1131999.948
600771,2026-09-23,13.82,-0.01637,55812.11,77966.425
600773,2026-09-23,10.02,-0.032819,165684.0,168370.879
600774,2026-09-23,7.77,-0.018938999999999998,30379.0,23727.925
600775,2026-09-23,9.61,-0.032226,106674.0,103486.546
600776,2026-09-23,13.03,-0.04612,239677.68,315908.221
600777,2026-09-23,4.0,-0.012346,185103.6,74513.683
600778,2026-09-23,5.83,-0.006814,101354.64,58828.229
600779,2026-09-23,26.7,-0.001869,28976.22,78233.685
600780,2026-09-23,6.13,-0.006483,72595.0,44660.89
600782,2026-09-23,2.66,-0.007463,448881.32,120541.855
600783,2026-09-23,15.48,-0.002577,80674.0,125162.152
600784,2026-09-23,7.07,-0.004225,54125.0,38310.726
600785,2026-09-23,10.74,-0.043633,273213.38,296741.175
600787,2026-09-23,4.57,-0.010823000000000001,130762.52,60169.332
600789,2026-09-23,7.76,-0.011465000000000001,194177.1,152226.549
600790,2026-09-23,3.73,0.050704,934418.18,354149.018
600791,2026-09-23,7.02,-0.019553,175446.0,126094.455
600792,2026-09-23,5.18,-0.09913,1337211.0,714756.192
600793,2026-09-23,17.73,0.021313,56449.73,99619.959
600794,2026-09-23,3.16,-0.0125,103461.0,32888.833
600795,2026-09-23,5.12,-0.013487,1077582.56,553252.585
600796,2026-09-23,5.08,-0.001965,38874.5,19759.624
600797,2026-09-23,6.62,-0.022157,111599.64,74292.307
600798,2026-09-23,3.35,-0.020468,194111.47,65222.756
600800,2026-09-23,3.17,-0.04229599999999999,231807.15,74633.861
600801,2026-09-23,23.78,0.00253,84127.51,200506.726
600802,2026-09-23,6.02,0.100548,367127.5,213775.487
600803,2026-09-23,18.58,-0.002684,46499.58,86438.292
600805,2026-09-23,4.55,-0.004376,77058.21,35384.282
600807,2026-09-23,2.62,-0.018727,128471.2,34024.254
600808,2026-09-23,2.49,-0.004,771988.25,194082.257
600809,2026-09-23,114.03,0.007332,58113.25,665006.977
600810,2026-09-23,6.32,-0.009404000000000001,36765.9,23412.69
600812,2026-09-23,4.95,-0.029411999999999997,444434.09,222941.115
600814,2026-09-23,6.97,-0.008535000000000001,80363.0,56208.086
600815,2026-09-23,4.23,0.009547,2119222.4,853976.269
600816,2026-09-23,2.37,-0.016597999999999998,595413.99,141613.48
600817,2026-09-23,9.51,-0.013485,14931.03,14296.101
600818,2026-09-23,9.34,0.036626,51567.03,47524.077
600819,2026-09-23,5.67,0.008897,80755.35,45803.326
600820,2026-09-23,5.27,0.0,123080.95,65211.213
600821,2026-09-23,5.88,-0.032895,619892.2,366699.607
600822,2026-09-23,9.09,-0.037076,119969.01,110687.621
600824,2026-09-23,3.67,-0.002717,109303.0,40355.682
600825,2026-09-23,7.06,0.099688,45798.0,32333.388
600826,2026-09-23,7.94,0.005063,119784.53,96549.97
600827,2026-09-23,7.79,-0.002561,117877.0,92522.595
600828,2026-09-23,4.4,-0.047618999999999995,346607.0,154850.779
600829,2026-09-23,9.69,-0.040594,119677.0,117567.774
600830,2026-09-23,8.46,-0.020833,115158.54,97758.981
600831,2026-09-23,3.34,-0.026239,159420.0,53282.175
600833,2026-09-23,10.71,-0.014719,41604.01,44538.264
600834,2026-09-23,7.58,-0.00915,17896.0,13694.17
600835,2026-09-23,18.88,0.030005,102300.96,190409.023
600838,2026-09-23,8.56,-0.004651,143377.0,122577.98
600839,2026-09-23,6.62,-0.013413,329487.98,218995.792
600841,2026-09-23,5.72,-0.020548,91638.0,52836.339
600843,2026-09-23,7.61,0.099711,255006.24,193088.616
600844,2026-09-23,3.3,-0.035088,364063.01,120847.519
600845,2026-09-23,18.34,-0.005961999999999999,153206.02,281740.986
600846,2026-09-23,10.96,0.009208,20270.63,22167.079
600847,2026-09-23,12.87,-0.035955,64505.07,83921.153
600848,2026-09-23,8.72,0.004608,93796.0,82110.498
600850,2026-09-23,14.16,-0.002114,72364.65,102701.222
600851,2026-09-23,8.39,-0.015258,54516.0,45883.308
600853,2026-09-23,3.26,-0.003058,76712.36,25110.44
600854,2026-09-23,4.72,0.002123,44269.0,20946.562
600855,2026-09-23,12.86,-0.022053,61870.0,80142.112
600857,2026-09-23,22.48,-0.072607,152714.27,355777.065
600858,2026-09-23,4.91,-0.018000000000000002,66952.0,33080.366
600859,2026-09-23,9.84,-0.0060609999999999995,109639.75,108667.014
600860,2026-09-23,7.56,-0.016905,63982.0,48790.194
600861,2026-09-23,12.71,-0.005476999999999999,8584.01,10920.366
600862,2026-09-23,17.97,-0.010463,89747.0,162091.61
600863,2026-09-23,4.61,-0.027426,830085.3,385535.012
600864,2026-09-23,5.82,-0.006826,376752.53,218576.829
600865,2026-09-23,11.08,-0.040693,365756.99,409394.579
600866,2026-09-23,4.17,-0.007143,104425.7,43661.994
600867,2026-09-23,7.85,-0.002541,105939.0,83573.321
600868,2026-09-23,2.73,-0.021505,341634.46,93797.215
600869,2026-09-23,21.03,-0.045392999999999996,1807030.47,3833646.388
600871,2026-09-23,2.12,-0.031963,1371737.02,293077.56
600872,2026-09-23,17.39,0.002305,83258.4,145136.948
600873,2026-09-23,7.44,-0.009321000000000001,131405.0,98453.24
600874,2026-09-23,5.46,-0.012658,73489.0,40288.918
600875,2026-09-23,23.81,-0.021373000000000003,262670.61,628701.794
600876,2026-09-23,7.87,-0.028395,194710.77,157648.228
600877,2026-09-23,12.12,-0.001647,91874.01,110945.752
600879,2026-09-23,14.3,-0.021888,471805.66,677828.796
600880,2026-09-23,4.41,-0.086957,981173.53,442587.186
600881,2026-09-23,1.88,-0.015707,1255842.0,237422.17
600882,2026-09-23,19.21,-0.018396,25326.33,48907.233
600883,2026-09-23,8.16,0.004926,32007.72,26038.976
600884,2026-09-23,11.92,0.058615,963795.37,1142752.225
600885,2026-09-23,33.3,-0.014793,83463.16,279448.894
600886,2026-09-23,14.57,0.018881,249499.48,360817.1
600887,2026-09-23,26.92,0.005603,411392.7,1109294.055
600888,2026-09-23,10.06,-0.014691000000000001,302904.5,306440.894
600889,2026-09-23,13.7,0.021626,19456.0,26441.4
600892,2026-09-23,4.16,-0.037037,481693.99,201512.779
600893,2026-09-23,39.56,-0.00227,219514.72,865054.415
600894,2026-09-23,7.75,0.009115,155070.73,120717.719
600895,2026-09-23,28.76,-0.016752,161143.48,467383.897
600897,2026-09-23,15.05,-0.00791,12415.0,18761.407
600900,2026-09-23,28.08,0.002141,717135.06,2011921.165
600901,2026-09-23,6.67,-0.013314,183989.86,123296.089
600903,2026-09-23,6.64,-0.036284000000000004,461498.66,310764.351
600905,2026-09-23,3.64,0.0,535700.01,195376.107
600906,2026-09-23,6.46,-0.0015459999999999998,133694.38,86311.253
600908,2026-09-23,5.75,-0.0034660000000000003,116389.72,66889.925
600909,2026-09-23,8.09,-0.007362,531900.64,431026.876
600916,2026-09-23,7.36,-0.009421,129450.44,95587.357
600917,2026-09-23,4.81,-0.018367,57194.0,27684.849
600918,2026-09-23,5.51,-0.007207,213375.43,117922.579
600919,2026-09-23,12.07,-0.0016539999999999999,571516.16,689784.072
600925,2026-09-23,4.06,-0.019323999999999997,98687.0,40328.66
600926,2026-09-23,17.14,0.003513,229063.45,391329.082
600927,2026-09-23,12.34,-0.009630999999999999,27369.0,33934.722
600928,2026-09-23,3.5,-0.002849,147371.0,51610.507
600929,2026-09-23,6.11,-0.028617,410351.26,254589.246
600930,2026-09-23,3.9,-0.015152,1001381.91,392229.581
600933,2026-09-23,13.89,-0.005013999999999999,138025.95,190848.687
600935,2026-09-23,2.31,-0.017020999999999998,228706.99,53035.877
600936,2026-09-23,4.35,-0.03118,409972.99,179685.323
600938,2026-09-23,32.29,-0.024176000000000003,289774.69,942026.097
600939,2026-09-23,2.61,-0.007605,161028.0,42631.164
600941,2026-09-23,96.4,-0.000518,43671.72,421524.682
600955,2026-09-23,12.58,-0.000794,19501.48,24501.755
600956,2026-09-23,7.04,-0.019499,68999.8,48909.808
600958,2026-09-23,8.93,-0.004459,190157.55,170268.429
600959,2026-09-23,3.09,-0.019048,239500.83,74547.864
600960,2026-09-23,3.92,-0.005076000000000001,79199.0,31139.277
600961,2026-09-23,24.47,-0.018058,185127.55,455045.517
600962,2026-09-23,26.35,-0.034799000000000004,90077.25,239640.427
600963,2026-09-23,3.41,-0.033993999999999996,313296.0,108961.378
600965,2026-09-23,2.69,-0.021818,37843.31,10295.185
600966,2026-09-23,4.88,-0.018109,70158.0,34484.975
600967,2026-09-23,12.94,-0.038633,550790.87,719356.902
600968,2026-09-23,3.85,-0.015345,299191.88,115754.419
600969,2026-09-23,9.8,-0.037328,102101.39,100851.331
600970,2026-09-23,7.61,0.001316,111149.3,84722.022
600971,2026-09-23,8.38,-0.012956,92142.8,77670.473
600973,2026-09-23,5.91,-0.0199,162626.2,96440.774
600975,2026-09-23,5.16,-0.024575,180402.02,93823.095
600976,2026-09-23,27.02,-0.0069830000000000005,8322.0,22517.531
600977,2026-09-23,13.5,-0.00369,225876.57,303452.296
600979,2026-09-23,3.88,-0.020202,269134.23,105016.03
600980,2026-09-23,19.54,-0.013130999999999999,25740.1,50319.674
600981,2026-09-23,2.39,-0.020492,161879.0,39204.323
600982,2026-09-23,4.85,-0.035785,328450.0,160412.752
600983,2026-09-23,7.54,0.012081,27463.02,20833.473
600984,2026-09-23,3.46,-0.017044999999999998,172387.4,60035.632
600985,2026-09-23,16.61,-0.0077659999999999995,78163.57,129827.821
600986,2026-09-23,7.06,-0.04465499999999999,616001.31,440323.899
600987,2026-09-23,6.33,-0.00315,24597.11,15593.069
600988,2026-09-23,42.5,0.0023580000000000003,258764.81,1104505.212
600989,2026-09-23,22.58,-0.027143,554548.06,1256260.927
600990,2026-09-23,17.91,-0.008853999999999999,15861.0,28400.753
600992,2026-09-23,10.19,-0.008754999999999999,110513.0,113265.225
600993,2026-09-23,22.46,-0.003991,16794.55,37885.279
600995,2026-09-23,11.99,-0.004979,61902.0,74497.508
600996,2026-09-23,6.85,-0.026989,149202.92,102900.024
600997,2026-09-23,5.13,-0.024714999999999997,93291.0,48324.099
600998,2026-09-23,4.89,0.004107,376287.98,183377.145
600999,2026-09-23,17.83,-0.009994,244342.74,437240.285
601000,2026-09-23,4.32,-0.009174,296171.91,128581.901
601001,2026-09-23,18.05,-0.012582,123473.62,223995.721
601002,2026-09-23,5.19,-0.001923,59218.0,30838.131
601003,2026-09-23,3.52,-0.019499,366865.68,132483.416
601005,2026-09-23,1.23,0.016529000000000002,1726568.95,213284.894
601006,2026-09-23,4.69,-0.004246,729399.2,342663.718
601007,2026-09-23,6.78,-0.004405,54504.3,37017.855
601008,2026-09-23,4.35,-0.018059000000000002,112514.0,49123.303
601009,2026-09-23,11.73,-0.003398,340487.03,400041.397
601010,2026-09-23,1.46,-0.006803,117558.0,17095.573
601011,2026-09-23,2.88,-0.043189000000000005,469664.25,136862.15
601012,2026-09-23,11.41,0.002636,627389.66,719901.435
601015,2026-09-23,3.5,-0.06666699999999999,945005.31,337308.392
601016,2026-09-23,3.28,-0.017964,948790.55,312471.841
601018,2026-09-23,3.4,-0.005848,377734.34,128458.765
601019,2026-09-23,6.99,0.0,109638.0,76312.892
601020,2026-09-23,22.14,0.050285,414994.91,898611.569
601021,2026-09-23,41.94,0.001433,50721.28,213370.18
601022,2026-09-23,8.46,-0.010526,73070.0,61906.551
601026,2026-09-23,15.35,-0.0051849999999999995,45039.81,69238.931
601033,2026-09-23,14.25,-0.0007009999999999999,18186.0,25962.082
601038,2026-09-23,13.89,0.008715,108675.0,150656.186
601058,2026-09-23,13.92,0.012364,300931.59,418283.708
601061,2026-09-23,11.35,-0.021551999999999998,114328.0,130756.232
601065,2026-09-23,6.73,-0.004438,22920.99,15437.152
601066,2026-09-23,23.67,-0.004207,69193.99,163943.828
601068,2026-09-23,4.5,0.022727,371968.77,167749.73
601069,2026-09-23,26.79,-0.004459,86585.25,232552.822
601077,2026-09-23,6.54,-0.006079,437666.3,285799.034
601083,2026-09-23,12.78,0.002353,64138.0,82366.622
601086,2026-09-23,17.02,-0.062775,856688.98,1477716.44
601088,2026-09-23,47.21,-0.006313999999999999,132385.2,627168.313
601089,2026-09-23,16.29,-0.009726,32354.0,53170.229
601091,2026-09-23,30.0,-0.210111,1179924.62,3891473.193
601096,2026-09-23,4.08,-0.014493,133806.0,54859.671
601098,2026-09-23,10.36,-0.019868,75970.0,79107.498
601099,2026-09-23,3.54,-0.008403,1077953.25,382995.899
601100,2026-09-23,91.6,-0.008551,63479.26,583296.29
601101,2026-09-23,13.25,-0.024300000000000002,131251.55,175493.581
601106,2026-09-23,2.94,-0.016722,713515.84,210972.898
601107,2026-09-23,6.01,0.005017000000000001,60855.76,36490.007
601108,2026-09-23,8.56,-0.004651,304131.51,261297.526
601111,2026-09-23,5.96,0.005059,637868.11,381044.934
601112,2026-09-23,16.42,-0.021454,64116.72,106135.417
601113,2026-09-23,3.52,0.008596,114290.75,40420.04
601116,2026-09-23,10.21,-0.021093,105176.9,108231.843
601117,2026-09-23,7.16,-0.009682,278918.75,200378.915
601118,2026-09-23,6.66,0.018349,1075387.93,706906.758
601121,2026-09-23,7.26,0.005540000000000001,66372.15,48045.087
601123,2026-09-23,18.09,-0.027419,326361.88,587117.177
601126,2026-09-23,39.5,-0.017168000000000003,137420.8,544601.98
601127,2026-09-23,47.2,-0.012139,174531.18,832063.249
601128,2026-09-23,6.19,-0.0096,394823.87,244805.496
601133,2026-09-23,26.02,0.043722000000000004,302905.64,777666.093
601136,2026-09-23,14.52,-0.000688,106254.61,155042.741
601137,2026-09-23,20.49,0.00688,71640.38,146868.584
601138,2026-09-23,62.98,-0.005055,424121.79,2676609.035
601139,2026-09-23,6.23,-0.007962,106929.25,66703.489
601155,2026-09-23,12.95,0.002322,294597.3,385536.075
601156,2026-09-23,18.4,0.014892,48414.07,88750.52
601158,2026-09-23,3.99,-0.0025,47395.1,18989.027
601162,2026-09-23,3.67,-0.013441000000000002,1074420.68,397395.563
601163,2026-09-23,12.43,-0.004804,13758.99,17140.832
601166,2026-09-23,17.87,-0.001118,398446.39,712722.077
601168,2026-09-23,36.81,0.001088,280073.32,1033577.98
601169,2026-09-23,5.47,-0.009058,1150423.08,630803.878
601177,2026-09-23,13.73,0.002922,44460.24,60929.959
601179,2026-09-23,12.0,-0.013969,441789.53,531655.917
601186,2026-09-23,6.03,-0.001656,270313.66,163413.362
601187,2026-09-23,6.93,-0.014225000000000002,177941.15,123436.482
601188,2026-09-23,2.84,-0.010452999999999999,114233.3,32578.499
601199,2026-09-23,6.61,-0.010479,152648.83,100962.308
601200,2026-09-23,6.82,-0.00438,42989.51,29416.354
601208,2026-09-23,55.0,0.053842,982377.54,5365200.236
601211,2026-09-23,17.67,-0.0022589999999999997,416780.75,735708.607
601212,2026-09-23,6.04,-0.00821,1749743.66,1068335.118
601216,2026-09-23,4.51,-0.008791,467193.13,210494.876
601218,2026-09-23,5.0,-0.049429999999999995,1052134.97,529534.897
601222,2026-09-23,5.97,0.001678,132761.0,79309.505
601225,2026-09-23,25.68,-0.013446,224380.84,577137.983
601226,2026-09-23,6.68,-0.010369999999999999,95636.0,63983.971
601228,2026-09-23,3.03,-0.009804,194495.61,59140.208
601229,2026-09-23,9.47,-0.006296,343730.83,325525.126
601231,2026-09-23,26.94,0.0018590000000000002,242490.69,652040.907
601233,2026-09-23,24.08,0.0066890000000000005,151839.36,365314.595
601236,2026-09-23,7.01,-0.007082000000000001,246883.54,173766.065
601279,2026-09-23,3.5,0.002865,108424.67,37880.693
601288,2026-09-23,6.83,-0.007267,3122237.4,2125706.149
601298,2026-09-23,9.69,-0.008187999999999999,53009.2,51625.994
601311,2026-09-23,7.43,-0.001344,63802.41,47359.345
601318,2026-09-23,53.87,-0.010834,396792.22,2146103.41
601319,2026-09-23,8.07,-0.01224,487768.13,394441.378
601326,2026-09-23,3.5,0.0057469999999999995,149393.97,52178.531
601328,2026-09-23,7.52,-0.003974,1026120.58,771798.823
601330,2026-09-23,8.0,-0.023199,115847.0,92786.134
601333,2026-09-23,3.05,0.009934,664335.09,201485.014
601336,2026-09-23,57.88,-0.013633,83832.47,487036.123
601339,2026-09-23,7.2,0.005587,59801.32,43224.732
601360,2026-09-23,9.03,-0.01634,803057.29,723683.467
601366,2026-09-23,3.57,-0.019231,105938.36,38192.188
601368,2026-09-23,4.51,0.002222,20844.0,9370.984
601369,2026-09-23,8.95,-0.004449,113017.52,102012.1
601375,2026-09-23,4.0,-0.009901,251830.0,101270.753
601377,2026-09-23,5.92,-0.008375,415434.8,246519.781
601388,2026-09-23,3.19,-0.018462,256736.83,82232.527
601390,2026-09-23,4.29,-0.00464,760294.05,327883.916
601398,2026-09-23,8.09,-0.003695,1880660.56,1517985.288
601399,2026-09-23,3.09,-0.022151999999999998,762594.39,236932.744
601456,2026-09-23,8.65,-0.0046029999999999995,86226.25,74733.607
601500,2026-09-23,3.91,0.005141,100458.72,39159.37
601512,2026-09-23,8.49,0.0,28226.49,24174.498
601515,2026-09-23,3.24,-0.015198,117020.07,37990.439
601518,2026-09-23,2.76,-0.00361,86904.04,24058.192
601519,2026-09-23,8.9,-0.018743,328059.32,292780.953
601528,2026-09-23,5.0,0.008065,114509.6,57098.277
601555,2026-09-23,8.26,-0.009592,177157.84,146939.718
601566,2026-09-23,9.05,-0.026882000000000003,140605.0,127802.72
601567,2026-09-23,14.77,0.011644000000000002,207640.26,306419.882
601568,2026-09-23,3.6,-0.016393,146145.19,53131.591
601577,2026-09-23,9.69,-0.001031,136009.59,131975.007
601579,2026-09-23,36.75,-0.018954,693005.23,2679425.095
601588,2026-09-23,1.79,0.0,605777.49,109777.79
601595,2026-09-23,23.53,-0.045049,110335.31,260055.482
601598,2026-09-23,6.48,0.0062109999999999995,80572.8,52166.719
601599,2026-09-23,3.21,-0.021341000000000002,182913.0,58907.673
601600,2026-09-23,9.12,-0.016181,1449650.78,1329182.904
601601,2026-09-23,31.61,-0.016796,297016.02,944006.607
601606,2026-09-23,32.07,-0.031118,225240.53,727263.859
601607,2026-09-23,16.06,0.001247,69101.2,111113.405
601608,2026-09-23,4.6,-0.014988999999999999,247816.96,114511.741
601609,2026-09-23,12.79,-0.034717,519603.02,665575.57
601611,2026-09-23,10.26,-0.015355,134475.33,138435.747
601615,2026-09-23,9.72,0.003096,270972.01,263586.86
601616,2026-09-23,3.76,-0.025907,113561.56,42962.477
601618,2026-09-23,2.55,-0.003906,738386.89,189947.143
601619,2026-09-23,4.01,-0.007426,231546.77,93000.294
601628,2026-09-23,38.6,-0.002326,147940.14,570992.47
601633,2026-09-23,14.11,-0.0014149999999999998,136966.72,193846.083
601636,2026-09-23,5.71,0.005282,846839.7,490460.193
601658,2026-09-23,5.32,-0.0018759999999999998,1154291.0,613832.254
601665,2026-09-23,6.88,0.008798,377696.3,258991.586
601666,2026-09-23,8.83,-0.027533,226433.0,202051.074
601668,2026-09-23,4.28,-0.004651,2151412.2,927867.438
601669,2026-09-23,4.59,-0.004338,458834.0,211319.776
601677,2026-09-23,16.75,-0.018171,205716.43,347372.095
601678,2026-09-23,5.96,-0.014876,445484.92,265515.209
601686,2026-09-23,5.02,-0.005940999999999999,43444.38,21922.672
601688,2026-09-23,18.35,-0.006497,353532.09,650052.966
601689,2026-09-23,45.89,0.003938,162677.43,745158.698
601696,2026-09-23,11.28,-0.009658,189494.13,214715.218
601698,2026-09-23,23.57,-0.017917000000000002,156173.06,369450.909
601699,2026-09-23,15.38,-0.023492000000000002,150292.22,233198.141
601700,2026-09-23,6.31,-0.065185,778177.96,500174.45
601702,2026-09-23,15.28,-0.02114,38951.88,60114.962
601717,2026-09-23,13.57,-0.005861,92833.79,126154.658
601718,2026-09-23,1.95,-0.015152,102694.0,20161.114
601727,2026-09-23,6.65,-0.004491,514157.01,341826.306
601728,2026-09-23,6.1,-0.0032679999999999996,540532.92,330897.774
601766,2026-09-23,5.92,-0.010033,993646.37,592307.957
601777,2026-09-23,7.71,-0.008997,134568.53,104555.91
601778,2026-09-23,3.43,-0.028329,829942.95,287571.377
601788,2026-09-23,13.96,-0.007112,86726.34,121382.637
601789,2026-09-23,4.36,0.023474,590146.27,255245.396
601798,2026-09-23,7.55,-0.00527,25533.0,19307.622
601799,2026-09-23,70.81,-0.007707,28006.85,199201.87
601800,2026-09-23,5.86,0.0,178302.61,104742.249
601801,2026-09-23,5.46,-0.063465,523844.01,289015.268
601808,2026-09-23,12.12,-0.008994,88081.5,106767.867
601811,2026-09-23,18.5,0.099881,166324.89,306609.578
601816,2026-09-23,4.71,-0.006329,871484.27,411772.827
601818,2026-09-23,3.0,-0.003322,1089114.15,327179.05
601825,2026-09-23,8.88,0.0,200117.0,176849.134
601827,2026-09-23,7.86,0.002551,34025.0,26777.57
601828,2026-09-23,2.19,-0.00905,616085.3,137127.666
601838,2026-09-23,18.85,-0.007372,120777.61,227441.709
601857,2026-09-23,10.71,-0.007414,855474.61,917859.421
601858,2026-09-23,21.36,-0.01385,88932.0,190509.908
601860,2026-09-23,2.55,-0.003906,422919.0,108049.71
601865,2026-09-23,9.38,0.002137,93702.76,88442.049
601866,2026-09-23,2.42,-0.012244999999999999,481375.01,117185.829
601868,2026-09-23,2.41,-0.00823,1756553.63,426433.553
601869,2026-09-23,457.89,0.002825,104920.15,4796508.102
601872,2026-09-23,20.78,-0.032588,1215226.23,2525525.89
601877,2026-09-23,25.18,-0.008270999999999999,81472.93,206048.789
601878,2026-09-23,9.14,0.0,133167.88,121810.212
601880,2026-09-23,1.46,0.0,519941.39,75899.681
601881,2026-09-23,12.09,-0.007389,132863.48,161158.334
601882,2026-09-23,23.93,0.02265,58109.46,138579.733
601886,2026-09-23,13.64,0.018671,112463.57,151843.943
601888,2026-09-23,52.19,-0.0015310000000000002,133483.11,699027.336
601890,2026-09-23,9.34,-0.040082000000000007,455513.61,429682.687
601898,2026-09-23,13.92,-0.021785000000000002,179105.17,250259.889
601899,2026-09-23,31.41,0.0,1029596.49,3240525.743
601900,2026-09-23,12.57,-0.008675,194566.0,241911.116
601901,2026-09-23,6.87,-0.004348,226073.92,155716.254
601908,2026-09-23,2.94,-0.010101,265176.26,78247.764
601916,2026-09-23,2.86,-0.0069440000000000005,931704.0,267512.146
601918,2026-09-23,10.87,-0.007306,224350.04,243774.524
601919,2026-09-23,16.36,-0.012077,473492.79,775272.798
601921,2026-09-23,7.64,-0.006502,97237.06,74629.114
601928,2026-09-23,8.28,-0.022431999999999997,138025.51,114728.606
601929,2026-09-23,2.4,-0.055118,1484164.14,362080.765
601933,2026-09-23,3.01,-0.01634,782660.22,237056.373
601939,2026-09-23,10.83,-0.008242000000000001,846842.25,915953.308
601949,2026-09-23,6.12,-0.075529,1265344.39,780349.408
601952,2026-09-23,9.36,-0.019895,198046.0,185773.397
601956,2026-09-23,4.95,0.006098,44475.8,21970.488
601958,2026-09-23,20.7,-0.013816,145446.38,301650.858
601963,2026-09-23,10.81,-0.010979000000000001,64860.62,70245.664
601965,2026-09-23,13.26,0.020785,75672.03,99596.761
601966,2026-09-23,10.55,0.005719999999999999,67250.26,71100.282
601968,2026-09-23,4.47,0.002242,49211.0,22118.841
601969,2026-09-23,9.11,-0.025668000000000003,100541.49,92341.245
601975,2026-09-23,4.42,-0.034934,1831626.54,810836.114
601985,2026-09-23,8.85,-0.001129,604836.02,535582.665
601988,2026-09-23,6.58,-0.010526,2367084.92,1553552.29
601990,2026-09-23,6.7,-0.005935,110068.83,73977.778
601991,2026-09-23,5.41,-0.028725,2062345.67,1122875.841
601992,2026-09-23,1.42,0.007092,978923.0,140907.583
601995,2026-09-23,32.65,0.02673,472137.19,1546556.175
601996,2026-09-23,2.99,-0.003333,232976.0,69188.452
601997,2026-09-23,5.52,-0.00361,260171.79,143744.298
601998,2026-09-23,9.05,0.001106,351634.59,317355.832
601999,2026-09-23,6.9,-0.040334,380584.51,266899.767
603000,2026-09-23,17.09,-0.017251000000000002,201159.0,345504.414
603001,2026-09-23,12.12,0.043029000000000005,250725.5,298841.67
603002,2026-09-23,20.11,0.015657,850132.0,1710558.277
603004,2026-09-23,19.18,0.006824,13237.0,25285.963
603005,2026-09-23,30.25,-0.002309,219648.51,664042.644
603006,2026-09-23,10.8,-0.007352999999999999,17110.0,18475.922
603007,2026-09-23,4.59,-0.025478,130927.99,60475.669
603008,2026-09-23,10.1,-0.008832,67033.01,67695.782
603009,2026-09-23,48.15,-0.00783,57290.01,277260.983
603010,2026-09-23,12.45,-0.004,55641.59,69182.726
603011,2026-09-23,27.1,0.001478,322450.02,874485.31
603012,2026-09-23,9.11,-0.008705000000000001,92491.0,84354.27
603013,2026-09-23,14.38,0.0,15560.64,22381.182
603014,2026-09-23,31.58,0.0031769999999999997,11916.78,37686.949
603015,2026-09-23,10.4,-0.020716000000000002,35503.0,37115.366
603016,2026-09-23,32.7,0.0254,47063.0,153467.388
603017,2026-09-23,9.97,-0.006972000000000001,34866.0,34901.802
603018,2026-09-23,5.19,-0.009542,71206.57,37366.641
603019,2026-09-23,83.5,-0.013817999999999999,172288.54,1445660.914
603020,2026-09-23,13.34,-0.03543,372790.0,509730.083
603021,2026-09-23,5.24,-0.038532000000000004,83489.64,44146.943
603022,2026-09-23,8.92,-0.0011200000000000001,29333.0,26184.314
603023,2026-09-23,4.07,-0.016908,83947.0,34248.401
603025,2026-09-23,13.46,0.0,44740.88,60146.768
603026,2026-09-23,58.99,-0.013215,34976.96,206721.963
603027,2026-09-23,7.43,0.010884,155952.75,116159.985
603028,2026-09-23,7.13,0.0,34542.7,24670.033
603029,2026-09-23,16.71,-0.011243000000000001,16894.0,28211.27
603030,2026-09-23,2.06,-0.014354,307238.0,63951.088
603031,2026-09-23,40.37,-0.029334,82277.55,335409.478
603032,2026-09-23,18.36,-0.005417,25868.0,47680.12
603033,2026-09-23,7.84,-0.011349,69198.88,54613.622
603035,2026-09-23,10.35,0.0,13951.1,14446.098
603036,2026-09-23,13.66,-0.013006,32765.32,45003.009
603037,2026-09-23,10.03,-0.000996,26203.61,26296.817
603038,2026-09-23,17.39,-0.010244999999999999,69043.0,120828.661
603039,2026-09-23,37.86,-0.046348,257440.73,991812.052
603040,2026-09-23,48.68,0.036627,47581.54,229913.832
603041,2026-09-23,11.53,0.009632,30459.6,35208.412
603042,2026-09-23,17.03,-0.037853,390408.37,667632.07
603043,2026-09-23,13.09,0.000765,29249.56,38467.113
603045,2026-09-23,49.67,-0.013113,42783.7,213995.953
603048,2026-09-23,25.5,-0.007782,33491.0,86071.955
603049,2026-09-23,45.06,-0.001108,13243.24,59621.15
603050,2026-09-23,17.28,0.0,18316.03,31533.279
603051,2026-09-23,25.57,0.012673,59484.6,152159.59
603052,2026-09-23,58.74,-0.008273,35108.27,206628.558
603053,2026-09-23,8.68,-0.006865,12123.0,10565.502
603055,2026-09-23,9.26,-0.003229,37648.49,34954.459
603057,2026-09-23,18.34,-0.016621999999999998,29845.82,55551.354
603058,2026-09-23,9.09,0.006645,122858.0,113600.766
603059,2026-09-23,25.49,-0.005462,13128.0,33636.673
603060,2026-09-23,5.46,0.0,30506.5,16700.273
603061,2026-09-23,342.1,-0.00639,19750.35,676854.228
603062,2026-09-23,38.85,0.0012889999999999998,4174.0,16182.4
603063,2026-09-23,30.03,-0.0053,73661.02,221718.374
603065,2026-09-23,14.79,-0.01004,240804.0,349674.776
603066,2026-09-23,9.26,-0.010684,32480.0,30146.989
603067,2026-09-23,39.86,0.09989,455441.39,1761104.658
603068,2026-09-23,45.87,-0.047748,311465.79,1442796.801
603069,2026-09-23,13.37,-0.04089,43927.0,59516.744
603070,2026-09-23,11.45,-0.009516,13995.0,16080.05
603071,2026-09-23,12.3,-0.012048000000000001,13976.0,17273.623
603072,2026-09-23,30.85,-0.0067610000000000005,12903.49,39863.272
603073,2026-09-23,18.1,0.042627,39686.32,71723.578
603075,2026-09-23,20.49,0.027583000000000003,47431.06,96371.597
603076,2026-09-23,20.38,-0.00049,17758.41,36140.98
603077,2026-09-23,2.25,-0.013158000000000001,960997.93,216624.893
603078,2026-09-23,32.71,0.0061519999999999995,111349.54,363746.403
603079,2026-09-23,13.28,-0.012639000000000001,31509.96,41981.259
603080,2026-09-23,19.9,-0.004502,13146.0,26122.355
603081,2026-09-23,9.46,-0.00211,20820.0,19822.767
603082,2026-09-23,48.99,-0.050580999999999994,94245.43,469446.693
603083,2026-09-23,218.17,-0.00379,152771.12,3332242.572
603085,2026-09-23,9.82,0.001019,37332.8,36590.789
603086,2026-09-23,5.82,-0.015227999999999998,62595.0,36499.276
603087,2026-09-23,74.56,0.054745999999999996,165358.99,1211726.642
603088,2026-09-23,10.36,-0.007663,43273.27,44998.637
603089,2026-09-23,9.77,0.012435,37618.02,36428.198
603090,2026-09-23,39.08,-0.015121,31838.52,124979.171
603091,2026-09-23,47.75,-0.008101,6245.4,29971.415
603092,2026-09-23,43.75,0.001603,12471.0,54450.513
603093,2026-09-23,13.6,-0.011628000000000001,131014.45,178515.979
603095,2026-09-23,14.76,0.009576,74603.8,110453.68
603096,2026-09-23,15.92,-0.012407,16742.0,26697.147
603097,2026-09-23,18.55,0.005965000000000001,13530.78,24922.772
603098,2026-09-23,10.74,-0.003711,25793.66,27651.512
603099,2026-09-23,40.49,0.013009999999999999,143557.48,584804.415
603100,2026-09-23,18.71,0.019619,44593.25,83205.859
603101,2026-09-23,7.36,-0.019973,44312.0,32812.421
603102,2026-09-23,37.65,0.010466999999999999,13963.92,52399.203
603103,2026-09-23,16.27,-0.013939,41981.27,68256.764
603105,2026-09-23,8.19,-0.039859,235723.03,194386.066
603106,2026-09-23,7.36,-0.044156,149614.0,111071.179
603107,2026-09-23,12.19,0.0,15055.61,18358.29
603108,2026-09-23,10.0,-0.016715999999999998,115201.44,115908.04
603109,2026-09-23,17.45,0.008088,15009.0,26183.219
603110,2026-09-23,25.1,-0.011811,69453.0,174169.1
603111,2026-09-23,6.08,-0.006535999999999999,33873.5,20654.811
603112,2026-09-23,17.61,-0.001701,81675.21,143870.761
603113,2026-09-23,4.9,-0.016064000000000002,110381.0,54282.962
603115,2026-09-23,77.1,-0.08399699999999999,143020.5,1129095.347
603116,2026-09-23,6.75,0.007463,64001.35,43136.171
603117,2026-09-23,3.87,-0.025189,84470.0,33130.755
603118,2026-09-23,18.34,0.007692,883517.43,1609683.907
603119,2026-09-23,56.61,0.005864,102579.09,581723.758
603120,2026-09-23,60.09,-0.024512999999999997,40450.15,244969.628
603121,2026-09-23,12.64,0.0,46078.56,57832.776
603122,2026-09-23,13.57,-0.023740999999999998,357689.49,489834.341
603123,2026-09-23,9.56,-0.060904,377074.35,365196.174
603124,2026-09-23,145.0,0.099985,74028.45,1025805.762
603125,2026-09-23,24.52,0.031118999999999997,127609.09,310098.22
603126,2026-09-23,6.35,-0.00626,54190.37,34542.284
603127,2026-09-23,47.77,0.035776,499563.15,2397503.909
603128,2026-09-23,5.25,-0.015009,127315.21,67205.42
603129,2026-09-23,296.97,-0.03065,11893.0,355108.042
603130,2026-09-23,38.71,0.009387,7814.85,30184.807
603131,2026-09-23,13.95,-0.000716,38725.8,54078.473
603132,2026-09-23,18.78,0.000533,36239.88,68018.135
603135,2026-09-23,8.88,0.0056630000000000005,52603.6,46442.715
603136,2026-09-23,9.19,-0.013948,81724.25,75574.858
603137,2026-09-23,20.06,-0.030918,168043.02,340925.892
603138,2026-09-23,15.04,-0.024009999999999997,158647.95,239560.878
603139,2026-09-23,36.57,0.0008210000000000001,25088.0,92719.524
603150,2026-09-23,75.98,0.034304,42546.96,321350.671
603151,2026-09-23,18.31,0.011602,44319.92,80933.117
603153,2026-09-23,13.41,0.0037430000000000002,21733.83,29406.631
603155,2026-09-23,15.58,0.018967,155837.84,241386.727
603156,2026-09-23,45.2,0.007355,115823.72,527413.767
603158,2026-09-23,10.62,-0.021198,88241.92,94400.991
603159,2026-09-23,23.44,0.038087,65477.6,152439.202
603160,2026-09-23,55.15,-0.015179,40912.4,226105.976
603161,2026-09-23,14.95,-0.022875999999999997,42857.9,64047.369
603162,2026-09-23,13.48,-0.04735,327990.95,447962.147
603163,2026-09-23,83.5,0.0032440000000000004,18981.46,158115.943
603165,2026-09-23,13.5,-0.008082,31695.0,42976.139
603166,2026-09-23,11.04,-0.001808,44621.0,49337.273
603167,2026-09-23,8.08,-0.0024690000000000003,13587.99,10984.715
603168,2026-09-23,5.86,-0.013468,71079.0,42007.694
603169,2026-09-23,6.05,-0.013051,84779.0,51532.824
603170,2026-09-23,11.96,-0.009934,20398.0,24474.449
603171,2026-09-23,40.5,-0.0311,64070.15,261654.649
603172,2026-09-23,19.82,-0.002014,23743.0,47089.061
603173,2026-09-23,29.99,0.009424,5946.99,17757.124
603175,2026-09-23,114.58,0.013265,27044.96,310901.439
603176,2026-09-23,5.3,0.00189,22670.0,12021.197
603177,2026-09-23,11.05,-0.029851000000000003,30874.0,34317.41
603178,2026-09-23,16.02,-0.01233,56509.0,90354.687
603179,2026-09-23,40.91,0.013878999999999999,149406.92,614052.507
603180,2026-09-23,15.76,-0.002532,7498.95,11857.517
603181,2026-09-23,12.84,0.010228,25576.0,32708.814
603182,2026-09-23,13.61,-0.001467,19645.0,26739.92
603183,2026-09-23,4.99,-0.011881,148027.0,73243.171
603185,2026-09-23,14.3,-0.004178,57345.92,82577.069
603186,2026-09-23,227.7,0.005298000000000001,135719.0,3103628.015
603187,2026-09-23,10.74,-0.0073939999999999995,22102.6,23841.554
603188,2026-09-23,4.54,-0.015184,88582.0,40383.268
603189,2026-09-23,9.62,-0.030242,19016.0,18517.301
603190,2026-09-23,16.38,-0.00365,9554.6,15659.331
603191,2026-09-23,13.42,-0.013234999999999999,55328.27,74494.525
603192,2026-09-23,21.9,0.041368999999999996,64060.16,138051.459
603193,2026-09-23,20.39,-0.012591000000000001,14094.0,28918.237
603194,2026-09-23,33.76,-0.005596,5527.0,18797.601
603195,2026-09-23,38.03,0.0010530000000000001,21473.23,81829.979
603196,2026-09-23,18.85,-0.012572000000000002,16054.0,30487.135
603197,2026-09-23,29.3,0.007219,17515.73,51351.108
603198,2026-09-23,39.14,0.00617,41907.4,164057.325
603199,2026-09-23,32.8,-0.0060609999999999995,7927.0,26084.322
603200,2026-09-23,39.58,0.004059,41052.0,161377.618
603201,2026-09-23,15.94,0.015934,27347.59,43347.171
603202,2026-09-23,52.87,0.011479,10744.32,56676.274
603203,2026-09-23,47.85,0.018302,101959.67,488236.605
603205,2026-09-23,21.62,-0.00962,9141.88,19844.833
603206,2026-09-23,13.91,-0.012074,32639.0,45478.896
603207,2026-09-23,24.84,-0.020118,34153.2,85334.567
603208,2026-09-23,11.28,-0.004413,21464.4,24335.11
603209,2026-09-23,14.61,-0.003411,25455.18,37279.398
603210,2026-09-23,13.64,0.006642,28026.56,38227.76
603211,2026-09-23,20.08,0.002496,32516.0,65281.068
603212,2026-09-23,11.85,-0.007538,76013.17,90494.983
603213,2026-09-23,13.76,0.003647,19152.0,26317.116
603214,2026-09-23,13.43,-0.010317,23688.0,31906.279
603215,2026-09-23,14.82,-0.027559,45449.0,67634.753
603216,2026-09-23,23.53,0.034286,186532.84,443373.202
603217,2026-09-23,28.8,0.012658,20409.0,58750.596
603218,2026-09-23,9.24,-0.009646,52026.0,48227.538
603219,2026-09-23,12.76,-0.009316999999999999,18073.0,23180.865
603220,2026-09-23,18.47,-0.015458000000000001,95896.06,177944.046
603221,2026-09-23,32.69,-0.025633,215283.27,697717.899
603222,2026-09-23,8.94,0.09963100000000001,329903.82,287170.47
603223,2026-09-23,10.01,-0.00497,32566.2,32592.11
603225,2026-09-23,17.64,-0.006197,59220.42,104638.06
603226,2026-09-23,32.59,-0.009723,119762.44,374656.027
603227,2026-09-23,7.52,-0.003974,42362.0,32021.872
603228,2026-09-23,107.45,0.012533,291727.96,3175747.744
603229,2026-09-23,8.4,0.035758,278883.79,238190.463
603230,2026-09-23,16.79,0.02943,735516.71,1192507.582
603231,2026-09-23,17.17,-0.0034820000000000003,16034.38,27495.992
603232,2026-09-23,16.99,0.047472,318220.21,530699.418
603233,2026-09-23,17.97,0.012394,84756.56,152508.714
603235,2026-09-23,25.19,0.0,2916.1,7327.819
603236,2026-09-23,74.58,-0.020617,99377.26,745141.91
603237,2026-09-23,15.17,-0.005898,16181.4,24568.933
603238,2026-09-23,12.54,0.009661999999999999,25834.45,32381.794
603239,2026-09-23,14.18,0.015759000000000002,27002.0,38239.763
603248,2026-09-23,21.49,-0.100084,231136.77,501187.872
603255,2026-09-23,32.51,-0.035025,30927.88,103786.665
603256,2026-09-23,156.8,-0.015199,306434.9,4829603.546
603257,2026-09-23,70.37,0.019855,18204.32,126786.688
603258,2026-09-23,14.05,-0.048747,96322.0,137205.04
603259,2026-09-23,167.95,0.000596,269224.45,4528482.397
603260,2026-09-23,32.9,0.0036609999999999998,53932.32,177124.186
603261,2026-09-23,52.0,-0.043238000000000006,21017.0,110733.657
603262,2026-09-23,18.61,0.025910000000000002,35534.55,65587.189
603266,2026-09-23,18.16,-0.003293,65705.99,119020.766
603267,2026-09-23,51.63,0.003499,56381.07,290964.629
603268,2026-09-23,215.32,-0.016804,54060.0,1176287.313
603269,2026-09-23,26.88,-0.0014860000000000001,159979.44,427980.012
603270,2026-09-23,37.37,0.013286,61225.82,228404.744
603271,2026-09-23,39.59,-0.019563999999999998,11540.58,45798.428
603272,2026-09-23,16.1,-0.035928,32378.0,53703.947
603273,2026-09-23,14.73,0.0,13146.0,19399.309
603275,2026-09-23,37.05,0.0073409999999999994,5079.0,18779.107
603276,2026-09-23,18.34,0.009911999999999999,35016.4,63768.273
603277,2026-09-23,11.56,0.013146,21657.1,24921.327
603278,2026-09-23,8.91,-0.016556,54314.0,48400.491
603279,2026-09-23,11.22,0.003578,37530.7,42051.679
603280,2026-09-23,26.75,0.031225999999999997,20953.0,55228.818
603281,2026-09-23,19.72,0.043385999999999994,81244.19,158352.122
603282,2026-09-23,17.35,0.020588000000000002,15546.0,26820.096
603283,2026-09-23,46.9,0.022900999999999998,128618.08,599631.308
603284,2026-09-23,42.0,0.015719,15814.13,65909.346
603285,2026-09-23,38.19,-0.002872,27907.49,106196.831
603286,2026-09-23,45.97,0.054116,56225.0,256319.357
603288,2026-09-23,34.27,-0.000583,94024.89,323115.521
603289,2026-09-23,11.16,0.009955,162423.7,179697.575
603290,2026-09-23,88.03,0.010213000000000002,37845.91,332537.503
603291,2026-09-23,8.9,-0.005587,40769.23,35998.655
603293,2026-09-23,36.79,-0.014202,11675.4,43247.735
603296,2026-09-23,79.89,-0.0005,88216.67,707146.401
603297,2026-09-23,115.58,0.0017330000000000002,8584.46,99808.007
603298,2026-09-23,23.29,-0.006823,48708.81,114670.706
603299,2026-09-23,8.76,0.001143,28578.0,25104.938
603300,2026-09-23,4.59,-0.019231,254029.0,117363.259
603301,2026-09-23,80.95,0.012001999999999999,21972.14,174937.983
603303,2026-09-23,29.35,-0.005084999999999999,31362.88,92041.879
603305,2026-09-23,11.22,-0.004437,114502.02,128373.247
603306,2026-09-23,83.29,-0.001917,77029.28,639761.691
603307,2026-09-23,26.43,0.032019,14486.77,37798.694
603308,2026-09-23,40.15,-0.021448000000000002,215290.32,864153.038
603309,2026-09-23,11.05,-0.000904,16249.84,17966.67
603310,2026-09-23,14.88,0.0026950000000000003,12547.0,18590.498
603311,2026-09-23,25.46,-0.014705999999999999,29220.0,74712.701
603312,2026-09-23,31.8,-0.0046949999999999995,3406.75,10789.719
603313,2026-09-23,6.57,-0.054676,246626.16,165215.665
603315,2026-09-23,11.04,0.005464,64956.0,72186.765
603316,2026-09-23,17.27,-0.052141,401668.65,701966.642
603317,2026-09-23,12.8,-0.003891,59225.45,76378.605
603318,2026-09-23,8.98,-0.041622000000000006,376787.97,343127.286
603319,2026-09-23,31.2,-0.017632000000000002,114935.76,360694.604
603320,2026-09-23,18.36,-0.015021,16221.0,30092.506
603321,2026-09-23,7.06,-0.038147,133144.0,94973.731
603322,2026-09-23,32.36,-0.011908,45127.31,147245.853
603323,2026-09-23,4.38,-0.004545,224882.95,98667.718
603324,2026-09-23,26.98,0.010865,19663.4,52889.732
603325,2026-09-23,53.52,0.014982,2960.99,15762.623
603326,2026-09-23,7.56,-0.011765000000000001,38832.4,29374.433
603327,2026-09-23,8.38,-0.014117999999999999,113418.09,95558.9
603328,2026-09-23,15.2,0.099855,661002.43,971213.427
603329,2026-09-23,10.09,-0.007866,16484.4,16690.256
603330,2026-09-23,9.86,-0.020853999999999998,290370.88,287521.941
603331,2026-09-23,12.62,-0.022463,27014.0,34241.874
603332,2026-09-23,12.1,0.015953,36141.0,43390.529
603333,2026-09-23,9.43,-0.001059,61385.0,57798.672
603334,2026-09-23,32.17,-0.004949,8271.14,26669.544
603335,2026-09-23,6.22,-0.011129,54925.23,34370.261
603336,2026-09-23,10.61,-0.024815999999999998,184675.83,197386.995
603337,2026-09-23,37.65,0.004804,23727.38,89494.23
603338,2026-09-23,54.28,0.013632,29737.34,160873.479
603339,2026-09-23,12.75,-0.013158000000000001,61404.26,78633.15
603341,2026-09-23,38.43,-0.022136999999999997,132526.2,511083.329
603344,2026-09-23,22.52,-0.055765,44000.27,100483.593
603345,2026-09-23,79.48,-0.00226,36198.34,290225.31
603348,2026-09-23,14.41,0.0013900000000000002,23297.0,33795.14
603350,2026-09-23,28.4,0.006735,3552.0,10069.297
603351,2026-09-23,27.55,-0.016071,19913.0,55202.708
603352,2026-09-23,25.79,0.002332,7088.65,18251.595
603353,2026-09-23,46.23,-0.065872,101469.5,480356.643
603355,2026-09-23,32.38,-0.00185,51515.58,167167.438
603356,2026-09-23,17.38,0.016969,47462.93,83501.352
603357,2026-09-23,5.96,0.001681,23686.94,14150.338
603358,2026-09-23,46.43,0.0028079999999999997,63346.48,293816.627
603359,2026-09-23,2.18,-0.031111,71838.0,15866.764
603360,2026-09-23,12.84,-0.011547,65485.0,84544.607
603363,2026-09-23,2.86,-0.023891,270278.0,77783.764
603365,2026-09-23,16.06,-0.00803,14957.08,24062.663
603366,2026-09-23,7.33,-0.009459,159195.0,117018.894
603367,2026-09-23,14.48,-0.008218999999999999,56790.0,82758.486
603368,2026-09-23,15.24,-0.013592,31834.42,48774.027
603369,2026-09-23,27.26,-0.038448,173269.14,482625.608
603370,2026-09-23,27.44,-0.006516999999999999,13981.67,38537.439
603373,2026-09-23,47.96,0.1,35862.17,165873.876
603375,2026-09-23,44.77,-0.075382,86511.19,396655.758
603376,2026-09-23,27.23,-0.006567,12606.0,34507.098
603377,2026-09-23,3.17,-0.021605,42455.0,13455.157
603378,2026-09-23,4.9,-0.077213,243647.81,121128.99
603379,2026-09-23,51.31,-0.008694,63443.6,323552.468
603380,2026-09-23,35.66,0.008769,24732.83,88270.359
603381,2026-09-23,15.08,0.006004000000000001,27857.01,42084.067
603382,2026-09-23,18.97,0.0015840000000000001,16559.62,31402.906
603383,2026-09-23,27.18,-0.018064,14232.92,38833.543
603385,2026-09-23,5.65,-0.001767,26885.3,15195.402
603386,2026-09-23,19.37,0.022164000000000003,198962.91,383127.12
603387,2026-09-23,9.95,-0.013875,110173.75,109981.212
603389,2026-09-23,44.3,-0.015774,18158.0,80781.588
603390,2026-09-23,11.07,0.015596,146246.0,160883.689
603391,2026-09-23,68.21,0.010968,9511.09,64094.928
603392,2026-09-23,26.93,0.027079,85455.02,229623.533
603393,2026-09-23,25.19,-0.015246,55184.02,138656.298
603395,2026-09-23,26.78,-0.029007,86881.17,234145.553
603396,2026-09-23,32.4,0.10017,56482.57,178691.597
603398,2026-09-23,8.63,-0.003464,37666.0,32625.859
603399,2026-09-23,13.54,-0.032166,265424.3,361379.515
603402,2026-09-23,62.01,-0.009425,19614.79,122563.319
603406,2026-09-23,28.4,-0.002809,17417.47,49510.835
603407,2026-09-23,62.73,0.032423,62777.44,387154.091
603408,2026-09-23,11.69,-0.006797,12757.0,14995.87
603409,2026-09-23,17.89,-0.001117,16279.46,29192.073
603416,2026-09-23,46.71,-0.003626,9738.5,45586.78
603418,2026-09-23,44.72,-0.001563,43727.34,201771.955
603421,2026-09-23,6.5,-0.045521000000000006,317164.21,207938.283
603429,2026-09-23,8.6,-0.011493999999999999,10050.0,8667.197
603435,2026-09-23,49.25,0.0,15151.27,74631.43
603439,2026-09-23,13.88,-0.040111,150803.24,210963.986
603444,2026-09-23,344.58,-0.01661,10314.6,357605.329
603448,2026-09-23,61.3,-0.00487,34591.1,214363.465
603456,2026-09-23,16.66,0.028395,296663.72,493523.758
603458,2026-09-23,10.89,-0.011797,66018.15,72292.588
603459,2026-09-23,88.78,-0.011359,68806.22,610996.84
603466,2026-09-23,12.69,-0.034247,627105.05,793077.489
603468,2026-09-23,22.38,-0.006217,22657.84,51111.988
603477,2026-09-23,14.24,-0.025325,93186.15,134026.181
603486,2026-09-23,50.75,-0.00373,30033.41,153055.063
603488,2026-09-23,7.98,-0.014815,45374.01,36386.75
603489,2026-09-23,29.46,0.00136,15748.84,46487.479
603496,2026-09-23,23.0,-0.009901,45176.16,104055.994
603499,2026-09-23,13.35,-0.006696,25762.0,34525.301
603500,2026-09-23,9.47,0.0021160000000000003,85310.93,80080.302
603501,2026-09-23,82.77,-0.001327,78914.66,651984.015
603505,2026-09-23,15.22,-0.012969999999999999,58056.5,88569.659
603506,2026-09-23,12.21,0.00082,47005.76,57517.857
603507,2026-09-23,27.74,0.035461,177373.01,491275.414
603508,2026-09-23,20.94,-0.002857,13263.0,27827.6
603511,2026-09-23,12.42,0.008936,14023.0,17380.508
603515,2026-09-23,14.66,-0.010128,11156.0,16455.501
603516,2026-09-23,84.99,-0.006662,27868.0,237061.093
603517,2026-09-23,11.38,-0.021496,34021.0,39014.607
603518,2026-09-23,7.74,-0.006418,37864.0,29367.977
603519,2026-09-23,17.22,0.057089999999999995,116157.2,196320.113
603520,2026-09-23,8.64,-0.002309,52605.0,45584.515
603527,2026-09-23,9.93,-0.006999999999999999,46546.0,46316.451
603528,2026-09-23,6.58,-0.0015170000000000001,101208.0,66875.527
603529,2026-09-23,21.66,0.00932,39735.0,85625.997
603530,2026-09-23,46.01,-0.015197,24042.33,111294.136
603533,2026-09-23,22.55,-0.048523,262347.02,597581.061
603535,2026-09-23,6.22,-0.011129,28164.49,17557.068
603536,2026-09-23,9.87,-0.013986,39981.0,39571.683
603538,2026-09-23,27.78,-0.036086,456074.53,1279217.661
603551,2026-09-23,9.29,-0.005353,17204.0,16037.286
603556,2026-09-23,23.16,-0.008986,28508.83,66250.705
603557,2026-09-23,3.25,-0.029851000000000003,57947.0,18972.65
603558,2026-09-23,13.05,0.020328,48799.0,63843.181
603559,2026-09-23,9.22,-0.054359000000000005,127598.0,119430.238
603565,2026-09-23,11.82,0.003396,100204.23,118338.064
603566,2026-09-23,10.22,-0.009689999999999999,16744.0,17154.778
603567,2026-09-23,5.31,-0.036298,181049.85,97563.275
603568,2026-09-23,13.77,0.011755999999999999,59558.63,81852.883
603569,2026-09-23,5.78,-0.005163999999999999,26532.0,15320.61
603577,2026-09-23,9.66,0.002075,29002.3,27816.709
603578,2026-09-23,13.9,-0.01138,34317.8,47735.084
603579,2026-09-23,17.85,-0.019231,27093.0,48424.168
603580,2026-09-23,77.56,-0.014235,160423.5,1298757.326
603583,2026-09-23,28.64,0.018491999999999998,61955.85,176990.34
603585,2026-09-23,10.47,-0.001907,25443.64,26612.384
603586,2026-09-23,13.71,-0.002183,12293.0,16840.395
603587,2026-09-23,12.16,-0.0032790000000000002,20263.0,24636.785
603588,2026-09-23,17.46,0.035587,740230.8,1268694.368
603589,2026-09-23,18.0,0.001669,96510.8,176050.094
603590,2026-09-23,29.92,-0.001335,12653.0,37931.205
603595,2026-09-23,33.3,-0.0026950000000000003,17505.0,58397.659
603596,2026-09-23,28.72,-0.014751,95932.18,276534.907
603598,2026-09-23,19.12,0.008439,603746.29,1199241.308
603599,2026-09-23,10.6,-0.007491,62244.37,66230.686
603600,2026-09-23,10.3,0.0029210000000000004,29148.0,30024.85
603601,2026-09-23,10.12,-0.031579,830827.6,850788.011
603602,2026-09-23,11.49,-0.01458,24962.9,28739.43
603605,2026-09-23,56.79,0.005489000000000001,57753.41,328897.858
603606,2026-09-23,35.56,-0.010298,70234.39,250563.369
603607,2026-09-23,23.53,-0.020807000000000003,53364.0,125807.69
603608,2026-09-23,21.13,-0.01949,106350.0,225494.168
603609,2026-09-23,6.34,-0.010920000000000001,34439.0,21920.333
603610,2026-09-23,13.73,-0.01294,36554.0,50400.136
603611,2026-09-23,15.71,-0.007581,10747.42,16877.562
603612,2026-09-23,16.87,0.013212999999999999,101422.0,170688.127
603613,2026-09-23,20.47,-0.025702,92272.25,190471.162
603615,2026-09-23,19.11,0.000524,39223.37,74816.884
603616,2026-09-23,5.59,-0.003565,109025.0,61630.389
603617,2026-09-23,6.78,-0.005865,34400.0,23320.963
603618,2026-09-23,37.74,-0.027069,549264.09,2087048.801
603619,2026-09-23,21.6,-0.027902999999999997,158753.15,345571.374
603626,2026-09-23,22.88,-0.0021809999999999998,277345.38,632463.706
603628,2026-09-23,10.31,-0.001936,42852.58,44527.721
603629,2026-09-23,111.57,-0.037858,226414.48,2546939.921
603630,2026-09-23,14.38,0.030085999999999998,68878.0,97650.641
603633,2026-09-23,6.37,-0.016975,68901.0,44010.445
603636,2026-09-23,8.81,0.099875,732310.6,642502.981
603637,2026-09-23,14.45,-0.006873000000000001,48701.0,70680.256
603638,2026-09-23,18.83,0.023926,147307.85,278711.086
603639,2026-09-23,10.43,-0.002868,6749.0,7037.101
603648,2026-09-23,9.65,0.007307,22676.73,21665.167
603650,2026-09-23,69.23,0.003188,126716.47,874202.082
603655,2026-09-23,32.8,-0.052023,31867.0,104594.243
603656,2026-09-23,17.57,0.010931999999999999,16626.0,29075.094
603657,2026-09-23,36.64,-0.017694,57194.4,210224.652
603658,2026-09-23,34.44,-0.015156000000000001,91724.06,320107.773
603659,2026-09-23,22.04,-0.007653999999999999,103292.5,227535.236
603660,2026-09-23,9.75,-0.013158000000000001,130559.0,127475.774
603661,2026-09-23,35.63,0.045788,55554.48,196690.995
603662,2026-09-23,49.71,-0.002208,22470.67,111678.198
603663,2026-09-23,47.0,-0.024086,199276.32,939932.687
603665,2026-09-23,22.1,0.019843,34886.0,76620.438
603666,2026-09-23,27.74,0.012408999999999998,53742.97,149523.492
603667,2026-09-23,49.69,-0.006796,61638.08,306417.947
603668,2026-09-23,12.28,-0.027712,62601.2,77550.696
603669,2026-09-23,6.02,0.001664,399571.18,239422.211
603676,2026-09-23,8.94,-0.011062,9400.0,8461.422
603677,2026-09-23,14.41,-0.002078,17889.0,25998.374
603678,2026-09-23,49.98,0.009493,161449.37,806480.727
603679,2026-09-23,23.5,-0.099962,225594.0,547065.374
603680,2026-09-23,10.21,-0.028544,43387.67,44750.262
603681,2026-09-23,19.86,0.030083000000000002,115669.98,228210.614
603682,2026-09-23,9.76,-0.024,100503.0,99377.044
603683,2026-09-23,16.58,0.010976,121036.0,199473.867
603685,2026-09-23,25.98,-0.029148,23356.98,61337.579
603686,2026-09-23,14.13,-0.043978,385321.25,551699.207
603687,2026-09-23,15.31,-0.009701999999999999,115074.74,177002.117
603688,2026-09-23,50.1,0.016021,128278.87,642815.52
603689,2026-09-23,7.59,-0.013004,24325.0,18523.236
603690,2026-09-23,24.24,0.008739,137865.56,333170.206
603693,2026-09-23,11.61,-0.041288,106744.66,124981.762
603696,2026-09-23,13.82,-0.050824,169196.2,237050.178
603697,2026-09-23,9.06,-0.008753,46995.0,42453.704
603698,2026-09-23,21.2,-0.020785,74073.0,157361.995
603699,2026-09-23,44.66,0.001345,31784.1,142395.355
603700,2026-09-23,11.57,-0.013640000000000001,30487.94,35499.132
603701,2026-09-23,19.29,-0.01882,27560.86,53494.846
603703,2026-09-23,10.43,-0.015109,130546.4,137419.403
603706,2026-09-23,17.11,-0.005810999999999999,9571.0,16450.006
603707,2026-09-23,7.91,-0.003778,105495.0,84135.98
603708,2026-09-23,8.91,-0.013289,32484.63,29076.6
603709,2026-09-23,12.7,0.007937,30421.66,38609.168
603711,2026-09-23,11.8,-0.021559,30015.99,35773.081
603712,2026-09-23,11.54,-0.023689,110803.85,128580.712
603713,2026-09-23,67.63,0.00029600000000000004,9318.1,63375.331
603716,2026-09-23,16.81,-0.043255999999999996,154533.13,262040.653
603717,2026-09-23,5.87,-0.011785,52201.2,30621.642
603718,2026-09-23,3.07,-0.006472,39870.0,12263.615
603719,2026-09-23,9.15,-0.006515,32438.0,29803.398
603721,2026-09-23,18.23,-0.038502,66610.0,122169.843
603722,2026-09-23,29.88,0.003358,7847.25,23451.877
603725,2026-09-23,11.97,0.011834,136982.1,165372.24
603726,2026-09-23,24.74,0.02528,36559.0,89804.724
603727,2026-09-23,18.23,-0.020945000000000002,30994.16,56411.449
603728,2026-09-23,50.23,-0.00633,27436.0,138346.243
603729,2026-09-23,12.62,-0.007081,6673.0,8447.065
603730,2026-09-23,9.72,0.0062109999999999995,68316.28,66342.49
603733,2026-09-23,18.88,-0.007882,34411.38,65278.31
603737,2026-09-23,21.83,0.0,98639.27,218180.677
603738,2026-09-23,38.23,0.009772999999999999,192727.74,738044.77
603739,2026-09-23,13.03,-0.012879,45282.0,59150.779
603755,2026-09-23,24.16,-0.009023999999999999,10027.0,24344.119
603757,2026-09-23,69.9,0.017467,66933.77,470210.061
603758,2026-09-23,11.03,0.0,61504.0,67934.314
603759,2026-09-23,7.93,0.014066,55510.06,43878.435
603766,2026-09-23,14.56,0.011814,149076.0,217269.243
603767,2026-09-23,13.4,-0.008142,16579.0,22153.093
603768,2026-09-23,11.57,-0.004303,16288.0,18897.533
603773,2026-09-23,102.5,0.100021,493015.84,4992896.853
603776,2026-09-23,20.83,0.009205,37421.0,76672.874
603777,2026-09-23,14.5,0.021846,116843.6,171648.368
603778,2026-09-23,8.6,-0.085106,1011565.75,897296.41
603779,2026-09-23,8.3,-0.0036009999999999996,137009.0,114745.886
603786,2026-09-23,37.92,0.003971,14853.0,56385.832
603787,2026-09-23,10.4,0.006776,18022.0,18667.026
603788,2026-09-23,13.77,-0.002174,6070.0,8356.763
603789,2026-09-23,5.95,-0.018151999999999998,19699.0,11769.436
603790,2026-09-23,25.98,0.042118,41411.4,106981.025
603797,2026-09-23,4.94,-0.00202,74461.0,36587.204
603798,2026-09-23,13.56,0.005935,28206.3,38143.233
603799,2026-09-23,36.17,-0.013366,297621.11,1079656.412
603800,2026-09-23,58.81,0.004098,35297.68,207848.848
603801,2026-09-23,6.19,-0.003221,106875.92,66932.593
603803,2026-09-23,12.87,0.1,212551.58,260172.843
603806,2026-09-23,14.3,-0.005563,143692.12,206328.408
603808,2026-09-23,8.76,0.0034360000000000003,30496.0,26692.727
603809,2026-09-23,8.68,0.0057940000000000005,50339.7,43463.053
603810,2026-09-23,11.95,-0.0041670000000000006,14393.0,17249.945
603811,2026-09-23,6.96,-0.0071330000000000005,28092.6,19618.57
603813,2026-09-23,25.5,-0.059734999999999996,10412.0,27215.572
603815,2026-09-23,5.11,-0.024809,72102.0,37206.25
603816,2026-09-23,22.44,0.001339,65433.97,147995.809
603817,2026-09-23,5.79,-0.015306,94137.0,54756.108
603818,2026-09-23,3.82,-0.040201,317142.0,122562.938
603819,2026-09-23,16.07,-0.03076,78227.0,126203.39
603822,2026-09-23,62.65,-0.024902999999999998,4479.0,28459.579
603823,2026-09-23,50.47,-0.100036,256013.19,1333330.598
603825,2026-09-23,7.8,-0.008895,7760.0,6059.837
603826,2026-09-23,17.08,0.04401,302379.04,519373.885
603828,2026-09-23,6.16,0.008183000000000001,23869.49,14610.497
603829,2026-09-23,15.59,-0.020113,20868.0,32672.665
603833,2026-09-23,30.0,0.014884999999999999,52526.46,159710.501
603836,2026-09-23,9.55,-0.011387000000000001,18659.4,17841.434
603838,2026-09-23,13.78,-0.005772,11387.0,15713.354
603839,2026-09-23,6.9,-0.018491999999999998,44110.0,30561.785
603843,2026-09-23,6.6,0.028037,196822.68,127519.965
603848,2026-09-23,13.55,0.002219,22768.0,31101.981
603855,2026-09-23,16.76,-0.002381,5996.0,10041.05
603856,2026-09-23,11.71,0.004288,15534.0,18211.416
603858,2026-09-23,14.68,-0.0060929999999999995,29509.0,43539.771
603859,2026-09-23,41.09,0.017079,78433.88,322109.198
603860,2026-09-23,26.3,0.015052000000000001,10506.0,27530.62
603861,2026-09-23,10.99,-0.016995,44253.7,48769.486
603863,2026-09-23,12.61,-0.011755,52011.0,66498.075
603866,2026-09-23,4.14,-0.014286,152070.51,63502.042
603867,2026-09-23,36.07,0.076395,125392.16,440495.16
603868,2026-09-23,31.26,-0.011385000000000001,10245.0,32094.447
603869,2026-09-23,8.54,-0.004662,3105.0,2655.463
603871,2026-09-23,12.17,0.0008219999999999999,64881.0,78998.613
603876,2026-09-23,18.36,-0.005417,103717.37,190462.305
603877,2026-09-23,11.84,-0.006711,12125.01,14416.788
603878,2026-09-23,4.86,-0.014199,81519.8,39962.022
603879,2026-09-23,4.87,-0.01417,55504.0,27178.596
603880,2026-09-23,9.3,0.002155,90919.2,83211.68
603881,2026-09-23,24.51,-0.02506,238426.43,587995.005
603882,2026-09-23,29.07,0.000344,72613.66,211303.02
603883,2026-09-23,12.9,-0.003091,85431.75,110340.81
603885,2026-09-23,10.2,0.009901,138283.82,141212.871
603886,2026-09-23,12.63,-0.005512,57798.0,72597.498
603887,2026-09-23,8.8,-0.026549,128546.49,113810.063
603888,2026-09-23,17.79,-0.035772,296895.99,533659.364
603889,2026-09-23,6.05,-0.00165,58832.5,35585.855
603890,2026-09-23,16.73,-0.037953,247796.79,418367.38
603893,2026-09-23,223.01,0.023921,312781.2,6974832.079
603895,2026-09-23,26.28,0.001906,7817.0,20449.859
603896,2026-09-23,14.7,-0.010767,13594.0,20073.981
603897,2026-09-23,30.36,-0.013645000000000001,47255.89,143370.412
603898,2026-09-23,11.58,0.026596,33475.0,38598.591
603899,2026-09-23,22.33,0.010407,26722.0,59746.271
603900,2026-09-23,6.53,-0.035451,163780.0,107830.085
603901,2026-09-23,9.49,0.01824,83348.02,78736.548
603903,2026-09-23,15.12,-0.009823,236498.72,356602.925
603906,2026-09-23,18.02,-0.008801,72164.66,129564.652
603908,2026-09-23,19.5,-0.0020469999999999998,14256.8,27822.601
603909,2026-09-23,9.89,0.006104000000000001,19523.82,19183.856
603912,2026-09-23,9.13,0.036322,188621.81,169083.134
603915,2026-09-23,13.18,-0.006032999999999999,43361.0,57460.328
603916,2026-09-23,10.68,-0.010195000000000001,42072.0,45246.393
603917,2026-09-23,14.35,-0.000696,33974.66,48737.17
603918,2026-09-23,10.56,-0.039126,113553.94,121069.045
603919,2026-09-23,16.33,-0.022740999999999997,70145.0,116866.216
603920,2026-09-23,45.96,-0.004117,288911.61,1328717.724
603922,2026-09-23,12.7,0.00316,6648.0,8412.698
603926,2026-09-23,17.58,0.0051459999999999995,24736.0,43269.513
603927,2026-09-23,13.79,-0.013590999999999999,49243.13,68302.404
603928,2026-09-23,12.32,0.022407,108832.9,133058.676
603929,2026-09-23,158.73,-0.007130999999999999,22596.91,359869.496
603931,2026-09-23,36.69,0.021721,41495.0,151192.157
603933,2026-09-23,19.4,-0.005128000000000001,31370.0,60954.435
603936,2026-09-23,22.23,-0.017241,655864.76,1458820.969
603937,2026-09-23,12.97,0.100085,106820.1,133715.694
603938,2026-09-23,51.5,0.045685,319989.89,1630236.18
603939,2026-09-23,22.09,-0.004955,39018.2,86569.418
603948,2026-09-23,19.6,-0.002545,9769.0,19209.963
603949,2026-09-23,15.36,0.100287,38880.94,58430.518
603950,2026-09-23,58.59,-0.008964999999999999,36237.22,214565.853
603955,2026-09-23,24.8,-0.002012,31773.0,79594.769
603956,2026-09-23,7.11,-0.020661,180675.65,129252.973
603958,2026-09-23,18.93,0.021587000000000002,172086.78,324822.111
603959,2026-09-23,4.39,-0.017897,35184.0,15553.111
603960,2026-09-23,18.23,-0.064168,158715.91,294470.803
603966,2026-09-23,7.67,0.015894,102834.11,78515.061
603967,2026-09-23,11.54,-0.01114,12621.0,14642.888
603968,2026-09-23,10.63,-0.034514,65312.5,70074.589
603969,2026-09-23,7.53,0.00534,70778.1,53479.328
603970,2026-09-23,11.06,-0.008072000000000001,18121.0,20062.064
603976,2026-09-23,32.9,0.026201,60124.52,194075.297
603977,2026-09-23,11.26,-0.014873,31295.0,35426.557
603978,2026-09-23,25.72,-0.018321,218388.44,563940.474
603979,2026-09-23,76.04,0.015491,35901.94,273066.508
603980,2026-09-23,8.68,-0.030168,585176.8,515183.666
603982,2026-09-23,6.33,0.006359,44781.38,28415.608
603983,2026-09-23,31.08,-0.029963000000000004,47922.94,150422.347
603985,2026-09-23,17.07,-0.004665,69971.0,119450.037
603986,2026-09-23,398.72,-0.008406,261957.21,10521759.467
603987,2026-09-23,7.57,-0.006562,23207.0,17620.869
603988,2026-09-23,17.94,-0.013201000000000001,26415.7,47547.775
603989,2026-09-23,33.27,-0.025769,196700.02,656433.55
603990,2026-09-23,19.34,-0.028628999999999998,183827.08,359099.181
603991,2026-09-23,185.57,0.1,53698.33,959033.607
603992,2026-09-23,20.3,-0.005390000000000001,22417.0,45608.408
603993,2026-09-23,17.66,-0.008421999999999999,1205915.37,2135568.609
603995,2026-09-23,25.7,-0.009634,31590.44,81985.188
603997,2026-09-23,14.33,0.015592,294267.26,418205.173
603998,2026-09-23,10.45,-0.006654,64436.0,67542.809
603999,2026-09-23,6.46,-0.052786,228258.4,149179.755
605001,2026-09-23,5.79,-0.003442,38403.7,22265.518
605003,2026-09-23,24.9,0.007281999999999999,15580.0,38637.505
605005,2026-09-23,16.23,-0.007339,7115.0,11570.756
605006,2026-09-23,16.79,-0.038373,441820.92,749027.228
605007,2026-09-23,15.16,-0.003287,20630.96,31438.351
605008,2026-09-23,14.25,-0.0007009999999999999,13958.0,19873.456
605009,2026-09-23,24.82,0.00040300000000000004,8060.39,20098.703
605011,2026-09-23,17.58,-0.040393,73307.57,130351.486
605016,2026-09-23,21.55,0.049683000000000005,51755.29,110344.737
605018,2026-09-23,11.58,-0.030962,33680.0,39289.848
605020,2026-09-23,31.77,0.016315,56400.8,177914.014
605028,2026-09-23,24.7,0.053305,33025.31,80636.97
605033,2026-09-23,19.53,-0.021543,20428.99,40022.875
605050,2026-09-23,10.1,-0.009804,9591.0,9717.91
605055,2026-09-23,8.77,-0.026637,43880.0,38663.277
605056,2026-09-23,14.0,-0.020294,116423.0,164111.876
605058,2026-09-23,58.6,0.10005599999999999,218978.16,1243558.857
605060,2026-09-23,40.44,0.014296,35511.0,143798.978
605066,2026-09-23,6.75,-0.011713,38927.75,26308.678
605068,2026-09-23,20.88,0.008696,74957.0,158232.926
605069,2026-09-23,11.64,-0.041975,129460.3,151283.256
605077,2026-09-23,11.88,0.009346,131588.92,155590.653
605080,2026-09-23,23.02,0.008764,11388.0,26246.657
605086,2026-09-23,23.76,0.004651,9163.0,21778.126
605088,2026-09-23,25.91,0.052824,263549.82,675847.887
605089,2026-09-23,20.83,-0.013731,10965.38,22932.059
605090,2026-09-23,31.79,-0.021545,60951.22,194902.035
605098,2026-09-23,53.4,0.003005,7107.0,38037.951
605099,2026-09-23,29.08,-0.006491,7629.99,22172.622
605100,2026-09-23,34.86,0.016623000000000002,44518.02,154429.902
605108,2026-09-23,12.3,0.004082,29224.72,36090.715
605111,2026-09-23,62.38,0.031927,195073.37,1213056.289
605116,2026-09-23,19.96,-0.005976,14524.0,29153.395
605117,2026-09-23,78.01,-0.053047000000000004,241910.4,1905211.638
605118,2026-09-23,34.54,0.011715999999999999,69938.99,239221.318
605122,2026-09-23,12.2,0.021776,37639.0,45906.538
605123,2026-09-23,81.6,0.010526,11009.1,89351.657
605128,2026-09-23,23.86,0.042377000000000005,76659.55,183094.693
605133,2026-09-23,24.75,0.006916,47301.6,116340.125
605136,2026-09-23,8.43,-0.022042000000000003,55804.0,47256.7
605138,2026-09-23,6.21,0.009756,26502.0,16217.825
605151,2026-09-23,18.68,0.013565,12309.0,22883.913
605155,2026-09-23,14.46,-0.012295,11148.27,16210.118
605158,2026-09-23,7.77,0.0012889999999999998,39580.1,30719.086
605162,2026-09-23,12.41,0.049915,500912.48,612385.367
605166,2026-09-23,8.8,0.010333000000000002,32511.0,28404.778
605167,2026-09-23,16.16,-0.017032000000000002,42946.82,69713.433
605168,2026-09-23,53.73,-0.043609999999999996,61808.24,340286.17
605169,2026-09-23,12.95,-0.003846,23897.02,30822.149
605177,2026-09-23,24.89,0.007692,80873.0,203292.762
605178,2026-09-23,73.9,-0.011899999999999999,81172.4,590727.449
605179,2026-09-23,27.09,-0.098202,427875.27,1244307.672
605180,2026-09-23,13.69,-0.017229,27350.0,37662.55
605183,2026-09-23,16.46,0.0123,17977.0,29608.903
605186,2026-09-23,26.72,-0.014386000000000001,25555.0,69031.625
605188,2026-09-23,12.97,-0.022607,101359.99,132118.53
605189,2026-09-23,14.15,0.007117,55972.55,79198.809
605196,2026-09-23,36.73,0.034357,166257.0,598317.444
605198,2026-09-23,70.51,-0.002546,54766.6,389076.785
605199,2026-09-23,5.85,0.005155,7153.0,4180.152
605208,2026-09-23,14.99,0.006716,86903.3,130120.531
605218,2026-09-23,14.9,-0.065245,231187.54,346570.143
605222,2026-09-23,22.63,-0.002205,53897.57,121073.168
605228,2026-09-23,11.39,0.024281,55919.0,63290.27
605255,2026-09-23,60.07,-0.024204,7371.69,45053.823
605258,2026-09-23,43.65,0.035342,144353.64,630360.609
605259,2026-09-23,17.61,0.0045639999999999995,4381.0,7696.518
605266,2026-09-23,15.76,0.0,10243.8,16107.079
605268,2026-09-23,10.33,0.046605999999999995,193682.13,204224.339
605277,2026-09-23,17.43,-0.011904999999999999,85801.28,149834.488
605286,2026-09-23,25.3,-0.012490000000000001,21303.0,53922.956
605287,2026-09-23,36.25,-0.006031999999999999,13193.0,47776.671
605288,2026-09-23,67.92,-0.004835,17529.12,120824.734
605289,2026-09-23,102.14,-0.004289,14462.6,147543.719
605296,2026-09-23,33.6,-0.015529,19827.7,66907.466
605298,2026-09-23,45.61,0.039426,12696.11,56933.003
605299,2026-09-23,12.41,-0.01664,71501.93,88775.492
605300,2026-09-23,10.46,-0.011342000000000001,50542.89,53237.669
605305,2026-09-23,30.73,-0.0064659999999999995,21789.93,67052.723
605318,2026-09-23,79.68,0.018275,11076.0,88441.497
605319,2026-09-23,23.16,-0.018644,32057.98,74678.523
605333,2026-09-23,16.93,0.01988,22028.99,37022.662
605336,2026-09-23,11.63,-0.010213000000000002,7631.0,8955.099
605337,2026-09-23,9.03,-0.010953,20757.7,18873.212
605338,2026-09-23,17.78,-0.008366,12494.0,22300.578
605339,2026-09-23,13.04,-0.011372,8307.0,10888.835
605358,2026-09-23,48.03,0.024094,431330.53,2053911.412
605365,2026-09-23,14.46,-0.012295,45319.0,65771.119
605366,2026-09-23,8.75,0.015081,461557.85,409249.793
605368,2026-09-23,6.71,0.00299,25680.0,17236.954
605369,2026-09-23,17.96,0.016988,19590.44,34971.219
605376,2026-09-23,139.15,-0.015425,146708.6,2053179.899
605377,2026-09-23,8.14,-0.006105,39407.55,32196.875
605378,2026-09-23,15.07,-0.008553,33492.8,50290.451
605388,2026-09-23,6.14,-0.020734,126789.2,78691.555
605389,2026-09-23,65.98,-0.011684000000000002,4564.5,30312.862
605398,2026-09-23,22.66,-0.04105,97393.79,222644.442
605399,2026-09-23,11.56,0.011374,28168.0,32628.766
605488,2026-09-23,31.01,0.033666999999999996,77346.72,236228.961
605499,2026-09-23,114.45,-0.008662,35206.23,404045.095
605500,2026-09-23,7.42,-0.004027,28185.0,20951.359
605507,2026-09-23,18.83,0.031216,162316.34,301817.193
605555,2026-09-23,12.63,-0.017121,28899.17,36616.047
605566,2026-09-23,33.32,0.052432,98450.39,316899.257
605567,2026-09-23,9.42,-0.00106,26277.0,24692.241
605577,2026-09-23,15.92,-0.100057,267577.79,440713.229
605580,2026-09-23,22.86,0.009272,131587.28,301073.397
605588,2026-09-23,48.37,0.024571,17023.4,81984.255
605589,2026-09-23,41.23,0.016017999999999998,301861.54,1243207.746
605598,2026-09-23,24.7,-0.013578,17109.0,42505.614
605599,2026-09-23,13.8,-0.014286,46290.46,63987.931
688001,2026-09-23,70.74,-0.035714,153323.64,1115270.476
688002,2026-09-23,184.06,-0.014668,52257.33,965081.794
688003,2026-09-23,82.8,0.011607000000000001,38758.3,321574.836
688004,2026-09-23,33.5,-0.035694,122718.75,414119.056
688005,2026-09-23,23.85,-0.001674,52679.36,125594.894
688006,2026-09-23,21.2,0.008563,62098.1,130982.628
688007,2026-09-23,11.19,-0.002674,89451.7,100069.308
688008,2026-09-23,223.37,0.006942,353641.17,7987384.308
688009,2026-09-23,4.66,-0.004274,137273.33,64054.034
688010,2026-09-23,28.71,0.022799999999999997,48614.14,139744.907
688011,2026-09-23,73.57,-0.032101000000000005,33370.85,249091.31
688012,2026-09-23,349.35,-0.0020280000000000003,86273.44,3018035.75
688013,2026-09-23,25.37,0.027126,18567.32,46427.289
688015,2026-09-23,16.83,0.004776,13073.36,21942.607
688016,2026-09-23,86.24,0.007712,8824.63,76103.847
688017,2026-09-23,286.9,-0.006957,30754.41,883235.314
688018,2026-09-23,122.23,-0.011084,66556.44,818846.9
688019,2026-09-23,232.4,-0.002061,33389.71,776095.119
688020,2026-09-23,157.62,0.008445000000000001,43270.72,691148.731
688021,2026-09-23,20.36,0.016982999999999998,10329.75,20826.498
688022,2026-09-23,8.9,0.0,18213.9,16350.757
688023,2026-09-23,47.44,-0.029658000000000004,34053.63,162544.897
688025,2026-09-23,449.79,0.021995,22865.98,1020244.663
688026,2026-09-23,27.78,0.027747,152106.9,417794.365
688027,2026-09-23,387.84,0.08980600000000001,43930.77,1657285.35
688028,2026-09-23,130.14,0.047657,121121.96,1578459.234
688029,2026-09-23,84.9,-0.003872,15689.26,133935.913
688030,2026-09-23,19.0,-0.022633999999999998,44047.3,84089.64
688031,2026-09-23,109.0,-0.020753,51578.74,564859.337
688032,2026-09-23,70.33,0.005864,6036.59,42619.244
688033,2026-09-23,7.35,0.00823,20014.57,14645.245
688035,2026-09-23,84.54,0.023239,87825.91,745912.399
688036,2026-09-23,55.65,-0.020246,82548.86,458935.276
688037,2026-09-23,351.57,-0.027469,28638.71,1016462.335
688038,2026-09-23,19.57,-0.008109,11747.16,22939.7
688039,2026-09-23,33.39,-0.021395,18228.36,61138.732
688041,2026-09-23,251.66,-0.016953,195081.03,4965873.506
688045,2026-09-23,62.2,0.032708,17275.74,106339.768
688046,2026-09-23,38.61,0.023323999999999998,122260.88,473451.289
688047,2026-09-23,105.85,-0.011671,48677.31,516708.658
688048,2026-09-23,348.9,-0.008497,69411.89,2438430.413
688049,2026-09-23,46.11,0.025122,129226.35,595446.904
688050,2026-09-23,39.41,0.011810000000000001,21351.72,84174.842
688051,2026-09-23,25.55,-0.026296,22335.94,58212.702
688052,2026-09-23,254.29,-0.004736000000000001,14930.46,380860.437
688053,2026-09-23,39.8,-0.006242,4347.08,17301.139
688055,2026-09-23,3.8,0.0052910000000000006,85813.54,32723.718
688056,2026-09-23,52.92,0.2,26061.54,127254.776
688057,2026-09-23,19.56,0.071781,79407.89,149267.144
688058,2026-09-23,25.72,-0.009626000000000001,12075.41,31022.382
688059,2026-09-23,91.02,0.009651,24152.77,219364.019
688060,2026-09-23,38.08,-0.0031409999999999997,4145.33,15779.546
688061,2026-09-23,47.5,0.045105000000000006,34137.14,161000.795
688062,2026-09-23,27.8,-0.014184,59057.74,164994.111
688063,2026-09-23,41.33,-0.008159,31655.13,131453.887
688065,2026-09-23,39.32,0.018653,41903.71,164547.633
688066,2026-09-23,8.18,-0.037647,153761.07,124568.268
688067,2026-09-23,24.02,0.013502,8266.11,19789.397
688068,2026-09-23,95.46,-0.012312,27085.24,258141.156
688069,2026-09-23,37.84,-0.027249,27534.01,105358.7
688070,2026-09-23,36.62,0.021194,29574.27,108565.71
688071,2026-09-23,35.75,-0.008047,19980.28,71902.761
688072,2026-09-23,730.3,0.010851999999999999,38387.38,2795285.581
688073,2026-09-23,80.76,0.061235,68063.19,529626.152
688075,2026-09-23,30.41,0.009628,7880.89,23849.741
688076,2026-09-23,29.06,0.01822,28259.02,81927.314
688077,2026-09-23,28.24,-0.07105299999999999,50976.63,145328.648
688078,2026-09-23,31.33,0.0041670000000000006,21622.64,68269.918
688079,2026-09-23,18.06,0.057377000000000004,358613.78,650134.657
688080,2026-09-23,38.52,-0.006704,7123.42,27379.326
688081,2026-09-23,26.67,0.00075,10806.28,28850.622
688082,2026-09-23,291.33,0.009424,28908.36,839837.362
688083,2026-09-23,52.57,0.000571,10774.32,56500.525
688084,2026-09-23,44.47,-0.007366,11397.06,50483.059
688085,2026-09-23,13.21,0.005326999999999999,22881.97,30173.351
688087,2026-09-23,34.38,0.0029170000000000003,16106.67,55179.51
688088,2026-09-23,30.07,-0.01053,29863.54,89906.032
688089,2026-09-23,8.51,-0.016185,9986.41,8569.112
688090,2026-09-23,84.8,-0.016926,60451.85,516865.482
688091,2026-09-23,40.85,-0.013523,22191.16,91519.176
688092,2026-09-23,22.83,0.043896,9504.28,21185.721
688093,2026-09-23,23.94,0.031452,26757.24,63227.355
688095,2026-09-23,58.72,-0.015590999999999999,23801.32,140043.99
688096,2026-09-23,7.5,-0.010554,54434.07,40941.842
688097,2026-09-23,46.9,0.025137,53475.66,250560.771
688098,2026-09-23,8.68,-0.015872999999999998,39856.97,34769.599
688099,2026-09-23,92.89,-0.018595,89964.84,840050.722
688100,2026-09-23,25.09,-0.001592,16358.39,41015.166
688101,2026-09-23,14.69,0.0041010000000000005,15141.27,22275.894
688102,2026-09-23,31.58,-0.017424,97443.37,308556.117
688103,2026-09-23,84.72,0.024921000000000002,15883.35,133977.009
688105,2026-09-23,27.59,0.0431,307393.74,841670.458
688106,2026-09-23,27.02,-0.004422,104234.37,282530.472
688107,2026-09-23,31.0,0.012741,44126.84,136506.114
688108,2026-09-23,15.76,-0.0199,69504.34,110186.597
688109,2026-09-23,72.6,-0.010899,4297.41,31414.163
688110,2026-09-23,122.65,-0.0064800000000000005,109211.02,1352100.299
688111,2026-09-23,226.6,-0.020405000000000003,38686.62,879938.506
688112,2026-09-23,114.98,0.09494300000000001,139982.36,1554657.624
688113,2026-09-23,38.07,0.045879,12713.01,47714.992
688114,2026-09-23,75.34,0.018108,69365.13,522032.792
688115,2026-09-23,66.9,0.062579,37973.83,249546.783
688116,2026-09-23,34.3,0.012397,46070.16,157543.457
688117,2026-09-23,19.75,-0.012006,262352.42,507887.314
688118,2026-09-23,20.4,-0.00049,18710.41,37949.01
688119,2026-09-23,3.87,0.0,84771.07,32898.872
688120,2026-09-23,254.01,-0.003687,49481.05,1260792.303
688121,2026-09-23,1.16,-0.121212,204340.6,24779.181
688122,2026-09-23,52.79,0.036317,138565.26,714528.475
688123,2026-09-23,168.11,-0.018049,108404.04,1843877.854
688125,2026-09-23,128.68,0.007594999999999999,7134.81,92227.504
688126,2026-09-23,24.88,0.005659,425342.67,1054868.68
688127,2026-09-23,69.05,0.013652,88392.09,616481.4
688128,2026-09-23,22.28,0.007233000000000001,16289.64,36275.603
688129,2026-09-23,24.43,-0.006507,22963.31,56193.553
688130,2026-09-23,28.51,0.040511,32663.33,90854.801
688131,2026-09-23,110.37,0.098428,105779.32,1144537.559
688132,2026-09-23,16.72,0.022005,14627.43,24060.62
688133,2026-09-23,23.17,0.052225,86857.34,198553.717
688135,2026-09-23,40.3,0.046753,187483.38,739979.914
688136,2026-09-23,24.59,-0.024206,102760.93,253714.374
688137,2026-09-23,122.84,-0.013333,89508.43,1111970.255
688138,2026-09-23,41.8,0.058228,151276.01,619680.041
688139,2026-09-23,35.07,0.008048,59457.02,209314.943
688141,2026-09-23,119.29,0.024300000000000002,123132.57,1465516.681
688143,2026-09-23,193.59,-0.017408999999999997,87859.49,1695307.699
688146,2026-09-23,217.4,0.013000000000000001,121278.76,2628746.42
688147,2026-09-23,115.4,-0.000866,45747.11,532477.733
688148,2026-09-23,5.96,-0.013245,138926.98,82823.2
688150,2026-09-23,44.69,0.002243,83929.9,376140.893
688151,2026-09-23,17.0,-0.012776000000000001,26323.35,44888.923
688152,2026-09-23,36.55,-0.020632,23346.24,85474.754
688153,2026-09-23,26.92,0.01127,32442.44,87398.218
688155,2026-09-23,53.63,0.0061909999999999995,17831.49,95839.666
688156,2026-09-23,23.3,-0.015632,23450.85,55000.492
688157,2026-09-23,19.87,0.006586,23918.25,47376.102
688158,2026-09-23,30.21,-0.020110000000000003,123100.54,373928.311
688159,2026-09-23,37.9,0.007979,45486.03,171352.463
688160,2026-09-23,97.5,0.0030859999999999998,7504.87,73186.463
688161,2026-09-23,21.93,-0.002275,7204.68,15765.006
688162,2026-09-23,25.04,0.0004,7636.28,19088.938
688163,2026-09-23,38.27,-0.011111,11705.95,45147.8
688165,2026-09-23,15.03,-0.005294999999999999,39934.08,59837.239
688166,2026-09-23,36.3,-0.013855,97581.52,358325.555
688167,2026-09-23,308.9,0.044499000000000004,74357.07,2273468.006
688168,2026-09-23,45.3,-0.005488,61210.26,277984.078
688169,2026-09-23,116.38,-0.009532,35325.69,412309.319
688170,2026-09-23,72.0,0.06414399999999999,81321.14,583100.068
688171,2026-09-23,24.03,0.060926999999999995,41206.49,98454.257
688172,2026-09-23,46.96,-0.000426,69228.85,326863.024
688173,2026-09-23,13.81,0.034457,104876.06,143142.469
688175,2026-09-23,26.79,0.152754,148021.15,379713.986
688176,2026-09-23,14.69,-0.015416000000000001,160503.98,238554.409
688177,2026-09-23,21.27,0.008057,107921.89,231519.004
688178,2026-09-23,30.35,0.022574,13165.62,39906.265
688179,2026-09-23,24.13,0.044589,302571.7,718675.589
688180,2026-09-23,35.78,0.009879,125652.88,450241.598
688181,2026-09-23,46.78,0.056698000000000005,93305.0,426245.681
688182,2026-09-23,29.62,0.014731000000000001,35979.42,106144.064
688183,2026-09-23,119.0,0.006853000000000001,155491.26,1857290.962
688184,2026-09-23,10.8,0.0,4024.09,4338.888
688185,2026-09-23,85.25,0.0691,141324.19,1175438.35
688186,2026-09-23,14.72,0.032258,62180.82,90259.674
688187,2026-09-23,45.77,-0.005864,22435.04,103183.107
688188,2026-09-23,97.31,0.0018529999999999998,15715.33,152946.122
688189,2026-09-23,6.53,-0.013595,36900.36,24349.203
688190,2026-09-23,73.51,-0.00068,6593.56,48381.97
688191,2026-09-23,23.6,0.019438,88461.35,209138.931
688192,2026-09-23,60.25,-0.01809,44328.14,269215.42
688193,2026-09-23,48.9,0.010748,3459.38,16851.562
688195,2026-09-23,194.4,-0.0018479999999999998,77248.97,1514126.246
688196,2026-09-23,34.66,-0.029131999999999998,16569.18,57828.161
688197,2026-09-23,39.46,0.009724,24013.16,95058.005
688198,2026-09-23,73.41,0.00741,3070.97,22690.531
688199,2026-09-23,25.5,0.010702,32607.78,82936.843
688200,2026-09-23,397.32,0.019841,35650.43,1420305.087
688201,2026-09-23,7.9,0.0,23979.47,18907.759
688202,2026-09-23,117.08,0.06572,78448.96,914378.6
688203,2026-09-23,24.3,0.163793,227232.83,528322.035
688205,2026-09-23,229.66,0.024308,133805.27,3001553.722
688206,2026-09-23,37.84,-0.005519,39048.01,148514.655
688207,2026-09-23,20.85,0.023563999999999998,127961.86,265666.953
688208,2026-09-23,25.98,-0.0057410000000000004,45187.72,117219.894
688209,2026-09-23,36.63,0.015525,199582.5,722295.696
688210,2026-09-23,29.71,-0.023018999999999998,33590.44,100546.311
688211,2026-09-23,33.19,0.019975,11942.28,39403.071
688212,2026-09-23,28.88,-0.000346,15902.34,45963.043
688213,2026-09-23,95.63,-0.013514,44336.11,425345.565
688215,2026-09-23,47.79,-0.001671,7392.79,35529.024
688216,2026-09-23,41.5,0.015165999999999999,74352.78,307453.773
688217,2026-09-23,25.79,0.016153999999999998,9309.61,23927.525
688218,2026-09-23,40.34,-0.016817,22874.75,93502.711
688219,2026-09-23,10.43,0.008704,35097.54,36577.772
688220,2026-09-23,99.68,-0.017253,71164.65,713269.956
688221,2026-09-23,17.48,0.000572,114283.26,199104.466
688222,2026-09-23,46.02,0.036486,340394.74,1567182.121
688223,2026-09-23,3.85,-0.007732,635828.84,245925.46
688225,2026-09-23,14.68,-0.0060929999999999995,62533.46,91611.689
688226,2026-09-23,32.07,0.084178,103808.55,321821.193
688227,2026-09-23,78.96,0.013347,35073.45,273308.602
688228,2026-09-23,88.67,0.039873,23741.99,209716.644
688229,2026-09-23,62.17,-0.018472,4276.44,26685.454
688230,2026-09-23,62.85,0.013873,11297.68,70964.489
688231,2026-09-23,35.61,0.024159,56245.23,198001.167
688232,2026-09-23,17.72,-0.0072829999999999995,18261.27,32456.707
688233,2026-09-23,103.08,0.010588,47088.76,484238.081
688234,2026-09-23,114.07,0.042687,119972.54,1358862.412
688235,2026-09-23,266.49,-0.008076999999999999,23058.64,618165.597
688236,2026-09-23,14.58,0.030389,26962.25,38888.802
688237,2026-09-23,59.33,-0.003862,11653.55,68753.629
688238,2026-09-23,8.68,0.107143,716360.67,596618.926
688239,2026-09-23,56.88,-0.010438000000000001,42335.33,241389.816
688244,2026-09-23,16.74,-0.038484,85130.88,146073.748
688246,2026-09-23,17.74,-0.021511,26432.74,47203.721
688247,2026-09-23,10.25,0.023976,89155.71,91222.53
688248,2026-09-23,49.55,-0.019782,29261.69,145782.447
688249,2026-09-23,36.36,-0.006828999999999999,128557.42,470937.087
688251,2026-09-23,19.15,0.0020930000000000002,21969.79,42043.005
688252,2026-09-23,21.9,0.011080000000000001,34544.11,75319.683
688253,2026-09-23,57.79,0.002081,8829.75,50713.425
688255,2026-09-23,26.79,0.004876,22292.23,59719.711
688256,2026-09-23,1103.08,-0.015986,53642.19,5941319.933
688257,2026-09-23,60.91,0.042622,159727.44,966574.019
688258,2026-09-23,91.37,-0.031379000000000004,32598.7,300151.985
688259,2026-09-23,33.08,0.021618,12435.45,40879.843
688260,2026-09-23,116.37,-0.005385,61405.45,712998.719
688261,2026-09-23,79.82,0.013715999999999999,61546.33,488491.534
688262,2026-09-23,30.65,0.07167799999999999,193983.27,581279.922
688265,2026-09-23,53.42,0.027308,36533.72,194455.816
688266,2026-09-23,116.05,-0.021336,33464.38,391704.767
688267,2026-09-23,22.3,-0.013274,28451.55,64016.966
688268,2026-09-23,134.87,0.001411,26371.59,355626.361
688269,2026-09-23,27.37,-0.013338000000000001,10771.83,29559.347
688270,2026-09-23,57.13,-0.006089,25764.73,147297.859
688271,2026-09-23,102.2,-0.001563,22193.08,226993.72
688272,2026-09-23,30.0,0.01833,12750.99,38058.519
688273,2026-09-23,30.07,-0.011181000000000002,9516.56,28589.76
688275,2026-09-23,68.97,-0.011891,18880.97,130338.308
688276,2026-09-23,18.24,0.0,69526.95,126960.684
688277,2026-09-23,15.83,0.001899,44677.86,70905.964
688278,2026-09-23,53.1,0.018411999999999998,27003.22,142663.036
688279,2026-09-23,215.42,-0.002454,11970.33,259369.626
688280,2026-09-23,5.1,0.02,134019.41,68173.237
688281,2026-09-23,51.48,-0.006178,20250.44,104627.056
688282,2026-09-23,53.42,-0.00373,5400.67,28740.156
688283,2026-09-23,33.1,0.089174,48832.79,156744.707
688285,2026-09-23,7.68,0.0,17573.28,13457.19
688286,2026-09-23,51.15,0.028554,44378.45,226384.945
688288,2026-09-23,19.95,0.015267,26521.34,52560.876
688289,2026-09-23,16.57,-0.003608,47481.62,79064.351
688290,2026-09-23,63.04,-0.004579,7093.14,44944.531
688291,2026-09-23,42.45,0.029091,23729.26,98628.701
688292,2026-09-23,23.0,0.028163,89023.43,200836.964
688293,2026-09-23,85.0,0.126873,88173.69,729784.887
688295,2026-09-23,37.36,-0.013207,33527.69,126261.214
688296,2026-09-23,28.65,0.028356,65807.13,186855.527
688297,2026-09-23,43.03,-0.015331999999999998,71358.56,305424.054
688298,2026-09-23,19.38,0.020537,21174.56,40924.413
688299,2026-09-23,13.75,-0.004345,52332.72,71663.543
688300,2026-09-23,183.1,0.033237,110380.91,2008086.375
688301,2026-09-23,95.95,-0.0033239999999999997,92701.68,886227.501
688302,2026-09-23,33.65,0.001488,12636.66,42648.213
688303,2026-09-23,16.25,-0.012758,101118.54,166255.075
688305,2026-09-23,57.69,0.00052,13149.35,75811.66
688306,2026-09-23,9.91,0.005071,132018.01,130891.284
688307,2026-09-23,48.7,0.006822,22910.53,111605.38
688308,2026-09-23,88.77,0.014051000000000001,69398.41,612183.888
688309,2026-09-23,77.21,-0.010255,15999.94,122439.505
688310,2026-09-23,16.02,0.008816000000000001,17655.13,28151.876
688311,2026-09-23,25.02,0.019145000000000002,47567.37,118017.247
688312,2026-09-23,60.6,0.081563,161318.54,969922.397
688313,2026-09-23,163.68,-0.006796,118252.13,1943713.687
688314,2026-09-23,31.8,0.004739,18160.8,57558.348
688315,2026-09-23,19.39,0.019453,275899.4,525873.64
688316,2026-09-23,46.39,-0.019239,20632.46,95499.596
688317,2026-09-23,19.39,0.058983999999999995,98768.9,189148.283
688318,2026-09-23,81.68,-0.005721,32855.5,268215.575
688319,2026-09-23,33.92,0.129913,163398.33,528643.682
688320,2026-09-23,37.19,0.016120000000000002,47906.76,176983.341
688321,2026-09-23,26.18,-0.004941,75377.94,198731.771
688322,2026-09-23,91.21,0.007956999999999999,45077.3,409664.146
688323,2026-09-23,27.3,0.03566,137357.78,373462.404
688325,2026-09-23,107.85,0.008887,5407.8,58192.865
688326,2026-09-23,58.74,-0.011942999999999999,5745.09,33833.905
688327,2026-09-23,10.07,-0.01564,131005.25,132576.553
688328,2026-09-23,84.67,0.013284,38019.7,320139.272
688329,2026-09-23,23.25,-0.0012889999999999998,21520.33,50110.856
688330,2026-09-23,38.1,0.000525,22308.52,85189.245
688331,2026-09-23,124.75,-0.0028770000000000002,56206.32,703740.792
688332,2026-09-23,97.7,0.0033889999999999997,37451.54,366514.255
688333,2026-09-23,113.61,0.079943,170972.37,1887143.147
688334,2026-09-23,18.11,0.0033239999999999997,6930.5,12528.78
688335,2026-09-23,17.91,-0.020241,14137.54,25446.617
688336,2026-09-23,41.36,-0.0069630000000000004,66009.65,274586.683
688337,2026-09-23,57.18,0.2,142033.98,753270.316
688338,2026-09-23,32.51,0.009627,15078.69,48993.959
688339,2026-09-23,18.22,-0.036489,81399.9,149771.459
688343,2026-09-23,65.48,-0.015338000000000001,76786.54,506343.736
688345,2026-09-23,49.2,0.012762,7932.98,38912.846
688347,2026-09-23,229.52,-0.006622,85799.49,1983938.462
688348,2026-09-23,30.9,0.011788,9137.73,28216.769
688349,2026-09-23,13.2,0.006865,61893.24,81877.629
688350,2026-09-23,29.45,0.020797,28940.66,84996.241
688351,2026-09-23,17.93,0.011279999999999998,24113.63,43084.77
688352,2026-09-23,19.81,-0.0035210000000000003,180802.65,360054.161
688353,2026-09-23,82.1,-0.009292,21009.27,172517.017
688355,2026-09-23,17.12,0.003517,7259.78,12391.477
688356,2026-09-23,102.34,0.029577,70922.29,720327.221
688357,2026-09-23,26.94,0.016988,7233.99,19448.834
688358,2026-09-23,29.35,0.013117,8754.47,25578.585
688359,2026-09-23,115.29,0.051532,42298.73,482527.335
688360,2026-09-23,16.36,0.032177,54047.33,87551.975
688361,2026-09-23,381.32,0.006546,55076.65,2101527.74
688362,2026-09-23,62.87,-0.008047,137977.11,871837.18
688363,2026-09-23,35.05,0.001143,27383.08,96428.661
688365,2026-09-23,16.5,-0.011976,382853.21,634151.085
688366,2026-09-23,30.4,0.009967,4327.77,13118.677
688367,2026-09-23,30.83,0.020861,14131.09,43297.351
688368,2026-09-23,146.97,0.007127,41735.68,617419.517
688369,2026-09-23,19.96,-0.0182,31062.93,62201.3
688370,2026-09-23,28.4,0.060889,20587.41,57309.948
688371,2026-09-23,25.47,0.026189,89327.07,230223.977
688372,2026-09-23,116.8,0.010555000000000002,49347.33,577899.395
688373,2026-09-23,6.02,-0.021138,339911.75,204143.528
688375,2026-09-23,70.08,-0.011147,17246.17,121335.982
688376,2026-09-23,65.14,0.017495,8853.22,57490.329
688377,2026-09-23,17.27,-0.017634,18674.68,32341.321
688378,2026-09-23,52.49,0.005556,115239.94,614083.477
688379,2026-09-23,64.17,0.139787,86581.17,528723.108
688380,2026-09-23,43.51,0.019447000000000002,88318.95,381860.428
688381,2026-09-23,47.28,0.077484,167357.15,774737.483
688382,2026-09-23,19.91,-0.015818000000000002,90372.66,182758.213
688383,2026-09-23,141.61,0.014108,22819.07,321488.67
688385,2026-09-23,60.87,0.012306999999999998,121435.47,734003.403
688386,2026-09-23,51.73,0.084486,55356.09,278552.913
688387,2026-09-23,12.43,-0.011137999999999999,197537.43,247199.171
688388,2026-09-23,31.26,0.045485,586652.08,1816884.935
688389,2026-09-23,11.19,0.005391,22395.37,25139.009
688390,2026-09-23,58.87,-0.015387,48352.92,286435.51
688391,2026-09-23,27.34,0.021292,15594.05,42297.661
688392,2026-09-23,177.35,-0.026084999999999997,39411.65,707701.686
688393,2026-09-23,22.53,0.0067020000000000005,38652.36,86735.305
688395,2026-09-23,26.76,0.047358000000000004,21831.82,57593.474
688396,2026-09-23,61.21,-0.004068,145028.52,887716.594
688398,2026-09-23,23.46,0.012079,27080.0,62287.388
688399,2026-09-23,27.89,0.021612,25329.09,70223.742
688400,2026-09-23,47.44,0.010652,76111.21,360730.939
688401,2026-09-23,73.17,0.037725,69981.88,510532.624
688403,2026-09-23,25.79,-0.005399,246526.86,638469.755
688408,2026-09-23,23.17,0.015337,36481.51,84883.367
688409,2026-09-23,192.6,0.0037,43449.87,840996.479
688410,2026-09-23,9.94,-0.007984,59545.63,59215.772
688411,2026-09-23,165.48,-0.003313,11687.23,193287.457
688416,2026-09-23,83.32,0.020203000000000002,55631.43,464493.024
688418,2026-09-23,32.26,0.008754999999999999,21329.35,68689.425
688419,2026-09-23,53.55,0.016129,24690.81,132066.764
688420,2026-09-23,23.31,0.0069110000000000005,7161.26,16583.444
688425,2026-09-23,3.96,-0.005024999999999999,96024.35,38297.316
688426,2026-09-23,23.79,0.07989099999999999,58953.41,141220.155
688428,2026-09-23,33.4,0.04375,210039.24,692903.463
688429,2026-09-23,9.99,0.009091,14121.63,14085.837
688432,2026-09-23,55.0,0.046423,649623.76,3525575.972
688433,2026-09-23,90.47,0.007461,39620.29,360149.987
688435,2026-09-23,30.8,-0.007732,24205.25,73963.75
688439,2026-09-23,38.49,0.008384,17000.12,65061.257
688443,2026-09-23,25.49,0.011909000000000001,43403.79,110901.786
688448,2026-09-23,68.4,-0.012987,18916.96,127732.144
688449,2026-09-23,64.36,0.0026479999999999997,42247.12,273713.495
688450,2026-09-23,33.88,0.017723,10522.29,35187.439
688455,2026-09-23,18.0,0.009534,22860.1,40945.563
688456,2026-09-23,78.4,0.027791999999999997,73533.63,573009.113
688458,2026-09-23,39.83,0.038321,26072.43,102864.181
688459,2026-09-23,8.2,-0.0012180000000000001,5254.32,4314.149
688466,2026-09-23,14.12,0.006415,10585.02,14906.555
688468,2026-09-23,6.59,0.0015199999999999999,33373.32,21952.1
688469,2026-09-23,8.83,0.004551,582064.95,512082.418
688472,2026-09-23,8.53,-0.00814,195941.98,168303.133
688475,2026-09-23,28.18,0.012576,31720.57,88679.793
688478,2026-09-23,53.18,0.099442,119265.44,623823.74
688479,2026-09-23,37.74,0.033973,38321.26,143468.688
688480,2026-09-23,70.6,-0.008427,6029.4,42627.439
688484,2026-09-23,34.7,-0.002013,39578.43,138100.004
688485,2026-09-23,128.02,0.062407000000000004,84870.7,1064962.542
688486,2026-09-23,50.0,-0.0029909999999999997,61599.02,307176.174
688488,2026-09-23,16.7,0.006631000000000001,65575.17,109388.739
688489,2026-09-23,28.92,0.11102600000000001,67343.61,188911.218
688498,2026-09-23,1734.98,-0.010336000000000001,34673.91,6095040.847
688499,2026-09-23,38.43,0.066019,89204.31,338476.346
688500,2026-09-23,31.18,-0.040615,33328.05,106326.053
688501,2026-09-23,15.93,-0.0037519999999999997,45678.68,72353.081
688502,2026-09-23,440.23,0.009586,10142.8,447454.797
688503,2026-09-23,80.6,-0.007389,196862.53,1605264.677
688505,2026-09-23,8.56,0.009434,150040.83,128842.504
688506,2026-09-23,248.28,-0.010126999999999999,17464.59,432794.997
688507,2026-09-23,144.08,-0.004972,18906.78,273353.95
688508,2026-09-23,89.67,0.001005,39831.55,356755.41
688509,2026-09-23,4.17,-0.009500999999999999,48359.57,20299.415
688510,2026-09-23,24.97,-0.014990000000000002,61182.31,152609.664
688511,2026-09-23,22.9,0.007923,9709.07,22093.237
688512,2026-09-23,17.32,0.20027699999999998,579727.67,951464.312
688513,2026-09-23,52.0,0.014634000000000001,22115.75,113761.007
688515,2026-09-23,158.0,0.040158,34625.12,540698.181
688516,2026-09-23,45.9,0.034949,73140.22,336601.923
688517,2026-09-23,16.29,-0.006706999999999999,14236.03,23218.162
688518,2026-09-23,21.59,0.034499,140484.14,301832.446
688519,2026-09-23,309.5,-0.010866,52269.38,1631009.19
688520,2026-09-23,37.22,0.011137999999999999,41755.93,155824.871
688521,2026-09-23,210.2,0.010431,134341.02,2831506.267
688522,2026-09-23,18.6,0.014177,31376.59,58091.776
688523,2026-09-23,39.74,-0.011196999999999999,21020.0,83593.865
688525,2026-09-23,222.69,0.025182000000000003,273347.42,6124251.553
688526,2026-09-23,12.36,-0.007229,8627.36,10654.994
688528,2026-09-23,10.24,0.002938,16835.23,17148.936
688529,2026-09-23,15.39,0.035666,16235.41,24527.191
688530,2026-09-23,63.98,0.035442999999999995,96479.07,612445.747
688531,2026-09-23,148.16,0.021793,30517.29,453017.298
688533,2026-09-23,20.65,0.017743,17757.55,36292.381
688535,2026-09-23,116.0,0.06383,96171.34,1082585.151
688536,2026-09-23,357.97,0.006353,16706.36,595159.826
688538,2026-09-23,2.07,-0.009569,327360.54,68281.571
688539,2026-09-23,25.15,0.008825,16671.36,41860.251
688543,2026-09-23,43.22,-0.014367000000000001,40447.15,175034.585
688545,2026-09-23,79.19,0.024053,90501.05,718772.957
688548,2026-09-23,33.54,0.005999,195133.1,654287.527
688549,2026-09-23,23.78,0.010625,401132.25,954370.309
688550,2026-09-23,38.92,0.018314999999999998,33109.47,129222.372
688551,2026-09-23,43.25,0.070545,54763.18,233786.651
688552,2026-09-23,30.7,-0.014763,18648.36,57242.977
688553,2026-09-23,12.73,-0.003132,136710.5,174073.483
688556,2026-09-23,7.94,0.014049,154145.78,122633.37
688557,2026-09-23,21.42,0.011331,13398.06,28571.581
688558,2026-09-23,34.19,0.017862,12438.94,42326.38
688559,2026-09-23,59.19,0.026535000000000003,132731.92,797198.441
688560,2026-09-23,12.88,0.014972000000000001,25791.47,33323.43
688561,2026-09-23,29.36,-0.021006999999999998,79513.66,234725.558
688562,2026-09-23,14.46,-0.005502,18247.25,26403.05
688563,2026-09-23,54.21,-0.005686,20537.48,111175.755
688565,2026-09-23,11.54,0.014952,18810.96,21492.55
688566,2026-09-23,27.97,0.039777,38886.78,107696.782
688567,2026-09-23,9.02,-0.0055130000000000005,48210.01,43611.118
688568,2026-09-23,30.8,-0.016289,51734.71,160154.823
688569,2026-09-23,18.54,-0.000539,6491.41,12085.659
688570,2026-09-23,14.74,0.001359,5359.34,7903.089
688571,2026-09-23,8.85,0.02194,70153.63,61632.933
688573,2026-09-23,17.15,0.101477,76842.11,128446.937
688575,2026-09-23,10.49,0.004789,108595.53,113895.279
688576,2026-09-23,41.15,0.020332,5307.11,21728.185
688577,2026-09-23,41.93,-0.006398,6702.59,28167.006
688578,2026-09-23,112.42,0.093473,133566.43,1468116.222
688579,2026-09-23,7.94,-0.0075,20395.65,16217.154
688580,2026-09-23,44.11,-0.002036,10734.76,47202.622
688581,2026-09-23,56.31,0.001957,6659.81,37361.119
688582,2026-09-23,39.55,0.0,27935.42,109685.122
688583,2026-09-23,89.22,0.07714599999999999,44915.31,390344.584
688584,2026-09-23,29.2,0.033263,116120.75,336001.17
688585,2026-09-23,138.66,-0.01917,25287.67,352916.472
688586,2026-09-23,11.26,-0.001773,37036.84,41638.975
688588,2026-09-23,9.14,-0.014024000000000002,23539.89,21546.189
688589,2026-09-23,21.35,0.016667,29056.21,61657.986
688590,2026-09-23,12.48,-0.018096,56313.8,70302.301
688591,2026-09-23,33.16,0.060102,114288.14,374217.035
688592,2026-09-23,23.41,-0.010984,7936.6,18639.347
688593,2026-09-23,32.87,0.054201,185818.6,603825.258
688595,2026-09-23,32.18,0.007199,26843.88,86047.984
688596,2026-09-23,66.8,0.024853999999999998,105515.12,701291.667
688597,2026-09-23,6.29,-0.020249000000000003,56173.68,35596.165
688598,2026-09-23,36.4,0.03321,118122.02,426834.414
688599,2026-09-23,11.2,0.005385999999999999,226934.57,254515.297
688600,2026-09-23,38.59,0.042973,64879.05,247667.516
688601,2026-09-23,62.86,0.029142,37703.21,237308.891
688602,2026-09-23,6.9,-0.007194000000000001,36986.06,25666.79
688603,2026-09-23,128.64,0.067552,83935.95,1062872.161
688605,2026-09-23,86.51,0.011222000000000001,26018.03,224891.955
688606,2026-09-23,47.59,0.012984,2712.6,12878.314
688607,2026-09-23,38.99,-0.003578,8937.02,34916.066
688608,2026-09-23,113.5,0.004692,77284.01,880138.652
688609,2026-09-23,9.56,-0.014433,108503.63,103659.788
688610,2026-09-23,172.46,0.002267,12136.74,208664.923
688611,2026-09-23,68.7,-0.008372000000000001,11501.91,79892.172
688612,2026-09-23,36.5,-0.001095,35738.0,130646.216
688613,2026-09-23,21.29,0.043627,110649.09,230800.992
688615,2026-09-23,90.74,-0.029415,49207.24,450215.586
688616,2026-09-23,10.95,-0.001823,13132.47,14298.393
688617,2026-09-23,245.56,0.008791,11050.51,271497.553
688618,2026-09-23,30.0,-0.013482000000000001,13172.59,39622.923
688619,2026-09-23,14.84,-0.004027,22939.09,33890.5
688620,2026-09-23,18.36,0.01157,182862.73,332856.921
688621,2026-09-23,75.26,0.009524,21195.87,159371.062
688622,2026-09-23,136.82,-0.008982,6961.13,96058.702
688623,2026-09-23,63.4,0.06734,16478.58,102908.547
688625,2026-09-23,72.11,0.035766,72667.51,519830.412
688626,2026-09-23,44.22,0.005,33565.21,148187.487
688627,2026-09-23,475.0,-0.006027,17262.74,823061.082
688628,2026-09-23,114.44,0.199958,132526.79,1408430.447
688629,2026-09-23,123.15,-0.017002,78680.14,974980.553
688630,2026-09-23,440.68,0.030372,34961.48,1538312.614
688631,2026-09-23,38.07,0.007676,13040.97,49744.923
688633,2026-09-23,22.62,0.004887,14838.71,33484.903
688635,2026-09-23,288.8,0.015042999999999999,13611.76,391354.56
688636,2026-09-23,21.01,-0.0075580000000000005,48669.19,102600.299
688638,2026-09-23,34.22,0.014828,4742.33,16123.86
688639,2026-09-23,18.29,-0.015608,52566.62,96706.797
688646,2026-09-23,77.59,-0.026841,18731.34,145981.551
688648,2026-09-23,29.39,-0.004404,8591.06,25247.01
688651,2026-09-23,25.51,0.014718,29733.53,75675.027
688652,2026-09-23,147.42,-0.003919000000000001,27088.89,400170.862
688653,2026-09-23,15.68,0.027523,128140.44,198732.798
688655,2026-09-23,78.15,0.012175,127159.86,991928.996
688656,2026-09-23,141.04,0.200034,17994.34,245564.931
688657,2026-09-23,34.39,0.013856,9657.77,32960.439
688658,2026-09-23,13.8,-0.0028899999999999998,117048.15,161585.876
688659,2026-09-23,9.31,0.0032329999999999998,22778.27,21163.422
688660,2026-09-23,8.92,-0.01978,209596.7,188990.474
688661,2026-09-23,108.29,0.02016,27314.93,294722.653
688662,2026-09-23,130.61,0.162114,207292.78,2599490.321
688663,2026-09-23,57.05,-0.010407999999999999,18658.26,107800.737
688665,2026-09-23,46.98,0.093575,18392.29,84054.794
688667,2026-09-23,103.61,0.055092,9556.86,97153.256
688668,2026-09-23,244.89,-0.035865999999999995,47843.98,1194446.833
688669,2026-09-23,69.07,-0.013286,29879.29,210983.415
688670,2026-09-23,18.89,-0.005789,22899.54,43704.911
688671,2026-09-23,26.81,0.0041199999999999995,12484.61,33293.763
688676,2026-09-23,64.2,-0.007268,50079.74,321206.846
688677,2026-09-23,87.48,0.103431,95211.93,807054.102
688678,2026-09-23,31.43,0.130576,493418.04,1489629.573
688679,2026-09-23,41.8,0.033886,43762.74,182919.582
688680,2026-09-23,38.57,0.003643,30315.34,117010.25
688681,2026-09-23,15.51,-0.000644,13888.57,21477.971
688682,2026-09-23,31.62,0.003491,8192.42,25717.777
688683,2026-09-23,31.95,-0.0049830000000000004,11343.01,36320.997
688685,2026-09-23,34.87,-0.021879,48569.85,166300.042
688686,2026-09-23,141.79,0.004534,9171.09,130301.389
688687,2026-09-23,18.7,0.005376,34246.17,63951.051
688689,2026-09-23,42.69,0.018368,84506.63,356355.992
688690,2026-09-23,49.21,0.027992,128170.17,633002.724
688691,2026-09-23,65.49,-0.000915,24424.31,160174.544
688692,2026-09-23,206.62,-0.015486,6357.69,131802.838
688693,2026-09-23,79.05,0.027825000000000003,13619.34,106981.148
688695,2026-09-23,19.93,0.008093,9217.09,18272.756
688696,2026-09-23,86.71,-0.022986,10482.91,91390.484
688697,2026-09-23,15.27,0.022772999999999998,59157.27,89681.866
688698,2026-09-23,44.45,0.001803,25343.17,112677.843
688699,2026-09-23,70.54,0.011035999999999999,39605.16,279861.133
688700,2026-09-23,67.88,0.04915,156302.17,1054642.99
688701,2026-09-23,8.7,0.001151,14432.94,12540.877
688702,2026-09-23,335.0,0.021341000000000002,91655.12,3095329.734
688707,2026-09-23,10.28,0.003906,26418.38,27123.733
688708,2026-09-23,40.76,0.003447,8530.88,34692.365
688709,2026-09-23,25.98,0.010894999999999998,33516.63,86407.854
688710,2026-09-23,104.77,0.144152,69166.53,699425.869
688711,2026-09-23,29.8,0.059744,154689.83,454525.874
688712,2026-09-23,32.28,0.012546999999999999,21872.28,70660.527
688716,2026-09-23,26.86,-0.023273000000000002,20498.61,55375.676
688717,2026-09-23,43.29,-0.021916,60556.16,263710.548
688718,2026-09-23,15.43,0.007838000000000001,26321.91,40474.565
688719,2026-09-23,62.05,0.09920299999999999,79820.98,480718.316
688720,2026-09-23,70.03,0.0361,37028.14,257819.858
688721,2026-09-23,42.4,0.036168,36401.2,152589.153
688722,2026-09-23,14.57,0.009003,27214.31,39494.556
688726,2026-09-23,47.85,0.060976,124001.39,591108.314
688727,2026-09-23,49.14,0.012987,24287.47,118563.185
688728,2026-09-23,14.74,-0.006739,187225.52,276297.326
688729,2026-09-23,24.65,-0.004443,224371.14,555200.932
688733,2026-09-23,29.85,0.023312,45321.12,134752.963
688737,2026-09-23,17.58,0.024476,15459.95,26865.459
688739,2026-09-23,20.92,-0.0028599999999999997,18889.1,39698.914
688750,2026-09-23,14.16,-0.004219,13126.46,18610.354
688755,2026-09-23,31.45,0.051839,65251.64,201136.336
688757,2026-09-23,33.09,0.06193800000000001,142271.39,462093.291
688758,2026-09-23,33.63,-0.009717,143166.69,480156.561
688759,2026-09-23,23.4,-0.009314,43282.32,101355.681
688765,2026-09-23,42.55,0.07639800000000001,116289.97,495958.142
688766,2026-09-23,431.0,0.006069,78749.4,3426601.944
688767,2026-09-23,43.4,0.006494,34643.38,151888.075
688768,2026-09-23,47.64,-0.02437,8959.78,43236.123
688772,2026-09-23,13.62,-0.013758,125219.55,170937.411
688775,2026-09-23,95.0,0.00338,47570.07,455995.795
688776,2026-09-23,52.0,0.10286300000000001,45084.35,225746.371
688777,2026-09-23,81.29,-0.005262,104323.84,844533.377
688778,2026-09-23,43.33,0.0034739999999999997,31563.91,136407.311
688779,2026-09-23,7.63,0.007925999999999999,153684.13,117149.828
688781,2026-09-23,51.56,-0.007507000000000001,99204.6,513115.932
688783,2026-09-23,30.0,0.0073880000000000005,225333.2,672621.564
688785,2026-09-23,381.0,0.014322999999999999,8180.16,316144.626
688786,2026-09-23,28.96,0.0059050000000000005,30985.55,89651.499
688787,2026-09-23,92.56,-0.004517,14105.4,130370.542
688788,2026-09-23,29.62,-0.003029,16818.04,49801.409
688789,2026-09-23,51.01,0.107709,56023.43,279524.566
688790,2026-09-23,110.13,0.005019,27884.02,306685.374
688793,2026-09-23,18.49,-0.0037719999999999997,16370.03,30213.257
688795,2026-09-23,435.0,-0.018059000000000002,44536.23,1952016.681
688796,2026-09-23,135.5,0.010214,30586.14,418277.164
688797,2026-09-23,281.88,-0.007465,21042.47,595942.237
688798,2026-09-23,58.06,-0.011913,32224.21,186853.282
688799,2026-09-23,58.08,-0.013922,29036.17,170967.875
688800,2026-09-23,66.88,-0.025924999999999997,79265.07,536049.981
688801,2026-09-23,493.5,-0.032029999999999996,19102.99,950352.83
688802,2026-09-23,566.42,-0.025095,31413.99,1799658.883
688805,2026-09-23,41.18,0.015036,12450.23,51118.354
688806,2026-09-23,26.46,0.036022,97886.22,258235.871
688807,2026-09-23,361.32,0.041268,20084.49,718917.172
688808,2026-09-23,2280.02,-0.015535,7033.07,1611689.865
688809,2026-09-23,505.01,-0.0041210000000000005,5937.22,301436.091
688811,2026-09-23,20.82,0.0033729999999999997,38246.26,79156.768
688813,2026-09-23,161.24,0.11972200000000001,89055.57,1372117.043
688816,2026-09-23,48.44,0.01233,3472.06,16814.251
688818,2026-09-23,42.76,-0.012242999999999999,38544.23,164834.871
688819,2026-09-23,20.95,0.005278000000000001,15572.09,32598.056
688820,2026-09-23,133.57,-0.009565,71299.31,957929.656
688825,2026-09-23,58.62,0.013134999999999999,2064280.74,12149442.188
688826,2026-09-23,858.78,0.08131500000000001,13516.3,1144876.363
688828,2026-09-23,95.86,0.041957,43162.04,415743.685
688835,2026-09-23,354.88,-0.014440999999999999,16729.27,593986.983
688836,2026-09-23,490.97,0.003618,16867.42,828074.69
688837,2026-09-23,53.6,0.013616,203738.97,1110246.149
688981,2026-09-23,121.39,-0.008333,183421.78,2229438.568
689009,2026-09-23,37.48,-0.011343,41993.28,158318.883
920000,2026-09-23,14.29,-0.006259,6428.07,9169.42096
920001,2026-09-23,11.92,-0.007494,39429.35,47813.10971
920002,2026-09-23,50.06,0.0026040000000000004,7406.75,37214.53917
920003,2026-09-23,17.75,0.140013,50709.86,91754.39593
920005,2026-09-23,24.35,-0.006122,2127.91,5194.13372
920006,2026-09-23,17.43,-0.060884,26070.21,46328.1548
920007,2026-09-23,33.17,0.004847000000000001,879.03,2927.17285
920008,2026-09-23,21.49,-0.034157,10422.99,22745.86552
920009,2026-09-23,35.43,0.017227,3315.0,11804.73124
920010,2026-09-23,8.71,-0.028986,51587.89,45334.93141
920011,2026-09-23,18.04,-0.0055130000000000005,4963.91,8963.17435
920012,2026-09-23,55.35,0.09647399999999999,25666.76,135603.36041
920014,2026-09-23,8.63,-0.008046,10663.81,9218.02305
920015,2026-09-23,44.54,0.14853,65782.55,278218.12434
920016,2026-09-23,14.7,-0.039843,23423.65,34849.46298
920017,2026-09-23,16.07,-0.0006219999999999999,14907.54,24068.69092
920018,2026-09-23,14.84,0.0027029999999999997,4711.61,6993.99965
920019,2026-09-23,15.5,-0.015872999999999998,26462.62,41860.36213
920020,2026-09-23,14.72,0.001361,1703.31,2511.59872
920021,2026-09-23,8.06,-0.07780300000000001,355449.18,292998.31801
920022,2026-09-23,19.48,0.027968000000000003,5712.63,11083.14413
920023,2026-09-23,1.44,0.0,24503.94,3508.78181
920025,2026-09-23,29.0,5.807512,493507.7,1549733.90989
920026,2026-09-23,18.9,0.024390000000000002,24197.13,44675.64156
920027,2026-09-23,11.55,-0.005168000000000001,3772.64,4374.50233
920028,2026-09-23,15.6,-0.010152000000000001,14263.42,22326.17194
920029,2026-09-23,32.5,0.0074399999999999996,5730.76,18661.29778
920030,2026-09-23,4.88,0.012447999999999999,35181.69,16951.43444
920033,2026-09-23,13.47,-0.000742,5315.01,7181.66783
920035,2026-09-23,24.65,-0.01004,5443.87,13461.16009
920036,2026-09-23,32.52,0.0018479999999999998,7567.58,24423.74455
920037,2026-09-23,39.41,0.028445,11094.11,43321.60109
920038,2026-09-23,37.75,-0.019481,22341.19,85116.37614
920039,2026-09-23,7.84,0.010308999999999999,31020.58,24867.56996
920045,2026-09-23,559.8,0.049532999999999994,13171.38,723175.82909
920046,2026-09-23,19.79,-0.022716,22928.85,45511.22987
920047,2026-09-23,15.75,0.011560999999999998,45457.91,71819.2612
920050,2026-09-23,28.46,-0.004199,2257.89,6425.05576
920055,2026-09-23,25.64,0.0047020000000000005,2913.69,7467.90702
920056,2026-09-23,14.4,-0.0055249999999999995,5308.37,7677.19841
920057,2026-09-23,4.82,-0.00207,36039.59,17763.34026
920058,2026-09-23,23.34,-0.093592,14854.14,35984.28241
920059,2026-09-23,12.71,-0.013199,19138.13,24605.66942
920060,2026-09-23,31.8,0.042281000000000006,86720.63,271502.29338
920061,2026-09-23,17.3,-0.014245,6774.37,11768.54552
920062,2026-09-23,7.25,0.004155,15696.83,11421.72658
920065,2026-09-23,37.72,-0.072079,44726.69,170011.52072
920066,2026-09-23,18.74,0.001603,2784.47,5182.389
920068,2026-09-23,15.6,-0.004467,7362.99,11543.0773
920069,2026-09-23,32.1,-0.015337,1958.36,6353.62801
920071,2026-09-23,28.35,0.057836,89933.16,250657.34769
920072,2026-09-23,23.83,-0.016508000000000002,12788.07,30996.48814
920075,2026-09-23,16.84,-0.027152,28558.09,48005.35123
920076,2026-09-23,12.59,0.0072,4068.0,5117.06487
920077,2026-09-23,13.19,0.011503000000000001,41996.95,55306.23793
920078,2026-09-23,18.88,-0.002641,13281.94,25103.91449
920079,2026-09-23,12.93,-0.0007729999999999999,17938.76,23226.88556
920080,2026-09-23,20.5,0.0,2637.56,5424.50855
920081,2026-09-23,42.54,0.008057,9920.58,42158.77861
920082,2026-09-23,7.89,-0.003788,5719.38,4515.57354
920083,2026-09-23,48.1,0.055056,93431.44,449854.94082
920086,2026-09-23,20.24,-0.000987,4264.95,8684.64066
920087,2026-09-23,15.67,-0.04276099999999999,119768.24,188881.64793
920088,2026-09-23,40.77,-0.052961999999999995,43289.61,178810.75856
920089,2026-09-23,10.25,0.0199,14432.12,14804.5088
920090,2026-09-23,3.41,-0.020114999999999997,14241.69,4891.97729
920091,2026-09-23,27.96,-0.014104,2483.04,6996.5221
920092,2026-09-23,25.1,-0.036838,15212.15,38694.91581
920093,2026-09-23,19.46,-0.018163,21136.42,41548.58806
920096,2026-09-23,31.53,0.006705,5460.48,17253.97935
920098,2026-09-23,18.4,-0.009688,5765.6,10668.47003
920099,2026-09-23,16.81,0.001191,11366.96,19275.90665
920100,2026-09-23,30.64,0.024749,16442.29,49965.92807
920101,2026-09-23,16.18,-0.003081,2741.81,4472.93958
920106,2026-09-23,35.42,0.039014,11554.47,40592.57489
920107,2026-09-23,20.01,-0.017191,13906.13,27956.73361
920108,2026-09-23,8.64,0.0,2413.95,2088.93883
920110,2026-09-23,25.9,0.005825,2000.6,5230.36771
920111,2026-09-23,26.72,0.005266999999999999,17147.58,45974.78795
920112,2026-09-23,14.75,0.006826,4767.97,7018.16769
920116,2026-09-23,44.59,0.004506,16127.54,71728.24952
920117,2026-09-23,30.03,0.00502,43520.64,130782.57955
920118,2026-09-23,20.65,-0.008641,3078.84,6370.32676
920119,2026-09-23,55.2,0.008218999999999999,4349.47,23897.94378
920121,2026-09-23,27.78,0.001081,620.99,1729.2702
920122,2026-09-23,23.95,-0.014403,11442.88,27766.62422
920123,2026-09-23,10.96,-0.0018210000000000001,9185.8,10083.76158
920124,2026-09-23,12.31,-0.004045,3447.6,4260.99002
920125,2026-09-23,151.86,0.015922000000000002,13330.48,201464.27771
920126,2026-09-23,10.04,-0.007905,14091.38,14288.10799
920128,2026-09-23,19.91,-0.022582,16360.32,33010.48952
920130,2026-09-23,17.35,-0.052948,43725.16,76298.88255
920132,2026-09-23,9.22,-0.027426,15256.86,14297.14808
920136,2026-09-23,21.79,-0.002746,15147.57,33383.82334
920138,2026-09-23,37.35,0.025254,64386.22,236994.80183
920139,2026-09-23,15.69,0.012912,79622.99,125462.35135
920145,2026-09-23,10.1,-0.021318,3151.72,3212.57132
920146,2026-09-23,5.38,-0.04947,98044.38,55191.36947
920149,2026-09-23,8.79,0.006873000000000001,21563.51,19207.22247
920152,2026-09-23,12.07,-0.009031,5868.77,7139.89198
920156,2026-09-23,36.89,-0.002164,4089.64,15120.72266
920158,2026-09-23,7.91,-0.007528,8533.6,6795.94246
920159,2026-09-23,29.39,-0.021638,10587.85,31328.93488
920160,2026-09-23,19.06,0.007932,1962.3,3735.3371
920161,2026-09-23,21.46,-0.004176,23330.68,50213.85937
920163,2026-09-23,9.92,-0.007007,2720.04,2712.20368
920165,2026-09-23,35.28,-0.006477,5067.95,18015.20445
920166,2026-09-23,19.81,-0.005522,1484.67,2975.08107
920167,2026-09-23,13.75,0.0,8418.02,11660.08102
920168,2026-09-23,15.37,0.002609,3374.95,5225.35995
920169,2026-09-23,21.06,-0.032614000000000004,17298.81,36855.45727
920171,2026-09-23,16.01,-0.015375000000000002,10344.12,16666.07843
920174,2026-09-23,31.72,0.016341,10390.25,32856.58394
920175,2026-09-23,7.69,-0.015365,11257.52,8747.64659
920176,2026-09-23,63.71,-0.044398,17136.83,111076.22334
920177,2026-09-23,23.24,-0.003003,2521.89,5883.8561
920178,2026-09-23,92.43,0.025519,10583.38,97295.74251
920179,2026-09-23,59.75,0.040216,35064.69,206955.83027
920180,2026-09-23,11.8,-0.003378,3026.93,3582.55768
920181,2026-09-23,73.63,0.0321,7685.63,55896.53266
920183,2026-09-23,29.72,0.0023610000000000003,2827.32,8455.50737
920184,2026-09-23,11.46,-0.021349,14939.45,17292.98834
920185,2026-09-23,20.37,0.020541,48426.99,98127.15904
920186,2026-09-23,72.8,-0.0038309999999999998,30619.66,223183.88105
920187,2026-09-23,17.33,0.009319,3909.48,6790.38683
920188,2026-09-23,21.89,-0.007256,5248.48,11529.9422
920189,2026-09-23,21.82,0.037072,64124.02,138462.25678
920190,2026-09-23,24.33,-0.013782,31998.36,78466.89463
920191,2026-09-23,8.78,-0.001138,5158.86,4554.78932
920193,2026-09-23,31.38,0.025825,29394.25,91758.73028
920195,2026-09-23,12.78,0.0,4084.78,5198.17357
920198,2026-09-23,8.21,0.021144,32493.12,26621.15186
920199,2026-09-23,24.32,-0.029916,9177.96,22512.23257
920200,2026-09-23,30.04,0.000666,13164.59,39729.27188
920204,2026-09-23,13.26,-0.0007539999999999999,8840.29,11657.91958
920206,2026-09-23,39.84,0.002516,12413.34,49884.77242
920207,2026-09-23,22.58,0.03341,32279.51,72361.19163
920208,2026-09-23,10.89,0.00647,41571.03,45857.37885
920211,2026-09-23,94.53,0.016561,2662.11,25015.80398
920212,2026-09-23,10.59,-0.002825,19146.08,20445.74851
920218,2026-09-23,15.1,-0.007884,6656.04,10102.03084
920220,2026-09-23,41.73,0.008945999999999999,6104.33,25504.6167
920221,2026-09-23,12.5,0.0,3986.64,4998.14498
920222,2026-09-23,26.25,-0.013158000000000001,8554.39,22633.17636
920223,2026-09-23,13.89,-0.0057269999999999995,60635.94,85839.6676
920225,2026-09-23,16.79,0.013277,28910.79,48845.74818
920227,2026-09-23,51.8,-0.058182,15895.52,83192.58154
920229,2026-09-23,92.4,-0.3,4638.79,42862.4196
920230,2026-09-23,11.0,-0.013453,13224.93,14574.85543
920237,2026-09-23,11.13,-0.00625,5691.25,6362.53274
920238,2026-09-23,66.1,0.0041010000000000005,13838.07,92018.15417
920239,2026-09-23,20.31,0.008440999999999999,9730.75,19765.80201
920242,2026-09-23,13.88,-0.005018,2811.22,3916.88165
920245,2026-09-23,13.68,0.0,3967.75,5416.37472
920247,2026-09-23,14.78,0.002034,23400.54,34641.28627
920249,2026-09-23,9.11,-0.008705000000000001,41139.3,37716.03865
920252,2026-09-23,14.68,-0.008778000000000001,9604.1,14181.25692
920258,2026-09-23,10.19,-0.001959,21694.81,22200.66684
920260,2026-09-23,8.29,-0.003606,3647.02,3009.34826
920261,2026-09-23,13.33,0.0,9225.05,12313.75031
920262,2026-09-23,14.36,-0.008972,6118.42,8863.13801
920263,2026-09-23,6.36,-0.036364,18557.02,11887.905
920266,2026-09-23,7.21,-0.005516999999999999,12719.15,9209.9446
920267,2026-09-23,16.19,-0.019976,11562.24,18968.36968
920268,2026-09-23,36.19,0.115942,78614.11,281787.87808
920269,2026-09-23,34.91,-0.013563,15773.63,55949.28626
920270,2026-09-23,11.29,-0.0008849999999999999,5945.13,6727.67219
920271,2026-09-23,9.13,0.001096,3882.7,3561.63226
920273,2026-09-23,17.83,-0.02033,12925.58,23341.48568
920274,2026-09-23,15.44,-0.004513,6694.24,10266.88707
920275,2026-09-23,6.65,-0.007463,6252.18,4186.96053
920278,2026-09-23,6.37,-0.013932,6524.9,4196.69235
920284,2026-09-23,16.42,0.00122,12596.01,20695.34039
920288,2026-09-23,18.94,-0.020176,44059.86,85335.25281
920289,2026-09-23,28.21,-0.00599,30348.1,86646.2052
920298,2026-09-23,89.3,0.063095,61406.86,545104.02726
920299,2026-09-23,13.69,-0.021444,11392.17,15718.47878
920300,2026-09-23,9.89,0.0010119999999999999,8788.33,8694.33358
920304,2026-09-23,9.11,-0.022532,14778.33,13649.4462
920339,2026-09-23,10.79,-0.003693,4176.04,4509.66137
920344,2026-09-23,21.15,-0.010758,35720.27,76340.25485
920346,2026-09-23,16.3,0.07733,50970.11,87055.44204
920351,2026-09-23,12.82,-0.04684,19680.6,25513.85877
920357,2026-09-23,16.19,0.037821,35943.13,57616.20268
920363,2026-09-23,10.02,0.000999,13543.52,13652.90083
920367,2026-09-23,27.59,-0.023363000000000002,50040.31,139941.01847
920368,2026-09-23,23.76,0.029908999999999998,51391.05,122621.37877
920370,2026-09-23,2.9,-0.023569,21680.2,6430.00552
920371,2026-09-23,7.45,-0.013245,34067.36,25379.69892
920374,2026-09-23,15.29,-0.009715,5998.4,9202.86108
920375,2026-09-23,6.41,-0.012327,12551.57,8119.04337
920378,2026-09-23,7.05,-0.002829,2941.76,2075.10367
920392,2026-09-23,13.85,-0.010006999999999999,5858.82,8105.92575
920394,2026-09-23,50.93,0.011921,18884.84,96625.1691
920395,2026-09-23,6.72,-0.002967,6821.31,4619.48009
920396,2026-09-23,18.31,-0.01347,7068.08,13050.80247
920402,2026-09-23,8.42,0.009592,63101.69,53274.24946
920403,2026-09-23,20.3,-0.01885,26830.33,54495.4994
920405,2026-09-23,16.56,-0.007194000000000001,3692.43,6200.41133
920407,2026-09-23,10.83,-0.013661000000000001,5616.42,6123.25589
920414,2026-09-23,7.95,-0.007491,9388.09,7586.64362
920415,2026-09-23,8.94,-0.005562,15424.94,13843.98188
920418,2026-09-23,17.67,0.003977,12262.21,21742.75615
920419,2026-09-23,10.9,-0.023297,6605.56,7271.5114
920422,2026-09-23,9.41,-0.012592,12332.26,11731.43848
920425,2026-09-23,14.26,-0.005579,10989.31,15778.83069
920427,2026-09-23,11.82,-0.046773999999999996,155655.58,187897.64547
920429,2026-09-23,10.59,0.018269,20227.25,21194.98185
920433,2026-09-23,4.74,-0.008368,18998.62,9013.22343
920436,2026-09-23,10.9,-0.009991,8244.04,9077.29931
920438,2026-09-23,120.96,0.098837,73728.15,866756.7157
920445,2026-09-23,7.1,-0.015257,17549.59,12611.7902
920454,2026-09-23,11.47,0.007024,6673.76,7661.88205
920455,2026-09-23,6.57,-0.004545,4375.11,2877.01872
920469,2026-09-23,5.85,-0.016807000000000002,17136.54,10109.99637
920471,2026-09-23,11.68,-0.008489,8485.18,9978.37244
920475,2026-09-23,11.52,-0.002597,3502.38,4031.39009
920476,2026-09-23,23.63,0.024274,13129.2,30908.9416
920478,2026-09-23,11.54,-0.096319,154142.28,184442.65152
920489,2026-09-23,12.82,0.012638,27033.58,34615.73429
920491,2026-09-23,22.15,0.0077339999999999996,19393.77,43013.82008
920493,2026-09-23,115.15,-0.010144,12854.17,147815.33216
920496,2026-09-23,6.46,-0.009202,21172.72,13676.48946
920504,2026-09-23,18.56,-0.008547,2849.28,5327.64224
920505,2026-09-23,26.69,-0.021627999999999998,8606.54,23171.42883
920508,2026-09-23,14.8,-0.017916,4965.63,7443.47844
920509,2026-09-23,23.6,0.089063,88030.96,206673.70023
920510,2026-09-23,20.27,0.019618,44930.49,91041.18385
920519,2026-09-23,11.16,0.00813,28776.47,31831.36874
920522,2026-09-23,17.61,0.020870000000000003,46733.33,81966.23961
920523,2026-09-23,14.83,0.008158,6473.62,9627.91392
920526,2026-09-23,23.51,-0.100612,102678.13,249259.05846
920527,2026-09-23,15.59,0.0025719999999999996,7099.12,11126.0233
920533,2026-09-23,16.61,-0.002402,17760.98,29436.99215
920541,2026-09-23,9.58,0.0,2844.53,2726.5262
920547,2026-09-23,19.05,-0.014485,3003.31,5780.89055
920553,2026-09-23,6.8,-0.014493,4115.6,2818.50768
920556,2026-09-23,6.68,-0.002985,6871.34,4600.65782
920564,2026-09-23,14.01,0.015217000000000001,14022.32,19823.4667
920566,2026-09-23,9.47,0.001057,10231.09,9649.98826
920570,2026-09-23,25.34,0.012385,6192.42,15653.92613
920571,2026-09-23,8.84,-0.018868,161610.79,143075.23185
920575,2026-09-23,5.39,0.013158000000000001,64266.51,35203.84061
920576,2026-09-23,38.27,0.007105,16686.69,64037.14362
920578,2026-09-23,17.42,-0.001719,5406.12,9455.44713
920579,2026-09-23,14.16,0.000707,4718.52,6717.22579
920580,2026-09-23,11.19,0.013587,17073.45,19009.56955
920592,2026-09-23,27.55,-0.003977,57973.77,161741.49732
920593,2026-09-23,23.38,0.005159,14376.8,33619.93767
920599,2026-09-23,17.5,0.01922,32054.88,55891.4461
920608,2026-09-23,13.84,-0.004317,3918.44,5438.97887
920627,2026-09-23,13.42,-0.015406999999999999,5365.49,7258.85751
920634,2026-09-23,15.94,-0.013614,7388.55,11809.8752
920639,2026-09-23,6.03,-0.009852,10846.35,6558.99962
920640,2026-09-23,27.46,0.043710000000000006,57323.06,155904.27435
920641,2026-09-23,13.31,-0.006716,6271.7,8422.5281
920642,2026-09-23,9.91,-0.01393,13376.19,13348.24455
920651,2026-09-23,19.56,-0.024439000000000002,14869.38,29440.50815
920656,2026-09-23,14.99,-0.001997,2415.73,3617.79841
920662,2026-09-23,19.05,0.0036880000000000003,9734.91,18616.21163
920663,2026-09-23,12.44,0.004847000000000001,3185.29,3957.78722
920665,2026-09-23,8.55,0.004699999999999999,9770.88,8369.47988
920670,2026-09-23,12.53,-0.028682,9946.26,12626.99597
920675,2026-09-23,7.43,-0.011968000000000001,6809.36,5076.97615
920679,2026-09-23,15.54,0.009091,2513.06,3882.48701
920682,2026-09-23,5.83,-0.001712,10627.81,6202.55191
920685,2026-09-23,12.78,0.073048,38909.99,48224.84669
920689,2026-09-23,19.78,-0.00503,3187.96,6334.74411
920690,2026-09-23,15.68,-0.0006370000000000001,7094.89,11176.52893
920693,2026-09-23,24.59,0.018219,10063.25,24597.68258
920694,2026-09-23,16.66,0.000601,4671.11,7787.05366
920699,2026-09-23,67.55,-0.006618000000000001,6917.55,47052.2739
920701,2026-09-23,11.04,-0.013405,15977.79,17923.2528
920703,2026-09-23,9.59,-0.0062180000000000004,4595.95,4428.93486
920706,2026-09-23,15.09,-0.013080000000000001,30743.38,47875.20458
920717,2026-09-23,6.77,-0.015988,3992.87,2730.89757
920718,2026-09-23,10.51,-0.01959,4871.43,5206.81244
920719,2026-09-23,7.03,-0.0014199999999999998,14163.17,9965.01946
920720,2026-09-23,7.99,0.001253,14974.99,11985.12466
920725,2026-09-23,94.28,0.0397,56200.2,526254.39361
920726,2026-09-23,15.46,-0.025221,17445.59,27257.93247
920729,2026-09-23,6.81,-0.028531,7685.11,5305.31087
920735,2026-09-23,26.15,0.003069,23327.58,61240.12773
920748,2026-09-23,28.08,-0.044248,18795.97,53568.17215
920751,2026-09-23,15.01,-0.0026579999999999998,4358.85,6542.61287
920753,2026-09-23,15.09,-0.00396,3544.36,5378.81909
920765,2026-09-23,11.66,-0.012701,6524.79,7632.97928
920768,2026-09-23,7.25,-0.001377,8831.87,6388.21231
920770,2026-09-23,10.39,-0.020735,24534.17,25896.52542
920779,2026-09-23,22.78,-0.016832,6532.58,15071.13757
920781,2026-09-23,5.73,0.0017480000000000002,6348.89,3629.13159
920786,2026-09-23,7.4,-0.028871,85302.52,63883.22108
920790,2026-09-23,23.15,-0.028128,18364.85,43108.76035
920792,2026-09-23,9.41,0.003198,2670.6,2509.56636
920799,2026-09-23,32.3,-0.012836,35812.35,116107.78761
920802,2026-09-23,10.86,-0.011829000000000001,2394.82,2607.98598
920806,2026-09-23,10.13,0.001978,15831.23,16117.19214
920807,2026-09-23,9.5,-0.014523,51524.28,49710.02862
920808,2026-09-23,59.27,0.002029,13177.86,78487.33899
920809,2026-09-23,6.94,0.007257,75938.55,52865.34476
920810,2026-09-23,8.65,-0.024803000000000002,6316.01,5524.70402
920819,2026-09-23,3.05,-0.00974,47025.87,14392.06278
920821,2026-09-23,22.65,0.022573,80487.34,181858.02859
920826,2026-09-23,8.62,-0.017103999999999998,27525.26,24019.35295
920832,2026-09-23,6.58,-0.025185,21338.0,14046.91655
920833,2026-09-23,9.81,0.0,5260.3,5187.24738
920834,2026-09-23,9.03,-0.010953,4678.2,4266.06047
920837,2026-09-23,10.3,0.026919,20167.1,20930.8323
920839,2026-09-23,24.04,0.015632,8313.85,19948.12561
920855,2026-09-23,13.14,-0.047136,14248.63,19076.4437
920856,2026-09-23,11.8,-0.008403,11438.84,13698.5528
920857,2026-09-23,17.95,-0.041643999999999994,6074.6,11171.61518
920866,2026-09-23,6.38,-0.024465,29444.89,18938.0686
920870,2026-09-23,11.57,-0.0025859999999999998,5267.51,6121.84704
920871,2026-09-23,11.22,0.008086,8635.25,9621.05229
920873,2026-09-23,8.16,0.036849,130128.98,110830.77776
920876,2026-09-23,16.65,-0.011283000000000001,11898.62,20003.04199
920879,2026-09-23,12.52,0.011309,11519.91,14409.6089
920885,2026-09-23,12.47,0.010535000000000001,14781.5,18242.82566
920892,2026-09-23,12.01,0.002504,39966.14,49528.60165
920895,2026-09-23,22.42,-0.074319,64560.52,148894.13041
920896,2026-09-23,12.54,0.026187000000000002,8201.79,10207.18647
920906,2026-09-23,15.29,-0.009715,2915.71,4472.05545
920914,2026-09-23,16.85,0.01262,9270.38,15526.92002
920924,2026-09-23,15.02,0.0,15542.44,23205.27164
920925,2026-09-23,11.28,-0.008787,5833.54,6607.68976
920926,2026-09-23,10.1,0.0,3115.4,3142.47204
920931,2026-09-23,10.02,0.003003,4517.75,4555.76258
920932,2026-09-23,10.45,-0.009479,8480.78,8881.8053
920942,2026-09-23,17.23,-0.013737999999999998,4625.62,8031.82553
920943,2026-09-23,14.61,-0.01217,9270.81,13603.30214
920946,2026-09-23,10.65,0.012357,60047.08,63879.88798
920950,2026-09-23,13.16,-0.009781999999999999,1288.19,1704.83224
920953,2026-09-23,23.36,0.0068969999999999995,15622.29,36281.54687
920957,2026-09-23,9.77,-0.019076,9017.68,8874.4147
920961,2026-09-23,25.12,0.10369099999999999,184698.87,471739.32897
920964,2026-09-23,4.84,-0.018255999999999998,30151.94,14687.27613
920970,2026-09-23,6.33,-0.037994,32611.94,20930.19828
920971,2026-09-23,28.82,0.041561,49242.51,140982.61797
920974,2026-09-23,6.25,0.006441,5151.77,3218.31718
920976,2026-09-23,22.03,0.0,9760.96,21516.3653
920978,2026-09-23,17.43,0.015143,13174.37,22998.33652
920981,2026-09-23,32.05,0.037217,34708.35,111302.52062
920982,2026-09-23,121.34,0.058998,19083.77,228939.87513
920985,2026-09-23,4.6,0.0,18976.59,8778.79731
920992,2026-09-23,12.77,0.02818,63596.57,84316.71298
