symbol,date,close,ret,vol,amount
000001,2026-05-22,10.68,-0.001869,954132.73,1020057.083
000002,2026-05-22,3.46,-0.002882,866518.3,300537.453
000006,2026-05-22,10.88,0.040153,481893.68,519744.625
000007,2026-05-22,12.46,0.072289,309779.9,389559.8
000008,2026-05-22,2.62,0.0038309999999999998,288969.32,75248.335
000009,2026-05-22,7.76,0.0012900000000000001,170258.36,131777.456
000010,2026-05-22,2.23,-0.051064,399042.97,89476.723
000011,2026-05-22,7.56,0.013405,39205.0,29355.057
000012,2026-05-22,4.4,0.1,1257725.57,518235.465
000014,2026-05-22,11.37,0.016086,53008.8,59726.688
000016,2026-05-22,3.3,0.012270000000000001,276327.17,90368.436
000017,2026-05-22,5.71,0.019643,63962.85,36136.411
000019,2026-05-22,6.73,-0.002963,102753.04,69166.725
000020,2026-05-22,13.21,0.032031000000000004,76840.0,100542.105
000021,2026-05-22,37.73,0.037393,1912395.92,7072333.515
000025,2026-05-22,14.88,0.017784,30298.96,44918.605
000026,2026-05-22,25.55,0.099871,239173.19,588024.673
000027,2026-05-22,7.31,0.008276,396812.6,289699.999
000028,2026-05-22,23.8,-0.004184,17503.52,41696.954
000029,2026-05-22,25.5,0.033644,219019.18,548283.339
000030,2026-05-22,4.71,0.004264,105437.3,49446.121
000031,2026-05-22,2.64,0.0,347562.0,91716.539
000032,2026-05-22,19.19,0.003136,355021.53,674973.89
000034,2026-05-22,29.07,0.037844,495698.57,1424713.166
000035,2026-05-22,5.99,-0.006633,323145.95,194647.432
000036,2026-05-22,5.44,0.007407,259032.1,140206.98
000037,2026-05-22,9.89,0.029136000000000002,158132.0,154193.708
000039,2026-05-22,10.33,0.013739,806776.54,821365.946
000042,2026-05-22,10.03,0.000998,45952.3,45916.062
000045,2026-05-22,12.2,0.033023,102136.9,123151.393
000048,2026-05-22,13.61,-0.005117,64265.54,87867.571
000049,2026-05-22,27.42,0.03785,115938.1,314832.003
000050,2026-05-22,7.95,0.046053,939951.63,716938.06
000055,2026-05-22,3.59,0.022792,121438.5,43328.979
000056,2026-05-22,1.26,-0.045454999999999995,587893.72,74347.538
000058,2026-05-22,7.58,0.00664,60699.0,45892.367
000059,2026-05-22,4.71,-0.008421,196439.4,92149.997
000060,2026-05-22,7.57,0.10029099999999999,1784372.36,1298780.346
000061,2026-05-22,6.53,0.007716,124504.48,81272.651
000062,2026-05-22,34.63,0.042131,585361.16,1991429.172
000063,2026-05-22,35.64,0.023256000000000002,1196842.8,4217793.336
000065,2026-05-22,12.19,-0.00082,178603.57,217573.723
000066,2026-05-22,20.93,0.031034000000000003,2827052.69,5860302.81
000068,2026-05-22,3.1,-0.009585,138360.66,42686.015
000069,2026-05-22,1.95,-0.005102,395306.02,76904.119
000070,2026-05-22,18.48,0.027237,707555.02,1283460.454
000078,2026-05-22,1.63,-0.052326,464785.0,75803.209
000088,2026-05-22,4.48,-0.0022270000000000002,260192.24,116676.489
000089,2026-05-22,6.7,-0.004458,75391.0,50653.971
000090,2026-05-22,3.31,0.012232,112442.85,37021.596
000096,2026-05-22,8.63,-0.001157,49301.0,42402.533
000099,2026-05-22,16.57,-0.016617,103807.14,172457.629
000100,2026-05-22,4.38,0.002288,19596776.23,8329801.613
000151,2026-05-22,11.57,0.013134999999999999,79483.44,91719.271
000153,2026-05-22,6.0,0.010101,58379.6,34868.493
000155,2026-05-22,14.3,-0.005563,478879.67,683507.054
000156,2026-05-22,7.22,-0.004138,131094.0,94499.183
000157,2026-05-22,7.3,0.0041270000000000005,660557.42,479101.386
000158,2026-05-22,15.45,0.001946,244525.55,374653.007
000159,2026-05-22,7.09,0.042647000000000004,553808.47,392292.75
000166,2026-05-22,4.42,-0.011186,976207.17,432468.456
000301,2026-05-22,12.39,-0.010383,260454.12,324250.064
000333,2026-05-22,80.28,-0.014969,309848.02,2493884.552
000338,2026-05-22,34.01,0.053594,1004087.06,3368399.384
000400,2026-05-22,25.92,-0.000386,160732.78,417621.051
000401,2026-05-22,3.98,0.005051,103875.39,41465.107
000402,2026-05-22,2.93,0.020905999999999998,589714.56,171749.384
000403,2026-05-22,11.51,-0.003463,265019.66,302196.434
000404,2026-05-22,9.73,-0.014184,578560.36,562840.987
000407,2026-05-22,4.74,-0.02268,315099.65,149376.053
000408,2026-05-22,80.96,0.035427,124263.14,991876.36
000409,2026-05-22,9.55,0.005263,52177.57,49435.315
000410,2026-05-22,5.8,0.008696,213734.66,122377.494
000411,2026-05-22,12.12,0.017632000000000002,195612.66,233707.638
000415,2026-05-22,4.14,0.0,640139.37,265608.113
000417,2026-05-22,10.24,0.099893,2595716.89,2587952.755
000419,2026-05-22,5.33,0.00188,68076.66,36117.463
000420,2026-05-22,4.8,0.027837,823030.12,391257.831
000421,2026-05-22,6.07,0.011667,63167.01,37983.97
000422,2026-05-22,14.37,-0.0027760000000000003,236238.48,338331.92
000423,2026-05-22,49.52,-0.0026179999999999997,51397.31,253394.323
000425,2026-05-22,9.65,0.008359,932064.32,900077.855
000426,2026-05-22,41.47,0.040391,579071.61,2366779.017
000428,2026-05-22,3.7,-0.015957,177921.39,65248.896
000429,2026-05-22,13.29,0.003776,70153.7,93177.469
000430,2026-05-22,7.29,-0.009510999999999999,74466.74,54116.028
000488,2026-05-22,2.29,-0.008658,138699.56,31753.917
000498,2026-05-22,5.27,-0.003781,68618.52,36187.834
000501,2026-05-22,7.52,-0.006605,58035.73,43610.063
000503,2026-05-22,7.25,-0.0041210000000000005,111980.13,81241.661
000504,2026-05-22,9.49,0.025945999999999997,54879.01,51288.243
000505,2026-05-22,6.23,0.011364,81194.16,50367.499
000506,2026-05-22,14.2,0.017921,309905.63,437021.436
000507,2026-05-22,5.21,0.0038540000000000002,80143.86,41594.876
000509,2026-05-22,3.92,0.031579,514671.2,196203.127
000510,2026-05-22,14.94,0.100147,323627.5,470852.826
000513,2026-05-22,30.8,-0.006772,40582.37,125102.625
000514,2026-05-22,4.5,0.011236,88418.48,39727.016
000516,2026-05-22,4.39,-0.011261,169319.55,74467.742
000517,2026-05-22,1.89,0.027174,200108.0,37344.145
000518,2026-05-22,4.13,0.101333,1712634.25,705070.644
000519,2026-05-22,17.91,0.064804,514030.05,907398.147
000520,2026-05-22,3.86,0.0,137578.99,52902.549
000521,2026-05-22,5.47,-0.001825,64120.25,34862.061
000523,2026-05-22,3.25,0.009316999999999999,187300.0,60436.773
000524,2026-05-22,9.09,-0.008723999999999999,69263.92,63052.484
000525,2026-05-22,5.02,0.0,152641.09,76088.856
000526,2026-05-22,31.4,0.0,14545.0,45475.735
000528,2026-05-22,9.16,0.007701,213821.35,195282.663
000529,2026-05-22,5.27,0.0,38779.0,20228.396
000530,2026-05-22,5.74,0.012346,151555.14,86095.345
000531,2026-05-22,7.03,0.008608,157747.84,110013.695
000532,2026-05-22,13.64,0.1,275506.19,362979.163
000533,2026-05-22,12.32,0.017341,294898.15,361760.778
000534,2026-05-22,35.91,0.004195,166723.4,594872.613
000536,2026-05-22,4.38,0.020979,2650703.57,1133213.569
000537,2026-05-22,10.26,0.006868999999999999,337581.94,345046.638
000538,2026-05-22,49.8,-0.006583,63073.4,314679.7
000539,2026-05-22,6.53,0.013975,668623.27,432725.311
000541,2026-05-22,5.18,0.013699,196332.65,99765.086
000543,2026-05-22,8.73,0.031915,710487.77,615851.741
000544,2026-05-22,8.08,0.006227,40393.33,32471.311
000545,2026-05-22,2.68,0.030769,370923.8,97926.043
000546,2026-05-22,6.13,0.019967,367708.0,222054.967
000547,2026-05-22,23.7,0.012388,735575.51,1721976.711
000548,2026-05-22,5.26,0.023346,240883.21,124110.911
000550,2026-05-22,17.56,-0.00791,33012.0,58035.444
000551,2026-05-22,17.34,0.0,300687.25,509808.947
000552,2026-05-22,2.65,0.003788,502306.0,132370.336
000553,2026-05-22,6.5,0.012461,124181.76,80383.277
000554,2026-05-22,7.33,0.002736,137294.57,99962.341
000555,2026-05-22,13.9,0.070054,695463.73,978709.45
000557,2026-05-22,4.4,0.009174,110401.13,48568.657
000558,2026-05-22,3.75,0.010782,219336.0,81889.191
000559,2026-05-22,17.91,-0.00995,1202553.01,2149008.228
000560,2026-05-22,2.85,0.0035210000000000003,681524.34,193365.191
000561,2026-05-22,8.95,0.018203,89227.11,79108.415
000563,2026-05-22,3.03,-0.009804,353266.26,106994.228
000564,2026-05-22,1.64,0.051281999999999994,6202383.62,1038010.453
000565,2026-05-22,7.71,0.027999999999999997,103908.75,79666.199
000566,2026-05-22,4.28,0.002342,213252.32,91062.305
000567,2026-05-22,6.11,-0.011327,260595.06,158910.31
000568,2026-05-22,90.02,-0.015314000000000001,78198.7,704539.788
000570,2026-05-22,6.13,0.016584,153548.2,93104.926
000571,2026-05-22,5.85,0.026316000000000003,236278.66,137460.101
000572,2026-05-22,4.9,0.012397,323218.74,158460.295
000573,2026-05-22,4.59,0.031461,186928.29,84855.513
000576,2026-05-22,8.2,0.013597,76710.0,62587.971
000581,2026-05-22,19.7,-0.008056,121494.58,239568.724
000582,2026-05-22,12.38,-0.014331,452697.4,559029.136
000586,2026-05-22,17.62,-0.020022,182839.0,319362.338
000589,2026-05-22,4.74,0.0063690000000000005,279687.0,131851.148
000590,2026-05-22,10.44,0.024533999999999997,39618.0,41107.911
000591,2026-05-22,5.82,-0.005128000000000001,1353640.6,782151.838
000592,2026-05-22,10.02,0.002,925138.88,925087.567
000593,2026-05-22,23.21,-0.010235000000000001,209650.85,486476.464
000595,2026-05-22,7.93,0.050331,240819.44,188407.275
000596,2026-05-22,92.25,-0.028845,36209.98,335236.341
000597,2026-05-22,4.76,-0.018557,106030.47,50652.8
000598,2026-05-22,6.58,0.00458,162094.99,106550.978
000599,2026-05-22,5.55,0.018349,141757.0,77914.899
000600,2026-05-22,10.13,0.0,606164.47,614482.314
000601,2026-05-22,7.33,0.009642,915570.98,666649.414
000603,2026-05-22,33.05,0.020062000000000003,138265.36,453616.929
000605,2026-05-22,6.8,0.028744000000000002,61024.2,41025.245
000607,2026-05-22,3.8,0.013333,146766.44,55017.628
000608,2026-05-22,3.88,-0.020202,295422.25,114090.754
000609,2026-05-22,14.08,-0.049933,102639.64,144846.427
000610,2026-05-22,7.65,0.02,49642.0,37552.967
000612,2026-05-22,12.47,0.052321,490706.19,601969.447
000615,2026-05-22,3.56,0.025937,107972.8,38191.529
000617,2026-05-22,8.13,-0.014544999999999999,1054513.86,859308.755
000619,2026-05-22,5.96,0.034722,68663.0,40310.159
000620,2026-05-22,3.13,0.019544,1809178.76,562766.735
000623,2026-05-22,17.42,-0.0057079999999999995,118701.83,206999.001
000625,2026-05-22,8.44,-0.003542,743470.19,624973.083
000626,2026-05-22,8.01,0.012642,94105.0,75011.294
000628,2026-05-22,59.38,0.022735,100477.05,593411.651
000629,2026-05-22,3.74,0.074713,2339356.94,854298.696
000630,2026-05-22,6.36,0.10034599999999999,4910185.28,3024948.637
000631,2026-05-22,3.21,0.009434,155815.0,49776.696
000632,2026-05-22,3.9,-0.005102,152507.0,59922.569
000633,2026-05-22,6.18,0.03,93825.0,57281.95
000635,2026-05-22,7.52,0.025921,65157.0,48730.719
000636,2026-05-22,37.62,0.1,313716.85,1172661.612
000637,2026-05-22,4.56,0.029345,94732.75,42524.875
000639,2026-05-22,1.58,0.019355,446920.88,70053.846
000650,2026-05-22,5.38,-0.005545,110657.0,59735.228
000651,2026-05-22,38.74,-0.003088,386699.56,1495945.911
000652,2026-05-22,3.83,0.021333,186748.63,70895.826
000655,2026-05-22,7.59,0.03125,95802.0,72441.494
000656,2026-05-22,1.47,0.013793,919751.64,133976.649
000657,2026-05-22,62.38,0.099982,918080.38,5545023.114
000659,2026-05-22,4.14,0.002421,247814.3,102375.874
000661,2026-05-22,79.0,-0.019851,47176.06,373725.832
000663,2026-05-22,6.47,0.025356999999999998,62506.0,40074.964
000665,2026-05-22,4.59,-0.015021,191241.8,87751.919
000668,2026-05-22,17.9,0.028736,16100.2,28290.453
000669,2026-05-22,4.17,-0.050114,233563.68,98656.554
000670,2026-05-22,8.9,0.10012399999999999,1339649.9,1156970.185
000672,2026-05-22,18.64,0.030404,346759.85,643935.243
000676,2026-05-22,6.81,0.001471,208299.49,141143.666
000677,2026-05-22,2.15,-0.048673,31947.0,6868.605
000678,2026-05-22,12.38,0.002429,147220.15,180917.698
000679,2026-05-22,6.77,0.013472999999999999,54453.81,36562.176
000680,2026-05-22,11.63,0.0060550000000000005,179119.94,206652.789
000681,2026-05-22,20.59,0.000972,242508.67,497332.434
000682,2026-05-22,13.74,0.036199,308974.46,418452.909
000683,2026-05-22,7.5,0.0040160000000000005,415341.99,312904.982
000685,2026-05-22,12.19,-0.012156,403067.59,490609.231
000686,2026-05-22,7.99,-0.014797,306289.98,246072.916
000688,2026-05-22,43.5,-0.0034360000000000003,284227.39,1221509.21
000690,2026-05-22,5.21,0.007737000000000001,805472.38,418862.463
000691,2026-05-22,8.52,0.032727,61359.01,51794.629
000692,2026-05-22,4.83,0.00625,133345.0,64235.063
000695,2026-05-22,16.12,0.048796,430965.01,697191.212
000697,2026-05-22,12.05,0.027280000000000002,178444.82,212358.401
000698,2026-05-22,3.61,0.00838,46953.27,16892.673
000700,2026-05-22,15.45,0.023857,1503576.0,2296914.186
000701,2026-05-22,5.9,0.049822,223699.0,130349.391
000702,2026-05-22,6.59,0.018547,61960.0,40608.719
000703,2026-05-22,13.84,-0.012839,413272.77,575097.245
000705,2026-05-22,7.32,0.004115,61219.0,44556.494
000707,2026-05-22,5.28,0.009559999999999999,64388.23,33775.353
000708,2026-05-22,14.24,0.013523,122349.52,173230.658
000709,2026-05-22,2.2,0.0,784108.93,172073.73
000710,2026-05-22,9.48,-0.009404000000000001,84982.0,80758.696
000711,2026-05-22,5.79,0.050816999999999994,1099954.97,617395.83
000712,2026-05-22,10.0,-0.037536,384602.62,389013.879
000713,2026-05-22,5.95,-0.001678,42893.42,25456.963
000715,2026-05-22,5.42,0.036329,133949.48,71358.518
000716,2026-05-22,5.76,0.043478,717960.98,409674.384
000717,2026-05-22,2.25,-0.008811,187120.0,41847.396
000718,2026-05-22,1.97,0.005102,170483.0,33527.557
000719,2026-05-22,13.52,-0.013139000000000001,39459.17,53580.118
000720,2026-05-22,4.99,0.018367,554049.18,274741.454
000721,2026-05-22,6.4,-0.013867,85588.0,54676.913
000722,2026-05-22,13.63,0.007391,143534.33,194843.186
000723,2026-05-22,4.07,0.027778,576815.59,230586.092
000725,2026-05-22,5.16,0.100213,60110591.97,29162865.532
000726,2026-05-22,5.99,0.008418,62716.72,37432.14
000727,2026-05-22,2.88,0.014085,1687237.2,477558.231
000728,2026-05-22,7.17,-0.016461,683957.62,492385.404
000729,2026-05-22,12.12,-0.024940000000000004,342000.49,418823.284
000731,2026-05-22,6.33,0.009569,82665.54,52073.439
000733,2026-05-22,49.17,0.075459,329668.22,1594416.664
000735,2026-05-22,5.95,0.010187,125953.4,74717.514
000736,2026-05-22,5.49,0.024253999999999998,93547.3,50891.934
000737,2026-05-22,14.14,0.046632,490971.94,684500.925
000738,2026-05-22,20.91,-0.008535000000000001,217731.78,454379.724
000739,2026-05-22,16.91,-0.004122,88170.38,149039.983
000750,2026-05-22,3.74,-0.013193,589466.27,221238.885
000751,2026-05-22,5.51,0.051527,645867.52,350586.95
000752,2026-05-22,9.03,0.013468,24666.35,22155.135
000753,2026-05-22,5.96,-0.005008,135223.47,80230.695
000755,2026-05-22,5.1,0.001965,69138.53,34879.481
000756,2026-05-22,14.05,-0.002839,31927.92,44907.877
000757,2026-05-22,4.42,0.016092,137999.21,60334.313
000758,2026-05-22,7.1,0.056548,534046.23,373469.732
000759,2026-05-22,4.97,0.010163,143754.33,71189.823
000761,2026-05-22,2.59,0.023715,134696.81,34651.987
000762,2026-05-22,31.88,0.02016,183195.65,576763.254
000766,2026-05-22,23.06,-0.000433,100553.93,230069.392
000767,2026-05-22,4.72,0.065463,3629868.57,1713071.998
000768,2026-05-22,21.75,-0.025537999999999998,401515.87,882066.031
000776,2026-05-22,19.05,-0.013975,530072.4,1010905.39
000777,2026-05-22,18.56,0.011444000000000001,60075.26,110803.837
000778,2026-05-22,4.22,-0.0023639999999999998,365170.51,153621.305
000779,2026-05-22,7.74,0.010444,59171.0,45614.98
000782,2026-05-22,7.8,0.012987,229663.0,178602.836
000783,2026-05-22,8.23,-0.016726,1152985.69,949622.136
000785,2026-05-22,2.36,0.0,327141.05,76930.123
000786,2026-05-22,23.78,-0.004604,75086.85,178387.329
000788,2026-05-22,5.54,0.014652,128977.0,70939.852
000789,2026-05-22,4.58,0.002188,39728.4,18139.365
000790,2026-05-22,4.31,0.023753000000000003,190530.05,81272.741
000791,2026-05-22,8.78,0.0034289999999999998,522175.48,456913.88
000792,2026-05-22,32.84,0.017348,715791.03,2322469.614
000793,2026-05-22,2.7,0.015038000000000001,163793.4,43820.71
000795,2026-05-22,9.1,0.023622,147831.73,133343.571
000796,2026-05-22,4.74,-0.0125,406144.74,192174.644
000797,2026-05-22,2.6,0.003861,184511.98,47865.273
000798,2026-05-22,8.75,0.010393,54214.01,47223.109
000799,2026-05-22,39.92,-0.04429,109240.0,437254.837
000800,2026-05-22,6.14,0.0,109618.76,67180.174
000801,2026-05-22,13.74,0.017778000000000002,252507.61,342497.443
000802,2026-05-22,4.97,-0.006,314505.19,156097.602
000803,2026-05-22,7.87,0.0,85125.2,67327.258
000807,2026-05-22,30.76,0.025675,525797.93,1612758.68
000809,2026-05-22,3.93,-0.0175,898647.53,347274.341
000810,2026-05-22,12.48,-0.0063690000000000005,184777.0,229073.482
000811,2026-05-22,34.45,-0.021029,567741.34,1945275.953
000812,2026-05-22,3.85,0.013158000000000001,111655.11,42609.043
000813,2026-05-22,3.44,-0.09711299999999999,1094851.5,379266.052
000815,2026-05-22,19.19,0.028954,588745.94,1113245.145
000816,2026-05-22,2.73,0.018657,264259.67,71646.907
000818,2026-05-22,16.08,0.099863,472751.61,728887.215
000819,2026-05-22,15.51,0.010423,124030.8,191961.811
000820,2026-05-22,3.82,0.032431999999999996,62943.0,23632.418
000821,2026-05-22,9.86,0.018595,79328.02,77609.253
000822,2026-05-22,5.17,0.019724,153338.79,78281.935
000823,2026-05-22,16.39,0.076165,454455.1,731245.842
000825,2026-05-22,3.94,0.012853000000000002,285425.51,111880.367
000826,2026-05-22,2.26,0.051163,389279.73,86695.3
000828,2026-05-22,10.02,0.0,48417.93,48315.145
000829,2026-05-22,9.27,-0.027282,350368.59,327702.691
000830,2026-05-22,13.77,0.025316,345461.56,469604.042
000831,2026-05-22,51.51,0.006841000000000001,213551.29,1099428.466
000833,2026-05-22,25.73,0.018203,297442.56,764096.659
000837,2026-05-22,12.65,-0.002366,385837.53,486930.472
000838,2026-05-22,1.74,-0.033333,250012.1,43632.721
000839,2026-05-22,3.18,0.0,869508.74,274475.324
000848,2026-05-22,8.71,0.002301,118207.76,102989.316
000850,2026-05-22,4.2,0.012048000000000001,98230.8,40991.966
000852,2026-05-22,6.39,0.00314,161667.05,102585.531
000856,2026-05-22,10.75,0.070717,222056.0,231095.61
000858,2026-05-22,84.03,-0.015466,260370.9,2196206.566
000859,2026-05-22,10.82,0.046422,1042458.88,1104592.695
000860,2026-05-22,11.22,-0.02773,92209.3,104463.185
000862,2026-05-22,6.5,-0.003067,298905.61,194101.49
000863,2026-05-22,5.57,0.037244,401979.04,225047.788
000868,2026-05-22,4.12,0.004878,98951.96,40592.298
000869,2026-05-22,18.74,-0.022941,21562.0,40330.061
000875,2026-05-22,6.24,-0.003195,422663.94,264615.189
000876,2026-05-22,8.11,-0.004908,181182.56,147210.586
000877,2026-05-22,4.48,0.037037,230654.15,103222.194
000878,2026-05-22,18.06,0.058617,560722.46,996360.094
000880,2026-05-22,33.85,-0.010523,470007.61,1577183.551
000881,2026-05-22,7.77,0.022368000000000002,126550.93,96931.175
000882,2026-05-22,1.45,-0.006848999999999999,501373.21,72190.649
000883,2026-05-22,4.89,-0.008114,486915.12,238179.567
000885,2026-05-22,13.48,0.004471,46547.91,62462.31
000886,2026-05-22,5.08,0.005940999999999999,103838.35,52506.544
000887,2026-05-22,20.47,0.068372,942993.29,1872785.657
000888,2026-05-22,10.45,-0.022451,80704.14,84914.226
000889,2026-05-22,4.23,0.044444,874276.19,363703.298
000890,2026-05-22,11.7,0.004292000000000001,403008.04,472906.353
000892,2026-05-22,4.16,0.012164999999999999,267404.67,110807.117
000893,2026-05-22,46.9,-0.00488,98325.05,461296.091
000895,2026-05-22,25.73,-0.005796,89471.56,230176.062
000897,2026-05-22,1.98,0.010204,174327.32,34307.981
000898,2026-05-22,2.03,0.0049499999999999995,335430.3,67867.509
000899,2026-05-22,13.08,0.019486,227585.15,296464.095
000900,2026-05-22,3.94,0.0,159522.84,62656.188
000901,2026-05-22,20.97,-0.009447,196909.33,412098.991
000902,2026-05-22,14.22,0.004237,88905.74,125467.749
000903,2026-05-22,1.87,0.005376,230090.0,42666.379
000905,2026-05-22,10.0,0.005024999999999999,96915.46,96820.17
000906,2026-05-22,6.32,0.022654,111488.95,69528.733
000908,2026-05-22,7.38,0.015130999999999999,102989.01,75791.724
000909,2026-05-22,4.83,-0.032064,75954.0,37014.801
000910,2026-05-22,6.77,0.002963,116577.0,78664.89
000911,2026-05-22,5.75,0.0,45275.0,26171.367
000912,2026-05-22,4.01,0.017766,251557.25,99996.4
000913,2026-05-22,12.13,-0.007365,40733.01,49560.97
000915,2026-05-22,27.73,-0.003235,18117.0,50383.022
000917,2026-05-22,8.1,0.011236,299698.59,240543.792
000919,2026-05-22,6.56,0.009231,103796.0,67824.278
000920,2026-05-22,11.3,0.050186,60807.0,66935.484
000921,2026-05-22,24.11,-0.004131,54661.58,131559.221
000922,2026-05-22,13.91,0.057795,417660.42,580214.138
000923,2026-05-22,15.76,0.029393,124057.04,193525.758
000925,2026-05-22,8.34,0.01956,445098.6,367311.671
000926,2026-05-22,2.06,-0.009615,727792.64,148976.001
000927,2026-05-22,2.68,0.011321000000000001,445961.21,118845.782
000928,2026-05-22,6.29,-0.009448999999999999,158005.69,99733.435
000929,2026-05-22,11.52,0.048226000000000005,34716.0,39294.525
000930,2026-05-22,5.21,0.0038540000000000002,150292.14,78207.373
000931,2026-05-22,4.38,0.004587,50807.0,22282.193
000932,2026-05-22,4.03,-0.007389,813979.28,328465.28
000933,2026-05-22,30.83,0.022893,366289.32,1120228.478
000935,2026-05-22,31.6,0.00445,56733.44,179863.453
000936,2026-05-22,7.0,0.002865,237217.83,165163.258
000937,2026-05-22,5.37,-0.0018590000000000002,108128.8,57957.923
000938,2026-05-22,29.86,0.020855000000000002,1534325.35,4539277.787
000948,2026-05-22,14.1,0.004989,41686.83,58605.929
000949,2026-05-22,7.3,0.0041270000000000005,457844.77,331792.709
000950,2026-05-22,6.18,0.009804,328520.69,201708.239
000951,2026-05-22,20.89,0.004327,75310.95,157419.631
000952,2026-05-22,7.24,0.014006000000000001,64058.2,46036.59
000953,2026-05-22,6.98,0.034074,89409.6,61800.123
000955,2026-05-22,4.57,0.015556,107818.0,48739.609
000957,2026-05-22,11.15,0.006318000000000001,143827.19,159371.37
000958,2026-05-22,6.06,-0.0032890000000000003,286974.0,174516.847
000959,2026-05-22,3.66,-0.005435,363965.6,134221.719
000960,2026-05-22,38.01,0.047396,660434.67,2482378.716
000962,2026-05-22,62.25,0.100018,294051.94,1786546.883
000963,2026-05-22,29.22,-0.01417,133699.04,390361.735
000965,2026-05-22,3.41,0.0029409999999999996,100015.8,34037.037
000966,2026-05-22,4.74,0.008511,748661.65,353142.035
000967,2026-05-22,12.98,0.07717800000000001,2163030.7,2711115.592
000968,2026-05-22,7.89,0.0038169999999999996,233076.04,182872.722
000969,2026-05-22,22.72,0.024808,504138.78,1133315.687
000970,2026-05-22,11.95,0.028399,201651.45,238296.079
000972,2026-05-22,3.76,-0.0052910000000000006,62830.62,23508.411
000973,2026-05-22,15.3,-0.009066999999999999,660836.7,996564.025
000975,2026-05-22,23.89,0.022251,339862.51,806042.621
000977,2026-05-22,68.25,0.029257,568209.22,3832414.14
000978,2026-05-22,6.34,-0.010920000000000001,91414.13,58049.725
000980,2026-05-22,2.58,0.057377000000000004,2323672.8,593592.235
000981,2026-05-22,3.91,-0.015113000000000001,3434955.87,1335827.646
000983,2026-05-22,6.41,0.001563,440854.28,281705.848
000985,2026-05-22,18.26,0.014443999999999999,17052.0,30735.591
000987,2026-05-22,8.21,-0.006052999999999999,380601.44,313452.469
000988,2026-05-22,156.31,0.015264,908111.75,14169395.95
000989,2026-05-22,8.13,-0.029833,224259.44,183730.405
000990,2026-05-22,10.1,0.0,309241.89,312459.987
000993,2026-05-22,13.13,0.0,162526.34,212208.507
000995,2026-05-22,13.03,-0.09451000000000001,267422.01,356572.868
000997,2026-05-22,24.81,0.10022199999999999,748978.3,1798587.195
000998,2026-05-22,8.44,0.002375,130036.94,108792.806
000999,2026-05-22,24.44,-0.008519,62372.44,152525.788
001201,2026-05-22,12.3,-0.008864,28871.28,35582.27
001202,2026-05-22,16.66,0.020208,20176.9,33263.896
001203,2026-05-22,39.98,-0.033366,433128.44,1710654.166
001205,2026-05-22,14.78,-0.002026,34189.95,50447.613
001206,2026-05-22,17.34,0.011079,20410.4,35330.759
001207,2026-05-22,19.54,0.014011000000000001,89992.69,173279.631
001208,2026-05-22,17.5,0.01626,124933.0,216728.211
001209,2026-05-22,21.17,0.034702000000000004,27758.81,58022.206
001210,2026-05-22,29.77,0.016041,119690.89,353206.705
001211,2026-05-22,53.37,0.0,51436.0,276108.134
001212,2026-05-22,55.66,0.012921,68093.91,377903.07
001213,2026-05-22,3.86,0.0,99014.23,38309.965
001215,2026-05-22,42.5,0.035575,116567.0,505868.106
001216,2026-05-22,17.18,0.036814,34865.0,59156.85
001217,2026-05-22,10.84,0.014981,35649.0,38438.055
001218,2026-05-22,25.93,0.017661,21090.2,54231.103
001219,2026-05-22,13.85,0.002896,35274.68,48518.348
001220,2026-05-22,35.79,0.01705,11335.7,40327.259
001221,2026-05-22,54.82,-0.009396,10304.34,56586.573
001222,2026-05-22,17.27,0.016479999999999998,12073.4,20653.258
001223,2026-05-22,66.12,0.064049,27259.6,178467.206
001225,2026-05-22,59.14,0.10007400000000001,41035.0,236905.371
001226,2026-05-22,51.14,0.008679,22409.0,113178.948
001227,2026-05-22,2.13,0.0,328847.65,70078.478
001228,2026-05-22,29.98,0.017651,19688.0,58290.666
001229,2026-05-22,35.18,0.029558,16004.34,55883.296
001230,2026-05-22,25.51,0.007106,29385.5,74782.645
001231,2026-05-22,24.32,0.045122,23715.0,56871.808
001233,2026-05-22,56.81,0.016279,11794.74,66699.522
001234,2026-05-22,25.61,0.011054,22464.0,57194.887
001236,2026-05-22,8.88,-0.024176000000000003,148997.47,132652.126
001237,2026-05-22,111.8,1.0991360000000001,247705.34,3088321.095
001238,2026-05-22,44.98,0.0026750000000000003,3181.79,14247.817
001239,2026-05-22,14.54,0.021785000000000002,17291.69,24915.917
001255,2026-05-22,33.66,0.024034,12084.13,40372.939
001256,2026-05-22,25.55,0.015501000000000001,28840.31,73864.726
001257,2026-05-22,24.66,0.031799,166225.6,408638.876
001258,2026-05-22,10.4,0.006776,869991.6,901912.039
001259,2026-05-22,79.2,-0.1,24084.0,191209.62
001260,2026-05-22,21.28,0.022585,15581.0,32731.258
001266,2026-05-22,55.55,0.085809,104838.2,557839.725
001267,2026-05-22,60.59,0.055575,369826.95,2210744.528
001268,2026-05-22,42.9,0.054054000000000005,34958.0,148003.571
001269,2026-05-22,24.0,-0.008264,91144.8,216900.051
001270,2026-05-22,143.4,-0.02116,166290.17,2341321.937
001277,2026-05-22,35.71,0.017379,7606.0,26974.539
001278,2026-05-22,21.16,0.009542,23439.0,49532.01
001279,2026-05-22,32.3,-0.026815000000000002,37519.0,121850.573
001280,2026-05-22,75.95,-0.000395,84261.78,637440.489
001282,2026-05-22,20.68,0.0,33264.76,68542.519
001283,2026-05-22,82.21,0.071419,100709.53,807005.299
001285,2026-05-22,51.38,0.009034,13627.58,69866.624
001286,2026-05-22,11.41,0.000877,168486.44,192399.646
001287,2026-05-22,27.49,0.026129,274952.43,751464.01
001288,2026-05-22,28.46,0.083778,60364.0,166919.612
001289,2026-05-22,17.11,0.010631999999999999,88403.77,150380.927
001296,2026-05-22,21.61,0.012652000000000002,17511.02,37598.291
001298,2026-05-22,22.9,0.022321,128794.94,291832.531
001299,2026-05-22,12.0,0.004184,139633.83,169389.076
001300,2026-05-22,17.05,0.01791,30939.1,52171.453
001301,2026-05-22,88.82,-0.006154,73555.32,656143.538
001306,2026-05-22,72.85,0.003997,11302.84,81977.87
001308,2026-05-22,21.28,0.0061470000000000006,40011.51,84342.59
001309,2026-05-22,674.0,0.027282,132272.32,8845020.88
001311,2026-05-22,28.45,0.018618,36071.18,101695.668
001312,2026-05-22,22.92,-0.023018,60463.11,138859.114
001313,2026-05-22,9.17,-0.007576,211636.0,195887.392
001314,2026-05-22,54.62,0.042366,31977.0,172472.072
001316,2026-05-22,41.53,0.000964,35622.08,147624.609
001317,2026-05-22,55.7,-0.003934,31701.23,177624.026
001318,2026-05-22,12.3,0.007371,17999.0,22019.747
001319,2026-05-22,25.04,0.035137999999999996,50786.51,126144.565
001322,2026-05-22,7.08,-0.00979,80048.0,56013.399
001323,2026-05-22,21.52,-0.030631,13458.49,29150.494
001324,2026-05-22,20.82,0.044132,44310.0,90629.904
001325,2026-05-22,46.42,0.040807,17389.41,79432.474
001326,2026-05-22,67.64,0.0016289999999999998,29111.59,196265.291
001328,2026-05-22,29.35,-0.021013999999999998,18840.0,55254.657
001330,2026-05-22,9.32,-0.015839000000000002,1012014.84,939939.989
001331,2026-05-22,61.52,0.002444,142328.39,838618.18
001332,2026-05-22,67.19,0.041705,24219.81,161384.829
001333,2026-05-22,26.0,0.031337000000000004,44401.8,114532.979
001335,2026-05-22,48.58,-0.008571,8898.62,43385.426
001336,2026-05-22,29.73,0.022001,16594.0,48615.982
001337,2026-05-22,55.57,0.010731,83123.89,461585.924
001338,2026-05-22,11.4,-0.023973,77303.0,88343.48
001339,2026-05-22,113.83,0.051547,122829.0,1379479.714
001356,2026-05-22,10.89,0.004613,26320.84,28590.61
001358,2026-05-22,28.54,0.017832,14351.4,40579.121
001359,2026-05-22,104.57,0.055303000000000005,26952.25,278851.754
001360,2026-05-22,20.49,0.026039,23588.61,47966.845
001365,2026-05-22,58.7,-0.08266899999999999,233285.72,1401935.429
001366,2026-05-22,16.51,0.099933,87200.45,140865.904
001367,2026-05-22,22.28,0.004961999999999999,13749.59,30425.955
001368,2026-05-22,27.26,0.00963,15855.0,42851.824
001369,2026-05-22,15.15,0.038382,140009.67,209096.599
001373,2026-05-22,41.82,0.050754,20615.17,84858.38
001376,2026-05-22,14.11,0.06974999999999999,218994.0,304068.686
001378,2026-05-22,21.52,0.044660000000000005,51645.79,108765.254
001379,2026-05-22,21.59,0.036983999999999996,38296.93,81675.319
001380,2026-05-22,19.98,0.010622,25176.26,50127.412
001382,2026-05-22,20.74,0.014677,27437.26,56742.322
001386,2026-05-22,17.13,-0.006381,36857.03,63307.231
001387,2026-05-22,13.97,0.012319,35600.87,49226.45
001388,2026-05-22,37.96,0.013889,8791.75,33234.389
001389,2026-05-22,195.01,0.09005,133358.29,2544204.769
001390,2026-05-22,18.93,0.0026479999999999997,10843.15,20494.038
001391,2026-05-22,5.23,-0.005703000000000001,135164.65,70663.552
001393,2026-05-22,83.07,-0.095788,182234.55,1542237.072
001395,2026-05-22,37.32,0.019394,6982.0,25818.324
001396,2026-05-22,46.64,0.013913,18829.01,87961.49
001400,2026-05-22,168.32,0.021235,9624.43,161600.042
001696,2026-05-22,15.85,-0.011229,196557.89,311926.501
001872,2026-05-22,22.63,-0.002205,25449.0,57385.826
001896,2026-05-22,15.76,-0.037263000000000004,2235488.33,3516755.775
001914,2026-05-22,9.73,-0.0040939999999999995,55209.04,54058.234
001965,2026-05-22,10.01,-0.01087,105246.72,105571.535
001979,2026-05-22,8.48,-0.008187,451275.38,382264.074
002001,2026-05-22,31.59,0.031004999999999998,278870.09,876928.697
002003,2026-05-22,9.29,-0.003219,59711.43,55419.538
002004,2026-05-22,4.62,-0.006452,188062.16,87246.173
002005,2026-05-22,2.98,0.038328,182287.5,53861.022
002006,2026-05-22,18.39,0.01044,108286.57,198207.791
002007,2026-05-22,13.86,-0.005024999999999999,77044.57,106645.156
002008,2026-05-22,146.28,0.025878,568735.62,8245239.38
002009,2026-05-22,26.43,0.0030359999999999996,361485.8,943626.263
002010,2026-05-22,5.39,0.020833,218431.2,116853.473
002011,2026-05-22,12.91,0.043654,302842.04,384311.506
002012,2026-05-22,7.82,0.041277999999999995,574490.76,435936.436
002014,2026-05-22,11.14,0.0027,19094.77,21180.344
002015,2026-05-22,21.55,0.07001,1631717.6,3461379.251
002016,2026-05-22,4.82,0.014737,80350.0,38368.779
002017,2026-05-22,18.03,0.017494,110373.4,197587.786
002019,2026-05-22,10.3,-0.007707,81097.03,83684.281
002020,2026-05-22,13.82,-0.022631000000000002,98124.79,136530.013
002021,2026-05-22,2.98,0.038328,371982.51,110008.724
002022,2026-05-22,5.67,0.014311,78503.1,44367.982
002023,2026-05-22,12.67,0.030081000000000004,293999.37,368213.055
002024,2026-05-22,1.2,0.0,255872.67,30534.552
002025,2026-05-22,74.8,0.035724,249481.4,1853967.232
002026,2026-05-22,12.92,0.022961,68392.47,87445.388
002027,2026-05-22,5.51,-0.012544999999999999,2119556.67,1168191.4
002028,2026-05-22,197.14,-0.00845,74518.9,1473033.978
002029,2026-05-22,9.3,-0.042225,257456.7,244254.366
002030,2026-05-22,6.4,-0.012346,634130.93,406088.704
002031,2026-05-22,7.4,0.019284,2905325.88,2149545.685
002032,2026-05-22,49.62,-0.008591,20015.57,100048.602
002033,2026-05-22,8.56,-0.001167,134213.35,114648.195
002034,2026-05-22,21.18,0.0,305420.09,632033.31
002035,2026-05-22,5.45,0.0073939999999999995,62128.03,33677.83
002036,2026-05-22,10.3,0.100427,2058104.15,2043053.102
002037,2026-05-22,7.87,0.014175,58691.0,45873.847
002038,2026-05-22,6.11,0.00659,212302.73,129680.217
002039,2026-05-22,19.93,-0.009935000000000001,95110.72,189884.575
002040,2026-05-22,9.93,-0.0030120000000000004,97176.1,96481.315
002041,2026-05-22,8.82,-0.001133,118482.0,104379.407
002042,2026-05-22,4.95,0.050955,821123.59,399540.948
002043,2026-05-22,13.14,-0.003791,96656.6,126920.08
002044,2026-05-22,5.9,0.02253,1412346.72,828845.672
002045,2026-05-22,10.96,0.017642,143949.44,156677.972
002046,2026-05-22,54.99,0.10002000000000001,213995.21,1145819.981
002047,2026-05-22,5.22,-0.038674,475002.0,251061.501
002048,2026-05-22,29.88,0.042932,444975.77,1335000.86
002049,2026-05-22,79.73,0.023622999999999998,318828.42,2512936.785
002050,2026-05-22,54.05,0.023093,2324288.32,12369099.25
002051,2026-05-22,10.65,-0.007456000000000001,411418.41,436900.578
002052,2026-05-22,10.81,0.004647,120871.02,130237.929
002053,2026-05-22,11.44,-0.0008730000000000001,82052.0,93740.192
002054,2026-05-22,8.2,0.043257000000000004,207270.81,169697.42
002055,2026-05-22,7.17,0.04978,861380.44,614493.203
002056,2026-05-22,20.37,0.032437999999999995,418515.16,845781.149
002057,2026-05-22,9.33,0.033222999999999996,108724.34,100328.695
002058,2026-05-22,26.08,0.016368,10637.01,27555.614
002059,2026-05-22,4.42,-0.006742000000000001,65223.0,28845.524
002060,2026-05-22,3.57,0.005634,187333.61,66883.387
002061,2026-05-22,3.68,0.002725,146257.63,53894.156
002062,2026-05-22,9.5,-0.011446000000000001,267523.97,257294.174
002063,2026-05-22,6.37,0.009509,389502.17,245908.975
002064,2026-05-22,10.4,0.013645000000000001,284913.26,295428.588
002065,2026-05-22,8.05,0.003741,292546.68,235678.684
002066,2026-05-22,25.75,-0.009996,61471.0,159042.707
002067,2026-05-22,5.2,-0.007633999999999999,988647.35,510362.714
002068,2026-05-22,10.28,0.024925000000000003,348138.0,359844.353
002069,2026-05-22,3.59,0.014124000000000001,99253.5,35347.146
002072,2026-05-22,7.28,0.04298,218884.05,154446.198
002073,2026-05-22,5.99,-0.0016669999999999999,203780.53,121362.844
002074,2026-05-22,35.3,0.012622,269529.94,946999.764
002075,2026-05-22,4.09,0.025063,292966.16,118977.205
002076,2026-05-22,2.6,0.048387,559080.32,143532.268
002077,2026-05-22,17.96,0.009556,428591.29,760115.821
002078,2026-05-22,13.06,0.006162999999999999,173933.6,226191.935
002079,2026-05-22,12.6,0.023558,340912.68,426228.644
002080,2026-05-22,71.28,0.1,496373.03,3457930.137
002081,2026-05-22,5.94,0.040279999999999996,2837013.97,1642665.923
002082,2026-05-22,14.63,-0.05,137599.48,202832.225
002083,2026-05-22,10.27,0.007851,200426.0,204049.936
002084,2026-05-22,3.6,0.028571,143551.04,51127.71
002085,2026-05-22,12.9,-0.022727,415422.38,536190.666
002086,2026-05-22,1.84,0.0,265748.0,48521.158
002088,2026-05-22,9.02,0.028506,26118.81,23354.828
002090,2026-05-22,11.05,0.023148,107498.0,117393.229
002091,2026-05-22,9.04,0.0066820000000000004,253948.0,228896.544
002092,2026-05-22,5.05,0.001984,504616.0,254326.925
002093,2026-05-22,7.94,0.007613999999999999,100634.0,79476.509
002094,2026-05-22,5.46,0.003676,115726.9,62874.206
002095,2026-05-22,15.09,-0.0006619999999999999,26599.0,39978.015
002096,2026-05-22,10.39,0.003865,46661.54,48460.081
002097,2026-05-22,9.12,-0.001095,139978.19,127391.108
002098,2026-05-22,8.04,0.010049999999999998,32436.42,25841.141
002099,2026-05-22,5.53,-0.005396,152227.0,84486.492
002100,2026-05-22,6.96,-0.027933,349846.11,245566.964
002101,2026-05-22,9.41,0.004269,52464.0,49137.233
002102,2026-05-22,2.37,0.012821,143828.0,34011.373
002103,2026-05-22,7.38,0.006821000000000001,48496.78,35713.185
002104,2026-05-22,13.17,-0.006038,163959.34,216407.573
002105,2026-05-22,6.46,0.023772,73542.0,47084.263
002106,2026-05-22,11.41,0.056481,257871.75,288435.808
002107,2026-05-22,6.79,0.017991,99553.48,67151.24
002108,2026-05-22,5.3,0.025145,586254.97,308360.726
002109,2026-05-22,2.99,0.027490999999999998,124389.0,37018.923
002110,2026-05-22,3.15,0.012862,254781.41,79999.442
002111,2026-05-22,11.05,0.016559,82609.8,90514.075
002112,2026-05-22,19.22,0.02234,134292.16,256304.458
002114,2026-05-22,8.77,0.020954999999999998,174938.86,151320.414
002115,2026-05-22,13.53,0.043177,507754.73,674727.466
002116,2026-05-22,9.12,0.007735,26483.0,24069.195
002117,2026-05-22,9.7,0.009365,86373.84,83013.779
002119,2026-05-22,23.53,0.035196,387446.49,894101.789
002120,2026-05-22,7.17,-0.006925,282290.05,203244.6
002121,2026-05-22,7.62,0.099567,860974.87,638150.419
002122,2026-05-22,2.86,0.010601000000000001,117658.0,33487.578
002123,2026-05-22,9.62,-0.001038,246638.69,237248.828
002124,2026-05-22,2.78,0.022059000000000002,1480794.4,415758.134
002125,2026-05-22,14.73,0.049893,446252.21,653422.355
002126,2026-05-22,58.99,-0.009237,282627.56,1660612.245
002127,2026-05-22,3.11,-0.031153,609080.79,190842.043
002128,2026-05-22,29.61,0.017176,143310.32,422594.711
002129,2026-05-22,9.36,0.026316000000000003,1252019.35,1161543.261
002130,2026-05-22,20.99,0.025903999999999996,372353.07,775917.821
002131,2026-05-22,6.65,0.003017,3685022.2,2429338.675
002132,2026-05-22,5.46,0.034091,636663.15,344061.241
002133,2026-05-22,3.04,0.023569,177387.61,53261.906
002134,2026-05-22,29.64,0.024542,116757.01,344436.15
002135,2026-05-22,8.72,0.017503,406038.1,351824.221
002136,2026-05-22,14.9,0.04123,85087.0,124951.057
002137,2026-05-22,8.63,-0.003464,200340.0,171822.186
002138,2026-05-22,43.3,0.085213,572691.07,2437929.153
002139,2026-05-22,11.19,0.013587,264464.02,292178.931
002140,2026-05-22,10.4,0.009709,49715.05,51510.038
002141,2026-05-22,3.58,0.019943,163434.0,58147.19
002142,2026-05-22,31.09,-0.013955,206544.17,644452.953
002144,2026-05-22,13.21,0.023237999999999998,38306.62,49916.648
002145,2026-05-22,4.3,0.002331,373137.02,160068.292
002146,2026-05-22,1.22,0.0,655247.05,79553.947
002148,2026-05-22,7.4,0.005435,117164.06,85969.187
002149,2026-05-22,72.12,0.028083,757583.14,5292085.26
002150,2026-05-22,34.0,0.000294,324393.76,1111723.031
002151,2026-05-22,38.87,0.015413,130295.59,504359.625
002152,2026-05-22,11.23,0.006272,226925.64,253929.971
002153,2026-05-22,8.82,0.006848999999999999,216514.48,189695.78
002154,2026-05-22,4.3,0.007026,272922.0,117748.298
002155,2026-05-22,25.19,0.020251,338355.53,843448.657
002156,2026-05-22,63.44,0.027202,2008251.54,12527684.548
002157,2026-05-22,3.27,0.0,1989631.67,655346.138
002158,2026-05-22,35.75,0.059886999999999996,301355.74,1062939.684
002159,2026-05-22,15.89,-0.0037619999999999997,45384.0,72304.348
002160,2026-05-22,4.74,0.037199,205948.13,96267.0
002161,2026-05-22,6.54,0.010819,173868.0,113613.612
002162,2026-05-22,4.08,0.02,128330.2,51957.737
002163,2026-05-22,11.0,0.012891,223727.41,244413.261
002164,2026-05-22,14.56,-0.026087,327282.23,476263.915
002165,2026-05-22,8.04,0.022900999999999998,705908.2,557085.89
002166,2026-05-22,8.69,0.011640999999999999,83191.36,72115.732
002167,2026-05-22,12.78,0.068562,495391.5,619616.051
002168,2026-05-22,3.95,0.007653,37476.08,14703.04
002169,2026-05-22,18.87,0.060112,730164.3,1357536.727
002170,2026-05-22,11.99,0.007562999999999999,139911.0,167179.498
002171,2026-05-22,11.42,0.055453,595617.85,677576.874
002172,2026-05-22,3.51,0.017391,132273.0,45830.958
002173,2026-05-22,23.16,-0.00941,259353.18,597305.504
002174,2026-05-22,12.44,0.018837,670584.85,822542.548
002175,2026-05-22,2.56,0.04918,390783.91,99263.662
002176,2026-05-22,12.87,0.010998,822697.58,1047927.768
002177,2026-05-22,7.74,-0.003861,504019.0,385447.964
002178,2026-05-22,5.79,0.010471,197976.92,114098.545
002179,2026-05-22,41.27,0.011519999999999999,331265.53,1364307.611
002180,2026-05-22,17.67,0.030320999999999997,128237.18,223580.369
002181,2026-05-22,13.75,0.007326,850994.43,1172319.218
002182,2026-05-22,15.26,0.011266,256607.23,391086.292
002183,2026-05-22,6.94,0.038922,1608788.73,1115011.434
002184,2026-05-22,12.29,0.015702,75700.88,91960.151
002185,2026-05-22,15.43,0.0158,3422511.71,5173137.731
002186,2026-05-22,9.72,-0.003077,34716.99,33663.739
002187,2026-05-22,5.64,0.018050999999999998,84399.0,47319.408
002188,2026-05-22,6.61,0.015361,134807.0,87819.804
002189,2026-05-22,22.92,0.037104,52961.83,119865.24
002190,2026-05-22,30.24,0.018182,51989.75,156207.122
002191,2026-05-22,3.77,0.005333,140709.0,52583.311
002192,2026-05-22,85.54,-0.002914,179852.39,1538697.768
002193,2026-05-22,5.07,0.049689,112859.78,57021.555
002194,2026-05-22,12.41,0.023927,306648.64,377991.897
002195,2026-05-22,8.15,0.008662999999999999,1743166.29,1395424.264
002196,2026-05-22,16.74,0.017011000000000002,927466.97,1535098.582
002197,2026-05-22,7.45,0.026171000000000003,229554.35,167339.3
002198,2026-05-22,4.01,0.010076,105268.51,42123.386
002199,2026-05-22,13.57,0.050309999999999994,63136.01,84707.389
002200,2026-05-22,7.63,0.010596000000000001,18991.0,14380.452
002201,2026-05-22,12.15,0.048318,364772.47,440252.293
002202,2026-05-22,25.2,0.019005,1171680.26,2906885.851
002203,2026-05-22,21.42,0.071,508672.47,1072813.766
002204,2026-05-22,6.15,0.008197,191241.39,117022.293
002205,2026-05-22,13.95,0.019737,25895.6,35855.227
002206,2026-05-22,5.52,0.022222,106290.44,58211.332
002207,2026-05-22,8.69,-0.048193,306679.06,272047.217
002208,2026-05-22,21.67,-0.069558,1738084.64,3832062.315
002209,2026-05-22,13.25,0.0022689999999999997,53917.0,71125.455
002210,2026-05-22,2.78,0.022059000000000002,714654.52,197502.048
002211,2026-05-22,3.83,0.018616999999999998,88183.0,33545.81
002212,2026-05-22,7.26,0.012552,253066.0,184449.241
002213,2026-05-22,38.98,0.016958,194887.75,751052.675
002214,2026-05-22,18.59,0.002156,31294.4,58047.373
002215,2026-05-22,9.37,-0.003191,113814.38,106975.169
002216,2026-05-22,13.35,-0.008909,55090.9,73580.11
002217,2026-05-22,2.82,0.036765,4271796.0,1185560.163
002218,2026-05-22,5.11,0.015905,374720.0,189558.333
002219,2026-05-22,2.19,-0.004545,576806.0,125742.009
002221,2026-05-22,7.15,-0.027211,232218.74,167885.646
002222,2026-05-22,105.56,0.049513,456558.31,4729475.078
002223,2026-05-22,27.18,-0.006579000000000001,105051.18,285897.293
002224,2026-05-22,3.89,0.020997,116694.0,44943.757
002225,2026-05-22,3.98,0.04736799999999999,481199.29,188742.576
002226,2026-05-22,5.91,0.015464,806029.4,482391.199
002227,2026-05-22,8.61,0.011751000000000001,28633.0,24537.487
002228,2026-05-22,3.56,0.011364,150885.25,53484.919
002229,2026-05-22,15.31,-0.006489,453827.12,691411.942
002230,2026-05-22,47.35,0.0031780000000000003,412529.13,1949517.529
002232,2026-05-22,17.64,0.003984,53710.95,94497.968
002233,2026-05-22,8.21,-0.004848,47572.0,39261.23
002234,2026-05-22,7.8,0.007752,62550.0,48576.957
002235,2026-05-22,10.3,-0.00097,500987.83,512090.409
002236,2026-05-22,17.86,0.016505000000000002,331703.98,588961.522
002237,2026-05-22,14.35,0.032374,195618.89,277510.647
002238,2026-05-22,6.9,-0.019886,86311.54,59466.544
002239,2026-05-22,2.7,-0.014598999999999999,579016.55,156552.006
002240,2026-05-22,49.11,0.002654,434791.89,2126576.693
002241,2026-05-22,25.56,0.024860000000000004,1289192.06,3238383.448
002242,2026-05-22,9.6,-0.02834,130640.19,126313.418
002243,2026-05-22,8.81,0.024419,208242.22,180273.582
002244,2026-05-22,10.11,-0.002959,317016.64,318729.556
002245,2026-05-22,20.41,0.10027,1676089.62,3302294.79
002246,2026-05-22,23.2,0.024735,272627.86,632786.956
002247,2026-05-22,2.8,0.029411999999999997,273154.04,75131.083
002248,2026-05-22,12.53,0.029581,116548.0,144207.439
002249,2026-05-22,9.84,-0.001015,720192.14,708588.217
002250,2026-05-22,15.17,0.054204,211152.36,314646.025
002251,2026-05-22,3.7,0.010929,489085.43,181313.482
002252,2026-05-22,5.23,-0.018762,327840.71,172211.326
002253,2026-05-22,11.76,0.05,77575.51,90216.934
002254,2026-05-22,15.93,0.100138,833777.57,1280651.272
002255,2026-05-22,10.4,0.009709,153601.73,159564.995
002256,2026-05-22,4.58,0.020045,822091.0,373067.415
002258,2026-05-22,12.17,0.032231,179676.44,216893.354
002259,2026-05-22,5.25,0.023392,207931.21,108229.187
002261,2026-05-22,32.23,-0.00124,560046.15,1800025.016
002262,2026-05-22,20.58,-0.007715,88184.51,180768.513
002263,2026-05-22,3.86,0.040431,941263.77,357770.934
002264,2026-05-22,7.08,0.014327000000000001,152598.02,107336.429
002265,2026-05-22,22.23,-0.01024,82054.73,182791.624
002266,2026-05-22,5.53,0.020295,732973.3,401220.794
002267,2026-05-22,7.57,-0.006562,66967.0,50672.338
002268,2026-05-22,15.17,0.012683999999999999,100947.8,152928.613
002269,2026-05-22,1.56,0.006452,501613.0,77650.399
002270,2026-05-22,22.94,0.0013089999999999998,168482.3,386482.621
002271,2026-05-22,14.11,-0.000708,315500.52,447040.798
002272,2026-05-22,24.7,0.10022299999999999,1323244.65,3121614.058
002273,2026-05-22,40.34,0.100082,1097994.01,4278296.113
002274,2026-05-22,6.1,0.016667,208830.13,125411.021
002275,2026-05-22,13.54,-0.004412,18442.0,25035.721
002276,2026-05-22,13.01,0.010093000000000001,231413.98,300583.75
002277,2026-05-22,6.81,0.02406,498682.85,338121.112
002278,2026-05-22,9.67,0.014690000000000002,75763.0,72752.462
002279,2026-05-22,7.09,-0.004213,211229.9,149943.589
002281,2026-05-22,215.87,-0.006581,680332.25,14591512.68
002282,2026-05-22,6.54,0.028302,49868.0,32274.914
002283,2026-05-22,12.07,0.051394,444638.53,529223.048
002284,2026-05-22,13.05,-0.0030559999999999997,257034.46,333036.707
002285,2026-05-22,2.84,0.010676000000000001,437508.31,123095.077
002286,2026-05-22,8.95,0.032295,67969.0,60084.235
002287,2026-05-22,21.9,0.0,14409.9,31557.844
002289,2026-05-22,41.32,0.041068,32067.5,130390.374
002290,2026-05-22,102.57,0.051461,214498.61,2220693.707
002291,2026-05-22,6.35,-0.001572,319666.32,203156.978
002292,2026-05-22,7.69,-0.011568,254202.85,195434.125
002293,2026-05-22,10.2,-0.003906,65480.75,67018.014
002294,2026-05-22,35.35,-0.026171000000000003,216670.25,771012.091
002295,2026-05-22,11.13,0.041159999999999995,49605.36,54575.978
002296,2026-05-22,11.02,0.016605,91125.95,99505.976
002297,2026-05-22,26.58,0.075678,1672271.35,4270962.507
002298,2026-05-22,10.66,0.007561,406367.45,433635.802
002299,2026-05-22,17.09,-0.007549,75705.0,129795.91
002300,2026-05-22,9.27,0.004334,260253.3,240640.4
002301,2026-05-22,8.33,0.0,248349.75,208121.455
002302,2026-05-22,5.31,-0.018484,90028.75,47981.947
002303,2026-05-22,3.53,0.017291,171510.0,60243.475
002304,2026-05-22,43.61,-0.022197,68596.83,300540.291
002305,2026-05-22,2.38,0.012766,226470.0,53408.26
002306,2026-05-22,2.17,0.014018999999999998,102560.66,22031.728
002307,2026-05-22,4.14,0.007299,84132.2,34737.846
002309,2026-05-22,3.83,0.015915,1764164.54,670688.082
002310,2026-05-22,2.86,0.0070420000000000005,1229767.0,349040.969
002311,2026-05-22,45.68,0.012186999999999998,123485.73,563656.305
002312,2026-05-22,9.73,0.0,176049.38,171162.347
002313,2026-05-22,9.91,0.028008,93153.0,91613.309
002314,2026-05-22,2.26,0.018018,158370.35,35324.735
002315,2026-05-22,29.16,-0.016526,82492.68,241424.901
002316,2026-05-22,5.5,0.029963000000000004,169060.0,91353.302
002317,2026-05-22,23.91,-0.0029189999999999997,449842.08,1081437.025
002318,2026-05-22,26.4,-0.0071460000000000004,89567.45,237596.369
002319,2026-05-22,12.36,0.061856,131237.0,160345.454
002320,2026-05-22,7.93,0.0,182814.4,144788.495
002321,2026-05-22,1.93,0.005208000000000001,171724.0,33074.965
002322,2026-05-22,11.7,0.019164,40255.41,46733.978
002323,2026-05-22,1.15,0.0,1382717.22,155375.816
002324,2026-05-22,13.6,0.014169000000000001,169417.1,229096.486
002326,2026-05-22,24.26,0.069665,774499.46,1852588.711
002327,2026-05-22,6.97,-0.011348,54021.0,37787.168
002328,2026-05-22,10.15,0.057291999999999996,824621.43,826579.521
002329,2026-05-22,4.35,-0.029018000000000002,413041.48,181840.447
002330,2026-05-22,4.32,0.006993,107865.99,46508.04
002331,2026-05-22,9.46,0.023809999999999998,159270.2,149345.21
002332,2026-05-22,8.56,-0.002331,76226.53,65417.065
002333,2026-05-22,5.32,0.029014,70054.0,37064.887
002334,2026-05-22,9.06,0.034247,392961.25,351103.639
002335,2026-05-22,64.09,0.030055000000000002,211506.38,1345046.803
002337,2026-05-22,5.71,0.028828999999999997,98213.2,55570.907
002338,2026-05-22,65.2,0.041367,76323.9,489316.307
002339,2026-05-22,9.23,0.028986,146733.37,134083.76
002340,2026-05-22,8.27,0.024783,1060658.29,868702.149
002342,2026-05-22,13.17,0.029710999999999998,2657473.15,3497180.415
002343,2026-05-22,5.53,0.010969,126598.14,69326.43
002344,2026-05-22,4.2,0.031941000000000004,113264.36,46722.582
002345,2026-05-22,9.23,0.002172,108115.78,100123.253
002346,2026-05-22,20.35,0.0,53663.0,109168.288
002347,2026-05-22,8.18,0.014887999999999998,157539.17,127543.862
002348,2026-05-22,12.98,-0.024793,465636.0,598543.547
002349,2026-05-22,7.05,-0.001416,99358.36,69789.893
002350,2026-05-22,16.02,0.014565999999999999,163465.35,260739.304
002351,2026-05-22,11.02,0.0045579999999999996,117377.0,127647.695
002352,2026-05-22,35.15,-0.009301,217439.12,764275.814
002353,2026-05-22,133.25,0.00203,183945.74,2464328.603
002354,2026-05-22,6.76,-0.005881999999999999,1710910.05,1149701.773
002355,2026-05-22,6.21,0.001613,286944.0,179389.848
002356,2026-05-22,2.99,-0.003333,204220.0,60966.182
002357,2026-05-22,11.01,0.007319,65924.0,72253.345
002358,2026-05-22,6.71,0.015128999999999998,188552.12,125971.808
002360,2026-05-22,6.15,0.01318,76876.93,47082.769
002361,2026-05-22,17.36,0.003468,958200.57,1657373.233
002362,2026-05-22,17.85,0.008475,44854.0,79530.474
002363,2026-05-22,7.84,0.018182,66034.2,51306.044
002364,2026-05-22,52.09,0.059386,456418.29,2330274.54
002365,2026-05-22,12.29,0.004085,58349.5,71168.943
002366,2026-05-22,7.11,0.002821,309745.12,220194.449
002367,2026-05-22,6.09,0.0049499999999999995,64713.05,39296.253
002368,2026-05-22,16.13,-0.00309,116695.49,186919.98
002369,2026-05-22,7.0,0.032448000000000005,197172.14,135015.583
002370,2026-05-22,6.12,0.01157,141416.98,85857.67
002371,2026-05-22,669.0,0.009065,198562.64,12983362.651
002372,2026-05-22,9.87,-0.0030299999999999997,53500.0,52868.411
002373,2026-05-22,8.52,0.005903,215975.59,183746.588
002374,2026-05-22,3.68,-0.00271,825721.3,303927.066
002375,2026-05-22,4.44,0.0,316126.0,139795.723
002376,2026-05-22,6.95,0.019062,104353.03,71707.65
002377,2026-05-22,3.18,0.032468,279595.0,88162.811
002378,2026-05-22,29.05,0.033808,469833.23,1355205.311
002379,2026-05-22,20.94,0.013552999999999999,233154.82,485704.703
002380,2026-05-22,50.66,0.069905,185522.55,921365.433
002381,2026-05-22,6.27,0.021173,51856.5,32082.463
002382,2026-05-22,6.89,0.045523999999999995,240168.53,163720.339
002383,2026-05-22,8.62,0.014117999999999999,92992.85,79795.939
002384,2026-05-22,220.55,0.065613,843616.95,18374458.406
002385,2026-05-22,3.46,0.0,565640.34,195985.494
002386,2026-05-22,6.2,0.021417000000000002,215235.65,132002.35
002387,2026-05-22,8.64,0.0,387656.02,331803.224
002388,2026-05-22,5.32,0.041096,189409.79,99774.615
002389,2026-05-22,20.36,-0.009728,183981.06,374845.41
002390,2026-05-22,3.06,0.0,240149.04,73509.451
002391,2026-05-22,5.97,0.010152000000000001,72383.51,43011.247
002392,2026-05-22,9.14,0.020089000000000003,343883.08,313341.256
002393,2026-05-22,15.18,0.008638,19545.37,29517.83
002394,2026-05-22,11.9,0.021459000000000002,62659.0,73955.07
002395,2026-05-22,16.18,0.001238,70272.11,113786.222
002396,2026-05-22,31.68,0.031922,247598.7,775992.707
002397,2026-05-22,5.28,0.011493999999999999,153477.0,80855.671
002398,2026-05-22,4.75,0.008493,122492.0,57582.872
002399,2026-05-22,10.19,-0.00098,37319.8,37874.374
002400,2026-05-22,8.37,0.0,710345.46,590097.195
002401,2026-05-22,14.12,0.008571,51753.86,72647.409
002402,2026-05-22,30.92,0.020461999999999998,328302.43,1005984.688
002403,2026-05-22,11.39,0.000879,50836.0,57681.404
002404,2026-05-22,6.5,0.0015409999999999998,69151.0,44683.726
002405,2026-05-22,9.46,-0.007345000000000001,968269.26,918892.548
002406,2026-05-22,8.14,0.01118,307485.1,247508.799
002407,2026-05-22,42.7,0.046312,2390167.07,10071869.693
002408,2026-05-22,5.57,0.012726999999999999,285877.2,157884.514
002409,2026-05-22,116.5,0.022827,345053.15,3928009.326
002410,2026-05-22,9.92,-0.014896,331447.45,330441.971
002412,2026-05-22,6.93,0.013158000000000001,82247.46,56629.866
002413,2026-05-22,11.48,0.007902,530448.61,602040.978
002414,2026-05-22,13.95,0.020482999999999998,505985.01,704930.45
002415,2026-05-22,31.83,0.006323,418304.69,1322985.375
002416,2026-05-22,11.99,0.010961,198439.46,235590.004
002418,2026-05-22,5.6,0.037037,717763.0,396150.894
002419,2026-05-22,4.94,0.00611,98409.71,48398.276
002420,2026-05-22,6.72,0.025954,112068.0,74405.258
002421,2026-05-22,4.36,0.10101,6475559.88,2694157.527
002422,2026-05-22,34.72,0.071936,387217.78,1346309.22
002423,2026-05-22,9.28,-0.005359,106260.76,98784.898
002424,2026-05-22,4.72,-0.006316,74121.0,34993.907
002425,2026-05-22,3.34,0.021407,183410.15,60327.316
002426,2026-05-22,3.66,0.033898000000000005,1418238.1,510839.417
002427,2026-05-22,4.98,0.026804,159519.02,78782.635
002428,2026-05-22,87.1,0.039379,825635.58,7138313.314
002429,2026-05-22,12.39,0.014742,1375101.03,1700843.389
002430,2026-05-22,27.37,0.00183,120700.59,330722.041
002431,2026-05-22,1.68,0.05,306525.9,51174.811
002432,2026-05-22,79.87,0.09998599999999999,359914.13,2778802.307
002434,2026-05-22,7.66,-0.026684,362247.12,278644.037
002436,2026-05-22,35.42,0.063983,1890061.29,6659703.795
002437,2026-05-22,3.11,0.01634,416754.58,128924.725
002438,2026-05-22,16.14,-0.004932000000000001,66738.39,107754.28
002439,2026-05-22,15.3,0.015262,334692.83,512191.042
002440,2026-05-22,9.59,0.023479,228108.37,217673.207
002441,2026-05-22,10.19,0.01393,69608.84,70445.813
002442,2026-05-22,8.11,0.100407,939762.1,716560.521
002443,2026-05-22,12.47,-0.015785,322882.0,402093.179
002444,2026-05-22,32.44,-0.000616,124443.03,407213.637
002445,2026-05-22,3.68,0.042492999999999996,1102521.56,403742.943
002446,2026-05-22,10.42,0.032706,296420.43,305845.669
002448,2026-05-22,14.13,0.016547,165891.07,233108.207
002449,2026-05-22,8.92,0.058126,679926.05,582688.162
002451,2026-05-22,9.0,0.020408,101574.49,90740.702
002452,2026-05-22,11.54,0.02305,176373.33,201766.412
002453,2026-05-22,6.26,0.100176,265714.98,162107.266
002454,2026-05-22,6.73,0.008995999999999999,189339.42,127373.306
002455,2026-05-22,9.71,0.010406,415726.8,400116.244
002456,2026-05-22,8.89,0.028935,1022572.37,891337.333
002457,2026-05-22,13.4,0.009797,472403.0,629560.37
002458,2026-05-22,8.25,-0.013158000000000001,150719.88,124819.964
002459,2026-05-22,9.83,0.016546,491631.55,479162.179
002460,2026-05-22,75.9,0.007567000000000001,358370.3,2706856.235
002461,2026-05-22,9.4,-0.003181,88430.15,83242.13
002462,2026-05-22,13.69,0.023169,87352.5,118685.274
002463,2026-05-22,114.07,0.1,1016964.8,11400045.606
002465,2026-05-22,16.41,0.014842,1437107.06,2370181.369
002466,2026-05-22,66.52,0.01125,512094.19,3379785.048
002467,2026-05-22,6.34,-0.010920000000000001,498792.74,315641.984
002468,2026-05-22,15.06,-0.009211,160344.44,242058.955
002469,2026-05-22,6.71,0.015128999999999998,58475.0,39161.227
002470,2026-05-22,2.48,0.00813,983176.0,242191.162
002471,2026-05-22,8.08,-0.007371,857668.71,691951.726
002472,2026-05-22,44.4,-0.00135,432714.96,1927523.918
002474,2026-05-22,7.96,0.002519,328583.95,258374.901
002475,2026-05-22,72.4,0.066745,1866377.44,13302102.231
002476,2026-05-22,5.62,0.012613000000000001,122778.07,67942.017
002478,2026-05-22,7.8,0.018277,203921.0,158484.538
002479,2026-05-22,5.27,0.025292,182521.0,95850.563
002480,2026-05-22,6.23,0.016313,131958.09,81810.425
002481,2026-05-22,4.13,0.00978,73461.99,30221.065
002482,2026-05-22,1.56,0.006452,366868.14,56765.93
002483,2026-05-22,6.04,0.02027,91549.8,54649.299
002484,2026-05-22,60.5,0.089894,582264.11,3445782.563
002485,2026-05-22,4.71,0.0,38728.0,18241.1
002486,2026-05-22,2.64,0.011493999999999999,256536.19,66803.246
002487,2026-05-22,74.92,-0.011609000000000001,146206.86,1098631.229
002488,2026-05-22,11.26,-0.014873,238353.09,269336.674
002489,2026-05-22,3.9,-0.017632000000000002,591263.91,232849.32
002490,2026-05-22,8.36,0.009661999999999999,241527.0,200002.168
002491,2026-05-22,22.8,0.048757999999999996,1212649.73,2720704.211
002492,2026-05-22,7.06,0.012912,97997.5,68372.331
002493,2026-05-22,11.45,-0.006076000000000001,543958.5,621206.407
002494,2026-05-22,5.9,0.026087,140836.0,81792.759
002495,2026-05-22,2.55,0.032389,271605.4,68518.673
002496,2026-05-22,2.63,0.052000000000000005,397311.8,103199.438
002497,2026-05-22,24.21,0.021088,463095.4,1117335.575
002498,2026-05-22,8.91,0.017123,1019799.54,903217.464
002500,2026-05-22,5.16,-0.015267,378479.23,196018.791
002501,2026-05-22,1.46,0.050359999999999995,556871.28,80806.728
002506,2026-05-22,3.83,0.018616999999999998,2805499.64,1064948.791
002507,2026-05-22,11.81,-0.0025340000000000002,62431.7,73850.685
002508,2026-05-22,17.36,-0.004587,39549.5,68778.849
002510,2026-05-22,7.28,-0.020188,447983.47,326091.091
002511,2026-05-22,7.45,0.008119,124554.27,92151.036
002512,2026-05-22,4.8,-0.024390000000000002,547526.41,260542.5
002513,2026-05-22,6.42,0.042207999999999996,83171.0,52472.441
002514,2026-05-22,4.28,-0.048888999999999995,645434.0,276311.27
002515,2026-05-22,6.93,0.011679,680753.65,475100.949
002516,2026-05-22,6.05,0.011706000000000001,133820.0,80706.053
002517,2026-05-22,16.46,-0.0030280000000000003,409074.17,672711.668
002518,2026-05-22,62.4,0.02733,153493.09,948854.063
002519,2026-05-22,7.41,0.0,381093.1,280402.31
002520,2026-05-22,6.53,0.013975,335940.0,217345.992
002521,2026-05-22,7.95,0.0,71810.88,56806.301
002522,2026-05-22,6.81,0.041284,503949.11,339371.61
002523,2026-05-22,3.66,0.02809,165097.56,59651.116
002524,2026-05-22,4.12,0.017284,138943.02,56571.045
002526,2026-05-22,3.09,0.0,189742.23,58381.573
002527,2026-05-22,14.0,-0.002849,166988.29,232326.264
002528,2026-05-22,4.56,0.0,116337.52,52705.853
002529,2026-05-22,8.68,0.021176,42960.0,36923.364
002530,2026-05-22,8.45,0.014406,131829.0,110496.936
002531,2026-05-22,11.63,0.035619,486606.7,561938.745
002532,2026-05-22,15.82,0.027273000000000002,742516.65,1174290.522
002533,2026-05-22,13.28,0.0060609999999999995,114138.39,150328.664
002534,2026-05-22,18.53,0.012015,119047.75,220892.909
002535,2026-05-22,3.14,0.029508,150499.2,46454.83
002536,2026-05-22,46.68,0.047106,339137.78,1567736.368
002537,2026-05-22,6.78,-0.001473,174891.1,118586.243
002538,2026-05-22,6.49,0.003091,93747.9,60731.752
002539,2026-05-22,12.9,0.002331,153577.03,198972.777
002540,2026-05-22,5.6,0.009009,97564.2,54684.189
002541,2026-05-22,17.85,0.006201,87165.2,155041.959
002542,2026-05-22,1.66,-0.005988,223727.0,37135.922
002543,2026-05-22,7.86,0.005115,31167.28,24495.256
002544,2026-05-22,23.98,0.020426000000000003,142710.98,337111.364
002545,2026-05-22,23.16,0.012238,140441.0,323183.945
002546,2026-05-22,7.91,0.014103000000000001,132717.8,104562.77
002547,2026-05-22,3.35,0.037152,496627.71,164170.674
002548,2026-05-22,4.37,0.006912000000000001,196314.5,86253.985
002549,2026-05-22,18.03,0.0016669999999999999,211176.87,378612.407
002550,2026-05-22,6.59,0.018547,122674.01,80199.218
002551,2026-05-22,3.31,0.012232,127303.98,41686.457
002552,2026-05-22,39.82,0.1,200955.81,790452.053
002553,2026-05-22,20.56,-0.025592,93534.95,192348.552
002554,2026-05-22,3.25,0.009316999999999999,202583.02,65672.056
002555,2026-05-22,19.69,-0.020884999999999997,389864.6,768923.215
002556,2026-05-22,5.43,0.005556,97432.05,52370.498
002557,2026-05-22,21.24,-0.012552,51227.0,109316.48
002558,2026-05-22,27.47,0.001823,317867.07,873290.088
002559,2026-05-22,11.0,0.026119,260267.03,284336.304
002560,2026-05-22,9.49,0.033769,583939.24,551245.644
002561,2026-05-22,7.37,0.005457,32667.15,24013.522
002562,2026-05-22,5.53,0.020295,204993.38,112300.395
002563,2026-05-22,5.67,-0.007005,131608.76,74609.892
002564,2026-05-22,5.78,0.024822999999999998,137980.0,79177.905
002565,2026-05-22,16.6,0.016534,554075.26,910740.565
002566,2026-05-22,7.82,0.024902,57586.02,44442.451
002567,2026-05-22,3.91,-0.005089,152329.0,59673.022
002568,2026-05-22,17.55,-0.031991,165525.72,294121.611
002569,2026-05-22,16.14,0.030651,36197.64,58355.453
002570,2026-05-22,4.82,0.0062629999999999995,184063.0,88976.521
002571,2026-05-22,11.85,0.011956,71048.0,83836.813
002572,2026-05-22,10.12,-0.023166000000000003,86330.84,87813.162
002573,2026-05-22,3.41,0.014881,75437.0,25569.898
002574,2026-05-22,5.33,0.013308,60805.98,32245.956
002575,2026-05-22,6.35,0.027507999999999998,417308.91,260583.172
002576,2026-05-22,19.65,0.039133,160476.5,305871.567
002577,2026-05-22,18.94,0.004775,40012.05,75732.492
002578,2026-05-22,4.03,0.03866,275519.63,109390.983
002579,2026-05-22,13.46,0.054033,586799.77,779989.211
002580,2026-05-22,26.08,-0.030844,725760.3,1907574.822
002581,2026-05-22,4.39,-0.03304,109794.39,48485.306
002582,2026-05-22,10.93,0.001833,127654.95,139246.816
002583,2026-05-22,8.95,0.006749000000000001,175155.35,156195.111
002584,2026-05-22,8.3,0.025958000000000002,342801.45,277877.889
002585,2026-05-22,8.98,0.10049,898717.67,771388.932
002586,2026-05-22,4.22,-0.004717,79663.62,33539.247
002587,2026-05-22,7.0,0.033973,208748.05,143393.226
002588,2026-05-22,9.47,0.004242,88808.53,84194.702
002589,2026-05-22,2.93,0.003425,234983.47,68714.278
002590,2026-05-22,13.0,-0.002302,112718.18,146719.137
002591,2026-05-22,8.64,0.020071,179496.82,154323.64
002592,2026-05-22,7.43,0.015026999999999999,22809.0,16885.028
002593,2026-05-22,5.0,0.012145999999999999,109577.0,54520.305
002594,2026-05-22,93.75,0.002567,268591.77,2510615.944
002595,2026-05-22,56.4,0.005706,44688.89,252463.74
002596,2026-05-22,3.84,0.021277,199649.92,76116.155
002597,2026-05-22,20.28,-0.030129000000000003,82182.41,168301.866
002598,2026-05-22,7.77,0.009091,40229.52,31110.34
002599,2026-05-22,6.8,-0.005848,117287.0,78745.141
002600,2026-05-22,16.31,0.050902,3101986.2,4975549.022
002601,2026-05-22,16.02,-0.005587,227504.63,362896.994
002602,2026-05-22,14.41,0.0006940000000000001,853226.97,1226967.753
002603,2026-05-22,15.85,-0.011845000000000001,135993.97,216795.997
002605,2026-05-22,19.38,-0.0030859999999999998,49660.0,96168.485
002606,2026-05-22,16.45,0.100334,401747.8,642381.136
002607,2026-05-22,2.42,0.0,1067066.93,257195.86
002608,2026-05-22,8.02,-0.014742,428048.27,343084.876
002609,2026-05-22,8.39,0.015738000000000002,94406.0,78526.134
002611,2026-05-22,19.17,0.025682,607554.83,1152301.869
002612,2026-05-22,16.5,-0.013748,79751.68,132742.398
002613,2026-05-22,4.17,0.02963,559060.06,230005.267
002614,2026-05-22,5.36,0.009416,75185.0,40074.641
002615,2026-05-22,8.37,0.035891,122714.7,103308.561
002616,2026-05-22,5.57,0.010889,109349.46,60605.38
002617,2026-05-22,9.15,0.029245999999999998,1868081.33,1712541.404
002620,2026-05-22,8.01,-0.049822,201483.0,161400.325
002622,2026-05-22,2.66,0.027027000000000002,205397.0,54214.828
002623,2026-05-22,21.39,0.043415,114454.28,239165.84
002624,2026-05-22,14.52,0.016807000000000002,524210.91,754389.615
002625,2026-05-22,38.23,0.003939,229642.59,872763.404
002626,2026-05-22,15.89,-0.001257,42689.4,68040.469
002627,2026-05-22,6.66,-0.004484,105903.9,70646.172
002628,2026-05-22,5.64,0.05223900000000001,328001.77,182141.798
002629,2026-05-22,6.2,-0.100145,491526.0,306052.202
002630,2026-05-22,1.82,-0.01087,222249.37,40571.234
002631,2026-05-22,7.62,0.002632,168274.65,128506.158
002632,2026-05-22,10.59,0.027158,94617.35,99295.656
002633,2026-05-22,19.22,0.00681,29544.0,56955.988
002634,2026-05-22,4.49,0.049065000000000004,71499.2,31462.291
002635,2026-05-22,18.9,0.08496000000000001,801230.25,1484816.681
002636,2026-05-22,46.27,0.08411400000000001,492933.42,2237913.074
002637,2026-05-22,10.7,-0.03777,441559.74,453414.082
002638,2026-05-22,4.34,0.021176,381749.0,164687.93
002639,2026-05-22,15.77,0.020052,295901.0,463960.304
002640,2026-05-22,3.86,0.007833,754212.0,288354.241
002641,2026-05-22,4.16,0.0072640000000000005,104359.34,43087.003
002642,2026-05-22,8.56,-0.01496,285800.14,243599.293
002643,2026-05-22,17.31,0.02852,313457.89,536836.088
002644,2026-05-22,7.63,0.011936,28468.0,21635.186
002645,2026-05-22,29.06,0.022160000000000003,329816.44,959962.557
002646,2026-05-22,7.54,-0.029601000000000002,93093.27,70458.196
002647,2026-05-22,11.94,0.026655,232920.0,276877.072
002648,2026-05-22,24.68,-0.006841000000000001,413377.21,1016808.573
002649,2026-05-22,10.24,-0.001949,95485.51,97460.62
002650,2026-05-22,7.83,0.014249000000000001,50932.5,39741.873
002651,2026-05-22,8.75,-0.013529,64813.03,56917.614
002652,2026-05-22,6.38,0.072269,592744.52,376729.02
002653,2026-05-22,51.12,-0.019751,33835.27,172175.347
002654,2026-05-22,17.75,-0.019337,1364099.49,2427196.111
002655,2026-05-22,35.1,0.020646,446271.49,1555661.88
002656,2026-05-22,3.48,0.045045,171913.05,58706.647
002657,2026-05-22,19.52,0.005667,82873.01,160754.01
002658,2026-05-22,8.9,-0.020901999999999997,239356.01,212284.362
002659,2026-05-22,4.63,-0.002155,147780.16,67903.086
002660,2026-05-22,8.67,0.029691000000000002,66038.0,56481.551
002661,2026-05-22,8.18,0.002451,25045.0,20424.645
002662,2026-05-22,3.73,0.019126,178089.53,66143.843
002663,2026-05-22,2.14,0.054187000000000006,674124.41,141576.993
002664,2026-05-22,22.73,0.001763,119493.16,271082.335
002666,2026-05-22,4.89,0.027311000000000002,109787.0,53053.143
002667,2026-05-22,19.29,0.050082,435478.12,806614.753
002668,2026-05-22,9.49,0.0,116891.14,110733.837
002669,2026-05-22,14.69,0.049286,307597.1,443985.355
002670,2026-05-22,11.88,-0.005024999999999999,139017.77,165543.001
002671,2026-05-22,4.62,0.028953000000000003,148260.67,67620.44
002672,2026-05-22,3.86,0.013123000000000001,94158.0,36293.45
002673,2026-05-22,6.77,-0.010234,284422.73,192904.873
002674,2026-05-22,14.52,-0.010225,65540.0,95718.735
002675,2026-05-22,12.69,-0.0023580000000000003,75804.77,96182.242
002676,2026-05-22,5.85,0.008621,120764.98,70576.206
002677,2026-05-22,7.52,0.002667,45166.0,34094.305
002678,2026-05-22,6.18,0.019802,147785.71,90764.009
002679,2026-05-22,10.22,-0.018252,187669.02,198301.117
002681,2026-05-22,5.84,0.075506,1403353.82,807967.482
002682,2026-05-22,5.58,0.031423,186476.5,103434.292
002683,2026-05-22,36.26,0.007221999999999999,87678.35,319094.85
002685,2026-05-22,9.09,0.011123000000000001,699277.65,633241.962
002686,2026-05-22,7.15,0.039244,191114.0,134695.353
002687,2026-05-22,4.74,0.039474,120233.26,55988.941
002688,2026-05-22,5.64,-0.0052910000000000006,81874.41,46084.018
002689,2026-05-22,3.3,0.015385,83797.89,27247.139
002690,2026-05-22,16.02,0.012003,42204.1,67322.28
002691,2026-05-22,5.41,-0.035651,115202.47,63299.558
002692,2026-05-22,5.2,0.029703,139226.0,71590.323
002694,2026-05-22,2.56,0.024,46149.0,11670.753
002695,2026-05-22,12.06,0.019442,75388.0,90300.328
002696,2026-05-22,6.43,0.030449,86060.34,54401.753
002697,2026-05-22,4.77,-0.008316,135557.82,64768.493
002698,2026-05-22,14.23,0.00922,204702.03,289184.554
002700,2026-05-22,7.01,0.021866,41150.0,28436.486
002701,2026-05-22,5.03,-0.00396,194771.64,98122.422
002702,2026-05-22,5.61,0.014467,119745.2,66860.13
002703,2026-05-22,21.29,0.068775,1377038.17,2889682.951
002705,2026-05-22,13.02,-0.022523,130607.26,170754.338
002706,2026-05-22,12.86,0.018210999999999998,607782.87,784575.61
002707,2026-05-22,5.66,-0.007018,146828.54,82828.049
002708,2026-05-22,15.98,0.045812,308422.53,485126.563
002709,2026-05-22,58.08,0.006411,1109625.11,6410156.073
002712,2026-05-22,5.33,0.005659999999999999,116769.0,61951.543
002713,2026-05-22,13.99,0.032472,144067.26,198864.907
002714,2026-05-22,38.84,-0.01646,452702.02,1760360.511
002715,2026-05-22,17.19,0.035542,58826.0,99152.622
002716,2026-05-22,10.17,0.029352,1075163.29,1080114.58
002717,2026-05-22,1.05,-0.054054000000000005,147467.0,15484.035
002718,2026-05-22,80.33,0.02175,16186.0,131142.016
002719,2026-05-22,7.5,0.006711,58621.0,44072.025
002721,2026-05-22,2.87,0.021352000000000003,322218.0,91192.46
002722,2026-05-22,14.89,0.016382,42678.43,63051.508
002723,2026-05-22,9.15,0.03624,147952.2,133406.72
002724,2026-05-22,5.71,0.026978,89594.6,50892.895
002725,2026-05-22,16.54,0.099734,165696.78,265843.205
002726,2026-05-22,1.73,-0.022599,317902.55,55021.608
002727,2026-05-22,11.72,-0.011803999999999999,61956.0,72895.104
002728,2026-05-22,9.02,0.005574,76329.91,68648.099
002729,2026-05-22,20.85,0.031667,123457.09,252090.24
002730,2026-05-22,30.41,-0.005234,156893.0,478135.256
002732,2026-05-22,15.24,0.005940999999999999,18208.0,27517.735
002733,2026-05-22,27.75,0.099881,262553.32,709770.055
002734,2026-05-22,16.35,-0.006683,104914.03,172069.943
002735,2026-05-22,13.34,0.019098999999999998,113042.0,149579.094
002736,2026-05-22,10.09,-0.01272,316555.39,320106.305
002737,2026-05-22,12.9,0.005456,34973.0,45223.87
002738,2026-05-22,68.02,0.040220000000000006,249548.6,1673341.388
002739,2026-05-22,9.19,-0.012889,296559.57,274238.188
002741,2026-05-22,25.36,0.10021699999999999,754508.7,1889963.344
002742,2026-05-22,4.45,0.006787,80455.0,35526.352
002743,2026-05-22,5.17,0.034,86978.0,44207.16
002745,2026-05-22,9.84,0.016529000000000002,544955.53,533020.686
002746,2026-05-22,6.14,-0.006472,95909.44,59004.144
002747,2026-05-22,29.07,0.012891999999999999,1216898.52,3478161.839
002748,2026-05-22,11.98,0.02921,46780.0,55338.933
002749,2026-05-22,9.9,0.018519,20158.83,19885.917
002752,2026-05-22,7.13,0.01567,203172.8,144894.538
002753,2026-05-22,6.97,0.014556,98475.78,67925.086
002755,2026-05-22,16.65,-0.053977000000000004,353110.05,591096.886
002756,2026-05-22,67.9,0.000737,125557.75,849401.972
002757,2026-05-22,28.73,0.079264,326384.27,909113.434
002758,2026-05-22,8.55,0.008255,39290.1,33434.225
002759,2026-05-22,36.34,0.0005510000000000001,531113.15,1927617.769
002760,2026-05-22,22.98,0.027728000000000003,80001.64,180685.627
002761,2026-05-22,7.91,-0.01125,107518.97,85353.935
002762,2026-05-22,9.25,0.049943,50184.33,45842.108
002763,2026-05-22,8.25,-0.001211,70197.73,57769.03
002765,2026-05-22,9.17,-0.003261,154984.19,140490.087
002766,2026-05-22,5.36,0.042802,1389692.53,742995.416
002767,2026-05-22,19.5,0.022549,32967.29,63283.001
002768,2026-05-22,64.14,0.007857,48521.96,310759.05
002769,2026-05-22,8.45,-0.005881999999999999,115096.43,97784.799
002771,2026-05-22,13.91,0.021292,77597.3,106288.295
002772,2026-05-22,14.63,-0.000683,57339.0,83851.924
002773,2026-05-22,21.18,-0.013507,70292.53,149316.939
002774,2026-05-22,12.78,0.060580999999999996,137929.98,175406.174
002775,2026-05-22,4.14,0.012225,201443.08,81884.178
002777,2026-05-22,15.86,-0.014295,95576.92,151304.115
002778,2026-05-22,19.26,0.018509,25871.2,49725.911
002779,2026-05-22,76.4,0.035511,48736.38,371990.926
002780,2026-05-22,15.09,0.001992,52015.2,78370.936
002782,2026-05-22,28.87,0.023759000000000002,395927.46,1161363.154
002783,2026-05-22,8.24,0.008568,60409.5,49494.823
002785,2026-05-22,50.32,-0.010228,87256.0,435758.712
002786,2026-05-22,8.73,-0.034291999999999996,301027.75,262823.649
002787,2026-05-22,26.48,0.017679,195323.6,513220.109
002788,2026-05-22,12.36,0.011457,128047.08,157568.729
002789,2026-05-22,13.23,0.01926,22740.7,29618.088
002790,2026-05-22,6.88,0.014749000000000002,47652.0,32314.094
002791,2026-05-22,15.77,-0.025339999999999998,85323.64,136025.866
002792,2026-05-22,47.31,0.015454,256536.98,1200315.171
002793,2026-05-22,4.5,-0.010989,248911.98,112150.004
002795,2026-05-22,9.34,-0.002137,314371.68,294205.583
002796,2026-05-22,49.82,-0.052491,200498.65,1007700.715
002797,2026-05-22,7.19,-0.0191,1494399.51,1080603.366
002798,2026-05-22,8.3,0.013431,132118.88,108496.984
002799,2026-05-22,8.36,0.007229,52619.64,43640.18
002800,2026-05-22,18.11,0.014565999999999999,45292.6,82089.346
002801,2026-05-22,34.75,0.02902,57965.56,199554.966
002802,2026-05-22,14.04,0.048544000000000004,61079.98,84145.909
002803,2026-05-22,22.02,0.032833,106068.54,231538.118
002805,2026-05-22,23.36,0.020979,139383.31,323630.024
002806,2026-05-22,16.79,0.10026199999999999,406548.67,669516.347
002807,2026-05-22,4.42,-0.004505,147828.14,65515.806
002809,2026-05-22,9.89,0.058887,216773.71,210654.257
002810,2026-05-22,26.01,0.0034720000000000003,67298.0,174942.093
002811,2026-05-22,13.35,0.068,123712.83,162450.528
002812,2026-05-22,73.27,-0.03946,401024.91,2950630.545
002813,2026-05-22,24.95,-0.0043890000000000005,31364.56,78125.02
002815,2026-05-22,16.32,0.08727499999999999,742883.98,1189676.633
002816,2026-05-22,26.57,0.050198,57677.19,151240.866
002817,2026-05-22,7.64,0.018667,66633.83,50247.006
002818,2026-05-22,11.34,0.017953,61123.2,68589.319
002819,2026-05-22,26.58,0.014504,34115.0,90612.892
002820,2026-05-22,10.77,0.006542,70573.0,75125.034
002821,2026-05-22,126.85,0.005548999999999999,85611.53,1079663.254
002822,2026-05-22,3.08,0.009836000000000001,66071.8,20184.564
002823,2026-05-22,17.69,0.10012399999999999,213673.19,365660.576
002824,2026-05-22,25.2,0.028152,106751.55,267102.883
002825,2026-05-22,11.33,0.046167999999999994,109812.49,124293.709
002826,2026-05-22,19.59,0.099944,129342.0,244025.913
002827,2026-05-22,30.5,0.017345,30709.0,93063.166
002828,2026-05-22,10.55,0.010536,89636.7,93822.819
002829,2026-05-22,25.95,-0.002307,133655.2,345043.927
002830,2026-05-22,23.39,0.005588999999999999,21432.09,49947.229
002831,2026-05-22,42.5,-0.041714,238014.71,1026347.003
002832,2026-05-22,20.17,0.009004999999999999,114140.09,231010.254
002833,2026-05-22,20.12,0.000995,81636.94,164039.826
002835,2026-05-22,14.54,0.011127,28167.0,40618.816
002836,2026-05-22,12.28,0.022481,24596.2,30056.969
002837,2026-05-22,104.94,0.043868,401763.19,4161824.521
002838,2026-05-22,35.6,-0.000842,79002.8,280237.286
002839,2026-05-22,4.27,-0.002336,155187.6,66273.007
002840,2026-05-22,9.78,-0.032641,223560.75,221663.516
002841,2026-05-22,38.41,0.004971,55176.04,211956.858
002842,2026-05-22,33.66,0.051875,388562.79,1289041.369
002843,2026-05-22,26.14,0.036479,105802.26,273918.491
002845,2026-05-22,15.61,0.008398,205641.6,317374.898
002846,2026-05-22,13.37,-0.001494,80271.0,107076.406
002847,2026-05-22,56.89,0.001585,25353.31,143610.62
002848,2026-05-22,16.98,0.0059240000000000004,32838.0,55702.24
002849,2026-05-22,17.69,0.013172999999999999,82395.5,145769.219
002850,2026-05-22,206.05,-0.004588999999999999,40838.48,844881.856
002851,2026-05-22,120.33,0.031194000000000003,162248.18,1933178.046
002852,2026-05-22,8.44,0.010778000000000001,40368.0,33884.587
002853,2026-05-22,27.47,-0.028986,45892.23,126276.506
002855,2026-05-22,12.17,0.025274,43520.0,52244.401
002856,2026-05-22,18.15,-0.050235,97928.4,178292.986
002857,2026-05-22,21.73,0.024034,31132.0,67194.826
002858,2026-05-22,14.17,0.007824,61868.75,87172.02
002859,2026-05-22,60.05,0.100018,193408.06,1137893.058
002860,2026-05-22,13.61,0.031842,73371.69,98729.374
002861,2026-05-22,18.79,0.017876,57533.97,107333.079
002862,2026-05-22,17.48,0.002294,27590.8,48041.067
002863,2026-05-22,5.37,0.026768999999999998,115627.2,61220.883
002864,2026-05-22,29.32,0.003079,14590.0,42551.525
002865,2026-05-22,99.39,0.017715,157517.02,1538406.7
002866,2026-05-22,22.0,0.033835000000000004,121761.5,265353.77
002867,2026-05-22,12.38,-0.011971,68640.75,85234.623
002868,2026-05-22,36.41,-0.015946000000000002,16425.0,60028.837
002869,2026-05-22,19.71,0.0076690000000000005,20994.68,41287.306
002870,2026-05-22,42.2,0.035074999999999995,54456.58,229035.534
002871,2026-05-22,20.95,0.0038329999999999996,45761.11,96141.633
002872,2026-05-22,5.42,0.034351,61638.0,33225.648
002873,2026-05-22,9.41,0.016198999999999998,53715.4,50061.638
002875,2026-05-22,22.85,0.031603,61853.0,140157.779
002876,2026-05-22,29.85,0.025421,77907.91,229553.125
002877,2026-05-22,9.06,0.015695,110948.0,98958.489
002878,2026-05-22,15.14,0.00598,121842.42,183852.372
002879,2026-05-22,17.06,0.022782,49898.99,84740.382
002880,2026-05-22,26.14,-0.004949,11390.4,29627.163
002881,2026-05-22,47.48,0.035551,181734.47,848267.888
002882,2026-05-22,24.74,0.011033999999999999,31461.0,77208.391
002883,2026-05-22,10.03,0.027664,43495.8,43347.404
002884,2026-05-22,16.9,-0.005297,25518.19,42947.411
002885,2026-05-22,53.71,0.099939,297901.48,1569510.247
002886,2026-05-22,27.98,0.0452,176264.0,483255.63
002887,2026-05-22,14.7,-0.04047,108217.25,159915.199
002888,2026-05-22,23.17,-0.099845,35397.0,83783.867
002889,2026-05-22,13.15,-0.009043,35193.52,46284.085
002890,2026-05-22,16.74,0.026364000000000002,24888.35,41457.042
002891,2026-05-22,30.02,0.000667,68352.77,204944.233
002892,2026-05-22,11.68,-0.006803,258047.9,300415.419
002893,2026-05-22,11.7,0.023622,354621.97,417522.935
002895,2026-05-22,32.86,0.017023,77713.31,252583.03
002896,2026-05-22,80.36,0.00538,108733.4,869090.656
002897,2026-05-22,72.12,0.100061,209635.62,1451232.716
002899,2026-05-22,29.84,-0.012248000000000002,28106.0,83970.502
002900,2026-05-22,10.9,0.014898,32426.0,35087.102
002901,2026-05-22,41.17,-0.00843,20172.0,82797.828
002902,2026-05-22,35.95,0.005032,236720.96,857250.167
002903,2026-05-22,44.64,0.00202,69444.09,309890.896
002905,2026-05-22,8.58,0.012987,53517.6,45702.776
002906,2026-05-22,32.06,0.017778000000000002,123887.14,395217.024
002907,2026-05-22,12.61,0.0047810000000000005,16204.79,20329.231
002908,2026-05-22,8.04,0.012594000000000001,54545.78,43655.539
002909,2026-05-22,6.64,0.039124,303839.71,199427.396
002910,2026-05-22,10.61,0.025121,50572.0,52915.064
002911,2026-05-22,11.62,-0.013582,59771.86,69474.747
002912,2026-05-22,23.81,0.009754,27907.24,66234.007
002913,2026-05-22,56.06,0.0672,94482.26,525192.221
002915,2026-05-22,22.13,0.004995,240206.13,524978.971
002916,2026-05-22,378.27,0.100006,149654.51,5585495.348
002917,2026-05-22,14.66,0.042674000000000004,288064.52,424181.741
002918,2026-05-22,14.63,0.044253999999999995,399747.74,562928.867
002919,2026-05-22,25.67,0.008248,67038.59,171535.369
002920,2026-05-22,110.5,0.041274,341708.69,3694472.866
002921,2026-05-22,27.88,-0.024151,57721.78,162787.95
002922,2026-05-22,40.46,-0.012929999999999999,345672.19,1393323.995
002923,2026-05-22,11.73,0.006867,54940.8,64216.9
002925,2026-05-22,20.59,0.035194,122104.45,247630.625
002926,2026-05-22,8.15,-0.015700000000000002,204290.0,167456.282
002927,2026-05-22,21.66,0.004638,129766.64,281203.774
002928,2026-05-22,7.18,-0.025779999999999997,374877.49,270053.95
002929,2026-05-22,84.33,0.043171999999999995,322165.38,2683916.816
002930,2026-05-22,14.07,0.010049999999999998,208337.34,291762.025
002931,2026-05-22,66.04,0.099933,301315.11,1897729.172
002932,2026-05-22,16.36,0.001837,22146.37,36200.39
002933,2026-05-22,30.15,0.015152,15885.86,47237.316
002935,2026-05-22,21.25,0.038105,100783.85,213837.778
002936,2026-05-22,1.77,0.0,540798.86,95601.398
002937,2026-05-22,33.82,0.008048,113055.81,381293.974
002938,2026-05-22,103.93,0.100021,146940.24,1527127.024
002939,2026-05-22,8.78,-0.020089000000000003,456015.16,402687.62
002940,2026-05-22,41.09,-0.09989,168512.0,698088.215
002941,2026-05-22,13.39,-0.006677,84698.48,114030.464
002942,2026-05-22,18.83,0.046111000000000006,22856.2,42708.565
002943,2026-05-22,85.9,0.046923000000000006,116431.4,986950.262
002945,2026-05-22,14.7,-0.02649,156753.36,231578.624
002946,2026-05-22,16.71,-0.028488000000000003,47972.19,80577.313
002947,2026-05-22,89.4,0.000336,90168.59,806424.694
002948,2026-05-22,5.67,-0.001761,422422.17,239007.85
002949,2026-05-22,13.75,0.02459,23986.0,32646.763
002950,2026-05-22,10.84,0.014981,60507.5,65281.998
002951,2026-05-22,16.03,0.029544,60369.0,95464.702
002952,2026-05-22,30.69,0.041398000000000004,232545.39,698462.604
002953,2026-05-22,11.09,0.020238999999999997,56094.19,61588.49
002955,2026-05-22,24.22,-0.013040000000000001,22310.1,54171.937
002956,2026-05-22,21.45,-0.0013969999999999998,44362.2,94613.425
002957,2026-05-22,43.65,0.037309999999999996,320501.38,1370357.938
002958,2026-05-22,2.88,-0.0034599999999999995,319815.38,91988.217
002959,2026-05-22,39.89,0.004533,8316.84,33134.271
002960,2026-05-22,9.53,0.009534,204000.02,193347.091
002961,2026-05-22,23.19,0.000431,55978.92,129696.699
002962,2026-05-22,18.98,-0.036059,474188.91,892439.501
002963,2026-05-22,19.2,-0.004666,49543.41,95810.206
002965,2026-05-22,37.48,-0.015498000000000001,137503.61,515897.499
002966,2026-05-22,8.4,-0.011765000000000001,347372.0,293700.864
002967,2026-05-22,22.05,0.027014,107798.25,234802.175
002968,2026-05-22,10.56,0.003802,46723.0,49060.185
002969,2026-05-22,19.17,-0.015408,544680.23,1046406.636
002970,2026-05-22,72.45,0.017413,57671.98,415843.856
002971,2026-05-22,33.94,-0.021901999999999998,128284.0,438744.17
002972,2026-05-22,12.75,0.02,41865.8,52670.632
002973,2026-05-22,13.87,0.038174,84804.0,116584.053
002975,2026-05-22,121.55,0.1,95140.79,1135188.852
002976,2026-05-22,33.22,-0.004495,80149.8,258731.06
002977,2026-05-22,28.39,0.020122,13251.4,37241.897
002978,2026-05-22,28.66,0.023937,31025.0,88324.726
002979,2026-05-22,61.03,-0.028339,289189.35,1765649.157
002980,2026-05-22,116.38,0.1,154006.53,1749756.959
002981,2026-05-22,26.21,0.028650000000000002,37694.2,97773.412
002982,2026-05-22,13.46,0.002234,36160.26,48316.088
002983,2026-05-22,25.77,0.03328,79674.3,203017.651
002984,2026-05-22,15.63,0.001923,78613.12,122327.795
002985,2026-05-22,32.48,0.00464,44100.86,142915.922
002986,2026-05-22,12.76,0.039088,92611.56,115905.398
002987,2026-05-22,12.41,-0.011155,111151.21,137618.367
002988,2026-05-22,33.18,0.017479,39529.0,130031.201
002989,2026-05-22,32.51,0.051763,111042.06,354873.79
002990,2026-05-22,63.53,0.036378,135561.1,850548.19
002991,2026-05-22,47.36,-0.004415,4169.0,19714.199
002992,2026-05-22,47.19,0.004043,15099.32,71012.537
002993,2026-05-22,68.22,0.099968,111471.79,733694.886
002995,2026-05-22,20.09,-0.015196000000000001,61242.96,123606.791
002996,2026-05-22,7.3,0.047346000000000006,139986.96,100925.691
002997,2026-05-22,33.17,0.015926,51328.94,168877.053
002998,2026-05-22,9.12,0.017857,81246.0,73716.607
002999,2026-05-22,6.76,0.018071999999999998,75370.0,50569.076
003000,2026-05-22,10.87,-0.002752,32325.0,35056.603
003001,2026-05-22,22.56,-0.003974,120259.84,271427.241
003002,2026-05-22,24.46,-0.011717,27498.0,67638.764
003003,2026-05-22,13.25,0.025542,35685.93,46682.976
003004,2026-05-22,49.8,0.0032229999999999997,75150.58,366105.384
003005,2026-05-22,16.29,0.014953000000000001,27331.2,44130.157
003006,2026-05-22,15.46,-0.008339,43398.0,67354.654
003007,2026-05-22,52.64,-0.031285,121541.59,639862.448
003008,2026-05-22,21.93,0.018579000000000002,18315.11,39792.272
003009,2026-05-22,56.97,0.0128,27892.24,158803.956
003010,2026-05-22,27.13,-0.015602,58826.23,159567.579
003011,2026-05-22,25.59,0.048341,94866.54,235643.964
003012,2026-05-22,5.32,-0.007463,65998.72,35234.461
003013,2026-05-22,14.53,-0.008868000000000001,24798.0,36128.255
003015,2026-05-22,14.09,0.018064,79346.15,110645.881
003016,2026-05-22,7.77,0.007782,41122.07,31816.113
003017,2026-05-22,30.48,0.027646999999999998,23491.28,70890.18
003018,2026-05-22,66.6,-0.002098,190726.26,1240090.444
003019,2026-05-22,38.1,0.021996,95230.19,359480.738
003020,2026-05-22,20.22,-0.016537,21463.48,43501.245
003021,2026-05-22,111.68,0.001884,86695.15,961125.321
003022,2026-05-22,25.42,0.050413,292837.07,736302.917
003023,2026-05-22,30.2,-0.048819,106901.13,317843.627
003025,2026-05-22,15.18,0.00998,81270.31,123408.29
003026,2026-05-22,46.0,-0.001086,102205.07,466222.354
003027,2026-05-22,23.88,0.046909,112094.5,272490.694
003028,2026-05-22,28.75,0.024954999999999998,20693.81,58581.865
003029,2026-05-22,20.93,0.030019999999999998,72796.0,155142.853
003030,2026-05-22,26.52,0.036342,39232.0,104684.169
003031,2026-05-22,158.69,0.034148,167448.98,2597660.87
003032,2026-05-22,7.4,0.039326,120403.0,88646.022
003033,2026-05-22,56.88,-0.014211,13687.0,78420.552
003035,2026-05-22,7.02,0.008621,336569.83,235143.997
003036,2026-05-22,50.89,0.07340200000000001,149809.27,744775.584
003037,2026-05-22,7.05,-0.019471000000000002,117590.94,82735.89
003038,2026-05-22,13.38,0.02844,44832.6,59573.547
003039,2026-05-22,13.37,0.007536,36840.99,49328.535
003040,2026-05-22,14.05,0.024051999999999997,79541.0,111236.303
003041,2026-05-22,58.06,0.011851,23311.0,134571.454
003042,2026-05-22,16.09,0.03009,37041.3,59010.175
003043,2026-05-22,64.76,0.044516,52106.2,332418.095
003816,2026-05-22,4.47,0.015909,1404921.88,623780.726
300001,2026-05-22,40.0,0.05042,363903.81,1435482.827
300002,2026-05-22,8.99,-0.003326,320440.71,289524.604
300003,2026-05-22,13.0,-0.004594,216905.9,282873.531
300004,2026-05-22,16.15,0.051432000000000005,291614.07,466049.038
300005,2026-05-22,16.5,0.034483,295130.55,478157.394
300006,2026-05-22,5.82,0.0,202176.4,118117.741
300007,2026-05-22,50.81,0.002565,273714.49,1383577.586
300008,2026-05-22,7.03,0.0057220000000000005,397600.02,278923.852
300009,2026-05-22,8.19,-0.008475,127097.64,104381.331
300010,2026-05-22,2.95,0.024306,442006.16,130185.866
300011,2026-05-22,6.9,0.014705999999999999,53740.32,36909.654
300012,2026-05-22,15.07,0.004667,183670.54,277617.28
300013,2026-05-22,4.82,-0.022312,487194.5,240818.639
300014,2026-05-22,64.38,0.006724,451875.37,2906335.527
300015,2026-05-22,9.18,-0.019231,939878.29,866732.375
300016,2026-05-22,8.66,0.012865,112050.0,96571.766
300017,2026-05-22,17.23,0.023767,1462571.87,2491600.639
300018,2026-05-22,14.97,0.031702,207529.01,308830.19
300019,2026-05-22,18.19,0.019619,80784.74,144987.048
300020,2026-05-22,3.34,0.018293,81923.0,27044.282
300021,2026-05-22,4.14,-0.016627,184397.69,76143.921
300022,2026-05-22,8.51,0.013095,146326.0,123693.259
300024,2026-05-22,16.27,-0.007927,515377.22,835259.89
300025,2026-05-22,5.54,-0.022928,246570.0,133559.766
300026,2026-05-22,3.27,0.0,206704.0,67587.505
300027,2026-05-22,1.87,0.021858,397852.55,74200.762
300030,2026-05-22,7.77,0.011719,61609.0,47381.118
300031,2026-05-22,25.68,-0.012308,231578.41,596089.44
300032,2026-05-22,4.91,0.008214,315289.0,152505.057
300033,2026-05-22,226.87,-0.0395,248239.72,5663855.528
300034,2026-05-22,20.02,0.027721,176228.29,350600.199
300035,2026-05-22,19.41,0.003619,170600.76,331615.017
300036,2026-05-22,14.29,0.002807,83923.67,119784.057
300037,2026-05-22,72.92,0.096047,476844.04,3353469.898
300039,2026-05-22,5.59,0.005396,57553.29,32161.985
300040,2026-05-22,7.29,0.032578,349885.6,252912.448
300041,2026-05-22,12.58,0.02443,227833.67,284125.552
300042,2026-05-22,68.04,0.003984,332246.9,2261315.423
300043,2026-05-22,5.04,0.001988,247974.0,124226.44
300044,2026-05-22,6.33,0.0128,149231.0,93856.661
300045,2026-05-22,22.45,0.011717,198145.67,443562.646
300046,2026-05-22,33.67,0.029664000000000003,98611.96,328608.627
300047,2026-05-22,12.13,-0.006552,161763.26,195908.197
300048,2026-05-22,5.9,0.015491,167589.4,98684.523
300049,2026-05-22,54.82,-0.031962000000000004,68647.0,382020.311
300050,2026-05-22,7.35,0.038136,319271.0,231939.596
300051,2026-05-22,13.08,-0.01506,261639.0,347654.934
300052,2026-05-22,15.29,0.020694,344656.02,522089.173
300053,2026-05-22,17.75,0.016027,256703.72,448858.428
300054,2026-05-22,73.0,0.000274,466677.72,3383247.1
300055,2026-05-22,10.1,0.041237,198438.96,196587.178
300056,2026-05-22,10.88,0.025448,137337.0,148159.269
300057,2026-05-22,9.0,0.058823999999999994,939113.45,836998.468
300058,2026-05-22,17.11,-0.029495,3346293.07,5707313.193
300059,2026-05-22,19.5,-0.024024,4295945.28,8405438.741
300061,2026-05-22,10.49,-0.004744,338459.59,349557.477
300062,2026-05-22,7.76,-0.033624,294098.27,228823.905
300063,2026-05-22,11.16,-0.00976,376297.1,418534.493
300065,2026-05-22,24.71,0.053731,623932.04,1518639.191
300066,2026-05-22,5.98,-0.004992,181100.29,107699.114
300067,2026-05-22,6.71,0.04031,723917.36,476640.964
300068,2026-05-22,4.7,-0.014675,467815.64,221605.692
300069,2026-05-22,52.87,0.199955,48073.8,254166.181
300070,2026-05-22,3.63,-0.002747,239848.54,87465.502
300071,2026-05-22,4.47,-0.002232,280808.6,125183.001
300072,2026-05-22,4.13,0.014742,275175.26,113221.396
300073,2026-05-22,60.03,0.026328999999999998,156245.25,933856.162
300074,2026-05-22,4.54,0.027149,148924.0,66953.68
300075,2026-05-22,13.26,-0.0007539999999999999,86589.68,115202.051
300076,2026-05-22,5.19,0.023669,93049.44,47977.35
300077,2026-05-22,26.31,0.009593,549242.11,1447046.164
300078,2026-05-22,3.69,0.008197,221943.28,81463.702
300079,2026-05-22,5.74,0.014134,430836.97,244722.043
300080,2026-05-22,4.26,0.024038,274112.92,115138.303
300081,2026-05-22,4.1,-0.004854,132439.93,54618.914
300082,2026-05-22,10.73,0.037718,176630.98,186630.703
300083,2026-05-22,10.94,0.007366,1101657.54,1191303.738
300084,2026-05-22,12.97,0.029365000000000002,182165.0,235258.881
300085,2026-05-22,40.0,-0.021286999999999997,377506.68,1504203.864
300086,2026-05-22,7.01,0.010086,112825.5,78928.591
300087,2026-05-22,7.55,0.013423000000000001,99171.77,74464.891
300088,2026-05-22,7.19,0.014104,2087609.2,1469070.794
300091,2026-05-22,2.94,0.003413,113959.03,33418.731
300092,2026-05-22,15.52,0.022397999999999998,39002.16,60168.792
300093,2026-05-22,21.1,0.008604,33272.55,69866.663
300094,2026-05-22,2.99,0.003356,260709.62,77515.573
300095,2026-05-22,10.18,0.02004,113455.0,114576.101
300096,2026-05-22,9.24,0.010941000000000001,25309.58,23454.239
300097,2026-05-22,10.48,0.051153000000000004,169418.11,176072.078
300098,2026-05-22,5.82,0.015707,463159.84,267364.483
300099,2026-05-22,8.38,0.018226,169326.74,140546.719
300100,2026-05-22,33.91,-0.013670999999999999,200591.04,683006.349
300101,2026-05-22,19.26,0.003125,111315.54,213684.767
300102,2026-05-22,27.16,0.013055,380445.03,1016996.252
300103,2026-05-22,9.1,-0.005464,109684.62,99825.614
300105,2026-05-22,6.74,0.036923,102459.0,67718.853
300106,2026-05-22,13.88,0.024354,133647.84,184491.985
300107,2026-05-22,7.0,0.002865,132654.0,91596.41
300109,2026-05-22,18.16,0.03653,82670.93,148075.699
300110,2026-05-22,2.9,0.0069440000000000005,145271.0,41937.579
300111,2026-05-22,3.62,0.005556,295971.03,107106.749
300112,2026-05-22,8.12,0.0012330000000000002,111981.87,89298.784
300113,2026-05-22,25.66,0.019873000000000002,286351.31,727433.822
300115,2026-05-22,37.85,0.005579,765041.46,2877806.803
300118,2026-05-22,16.88,0.009569,443749.72,747386.706
300119,2026-05-22,16.49,-0.017282,35992.16,59694.269
300120,2026-05-22,7.13,0.01567,146847.96,103478.494
300121,2026-05-22,12.54,0.03125,139020.77,172768.683
300122,2026-05-22,14.06,-0.029676,226054.76,320132.792
300123,2026-05-22,4.63,0.008715,263886.48,121855.675
300124,2026-05-22,78.99,0.015687,494642.79,3871943.451
300125,2026-05-22,10.64,0.040077999999999996,62790.83,66038.876
300126,2026-05-22,7.71,0.021192000000000003,46934.0,35781.935
300127,2026-05-22,31.43,0.029479,54753.06,170759.233
300128,2026-05-22,8.08,0.030612,608156.3,484298.057
300129,2026-05-22,11.09,0.011861,184110.94,203039.432
300130,2026-05-22,24.34,0.030919,225152.69,542209.247
300131,2026-05-22,19.8,-0.004024,1282875.49,2551705.291
300132,2026-05-22,7.66,-0.030379999999999997,149087.88,114702.222
300133,2026-05-22,9.43,0.074032,1695763.71,1562540.02
300134,2026-05-22,11.17,0.021023999999999998,113045.02,125048.25
300135,2026-05-22,3.75,0.030219999999999997,219561.0,81630.951
300136,2026-05-22,118.98,0.08657500000000001,1144473.53,12765083.333
300137,2026-05-22,20.0,0.006543,281804.79,567471.432
300138,2026-05-22,10.49,-0.001903,39797.0,41818.11
300139,2026-05-22,47.22,0.018331,175399.83,820702.065
300140,2026-05-22,6.37,0.012719000000000001,140689.0,89309.548
300141,2026-05-22,12.49,0.032231,59838.0,73788.088
300142,2026-05-22,13.78,0.0029110000000000004,591616.68,809604.962
300143,2026-05-22,10.76,0.0027960000000000003,58573.37,63078.875
300144,2026-05-22,6.85,-0.00436,185244.89,127179.916
300145,2026-05-22,5.07,0.026316000000000003,675918.49,338663.026
300146,2026-05-22,9.9,-0.009009,163377.22,162129.144
300147,2026-05-22,10.09,0.007992,78068.0,78615.725
300148,2026-05-22,3.81,0.018716999999999998,215416.89,81214.055
300149,2026-05-22,9.0,-0.010989,107065.78,96219.311
300150,2026-05-22,4.85,0.027542,86235.02,41087.126
300151,2026-05-22,21.65,0.06388200000000001,326010.28,695781.505
300152,2026-05-22,1.87,-0.036082,379721.0,72322.435
300153,2026-05-22,29.69,0.036662,172186.87,507044.324
300154,2026-05-22,11.07,0.016529000000000002,142629.01,156128.566
300155,2026-05-22,5.05,0.028513,83812.0,41920.172
300157,2026-05-22,5.05,0.016097,281608.58,141440.951
300158,2026-05-22,5.48,0.01107,56295.71,30766.927
300159,2026-05-22,4.16,0.017115000000000002,297813.97,123404.862
300160,2026-05-22,4.94,-0.01002,87534.0,43145.01
300161,2026-05-22,37.83,0.02188,89434.56,332772.523
300162,2026-05-22,9.72,-0.026052,885902.0,850552.489
300163,2026-05-22,5.64,0.007143,521459.0,293271.626
300164,2026-05-22,11.77,0.0059830000000000005,682966.0,798124.493
300165,2026-05-22,6.74,0.029008,171201.68,115181.533
300166,2026-05-22,19.17,0.029538000000000002,1346547.19,2557588.457
300167,2026-05-22,5.55,0.043232999999999994,62357.0,34382.226
300168,2026-05-22,5.64,0.008945,193908.68,108458.486
300169,2026-05-22,6.2,0.029900000000000003,77126.0,47278.862
300170,2026-05-22,20.3,0.010452999999999999,441818.41,890438.113
300171,2026-05-22,12.2,-0.000819,67158.01,81858.668
300172,2026-05-22,5.05,0.024340999999999998,137786.21,68460.241
300173,2026-05-22,3.91,0.005141,70355.0,27368.4
300174,2026-05-22,22.92,0.2,614518.98,1339153.126
300175,2026-05-22,6.71,0.022866,70668.0,46948.783
300176,2026-05-22,6.39,0.019139,132949.0,84362.538
300177,2026-05-22,8.45,-0.003538,140807.51,119295.103
300179,2026-05-22,32.42,0.199852,925028.54,2902010.202
300180,2026-05-22,4.84,0.010438000000000001,240976.63,116260.894
300181,2026-05-22,14.22,-0.011127,69458.09,98902.22
300182,2026-05-22,5.57,-0.001792,869948.92,482354.793
300183,2026-05-22,12.94,0.018897999999999998,85976.21,110132.138
300184,2026-05-22,14.68,0.03819,828570.08,1206355.251
300185,2026-05-22,2.95,0.003401,928722.58,273219.078
300187,2026-05-22,5.98,0.02926,163631.0,96746.364
300188,2026-05-22,11.58,-0.042184,309878.73,356152.519
300189,2026-05-22,5.41,0.030476,479771.38,258569.839
300190,2026-05-22,4.54,0.029478,226982.25,101850.002
300191,2026-05-22,38.29,0.029578000000000004,96221.23,366570.334
300192,2026-05-22,18.31,0.02577,77904.0,140283.62
300193,2026-05-22,8.35,0.018293,70832.49,58842.049
300194,2026-05-22,3.92,0.007712,68962.0,26882.513
300195,2026-05-22,6.6,0.023256000000000002,89677.48,58615.308
300196,2026-05-22,19.93,0.072082,282409.47,558274.597
300197,2026-05-22,1.59,0.025806,375801.74,59457.013
300198,2026-05-22,2.37,0.021551999999999998,99999.9,23615.076
300199,2026-05-22,24.55,0.079121,863060.41,2107158.156
300200,2026-05-22,10.53,0.016409,142685.2,149221.484
300201,2026-05-22,18.34,0.12102700000000001,932721.72,1657646.93
300203,2026-05-22,15.2,-0.026265,392313.59,599846.842
300204,2026-05-22,26.22,-0.0037990000000000003,237480.89,616922.077
300205,2026-05-22,5.88,-0.023256000000000002,36777.0,21566.162
300206,2026-05-22,13.78,0.010264,68515.0,93489.021
300207,2026-05-22,24.49,0.005749,541971.57,1326532.893
300209,2026-05-22,30.9,0.114719,1177015.97,3486379.585
300210,2026-05-22,12.08,0.01598,279835.78,336458.963
300211,2026-05-22,9.15,0.055362999999999996,95736.8,85005.157
300212,2026-05-22,7.71,-0.030189,351041.64,275179.119
300213,2026-05-22,8.11,0.021411,116311.0,93446.37
300214,2026-05-22,8.41,0.036991,164262.0,136330.394
300215,2026-05-22,9.07,0.017957,283892.0,252064.588
300217,2026-05-22,5.53,0.029795,568351.78,312225.915
300218,2026-05-22,14.39,0.014094,28431.0,40687.822
300219,2026-05-22,8.43,0.023058000000000002,525848.27,433591.397
300220,2026-05-22,14.16,0.033576999999999996,30898.0,43045.347
300221,2026-05-22,13.38,0.14653,727694.03,928704.873
300222,2026-05-22,14.14,0.004261,500762.1,707636.435
300223,2026-05-22,138.4,0.058752000000000006,324463.43,4392581.925
300224,2026-05-22,13.13,0.030612,172431.07,224542.212
300225,2026-05-22,8.53,0.042787,302786.97,251157.461
300226,2026-05-22,24.15,0.015132000000000001,72291.97,173204.481
300227,2026-05-22,10.91,0.012999,177330.0,192430.189
300228,2026-05-22,9.24,0.020994000000000002,218803.72,201496.176
300229,2026-05-22,18.37,0.006575,234660.38,426579.556
300230,2026-05-22,5.12,0.04277,183391.84,92604.796
300231,2026-05-22,10.96,0.020484,150309.7,163121.088
300232,2026-05-22,6.29,0.016155,535728.09,327890.2
300233,2026-05-22,14.4,-0.012346,87744.0,125851.979
300234,2026-05-22,7.59,0.060056000000000005,206158.03,153723.752
300235,2026-05-22,13.11,-0.031042,73896.5,98443.946
300236,2026-05-22,98.85,-0.007130999999999999,145093.74,1433560.954
300237,2026-05-22,2.42,0.004149,202788.8,49182.059
300238,2026-05-22,12.89,0.01576,36111.0,46199.045
300239,2026-05-22,5.25,0.019417,73741.0,38357.931
300240,2026-05-22,6.45,0.015747999999999998,99910.5,64237.834
300241,2026-05-22,7.0,0.017442,625001.22,426885.592
300242,2026-05-22,5.3,0.0,342987.0,181183.786
300243,2026-05-22,20.87,0.20011500000000002,435626.09,851932.254
300244,2026-05-22,18.32,0.008811,214691.92,391627.88
300245,2026-05-22,6.82,0.007386,76751.49,52436.578
300246,2026-05-22,20.8,-0.013283,115125.5,239189.969
300247,2026-05-22,4.79,0.030108000000000003,270811.0,128205.136
300248,2026-05-22,9.83,0.012358000000000001,102547.84,100070.527
300249,2026-05-22,18.01,0.034463,314942.05,560875.58
300250,2026-05-22,18.6,0.011418999999999999,46443.0,85504.29
300251,2026-05-22,13.17,0.008423,320484.73,419402.481
300252,2026-05-22,15.94,0.057028999999999996,381332.09,598318.445
300253,2026-05-22,8.62,-0.001159,488776.83,420510.483
300254,2026-05-22,13.09,0.023456,97153.4,126411.037
300255,2026-05-22,40.68,0.003453,141376.14,572957.026
300256,2026-05-22,3.25,-0.012158,287396.45,92812.988
300257,2026-05-22,31.55,0.0096,90652.31,286105.974
300258,2026-05-22,13.98,-0.018258,434234.32,606048.127
300259,2026-05-22,7.47,0.13872,1301297.2,906607.442
300260,2026-05-22,66.8,0.053628,276900.56,1803541.256
300261,2026-05-22,5.32,0.011407,72895.0,38564.008
300263,2026-05-22,12.93,0.021327,653053.58,839381.725
300264,2026-05-22,9.62,0.015839000000000002,161313.0,153454.839
300265,2026-05-22,21.58,0.020331000000000002,396481.53,850703.689
300266,2026-05-22,2.04,-0.019231,190439.0,38831.175
300267,2026-05-22,4.4,0.037736,621518.79,268224.201
300268,2026-05-22,13.38,0.011337999999999999,24405.0,32506.697
300269,2026-05-22,5.81,-0.062903,582412.27,337672.476
300270,2026-05-22,13.36,0.009826,113316.5,149786.995
300271,2026-05-22,6.0,0.001669,96765.0,57853.379
300272,2026-05-22,6.86,0.020833,84962.25,57429.103
300274,2026-05-22,164.51,-0.005261,890529.57,14837255.184
300275,2026-05-22,9.75,0.005155,81421.0,79370.186
300276,2026-05-22,8.96,-0.027143999999999998,1206205.63,1082078.046
300277,2026-05-22,15.84,0.010204,168677.93,266584.791
300278,2026-05-22,5.15,0.005859,418141.55,211892.772
300279,2026-05-22,7.69,0.029451,139843.5,106473.187
300281,2026-05-22,7.88,-0.002532,175655.0,138216.427
300283,2026-05-22,18.52,0.054069000000000006,874914.56,1617823.999
300284,2026-05-22,6.26,0.0,94208.34,58932.905
300285,2026-05-22,48.4,0.16542300000000001,1166472.8,5439216.946
300286,2026-05-22,29.51,0.132821,246227.28,691228.103
300287,2026-05-22,4.32,0.016471,267136.0,114458.005
300288,2026-05-22,11.08,0.0,56682.0,62543.631
300289,2026-05-22,6.23,0.017974,41930.0,25857.561
300290,2026-05-22,14.49,0.011872,131320.66,189401.427
300291,2026-05-22,5.8,0.010452999999999999,160289.09,92346.603
300292,2026-05-22,5.97,0.038260999999999996,1070809.18,629536.399
300293,2026-05-22,19.67,-0.009068,119458.84,236954.324
300294,2026-05-22,15.67,-0.021848,65836.5,102992.705
300295,2026-05-22,11.76,0.030674999999999997,48884.0,57318.358
300296,2026-05-22,6.63,0.012214000000000001,1309854.76,853846.806
300298,2026-05-22,16.45,-0.002426,62967.92,103133.15
300299,2026-05-22,5.94,0.011924999999999998,124355.79,73361.638
300300,2026-05-22,11.09,-0.012466999999999999,376053.32,419634.352
300301,2026-05-22,3.42,-0.008696,75583.0,25867.309
300302,2026-05-22,53.35,-0.011305,502348.22,2675665.496
300303,2026-05-22,9.92,0.017436,1582096.96,1549078.063
300304,2026-05-22,13.92,0.030348,346563.8,474229.651
300305,2026-05-22,6.99,0.10426500000000001,303443.0,207241.68
300306,2026-05-22,12.24,0.030303,28927.0,34819.018
300307,2026-05-22,7.32,0.004115,169108.88,123089.602
300308,2026-05-22,1037.98,0.044939,209337.69,21509318.912
300310,2026-05-22,6.14,-0.040625,1085915.42,665449.446
300311,2026-05-22,5.58,0.025735,94471.46,52190.39
300313,2026-05-22,9.96,0.056204000000000004,64042.0,62747.058
300314,2026-05-22,10.91,0.017724,23660.0,25705.428
300315,2026-05-22,4.75,0.0,510926.57,242528.413
300316,2026-05-22,55.09,0.051135,495968.45,2749951.869
300317,2026-05-22,5.28,0.045545,511903.74,264675.038
300318,2026-05-22,5.14,0.013807,44123.97,22569.776
300319,2026-05-22,14.13,0.058427,692697.44,968126.53
300320,2026-05-22,9.22,0.032475000000000004,91934.71,83640.523
300321,2026-05-22,41.8,0.036964000000000004,24795.0,102032.448
300322,2026-05-22,30.71,0.056779,378966.64,1140480.523
300323,2026-05-22,18.7,-0.0016020000000000001,2765375.46,5065743.437
300324,2026-05-22,4.94,0.031315,405701.13,197803.041
300326,2026-05-22,7.07,0.042773000000000005,104528.36,72564.321
300327,2026-05-22,27.85,0.031481,117580.2,323953.147
300328,2026-05-22,20.57,0.044162,619380.57,1250469.013
300329,2026-05-22,13.31,0.014482,37441.81,49624.705
300331,2026-05-22,54.38,0.000736,156090.25,843689.75
300332,2026-05-22,5.3,0.015326,204678.98,107469.486
300333,2026-05-22,11.22,0.008993,199549.99,222644.757
300334,2026-05-22,8.17,0.025093999999999998,57578.0,46462.587
300335,2026-05-22,6.15,0.021595,132524.27,81181.725
300337,2026-05-22,13.38,0.030023,198795.29,263179.712
300338,2026-05-22,3.21,0.012618,98015.22,31490.306
300339,2026-05-22,42.85,0.003513,219097.26,940094.354
300340,2026-05-22,10.52,0.031373000000000005,86555.32,89747.277
300341,2026-05-22,15.7,0.018158,77751.71,121214.742
300342,2026-05-22,58.48,0.037799,320640.49,1841648.46
300343,2026-05-22,6.9,0.037593999999999995,229963.29,155523.532
300345,2026-05-22,6.42,0.019048,155707.07,98982.653
300346,2026-05-22,56.63,0.015603,564572.49,3166418.576
300347,2026-05-22,42.32,-0.069276,314085.31,1349590.432
300348,2026-05-22,11.03,0.000907,127724.48,140630.836
300349,2026-05-22,14.93,0.046985,251392.78,377065.273
300350,2026-05-22,5.02,0.014140999999999999,240791.0,121245.711
300351,2026-05-22,25.6,0.07023399999999999,196326.85,488550.682
300352,2026-05-22,3.46,0.023669,345015.21,119228.862
300353,2026-05-22,20.45,0.042304,303822.46,607886.463
300354,2026-05-22,37.82,-0.0034260000000000002,30665.21,115904.863
300355,2026-05-22,3.36,0.012048000000000001,140785.12,47140.69
300357,2026-05-22,23.39,-0.009318,57592.57,135007.445
300358,2026-05-22,9.06,0.017978,138697.41,125084.32
300359,2026-05-22,4.42,0.025522,115132.5,50046.848
300360,2026-05-22,14.35,0.004199,39213.99,56272.808
300363,2026-05-22,15.22,-0.026854,169764.52,260225.829
300364,2026-05-22,26.08,0.003077,292844.27,760550.019
300365,2026-05-22,5.98,0.022222,170605.0,100895.27
300366,2026-05-22,5.82,0.013937,62126.0,35962.083
300368,2026-05-22,10.85,-0.026906,329172.0,355660.65
300369,2026-05-22,7.01,0.011544,206160.29,142933.584
300370,2026-05-22,2.49,0.020492,220510.0,54068.232
300371,2026-05-22,12.87,0.028777,36264.28,46062.225
300373,2026-05-22,86.38,0.113001,420155.12,3535895.784
300374,2026-05-22,12.53,0.0024,28291.0,35384.13
300375,2026-05-22,4.87,0.020964,166603.0,80350.476
300376,2026-05-22,5.37,-0.005556,272408.06,146901.086
300377,2026-05-22,16.09,-0.012883,256699.69,410858.536
300378,2026-05-22,40.53,0.008962,94423.32,379763.405
300380,2026-05-22,35.26,-0.026505,40910.91,143933.779
300381,2026-05-22,7.05,0.008584000000000001,79024.0,55574.859
300382,2026-05-22,16.51,0.050254,280256.13,454648.376
300383,2026-05-22,15.66,0.025539999999999997,968604.97,1500331.002
300384,2026-05-22,13.67,0.012593,30895.02,42022.586
300385,2026-05-22,14.67,0.036749000000000004,111251.0,163023.158
300386,2026-05-22,11.87,0.010213000000000002,42827.06,50501.972
300387,2026-05-22,8.45,0.025485,70676.74,59253.575
300388,2026-05-22,7.93,0.0025280000000000003,50292.0,39916.745
300389,2026-05-22,15.15,-0.001976,86766.43,130433.227
300390,2026-05-22,89.14,0.004847000000000001,498951.63,4355027.13
300393,2026-05-22,10.27,0.005877,382996.2,397088.541
300394,2026-05-22,372.5,0.104653,572915.58,20691160.951
300395,2026-05-22,140.15,0.091511,521362.19,7138686.257
300396,2026-05-22,7.79,-0.006378,25110.5,19573.378
300397,2026-05-22,14.52,0.037143,309538.23,446066.094
300398,2026-05-22,37.98,0.033188,463607.72,1743365.72
300399,2026-05-22,21.9,0.010147999999999999,48271.0,105147.084
300400,2026-05-22,31.85,0.065217,146661.0,456560.21
300401,2026-05-22,13.05,0.012413,84755.55,110487.117
300402,2026-05-22,17.29,0.023683,33590.0,57523.519
300403,2026-05-22,12.23,-0.012914000000000002,221970.13,270245.04
300404,2026-05-22,10.65,0.017192,129342.0,136251.493
300405,2026-05-22,7.16,0.042213,99464.9,70269.601
300406,2026-05-22,12.86,0.007048,34874.14,44940.488
300407,2026-05-22,13.3,0.067416,103903.0,135800.039
300408,2026-05-22,115.0,0.167868,823683.76,9261375.804
300409,2026-05-22,25.36,0.032993999999999996,203936.8,505745.159
300410,2026-05-22,10.94,0.128999,619670.26,667056.393
300411,2026-05-22,9.9,0.0020239999999999998,39857.52,39465.258
300412,2026-05-22,5.02,0.030801,92543.5,45837.798
300413,2026-05-22,18.19,-0.012485999999999999,156950.4,285440.622
300414,2026-05-22,12.85,0.020651000000000003,48431.88,61896.823
300415,2026-05-22,25.78,0.012967,60713.33,156119.144
300416,2026-05-22,17.94,0.054054000000000005,360764.34,640042.063
300417,2026-05-22,14.91,0.036136,38599.2,56726.98
300418,2026-05-22,46.19,-0.003452,374941.25,1726407.957
300419,2026-05-22,6.84,0.019374,55588.0,38083.187
300420,2026-05-22,4.55,0.029411999999999997,527271.68,235989.958
300421,2026-05-22,27.96,0.017838,291775.11,811094.907
300422,2026-05-22,5.69,0.017889,152946.41,85907.173
300423,2026-05-22,7.11,0.028944,112357.92,78973.903
300424,2026-05-22,20.79,0.009223,166720.66,347797.106
300425,2026-05-22,4.57,0.002193,85202.46,38824.965
300426,2026-05-22,7.08,0.08422700000000001,169976.08,117064.817
300427,2026-05-22,9.81,0.029381,209455.5,203962.524
300428,2026-05-22,22.23,0.030598,98367.0,216711.086
300429,2026-05-22,15.41,0.024601,346336.88,531268.239
300430,2026-05-22,5.69,-0.025685,158311.6,90892.706
300432,2026-05-22,24.68,-0.00524,399870.62,981068.195
300433,2026-05-22,38.4,0.051767,2220879.83,8235808.884
300434,2026-05-22,10.8,0.008403,73147.0,78634.206
300435,2026-05-22,20.55,0.009332,78709.0,161683.219
300436,2026-05-22,125.83,-0.032672,93571.6,1180045.664
300437,2026-05-22,13.93,0.025018,80328.05,111040.857
300438,2026-05-22,84.74,-0.0009429999999999999,289045.07,2450700.303
300439,2026-05-22,9.44,-0.0031680000000000002,45098.0,42547.577
300440,2026-05-22,17.63,-0.009550999999999999,100124.0,177871.963
300441,2026-05-22,6.63,0.010671,50048.47,33088.978
300442,2026-05-22,93.35,0.019327,503749.53,4655883.526
300443,2026-05-22,27.78,0.059901,121626.65,329895.735
300444,2026-05-22,14.91,0.025447,395978.81,588272.834
300445,2026-05-22,25.01,0.033471,56920.6,140083.738
300446,2026-05-22,17.9,0.015315,73959.25,131639.912
300447,2026-05-22,17.63,0.021436999999999998,56825.6,99471.23
300448,2026-05-22,7.82,0.022222,215657.52,167592.243
300449,2026-05-22,8.65,0.016451,314362.4,269021.608
300450,2026-05-22,51.25,0.022954,393904.53,2010180.882
300451,2026-05-22,4.09,0.014887999999999998,276710.55,112548.192
300452,2026-05-22,12.87,0.005469000000000001,46910.34,60114.978
300453,2026-05-22,9.91,0.017454,77645.12,76125.798
300454,2026-05-22,115.79,0.029244,101467.62,1163418.45
300455,2026-05-22,24.85,0.011396,93847.34,231371.455
300456,2026-05-22,46.92,0.015365,358389.31,1681159.871
300457,2026-05-22,29.5,0.06768,350950.49,1020208.253
300458,2026-05-22,36.66,0.023736,384655.19,1400770.73
300459,2026-05-22,4.04,-0.0024690000000000003,760313.7,305291.122
300460,2026-05-22,10.33,0.045547000000000004,74965.0,76889.909
300461,2026-05-22,49.72,-0.014079,82391.8,413060.068
300462,2026-05-22,13.43,0.03867,25556.0,33990.595
300463,2026-05-22,9.85,-0.0030359999999999996,69267.09,68015.506
300464,2026-05-22,9.19,-0.020256,275253.5,254015.229
300465,2026-05-22,14.09,0.001421,107648.4,151972.043
300466,2026-05-22,9.14,0.022371,89433.6,80216.993
300467,2026-05-22,38.14,0.005007,57606.0,219584.518
300468,2026-05-22,26.4,-0.002645,157034.62,413966.212
300469,2026-05-22,55.27,0.006555999999999999,72067.18,401520.264
300470,2026-05-22,33.12,-0.00271,17826.82,59219.888
300471,2026-05-22,11.02,0.027985000000000003,87079.51,95261.915
300472,2026-05-22,9.13,0.006614999999999999,34946.73,31787.146
300473,2026-05-22,37.55,0.061334,117206.56,432537.923
300474,2026-05-22,63.31,0.016212,107089.88,674582.289
300475,2026-05-22,187.69,0.055921000000000005,359543.61,6614741.122
300476,2026-05-22,375.5,0.133072,801700.12,28996147.579
300477,2026-05-22,2.83,0.010714,255604.09,72290.416
300478,2026-05-22,40.23,0.06795899999999999,64095.2,255873.733
300479,2026-05-22,16.3,0.012421999999999999,42747.19,69380.258
300480,2026-05-22,37.96,0.024561000000000003,298113.79,1117053.114
300481,2026-05-22,15.54,0.033932000000000004,162669.11,248756.324
300482,2026-05-22,17.95,0.001674,30929.71,55332.079
300483,2026-05-22,22.12,0.012821,177178.55,390495.352
300484,2026-05-22,18.24,0.023569,71837.34,129119.693
300485,2026-05-22,9.11,-0.001096,57644.0,52492.257
300486,2026-05-22,23.1,0.005659999999999999,116579.0,266028.015
300487,2026-05-22,60.95,0.011283000000000001,31621.0,191817.157
300488,2026-05-22,36.6,0.016384,73118.49,266406.362
300489,2026-05-22,135.0,0.047242,85560.49,1132198.513
300490,2026-05-22,17.42,0.026517,165068.0,284363.622
300491,2026-05-22,27.55,0.032609,63583.99,173955.426
300492,2026-05-22,47.1,0.044346,37327.6,171972.081
300493,2026-05-22,16.99,0.029697,171993.11,287253.603
300494,2026-05-22,10.07,0.000994,65221.08,65535.329
300496,2026-05-22,71.65,0.037804000000000004,313932.4,2232335.915
300497,2026-05-22,15.98,0.0062970000000000005,176687.51,279432.392
300498,2026-05-22,13.78,-0.035013999999999997,912134.18,1263925.544
300499,2026-05-22,45.31,0.050301,365951.09,1618057.228
300500,2026-05-22,11.93,0.027562000000000003,34300.8,40443.067
300501,2026-05-22,14.66,0.004798,79088.61,116626.417
300502,2026-05-22,606.77,0.072032,404278.17,23856790.585
300503,2026-05-22,89.34,0.027250999999999997,455739.17,3999788.209
300504,2026-05-22,18.51,0.06501699999999999,89337.36,161597.118
300505,2026-05-22,22.81,0.015583,110219.72,249561.38
300506,2026-05-22,5.14,0.007843,107971.3,54765.77
300507,2026-05-22,8.88,0.038596,187075.75,163963.129
300508,2026-05-22,47.52,0.008061,41558.84,197759.055
300509,2026-05-22,10.73,0.017062,62166.0,66555.713
300510,2026-05-22,3.98,0.020513,224056.86,88224.878
300511,2026-05-22,6.47,-0.016717,230725.58,149822.997
300512,2026-05-22,8.93,0.020571000000000002,49037.0,43349.674
300513,2026-05-22,9.02,0.020362,59960.53,53376.562
300514,2026-05-22,12.17,0.02874,33131.0,39768.923
300515,2026-05-22,17.49,0.039216,49379.0,85627.149
300516,2026-05-22,37.6,0.017316,34593.33,129775.309
300517,2026-05-22,12.92,0.015723,67745.2,87244.455
300518,2026-05-22,32.48,0.017863,117482.91,378511.014
300519,2026-05-22,15.37,0.023984000000000002,30696.0,46758.711
300520,2026-05-22,36.99,0.087621,390251.18,1481266.402
300521,2026-05-22,25.36,-0.00471,54469.0,137579.826
300522,2026-05-22,13.52,0.05625,91565.2,121726.083
300523,2026-05-22,23.32,-0.000857,50930.5,119071.081
300525,2026-05-22,9.41,0.014009,126792.24,118536.816
300527,2026-05-22,7.89,0.008951,47147.45,37118.174
300528,2026-05-22,17.28,0.037215,374471.2,655866.33
300529,2026-05-22,18.79,0.005350000000000001,46200.67,86668.661
300530,2026-05-22,22.66,0.020261,20698.0,46430.397
300531,2026-05-22,18.4,-0.007016,153267.23,282776.675
300532,2026-05-22,7.72,0.00915,68306.81,52235.52
300533,2026-05-22,27.02,-0.00037,48879.02,131574.046
300534,2026-05-22,8.54,0.014252,41387.0,34953.289
300535,2026-05-22,18.12,0.029545,24004.37,42813.602
300536,2026-05-22,13.46,0.009752,265963.3,367682.271
300537,2026-05-22,30.28,0.068454,337457.57,1011283.763
300538,2026-05-22,17.33,0.028487,91183.0,155387.365
300539,2026-05-22,30.63,-0.00455,89473.32,279075.315
300540,2026-05-22,28.89,0.052459,131126.33,373453.175
300541,2026-05-22,12.19,0.012458,79002.98,95766.806
300542,2026-05-22,14.84,-0.012641,51940.0,77260.634
300543,2026-05-22,9.39,0.022875999999999997,62450.42,57653.977
300545,2026-05-22,35.91,0.030712000000000003,160525.0,567713.042
300546,2026-05-22,19.76,0.004065,40196.6,79205.179
300547,2026-05-22,42.0,0.02916,115071.57,480766.863
300548,2026-05-22,240.3,0.038147,125835.25,2993754.442
300549,2026-05-22,17.95,0.031609,26621.0,46975.708
300550,2026-05-22,13.52,0.010463,51505.7,69703.379
300551,2026-05-22,13.45,-0.020392999999999998,113292.0,153661.467
300552,2026-05-22,29.99,0.0020050000000000003,129535.95,387308.776
300553,2026-05-22,67.26,0.105341,79378.16,513118.912
300554,2026-05-22,27.62,0.07012800000000001,68526.0,184673.075
300555,2026-05-22,14.36,0.046647,26227.0,37231.237
300556,2026-05-22,21.04,0.008146,69578.0,145426.059
300557,2026-05-22,38.88,0.028843999999999998,39230.13,150650.46
300558,2026-05-22,48.66,-0.020531,103558.65,505087.808
300559,2026-05-22,12.82,0.028892,121495.42,153545.54
300560,2026-05-22,17.14,0.050889,117348.0,195453.68
300561,2026-05-22,19.41,0.078933,92796.37,175180.672
300562,2026-05-22,13.29,0.009878,62909.2,82806.481
300563,2026-05-22,30.9,0.035176,37375.51,114491.909
300564,2026-05-22,16.53,0.025434000000000002,39993.21,66120.162
300565,2026-05-22,14.75,0.040932,239688.98,352178.17
300566,2026-05-22,23.09,0.053857,366173.08,820853.177
300567,2026-05-22,195.3,0.023424,161128.79,3016876.308
300568,2026-05-22,18.23,0.027042,1196462.39,2172779.87
300569,2026-05-22,5.72,0.014184,186948.9,106552.172
300570,2026-05-22,161.42,0.086857,271162.24,4246064.088
300571,2026-05-22,64.71,0.08921099999999998,227279.78,1408575.797
300572,2026-05-22,33.19,0.058017000000000006,77891.61,252561.894
300573,2026-05-22,43.55,-0.027033,62059.8,271213.459
300575,2026-05-22,6.63,0.029502999999999998,129271.07,84833.612
300576,2026-05-22,45.78,0.078191,438155.08,1970486.841
300577,2026-05-22,18.73,-0.019372,27059.0,51030.62
300578,2026-05-22,20.41,0.032372,66947.0,133419.529
300579,2026-05-22,25.29,0.008775,37890.47,95983.433
300580,2026-05-22,28.67,0.052110000000000004,233218.09,665179.359
300581,2026-05-22,12.06,0.022900999999999998,82149.06,97713.596
300582,2026-05-22,16.65,0.009091,191757.42,316639.509
300583,2026-05-22,14.35,0.020626000000000002,28548.8,40497.369
300584,2026-05-22,37.05,0.012295,18676.8,68936.452
300585,2026-05-22,20.79,-0.060976,145382.0,306015.241
300586,2026-05-22,12.37,0.096631,557681.34,672089.229
300587,2026-05-22,5.68,0.003534,198978.27,112829.48
300588,2026-05-22,20.41,0.003441,26214.0,53159.55
300589,2026-05-22,14.62,0.022378,115690.43,168390.238
300590,2026-05-22,15.25,0.009265,261708.46,392828.17
300591,2026-05-22,8.06,0.018963,139961.0,112723.237
300592,2026-05-22,13.08,0.026688,87427.8,112789.058
300593,2026-05-22,33.32,0.11774599999999999,514584.7,1638710.355
300594,2026-05-22,18.33,0.022309000000000002,25227.0,45587.817
300595,2026-05-22,12.46,-0.014240999999999998,95792.98,119859.608
300596,2026-05-22,43.95,0.020432000000000002,41711.7,182290.499
300597,2026-05-22,9.89,0.028067,82077.99,80375.366
300598,2026-05-22,37.1,0.0046029999999999995,50696.03,187189.377
300599,2026-05-22,12.82,0.047386,192605.0,243514.768
300600,2026-05-22,11.7,0.017391,41512.4,48410.08
300601,2026-05-22,13.4,-0.002976,105110.85,141035.301
300602,2026-05-22,39.83,0.035891,282333.5,1112418.621
300603,2026-05-22,11.12,0.018314999999999998,387110.37,428266.47
300604,2026-05-22,236.02,0.005324,348709.71,8186842.432
300605,2026-05-22,12.26,0.018272,51173.72,62158.367
300606,2026-05-22,38.24,0.029618000000000002,167567.0,638424.065
300607,2026-05-22,33.8,0.001778,342811.27,1154568.428
300608,2026-05-22,15.89,0.031149,551321.15,867677.59
300609,2026-05-22,38.67,0.03451,57155.0,220669.286
300610,2026-05-22,12.05,0.038793,54562.19,64923.425
300611,2026-05-22,28.96,0.040229999999999995,120720.53,344363.929
300612,2026-05-22,13.89,-0.009272,69683.82,97018.484
300613,2026-05-22,63.77,0.050231000000000005,209992.18,1323010.123
300614,2026-05-22,13.14,0.044515,39268.74,50708.833
300615,2026-05-22,14.15,0.020187,78507.0,110023.67
300616,2026-05-22,17.06,0.007679,163099.07,285993.917
300617,2026-05-22,63.06,0.06628300000000001,102299.62,630614.285
300618,2026-05-22,42.84,0.02956,83992.26,351948.251
300619,2026-05-22,45.56,0.027282999999999998,62340.07,283552.111
300620,2026-05-22,266.18,0.065146,151492.67,4026414.282
300621,2026-05-22,8.52,0.033981,57811.91,48469.23
300622,2026-05-22,24.84,-0.020505,94962.44,236027.96
300623,2026-05-22,33.65,0.033794,394319.02,1320625.263
300624,2026-05-22,62.9,-0.013333,85722.6,538045.694
300625,2026-05-22,12.1,0.016807000000000002,32430.53,38873.423
300626,2026-05-22,32.52,0.114462,127433.02,399351.571
300627,2026-05-22,29.55,-0.002363,81579.97,241869.647
300628,2026-05-22,38.01,0.016854,81045.83,304463.324
300629,2026-05-22,26.59,0.040705,136180.31,358825.661
300631,2026-05-22,27.25,0.023666,27366.0,73767.086
300632,2026-05-22,36.68,0.028603,634549.3,2279678.695
300633,2026-05-22,22.06,-0.020426000000000003,46989.98,104333.424
300634,2026-05-22,27.67,0.02028,348936.45,955728.366
300635,2026-05-22,14.78,0.028532000000000002,46366.56,67731.181
300636,2026-05-22,7.24,0.026949999999999998,75772.9,54503.367
300637,2026-05-22,11.39,0.053654,119902.2,134627.458
300638,2026-05-22,23.46,0.004281,138402.3,327177.059
300639,2026-05-22,6.18,0.0,148566.87,91465.608
300640,2026-05-22,7.33,-0.004076,126320.0,92200.403
300641,2026-05-22,15.7,0.022135,90216.0,141345.271
300642,2026-05-22,15.24,0.009272,27503.8,41647.809
300643,2026-05-22,18.4,0.014892,40201.0,73495.263
300644,2026-05-22,27.83,0.027696000000000002,25088.53,69170.51
300645,2026-05-22,15.34,0.018592,33657.09,51216.39
300647,2026-05-22,6.9,0.034483,180668.63,123089.121
300648,2026-05-22,55.42,0.06576900000000001,59863.23,325614.444
300649,2026-05-22,21.86,0.046433999999999996,66398.0,144040.72
300650,2026-05-22,16.05,0.036822,79336.95,125402.312
300651,2026-05-22,25.38,0.013173999999999998,86634.0,219484.0
300652,2026-05-22,49.28,0.038128999999999996,67692.7,324654.967
300653,2026-05-22,16.82,0.015700000000000002,15676.25,26160.108
300654,2026-05-22,10.57,0.026214,96908.2,100875.098
300655,2026-05-22,16.79,0.00179,804685.85,1338146.674
300656,2026-05-22,32.26,0.014464999999999999,71813.06,230262.484
300657,2026-05-22,50.25,0.025929,1237139.32,6084403.054
300658,2026-05-22,12.97,0.039263,233172.46,301273.058
300659,2026-05-22,12.26,0.015742,55502.0,67557.46
300660,2026-05-22,48.06,0.010088,135003.6,643088.044
300661,2026-05-22,111.01,0.01268,190159.78,2095968.515
300662,2026-05-22,22.72,-0.0074270000000000004,33105.0,74944.472
300663,2026-05-22,8.39,0.01697,218798.48,183186.152
300664,2026-05-22,5.3,0.037182,143715.55,75178.581
300665,2026-05-22,9.75,0.045016,137411.47,130934.1
300666,2026-05-22,196.6,0.031263,172281.55,3326538.719
300667,2026-05-22,19.09,0.026344,107191.0,203966.981
300668,2026-05-22,61.45,0.036431,36919.81,224691.224
300669,2026-05-22,34.39,0.009096,44303.5,151477.278
300670,2026-05-22,7.03,0.06354,169398.0,116154.841
300671,2026-05-22,50.12,0.008451,145050.47,716904.138
300672,2026-05-22,296.73,0.14162,227653.94,6250123.605
300673,2026-05-22,14.99,0.019728000000000002,23181.3,34593.849
300674,2026-05-22,18.06,-0.008237,83258.5,150924.523
300675,2026-05-22,15.57,0.016319,25612.06,39344.801
300676,2026-05-22,37.43,-0.037789,105823.32,397746.552
300677,2026-05-22,47.33,-0.007756999999999999,109705.53,524834.521
300678,2026-05-22,26.88,-0.032397,94536.82,254155.755
300679,2026-05-22,53.8,0.055937,243109.51,1290263.846
300680,2026-05-22,43.7,0.012277,111513.25,483307.19
300681,2026-05-22,33.57,0.009624,106623.07,355388.555
300682,2026-05-22,14.27,0.012775000000000002,169903.61,240959.931
300683,2026-05-22,31.72,-0.027888000000000003,63077.0,200576.866
300684,2026-05-22,64.25,0.056917,140899.14,886886.729
300685,2026-05-22,18.96,-0.008368,61025.3,116349.294
300686,2026-05-22,17.53,0.0028599999999999997,76915.0,134274.366
300687,2026-05-22,32.85,0.046178,270168.35,879151.101
300688,2026-05-22,25.93,0.043880999999999996,69671.0,177866.842
300689,2026-05-22,57.57,0.03172,28061.0,161934.765
300690,2026-05-22,26.9,0.016629,32948.06,88261.862
300691,2026-05-22,18.3,0.022345999999999998,97753.65,176901.153
300692,2026-05-22,8.8,0.02924,118690.14,103904.014
300693,2026-05-22,58.46,0.018644,149620.23,873345.562
300694,2026-05-22,11.73,0.016464,47850.0,55552.027
300695,2026-05-22,70.94,0.007241,18093.65,127161.808
300696,2026-05-22,34.83,-0.00741,67843.62,237149.99
300697,2026-05-22,17.32,0.059327,136177.83,233254.576
300698,2026-05-22,39.57,-0.015182,90725.61,357525.041
300699,2026-05-22,34.07,0.023738000000000002,241888.14,816057.04
300700,2026-05-22,20.52,0.076036,165351.9,331637.472
300701,2026-05-22,12.44,0.02895,88191.75,108197.94
300702,2026-05-22,19.56,0.02141,30433.27,59290.046
300703,2026-05-22,16.49,-0.000606,49572.19,81610.556
300705,2026-05-22,11.58,-0.008562,49007.73,56613.129
300706,2026-05-22,51.21,0.02461,165846.0,844138.608
300707,2026-05-22,14.38,0.023488000000000002,48991.0,69534.551
300708,2026-05-22,9.53,0.014908999999999999,675171.37,627156.204
300709,2026-05-22,48.98,0.028342999999999997,88070.03,428326.919
300710,2026-05-22,37.55,0.021768999999999997,61179.65,228623.185
300711,2026-05-22,20.1,0.010558000000000001,36404.84,72360.587
300712,2026-05-22,23.89,0.011003,21187.48,50333.124
300713,2026-05-22,17.91,0.028719,32097.82,56949.71
300715,2026-05-22,20.34,-0.015489,418020.35,846579.255
300716,2026-05-22,15.2,0.025640999999999997,39603.77,58463.282
300717,2026-05-22,21.02,0.040079000000000004,21275.0,44158.682
300718,2026-05-22,79.89,0.01693,102511.24,814604.423
300719,2026-05-22,13.7,-0.00436,53292.5,73519.93
300720,2026-05-22,69.86,0.034044,76056.8,524720.232
300721,2026-05-22,32.35,0.028944,357294.22,1179651.757
300722,2026-05-22,25.75,0.010993,24942.31,63655.828
300723,2026-05-22,41.06,0.031658,188597.53,766012.677
300724,2026-05-22,87.93,0.013602000000000001,122345.53,1073922.585
300725,2026-05-22,37.64,0.00026599999999999996,73497.29,275663.43
300726,2026-05-22,63.23,0.111248,246111.79,1519165.115
300727,2026-05-22,35.89,0.039687,57639.87,202854.972
300729,2026-05-22,12.25,0.018288,28376.14,34373.876
300730,2026-05-22,16.74,0.068283,250687.87,412519.164
300731,2026-05-22,96.0,0.120187,112352.2,1036244.666
300732,2026-05-22,7.38,0.025,71745.67,52624.23
300733,2026-05-22,19.85,0.006082,79642.2,158173.312
300735,2026-05-22,20.65,0.017743,112144.67,229451.238
300736,2026-05-22,38.56,0.020376,54852.0,210393.59
300737,2026-05-22,7.54,-0.001325,259006.67,195608.199
300738,2026-05-22,25.4,0.038006000000000005,763027.13,1917946.55
300739,2026-05-22,33.28,0.08122199999999999,446182.2,1445473.544
300740,2026-05-22,25.53,0.001962,99950.99,255244.931
300741,2026-05-22,15.0,0.0060360000000000006,16023.0,23889.776
300743,2026-05-22,19.09,0.026344,28264.76,53451.197
300745,2026-05-22,49.6,0.028619,74726.18,368323.509
300746,2026-05-22,12.91,-0.02197,55604.0,72199.96
300747,2026-05-22,39.1,0.034118,306007.61,1185573.356
300748,2026-05-22,34.34,0.038717,419679.87,1432275.935
300749,2026-05-22,23.91,0.022232,61219.45,146655.737
300750,2026-05-22,411.16,-0.001142,277883.81,11472585.703
300751,2026-05-22,285.19,0.030125000000000002,113440.41,3218452.563
300752,2026-05-22,19.72,0.040084,67786.0,132312.423
300753,2026-05-22,25.17,0.02234,34879.04,86947.701
300755,2026-05-22,16.46,-0.009627,85915.0,141603.484
300756,2026-05-22,49.8,0.061381,50047.38,242563.177
300757,2026-05-22,549.5,0.048664,69705.43,3749481.16
300758,2026-05-22,14.75,0.017241,366275.5,528425.469
300759,2026-05-22,25.93,-0.028111,330676.85,858706.786
300760,2026-05-22,153.0,-0.033236,136238.59,2107886.622
300761,2026-05-22,20.02,-0.026265,94079.46,189967.571
300762,2026-05-22,40.18,0.014646,221608.52,882656.024
300763,2026-05-22,113.6,0.049714,185049.87,2123248.836
300765,2026-05-22,28.84,0.004178,77980.91,225604.915
300766,2026-05-22,27.21,0.015677,230122.95,619827.179
300767,2026-05-22,20.48,-0.016803,94703.26,193742.857
300768,2026-05-22,17.15,0.014793,64221.84,109875.278
300769,2026-05-22,73.78,-0.002973,295426.16,2156476.769
300770,2026-05-22,35.79,-0.018376,26974.06,97098.061
300771,2026-05-22,13.2,0.018519,38520.32,50483.023
300772,2026-05-22,16.15,0.014447000000000002,144609.7,232483.75
300773,2026-05-22,26.33,0.009973,394616.63,1026800.512
300774,2026-05-22,15.45,0.13770300000000002,238436.48,353110.216
300775,2026-05-22,27.33,-0.007984999999999999,188959.04,518009.493
300776,2026-05-22,156.58,0.063001,161509.54,2474167.703
300777,2026-05-22,39.64,0.043158,209484.18,817866.557
300778,2026-05-22,13.4,0.025249,41663.0,55007.053
300779,2026-05-22,68.7,0.039177,74056.25,503957.074
300780,2026-05-22,33.15,0.029823,81387.0,271186.866
300781,2026-05-22,33.59,0.0014910000000000001,45345.62,151434.391
300782,2026-05-22,125.51,0.037016,266751.5,3336046.591
300783,2026-05-22,18.63,-0.045105000000000006,142454.09,268065.738
300784,2026-05-22,52.42,0.017271,10065.3,52657.602
300785,2026-05-22,49.42,-0.028504,99021.18,490044.788
300786,2026-05-22,19.19,-0.004668,167589.4,321178.791
300787,2026-05-22,10.85,0.033333,51671.16,55117.228
300788,2026-05-22,29.46,0.013765000000000001,40109.0,117507.304
300789,2026-05-22,23.17,0.02932,20887.85,47940.526
300790,2026-05-22,36.85,0.07278,319642.81,1147289.694
300791,2026-05-22,18.6,0.000538,14653.85,27161.123
300792,2026-05-22,35.38,-0.015307999999999999,84026.26,297065.102
300793,2026-05-22,14.71,0.017993,66780.33,97823.764
300795,2026-05-22,10.28,0.026972999999999997,32184.5,32761.615
300796,2026-05-22,7.91,0.01933,70350.9,54931.597
300797,2026-05-22,15.16,0.008649,35180.0,53014.846
300798,2026-05-22,8.97,0.031034000000000003,221015.32,194489.766
300800,2026-05-22,12.32,0.026667,36234.0,43977.15
300801,2026-05-22,29.77,0.042002,69217.2,203468.516
300802,2026-05-22,23.18,0.051247,112037.61,255318.713
300803,2026-05-22,98.19,-0.034798,321047.95,3159614.166
300804,2026-05-22,42.99,-0.0071589999999999996,18483.0,79429.455
300805,2026-05-22,9.34,0.0064659999999999995,64370.93,59681.1
300806,2026-05-22,89.59,0.079528,264944.44,2285062.586
300807,2026-05-22,49.0,0.031579,24105.0,116797.97
300808,2026-05-22,26.35,-0.006035,20551.0,54438.171
300809,2026-05-22,38.89,-0.012944,124482.2,484314.731
300810,2026-05-22,31.11,0.015671,19877.0,61278.312
300811,2026-05-22,118.88,0.13858800000000002,187707.63,2118693.614
300812,2026-05-22,41.63,0.05526,168067.2,679572.758
300813,2026-05-22,23.77,0.016680999999999998,19866.9,46929.584
300814,2026-05-22,131.16,0.030808,105948.93,1391798.107
300815,2026-05-22,22.21,-0.009367,77507.85,172334.943
300816,2026-05-22,88.19,-0.00575,28790.0,258033.022
300817,2026-05-22,20.19,-0.0034549999999999997,36717.25,74136.565
300818,2026-05-22,25.2,0.008807,75768.6,191481.501
300819,2026-05-22,82.31,0.07412200000000001,116484.34,948796.392
300820,2026-05-22,67.86,0.004887,110407.35,743158.858
300821,2026-05-22,15.21,0.062151,676343.76,1012815.111
300822,2026-05-22,14.97,0.007402,30601.0,45495.671
300823,2026-05-22,19.1,0.031317,37344.8,70466.817
300824,2026-05-22,9.12,0.011086,39774.0,36123.458
300825,2026-05-22,12.68,0.0,459674.98,587793.961
300826,2026-05-22,16.48,0.014154,58632.9,95739.089
300827,2026-05-22,37.79,0.009618,251619.37,958939.242
300828,2026-05-22,21.29,0.067168,73865.0,153786.259
300829,2026-05-22,19.44,0.032944,74378.97,142378.258
300830,2026-05-22,10.77,0.020853,128524.0,137138.183
300831,2026-05-22,23.62,0.019862,354268.0,827665.115
300832,2026-05-22,47.83,-0.034518,65510.57,314419.064
300833,2026-05-22,37.02,-0.007241,10498.0,39059.817
300834,2026-05-22,45.01,0.022258,27308.92,122467.668
300835,2026-05-22,141.83,0.17069700000000002,83022.3,1128014.759
300836,2026-05-22,79.25,0.042763,29136.1,224962.837
300837,2026-05-22,31.65,0.023940000000000003,21884.1,68634.895
300838,2026-05-22,21.6,-0.010536,79133.97,171753.22
300839,2026-05-22,18.4,0.0032719999999999997,73663.5,134845.155
300840,2026-05-22,24.64,0.032258,133766.36,327638.013
300841,2026-05-22,51.5,-0.018861000000000003,27006.04,138862.294
300842,2026-05-22,95.2,0.055901,77383.4,725907.282
300843,2026-05-22,98.8,0.056684,81592.72,801615.628
300844,2026-05-22,31.12,0.013681,7301.76,22596.808
300845,2026-05-22,15.31,0.05732,103089.07,155340.511
300846,2026-05-22,29.66,0.022406000000000002,311412.18,915914.878
300847,2026-05-22,15.43,0.014464,28040.5,42913.071
300848,2026-05-22,16.15,0.023447,71528.0,115277.03
300849,2026-05-22,24.62,0.006541,28598.53,69807.714
300850,2026-05-22,35.43,0.023693,131327.26,464809.777
300852,2026-05-22,52.01,0.085577,131309.98,672199.731
300853,2026-05-22,33.4,-0.047618999999999995,118096.55,397001.632
300854,2026-05-22,38.56,0.012073,41922.0,159369.307
300855,2026-05-22,37.49,0.035635,51073.1,190165.538
300856,2026-05-22,13.71,-0.006522,46798.37,64226.61
300857,2026-05-22,272.0,0.054264,215710.65,5728977.997
300858,2026-05-22,17.25,-0.0063360000000000005,67594.0,116442.224
300859,2026-05-22,28.09,0.002141,26062.25,73032.9
300860,2026-05-22,25.68,-0.004651,18348.91,47245.005
300861,2026-05-22,21.6,0.06456400000000001,245841.35,521019.949
300862,2026-05-22,25.95,0.038831000000000004,75610.34,194175.747
300863,2026-05-22,81.8,0.058899999999999994,143161.24,1166608.408
300864,2026-05-22,24.28,0.041166,37624.31,90650.906
300865,2026-05-22,30.75,0.034309,24072.9,73251.679
300866,2026-05-22,127.89,-0.014715,55066.76,710610.186
300867,2026-05-22,22.48,-0.000889,61675.48,139252.915
300868,2026-05-22,98.1,0.096334,46504.0,444368.167
300869,2026-05-22,12.07,0.016849,29916.63,35800.198
300870,2026-05-22,411.2,0.051662,41607.69,1680778.697
300871,2026-05-22,22.77,-0.001316,41032.18,93486.504
300872,2026-05-22,20.5,0.005888,154426.41,315144.383
300873,2026-05-22,22.69,0.013399000000000001,49762.05,111523.915
300875,2026-05-22,38.63,0.014443,27574.0,105268.732
300876,2026-05-22,29.64,0.03024,22425.47,66102.474
300877,2026-05-22,33.26,0.09769,45453.95,147151.514
300878,2026-05-22,33.79,0.008657,41671.88,138947.738
300879,2026-05-22,20.62,-0.016221,29452.23,61304.544
300880,2026-05-22,21.58,0.022749000000000002,44048.35,94695.907
300881,2026-05-22,54.98,0.08335000000000001,33808.4,181015.493
300882,2026-05-22,18.29,0.018942,32044.76,58323.65
300883,2026-05-22,6.98,0.007215,290860.62,202181.349
300884,2026-05-22,12.5,0.020408,50432.75,62477.169
300885,2026-05-22,31.65,-0.012789,227327.26,721503.239
300886,2026-05-22,27.64,0.012083,15751.82,43179.779
300887,2026-05-22,9.07,0.010022,91365.29,82434.504
300888,2026-05-22,29.77,-0.003014,24728.2,73519.494
300889,2026-05-22,23.72,0.031304,79139.44,187318.216
300890,2026-05-22,37.53,0.019282999999999998,100796.48,373760.45
300891,2026-05-22,7.95,0.017926,65602.67,51752.7
300892,2026-05-22,24.99,0.014616,13541.89,33589.609
300893,2026-05-22,22.73,-0.00699,21138.16,48082.782
300894,2026-05-22,10.03,-0.025266999999999998,65468.83,66007.655
300895,2026-05-22,70.92,0.037145000000000004,89695.04,632173.639
300896,2026-05-22,103.15,-0.0038629999999999997,23904.05,246992.736
300897,2026-05-22,27.8,0.020558,20530.68,56887.285
300898,2026-05-22,22.69,0.008444,20184.17,45662.306
300899,2026-05-22,37.1,0.0027029999999999997,13442.24,48944.452
300900,2026-05-22,40.04,0.04,207728.2,825625.926
300901,2026-05-22,15.73,0.001273,41481.73,64907.543
300902,2026-05-22,17.96,-0.007735,40501.96,72528.552
300903,2026-05-22,79.39,0.115028,383784.8,2983298.075
300904,2026-05-22,58.49,-0.014157999999999999,13077.0,76883.897
300905,2026-05-22,70.88,0.01883,80494.46,567141.008
300906,2026-05-22,33.97,0.033151,23826.03,79602.333
300907,2026-05-22,41.11,0.19994199999999998,116039.73,454389.736
300908,2026-05-22,26.17,0.006926,11793.22,30737.355
300909,2026-05-22,47.43,0.027068,44873.25,211354.97
300910,2026-05-22,45.78,0.023017,35461.25,159646.667
300911,2026-05-22,31.71,0.013423000000000001,55698.58,174686.784
300912,2026-05-22,30.7,-0.036107,79070.79,243510.653
300913,2026-05-22,52.63,0.032163,60598.67,316761.681
300915,2026-05-22,24.83,0.019713,9989.65,24536.271
300916,2026-05-22,36.74,-0.057949,63255.62,235185.18
300917,2026-05-22,30.27,-0.004604,40351.83,122395.091
300918,2026-05-22,14.83,0.012287,82816.83,121787.068
300919,2026-05-22,54.99,0.008806000000000001,163504.93,891619.872
300920,2026-05-22,44.31,0.019323999999999997,31530.12,139004.764
300921,2026-05-22,28.8,0.014085,119352.64,342830.454
300922,2026-05-22,21.3,0.007569,78185.14,165262.404
300923,2026-05-22,26.72,0.021016,16380.21,43109.458
300925,2026-05-22,17.67,0.003407,78093.9,137932.665
300926,2026-05-22,21.62,0.012646,39813.89,85902.983
300927,2026-05-22,26.95,0.034152,43937.62,117233.417
300928,2026-05-22,35.5,0.030479,19911.63,70465.572
300929,2026-05-22,13.62,0.03811,40262.94,54042.785
300930,2026-05-22,34.0,0.053284000000000005,18824.93,62892.328
300931,2026-05-22,16.68,0.0425,80416.29,133008.009
300932,2026-05-22,10.33,0.039235,129757.21,131684.858
300933,2026-05-22,8.58,0.022646000000000003,129121.82,109955.807
300935,2026-05-22,42.58,0.029994999999999997,58188.02,246334.115
300936,2026-05-22,94.27,0.08231899999999999,48630.44,446497.146
300937,2026-05-22,24.92,0.006462,15564.0,38586.063
300938,2026-05-22,61.59,0.067048,159243.6,964223.278
300939,2026-05-22,56.96,0.070677,168446.79,943305.891
300940,2026-05-22,20.74,0.013685000000000001,109603.4,224022.511
300941,2026-05-22,16.83,0.013245,27336.84,45604.071
300942,2026-05-22,7.23,0.01831,49486.0,35366.121
300943,2026-05-22,40.11,0.11789300000000001,198437.02,785253.532
300945,2026-05-22,13.66,0.032502,74822.26,101431.036
300946,2026-05-22,54.8,0.01107,33554.06,181273.244
300947,2026-05-22,16.71,0.017041999999999998,26034.48,43130.917
300948,2026-05-22,26.88,0.029885000000000002,157725.66,422703.73
300949,2026-05-22,38.88,0.012236,8561.0,33188.486
300950,2026-05-22,21.24,0.011429,23587.69,49871.512
300951,2026-05-22,38.35,0.045814,32730.61,124137.43
300952,2026-05-22,39.25,0.070065,134023.62,515039.38
300953,2026-05-22,256.03,0.025063,83887.2,2133404.784
300955,2026-05-22,50.7,0.02986,45012.98,226432.466
300956,2026-05-22,14.95,0.030324,35907.6,53079.014
300957,2026-05-22,37.97,-0.000526,48757.88,185832.8
300958,2026-05-22,14.08,0.039114,38893.93,54141.398
300959,2026-05-22,185.3,0.035774,45576.64,838101.95
300960,2026-05-22,20.6,0.024366,11358.4,23182.308
300961,2026-05-22,13.61,0.0044280000000000005,62735.6,85754.171
300962,2026-05-22,13.72,0.023881,27875.47,37961.958
300963,2026-05-22,16.1,0.018987,75319.87,120175.721
300964,2026-05-22,96.68,0.090212,93287.87,881235.713
300965,2026-05-22,70.3,0.016631,27928.09,195042.415
300966,2026-05-22,27.64,0.038707,49793.82,135048.078
300967,2026-05-22,16.52,0.008547,30413.98,50062.983
300968,2026-05-22,12.12,0.021922,65277.0,78369.702
300969,2026-05-22,168.67,0.058554,45598.91,756002.71
300970,2026-05-22,31.28,-0.001914,44125.56,138030.045
300971,2026-05-22,24.28,0.034072,30029.36,71954.146
300972,2026-05-22,209.5,-0.019837,15295.71,321159.617
300973,2026-05-22,27.18,-0.009475,18899.0,51400.491
300975,2026-05-22,22.8,0.054579,546115.04,1226736.898
300976,2026-05-22,80.08,0.016373,41876.91,333532.074
300977,2026-05-22,22.14,0.048792,29580.38,64084.823
300978,2026-05-22,10.91,0.017724,43370.41,46962.179
300979,2026-05-22,35.23,-0.028405999999999997,29921.14,105998.793
300980,2026-05-22,30.86,0.040809,51903.6,160179.731
300981,2026-05-22,14.47,0.012596000000000001,60810.3,88059.245
300982,2026-05-22,21.57,0.027632,47182.96,100878.498
300983,2026-05-22,37.87,0.026844,34719.41,134015.555
300984,2026-05-22,71.15,-0.010431,32841.2,233695.325
300985,2026-05-22,23.7,0.035838999999999996,30459.32,71470.645
300986,2026-05-22,21.05,0.011533,141810.62,297455.017
300987,2026-05-22,15.7,0.012903,41955.3,65400.034
300988,2026-05-22,29.45,0.026132,46205.0,134541.295
300989,2026-05-22,14.93,0.011517999999999999,31806.4,47347.011
300990,2026-05-22,99.7,0.060638,99846.25,971182.525
300991,2026-05-22,42.96,0.0032700000000000003,34724.6,149999.342
300992,2026-05-22,28.94,-0.005155999999999999,25078.42,72624.288
300993,2026-05-22,11.54,0.011394,28903.34,33243.041
300994,2026-05-22,13.31,0.012166999999999999,29719.6,39434.633
300995,2026-05-22,38.17,0.020588000000000002,28216.58,106035.437
300996,2026-05-22,13.1,0.027451,132691.8,172056.023
300997,2026-05-22,17.36,0.005211,50674.21,87421.896
300998,2026-05-22,28.12,0.080707,63628.02,175759.494
300999,2026-05-22,26.15,-0.004947,79498.72,207972.74
301000,2026-05-22,36.17,-0.033663,113207.94,411820.131
301001,2026-05-22,28.87,0.009794,15246.93,43752.661
301002,2026-05-22,57.32,-0.019668,98924.54,574730.974
301003,2026-05-22,53.68,0.021309,32288.93,172271.153
301004,2026-05-22,40.46,-0.006141,3556.4,14448.02
301005,2026-05-22,162.65,0.01542,53701.81,860699.233
301006,2026-05-22,17.26,0.037883,24923.49,42298.724
301007,2026-05-22,41.5,0.008016,48763.67,202924.733
301008,2026-05-22,29.72,0.011572,44369.6,130528.949
301009,2026-05-22,10.32,0.019763,28314.0,28787.868
301010,2026-05-22,22.76,0.019257,24636.0,55772.069
301011,2026-05-22,18.25,-0.000548,19848.96,36201.425
301012,2026-05-22,41.26,0.028671000000000002,237984.91,984058.767
301013,2026-05-22,42.84,0.2,829880.3,3325267.078
301015,2026-05-22,22.82,0.032579,55283.82,124705.191
301016,2026-05-22,19.3,0.005208000000000001,89724.11,176061.024
301017,2026-05-22,13.5,-0.0022170000000000002,72015.0,97291.727
301018,2026-05-22,168.18,0.088544,122932.17,2004533.204
301019,2026-05-22,23.24,0.034268,23191.93,53325.197
301020,2026-05-22,31.77,-0.012741,138373.94,437961.999
301021,2026-05-22,89.98,0.055113,148147.22,1323509.678
301022,2026-05-22,31.74,-0.023385,31749.84,101221.883
301023,2026-05-22,51.08,0.047795,96110.77,474765.305
301024,2026-05-22,49.0,0.027685,9475.5,46058.317
301025,2026-05-22,10.43,0.016569,54568.48,56129.663
301026,2026-05-22,35.71,0.054948,115158.61,408361.319
301027,2026-05-22,23.31,0.030503999999999996,56919.2,132227.357
301028,2026-05-22,20.22,-0.009794,213049.17,434580.841
301029,2026-05-22,31.18,0.044206,236634.07,733485.926
301030,2026-05-22,11.35,0.021602,81843.4,92452.33
301031,2026-05-22,178.33,0.08262499999999999,43457.77,757900.311
301032,2026-05-22,12.97,0.014073,47598.92,61292.044
301033,2026-05-22,53.82,0.040804,13121.82,69970.002
301035,2026-05-22,70.88,-0.003935,10068.42,72004.274
301036,2026-05-22,27.53,0.033796,17394.0,47513.443
301037,2026-05-22,17.16,0.028161000000000002,22196.87,37451.697
301038,2026-05-22,21.12,-0.017674000000000002,68043.69,144126.338
301039,2026-05-22,7.98,-0.0025,110185.99,88277.398
301040,2026-05-22,32.25,0.020569999999999998,34657.94,111396.372
301041,2026-05-22,34.21,0.055538,91451.86,310778.813
301042,2026-05-22,102.0,-0.009709,14880.7,149276.445
301043,2026-05-22,52.07,-0.003826,8207.85,42674.319
301045,2026-05-22,58.97,0.098547,84813.41,484766.181
301046,2026-05-22,28.84,0.031842999999999996,44974.83,128230.312
301047,2026-05-22,66.8,-0.001495,8472.78,56295.374
301048,2026-05-22,10.53,0.013474,40205.0,42135.781
301049,2026-05-22,24.19,0.023266,17393.0,41642.708
301050,2026-05-22,37.86,0.02021,50947.15,190672.64
301051,2026-05-22,26.22,0.008074,121608.76,317893.785
301052,2026-05-22,29.56,0.016856,26076.4,76158.384
301053,2026-05-22,52.11,-0.025070000000000002,39919.75,210308.026
301055,2026-05-22,39.5,0.026241,61301.96,238650.491
301056,2026-05-22,14.62,0.045031999999999996,31050.0,44574.081
301057,2026-05-22,33.62,0.067302,33462.62,111089.705
301058,2026-05-22,9.13,0.009956,55519.89,50356.392
301059,2026-05-22,15.15,0.030612,38064.84,57138.586
301060,2026-05-22,10.55,0.017358,65930.92,68679.88
301061,2026-05-22,58.46,-0.022408,16736.84,97951.453
301062,2026-05-22,7.45,-0.013245,93756.0,70256.089
301063,2026-05-22,22.39,0.018653,23093.0,50874.797
301065,2026-05-22,22.94,0.030085,29913.0,67566.857
301066,2026-05-22,15.62,0.022921,48380.58,74595.848
301067,2026-05-22,30.3,0.040879000000000006,25901.52,77531.603
301068,2026-05-22,32.42,0.007771,11853.71,38469.378
301069,2026-05-22,23.81,0.040647,155522.38,366059.225
301070,2026-05-22,96.09,0.052695,33247.13,314655.301
301071,2026-05-22,64.96,0.088289,272944.98,1762421.875
301072,2026-05-22,25.23,0.03614,15687.0,39080.623
301073,2026-05-22,23.19,-0.0012920000000000002,24199.52,56105.284
301075,2026-05-22,88.2,0.036793,21473.0,182874.56
301076,2026-05-22,32.77,0.047633999999999996,87872.8,283868.067
301077,2026-05-22,29.39,0.031952,34017.44,99245.771
301078,2026-05-22,9.49,-0.002103,394957.88,374376.456
301079,2026-05-22,40.19,0.016953,43886.6,175494.043
301080,2026-05-22,42.45,-0.008178,20114.06,85443.491
301081,2026-05-22,21.15,0.150082,218538.89,440406.895
301082,2026-05-22,11.5,0.024043000000000002,44770.54,50891.8
301083,2026-05-22,16.87,0.029914999999999997,23849.0,39927.676
301085,2026-05-22,81.57,0.073572,43242.44,347796.099
301086,2026-05-22,247.97,0.0481,18279.86,447164.912
301087,2026-05-22,47.3,-0.0031609999999999997,16505.28,78460.196
301088,2026-05-22,16.8,-0.021549,37769.0,63478.552
301089,2026-05-22,25.36,-0.019714,22980.0,58596.018
301090,2026-05-22,7.66,0.0,96619.0,74276.493
301091,2026-05-22,20.1,-0.037816999999999996,103403.48,208975.904
301092,2026-05-22,46.36,-0.019251,71000.03,334809.321
301093,2026-05-22,130.6,0.18501,94586.86,1198887.24
301095,2026-05-22,102.98,0.008027,115538.6,1183482.227
301096,2026-05-22,64.6,0.0027939999999999996,38072.13,244216.142
301097,2026-05-22,61.57,0.028222999999999998,9187.0,56141.879
301098,2026-05-22,10.57,0.036275,86978.64,91091.531
301099,2026-05-22,64.25,0.044715,54549.31,345182.798
301100,2026-05-22,17.97,0.039931,17548.0,31072.397
301101,2026-05-22,34.97,0.006331,18519.03,64711.577
301102,2026-05-22,10.82,0.011215,33325.0,35867.615
301103,2026-05-22,18.3,0.009934,20097.5,36463.002
301105,2026-05-22,55.62,0.004697,7157.42,40064.36
301106,2026-05-22,34.6,0.024882,30270.18,104269.072
301107,2026-05-22,29.0,0.035345,30848.95,87832.084
301108,2026-05-22,24.48,0.012407,11858.37,28868.742
301109,2026-05-22,15.06,0.009383,45901.61,68816.792
301110,2026-05-22,61.86,-0.069635,82408.23,521618.397
301111,2026-05-22,30.13,0.16332000000000002,178901.67,520876.981
301112,2026-05-22,37.08,0.015056,21388.0,79055.273
301113,2026-05-22,26.18,0.026667,11921.17,30840.022
301115,2026-05-22,26.85,0.069721,60840.0,159783.195
301116,2026-05-22,9.89,-0.00503,33898.73,33475.209
301117,2026-05-22,41.22,0.017778000000000002,30171.0,123384.76
301118,2026-05-22,33.87,0.032622,74754.98,251990.341
301119,2026-05-22,40.96,-0.00048800000000000004,14873.0,60796.598
301120,2026-05-22,23.6,0.024306,270816.18,636057.002
301121,2026-05-22,41.21,0.047268,20784.2,83473.296
301122,2026-05-22,28.9,0.029202,26124.88,74659.15
301123,2026-05-22,82.7,0.123641,173879.19,1369365.625
301125,2026-05-22,24.96,0.027160000000000004,39562.93,97497.305
301126,2026-05-22,11.37,0.017905,35910.11,40346.521
301127,2026-05-22,14.33,0.071803,280591.36,397261.455
301128,2026-05-22,137.49,0.038836,83473.83,1127193.279
301129,2026-05-22,28.88,0.06963,55337.51,157448.501
301130,2026-05-22,31.23,0.022259,13129.03,40508.822
301131,2026-05-22,42.13,0.029067,13683.79,56854.742
301132,2026-05-22,36.66,0.059844,57070.61,206719.535
301133,2026-05-22,47.53,0.038453,24570.37,115409.636
301135,2026-05-22,26.95,0.030593,18930.29,50252.501
301136,2026-05-22,14.56,0.019608,45193.0,65207.278
301137,2026-05-22,42.76,-0.03672,60033.66,257940.52
301138,2026-05-22,31.97,0.015243,9789.12,31116.478
301139,2026-05-22,6.08,-0.087087,325132.46,208529.413
301141,2026-05-22,53.8,0.031244,23373.07,125341.239
301148,2026-05-22,70.5,0.009161,11889.01,83903.949
301149,2026-05-22,13.12,0.017843,102711.0,133581.712
301150,2026-05-22,70.68,0.064779,119399.04,826761.157
301151,2026-05-22,17.13,0.004103,21158.0,36032.346
301152,2026-05-22,31.09,0.028789,38823.43,119299.768
301153,2026-05-22,19.97,0.000501,38125.49,75978.139
301155,2026-05-22,70.5,0.082783,94596.14,648719.196
301156,2026-05-22,20.12,0.024961999999999998,17319.1,34414.463
301157,2026-05-22,76.21,0.024328,19051.11,144670.39
301158,2026-05-22,24.51,0.00040800000000000005,46471.89,113596.005
301159,2026-05-22,38.58,0.005997,18103.0,69518.832
301160,2026-05-22,62.07,0.022402000000000002,29917.23,185553.478
301161,2026-05-22,34.28,0.009423,39439.39,135485.927
301162,2026-05-22,51.45,0.039394,41666.38,209952.712
301163,2026-05-22,29.74,0.038771,18156.68,53021.943
301165,2026-05-22,98.49,0.06349199999999999,128137.84,1236467.513
301166,2026-05-22,30.23,0.01443,11677.53,34927.845
301167,2026-05-22,16.98,0.031591999999999995,25963.79,43450.215
301168,2026-05-22,48.36,0.063792,57303.32,271338.313
301169,2026-05-22,90.79,-0.012723,30239.78,273852.52
301170,2026-05-22,28.5,0.021872,14919.75,41903.734
301171,2026-05-22,41.3,-0.010778000000000001,521082.21,2140185.885
301172,2026-05-22,38.5,0.007853,74068.14,286203.254
301173,2026-05-22,39.45,0.01466,6443.38,25229.6
301175,2026-05-22,5.79,0.0017299999999999998,160016.52,92695.229
301176,2026-05-22,46.47,0.136464,178911.02,807250.778
301177,2026-05-22,28.6,0.00035000000000000005,12946.37,37223.503
301178,2026-05-22,57.52,0.051554,24343.53,137539.772
301179,2026-05-22,25.24,0.028525000000000002,103804.57,259675.585
301180,2026-05-22,16.45,0.030056,46902.13,76413.12
301181,2026-05-22,33.61,-0.012632,35669.89,119822.374
301182,2026-05-22,92.87,0.09762399999999999,68531.36,607243.446
301183,2026-05-22,248.78,0.025981999999999998,90258.35,2207879.893
301185,2026-05-22,17.24,0.029254,24851.0,42252.85
301186,2026-05-22,71.23,-0.005445,14756.42,105351.731
301187,2026-05-22,20.91,-0.019691,22425.2,47108.362
301188,2026-05-22,49.15,0.134842,337943.63,1616519.708
301189,2026-05-22,93.9,0.039982000000000004,45396.56,425058.876
301190,2026-05-22,23.86,0.055751999999999996,38555.0,91585.07
301191,2026-05-22,164.9,0.098747,54772.71,863582.522
301192,2026-05-22,26.01,0.021200999999999998,14540.61,37541.001
301193,2026-05-22,24.09,-0.014724,157392.16,388886.81
301195,2026-05-22,31.39,0.018494,14590.89,45478.446
301196,2026-05-22,146.95,0.044569,47300.37,685652.494
301197,2026-05-22,33.53,0.015753,50985.29,170174.469
301198,2026-05-22,18.34,0.028027000000000003,35829.34,65144.086
301199,2026-05-22,23.21,0.011329,22643.66,52031.28
301200,2026-05-22,274.0,0.09837199999999999,94925.4,2530074.529
301201,2026-05-22,35.45,-0.027435,61506.6,218626.088
301202,2026-05-22,42.72,0.029398,21318.14,90208.056
301203,2026-05-22,46.01,0.027238000000000002,18844.0,85510.756
301205,2026-05-22,256.8,0.046753,68352.01,1736753.503
301206,2026-05-22,26.15,0.008095999999999999,9306.85,24218.349
301207,2026-05-22,19.02,0.002636,52467.58,99334.689
301208,2026-05-22,32.78,0.018328999999999998,15523.39,50228.822
301209,2026-05-22,90.05,0.029613999999999998,11375.16,101525.306
301210,2026-05-22,44.53,0.045551,54389.13,238039.804
301211,2026-05-22,10.6,-0.0056289999999999995,27621.69,29309.802
301212,2026-05-22,34.73,0.057552000000000006,31527.0,106814.251
301213,2026-05-22,73.37,0.045753,20817.71,152079.271
301215,2026-05-22,6.17,0.014803,114371.0,70147.299
301216,2026-05-22,27.1,-0.002943,79525.18,216558.199
301217,2026-05-22,90.93,0.096467,384504.0,3424738.997
301218,2026-05-22,37.6,0.044735,78410.92,294467.168
301219,2026-05-22,83.44,0.045614,70766.62,581934.318
301220,2026-05-22,40.58,0.023455,16581.0,66453.318
301221,2026-05-22,53.2,0.015073000000000001,30878.65,162096.083
301222,2026-05-22,47.1,0.037445,32771.57,153430.004
301223,2026-05-22,17.97,0.006159,13077.0,23467.321
301225,2026-05-22,126.33,-0.01127,35445.52,445084.098
301226,2026-05-22,38.39,0.0068189999999999995,30510.83,117457.655
301227,2026-05-22,35.21,0.050418000000000004,34880.63,125785.764
301228,2026-05-22,67.98,0.030312000000000002,43112.0,292985.284
301229,2026-05-22,16.62,0.003623,24069.78,39765.113
301230,2026-05-22,38.6,-0.005411,51156.28,194809.87
301231,2026-05-22,28.97,0.033904000000000004,38728.63,110366.855
301232,2026-05-22,146.18,0.042652999999999996,57538.74,818600.887
301233,2026-05-22,60.66,0.026396000000000003,15606.25,94418.042
301234,2026-05-22,39.85,0.03722,13769.0,54110.328
301235,2026-05-22,73.08,0.042065,55394.29,394231.973
301236,2026-05-22,38.55,0.011279999999999998,161442.57,620462.096
301237,2026-05-22,73.86,0.071988,24838.0,179280.15
301238,2026-05-22,22.86,0.056865,201832.31,452956.532
301239,2026-05-22,42.62,0.047432,44377.86,187265.405
301246,2026-05-22,32.11,-0.015333000000000001,167413.33,540390.777
301248,2026-05-22,82.74,-0.006364999999999999,61770.31,512044.931
301251,2026-05-22,72.8,0.068232,75753.7,545575.49
301252,2026-05-22,40.99,0.021429999999999998,36807.55,150233.97
301255,2026-05-22,34.2,0.056208,121907.26,406553.578
301256,2026-05-22,13.22,0.009931,82715.47,109386.24
301257,2026-05-22,47.39,0.0,14665.3,69603.022
301258,2026-05-22,29.32,0.014884,9964.0,29035.851
301259,2026-05-22,39.11,0.004624,34325.4,135154.179
301260,2026-05-22,17.32,-0.015909,94994.17,163279.884
301261,2026-05-22,101.83,0.033387,67304.99,679650.69
301262,2026-05-22,22.16,0.0027150000000000004,34568.85,76555.436
301263,2026-05-22,26.61,0.00681,33766.0,90299.862
301265,2026-05-22,27.8,0.083398,174207.34,477787.052
301266,2026-05-22,28.15,0.020667,39243.81,109253.649
301267,2026-05-22,16.89,0.018697,53511.0,89498.431
301268,2026-05-22,20.07,-0.04383,76205.0,154238.739
301269,2026-05-22,108.69,0.11798,279314.05,2928680.975
301270,2026-05-22,31.18,0.034506,29622.0,91988.478
301272,2026-05-22,46.35,0.030916000000000003,10191.0,46757.3
301273,2026-05-22,43.9,0.028826,27521.62,119592.511
301275,2026-05-22,46.66,-0.018098,98471.38,459694.047
301276,2026-05-22,25.53,-0.023336000000000003,18683.0,48088.574
301277,2026-05-22,10.56,0.004757,16465.92,17356.189
301278,2026-05-22,39.88,0.056424,31982.35,125173.537
301279,2026-05-22,26.8,0.007897999999999999,31605.63,84339.806
301280,2026-05-22,48.91,0.01242,20337.81,99360.803
301281,2026-05-22,40.55,0.121405,57766.14,224957.63
301282,2026-05-22,28.9,0.102212,170690.49,482480.085
301283,2026-05-22,30.59,0.012914000000000002,16438.15,50077.238
301285,2026-05-22,112.69,0.008502,47240.0,528555.005
301286,2026-05-22,56.99,0.015865,37797.48,213327.109
301287,2026-05-22,41.98,0.015973,7237.0,30047.733
301288,2026-05-22,18.7,0.0,37535.0,71260.336
301289,2026-05-22,54.18,0.025554,6146.3,33046.594
301290,2026-05-22,32.07,0.041572,34119.95,108504.037
301291,2026-05-22,55.04,0.019259,76129.09,423261.0
301292,2026-05-22,74.66,0.008238,78849.6,584871.783
301293,2026-05-22,64.69,0.012362999999999999,70895.26,454223.135
301295,2026-05-22,49.0,-0.016656999999999998,19949.2,98131.779
301296,2026-05-22,7.18,0.014124000000000001,23341.92,16622.098
301297,2026-05-22,50.4,0.01002,283711.55,1415449.476
301298,2026-05-22,15.77,0.028031,24451.0,37952.942
301299,2026-05-22,60.33,0.045943,22022.0,131018.116
301300,2026-05-22,38.83,0.036019,11922.61,45616.033
301301,2026-05-22,9.27,0.004334,63682.0,59124.311
301302,2026-05-22,27.97,0.019315,110957.28,311050.339
301303,2026-05-22,14.24,0.018598,22537.61,31737.348
301305,2026-05-22,24.5,0.002865,33988.0,82793.64
301306,2026-05-22,141.18,0.027660999999999998,32873.68,454191.076
301307,2026-05-22,59.93,-0.017541,143379.62,865501.4
301308,2026-05-22,549.5,0.019481,156033.65,8584393.694
301309,2026-05-22,34.17,0.0,18911.25,64869.931
301310,2026-05-22,29.05,0.017513,50552.55,146205.042
301311,2026-05-22,16.1,0.014493,20417.0,32573.391
301312,2026-05-22,136.2,0.2,110270.87,1412537.336
301313,2026-05-22,47.65,0.011463000000000001,173021.3,825812.973
301314,2026-05-22,51.74,0.054196999999999995,9675.3,49162.671
301315,2026-05-22,50.03,-0.01341,21730.65,108336.491
301316,2026-05-22,47.19,0.047503000000000004,292164.84,1332806.954
301317,2026-05-22,78.68,0.050747999999999995,57835.77,448553.403
301318,2026-05-22,24.42,0.021330000000000002,15506.7,37448.206
301319,2026-05-22,89.24,0.051862000000000005,87811.69,768988.7
301320,2026-05-22,16.08,0.016434999999999998,32334.43,51179.188
301321,2026-05-22,30.94,0.039301,71481.09,217729.933
301322,2026-05-22,57.0,0.007423,169692.25,958659.03
301323,2026-05-22,83.1,0.037583000000000005,20542.61,168806.891
301325,2026-05-22,46.86,0.084722,66100.62,302296.585
301326,2026-05-22,185.34,0.04106,17976.0,328769.494
301327,2026-05-22,58.96,0.00221,22818.59,135619.85
301328,2026-05-22,86.2,0.040057999999999996,28566.51,239332.285
301329,2026-05-22,27.05,0.028908,57336.0,153132.951
301330,2026-05-22,29.51,0.010616,27146.3,79632.436
301331,2026-05-22,26.29,0.023754,10104.48,26189.703
301332,2026-05-22,9.02,0.011211,23323.25,20973.521
301333,2026-05-22,53.3,-0.01968,13486.0,72301.598
301335,2026-05-22,23.23,0.024702,13256.2,30477.188
301336,2026-05-22,55.5,0.028921000000000002,10627.87,58156.264
301337,2026-05-22,27.88,0.037587999999999996,22424.16,61403.299
301338,2026-05-22,202.2,0.064211,42300.26,831159.117
301339,2026-05-22,12.35,-0.019841,54043.6,66999.803
301345,2026-05-22,221.84,-0.0038169999999999996,9247.19,206194.611
301348,2026-05-22,29.93,-0.009268,313217.92,933259.184
301349,2026-05-22,52.58,0.064804,92654.76,483754.418
301353,2026-05-22,29.07,0.027208,11268.64,32393.313
301355,2026-05-22,12.32,0.032691,35917.0,43589.141
301356,2026-05-22,26.34,-0.008283,68564.96,177641.289
301357,2026-05-22,99.38,0.002825,13642.46,134292.944
301358,2026-05-22,91.18,-0.002625,241704.05,2198904.4
301359,2026-05-22,23.56,0.041096,18653.91,43263.257
301360,2026-05-22,92.1,0.045047,12999.16,118735.01
301361,2026-05-22,46.04,0.026533,67021.61,301618.62
301362,2026-05-22,238.73,0.20001000000000002,54736.19,1204726.489
301363,2026-05-22,27.81,-0.009263,107115.96,297331.34
301365,2026-05-22,35.18,0.011792,40476.22,139258.556
301366,2026-05-22,43.19,0.048047000000000006,117694.31,504522.282
301367,2026-05-22,67.99,-0.019611,16778.0,113829.396
301368,2026-05-22,55.04,-0.020291999999999998,45232.0,249579.441
301369,2026-05-22,274.66,0.004535,24524.02,658556.437
301370,2026-05-22,9.52,-0.001049,32889.0,31197.276
301371,2026-05-22,31.02,-0.015238,30574.07,95270.126
301372,2026-05-22,38.18,0.013539,25819.0,98727.027
301373,2026-05-22,139.6,0.12945,82119.93,1103828.788
301376,2026-05-22,18.79,0.036976,80128.0,150912.83
301377,2026-05-22,310.63,0.19999199999999998,61797.11,1819327.369
301378,2026-05-22,33.44,0.013026,28650.0,95095.769
301379,2026-05-22,32.93,0.01982,244860.62,821989.271
301380,2026-05-22,35.98,0.012665,20240.64,72284.588
301381,2026-05-22,20.9,0.092525,121855.72,245214.62
301382,2026-05-22,50.39,0.062183999999999996,103086.56,512137.286
301383,2026-05-22,31.09,-0.006074,35376.06,109004.936
301386,2026-05-22,25.25,0.030612,18216.53,45689.568
301387,2026-05-22,116.89,0.025441,47886.29,551489.149
301388,2026-05-22,31.47,0.024413999999999998,14145.0,44245.248
301389,2026-05-22,77.52,0.10191900000000001,138747.59,1048447.169
301390,2026-05-22,36.41,0.015337,15070.0,54793.708
301391,2026-05-22,71.3,-0.006272,16290.92,116268.541
301392,2026-05-22,202.3,0.082397,69541.02,1381516.149
301393,2026-05-22,63.5,-0.002983,22235.97,140802.155
301395,2026-05-22,13.1,0.023438,47159.71,61137.494
301396,2026-05-22,312.6,0.051569000000000004,71435.75,2200772.425
301397,2026-05-22,39.48,-0.005792,49730.48,197165.167
301398,2026-05-22,45.65,-0.020807000000000003,22688.95,104484.793
301399,2026-05-22,21.24,0.037616000000000004,38770.45,81380.866
301408,2026-05-22,17.87,0.0028060000000000003,108730.63,193702.033
301413,2026-05-22,137.8,-0.008633,73311.9,1006223.67
301418,2026-05-22,43.97,0.039972,25571.83,110459.44
301419,2026-05-22,47.01,0.061174,97423.54,454277.756
301421,2026-05-22,131.93,0.10015,172616.86,2161506.475
301428,2026-05-22,34.7,0.042668,41478.6,143301.137
301429,2026-05-22,22.53,0.037293,21693.0,48384.289
301439,2026-05-22,17.04,0.033981,58871.16,99090.916
301446,2026-05-22,44.17,0.007298,13729.22,59819.212
301448,2026-05-22,36.86,0.009034,7922.0,28936.095
301449,2026-05-22,69.82,0.008231,7785.92,54160.0
301456,2026-05-22,31.35,0.029895,16677.0,51621.629
301458,2026-05-22,44.66,0.101356,128432.73,559189.915
301459,2026-05-22,43.05,0.047955,53083.7,224360.591
301468,2026-05-22,52.27,0.030966,66448.0,348778.373
301469,2026-05-22,36.35,0.007204,20104.49,72910.836
301479,2026-05-22,120.01,0.074396,48426.54,575074.834
301486,2026-05-22,258.8,0.09987299999999999,121362.0,3013929.495
301487,2026-05-22,25.99,0.023228,200898.63,517858.019
301488,2026-05-22,161.49,0.022865000000000003,59931.23,953874.803
301489,2026-05-22,269.5,0.006762000000000001,32370.06,865017.268
301491,2026-05-22,48.6,-0.0055249999999999995,8232.09,39920.066
301498,2026-05-22,45.9,0.002183,31362.47,143667.684
301499,2026-05-22,37.63,0.0259,30537.0,114203.486
301500,2026-05-22,27.09,0.027693,92843.15,250600.62
301501,2026-05-22,30.66,0.004916,7185.9,22016.479
301502,2026-05-22,84.44,-0.032539,33867.66,286120.925
301503,2026-05-22,35.39,0.039965,8511.94,29526.231
301505,2026-05-22,20.82,0.011661999999999999,22168.81,45904.396
301507,2026-05-22,13.69,0.008843,28753.0,39282.248
301508,2026-05-22,27.97,0.009019000000000001,15571.24,43491.166
301509,2026-05-22,32.47,0.017549,16948.91,54700.332
301510,2026-05-22,39.99,0.011380999999999999,116729.15,465992.077
301511,2026-05-22,108.5,0.104326,399309.28,4255128.692
301512,2026-05-22,54.38,0.047582000000000006,14643.09,77944.129
301513,2026-05-22,85.06,0.03078,53315.19,458156.632
301515,2026-05-22,23.56,0.036516,19620.0,45353.679
301516,2026-05-22,21.29,0.028502,99337.35,210775.568
301517,2026-05-22,65.16,0.025495999999999998,41118.67,265493.761
301518,2026-05-22,34.79,0.033571,15384.0,53164.702
301519,2026-05-22,15.01,0.028786999999999997,25464.0,37641.645
301520,2026-05-22,40.49,0.014787,6495.18,26037.07
301522,2026-05-22,31.96,0.012354,48140.7,153455.726
301525,2026-05-22,84.23,0.005371,46739.99,393738.209
301526,2026-05-22,20.49,0.150477,2854615.66,5613060.716
301528,2026-05-22,70.29,0.016633,9230.82,64988.209
301529,2026-05-22,177.61,0.021334,35810.94,642416.748
301531,2026-05-22,91.02,0.012458,118064.46,1074860.507
301533,2026-05-22,30.94,0.015758,8449.77,25821.453
301535,2026-05-22,18.44,-0.0037819999999999998,42327.15,78189.336
301536,2026-05-22,89.16,0.017344,78670.98,702081.617
301538,2026-05-22,106.49,0.028392,34940.94,362336.201
301539,2026-05-22,17.62,0.020266000000000003,18828.0,32856.42
301548,2026-05-22,88.41,0.038163,13034.29,113744.38
301550,2026-05-22,195.2,-0.007727,93232.63,1852095.295
301551,2026-05-22,25.36,-0.013229999999999999,42684.34,108374.025
301552,2026-05-22,29.8,0.026524000000000002,10468.58,30790.318
301555,2026-05-22,41.01,0.040335,47520.04,193656.026
301556,2026-05-22,76.05,0.005553,11347.98,85609.485
301557,2026-05-22,115.78,0.043345,10333.16,117540.705
301558,2026-05-22,7.65,0.010568,72361.54,54906.258
301559,2026-05-22,15.72,0.015504,18285.37,28658.424
301560,2026-05-22,39.43,0.018863,23838.0,94357.356
301563,2026-05-22,171.1,0.055391,25503.04,431719.753
301565,2026-05-22,23.63,0.083448,107261.86,247486.541
301566,2026-05-22,31.42,0.11221199999999999,353319.42,1081745.245
301567,2026-05-22,47.88,0.036812,14062.13,66684.051
301568,2026-05-22,65.1,0.114535,86860.44,544598.415
301571,2026-05-22,63.38,0.0,27281.02,173077.776
301575,2026-05-22,47.1,0.017059,5763.72,26995.879
301577,2026-05-22,74.44,0.047417999999999995,16253.11,119175.165
301578,2026-05-22,35.69,0.034193,10656.08,37519.882
301580,2026-05-22,63.5,0.033865,30371.17,190965.92
301581,2026-05-22,49.25,0.029258000000000003,7721.08,37651.307
301584,2026-05-22,24.27,0.000825,16708.67,40547.193
301585,2026-05-22,28.62,0.018868,13011.61,36804.991
301586,2026-05-22,42.31,0.042118,11930.77,49455.03
301587,2026-05-22,29.09,0.08262,91510.32,261601.811
301588,2026-05-22,40.13,0.20006000000000002,102400.47,392837.51
301589,2026-05-22,180.2,0.003788,15248.53,271632.793
301590,2026-05-22,198.87,0.025103,7009.85,137651.696
301591,2026-05-22,47.17,0.070586,33567.64,155670.87
301592,2026-05-22,124.05,0.014309,8051.19,99247.201
301595,2026-05-22,48.92,0.03185,26917.52,132652.197
301596,2026-05-22,89.5,0.026376,39338.07,343696.633
301598,2026-05-22,65.95,0.020898,7101.59,46474.438
301599,2026-05-22,71.3,0.002108,220217.81,1585860.148
301600,2026-05-22,116.01,0.032209,11096.06,126986.711
301601,2026-05-22,20.42,0.008893,16725.48,33824.044
301602,2026-05-22,17.54,-0.007357,17643.93,31067.835
301603,2026-05-22,137.8,-0.022487,44270.0,603907.739
301606,2026-05-22,76.8,-0.00156,50515.3,389944.615
301607,2026-05-22,56.36,0.029783,65145.34,365889.835
301608,2026-05-22,63.73,0.006316,18127.26,115198.995
301609,2026-05-22,48.74,0.016688,21377.72,103612.933
301611,2026-05-22,117.04,0.027749000000000003,106574.82,1224579.563
301613,2026-05-22,45.6,0.013108,12138.18,55247.356
301616,2026-05-22,43.77,-0.008607,7048.89,30643.432
301617,2026-05-22,68.65,0.048572,26431.75,177909.635
301618,2026-05-22,55.03,0.04839,19317.16,104844.155
301622,2026-05-22,60.95,0.070049,44327.22,267746.284
301626,2026-05-22,288.62,0.041573,19980.94,565172.627
301628,2026-05-22,135.18,0.2,89094.86,1152682.392
301629,2026-05-22,387.53,0.014237,18082.59,693709.7
301630,2026-05-22,264.51,0.071759,16139.17,420972.465
301631,2026-05-22,136.8,0.052713,33352.95,455999.729
301632,2026-05-22,18.62,0.0005369999999999999,19574.87,36396.28
301633,2026-05-22,57.36,0.017381999999999998,4351.23,24875.932
301636,2026-05-22,57.98,0.039626999999999996,16481.66,94109.646
301638,2026-05-22,28.33,0.024592999999999997,204459.17,574098.41
301656,2026-05-22,19.72,0.003562,94099.25,184438.773
301658,2026-05-22,40.43,0.027446,150742.9,617267.086
301662,2026-05-22,165.33,0.080306,28180.18,456267.591
301665,2026-05-22,24.69,0.011056999999999999,21614.6,53267.271
301666,2026-05-22,888.99,0.089449,84663.41,6766402.142
301667,2026-05-22,105.23,0.093981,55910.74,574282.553
301668,2026-05-22,41.78,0.023267000000000003,12365.49,51452.186
301678,2026-05-22,65.0,-0.008844,59888.9,386454.315
301680,2026-05-22,111.18,0.036643,21200.12,235732.25
301682,2026-05-22,169.65,0.10896800000000001,71648.1,1200574.301
301683,2026-05-22,145.01,0.064841,33575.27,479714.382
301687,2026-05-22,61.99,0.0864,47888.57,290394.443
301696,2026-05-22,151.35,0.007522,82285.82,1228045.342
302132,2026-05-22,65.01,0.000154,53435.57,346698.573
600000,2026-05-22,8.96,0.011287,990033.58,883300.247
600004,2026-05-22,8.23,-0.006039,75933.78,62699.118
600006,2026-05-22,6.5,-0.007633999999999999,139656.72,90987.093
600007,2026-05-22,21.24,0.013842,20743.27,43654.446
600008,2026-05-22,3.06,0.0032790000000000002,696860.2,213212.898
600009,2026-05-22,25.2,-0.015625,106884.57,270299.313
600010,2026-05-22,2.53,-0.0039369999999999995,5066503.36,1279276.268
600011,2026-05-22,7.32,0.0,1054542.43,770340.94
600012,2026-05-22,15.72,-0.030228,54892.87,86968.856
600015,2026-05-22,6.75,0.007463,728607.28,489116.509
600016,2026-05-22,3.52,-0.002833,1477992.95,520010.232
600017,2026-05-22,2.78,-0.003584,216299.76,60072.458
600018,2026-05-22,5.11,0.003929,448049.56,227355.171
600019,2026-05-22,5.9,-0.006734,760927.75,449062.894
600020,2026-05-22,3.92,0.005128000000000001,151795.38,59367.369
600021,2026-05-22,17.6,-0.019499,671614.75,1181361.9
600022,2026-05-22,1.34,0.0,616831.88,82794.228
600023,2026-05-22,5.75,0.007005,912797.89,523612.377
600025,2026-05-22,9.23,-0.010718,388985.23,359502.765
600026,2026-05-22,22.8,0.007958,599607.96,1359833.776
600027,2026-05-22,5.13,0.0,893853.51,459347.588
600028,2026-05-22,4.96,-0.013916999999999999,2612369.96,1300935.98
600029,2026-05-22,5.29,-0.014898,958713.49,508669.278
600030,2026-05-22,25.87,-0.013349,1410868.96,3664845.68
600031,2026-05-22,18.96,0.0,672576.79,1272983.0
600032,2026-05-22,10.32,-0.057534,849302.29,884965.06
600033,2026-05-22,3.54,-0.005618,181024.8,64233.343
600035,2026-05-22,3.82,-0.002611,103898.54,39715.001
600036,2026-05-22,37.02,-0.003499,797617.12,2961273.37
600037,2026-05-22,7.59,-0.001316,227669.68,171849.847
600038,2026-05-22,28.08,-0.020921,113022.07,317470.401
600039,2026-05-22,8.1,0.0024749999999999998,436053.34,351766.8
600048,2026-05-22,5.82,-0.008518,933670.22,545539.216
600050,2026-05-22,4.46,-0.01978,3922952.58,1753664.412
600051,2026-05-22,7.16,0.008451,61924.0,43847.44
600052,2026-05-22,4.55,0.002203,208302.0,93915.335
600053,2026-05-22,9.77,-0.020059999999999998,67002.42,65740.812
600054,2026-05-22,10.99,-0.011691,67794.0,74781.86
600055,2026-05-22,13.65,-0.025,90274.96,124541.949
600056,2026-05-22,9.84,-0.0060609999999999995,106336.39,104649.138
600057,2026-05-22,6.34,-0.00627,168747.56,107230.653
600058,2026-05-22,10.52,0.027344,100270.42,104770.706
600059,2026-05-22,8.3,-0.005988,55596.04,46181.725
600060,2026-05-22,24.92,-0.000401,79932.76,199016.971
600061,2026-05-22,6.35,-0.015504,423235.9,269253.646
600062,2026-05-22,16.91,-0.012265999999999999,64847.81,110197.899
600063,2026-05-22,6.38,0.074074,676194.59,422374.924
600064,2026-05-22,7.39,-0.001351,203065.49,150290.382
600066,2026-05-22,31.55,-0.005046,86712.91,274254.215
600067,2026-05-22,3.2,0.015872999999999998,203197.31,64669.126
600071,2026-05-22,18.93,0.023797000000000002,48534.31,91335.854
600072,2026-05-22,12.52,-0.0063490000000000005,274084.13,344863.671
600073,2026-05-22,5.36,-0.003717,57850.76,31092.582
600075,2026-05-22,5.39,-0.018215,141280.02,76406.199
600076,2026-05-22,3.96,-0.031785,966189.69,379997.038
600078,2026-05-22,14.53,0.016084,394710.0,567328.82
600079,2026-05-22,17.88,-0.002789,78593.43,140337.4
600080,2026-05-22,5.73,0.005263,43889.0,25004.589
600081,2026-05-22,12.11,0.014237999999999999,73552.39,88588.045
600082,2026-05-22,3.77,0.027248,103837.0,39040.588
600084,2026-05-22,4.91,-0.018000000000000002,52527.0,25980.938
600085,2026-05-22,25.22,-0.012143,62070.64,156735.883
600088,2026-05-22,15.68,0.019506,148076.1,232668.538
600089,2026-05-22,26.02,0.004245,917015.7,2378431.381
600094,2026-05-22,4.64,0.022026,232951.53,107413.252
600095,2026-05-22,9.05,0.021445,436285.01,383089.175
600096,2026-05-22,32.16,0.018366,335845.02,1078296.885
600097,2026-05-22,9.76,0.018789,29445.0,28411.25
600098,2026-05-22,7.2,0.001391,265515.08,190652.309
600099,2026-05-22,10.77,0.019886,46824.09,49723.94
600100,2026-05-22,8.26,0.013496999999999999,450472.1,368143.124
600101,2026-05-22,9.66,0.014705999999999999,143330.99,137386.963
600103,2026-05-22,4.22,0.009569,1125912.7,472798.219
600104,2026-05-22,12.48,0.006452,374082.52,463724.85
600105,2026-05-22,47.31,0.022035,895413.5,4223150.931
600106,2026-05-22,5.66,0.023508,150694.95,85123.768
600107,2026-05-22,6.6,-0.010495,44218.8,28945.023
600108,2026-05-22,3.69,0.013736,672526.0,246966.454
600109,2026-05-22,8.74,-0.006817999999999999,322121.85,281024.272
600110,2026-05-22,9.98,0.07427299999999999,1240266.86,1210344.092
600111,2026-05-22,51.09,0.007295,826463.13,4214574.03
600113,2026-05-22,39.12,0.038217,98077.5,379973.427
600114,2026-05-22,37.75,0.079805,480481.35,1768569.313
600115,2026-05-22,4.14,-0.016627,1876025.69,778254.656
600116,2026-05-22,6.57,0.0076690000000000005,250473.0,163398.494
600117,2026-05-22,2.32,0.004329,95035.0,21974.664
600118,2026-05-22,85.19,-0.0009379999999999999,385737.87,3284843.995
600119,2026-05-22,5.92,0.0,37009.0,21961.266
600120,2026-05-22,5.12,0.03854,622112.61,318723.803
600121,2026-05-22,4.11,0.022387999999999998,334949.2,136513.301
600123,2026-05-22,6.25,-0.00319,189594.98,118345.478
600125,2026-05-22,5.86,0.001709,96290.8,56320.027
600126,2026-05-22,8.29,0.018428,706800.22,581136.247
600127,2026-05-22,6.29,0.004792,113988.63,71277.339
600128,2026-05-22,9.55,0.011653,39402.44,37380.993
600129,2026-05-22,14.29,-0.014483,54015.01,77658.515
600130,2026-05-22,5.37,-0.021858,759584.0,403974.652
600131,2026-05-22,17.62,-0.000567,130486.63,229926.618
600132,2026-05-22,51.81,-0.007661,26489.0,137917.644
600133,2026-05-22,9.06,0.012291000000000002,251021.45,226281.371
600135,2026-05-22,10.9,0.018692,180606.63,195940.722
600136,2026-05-22,1.68,0.005988,87760.0,14708.946
600137,2026-05-22,21.95,0.011054999999999999,18379.0,40015.245
600138,2026-05-22,8.05,-0.020680999999999998,107128.14,86716.238
600141,2026-05-22,32.87,0.047149,332897.93,1079789.027
600143,2026-05-22,17.7,0.009122,575117.67,1013012.06
600148,2026-05-22,18.78,0.026230000000000003,29009.0,53776.999
600149,2026-05-22,5.99,0.018707,195692.0,116528.344
600150,2026-05-22,38.4,0.0,980709.65,3782349.093
600151,2026-05-22,15.19,0.018097000000000002,604130.34,923088.833
600152,2026-05-22,13.09,0.048038,551090.0,709090.952
600153,2026-05-22,9.45,-0.010471,225306.96,213618.388
600155,2026-05-22,5.81,-0.026801,330964.66,194275.94
600156,2026-05-22,13.59,0.04217800000000001,1127117.47,1412313.011
600157,2026-05-22,1.73,0.011696,5122223.32,882085.156
600158,2026-05-22,11.67,0.022787,1003043.76,1171353.108
600159,2026-05-22,3.01,0.030822,322099.0,94929.395
600160,2026-05-22,35.84,0.100061,917476.2,3197061.916
600161,2026-05-22,13.25,-0.028592,109757.08,145742.286
600162,2026-05-22,1.74,0.0,462214.4,79580.007
600163,2026-05-22,6.32,-0.004724,341066.86,216469.968
600165,2026-05-22,3.08,0.009836000000000001,41729.0,12884.217
600166,2026-05-22,3.13,0.009677,1360063.08,425251.857
600167,2026-05-22,6.73,0.0,98787.26,66549.488
600168,2026-05-22,4.71,0.004264,61174.91,28716.162
600169,2026-05-22,2.3,0.008772,94984.1,21782.984
600170,2026-05-22,2.55,0.0039369999999999995,834113.52,212000.266
600171,2026-05-22,29.55,0.039395,230549.18,673661.507
600172,2026-05-22,10.99,0.1001,784204.7,860569.117
600173,2026-05-22,6.73,0.016616,69723.01,46564.055
600176,2026-05-22,38.35,0.079673,1715411.43,6445085.254
600177,2026-05-22,7.37,-0.012063999999999998,204198.08,151287.835
600178,2026-05-22,9.67,-0.009221,32792.0,31738.843
600179,2026-05-22,4.4,-0.009009,406276.52,178902.435
600180,2026-05-22,1.49,-0.050955,19763.0,2944.687
600182,2026-05-22,14.32,0.013447,18053.0,25632.906
600183,2026-05-22,108.01,0.10000999999999999,668899.47,7105588.845
600184,2026-05-22,26.82,0.022883,303171.13,811948.557
600185,2026-05-22,5.5,-0.014336999999999999,210600.58,116078.179
600186,2026-05-22,11.75,0.10018700000000001,2206096.22,2564578.19
600187,2026-05-22,1.36,0.007407,251662.67,33973.865
600188,2026-05-22,20.01,-0.015256,420454.1,840565.829
600189,2026-05-22,8.41,-0.0059099999999999995,92794.01,78131.206
600191,2026-05-22,11.73,0.10037499999999999,117914.62,133843.681
600192,2026-05-22,8.12,0.0037080000000000004,59743.93,48427.043
600195,2026-05-22,6.9,0.0029070000000000003,58816.68,40434.926
600196,2026-05-22,23.4,-0.013075000000000002,214304.61,504530.257
600197,2026-05-22,12.24,-0.020016,62398.7,76904.884
600198,2026-05-22,8.78,0.016204,369523.8,322523.451
600199,2026-05-22,8.22,-0.03066,215941.0,177372.56
600201,2026-05-22,12.86,-0.034535,291678.0,378675.846
600202,2026-05-22,6.08,0.030508,131479.4,78222.815
600203,2026-05-22,12.32,0.02924,177142.0,215817.272
600206,2026-05-22,29.76,0.029046,679149.3,2014310.817
600207,2026-05-22,6.73,0.004477999999999999,857581.28,579221.144
600208,2026-05-22,3.18,-0.00625,3503780.87,1108052.463
600210,2026-05-22,6.73,0.001488,129377.27,87157.188
600211,2026-05-22,39.67,-0.013919999999999998,28997.92,115794.267
600212,2026-05-22,6.78,0.01497,102463.77,68364.587
600215,2026-05-22,7.02,0.021834,141387.34,98473.013
600216,2026-05-22,13.61,-0.00366,90209.4,122973.485
600217,2026-05-22,3.39,0.01194,132573.0,44757.646
600218,2026-05-22,9.08,0.027149,71125.63,63838.628
600219,2026-05-22,5.28,0.045545,2268428.43,1178509.86
600221,2026-05-22,1.46,-0.013514,3321107.57,487443.336
600222,2026-05-22,7.98,0.045872,283401.0,223124.506
600223,2026-05-22,6.2,0.003236,60193.15,37178.169
600226,2026-05-22,6.07,0.037607,1091219.52,659342.486
600227,2026-05-22,3.16,0.019355,616354.01,192561.318
600228,2026-05-22,6.5,0.035032,59067.0,37543.73
600229,2026-05-22,5.87,0.010327,41256.0,24053.883
600230,2026-05-22,16.35,0.018057,88528.44,144124.565
600231,2026-05-22,2.05,0.0,66233.56,13599.316
600232,2026-05-22,8.07,0.020228000000000003,73451.0,58436.495
600233,2026-05-22,18.71,-0.002133,170009.3,317338.013
600234,2026-05-22,25.98,0.099915,40372.03,100930.079
600235,2026-05-22,6.5,0.022012999999999998,70662.1,45240.283
600236,2026-05-22,10.65,0.021093,182920.39,193408.136
600237,2026-05-22,10.02,0.055848,780035.92,773761.95
600238,2026-05-22,5.27,0.027290000000000002,57858.0,30235.025
600239,2026-05-22,1.54,0.026667,173699.66,26437.26
600241,2026-05-22,8.5,0.024096000000000003,63562.01,53350.303
600243,2026-05-22,3.75,-0.050633,155868.0,59693.441
600246,2026-05-22,15.69,0.01817,3263707.49,5095766.992
600248,2026-05-22,3.26,-0.003058,134950.99,44023.225
600249,2026-05-22,5.51,0.011009,78330.0,43019.428
600250,2026-05-22,9.59,0.012672000000000001,67095.0,63943.588
600251,2026-05-22,10.53,0.011527,101781.69,106217.947
600252,2026-05-22,2.21,-0.004505,244073.99,53942.643
600255,2026-05-22,3.62,0.05848,643440.59,229285.275
600256,2026-05-22,5.97,-0.038647,1784942.55,1073255.55
600257,2026-05-22,5.56,0.005425,131402.45,72836.436
600258,2026-05-22,13.2,-0.028698,148830.8,198526.64
600259,2026-05-22,87.07,0.002533,109787.33,952648.525
600261,2026-05-22,3.51,0.035398,194165.01,67313.854
600262,2026-05-22,24.18,0.017249,35535.45,85552.009
600265,2026-05-22,20.2,-0.014634000000000001,12153.0,24537.479
600266,2026-05-22,4.73,-0.0042109999999999995,358837.64,170072.618
600267,2026-05-22,10.65,-0.001874,158676.19,168738.852
600268,2026-05-22,13.98,0.013043,170289.68,237822.445
600269,2026-05-22,4.31,-0.004619,96143.15,41545.503
600271,2026-05-22,7.95,0.005057000000000001,162148.92,127614.932
600272,2026-05-22,11.9,0.0050680000000000005,19255.0,22808.292
600273,2026-05-22,7.82,0.026247,180835.93,139613.327
600276,2026-05-22,50.47,-0.019048,677619.85,3439250.074
600278,2026-05-22,6.87,-0.004348,53652.21,36765.448
600279,2026-05-22,4.91,0.00409,64532.0,31547.844
600280,2026-05-22,2.9,0.021126999999999996,125858.0,36114.025
600281,2026-05-22,5.38,0.038610000000000005,94809.22,50457.796
600282,2026-05-22,4.75,-0.004193,300286.16,142860.126
600283,2026-05-22,8.82,-0.0033900000000000002,53093.31,46621.742
600284,2026-05-22,6.95,-0.0057220000000000005,231116.18,158982.127
600285,2026-05-22,21.37,-0.008353000000000001,57540.83,123294.361
600287,2026-05-22,5.46,0.01676,41152.0,22263.555
600288,2026-05-22,14.39,0.037491,118753.63,169612.258
600289,2026-05-22,6.28,0.003195,41651.0,26417.384
600292,2026-05-22,14.27,0.012057,108196.95,153740.55
600293,2026-05-22,3.22,0.028754,520231.08,165844.327
600295,2026-05-22,13.74,0.006593,82400.12,113469.113
600298,2026-05-22,36.22,-0.005491,71077.88,259464.239
600299,2026-05-22,11.64,0.038359000000000004,165766.63,193400.517
600300,2026-05-22,3.41,0.008876,227976.98,77330.364
600301,2026-05-22,53.76,0.023026,122000.43,659475.503
600302,2026-05-22,9.79,0.029443,111044.05,108062.553
600303,2026-05-22,3.83,0.100575,330824.0,124973.447
600305,2026-05-22,7.22,0.001387,38808.71,28000.266
600307,2026-05-22,1.63,0.012421999999999999,487889.75,78666.446
600308,2026-05-22,3.61,0.00838,89946.32,32373.523
600309,2026-05-22,77.99,0.006452,219847.1,1709829.983
600310,2026-05-22,5.1,-0.019231,1175878.39,594338.85
600312,2026-05-22,21.26,0.008061,171972.08,364313.541
600313,2026-05-22,6.22,0.00974,245317.08,151658.884
600315,2026-05-22,18.15,0.006098,45924.42,83296.284
600316,2026-05-22,31.15,-0.00032099999999999994,106748.91,332305.732
600318,2026-05-22,7.16,-0.011049999999999999,135464.0,96866.956
600319,2026-05-22,7.81,0.020915,39157.0,30342.961
600320,2026-05-22,4.86,0.008298999999999999,427901.59,207480.154
600322,2026-05-22,2.47,0.033473,329014.41,79777.961
600323,2026-05-22,30.48,-0.002291,38231.12,116602.07
600325,2026-05-22,2.83,-0.027490999999999998,579587.38,166661.561
600326,2026-05-22,8.38,0.004796,170722.37,142799.559
600327,2026-05-22,3.72,0.013624,82080.4,30295.779
600328,2026-05-22,7.26,0.002762,238924.44,172727.917
600329,2026-05-22,40.67,-0.018817999999999998,33836.2,138657.857
600330,2026-05-22,29.26,0.064,1410654.07,4061720.993
600331,2026-05-22,16.06,0.013249,478780.64,762802.65
600332,2026-05-22,21.64,-0.0032240000000000003,54218.84,117601.453
600333,2026-05-22,5.88,-0.005076000000000001,132773.78,78096.315
600335,2026-05-22,5.69,-0.001754,96500.5,54862.982
600336,2026-05-22,8.65,0.073201,346266.13,295562.934
600337,2026-05-22,3.02,-0.0033,286856.26,86945.038
600338,2026-05-22,20.46,0.026593,483301.8,974775.097
600339,2026-05-22,3.95,0.01023,1018201.64,400802.848
600340,2026-05-22,1.14,0.036364,767433.78,85930.372
600343,2026-05-22,32.43,-0.002154,209943.33,679349.98
600345,2026-05-22,52.31,0.025284,94203.64,490900.139
600346,2026-05-22,18.53,-0.022164000000000003,514075.14,955904.21
600348,2026-05-22,8.88,-0.010033,313581.0,278984.313
600350,2026-05-22,12.23,0.026007,92222.6,111718.745
600351,2026-05-22,6.45,0.009389999999999999,110360.7,70704.371
600352,2026-05-22,11.63,0.015721,305464.53,353288.324
600353,2026-05-22,23.53,0.084832,635702.47,1445654.297
600354,2026-05-22,5.63,0.019927999999999998,146479.0,81806.891
600356,2026-05-22,9.36,0.029703,73222.52,67420.505
600358,2026-05-22,6.28,0.024470000000000002,213378.99,135888.222
600359,2026-05-22,6.76,0.022692999999999998,69204.0,46337.122
600360,2026-05-22,11.92,-0.012428,1388686.82,1626539.415
600361,2026-05-22,4.45,0.047059,729233.01,319551.036
600362,2026-05-22,45.28,0.041398000000000004,487024.74,2184081.918
600363,2026-05-22,39.71,0.012236,122000.42,481518.819
600365,2026-05-22,2.87,0.007018,67472.0,19263.608
600366,2026-05-22,13.11,0.029042,229423.46,298326.867
600367,2026-05-22,26.27,0.058421,424388.13,1103217.144
600368,2026-05-22,3.91,-0.002551,128390.55,50304.564
600369,2026-05-22,4.01,-0.009877,520074.0,208979.834
600370,2026-05-22,1.31,-0.050725,1799386.83,236730.641
600371,2026-05-22,8.05,0.013854,42296.87,33584.144
600372,2026-05-22,11.79,-0.000847,329895.6,388245.678
600373,2026-05-22,7.89,-0.005044,52583.02,41680.611
600375,2026-05-22,4.66,0.010846,221254.25,102577.436
600376,2026-05-22,4.34,-0.046154,1237765.57,537090.936
600377,2026-05-22,12.22,-0.009724,64309.01,78673.748
600378,2026-05-22,36.47,0.040217,201715.87,724885.194
600379,2026-05-22,13.54,0.01728,237916.65,320522.536
600380,2026-05-22,10.12,-0.004916,108086.01,109711.38
600381,2026-05-22,4.69,-0.016771,117092.84,55750.763
600382,2026-05-22,9.56,0.079007,826643.14,740364.767
600383,2026-05-22,2.69,0.003731,523585.0,140796.811
600386,2026-05-22,3.94,0.007673,164344.17,64188.968
600388,2026-05-22,19.43,0.008303,207101.57,406649.073
600389,2026-05-22,25.62,0.005889,62625.05,160498.224
600390,2026-05-22,4.84,-0.018255999999999998,353027.41,171352.174
600391,2026-05-22,43.57,-0.011121,150481.11,657600.576
600392,2026-05-22,23.8,0.031643,426384.39,1001812.179
600395,2026-05-22,5.15,-0.007707,189061.09,97527.118
600396,2026-05-22,14.56,0.02319,1933715.5,2775455.548
600397,2026-05-22,13.34,0.044635999999999995,272689.02,358717.599
600398,2026-05-22,5.85,-0.013491,255517.83,149820.182
600399,2026-05-22,5.11,0.011881,307182.24,156591.668
600400,2026-05-22,3.16,0.046357999999999996,1387600.0,439760.177
600403,2026-05-22,5.17,0.013725000000000001,138392.04,71192.146
600405,2026-05-22,4.78,0.025751,122695.26,57522.616
600406,2026-05-22,25.83,0.006625,607402.3,1565761.453
600408,2026-05-22,2.98,0.020548,325880.97,95909.722
600409,2026-05-22,6.65,-0.027778,660066.1,436596.746
600410,2026-05-22,21.25,0.007587,825005.41,1722247.822
600415,2026-05-22,13.35,-0.014032,963209.87,1291260.945
600416,2026-05-22,12.98,0.1,879485.03,1103215.429
600418,2026-05-22,45.05,-0.007053,331887.06,1491455.861
600419,2026-05-22,8.8,0.004566,39695.7,34780.203
600420,2026-05-22,9.08,-0.003293,40119.83,36506.547
600422,2026-05-22,8.43,-0.009401,67850.57,57380.162
600423,2026-05-22,2.75,0.007326,75288.0,20606.569
600425,2026-05-22,3.83,0.007895,119506.41,45725.888
600426,2026-05-22,31.41,0.001275,204800.66,641196.392
600428,2026-05-22,7.87,0.0,295922.24,231810.701
600429,2026-05-22,5.07,-0.009766,122345.01,61643.079
600433,2026-05-22,4.32,0.016471,615748.2,262123.67
600435,2026-05-22,12.72,0.000787,162993.4,207784.437
600436,2026-05-22,124.08,-0.016097,36727.74,457839.07
600438,2026-05-22,16.1,0.032713,504735.65,791191.241
600439,2026-05-22,2.44,-0.004082,121754.88,29659.445
600444,2026-05-22,16.55,0.039573,30654.0,49865.584
600446,2026-05-22,13.67,-0.010138000000000001,241793.0,328590.379
600448,2026-05-22,3.31,0.034375,292732.8,95003.231
600449,2026-05-22,14.86,0.065997,177955.15,262793.681
600452,2026-05-22,12.68,0.017657,577935.01,728117.507
600455,2026-05-22,28.95,0.011883999999999999,18958.0,54520.208
600456,2026-05-22,33.13,0.01377,79909.32,262421.775
600458,2026-05-22,12.88,0.07333300000000001,386155.48,486506.669
600459,2026-05-22,19.85,0.036013,168899.0,332851.825
600460,2026-05-22,32.16,0.039431,740637.85,2357918.387
600461,2026-05-22,10.4,0.015625,61233.59,63615.842
600463,2026-05-22,10.32,0.006828999999999999,36402.0,37311.595
600467,2026-05-22,2.29,0.004386,195661.02,44553.356
600468,2026-05-22,6.85,0.020863999999999997,201032.02,136693.497
600469,2026-05-22,6.17,0.004886,68995.62,42575.399
600470,2026-05-22,5.85,0.02812,170883.0,99161.143
600475,2026-05-22,19.12,-0.005719999999999999,193025.8,370062.783
600476,2026-05-22,12.05,0.011755,26295.2,31218.19
600477,2026-05-22,2.83,0.003546,250833.74,70750.17
600478,2026-05-22,6.56,0.001527,279065.49,182495.269
600479,2026-05-22,10.19,0.0069169999999999995,40568.28,41257.038
600480,2026-05-22,11.88,0.030356,472574.08,553579.402
600481,2026-05-22,7.65,-0.019231,2550251.0,1942497.667
600482,2026-05-22,35.83,0.018766,261710.29,926344.878
600483,2026-05-22,10.75,0.019924,279877.23,297548.423
600486,2026-05-22,61.07,0.002627,41246.68,251679.059
600487,2026-05-22,73.05,0.045064,1319919.38,9418532.411
600488,2026-05-22,5.42,-0.042403,1076616.51,584392.353
600489,2026-05-22,23.29,0.022387999999999998,493706.85,1139308.21
600490,2026-05-22,8.13,0.08255699999999999,778219.12,617785.783
600491,2026-05-22,1.33,0.007576,485371.4,63310.367
600493,2026-05-22,7.18,0.045124000000000004,64180.0,45056.004
600495,2026-05-22,4.08,0.007407,70376.49,28582.083
600496,2026-05-22,4.05,-0.007352999999999999,470117.0,191770.068
600497,2026-05-22,10.16,0.099567,2638567.15,2574760.535
600498,2026-05-22,55.15,0.02054,748338.55,4115871.74
600499,2026-05-22,16.9,0.009558,208603.92,352019.108
600500,2026-05-22,6.31,0.064081,1549835.71,962064.563
600501,2026-05-22,20.7,-0.022663000000000003,94031.83,194746.093
600502,2026-05-22,5.09,0.009921,205941.48,104377.904
600503,2026-05-22,2.6,0.101695,521165.1,132465.786
600505,2026-05-22,12.41,-0.005608999999999999,73961.04,91845.949
600506,2026-05-22,18.3,0.021776,164951.25,300764.166
600507,2026-05-22,4.72,-0.002114,237805.5,112055.047
600508,2026-05-22,12.88,-0.006173,61527.15,79115.799
600509,2026-05-22,9.64,0.06401799999999999,1031728.34,986934.336
600510,2026-05-22,8.98,-0.004435,203896.98,182575.967
600511,2026-05-22,27.07,-0.000738,25820.97,70018.086
600512,2026-05-22,2.26,0.013453,186669.0,41827.489
600513,2026-05-22,18.93,-0.017134,107997.09,204110.116
600515,2026-05-22,3.22,-0.003096,774675.8,248453.646
600516,2026-05-22,5.15,0.019802,494178.17,252522.503
600517,2026-05-22,5.54,0.001808,242260.0,133821.609
600518,2026-05-22,1.56,0.026316000000000003,2795071.59,431128.914
600519,2026-05-22,1290.2,-0.015866,49157.14,6372389.482
600520,2026-05-22,30.43,0.010963,106822.0,325890.472
600521,2026-05-22,16.42,-0.035253,393751.28,651936.454
600522,2026-05-22,43.82,0.045823,2264914.66,9819713.358
600523,2026-05-22,12.83,0.011032,51431.08,65926.605
600525,2026-05-22,5.55,0.018349,115009.55,63736.69
600526,2026-05-22,5.0,0.008065,57251.91,28519.387
600527,2026-05-22,2.71,0.030417999999999997,846379.22,226142.11
600528,2026-05-22,7.48,-0.003995,124225.98,93097.57
600529,2026-05-22,18.58,0.050905,191031.5,348592.857
600530,2026-05-22,7.52,0.09941499999999999,342168.25,254063.872
600531,2026-05-22,13.92,0.052154,508640.04,697592.275
600533,2026-05-22,2.35,0.039823,209808.0,48560.77
600535,2026-05-22,14.19,-0.013212999999999999,86704.36,124010.431
600536,2026-05-22,38.3,-0.006999999999999999,143409.94,548962.598
600537,2026-05-22,3.15,0.0,263540.42,83418.243
600538,2026-05-22,6.96,0.020528,220296.0,151980.691
600539,2026-05-22,14.85,0.1,114047.0,164283.003
600540,2026-05-22,5.05,0.020202,205523.84,102362.075
600543,2026-05-22,4.85,0.012525999999999999,27481.0,13247.243
600545,2026-05-22,6.38,0.1,1037913.46,644458.069
600546,2026-05-22,13.09,-0.019476,176813.0,232442.753
600547,2026-05-22,30.05,0.015203,437244.94,1307595.841
600548,2026-05-22,8.79,-0.003401,20112.01,17642.517
600549,2026-05-22,52.04,0.03748,509806.62,2635560.454
600550,2026-05-22,14.14,-0.004225,367702.02,521165.082
600551,2026-05-22,7.55,-0.03944,106997.02,80908.277
600552,2026-05-22,18.55,0.013661000000000001,990424.92,1812178.174
600556,2026-05-22,5.44,-0.025089999999999998,493238.77,269667.587
600557,2026-05-22,12.18,-0.020113,71733.88,87604.189
600558,2026-05-22,5.59,0.021938,107877.0,59767.949
600559,2026-05-22,12.9,-0.037313,154907.71,201977.969
600560,2026-05-22,14.31,0.0035060000000000004,43579.0,61784.996
600561,2026-05-22,6.79,0.033485999999999995,53903.01,35913.408
600562,2026-05-22,24.65,-0.011231,83925.51,207773.983
600563,2026-05-22,174.2,0.10002499999999999,170910.72,2884837.818
600566,2026-05-22,28.0,-0.020979,45976.06,129488.092
600567,2026-05-22,1.37,0.037879,939775.95,126715.876
600568,2026-05-22,2.52,0.0,90272.03,22729.689
600569,2026-05-22,1.91,0.032431999999999996,241211.53,45336.403
600570,2026-05-22,25.83,-0.012991999999999998,333789.12,861023.31
600571,2026-05-22,11.91,-0.020558999999999997,108152.09,129110.966
600572,2026-05-22,4.17,0.0,273981.91,114191.236
600573,2026-05-22,12.29,-0.008871,87718.0,108139.125
600575,2026-05-22,3.99,0.06117,1744225.55,687015.225
600576,2026-05-22,5.86,0.015598,95244.4,55428.389
600577,2026-05-22,14.87,0.047921,947860.07,1384325.245
600578,2026-05-22,8.22,0.00489,5276191.86,4408786.28
600579,2026-05-22,7.09,0.035036,66878.0,46866.375
600580,2026-05-22,41.09,0.010576,589650.6,2408563.411
600581,2026-05-22,2.65,0.003788,101528.84,26659.425
600582,2026-05-22,5.38,-0.0037040000000000003,141178.46,76155.946
600583,2026-05-22,6.02,0.0066890000000000005,314081.04,188170.959
600584,2026-05-22,72.88,0.090365,2869279.08,19820620.387
600585,2026-05-22,19.68,-0.001522,165377.45,325656.064
600586,2026-05-22,5.46,0.0,616811.72,334163.582
600587,2026-05-22,13.19,-0.010503,50286.15,66547.481
600588,2026-05-22,10.87,0.001843,475314.65,512894.365
600589,2026-05-22,12.88,0.037037,1913885.28,2422161.226
600590,2026-05-22,14.21,0.025253,311475.64,439536.785
600592,2026-05-22,19.33,0.001036,84977.2,163454.62
600593,2026-05-22,34.49,-0.0069099999999999995,25625.2,88391.491
600594,2026-05-22,3.72,0.013624,216653.0,79959.337
600595,2026-05-22,7.4,0.043724,711336.52,521949.797
600596,2026-05-22,13.26,0.10041499999999999,775185.76,1005438.024
600597,2026-05-22,6.99,-0.012712000000000001,77956.0,54715.692
600598,2026-05-22,15.15,-0.010450999999999998,216450.0,327858.612
600600,2026-05-22,60.83,-0.006208,41300.95,251152.629
600601,2026-05-22,12.79,0.099742,3422878.89,4282244.14
600602,2026-05-22,21.26,0.011418,272548.47,577114.287
600603,2026-05-22,5.32,0.009488,85007.32,44971.933
600604,2026-05-22,5.29,-0.086356,1161562.81,614698.871
600605,2026-05-22,32.21,0.023514,47049.0,148500.671
600606,2026-05-22,1.41,0.007143,840370.51,117542.062
600609,2026-05-22,3.76,-0.007916,177194.52,66421.794
600610,2026-05-22,8.69,0.004624,189025.97,163249.414
600611,2026-05-22,6.13,0.100539,584625.79,358375.609
600612,2026-05-22,36.75,-0.006488000000000001,8923.0,32942.629
600613,2026-05-22,5.43,0.018762,53793.0,29094.543
600615,2026-05-22,12.04,-0.013115000000000002,92761.83,111536.907
600616,2026-05-22,4.65,-0.0021460000000000003,60125.06,27844.638
600617,2026-05-22,3.6,0.01983,402569.51,144091.074
600618,2026-05-22,11.31,0.011628000000000001,82165.09,92424.515
600619,2026-05-22,18.51,0.001623,435244.19,807930.947
600620,2026-05-22,5.11,0.015905,64095.5,32653.53
600621,2026-05-22,13.67,-0.018665,139884.3,191959.367
600622,2026-05-22,2.5,0.008065,143807.39,35732.835
600623,2026-05-22,9.54,0.009524,214263.42,203739.581
600624,2026-05-22,4.56,0.002198,36072.1,16459.112
600626,2026-05-22,4.11,-0.014388000000000001,303615.86,124563.591
600628,2026-05-22,6.48,0.007776,52204.99,33658.646
600629,2026-05-22,19.81,0.01123,127163.04,251936.858
600630,2026-05-22,8.06,0.037323,100986.86,80428.863
600633,2026-05-22,12.86,0.012598,210946.0,270239.121
600635,2026-05-22,5.64,0.032966999999999996,1066472.11,599083.078
600637,2026-05-22,10.4,0.000962,713890.14,740854.108
600638,2026-05-22,5.8,0.013986,81523.4,46931.492
600639,2026-05-22,9.95,0.0,41562.79,41456.958
600640,2026-05-22,12.34,-0.039689,239500.26,296170.498
600641,2026-05-22,27.93,0.047637,642266.86,1769647.628
600642,2026-05-22,9.43,-0.008412,227164.51,214802.344
600643,2026-05-22,4.56,-0.017241,194155.84,88744.219
600644,2026-05-22,11.17,-0.007110999999999999,131198.36,146350.508
600645,2026-05-22,20.93,-0.009934,102657.0,214845.872
600648,2026-05-22,9.81,0.002043,15795.0,15496.312
600649,2026-05-22,3.83,-0.005195,147553.46,56837.582
600650,2026-05-22,12.91,0.007019999999999999,139810.02,184407.821
600651,2026-05-22,7.0,0.02489,196424.98,136509.635
600653,2026-05-22,1.71,0.011834,174830.91,29786.386
600654,2026-05-22,3.58,0.008451,785026.0,279653.179
600655,2026-05-22,4.57,0.00883,108041.71,49300.848
600657,2026-05-22,2.8,0.007194000000000001,201496.0,56305.448
600658,2026-05-22,5.09,0.030364,177716.4,89680.917
600660,2026-05-22,55.27,0.017114,173427.97,948717.519
600661,2026-05-22,8.98,0.001115,51119.0,45569.377
600662,2026-05-22,4.61,0.002174,98485.21,45364.556
600663,2026-05-22,7.05,-0.008439,123982.47,87634.658
600664,2026-05-22,3.38,0.008955,440975.99,148393.034
600665,2026-05-22,3.38,0.073016,282543.98,94536.056
600666,2026-05-22,5.34,0.024952000000000002,1607747.13,848262.429
600667,2026-05-22,12.61,0.015298,2275338.56,2841190.237
600668,2026-05-22,8.45,0.005952,44643.46,37519.439
600671,2026-05-22,18.92,0.003181,17221.0,32629.446
600673,2026-05-22,38.78,0.071863,1101723.18,4188712.602
600674,2026-05-22,14.86,0.0040539999999999994,261351.62,385814.82
600675,2026-05-22,2.44,-0.00813,156708.7,38284.432
600676,2026-05-22,7.09,-0.019364,215962.68,151684.287
600678,2026-05-22,6.39,-0.046269,420507.17,270372.21
600679,2026-05-22,10.24,0.0,28366.0,28942.678
600681,2026-05-22,3.87,0.005195,128763.53,49696.896
600682,2026-05-22,5.81,0.003454,102765.85,59647.164
600683,2026-05-22,15.96,0.099931,253119.44,391001.352
600684,2026-05-22,3.76,-0.007916,204401.96,76916.835
600685,2026-05-22,30.0,0.002339,99354.35,298980.853
600686,2026-05-22,14.57,0.033333,231356.87,335766.605
600688,2026-05-22,2.83,0.014336999999999999,460462.71,128850.745
600689,2026-05-22,12.89,0.027092,38588.95,49305.884
600690,2026-05-22,20.38,-0.0029349999999999997,451842.79,918580.95
600691,2026-05-22,2.8,0.014493,346480.72,95868.789
600692,2026-05-22,7.36,0.013774,83647.1,60977.072
600693,2026-05-22,9.5,0.0031680000000000002,266531.0,253876.732
600694,2026-05-22,17.48,0.015688999999999998,26879.1,46763.461
600697,2026-05-22,12.1,0.025424000000000002,31294.0,37421.109
600698,2026-05-22,7.04,-0.008451,98234.0,69089.797
600699,2026-05-22,30.82,0.021206,923850.24,2819927.609
600702,2026-05-22,40.41,-0.032791,52374.42,212483.946
600703,2026-05-22,16.2,0.031847,2035898.1,3271793.042
600704,2026-05-22,4.91,0.008214,415283.01,203229.295
600706,2026-05-22,8.64,-0.002309,51130.0,44102.501
600707,2026-05-22,11.1,-0.028020999999999997,2684439.37,2971222.299
600708,2026-05-22,3.38,0.015015,231504.54,77781.459
600710,2026-05-22,12.08,0.000829,90436.78,109551.329
600711,2026-05-22,12.45,0.0375,780672.65,956896.259
600712,2026-05-22,5.96,0.003367,63369.83,37659.686
600713,2026-05-22,5.12,0.024,171813.0,88557.808
600714,2026-05-22,29.87,0.100184,223966.1,649632.718
600715,2026-05-22,1.91,-0.005208000000000001,205380.42,39212.06
600716,2026-05-22,3.92,0.010308999999999999,56588.0,22165.447
600717,2026-05-22,4.4,0.006865,200688.17,87962.187
600718,2026-05-22,8.61,-0.00116,129343.53,111298.227
600719,2026-05-22,8.87,0.100496,426279.81,362685.942
600720,2026-05-22,6.14,-0.004862,66847.49,41130.588
600721,2026-05-22,7.79,0.014322999999999999,77830.0,59875.711
600722,2026-05-22,11.43,0.008826,234719.75,267481.033
600724,2026-05-22,7.38,-0.0027029999999999997,74394.0,54907.702
600725,2026-05-22,4.07,0.022612999999999998,134040.4,53900.468
600726,2026-05-22,6.29,0.016155,1273724.0,793179.993
600727,2026-05-22,8.31,0.073643,261879.58,212858.49
600728,2026-05-22,5.25,-0.009434,356293.6,186614.928
600729,2026-05-22,19.29,-0.000518,21314.32,41312.339
600730,2026-05-22,12.35,-0.024487000000000002,355929.24,444305.853
600731,2026-05-22,6.01,0.011785,60538.3,36156.704
600732,2026-05-22,12.71,0.020884,303515.39,381237.867
600733,2026-05-22,6.58,0.003049,591306.3,385836.476
600734,2026-05-22,2.22,0.009091,547550.66,121801.556
600735,2026-05-22,6.49,-0.0030719999999999996,74095.78,48427.68
600736,2026-05-22,7.55,0.016151,430126.89,323731.023
600737,2026-05-22,14.35,0.003497,285380.52,408755.725
600738,2026-05-22,4.36,0.009259,78186.0,33905.611
600739,2026-05-22,11.08,-0.00983,124592.3,138073.421
600740,2026-05-22,3.73,0.005391,282463.05,104855.116
600741,2026-05-22,17.04,0.0005870000000000001,187730.08,319091.793
600742,2026-05-22,8.67,-0.003448,53518.99,46320.332
600743,2026-05-22,2.46,0.008197,437724.92,107213.805
600744,2026-05-22,7.7,0.003911,714417.12,546978.242
600745,2026-05-22,16.2,-0.035714,1042936.13,1707248.342
600746,2026-05-22,7.04,0.015872999999999998,114222.83,79760.343
600748,2026-05-22,4.97,0.01636,227061.21,111775.328
600749,2026-05-22,15.31,-0.006489,68738.01,105618.86
600750,2026-05-22,22.82,0.012872,68301.72,154442.188
600751,2026-05-22,3.45,-0.025424000000000002,458981.99,158545.789
600753,2026-05-22,14.18,0.005674,18464.2,26207.784
600754,2026-05-22,20.89,-0.022461000000000002,136873.98,288257.09
600755,2026-05-22,6.04,0.001658,119237.68,71870.269
600756,2026-05-22,15.33,0.006566,70656.96,107602.293
600757,2026-05-22,8.05,-0.006173,79110.59,63596.36
600758,2026-05-22,4.66,-0.060484,1521433.67,713276.905
600759,2026-05-22,2.65,-0.050179,449472.0,119110.08
600760,2026-05-22,45.44,-0.011314,160762.09,732743.991
600761,2026-05-22,18.48,-0.011765000000000001,113110.2,211004.501
600763,2026-05-22,37.0,0.007625,62979.04,232111.124
600764,2026-05-22,21.65,-0.002304,42554.0,92383.819
600765,2026-05-22,14.97,-0.0066359999999999995,165213.64,247214.517
600768,2026-05-22,18.08,0.01516,46464.0,83758.117
600769,2026-05-22,17.6,-0.068783,594340.72,1039179.017
600770,2026-05-22,6.77,0.022659,580027.89,388264.259
600771,2026-05-22,15.17,0.003307,45906.25,69317.621
600773,2026-05-22,20.0,0.0,251930.5,501371.376
600774,2026-05-22,8.06,0.017677000000000002,36471.97,29165.141
600775,2026-05-22,11.9,-0.009982999999999999,195027.64,231518.043
600776,2026-05-22,15.73,0.009628,209516.99,327220.134
600777,2026-05-22,5.77,0.019435,133204.96,76307.327
600778,2026-05-22,6.6,0.023256000000000002,56956.0,37224.636
600779,2026-05-22,30.36,-0.035884,41301.0,125756.803
600780,2026-05-22,7.05,0.029197,343788.31,240477.034
600782,2026-05-22,2.82,-0.020833,788330.65,222443.243
600783,2026-05-22,24.41,0.026061,358079.08,866002.309
600784,2026-05-22,7.83,-0.015094000000000002,228297.0,177825.846
600785,2026-05-22,16.52,0.008547,67307.0,110901.331
600787,2026-05-22,4.81,0.0,154877.99,74379.428
600789,2026-05-22,8.11,0.0,84500.91,68465.316
600790,2026-05-22,4.23,0.054863,463995.76,193908.908
600791,2026-05-22,15.78,0.07713300000000001,205846.6,318535.198
600792,2026-05-22,3.95,0.012821,162384.0,63186.157
600793,2026-05-22,15.13,0.012718,27483.0,41432.612
600794,2026-05-22,3.37,0.008982,85705.0,28789.523
600795,2026-05-22,4.9,0.0,1689818.28,824179.192
600796,2026-05-22,5.52,0.009141,62041.0,34019.709
600797,2026-05-22,8.7,0.001151,177648.82,153944.116
600798,2026-05-22,3.69,-0.010724000000000001,333556.93,122891.327
600800,2026-05-22,4.22,0.029268000000000002,247418.6,103178.82
600801,2026-05-22,18.63,0.0,114952.77,215493.867
600802,2026-05-22,5.4,0.018868,63516.43,33944.571
600803,2026-05-22,19.86,-0.017318,85008.85,169889.823
600805,2026-05-22,4.89,0.008246999999999999,80494.72,39236.762
600807,2026-05-22,2.89,0.035842,213568.34,60933.174
600808,2026-05-22,3.12,0.006452,792337.86,245354.29
600809,2026-05-22,128.25,-0.02375,72998.84,942324.018
600810,2026-05-22,6.78,0.002959,102530.25,69447.021
600812,2026-05-22,4.67,-0.020964,178543.72,83592.439
600814,2026-05-22,7.21,0.01122,39126.3,28109.824
600815,2026-05-22,3.89,0.01039,412445.6,160373.571
600816,2026-05-22,3.16,-0.006289,927317.0,290755.612
600817,2026-05-22,10.25,0.011846,32571.0,33150.825
600818,2026-05-22,5.95,-0.040323000000000005,122602.57,73095.416
600819,2026-05-22,7.11,0.020086,132871.16,93397.874
600820,2026-05-22,5.57,-0.003578,172144.45,96505.558
600821,2026-05-22,8.13,-0.004896,1057112.5,856125.274
600822,2026-05-22,9.34,0.011918,21524.0,20038.44
600824,2026-05-22,3.86,0.0,80646.8,31072.453
600825,2026-05-22,5.42,0.007435000000000001,63293.0,34056.257
600826,2026-05-22,8.94,0.018223,43501.8,38772.562
600827,2026-05-22,8.03,-0.009864000000000001,129408.01,103983.793
600828,2026-05-22,4.38,-0.002278,133559.74,58470.179
600829,2026-05-22,8.94,0.018223,52105.5,46430.416
600830,2026-05-22,9.21,-0.002167,119553.0,108836.443
600831,2026-05-22,4.01,0.0025,297878.87,119339.794
600833,2026-05-22,11.22,0.005376,33571.0,37455.386
600834,2026-05-22,7.91,0.006361,13690.0,10793.26
600835,2026-05-22,26.0,0.012461,148450.0,382781.006
600838,2026-05-22,8.53,0.010664,72751.7,61967.198
600839,2026-05-22,8.17,-0.015663,710171.51,580668.077
600841,2026-05-22,7.53,-0.010511999999999999,190011.2,143704.85
600843,2026-05-22,8.53,-0.002339,78477.24,66718.353
600844,2026-05-22,3.21,0.025559,289836.0,91841.525
600845,2026-05-22,22.84,0.01286,282974.0,640387.976
600846,2026-05-22,12.15,-0.008163,31550.96,38439.046
600847,2026-05-22,16.66,-0.010101,73986.72,123163.265
600848,2026-05-22,8.71,0.0,157081.72,136847.064
600850,2026-05-22,21.7,0.006961,349965.79,763621.17
600851,2026-05-22,7.27,-0.009537,83688.0,61214.938
600853,2026-05-22,3.7,-0.018568,160112.86,59317.379
600854,2026-05-22,5.26,0.005736,162410.01,84287.487
600855,2026-05-22,18.04,-0.010965,146649.63,265578.24
600857,2026-05-22,14.25,0.0,120468.18,169298.727
600858,2026-05-22,5.29,0.007619,60939.7,32148.915
600859,2026-05-22,10.76,-0.020036,155003.51,168277.484
600860,2026-05-22,10.29,0.005865,56491.01,58092.83
600861,2026-05-22,14.7,-0.004065,14430.0,21275.529
600862,2026-05-22,18.97,-0.024679000000000003,247740.02,473238.582
600863,2026-05-22,5.39,-0.03405,3009513.17,1634095.276
600864,2026-05-22,5.56,-0.017668,296575.23,165478.972
600865,2026-05-22,10.39,0.006783,46909.1,48735.266
600866,2026-05-22,5.38,-0.0018549999999999999,122696.44,66201.583
600867,2026-05-22,8.42,0.0035759999999999998,218094.0,183233.839
600868,2026-05-22,3.28,-0.0030399999999999997,537198.86,174533.317
600869,2026-05-22,21.18,0.008571,1107418.05,2338942.642
600871,2026-05-22,2.44,0.016667,1284437.95,310552.679
600872,2026-05-22,19.59,-0.011604000000000001,111586.33,218520.288
600873,2026-05-22,9.57,0.006309,209427.99,199670.977
600874,2026-05-22,5.88,0.001704,83535.9,48984.506
600875,2026-05-22,36.05,-0.001938,574160.32,2061886.925
600876,2026-05-22,8.95,0.034682,58318.49,51436.521
600877,2026-05-22,16.23,0.036398,297930.3,478496.442
600879,2026-05-22,22.4,0.001341,913883.06,2036839.732
600880,2026-05-22,4.66,-0.004274,217570.76,101008.278
600881,2026-05-22,1.49,0.034722,370155.2,54011.86
600882,2026-05-22,18.25,-0.039474,97380.3,179109.481
600883,2026-05-22,9.15,0.022345999999999998,47894.05,43281.231
600884,2026-05-22,14.88,0.029046,801404.45,1176507.76
600885,2026-05-22,33.66,0.0,233704.75,782446.803
600886,2026-05-22,13.35,0.0052710000000000005,342279.41,453121.562
600887,2026-05-22,26.2,-0.020926999999999998,640561.63,1691599.954
600888,2026-05-22,10.31,0.10032,1009730.52,1002045.44
600889,2026-05-22,15.48,0.039624,44323.2,67632.494
600892,2026-05-22,4.04,0.049351000000000006,122655.96,48802.756
600893,2026-05-22,45.81,0.0048259999999999996,248491.73,1134117.512
600894,2026-05-22,8.37,0.026993999999999997,87237.84,72140.298
600895,2026-05-22,39.65,0.062718,1103428.33,4351317.516
600897,2026-05-22,14.64,-0.002045,17699.21,25951.863
600900,2026-05-22,26.56,-0.003751,915888.15,2436330.692
600901,2026-05-22,6.31,-0.014063,296963.78,188495.215
600903,2026-05-22,10.42,0.043043,1322898.97,1365943.825
600905,2026-05-22,4.11,0.00489,1113176.32,456546.814
600906,2026-05-22,6.26,-0.020344,376762.0,237563.314
600908,2026-05-22,5.46,-0.009074,106511.0,58306.443
600909,2026-05-22,7.32,0.02809,3737693.92,2708517.447
600916,2026-05-22,8.18,0.012376,247061.42,201661.246
600917,2026-05-22,5.46,0.012987,105236.01,57498.233
600918,2026-05-22,5.64,-0.013986,227665.38,128733.323
600919,2026-05-22,11.13,-0.014172,1053473.24,1175273.578
600925,2026-05-22,4.56,0.0,101658.28,46149.418
600926,2026-05-22,16.05,-0.00496,300870.68,482772.154
600927,2026-05-22,14.26,-0.014513,76254.0,109007.447
600928,2026-05-22,3.56,-0.008357,204667.16,73146.186
600929,2026-05-22,6.08,0.030508,274437.0,167264.0
600930,2026-05-22,6.05,0.001656,894896.16,542350.795
600933,2026-05-22,17.61,0.006286000000000001,181781.2,319888.981
600935,2026-05-22,2.45,0.004098,201579.0,49119.739
600936,2026-05-22,5.78,-0.001727,2338914.69,1329742.973
600938,2026-05-22,35.83,-0.010768,341311.29,1220525.923
600939,2026-05-22,2.79,0.018248,122888.0,33768.948
600941,2026-05-22,95.98,-0.007959,88311.92,848861.008
600955,2026-05-22,17.32,0.000578,52191.0,90124.491
600956,2026-05-22,8.45,-0.014001999999999999,174622.29,147621.411
600958,2026-05-22,9.58,-0.007254,696585.58,666535.393
600959,2026-05-22,3.79,-0.007853,470156.2,179314.497
600960,2026-05-22,4.66,0.002151,121941.0,56619.336
600961,2026-05-22,27.13,0.036287,452262.06,1208150.048
600962,2026-05-22,26.36,0.020124,116804.01,302562.689
600963,2026-05-22,4.17,-0.007143,209857.4,87783.095
600965,2026-05-22,3.39,-0.017391,220425.0,76456.128
600966,2026-05-22,5.88,0.012048000000000001,73017.8,42664.34
600967,2026-05-22,13.31,-0.004488,112923.32,150452.712
600968,2026-05-22,4.17,0.024569999999999998,605069.14,248321.003
600969,2026-05-22,10.32,0.015747999999999998,92623.96,94753.75
600970,2026-05-22,8.57,0.011806,149790.86,127839.182
600971,2026-05-22,7.26,-0.005479,129299.55,94218.143
600973,2026-05-22,7.18,0.042089999999999995,303144.89,215688.561
600975,2026-05-22,5.27,-0.005659999999999999,102428.0,54154.39
600976,2026-05-22,31.15,-0.0044740000000000005,10617.9,32948.275
600977,2026-05-22,14.8,0.016484000000000002,357114.69,522876.527
600979,2026-05-22,4.64,0.017544,358944.8,165229.342
600980,2026-05-22,23.0,0.040253,39247.0,88713.824
600981,2026-05-22,2.58,0.007813,182359.0,46761.803
600982,2026-05-22,6.14,0.011532,409664.03,248960.891
600983,2026-05-22,8.85,0.0,30273.74,26686.775
600984,2026-05-22,4.92,0.0,692473.89,336152.556
600985,2026-05-22,12.85,-0.011538,122559.0,157368.193
600986,2026-05-22,9.43,-0.001059,655608.4,613545.928
600987,2026-05-22,6.65,0.009105,89088.76,59362.254
600988,2026-05-22,35.15,0.018841,347791.21,1217018.256
600989,2026-05-22,26.54,-0.00037699999999999995,597757.5,1578169.099
600990,2026-05-22,20.75,0.009732,38576.92,79251.529
600992,2026-05-22,12.26,0.014060999999999999,121914.0,148728.672
600993,2026-05-22,24.11,-0.005773,32881.03,79407.784
600995,2026-05-22,14.25,0.009922,182992.86,259061.742
600996,2026-05-22,8.75,-0.015747999999999998,393117.08,344277.811
600997,2026-05-22,5.28,0.007633999999999999,65927.41,34712.249
600998,2026-05-22,4.79,-0.004158,272229.66,130526.338
600999,2026-05-22,17.34,-0.005163999999999999,1004709.52,1743010.91
601000,2026-05-22,4.64,0.00216,403369.62,186957.697
601001,2026-05-22,16.8,-0.021549,229487.9,385281.737
601002,2026-05-22,5.33,0.019119999999999998,176643.45,93838.509
601003,2026-05-22,3.75,-0.033505,228090.43,85626.41
601005,2026-05-22,1.33,0.0,598384.0,79166.5
601006,2026-05-22,5.42,0.0018479999999999998,1014214.18,549541.136
601007,2026-05-22,7.05,-0.002829,58922.6,41481.318
601008,2026-05-22,4.6,-0.010752999999999999,102368.01,47198.868
601009,2026-05-22,10.84,-0.010046,534801.41,579251.498
601010,2026-05-22,1.6,-0.018405,479535.3,76291.959
601011,2026-05-22,2.82,0.025455000000000002,258444.59,72142.72
601012,2026-05-22,15.04,0.016902999999999998,1084893.99,1617887.906
601015,2026-05-22,3.54,0.014327000000000001,325813.32,114084.458
601016,2026-05-22,4.62,0.026667,3301079.78,1515827.724
601018,2026-05-22,3.61,-0.002762,475796.41,171685.03
601019,2026-05-22,7.24,0.004161000000000001,47479.0,34288.586
601020,2026-05-22,26.9,0.01242,192366.85,514406.789
601021,2026-05-22,46.43,-0.029067,94898.68,444099.486
601022,2026-05-22,8.73,-0.017998,157128.51,137294.729
601026,2026-05-22,17.62,0.0057079999999999995,34119.73,59808.594
601033,2026-05-22,14.52,-0.010899,43121.94,62821.193
601038,2026-05-22,12.68,-0.007048,48946.24,62152.533
601058,2026-05-22,12.79,0.016693,311912.47,397541.328
601059,2026-05-22,17.13,-0.0034899999999999996,138637.88,237856.539
601061,2026-05-22,13.62,0.02099,140434.0,190117.567
601065,2026-05-22,7.82,0.0025640000000000003,35025.32,27282.701
601066,2026-05-22,22.0,-0.029554,226984.15,502206.198
601068,2026-05-22,5.64,0.014388000000000001,145042.0,81174.937
601069,2026-05-22,28.13,0.017728,127620.98,355439.609
601077,2026-05-22,6.83,0.001466,390941.11,265955.784
601083,2026-05-22,11.69,0.003433,64204.43,74936.313
601086,2026-05-22,8.11,-0.024066999999999998,102305.0,83502.697
601088,2026-05-22,44.98,-0.0061860000000000005,274673.36,1241232.482
601089,2026-05-22,18.8,-0.001593,40444.0,75949.573
601096,2026-05-22,5.19,0.009728,226254.26,117293.084
601098,2026-05-22,11.08,0.003623,56388.36,62633.571
601099,2026-05-22,3.5,-0.011298999999999998,1235978.62,431951.079
601100,2026-05-22,117.05,0.026394,103256.62,1194019.366
601101,2026-05-22,10.25,-0.023809999999999998,276886.01,284683.625
601106,2026-05-22,3.95,0.015424,655497.17,256740.943
601107,2026-05-22,6.24,-0.014218,98315.0,61804.34
601108,2026-05-22,7.92,-0.014924999999999999,531677.6,423704.839
601111,2026-05-22,6.68,-0.013293999999999999,888192.25,593789.321
601112,2026-05-22,19.48,0.022572000000000002,83021.16,160818.627
601113,2026-05-22,4.33,0.006977,100976.0,43460.09
601116,2026-05-22,12.17,-0.0024590000000000002,76912.0,93895.925
601117,2026-05-22,7.91,0.005083,620476.0,487312.507
601118,2026-05-22,6.2,-0.032761,691834.19,433367.367
601121,2026-05-22,6.96,0.029586,130510.0,89812.321
601126,2026-05-22,82.34,0.008204,290038.83,2418253.316
601127,2026-05-22,82.03,-0.016191,319606.81,2613711.452
601128,2026-05-22,7.11,-0.0069830000000000005,401418.78,286465.824
601133,2026-05-22,32.99,-0.004226,437377.52,1446930.546
601136,2026-05-22,15.17,-0.022552,123195.88,187782.149
601137,2026-05-22,21.26,0.06034900000000001,371764.4,779164.519
601138,2026-05-22,67.16,0.025344000000000002,1947455.16,12964388.899
601139,2026-05-22,6.55,0.006143999999999999,199639.81,129953.745
601155,2026-05-22,12.83,-0.06623,421219.35,563944.566
601156,2026-05-22,16.05,0.00627,69531.32,111622.839
601158,2026-05-22,4.24,-0.0046949999999999995,71885.0,30473.525
601162,2026-05-22,3.47,-0.022535,1315648.86,458597.758
601163,2026-05-22,14.56,0.002755,40646.0,59043.042
601166,2026-05-22,17.46,0.005181,973197.36,1698769.878
601168,2026-05-22,31.84,0.058863000000000006,650592.21,2039689.847
601169,2026-05-22,5.1,-0.003906,804512.19,410608.327
601177,2026-05-22,16.98,-0.004689,187311.33,317884.469
601179,2026-05-22,16.25,0.008065,1117103.9,1809881.597
601186,2026-05-22,6.37,-0.007788000000000001,541841.4,345075.339
601187,2026-05-22,7.24,-0.009576,109219.0,79554.136
601188,2026-05-22,3.22,0.0,137039.6,44117.93
601198,2026-05-22,13.33,-0.012593,255171.51,341281.887
601199,2026-05-22,5.96,0.020548,163976.48,97942.62
601200,2026-05-22,7.72,0.010471,78539.09,60219.965
601208,2026-05-22,52.45,0.100042,842266.62,4279248.167
601211,2026-05-22,15.03,-0.013132,1141805.18,1723526.043
601212,2026-05-22,6.66,0.04717,1336770.09,875688.447
601216,2026-05-22,5.43,0.020676999999999997,578151.45,312742.697
601218,2026-05-22,5.55,0.025878,318030.72,175093.679
601222,2026-05-22,6.48,0.022082,586047.69,377569.932
601225,2026-05-22,23.32,-0.0042699999999999995,473945.27,1102329.744
601226,2026-05-22,8.25,0.01601,135781.38,111584.386
601228,2026-05-22,3.09,-0.003226,220415.0,68112.078
601229,2026-05-22,9.08,-0.0011,337533.98,307022.626
601231,2026-05-22,39.45,0.057923999999999996,391492.59,1514234.428
601233,2026-05-22,19.49,0.009845,254213.4,493940.709
601236,2026-05-22,7.0,-0.018233,178481.25,125124.277
601238,2026-05-22,6.34,0.0,184638.66,116403.473
601279,2026-05-22,3.73,0.008107999999999999,92349.6,34014.525
601288,2026-05-22,6.46,-0.00768,2483192.05,1605902.673
601298,2026-05-22,8.91,-0.01,103245.73,92376.592
601311,2026-05-22,9.23,0.006543,164032.43,151055.113
601318,2026-05-22,53.68,-0.001488,669699.33,3603724.584
601319,2026-05-22,6.95,-0.007143,437248.95,304322.003
601326,2026-05-22,3.38,-0.011696,174059.0,59084.905
601328,2026-05-22,6.64,0.0,1844811.35,1230764.131
601330,2026-05-22,8.61,-0.009205999999999999,253004.0,215940.669
601333,2026-05-22,3.03,0.0,506914.0,153502.47
601336,2026-05-22,58.51,-0.011488,173670.49,1019247.586
601339,2026-05-22,7.89,0.002541,134432.88,106344.961
601360,2026-05-22,10.71,0.010377,942991.33,998125.938
601366,2026-05-22,3.76,0.008043,68449.0,25637.975
601368,2026-05-22,4.73,0.0,62109.0,29344.552
601369,2026-05-22,8.93,-0.003348,100573.7,90075.734
601375,2026-05-22,3.9,-0.012658,518564.53,202487.13
601377,2026-05-22,5.82,0.0,798793.03,463244.705
601388,2026-05-22,3.63,0.028329,465468.62,167001.999
601390,2026-05-22,4.73,-0.006303,1434869.97,675502.537
601398,2026-05-22,7.18,0.004196,2315000.99,1660299.734
601399,2026-05-22,3.93,0.012887,638258.63,249523.833
601456,2026-05-22,9.07,-0.019459,337457.75,308195.955
601500,2026-05-22,4.42,0.006834,163592.0,71741.046
601512,2026-05-22,8.67,0.0,59070.0,51285.861
601515,2026-05-22,4.35,0.048193,376025.32,159501.983
601518,2026-05-22,3.11,0.023026,446233.8,137637.526
601519,2026-05-22,10.51,-0.018674,615861.53,643080.819
601528,2026-05-22,4.8,-0.004149,74775.57,36007.799
601555,2026-05-22,7.89,-0.014981,428236.86,340062.953
601566,2026-05-22,12.12,0.005809,221543.61,265707.336
601567,2026-05-22,17.87,-0.0077729999999999995,176084.07,315216.313
601568,2026-05-22,3.78,0.016129,154422.6,58039.169
601577,2026-05-22,9.19,-0.004334,149928.02,138035.62
601579,2026-05-22,17.14,-0.006952000000000001,46161.19,79164.446
601588,2026-05-22,1.82,0.028249,584839.05,105790.554
601595,2026-05-22,22.1,-0.013392999999999999,40692.4,89972.827
601598,2026-05-22,6.25,0.014610000000000001,218935.37,135418.666
601599,2026-05-22,3.31,0.0,164879.6,54329.517
601600,2026-05-22,11.15,0.028598,2034124.16,2256363.904
601601,2026-05-22,32.85,-0.004545,376200.21,1237190.19
601606,2026-05-22,36.68,-0.009452,81852.95,300124.803
601607,2026-05-22,16.44,-0.003636,76186.25,125249.069
601608,2026-05-22,5.67,0.019784,343522.5,193190.221
601609,2026-05-22,13.87,0.047583,994288.82,1363907.007
601611,2026-05-22,12.38,0.000808,231946.62,286440.644
601615,2026-05-22,16.79,0.005992,1178631.32,1968606.275
601616,2026-05-22,4.49,0.029817,198504.0,88014.408
601618,2026-05-22,2.78,-0.010676000000000001,1248128.66,347552.458
601619,2026-05-22,5.38,0.001862,287939.0,154998.574
601628,2026-05-22,33.82,-0.006755,222595.16,752911.308
601633,2026-05-22,17.71,-0.006730000000000001,169840.55,301125.096
601636,2026-05-22,6.76,-0.010249,1694617.77,1133461.578
601658,2026-05-22,4.94,0.004065,1359414.23,668035.689
601665,2026-05-22,6.14,-0.0016259999999999998,385077.43,236826.905
601666,2026-05-22,7.2,-0.0027700000000000003,227196.09,162825.081
601668,2026-05-22,4.78,-0.0041670000000000006,1851217.59,886894.531
601669,2026-05-22,5.48,0.0,1833130.26,1000424.308
601677,2026-05-22,19.21,0.067222,714619.82,1369353.447
601678,2026-05-22,6.12,0.026846000000000002,2001381.07,1218903.139
601686,2026-05-22,5.29,-0.003766,41311.96,21829.275
601688,2026-05-22,18.16,-0.026795,1303746.8,2377998.568
601689,2026-05-22,72.05,-0.0009710000000000001,521466.24,3735908.669
601696,2026-05-22,11.71,-0.022538,428510.69,504904.692
601698,2026-05-22,33.37,0.007853,271094.85,901126.928
601699,2026-05-22,14.12,-0.016028,269901.64,382281.753
601700,2026-05-22,5.49,0.026168,133476.41,72405.622
601702,2026-05-22,20.07,0.091354,258129.74,507240.347
601717,2026-05-22,18.97,0.042308000000000005,325260.17,609815.973
601718,2026-05-22,2.24,0.009009,247546.0,55118.693
601727,2026-05-22,8.94,0.029954,2394727.6,2133257.916
601728,2026-05-22,6.15,-0.031495999999999996,3258414.93,2018025.037
601766,2026-05-22,5.77,0.006981,1647938.51,942538.942
601777,2026-05-22,12.43,0.007292999999999999,689003.7,857936.936
601778,2026-05-22,6.33,0.036007,2123282.04,1334675.056
601788,2026-05-22,14.32,-0.027174,464409.55,669724.498
601789,2026-05-22,5.78,0.039568,652640.73,372904.201
601798,2026-05-22,8.56,0.021480000000000003,55970.0,47265.818
601799,2026-05-22,143.03,0.01253,72598.26,1020727.797
601800,2026-05-22,6.31,-0.014063,407091.33,256961.19
601801,2026-05-22,5.6,0.0,62015.23,34641.406
601808,2026-05-22,13.71,0.002193,167165.53,228221.916
601811,2026-05-22,12.96,-0.004608,16471.0,21341.947
601816,2026-05-22,4.86,0.002062,1390670.57,675540.604
601818,2026-05-22,3.1,-0.003215,1113268.91,345262.018
601825,2026-05-22,8.6,-0.0034760000000000004,140341.19,120830.935
601827,2026-05-22,7.82,-0.0012770000000000001,55293.0,43156.047
601828,2026-05-22,2.47,0.0,179939.65,44422.321
601838,2026-05-22,18.54,-0.011200000000000002,167951.6,311632.049
601857,2026-05-22,11.08,-0.018601,1457315.95,1618821.496
601858,2026-05-22,26.09,0.001151,140789.0,369075.304
601860,2026-05-22,2.56,-0.007752,282827.55,72538.448
601865,2026-05-22,12.33,0.018167,231211.81,282211.118
601866,2026-05-22,2.61,0.0,802003.73,208113.573
601868,2026-05-22,2.99,0.003356,5305182.21,1581718.358
601869,2026-05-22,388.66,0.03422,100802.27,3872286.92
601872,2026-05-22,18.08,0.01573,1039652.43,1867356.221
601877,2026-05-22,30.59,-0.007784999999999999,309147.62,947123.207
601878,2026-05-22,9.42,-0.013613,334473.76,316170.172
601880,2026-05-22,1.61,0.00625,1101054.79,176697.213
601881,2026-05-22,12.13,-0.022562000000000002,514753.25,628058.311
601882,2026-05-22,23.83,0.017506,74861.34,177001.178
601886,2026-05-22,8.89,-0.022002,39618.0,35531.473
601888,2026-05-22,56.65,-0.007881,256781.91,1454778.417
601890,2026-05-22,9.72,0.004132,193465.04,187694.945
601898,2026-05-22,15.58,-0.042998,471132.02,740260.566
601899,2026-05-22,30.96,0.032344,2681038.56,8208476.892
601900,2026-05-22,12.18,0.0024690000000000003,53248.82,64377.643
601901,2026-05-22,7.06,0.0071330000000000005,872036.9,615288.609
601908,2026-05-22,3.83,0.018616999999999998,493117.25,187312.776
601916,2026-05-22,2.97,-0.003356,681339.06,202766.781
601918,2026-05-22,8.63,-0.002312,323713.13,279606.139
601919,2026-05-22,14.61,-0.00409,1009648.12,1476014.402
601921,2026-05-22,7.34,0.001364,60291.0,44265.383
601928,2026-05-22,9.07,0.001104,44167.0,40227.368
601929,2026-05-22,2.89,-0.036667,2307700.12,666848.41
601933,2026-05-22,3.46,0.005814000000000001,815950.3,282124.68
601939,2026-05-22,10.1,0.004975,1235570.7,1239374.55
601949,2026-05-22,5.28,-0.00565,73883.0,39107.335
601952,2026-05-22,8.56,-0.005807,109967.29,94024.777
601956,2026-05-22,5.62,0.019964,71809.0,39907.168
601958,2026-05-22,21.79,0.031723,449217.79,976330.173
601963,2026-05-22,11.25,-0.01918,170247.34,191396.653
601965,2026-05-22,16.59,0.003023,162627.52,267421.779
601966,2026-05-22,12.3,0.003263,91679.24,112556.843
601968,2026-05-22,4.64,0.004329,77336.0,35600.86
601969,2026-05-22,10.47,0.012573,166259.67,172788.847
601975,2026-05-22,5.8,0.012216,5112396.48,2943087.619
601985,2026-05-22,8.71,-0.003432,1168581.44,1017949.977
601988,2026-05-22,5.86,0.010345,3106328.3,1807610.864
601990,2026-05-22,6.97,-0.011348,206911.0,144734.145
601991,2026-05-22,6.89,-0.022695,7944990.6,5496920.153
601992,2026-05-22,1.68,0.098039,1691541.91,280736.112
601995,2026-05-22,33.68,-0.013474,195487.09,661228.328
601996,2026-05-22,2.98,0.020548,439975.27,129569.278
601997,2026-05-22,5.99,-0.0016669999999999999,340044.74,203108.11
601998,2026-05-22,7.75,-0.016496999999999998,511375.19,399463.628
601999,2026-05-22,6.42,0.00156,63403.92,40777.555
603000,2026-05-22,18.23,0.001098,167901.29,304294.661
603001,2026-05-22,9.69,0.099886,198758.62,188412.488
603002,2026-05-22,16.29,0.077381,838969.0,1334712.184
603004,2026-05-22,21.18,-0.0037630000000000003,26279.45,55520.275
603005,2026-05-22,39.14,0.084812,1558009.01,5841053.224
603006,2026-05-22,14.25,0.029624,43168.0,60544.31
603007,2026-05-22,6.89,-0.001449,899519.23,614044.264
603008,2026-05-22,8.96,0.0,405766.75,354892.943
603009,2026-05-22,58.8,0.053197,277596.67,1584270.165
603010,2026-05-22,13.62,0.024831,65246.0,88079.03
603011,2026-05-22,19.81,0.026425,159936.99,312959.013
603012,2026-05-22,9.74,0.03178,351454.44,344139.526
603013,2026-05-22,20.78,-0.009061,44595.0,92693.036
603014,2026-05-22,35.29,0.002557,7442.19,26242.732
603015,2026-05-22,12.69,-0.0039250000000000005,96025.26,121985.532
603016,2026-05-22,48.6,0.0125,31259.0,150979.295
603017,2026-05-22,13.81,0.022963,85748.42,117607.656
603018,2026-05-22,7.32,0.0027400000000000002,50206.0,36612.859
603019,2026-05-22,94.8,0.016621999999999998,555904.24,5239876.109
603020,2026-05-22,10.12,0.0,77222.7,78500.579
603021,2026-05-22,6.79,0.049459,70171.6,47100.119
603022,2026-05-22,11.21,0.020947,51640.0,57027.824
603023,2026-05-22,4.91,0.0,313390.46,156900.209
603025,2026-05-22,16.39,0.034068999999999995,132677.99,217011.299
603026,2026-05-22,97.21,-0.007656,122426.13,1174084.225
603027,2026-05-22,7.79,-0.022585,210510.14,164136.475
603028,2026-05-22,9.28,0.029967,71038.6,65819.669
603029,2026-05-22,18.58,0.019199,25298.03,46561.703
603030,2026-05-22,2.81,0.025547,363599.65,100877.857
603031,2026-05-22,55.91,0.09263199999999999,247949.75,1348722.417
603032,2026-05-22,23.25,0.012630999999999998,110297.26,254674.825
603033,2026-05-22,11.04,0.024119,87656.0,96093.128
603035,2026-05-22,12.93,0.010946000000000001,38448.0,49295.088
603036,2026-05-22,14.8,0.019284,44672.0,65934.146
603037,2026-05-22,14.83,0.007473,198823.48,291325.983
603038,2026-05-22,16.84,0.013237,58384.0,97617.622
603039,2026-05-22,38.4,-0.002597,85270.48,324858.584
603040,2026-05-22,94.0,0.032966999999999996,54246.04,494458.144
603041,2026-05-22,13.92,0.025036999999999997,40761.0,55941.373
603042,2026-05-22,21.55,0.048662000000000004,104999.0,224281.85
603043,2026-05-22,14.13,-0.000707,39541.04,55862.417
603045,2026-05-22,65.29,0.022873,80392.24,519194.365
603048,2026-05-22,22.41,0.006739,17149.25,38187.065
603049,2026-05-22,47.71,0.008881,15296.45,72645.39
603050,2026-05-22,22.97,-0.0013039999999999998,80695.9,187239.044
603051,2026-05-22,24.42,0.059436,78228.13,187865.826
603052,2026-05-22,97.59,0.036206999999999996,63656.7,618614.981
603053,2026-05-22,9.7,-0.002058,36989.13,35866.132
603055,2026-05-22,8.67,-0.022548,85317.0,74235.475
603057,2026-05-22,26.87,-0.016111,34422.82,92776.61
603058,2026-05-22,10.68,0.017143,66239.0,69806.839
603059,2026-05-22,29.78,0.014651,8703.0,25812.502
603060,2026-05-22,6.82,-0.015872999999999998,190849.03,130592.836
603061,2026-05-22,315.5,-0.001582,43086.64,1367554.843
603062,2026-05-22,47.82,-0.001044,12465.0,59348.015
603063,2026-05-22,58.13,0.022515,338475.96,1929834.516
603065,2026-05-22,8.12,0.025253,40189.0,32231.119
603066,2026-05-22,11.8,0.034180999999999996,66078.0,77105.507
603067,2026-05-22,45.0,0.057331,432529.33,1950790.896
603068,2026-05-22,37.91,0.031004,55325.6,208942.473
603069,2026-05-22,19.01,0.030352,154899.94,287452.982
603070,2026-05-22,16.9,0.020531,128589.33,215211.904
603071,2026-05-22,13.22,0.010703,20975.67,27667.863
603072,2026-05-22,38.04,0.036230000000000005,38022.3,142993.655
603073,2026-05-22,19.89,0.026316000000000003,18308.2,35618.478
603075,2026-05-22,25.51,0.004331,62454.23,158822.868
603076,2026-05-22,27.56,0.021497000000000002,45448.13,125161.608
603077,2026-05-22,2.63,0.031373000000000005,1553671.85,403781.246
603078,2026-05-22,34.25,-0.019748,465674.15,1597129.71
603079,2026-05-22,14.98,-0.008604,31042.59,45915.351
603080,2026-05-22,23.36,0.01477,34791.0,81205.133
603081,2026-05-22,11.14,-0.005357,38088.73,42458.064
603082,2026-05-22,42.73,-0.0016359999999999999,164872.09,699994.44
603083,2026-05-22,190.0,0.060327,242836.43,4530901.818
603085,2026-05-22,14.43,0.007682,115689.47,167215.76
603086,2026-05-22,6.74,0.00597,43829.79,29442.471
603087,2026-05-22,54.1,-0.009339,49252.96,266695.922
603088,2026-05-22,12.18,0.025253,140135.75,169228.572
603089,2026-05-22,11.19,0.005391,22129.0,24790.454
603090,2026-05-22,73.03,-0.042104,112647.0,826770.73
603091,2026-05-22,82.93,0.008513,7062.69,57625.371
603092,2026-05-22,71.67,0.00901,28623.07,202403.775
603093,2026-05-22,21.58,-0.020871,170566.0,372291.978
603095,2026-05-22,21.63,-0.02038,61168.76,132346.315
603096,2026-05-22,17.92,0.009009,13120.4,23316.686
603097,2026-05-22,29.82,0.018095,61167.27,179279.058
603098,2026-05-22,12.65,0.0015840000000000001,57022.94,71944.824
603099,2026-05-22,37.0,-0.035956,104677.59,390058.499
603100,2026-05-22,20.22,0.006471,51480.02,104007.516
603101,2026-05-22,7.77,0.009091,96027.55,74003.377
603102,2026-05-22,39.4,0.014941,6001.0,23408.053
603103,2026-05-22,19.75,-0.0065390000000000005,44318.0,87333.636
603105,2026-05-22,9.4,0.021739,117549.74,109083.204
603106,2026-05-22,8.39,0.008413,62295.0,51571.485
603107,2026-05-22,14.14,0.007123000000000001,31310.64,43901.412
603108,2026-05-22,14.29,-0.015162,320401.54,453831.642
603109,2026-05-22,21.12,0.011009999999999999,17084.8,35878.539
603110,2026-05-22,23.84,0.053468999999999996,130132.0,303195.078
603111,2026-05-22,6.57,0.003053,69677.0,45449.759
603112,2026-05-22,22.15,-0.006281,118626.0,263234.122
603113,2026-05-22,5.27,0.017375,87859.71,45804.902
603115,2026-05-22,116.31,0.099962,96418.08,1088123.528
603116,2026-05-22,7.86,-0.006321,208655.6,163349.514
603117,2026-05-22,4.98,0.022587000000000003,124427.4,61960.664
603118,2026-05-22,14.22,0.014265000000000002,544296.0,765476.886
603119,2026-05-22,79.9,-0.0034920000000000003,284924.51,2274452.429
603120,2026-05-22,55.22,0.062127,39211.34,212844.869
603121,2026-05-22,18.22,-0.026189,133499.42,243536.403
603122,2026-05-22,13.64,0.014881,110514.0,150191.295
603123,2026-05-22,10.64,-0.007463,138892.75,147119.791
603124,2026-05-22,126.01,0.069241,26536.62,327685.484
603125,2026-05-22,26.39,0.016173,120028.42,316178.069
603126,2026-05-22,8.19,0.022472,169592.05,138222.517
603127,2026-05-22,41.35,-0.033201,571068.6,2361463.59
603128,2026-05-22,5.45,-0.003656,117009.1,63776.766
603129,2026-05-22,238.15,-0.004348,9630.97,230990.201
603130,2026-05-22,46.7,0.010604,13962.0,65138.735
603131,2026-05-22,21.64,0.0018520000000000001,96043.4,206347.095
603132,2026-05-22,18.07,0.001663,60434.69,110139.009
603135,2026-05-22,11.79,0.037852000000000004,54193.69,62817.924
603136,2026-05-22,9.89,0.004061,20857.13,20558.903
603137,2026-05-22,13.59,0.019504999999999998,22468.8,30139.978
603138,2026-05-22,17.98,0.021591,107142.33,190177.34
603139,2026-05-22,39.3,0.030144,51304.0,200325.22
603150,2026-05-22,68.35,0.043352,23167.0,158037.164
603151,2026-05-22,14.52,0.018233,19734.24,28314.499
603153,2026-05-22,15.1,0.002656,14043.38,21097.101
603155,2026-05-22,19.81,0.005584,114655.07,224892.806
603156,2026-05-22,44.78,0.01427,237370.5,1052781.049
603158,2026-05-22,14.53,0.052899,585311.96,849601.28
603159,2026-05-22,28.97,0.055758,46788.24,133120.833
603160,2026-05-22,64.6,0.017964,56315.89,360728.991
603161,2026-05-22,14.03,0.024088,36111.9,49928.079
603162,2026-05-22,12.13,-0.002467,236583.42,287444.945
603163,2026-05-22,112.82,-0.022272,42365.5,471186.96
603165,2026-05-22,17.8,-0.029973,139767.85,252719.077
603166,2026-05-22,14.32,0.008451,68570.31,97842.773
603167,2026-05-22,9.07,-0.001101,38412.62,34834.05
603168,2026-05-22,6.19,0.011437999999999999,57004.44,35000.951
603169,2026-05-22,8.48,0.004739,126641.41,107282.683
603170,2026-05-22,12.24,0.006579000000000001,23359.0,28392.695
603171,2026-05-22,53.99,-0.026857000000000002,59531.32,322290.861
603172,2026-05-22,22.1,0.010055000000000001,33088.58,72725.494
603173,2026-05-22,37.37,0.022155,11663.0,43293.829
603175,2026-05-22,95.12,0.043326,55713.42,525677.654
603176,2026-05-22,5.59,0.037106,59845.0,32710.288
603177,2026-05-22,11.6,-0.011924999999999998,82711.0,96066.426
603178,2026-05-22,19.99,0.008069,212453.47,427373.029
603179,2026-05-22,61.1,-0.013562000000000001,618720.4,3863465.507
603180,2026-05-22,18.35,-0.004881,15658.0,28699.595
603181,2026-05-22,15.25,0.021433,83287.49,125832.117
603182,2026-05-22,14.22,0.008511,23509.0,33116.199
603183,2026-05-22,4.53,0.029545,132522.94,59069.598
603185,2026-05-22,20.7,0.008772,186261.31,385511.979
603186,2026-05-22,123.84,0.100018,154230.88,1859412.539
603187,2026-05-22,13.32,0.012158,35722.31,47328.77
603188,2026-05-22,4.96,0.029046,128183.0,62843.068
603189,2026-05-22,12.21,-0.004078,38290.0,46980.144
603190,2026-05-22,28.66,0.002448,36433.0,103595.964
603191,2026-05-22,21.73,-0.0036680000000000003,187530.86,406826.123
603192,2026-05-22,21.74,0.023059,10804.0,23303.789
603193,2026-05-22,22.97,-0.022553,29980.08,69241.006
603194,2026-05-22,36.82,0.030795,25739.02,94486.809
603195,2026-05-22,44.03,0.0029609999999999997,58244.58,254719.778
603196,2026-05-22,26.62,0.011782999999999998,34721.0,92065.283
603197,2026-05-22,34.73,-0.01559,52489.87,182013.331
603198,2026-05-22,35.67,-0.0278,49359.95,176882.414
603199,2026-05-22,33.78,-0.011414,16557.0,56101.728
603200,2026-05-22,54.57,-0.009978,55669.12,303504.07
603201,2026-05-22,15.8,0.010877,33570.5,52500.729
603202,2026-05-22,69.23,0.010657000000000002,11195.03,76788.275
603203,2026-05-22,60.5,0.024554999999999997,128352.44,765495.049
603205,2026-05-22,25.91,0.003097,6817.5,17621.737
603206,2026-05-22,19.04,-0.061144,279317.54,526498.076
603207,2026-05-22,24.62,-0.011642,10125.48,25014.623
603208,2026-05-22,13.29,-0.007468,19436.38,25686.814
603209,2026-05-22,14.06,-0.015406,52253.0,73973.359
603210,2026-05-22,15.16,-0.003942,27020.4,40674.922
603211,2026-05-22,29.76,0.007448,69921.0,208747.628
603212,2026-05-22,14.54,0.033403999999999996,161846.31,232332.807
603213,2026-05-22,13.82,0.012454,59600.64,82094.048
603214,2026-05-22,15.78,0.018065,24444.2,38106.162
603215,2026-05-22,17.5,-0.001142,18808.0,33034.079
603216,2026-05-22,26.11,-0.064493,132657.98,345716.91
603217,2026-05-22,28.63,0.009877,38564.38,110843.988
603218,2026-05-22,12.27,0.012376,122296.42,149603.789
603219,2026-05-22,18.2,0.00497,84510.2,154717.325
603220,2026-05-22,30.62,0.023396,358123.57,1086324.656
603221,2026-05-22,12.46,-0.008751,34697.85,43394.993
603222,2026-05-22,9.77,0.02734,225475.79,222397.574
603223,2026-05-22,10.7,0.099692,337433.99,354559.52
603225,2026-05-22,16.65,0.002408,121077.6,201502.459
603226,2026-05-22,50.13,0.006626999999999999,40759.23,200423.352
603227,2026-05-22,8.41,-0.003555,82174.0,69224.547
603228,2026-05-22,82.5,0.1,446156.55,3657305.884
603229,2026-05-22,10.11,-0.023188,113996.52,115645.552
603230,2026-05-22,10.17,0.007929,13105.0,13303.563
603231,2026-05-22,16.81,0.008398,14218.74,23800.004
603232,2026-05-22,20.04,0.09989,158883.0,318401.487
603233,2026-05-22,17.28,-0.0074670000000000005,48039.84,83982.454
603235,2026-05-22,24.62,-0.007658000000000001,4234.0,10457.226
603236,2026-05-22,74.96,0.006039,73744.79,555000.391
603237,2026-05-22,16.03,0.0,13240.26,21126.258
603238,2026-05-22,14.42,0.01122,26513.5,37865.052
603239,2026-05-22,22.32,0.003146,54358.0,120481.602
603248,2026-05-22,29.59,0.010587,93275.34,275396.496
603255,2026-05-22,33.8,0.006552,25226.0,84469.466
603256,2026-05-22,159.37,0.100014,194298.99,3052714.769
603257,2026-05-22,61.77,0.012457000000000001,14279.0,87699.343
603258,2026-05-22,14.92,0.008107999999999999,20855.34,30952.3
603259,2026-05-22,103.98,-0.002399,332227.12,3448079.941
603260,2026-05-22,40.65,0.021099999999999997,85193.36,343739.096
603261,2026-05-22,37.05,0.049872,6122.0,22324.234
603262,2026-05-22,27.49,-0.011151,32087.28,89448.439
603266,2026-05-22,20.8,0.009709,56940.56,118184.05
603267,2026-05-22,64.89,0.100017,237103.11,1508715.246
603268,2026-05-22,142.0,-0.012517,69462.4,989827.621
603269,2026-05-22,23.1,0.1,178019.96,397391.26
603270,2026-05-22,31.74,0.020579,66867.06,210607.696
603271,2026-05-22,48.38,0.039313,35472.08,169295.512
603272,2026-05-22,32.98,-0.00961,45418.02,150158.075
603273,2026-05-22,16.62,0.030378,26907.0,44346.116
603275,2026-05-22,48.77,-0.004287,29017.96,140287.82
603276,2026-05-22,17.78,0.027152,25040.5,43966.104
603277,2026-05-22,12.65,0.009577,15175.3,19071.674
603278,2026-05-22,14.18,0.023088,513607.71,738506.288
603279,2026-05-22,15.21,0.001317,88100.47,133529.159
603280,2026-05-22,30.95,0.010117000000000001,10987.0,33882.5
603281,2026-05-22,38.98,0.040021,49364.6,189361.128
603282,2026-05-22,17.64,0.029772,19667.0,34279.461
603283,2026-05-22,67.19,0.002836,214517.06,1447404.612
603284,2026-05-22,44.61,0.002022,12129.45,53787.455
603285,2026-05-22,53.38,0.027526000000000002,52858.74,282049.572
603286,2026-05-22,70.29,0.028383,68612.99,478271.64
603288,2026-05-22,35.29,-0.0014149999999999998,162276.85,569606.527
603289,2026-05-22,12.13,0.085944,211656.27,253373.899
603290,2026-05-22,131.75,0.077886,179545.68,2317993.395
603291,2026-05-22,11.27,-0.020851,200022.29,216373.906
603293,2026-05-22,54.26,-0.009312,81628.01,438672.393
603296,2026-05-22,108.94,0.037128999999999995,139289.2,1501773.676
603297,2026-05-22,147.51,0.014861,20317.29,298270.223
603298,2026-05-22,27.38,-0.007611,50930.16,140510.629
603299,2026-05-22,10.3,0.006843,52092.01,53759.174
603300,2026-05-22,6.07,-0.00817,371061.7,225526.572
603301,2026-05-22,92.7,0.029428,37546.15,344493.295
603303,2026-05-22,22.56,0.011659,51861.8,115977.64
603305,2026-05-22,16.89,-0.012858000000000001,491058.03,827849.474
603306,2026-05-22,107.92,0.0040939999999999995,121930.18,1322054.802
603307,2026-05-22,44.0,0.036269,10409.0,45149.916
603308,2026-05-22,70.89,-0.010883,178628.98,1266032.537
603309,2026-05-22,13.9,0.040419000000000004,53231.81,73424.455
603310,2026-05-22,17.11,0.022713999999999998,62221.39,106000.825
603311,2026-05-22,31.46,0.008333,312184.0,981907.802
603312,2026-05-22,39.89,0.029685000000000003,13244.05,52433.349
603313,2026-05-22,5.83,0.017452000000000002,116849.16,68456.689
603315,2026-05-22,16.76,0.037128999999999995,125935.0,208631.165
603316,2026-05-22,26.9,-0.012844,774163.84,2022294.794
603317,2026-05-22,15.4,-0.022843,98942.34,153453.938
603318,2026-05-22,9.97,0.009109,339014.6,335149.955
603319,2026-05-22,31.87,-0.030423,244897.69,782735.458
603320,2026-05-22,25.01,0.037759,61328.22,151898.455
603321,2026-05-22,7.22,0.031429,47897.0,34139.25
603322,2026-05-22,36.37,0.023354,90771.0,327523.842
603323,2026-05-22,4.76,-0.004184,160421.73,76513.785
603324,2026-05-22,30.49,-0.073252,200735.05,622256.181
603325,2026-05-22,58.16,0.001033,6600.27,38084.297
603326,2026-05-22,7.95,0.019231,35783.0,28175.27
603327,2026-05-22,10.85,0.043269,280058.85,299496.906
603328,2026-05-22,12.34,0.057412,332171.53,404628.397
603329,2026-05-22,11.45,0.018683,32227.17,36441.625
603330,2026-05-22,6.94,0.045181,114510.84,78377.642
603331,2026-05-22,14.36,0.011268,114532.6,162984.395
603332,2026-05-22,13.6,0.03265,56567.76,76242.882
603333,2026-05-22,9.52,-0.014493,363747.0,345831.807
603334,2026-05-22,44.44,0.005430000000000001,13653.72,59946.99
603335,2026-05-22,7.12,0.028902,111717.44,79144.09
603336,2026-05-22,12.49,0.008884999999999999,143524.76,178995.582
603337,2026-05-22,43.36,0.052427,98255.58,416481.391
603338,2026-05-22,55.69,0.017169,52643.64,293216.253
603339,2026-05-22,13.39,0.024484,33148.97,44037.451
603341,2026-05-22,37.65,0.022264,84338.92,314967.452
603344,2026-05-22,32.0,0.006606,53431.41,170836.837
603345,2026-05-22,99.43,0.012421999999999999,50764.04,503953.201
603348,2026-05-22,17.55,-0.008475,20849.22,36595.941
603350,2026-05-22,34.59,0.001158,11120.0,38093.619
603351,2026-05-22,26.72,0.004511,11290.17,29997.696
603352,2026-05-22,33.08,-0.0051129999999999995,12705.47,41961.051
603353,2026-05-22,50.66,0.014214,75004.6,380097.767
603355,2026-05-22,29.94,-0.008609,28494.54,85438.454
603356,2026-05-22,20.05,0.076799,64718.66,125218.005
603357,2026-05-22,7.12,0.011364,29507.67,20919.57
603358,2026-05-22,39.1,0.011380999999999999,195769.88,774608.407
603359,2026-05-22,3.1,0.0,88596.11,27456.457
603360,2026-05-22,23.29,-0.0102,175023.0,410409.709
603363,2026-05-22,3.39,0.021084000000000002,536406.0,182095.843
603365,2026-05-22,18.94,-0.018144,21141.0,40169.236
603366,2026-05-22,7.82,-0.017588,136518.16,106458.154
603367,2026-05-22,14.45,0.012614,52826.02,76172.164
603368,2026-05-22,16.1,-0.001241,29893.91,48032.448
603369,2026-05-22,27.09,-0.039362,119117.44,325373.519
603370,2026-05-22,46.83,0.009701999999999999,16569.4,76656.43
603373,2026-05-22,50.15,0.030832000000000002,66381.98,335938.177
603375,2026-05-22,52.62,0.032575,68959.96,361335.495
603376,2026-05-22,32.66,0.0077139999999999995,29155.72,95425.299
603377,2026-05-22,3.54,0.008547,38601.4,13608.366
603378,2026-05-22,5.46,0.038023,230576.43,126141.771
603379,2026-05-22,60.53,0.099945,154721.83,911769.444
603380,2026-05-22,43.12,0.009836000000000001,55883.0,242495.405
603381,2026-05-22,22.95,0.042708,64103.38,145029.552
603382,2026-05-22,24.09,-0.00905,10233.47,24627.277
603383,2026-05-22,32.8,-0.013534,59787.21,196886.363
603385,2026-05-22,6.21,0.016367,39950.2,24597.29
603386,2026-05-22,16.01,0.029582,156969.58,249905.278
603387,2026-05-22,9.22,0.014301,83032.1,76285.306
603389,2026-05-22,62.9,-0.003643,12417.79,78012.349
603390,2026-05-22,14.36,0.005602,239490.2,341509.99
603391,2026-05-22,71.31,0.028706999999999996,17752.08,125308.2
603392,2026-05-22,36.65,-0.033746,53778.51,198009.641
603393,2026-05-22,28.76,-0.008959,73543.13,212097.842
603395,2026-05-22,25.08,0.0036009999999999996,16766.87,42042.836
603396,2026-05-22,35.67,0.030924999999999998,35229.52,124590.951
603398,2026-05-22,14.74,-0.010074000000000001,96624.48,144993.452
603399,2026-05-22,17.95,0.021046999999999996,599584.22,1056958.575
603400,2026-05-22,81.2,0.00995,18804.83,152064.329
603402,2026-05-22,97.18,-0.013000000000000001,7260.0,70793.798
603406,2026-05-22,31.47,0.007039999999999999,8184.55,25688.119
603407,2026-05-22,63.23,-0.04903,79311.2,505792.187
603408,2026-05-22,11.05,0.010055000000000001,14669.0,16119.462
603409,2026-05-22,44.3,0.044073,22615.67,98640.015
603416,2026-05-22,64.7,-0.00030900000000000003,52221.43,337588.353
603418,2026-05-22,53.76,0.0069299999999999995,14442.25,76807.11
603421,2026-05-22,7.91,0.036697,126600.95,99007.003
603429,2026-05-22,9.64,0.029914999999999997,37677.2,36122.145
603435,2026-05-22,127.68,7.101522999999999,296216.28,3109452.88
603439,2026-05-22,14.29,0.100077,303675.42,423233.172
603444,2026-05-22,355.1,-0.025682,16343.33,583516.768
603456,2026-05-22,12.83,-0.017611,112461.33,144764.294
603458,2026-05-22,13.98,0.033259,213455.58,294658.898
603459,2026-05-22,105.61,0.09999000000000001,324888.53,3312146.014
603466,2026-05-22,11.18,0.018215,730635.6,806877.168
603477,2026-05-22,16.65,-0.01421,128642.36,215626.24
603486,2026-05-22,67.76,-0.010513999999999999,102757.74,701505.016
603488,2026-05-22,11.55,0.078431,268944.56,309081.959
603489,2026-05-22,36.6,0.003015,34832.65,127651.3
603496,2026-05-22,29.9,0.020825999999999997,149091.82,441057.706
603499,2026-05-22,21.48,0.031204999999999997,46203.49,97762.168
603500,2026-05-22,10.69,0.06474099999999999,99656.52,103556.303
603501,2026-05-22,104.25,0.015488,394822.49,4068295.081
603505,2026-05-22,22.76,0.08535999999999999,567456.4,1252272.652
603506,2026-05-22,12.56,0.021969,30511.99,37785.252
603507,2026-05-22,42.5,-0.009324,83281.86,355684.555
603508,2026-05-22,24.41,-0.00041,28924.6,70735.37
603511,2026-05-22,14.18,0.025307,28572.0,40359.105
603515,2026-05-22,20.05,0.025575,15955.07,31769.384
603516,2026-05-22,121.34,0.008897,65736.52,793999.313
603517,2026-05-22,13.58,0.027231,136639.6,186104.862
603518,2026-05-22,9.2,0.006565,48372.4,44450.459
603519,2026-05-22,13.37,0.007536,38561.4,51301.68
603520,2026-05-22,12.64,-0.019395,422976.2,536198.641
603527,2026-05-22,13.45,0.087308,251031.91,333395.935
603528,2026-05-22,7.99,0.025674000000000002,141942.35,110918.621
603529,2026-05-22,21.17,0.005223,73905.0,155940.181
603530,2026-05-22,56.72,-0.028268,46352.08,262909.838
603533,2026-05-22,25.1,-0.019914,160952.04,405757.668
603535,2026-05-22,8.04,0.003745,57311.94,45822.799
603536,2026-05-22,9.8,0.013444000000000001,35468.0,34443.82
603538,2026-05-22,50.44,-0.050988,374205.46,1899580.231
603551,2026-05-22,11.08,-0.010714,30367.0,33685.936
603556,2026-05-22,27.5,-0.011147,40391.0,111467.777
603557,2026-05-22,4.46,0.006772,121082.0,53982.519
603558,2026-05-22,11.77,-0.010093000000000001,54973.0,64790.482
603559,2026-05-22,9.44,0.002123,36308.0,34323.279
603565,2026-05-22,10.69,-0.004655,121794.27,130295.296
603566,2026-05-22,11.14,0.0,20806.97,23121.928
603567,2026-05-22,7.66,0.011889,253457.62,192761.878
603568,2026-05-22,19.7,-0.006054,54714.06,108658.207
603569,2026-05-22,6.37,0.006319,37511.23,23731.592
603577,2026-05-22,11.14,0.055923999999999995,77193.48,84859.631
603578,2026-05-22,15.02,0.029472,45225.33,67698.434
603579,2026-05-22,21.1,-0.004247,45864.36,96159.089
603580,2026-05-22,24.56,0.005733,15566.0,38365.892
603583,2026-05-22,28.87,-0.007562999999999999,67492.68,195170.653
603585,2026-05-22,17.25,0.029851000000000003,44288.52,75794.425
603586,2026-05-22,16.56,-0.017211,18473.0,30691.463
603587,2026-05-22,12.89,0.001554,18175.8,23296.148
603588,2026-05-22,12.99,0.029319,373242.8,483167.951
603589,2026-05-22,20.93,-0.015985,54756.43,114853.49
603590,2026-05-22,37.76,-0.037226,101439.27,390426.368
603595,2026-05-22,22.44,0.050069999999999996,36443.99,81237.175
603596,2026-05-22,33.94,0.031611,566130.58,1900172.004
603598,2026-05-22,22.23,-0.014628,157725.7,350268.669
603599,2026-05-22,11.59,0.009582,111522.69,129301.82
603600,2026-05-22,11.66,0.000858,36063.5,41637.49
603601,2026-05-22,19.29,0.063982,2378186.76,4402484.583
603602,2026-05-22,13.89,0.022828,52200.47,71619.449
603605,2026-05-22,58.19,0.05093,99925.63,585162.162
603606,2026-05-22,56.98,-0.004716000000000001,92964.44,528766.58
603607,2026-05-22,24.41,0.046292,57070.0,138129.43
603608,2026-05-22,16.99,-0.002349,232080.6,391374.258
603609,2026-05-22,6.57,0.0076690000000000005,25433.28,16576.374
603610,2026-05-22,18.53,0.017014,86626.0,159665.557
603611,2026-05-22,18.75,0.022913000000000003,25301.23,47027.944
603612,2026-05-22,22.34,0.022894,108576.98,241996.547
603613,2026-05-22,25.17,-0.012941000000000001,175367.96,440163.728
603615,2026-05-22,21.53,0.007016,29559.0,64091.871
603616,2026-05-22,6.94,-0.015603,445972.86,301584.487
603617,2026-05-22,7.68,0.042062,94056.03,71134.744
603618,2026-05-22,40.53,0.006456,816082.29,3320886.64
603619,2026-05-22,28.33,-0.006662,140298.08,394864.49
603626,2026-05-22,28.06,0.024836,487901.35,1353161.951
603628,2026-05-22,11.64,0.015707,53638.43,61930.742
603629,2026-05-22,195.65,0.08930500000000001,329465.7,6155557.689
603630,2026-05-22,14.57,0.000687,25043.0,36404.378
603633,2026-05-22,8.05,0.050914,163591.68,129554.231
603636,2026-05-22,11.01,-0.001813,348733.2,379092.787
603637,2026-05-22,18.22,0.036995,85731.89,154969.294
603638,2026-05-22,25.45,0.003549,87828.17,224156.878
603639,2026-05-22,11.42,0.015111000000000001,13882.2,15713.554
603648,2026-05-22,9.67,0.004154,30354.0,29194.21
603650,2026-05-22,58.84,0.022238,207173.28,1206134.27
603655,2026-05-22,41.37,0.029617,19671.0,80396.326
603656,2026-05-22,18.72,0.010799000000000001,26133.0,48663.923
603657,2026-05-22,30.85,0.002274,65178.0,208011.61
603658,2026-05-22,32.5,-0.019015999999999998,35974.14,117520.252
603659,2026-05-22,32.36,0.020177,373548.6,1196817.151
603660,2026-05-22,12.41,-0.005608999999999999,258896.77,320958.046
603661,2026-05-22,32.53,0.100101,17970.6,58458.362
603662,2026-05-22,67.43,0.00014800000000000002,104203.4,698308.334
603663,2026-05-22,50.49,0.1,215882.11,1036780.194
603665,2026-05-22,30.45,-0.004251,29550.0,89637.137
603666,2026-05-22,31.21,0.015951,67685.72,207915.76
603667,2026-05-22,88.17,0.040477,577798.64,4998323.845
603668,2026-05-22,12.37,0.005691000000000001,62708.68,77028.673
603669,2026-05-22,4.3,0.009389999999999999,97117.31,41271.019
603676,2026-05-22,9.66,0.007299,16275.0,15677.209
603677,2026-05-22,17.73,0.0016950000000000001,81282.96,141234.474
603678,2026-05-22,37.68,0.100146,405031.25,1502130.112
603679,2026-05-22,17.66,0.059387999999999996,103142.93,180926.746
603680,2026-05-22,13.83,0.010225999999999999,55975.8,77416.428
603681,2026-05-22,22.11,0.019364,125607.41,280904.013
603682,2026-05-22,8.8,0.004566,113225.0,100388.98
603683,2026-05-22,27.2,-0.01982,104395.28,284038.017
603685,2026-05-22,32.55,0.036624,19512.9,63039.447
603686,2026-05-22,17.11,0.020274,121878.31,207079.934
603687,2026-05-22,16.23,-0.0322,431346.0,710381.056
603688,2026-05-22,74.55,0.027284000000000003,390611.26,2884031.661
603689,2026-05-22,8.44,-0.001183,45814.8,38587.915
603690,2026-05-22,29.84,-0.011266,343162.25,1015339.659
603693,2026-05-22,17.69,0.046745999999999996,539590.97,928800.454
603696,2026-05-22,14.28,0.008475,35449.0,50462.537
603697,2026-05-22,11.08,-0.005385999999999999,75995.6,84207.899
603698,2026-05-22,38.65,0.003896,127321.67,489810.249
603699,2026-05-22,61.0,-0.042987000000000004,63829.01,395033.365
603700,2026-05-22,12.1,0.021959,39573.9,47617.772
603701,2026-05-22,25.55,0.00551,43585.0,111207.21
603703,2026-05-22,14.26,0.040117,120593.8,168737.539
603706,2026-05-22,23.64,0.007673,28807.0,67584.943
603707,2026-05-22,8.21,-0.010843,86586.22,71361.806
603708,2026-05-22,9.88,0.00611,35166.09,34694.783
603709,2026-05-22,17.86,0.006764,29063.28,51496.708
603711,2026-05-22,14.81,-0.013324,66606.0,99130.802
603712,2026-05-22,15.78,0.004456,118945.93,186800.105
603713,2026-05-22,51.68,0.008981,10484.0,54017.289
603716,2026-05-22,19.6,-0.006085,59939.14,116976.182
603717,2026-05-22,7.05,0.029197,143965.0,100551.681
603718,2026-05-22,3.34,-0.023392,144328.3,48491.649
603719,2026-05-22,10.76,-0.005545,45843.11,49509.808
603721,2026-05-22,24.17,0.049957,26360.3,63264.826
603722,2026-05-22,39.35,0.013653,16950.0,66494.788
603725,2026-05-22,12.0,0.060071000000000006,256523.73,305916.827
603726,2026-05-22,29.0,0.0069440000000000005,115429.88,334496.939
603727,2026-05-22,17.44,-0.043335,73446.29,128555.144
603728,2026-05-22,68.19,0.011720999999999999,129307.77,874175.693
603729,2026-05-22,13.55,0.024187,19574.0,26235.406
603730,2026-05-22,11.99,0.015241,225837.22,268647.823
603733,2026-05-22,20.77,0.001446,27131.62,56538.495
603737,2026-05-22,37.99,-0.016567000000000002,62011.91,236827.247
603738,2026-05-22,50.24,0.06598799999999999,523739.87,2635040.744
603739,2026-05-22,13.86,0.002894,39990.8,54863.916
603755,2026-05-22,27.5,0.002918,16544.0,45570.534
603757,2026-05-22,65.04,0.08671699999999999,213380.13,1331140.53
603758,2026-05-22,12.6,-0.009434,51955.0,65268.706
603759,2026-05-22,8.48,0.001181,28887.1,24353.246
603766,2026-05-22,14.41,0.035945,173166.0,249213.514
603767,2026-05-22,24.92,0.023829,445284.14,1093202.746
603768,2026-05-22,11.72,0.016479,42294.0,49491.009
603773,2026-05-22,80.0,-0.012589,303885.34,2448190.317
603776,2026-05-22,22.45,0.011261,43020.8,95979.603
603777,2026-05-22,20.18,0.051042,163167.31,329638.787
603778,2026-05-22,23.89,0.004203,443862.4,1023374.826
603779,2026-05-22,13.07,-0.099862,847055.35,1113538.412
603786,2026-05-22,57.22,-0.010035,83696.06,480213.173
603787,2026-05-22,11.09,0.007266,40037.0,44206.082
603788,2026-05-22,16.98,0.01555,36389.0,61308.526
603789,2026-05-22,5.86,-0.003401,41526.5,24332.761
603790,2026-05-22,32.88,0.034613,69804.0,225192.051
603797,2026-05-22,4.7,0.017316,46662.0,21656.276
603798,2026-05-22,17.46,-0.009643,55790.0,97069.827
603799,2026-05-22,58.88,0.042862,628169.25,3634732.343
603800,2026-05-22,62.62,0.099947,111392.16,676991.792
603801,2026-05-22,7.92,0.0012640000000000001,15278.32,12076.827
603803,2026-05-22,15.07,0.024472999999999998,264082.18,399295.373
603806,2026-05-22,17.52,0.099812,829839.2,1399326.076
603808,2026-05-22,9.3,0.0,41658.55,38563.808
603809,2026-05-22,11.25,0.00089,174129.09,195241.219
603810,2026-05-22,14.78,0.005442,33463.64,48625.717
603811,2026-05-22,11.11,0.005430000000000001,34637.4,38338.683
603813,2026-05-22,37.49,0.006984000000000001,3750.0,13996.878
603815,2026-05-22,6.95,0.041978999999999995,187894.0,129083.624
603816,2026-05-22,28.79,-0.00895,95951.99,275126.821
603817,2026-05-22,6.66,0.013699,77622.0,51128.894
603818,2026-05-22,3.56,0.017143,119996.0,42177.391
603819,2026-05-22,14.7,0.053763,123623.02,180140.376
603822,2026-05-22,75.77,-0.019539,8302.0,63181.916
603823,2026-05-22,23.18,0.024756999999999998,148527.05,342224.506
603825,2026-05-22,8.56,0.015421,14230.0,12069.621
603826,2026-05-22,34.04,0.003834,72704.7,248462.209
603828,2026-05-22,5.71,-0.02226,45711.69,26380.955
603829,2026-05-22,25.39,0.033374,44592.21,113875.939
603833,2026-05-22,38.83,-0.010953,41981.95,163422.98
603836,2026-05-22,13.77,0.033008,23073.0,31370.747
603838,2026-05-22,9.68,0.010438000000000001,13251.0,12696.469
603839,2026-05-22,7.73,0.010458,40212.06,30811.557
603843,2026-05-22,9.0,0.022727,142558.0,128108.04
603848,2026-05-22,15.5,0.0006460000000000001,14777.01,22894.011
603855,2026-05-22,18.92,-0.0047339999999999995,29702.0,56427.105
603856,2026-05-22,12.22,0.0032840000000000005,34158.74,41668.071
603858,2026-05-22,15.27,-0.001308,45628.07,69693.365
603859,2026-05-22,46.09,0.031789,162797.21,739784.257
603860,2026-05-22,30.9,0.021150000000000002,12500.0,38151.202
603861,2026-05-22,16.03,0.021019,96660.0,154593.557
603863,2026-05-22,17.23,0.004079,61168.0,105343.102
603866,2026-05-22,4.77,-0.010373,64836.88,31027.095
603867,2026-05-22,42.15,0.099948,168901.16,692640.746
603868,2026-05-22,38.0,0.028138999999999997,29563.04,112186.038
603869,2026-05-22,11.1,0.030640999999999998,13877.55,15172.022
603871,2026-05-22,11.02,-0.009883,118779.09,131223.761
603876,2026-05-22,27.5,0.046025,352490.96,950003.353
603877,2026-05-22,13.32,-0.011869000000000001,18543.0,24692.643
603878,2026-05-22,7.24,0.004161000000000001,88014.0,63769.702
603879,2026-05-22,5.55,0.041276,106202.52,58252.505
603880,2026-05-22,8.76,0.081481,141295.63,120594.507
603881,2026-05-22,38.6,0.021705000000000002,390515.86,1495723.183
603882,2026-05-22,26.14,0.019501,60756.3,156405.157
603883,2026-05-22,12.23,-0.007305000000000001,79337.03,97240.026
603885,2026-05-22,11.44,-0.004352,244856.3,279786.185
603886,2026-05-22,11.04,0.003636,51754.0,56566.286
603887,2026-05-22,13.95,0.01087,128102.48,177523.11
603888,2026-05-22,19.15,-0.007258,109285.54,208741.253
603889,2026-05-22,7.78,0.016993,171967.14,132637.794
603890,2026-05-22,22.97,0.100096,494959.45,1111606.964
603893,2026-05-22,195.24,0.043506,157588.76,3048009.159
603895,2026-05-22,37.89,-0.008893999999999999,41490.0,157672.913
603896,2026-05-22,15.8,-0.002525,13871.59,21828.88
603897,2026-05-22,57.15,0.027878,111752.6,635700.807
603898,2026-05-22,12.4,0.018899,22296.49,27507.013
603899,2026-05-22,22.48,0.063387,125820.41,277999.267
603900,2026-05-22,7.15,0.021429,60271.0,42693.394
603901,2026-05-22,12.56,0.016181,92737.4,116006.585
603903,2026-05-22,12.76,-0.022971,150339.72,193177.002
603906,2026-05-22,28.58,-0.024573,570332.96,1623273.568
603908,2026-05-22,22.63,0.023982,14163.47,31661.48
603909,2026-05-22,11.3,0.013453,23207.49,25968.573
603912,2026-05-22,10.71,0.032787000000000004,247393.88,261493.054
603915,2026-05-22,17.9,0.005618,143688.49,255807.051
603916,2026-05-22,15.41,0.024601,171846.12,264216.004
603917,2026-05-22,13.15,0.024142999999999998,101182.35,131174.759
603918,2026-05-22,12.53,0.010484,87126.34,108015.421
603919,2026-05-22,19.25,-0.038462,145184.1,281316.241
603920,2026-05-22,66.65,0.052258,535310.34,3545845.386
603922,2026-05-22,15.13,0.049965,34332.4,51536.264
603926,2026-05-22,24.25,-0.011011,100713.41,244045.402
603927,2026-05-22,16.01,-0.003734,96012.0,153613.58
603928,2026-05-22,16.55,0.041536,64007.5,104668.781
603929,2026-05-22,176.01,-0.005031,47081.23,819403.757
603931,2026-05-22,54.65,0.10003999999999999,69991.63,371856.105
603933,2026-05-22,25.9,0.011719,99022.0,254847.291
603936,2026-05-22,22.59,0.09980499999999999,1080174.01,2388941.471
603937,2026-05-22,15.4,0.036339,99531.13,151114.49
603938,2026-05-22,49.68,-0.017794,381637.18,1907851.019
603939,2026-05-22,20.77,-0.024883000000000002,124696.43,262512.439
603948,2026-05-22,26.66,0.038162,22974.91,60590.177
603949,2026-05-22,17.27,0.013498000000000001,29132.0,49823.364
603950,2026-05-22,68.85,0.038618,67206.4,457188.291
603955,2026-05-22,22.79,0.001758,16039.0,36388.687
603956,2026-05-22,5.94,0.0067800000000000004,175645.75,103668.328
603958,2026-05-22,24.71,0.06006,99455.0,243338.594
603959,2026-05-22,4.65,0.01087,135079.0,61950.813
603960,2026-05-22,23.67,0.09990700000000001,147100.25,334522.586
603966,2026-05-22,13.04,0.017161,69427.2,90153.893
603967,2026-05-22,13.04,0.009288,22196.0,28812.008
603968,2026-05-22,11.44,0.016889,40150.29,45646.39
603969,2026-05-22,9.02,0.011211,198049.54,177033.532
603970,2026-05-22,12.18,0.013311,14759.2,17814.875
603976,2026-05-22,24.2,0.1,94040.92,221817.188
603977,2026-05-22,13.6,0.024096000000000003,130475.12,175429.375
603978,2026-05-22,31.47,-0.029003,132620.56,422427.97
603979,2026-05-22,66.33,0.044566999999999996,105922.78,695577.157
603980,2026-05-22,5.95,0.020583,137152.4,81077.963
603982,2026-05-22,7.62,0.024194,85828.26,64576.121
603983,2026-05-22,23.79,-0.020181,21225.0,50744.117
603985,2026-05-22,26.01,0.039984,270921.93,702605.655
603986,2026-05-22,468.74,0.085298,637968.89,28932072.443
603987,2026-05-22,7.77,0.007782,29720.0,23007.977
603988,2026-05-22,22.17,0.007269,41240.12,91236.896
603989,2026-05-22,28.42,0.099845,159993.64,445225.143
603990,2026-05-22,16.88,0.024272000000000002,218217.37,368420.935
603991,2026-05-22,117.31,0.004624,28521.0,332691.013
603992,2026-05-22,29.72,-0.054105999999999994,82322.74,244540.094
603993,2026-05-22,18.53,0.050454,2258116.33,4113900.946
603995,2026-05-22,18.28,0.004396,32650.23,59572.645
603997,2026-05-22,13.51,0.008962,100668.05,135455.303
603998,2026-05-22,10.26,0.005881999999999999,43870.94,44793.323
603999,2026-05-22,6.95,-0.009972,170823.0,118496.831
605001,2026-05-22,7.05,0.020259999999999997,38766.7,26993.697
605003,2026-05-22,26.31,-0.014237999999999999,14073.0,37151.739
605005,2026-05-22,18.6,-0.0010739999999999999,24785.0,45874.139
605006,2026-05-22,15.74,0.09993,721625.81,1117323.709
605007,2026-05-22,14.27,0.009908,30994.0,43899.831
605008,2026-05-22,11.93,0.006751,24969.2,29713.633
605009,2026-05-22,26.18,-0.0015260000000000002,9174.49,24037.195
605011,2026-05-22,22.18,0.037904,84724.0,187703.912
605016,2026-05-22,26.51,-0.0033829999999999997,55424.65,146880.398
605018,2026-05-22,14.06,0.028530000000000003,133074.0,186670.685
605020,2026-05-22,33.69,0.027134000000000002,301359.63,1016016.9
605028,2026-05-22,24.81,0.004047,11556.0,28464.479
605033,2026-05-22,21.87,0.018156000000000002,19715.0,42725.803
605050,2026-05-22,11.87,-0.001682,29194.0,34683.412
605055,2026-05-22,13.46,0.003729,133912.0,179952.183
605056,2026-05-22,24.77,0.019341999999999998,85586.8,210097.786
605058,2026-05-22,39.2,0.076036,56114.5,216726.498
605060,2026-05-22,54.15,0.003707,47885.0,258216.344
605066,2026-05-22,7.46,0.016349,82254.75,60867.768
605068,2026-05-22,27.05,0.053349,35586.0,94889.115
605069,2026-05-22,16.18,0.02665,47093.1,75719.937
605077,2026-05-22,17.93,-0.030811,229103.79,425704.143
605080,2026-05-22,26.53,0.054870999999999996,30047.8,78448.795
605086,2026-05-22,31.81,0.067092,57089.4,179214.229
605088,2026-05-22,35.78,0.000839,36708.0,131452.333
605089,2026-05-22,22.6,0.0,9941.08,22444.352
605090,2026-05-22,38.98,-0.011162,154140.55,602426.093
605098,2026-05-22,55.06,-0.018012999999999998,23922.2,131051.465
605099,2026-05-22,43.29,-0.004828,39987.0,173996.877
605100,2026-05-22,55.36,-0.003958,51331.55,284703.677
605108,2026-05-22,13.66,-0.017973,29081.3,39854.455
605111,2026-05-22,57.47,0.082705,393629.68,2225306.173
605116,2026-05-22,21.45,-0.002326,51087.0,110566.151
605117,2026-05-22,120.7,0.012754000000000001,179220.57,2173983.502
605118,2026-05-22,41.34,0.029382000000000002,29826.49,122499.411
605122,2026-05-22,14.33,0.025036,31831.8,45149.092
605123,2026-05-22,120.58,0.020913,61091.14,725662.143
605128,2026-05-22,35.69,0.028530000000000003,50285.58,178284.774
605133,2026-05-22,41.15,-0.014607000000000002,136744.9,564544.7
605136,2026-05-22,9.96,0.013225,88398.0,87138.25
605138,2026-05-22,7.6,0.010638000000000002,44666.0,33763.189
605151,2026-05-22,22.9,0.031996000000000004,24202.0,54820.731
605155,2026-05-22,16.04,0.013266,27505.0,44044.066
605158,2026-05-22,7.58,0.022942,83220.0,62892.251
605162,2026-05-22,10.7,0.023923,91150.96,96523.523
605166,2026-05-22,11.31,0.070009,124238.0,136944.466
605167,2026-05-22,16.44,-0.028369,126316.93,205155.613
605168,2026-05-22,63.59,0.042288,113159.76,713768.499
605169,2026-05-22,13.16,0.013867,35679.69,46889.874
605177,2026-05-22,22.19,-0.004486,49263.25,111313.447
605178,2026-05-22,66.21,0.008376,25020.2,164761.575
605179,2026-05-22,15.25,-0.008453,23322.0,35645.074
605180,2026-05-22,16.15,0.100136,47772.14,74091.452
605183,2026-05-22,16.12,0.024793,15169.2,24189.141
605186,2026-05-22,24.63,-0.006454,54317.0,133550.914
605188,2026-05-22,14.04,0.005011,45334.0,63546.103
605189,2026-05-22,17.01,0.011295999999999999,140808.88,241069.464
605196,2026-05-22,41.45,0.049101,154851.0,635701.75
605198,2026-05-22,50.52,-0.03551,103350.0,514581.684
605199,2026-05-22,6.82,-0.017291,73529.0,50410.087
605208,2026-05-22,14.49,0.020423,98933.27,143631.793
605218,2026-05-22,20.3,-0.01885,96994.86,197092.634
605222,2026-05-22,36.52,0.001096,154993.72,568709.999
605228,2026-05-22,14.05,-0.004958000000000001,67426.25,94984.239
605255,2026-05-22,96.32,-0.018745,11401.13,109539.253
605258,2026-05-22,37.26,0.052542,42861.34,156951.67
605259,2026-05-22,18.51,0.012028,12511.0,23023.721
605266,2026-05-22,18.63,-0.000536,16047.7,29845.813
605268,2026-05-22,11.03,0.006387,35064.0,38582.208
605277,2026-05-22,22.92,0.046098,81028.91,182823.755
605286,2026-05-22,39.74,0.024491,23779.0,93594.194
605287,2026-05-22,50.24,0.039305,51701.4,254905.333
605288,2026-05-22,107.76,-0.051826,35299.37,385615.431
605289,2026-05-22,105.97,0.044348,52725.29,555190.182
605296,2026-05-22,28.08,-0.019895,39320.2,111149.588
605298,2026-05-22,56.75,0.027149,24290.04,137640.845
605299,2026-05-22,17.6,-0.01676,301336.22,533365.894
605300,2026-05-22,10.28,-0.0019420000000000001,28943.15,29701.87
605303,2026-05-22,31.9,0.077703,150498.98,464254.413
605305,2026-05-22,41.45,0.008516000000000001,40943.0,168958.009
605318,2026-05-22,99.0,0.003548,25707.0,249790.309
605319,2026-05-22,25.75,0.018592,34344.4,88292.211
605333,2026-05-22,23.3,0.006479,28818.66,66837.356
605336,2026-05-22,16.39,-0.049855000000000003,51811.99,85619.015
605337,2026-05-22,9.99,0.0,24790.98,24697.055
605338,2026-05-22,20.78,-0.009533,16214.0,33731.512
605339,2026-05-22,16.96,0.014961,20500.45,34443.141
605358,2026-05-22,52.23,0.018923000000000002,486904.92,2517208.001
605365,2026-05-22,18.55,0.007058,70382.0,130556.157
605366,2026-05-22,12.99,0.099915,404199.93,510599.082
605368,2026-05-22,7.24,-0.022942,51419.6,37314.068
605369,2026-05-22,19.87,0.013776,19549.88,38595.987
605376,2026-05-22,153.3,0.100029,98849.69,1509547.703
605377,2026-05-22,9.16,0.008811,42092.4,38567.888
605378,2026-05-22,18.05,0.015186,20306.31,36277.819
605388,2026-05-22,6.63,0.013761,79877.19,52595.912
605389,2026-05-22,117.88,0.034035,15188.0,176316.919
605398,2026-05-22,25.67,0.019865,18869.97,48063.551
605399,2026-05-22,15.89,0.012747,140997.3,222221.326
605488,2026-05-22,40.88,0.063476,259540.96,1040448.342
605499,2026-05-22,144.58,-0.017999,69328.02,1016049.539
605500,2026-05-22,10.88,0.100101,333950.48,351597.53
605507,2026-05-22,22.38,0.009928,23888.0,53681.609
605555,2026-05-22,16.55,0.0018160000000000001,105487.29,173574.041
605566,2026-05-22,36.6,-0.026078,166125.91,606501.776
605567,2026-05-22,10.46,0.020488,36345.0,37383.789
605577,2026-05-22,10.72,0.001869,25615.0,27388.892
605580,2026-05-22,22.1,0.10005000000000001,51351.4,110806.027
605588,2026-05-22,61.49,0.035011,28061.0,171027.177
605589,2026-05-22,45.72,0.040035999999999995,529378.67,2402827.748
605598,2026-05-22,51.44,-0.025942,52363.5,270195.515
605599,2026-05-22,16.22,0.0006169999999999999,43715.89,70930.833
688001,2026-05-22,68.79,0.030253000000000002,155806.51,1063560.86
688002,2026-05-22,133.78,0.034008,119319.55,1577565.585
688003,2026-05-22,104.3,0.09237500000000001,82916.29,841119.796
688004,2026-05-22,23.59,0.030131,15701.32,36347.688
688005,2026-05-22,34.91,0.016303,241315.99,841512.752
688006,2026-05-22,35.2,0.040497,153513.67,535719.083
688007,2026-05-22,15.5,0.003886,118605.83,183307.957
688008,2026-05-22,271.83,0.036846000000000004,785466.03,21210617.605
688009,2026-05-22,4.86,0.0,295698.58,143095.433
688010,2026-05-22,46.75,0.19260200000000002,141822.73,617979.214
688011,2026-05-22,64.54,0.011599,12173.64,78069.653
688012,2026-05-22,469.6,-0.013031,297067.96,13801279.61
688013,2026-05-22,31.0,0.016727000000000002,8651.82,26720.675
688015,2026-05-22,20.21,0.001983,12333.26,24841.973
688016,2026-05-22,99.37,-0.006201,19964.04,198300.672
688017,2026-05-22,342.0,0.020895999999999998,132328.77,4435173.433
688018,2026-05-22,183.0,0.02971,58093.51,1051837.513
688019,2026-05-22,311.19,0.020998000000000003,84235.17,2563780.14
688020,2026-05-22,165.82,0.200029,66702.13,1063164.968
688021,2026-05-22,27.32,0.032112,19248.79,52169.792
688022,2026-05-22,9.81,-0.003049,27616.86,27122.405
688023,2026-05-22,43.86,0.024766,23595.1,102204.35
688025,2026-05-22,449.45,0.18276299999999998,49355.3,2066578.623
688026,2026-05-22,15.8,0.025308,14680.14,22877.507
688027,2026-05-22,592.41,0.099417,63755.69,3803195.291
688028,2026-05-22,125.21,0.11505900000000001,103611.38,1278105.373
688029,2026-05-22,80.42,-0.004457,18266.31,146295.335
688030,2026-05-22,17.76,0.042866,34021.7,59444.955
688031,2026-05-22,133.19,0.0,95266.05,1243646.715
688032,2026-05-22,109.05,0.018968,14517.89,158252.449
688033,2026-05-22,8.23,0.02236,84375.45,69320.761
688035,2026-05-22,84.26,0.046448,89059.49,733872.352
688036,2026-05-22,63.36,0.021277,128135.61,810346.825
688037,2026-05-22,288.74,0.012589999999999999,83680.7,2359531.511
688038,2026-05-22,20.39,0.0195,23039.46,46735.812
688039,2026-05-22,46.86,0.011221000000000002,38291.02,177435.114
688041,2026-05-22,312.4,0.017589999999999998,370606.14,11429364.522
688045,2026-05-22,71.71,0.07221899999999999,32393.07,225088.378
688046,2026-05-22,20.9,0.0033610000000000003,32295.2,67187.305
688047,2026-05-22,160.4,0.019643,102178.38,1629467.821
688048,2026-05-22,376.1,0.05359,141486.02,5251138.574
688049,2026-05-22,50.31,0.023809999999999998,68367.88,341904.904
688050,2026-05-22,45.65,-0.020386,24982.02,114863.642
688051,2026-05-22,49.39,0.0672,28082.58,136154.761
688052,2026-05-22,236.51,-0.006261,41860.67,977899.071
688053,2026-05-22,40.36,0.02229,9971.18,40190.204
688055,2026-05-22,5.82,0.079777,1401895.39,750212.346
688056,2026-05-22,36.06,0.05377,13864.44,48920.702
688057,2026-05-22,14.18,0.030522999999999998,57523.16,79987.249
688058,2026-05-22,29.13,0.034446,15453.14,43861.02
688059,2026-05-22,155.38,0.066438,56971.23,867610.851
688060,2026-05-22,45.25,0.034759000000000005,5487.62,24555.394
688061,2026-05-22,41.39,0.018956,27772.4,114082.129
688062,2026-05-22,33.31,-0.005078,109903.24,373155.142
688063,2026-05-22,76.8,0.035318999999999996,167343.11,1272648.013
688065,2026-05-22,43.46,0.003927,46191.91,200421.705
688066,2026-05-22,13.36,-0.024817999999999996,64441.73,86364.066
688067,2026-05-22,27.27,0.020966,9487.11,25494.308
688068,2026-05-22,84.5,-0.06267299999999999,22844.84,194087.678
688069,2026-05-22,61.52,-0.031181,74475.44,468586.43
688070,2026-05-22,46.31,-0.011314999999999999,19200.53,89700.621
688071,2026-05-22,38.39,-0.00929,49925.08,191147.183
688072,2026-05-22,616.98,0.017783,123409.51,7380004.545
688073,2026-05-22,55.4,0.008189,14126.8,77311.4
688075,2026-05-22,36.27,0.012563,2597.86,9288.383
688076,2026-05-22,30.53,-0.000655,20312.24,61818.184
688077,2026-05-22,30.65,0.046432,28740.35,86876.996
688078,2026-05-22,25.8,0.028708,9298.71,23628.556
688079,2026-05-22,23.1,0.11972899999999999,609818.01,1383385.67
688080,2026-05-22,46.83,0.037669,17864.7,82344.609
688081,2026-05-22,56.77,-0.016118,31462.79,180429.342
688082,2026-05-22,213.17,0.002115,127204.32,2680913.541
688083,2026-05-22,60.31,0.022723,37434.51,225568.408
688084,2026-05-22,61.28,0.00492,12307.54,74350.381
688085,2026-05-22,17.77,0.015429,34339.07,60477.8
688087,2026-05-22,42.0,0.007194000000000001,22177.65,93209.263
688088,2026-05-22,44.56,0.017584,99074.8,436560.595
688089,2026-05-22,14.24,0.002817,23836.67,33989.618
688090,2026-05-22,89.7,0.024089999999999997,51672.96,459681.954
688091,2026-05-22,55.42,0.00782,46237.87,253386.027
688092,2026-05-22,29.6,0.014393,15473.12,45071.167
688093,2026-05-22,32.81,0.037306,34460.38,112645.468
688095,2026-05-22,77.4,0.000517,19343.8,149819.009
688096,2026-05-22,12.69,0.022562000000000002,177593.82,224385.458
688097,2026-05-22,59.53,0.026732999999999996,94570.32,563925.204
688098,2026-05-22,8.23,0.016049,15720.53,12847.891
688099,2026-05-22,115.21,0.047173,168341.72,1934965.253
688100,2026-05-22,38.45,0.010247,37654.4,144350.165
688101,2026-05-22,18.26,0.024117000000000003,38078.92,68631.054
688102,2026-05-22,40.58,0.02423,139030.66,557345.495
688103,2026-05-22,67.89,0.042537000000000005,23431.49,156982.292
688105,2026-05-22,20.13,0.005495,19176.95,38605.975
688106,2026-05-22,28.93,0.009069,423058.41,1193927.027
688107,2026-05-22,46.77,0.039333,139764.45,645075.17
688108,2026-05-22,20.09,-0.020954999999999998,158550.59,323089.119
688109,2026-05-22,80.89,-0.005655,21787.84,173374.86
688110,2026-05-22,138.83,0.000937,276020.32,3850023.81
688111,2026-05-22,242.1,-0.00738,69681.24,1689015.03
688112,2026-05-22,73.02,0.032815,36546.22,269518.802
688113,2026-05-22,46.49,0.043547,20118.22,92002.476
688114,2026-05-22,53.13,-0.008954,52303.08,274435.198
688115,2026-05-22,59.55,0.043638,18241.65,107245.677
688116,2026-05-22,42.51,-0.005614,102468.54,436672.014
688117,2026-05-22,35.84,0.026052,32098.99,113463.042
688118,2026-05-22,26.2,0.012756,30229.65,78093.715
688119,2026-05-22,4.81,0.034409,105520.65,50175.914
688120,2026-05-22,276.28,-0.013286,131273.18,3610603.062
688122,2026-05-22,63.83,0.025382,165275.2,1058324.636
688123,2026-05-22,156.58,0.017414,129314.83,1999821.31
688125,2026-05-22,194.2,-0.013812999999999999,16052.09,307763.784
688126,2026-05-22,27.81,0.004697,2146835.99,5894478.601
688127,2026-05-22,104.29,0.09021499999999999,116325.32,1172780.374
688128,2026-05-22,27.17,0.019512,29107.17,78450.882
688129,2026-05-22,32.0,0.04918,31266.6,100305.211
688130,2026-05-22,28.71,0.023529,35045.46,99362.796
688131,2026-05-22,75.62,0.007864,42549.86,320275.366
688132,2026-05-22,17.39,0.035736,14804.92,25201.928
688133,2026-05-22,27.99,0.139658,212369.41,576102.355
688135,2026-05-22,40.11,0.033763,322941.66,1256870.634
688136,2026-05-22,22.86,-0.047103,52115.55,120565.832
688137,2026-05-22,46.55,0.004098,4614.79,21501.151
688138,2026-05-22,33.78,0.034926,108205.49,360592.728
688139,2026-05-22,36.79,0.10813299999999999,213921.67,769881.463
688141,2026-05-22,96.5,0.015255000000000001,157794.68,1514609.984
688143,2026-05-22,138.47,0.049015,80673.7,1098698.165
688146,2026-05-22,130.72,0.022288000000000002,139768.65,1846904.087
688147,2026-05-22,86.94,-0.024133,154045.96,1332435.391
688148,2026-05-22,9.87,0.028125,173938.43,169635.675
688150,2026-05-22,68.36,0.059844999999999995,143784.35,975811.612
688151,2026-05-22,19.04,0.008475,19406.21,36728.019
688152,2026-05-22,36.78,0.028235999999999997,15287.17,55439.28
688153,2026-05-22,32.89,0.031034000000000003,61152.43,199026.779
688155,2026-05-22,95.28,0.011787,41330.42,389806.601
688156,2026-05-22,27.13,0.065175,53687.03,143163.016
688157,2026-05-22,32.87,0.014819,21161.66,68714.678
688158,2026-05-22,45.1,0.038214,347737.86,1538077.212
688159,2026-05-22,55.57,0.035981,90432.66,493629.53
688160,2026-05-22,142.0,0.023866000000000002,55272.35,774672.264
688161,2026-05-22,26.27,-0.006054,13443.1,35242.426
688162,2026-05-22,35.35,0.037874,31859.71,111065.693
688163,2026-05-22,39.58,-0.008020000000000001,17271.85,68415.317
688165,2026-05-22,22.1,0.08867000000000001,369680.38,816229.546
688166,2026-05-22,57.3,-0.012239,76944.7,443704.111
688167,2026-05-22,466.97,0.014094,55189.7,2595749.162
688168,2026-05-22,82.72,0.012113,18531.94,150298.237
688169,2026-05-22,126.82,-0.025736,97488.2,1251018.843
688170,2026-05-22,78.7,0.015746,124937.72,979206.356
688171,2026-05-22,55.89,0.096312,38294.51,210924.777
688172,2026-05-22,54.49,0.047885,207812.11,1110434.543
688173,2026-05-22,18.7,0.03716,141184.43,259544.931
688175,2026-05-22,35.91,0.018146,15459.49,55289.383
688176,2026-05-22,12.39,0.003239,90736.94,111448.673
688177,2026-05-22,20.1,-0.008876,27078.99,54150.174
688178,2026-05-22,34.15,0.009161,12314.93,41965.939
688179,2026-05-22,23.78,0.034813000000000004,99834.32,233303.151
688180,2026-05-22,37.13,-0.050384000000000005,209524.76,786917.169
688181,2026-05-22,40.9,0.038335,133962.16,537780.461
688182,2026-05-22,39.25,0.036988,162840.99,628814.034
688183,2026-05-22,108.49,0.09309799999999999,407725.72,4338893.677
688184,2026-05-22,13.83,0.029018000000000002,20693.12,28247.262
688185,2026-05-22,62.4,0.00241,16664.87,103618.369
688186,2026-05-22,19.67,0.050747999999999995,74011.94,143078.216
688187,2026-05-22,59.03,0.143992,301074.04,1694628.833
688188,2026-05-22,173.19,0.018765,30804.64,525943.794
688189,2026-05-22,9.74,0.043944000000000004,97194.49,93235.874
688190,2026-05-22,106.14,0.024121999999999998,41801.48,448330.454
688191,2026-05-22,58.04,0.116369,92243.39,513852.084
688192,2026-05-22,54.56,-0.05212,55988.33,309378.951
688193,2026-05-22,54.81,0.026212,9769.3,53444.854
688195,2026-05-22,332.1,0.034676,55149.47,1837336.944
688196,2026-05-22,44.9,-0.00333,15711.75,71261.317
688197,2026-05-22,40.35,-0.054371,25065.86,102147.917
688198,2026-05-22,89.96,-0.013164,5667.69,51215.344
688199,2026-05-22,30.24,0.043838,62744.99,188488.359
688200,2026-05-22,449.95,0.041551,49521.63,2065138.555
688201,2026-05-22,8.9,0.020642,44895.43,40179.141
688202,2026-05-22,64.25,-0.018633999999999998,41423.83,264893.803
688203,2026-05-22,14.2,0.034985,39273.2,55316.694
688205,2026-05-22,256.8,0.028269000000000002,79575.6,2038199.63
688206,2026-05-22,39.89,0.022296,201254.73,813658.211
688207,2026-05-22,18.05,0.11213800000000002,263891.08,468072.179
688208,2026-05-22,39.91,0.008591999999999999,158931.43,637871.427
688209,2026-05-22,25.63,0.027666,128969.08,329547.891
688210,2026-05-22,49.8,0.018405,68214.69,336887.88
688211,2026-05-22,38.26,0.020267,18658.54,71100.929
688212,2026-05-22,33.99,0.014627,15282.41,51249.15
688213,2026-05-22,115.07,0.057434000000000006,259218.96,2912589.699
688215,2026-05-22,74.15,0.002298,7453.52,55171.783
688216,2026-05-22,36.0,0.04227,64255.73,227861.705
688217,2026-05-22,28.48,0.039037,9087.89,25473.85
688218,2026-05-22,43.9,0.008732,74580.19,327894.028
688219,2026-05-22,12.02,0.037997,90013.53,106982.804
688220,2026-05-22,115.75,0.017582,147027.96,1692324.702
688221,2026-05-22,21.87,-0.005909,121013.51,262208.962
688222,2026-05-22,31.6,0.052981999999999994,339143.03,1051248.539
688223,2026-05-22,6.7,0.061807,2291143.3,1500160.308
688225,2026-05-22,16.54,0.027329,64250.23,104394.886
688226,2026-05-22,60.88,0.042823,93349.83,561274.042
688227,2026-05-22,90.05,0.006145,38920.35,351026.87
688228,2026-05-22,109.21,0.022566000000000003,27806.74,298850.563
688229,2026-05-22,97.03,0.070381,26612.6,251854.098
688230,2026-05-22,74.0,0.047417,24197.4,176555.533
688231,2026-05-22,53.94,0.12024900000000001,62083.59,330039.771
688232,2026-05-22,21.77,0.0013800000000000002,27521.38,59948.115
688233,2026-05-22,94.65,0.007129,101716.7,956279.783
688234,2026-05-22,153.74,0.101211,260179.28,3910470.527
688235,2026-05-22,244.57,-0.02933,46175.31,1136896.332
688236,2026-05-22,16.69,-0.010083,19837.3,33301.831
688237,2026-05-22,51.77,0.018693,16255.09,83948.996
688238,2026-05-22,6.3,0.008,76559.16,47880.087
688239,2026-05-22,68.07,0.04707,70649.66,477761.591
688244,2026-05-22,19.29,0.037097000000000005,20787.55,39445.653
688246,2026-05-22,23.85,0.010592999999999998,39246.15,92433.035
688247,2026-05-22,8.91,-0.004469,22969.1,20382.44
688248,2026-05-22,61.16,0.019163,42211.41,257133.002
688249,2026-05-22,39.0,0.000513,551635.38,2157546.469
688251,2026-05-22,29.1,0.023567,24745.92,71412.191
688252,2026-05-22,23.99,0.040330000000000005,82036.96,193764.457
688253,2026-05-22,65.5,-0.0007630000000000001,22538.44,146369.204
688255,2026-05-22,33.98,0.025346999999999998,52009.92,175579.414
688256,2026-05-22,1286.0,-0.003796,112239.94,14472861.259
688257,2026-05-22,96.84,0.139428,235525.9,2195366.539
688258,2026-05-22,131.09,0.032286,40373.09,521674.245
688259,2026-05-22,40.5,0.042203,41220.73,164203.606
688260,2026-05-22,72.71,0.200033,147467.55,1047150.482
688261,2026-05-22,78.79,0.014028,52222.77,408400.139
688262,2026-05-22,40.45,0.036382,171837.39,695099.028
688265,2026-05-22,38.66,0.010719000000000001,2913.06,11189.245
688266,2026-05-22,102.07,-0.010374000000000001,33832.61,347845.368
688267,2026-05-22,33.85,0.031698,30195.84,101690.339
688268,2026-05-22,163.88,0.03251,73067.84,1170989.436
688269,2026-05-22,42.45,0.066315,30760.26,128172.951
688270,2026-05-22,129.2,-0.018983,86729.55,1120169.536
688271,2026-05-22,116.01,-0.059123999999999996,216914.75,2537420.74
688272,2026-05-22,37.56,0.013765000000000001,20367.2,75909.436
688273,2026-05-22,43.2,0.037963,16269.47,68820.947
688275,2026-05-22,145.2,0.016236999999999998,38963.5,560301.15
688276,2026-05-22,16.83,-0.003552,15131.35,25572.297
688277,2026-05-22,19.05,-0.006777999999999999,70269.01,133290.857
688278,2026-05-22,57.52,-0.012870999999999999,26367.38,151645.838
688279,2026-05-22,250.19,0.04682,28120.48,700164.125
688280,2026-05-22,6.12,0.009901,125716.57,76758.526
688281,2026-05-22,82.8,0.031133,39039.42,321057.82
688282,2026-05-22,88.0,0.004566,25559.57,230253.063
688283,2026-05-22,45.23,0.020992999999999998,15994.64,71833.936
688285,2026-05-22,9.0,0.034483,31074.52,27648.63
688286,2026-05-22,72.82,0.026936,19163.06,137665.627
688287,2026-05-22,0.43,0.075,164762.96,7022.052
688288,2026-05-22,23.65,0.014151,20690.24,48136.27
688289,2026-05-22,17.41,0.005777,27074.7,47062.031
688290,2026-05-22,70.03,-0.012967,27961.0,195620.758
688291,2026-05-22,55.85,0.025522999999999997,44848.22,243023.775
688292,2026-05-22,25.95,0.036342,87998.87,226619.189
688293,2026-05-22,45.65,0.006836999999999999,8106.85,36944.519
688295,2026-05-22,53.25,0.040852000000000006,93536.33,494549.071
688296,2026-05-22,16.56,0.048101000000000005,23536.74,38252.688
688297,2026-05-22,43.21,-0.009172,55710.78,242226.206
688298,2026-05-22,21.98,0.008257,13578.75,29832.379
688299,2026-05-22,19.5,0.035581999999999996,117881.78,227765.417
688300,2026-05-22,134.85,0.151875,130418.4,1700740.245
688301,2026-05-22,176.71,0.027384,118607.42,2069469.119
688302,2026-05-22,42.85,-0.010164,19504.93,81782.003
688303,2026-05-22,20.65,0.014742,147522.94,301458.242
688305,2026-05-22,70.85,0.028898999999999998,61146.54,424798.269
688306,2026-05-22,10.43,0.014591,173309.29,178686.574
688307,2026-05-22,89.08,0.011124,71480.66,643095.798
688308,2026-05-22,132.0,0.157895,228362.56,2908181.214
688309,2026-05-22,77.12,0.049252000000000004,18497.87,142236.416
688310,2026-05-22,16.55,0.026675,37405.5,61112.421
688311,2026-05-22,32.0,0.013300000000000001,31465.86,100048.313
688312,2026-05-22,98.3,0.063392,72769.72,698292.295
688313,2026-05-22,174.72,0.040743,390951.01,6703621.318
688314,2026-05-22,40.44,0.011000000000000001,10941.07,43811.756
688315,2026-05-22,14.74,0.0075190000000000005,53564.42,78043.338
688316,2026-05-22,73.57,0.059476,47920.28,345694.369
688317,2026-05-22,20.77,0.043719,65019.55,134180.601
688318,2026-05-22,115.39,-0.029194,51945.83,602004.433
688319,2026-05-22,36.96,0.034714,79848.61,291893.671
688320,2026-05-22,40.54,0.008709,68894.42,274516.371
688321,2026-05-22,28.6,-0.007633999999999999,100766.8,287737.088
688322,2026-05-22,118.15,0.078011,283459.23,3275705.253
688323,2026-05-22,40.6,0.036772,260597.75,1034999.782
688325,2026-05-22,119.54,-0.010103,20273.25,244311.821
688326,2026-05-22,92.72,-0.000862,31783.76,295574.513
688327,2026-05-22,14.49,0.037223,462291.93,658432.375
688328,2026-05-22,69.32,0.005512,87184.35,600293.718
688329,2026-05-22,27.0,0.016566,20253.1,54450.637
688330,2026-05-22,40.09,0.04673600000000001,18567.56,73349.923
688331,2026-05-22,116.7,-0.043364,123426.84,1453643.061
688332,2026-05-22,90.26,-0.000222,34717.05,315218.7
688333,2026-05-22,88.44,0.022191000000000002,101884.73,903752.294
688334,2026-05-22,20.48,0.019413,37584.97,75725.438
688335,2026-05-22,26.75,-0.009259,24311.7,65459.794
688336,2026-05-22,61.8,-0.04186,50659.59,313763.613
688337,2026-05-22,65.19,0.051113,72564.86,468912.159
688338,2026-05-22,28.41,0.024891999999999997,8574.84,24060.608
688339,2026-05-22,25.02,0.039468,54635.85,137105.33
688343,2026-05-22,78.5,0.012903,120854.09,941911.635
688345,2026-05-22,54.63,0.020168,28764.96,157914.164
688347,2026-05-22,179.0,0.059172,398938.24,6931875.446
688348,2026-05-22,47.86,0.023524,23163.02,110514.796
688349,2026-05-22,22.09,0.004091,63678.25,139591.294
688350,2026-05-22,38.55,0.026631000000000002,48045.02,186619.54
688351,2026-05-22,27.52,0.059684,166262.17,457124.235
688352,2026-05-22,15.0,0.041666999999999996,246317.69,364302.106
688353,2026-05-22,95.51,0.007489,34220.71,323825.692
688355,2026-05-22,23.73,0.048608000000000005,26979.81,62820.322
688356,2026-05-22,81.47,0.0033250000000000003,8243.2,67193.057
688357,2026-05-22,34.43,0.015035,10124.93,34724.011
688358,2026-05-22,33.79,0.003266,15304.58,51977.298
688359,2026-05-22,136.65,0.10665699999999999,55774.07,739019.103
688360,2026-05-22,26.81,0.11615299999999999,315011.34,820774.353
688361,2026-05-22,245.45,0.015893,139934.95,3379450.242
688362,2026-05-22,56.3,0.06487599999999999,345657.07,1887049.986
688363,2026-05-22,39.0,-0.013158000000000001,26380.57,103122.689
688365,2026-05-22,20.12,-0.00396,154769.84,308315.118
688366,2026-05-22,34.89,0.004896,4368.16,15180.706
688367,2026-05-22,37.07,0.05733,29857.82,110834.173
688368,2026-05-22,205.07,0.035446,45911.39,958171.168
688369,2026-05-22,23.7,0.045434,43491.81,100747.26
688370,2026-05-22,25.44,0.001575,8653.73,21963.28
688371,2026-05-22,41.9,0.07435900000000001,210210.7,866603.057
688372,2026-05-22,164.57,0.048083,87769.76,1411857.75
688373,2026-05-22,5.02,-0.007905,112665.88,56514.467
688375,2026-05-22,106.81,0.0076419999999999995,45589.28,482892.563
688376,2026-05-22,81.08,0.058624,40880.0,325394.904
688377,2026-05-22,33.53,-0.02614,22729.5,76496.592
688378,2026-05-22,50.9,0.063741,149737.21,736927.809
688379,2026-05-22,75.6,0.054688,48558.78,359242.598
688380,2026-05-22,50.52,-0.0039429999999999995,154263.18,780040.575
688381,2026-05-22,43.95,0.022092999999999998,207984.34,915027.544
688382,2026-05-22,20.38,-0.015459,108285.27,221772.546
688383,2026-05-22,135.99,0.022481,32864.32,436657.869
688385,2026-05-22,67.42,0.028527999999999998,207761.07,1391412.219
688386,2026-05-22,93.13,0.08404099999999999,43593.22,401857.911
688387,2026-05-22,18.6,0.02649,587043.18,1075159.932
688388,2026-05-22,44.8,0.050656999999999994,237007.36,1050359.286
688389,2026-05-22,12.25,0.0016350000000000002,23285.42,28500.09
688390,2026-05-22,141.72,0.036571,107056.26,1513575.181
688391,2026-05-22,33.29,0.027469,22915.89,75387.087
688392,2026-05-22,157.45,0.011240000000000002,50302.89,787288.133
688393,2026-05-22,24.44,0.027753999999999997,10888.01,26223.79
688395,2026-05-22,31.76,0.024516,24249.21,76204.179
688396,2026-05-22,62.4,0.043478,353986.6,2174189.654
688398,2026-05-22,33.04,0.008547,29014.71,95869.073
688399,2026-05-22,58.89,0.016747,11025.52,64102.328
688400,2026-05-22,66.22,0.038419,217535.79,1419513.39
688401,2026-05-22,74.16,0.066743,96284.79,696733.988
688403,2026-05-22,19.75,0.018041,760721.98,1462700.963
688408,2026-05-22,38.77,0.038019,76187.79,295506.135
688409,2026-05-22,167.07,0.021335000000000003,93050.97,1541589.792
688410,2026-05-22,17.48,0.06390699999999999,109469.42,185975.049
688411,2026-05-22,252.16,0.011026000000000001,53484.34,1356787.688
688416,2026-05-22,123.9,0.07041,54166.89,657695.847
688418,2026-05-22,49.89,0.022336,55978.04,280699.139
688419,2026-05-22,60.44,0.111029,80201.13,466433.905
688420,2026-05-22,28.16,0.015141,15148.17,42255.242
688425,2026-05-22,4.38,-0.002278,160618.01,70304.598
688426,2026-05-22,20.72,0.027778,10143.98,20701.223
688428,2026-05-22,25.2,-0.025145,105411.22,265378.536
688429,2026-05-22,13.63,0.028679,33049.47,44284.215
688432,2026-05-22,19.5,0.017214,334562.34,643985.498
688433,2026-05-22,102.21,0.09432499999999999,110214.94,1110060.936
688435,2026-05-22,41.66,0.002165,22085.44,92141.474
688439,2026-05-22,52.46,0.023809999999999998,29898.54,155468.237
688443,2026-05-22,29.75,0.012249000000000001,44989.22,132929.154
688448,2026-05-22,71.78,0.030729000000000003,20776.58,148279.404
688449,2026-05-22,87.79,0.043132000000000004,329479.67,2832986.463
688450,2026-05-22,49.09,0.063705,17728.01,85863.357
688455,2026-05-22,21.16,0.01341,32703.36,69466.714
688456,2026-05-22,85.57,0.084812,76175.87,632413.427
688458,2026-05-22,47.49,0.125355,124918.23,584219.337
688459,2026-05-22,8.7,0.0,12224.57,10574.998
688466,2026-05-22,18.14,0.019101,15316.75,27184.968
688468,2026-05-22,7.05,0.004274,38819.6,27033.119
688469,2026-05-22,7.62,0.026954,1637055.71,1227245.83
688472,2026-05-22,14.44,0.027027000000000002,530040.08,763956.167
688475,2026-05-22,30.01,0.014879999999999999,39859.06,119339.072
688478,2026-05-22,66.99,0.065363,102424.65,691171.305
688479,2026-05-22,40.3,0.03466,16689.24,66712.091
688480,2026-05-22,98.0,0.066841,24286.69,233610.53
688484,2026-05-22,45.33,0.021406,87541.14,395244.671
688485,2026-05-22,56.05,0.021692,76883.9,436805.646
688486,2026-05-22,86.85,0.028054000000000003,34228.14,294961.014
688488,2026-05-22,15.27,-0.031706,71829.01,110603.745
688489,2026-05-22,42.64,0.03848,12722.16,54051.616
688496,2026-05-22,1.41,-0.06,178537.04,25682.943
688498,2026-05-22,1066.4,0.027320999999999998,45425.8,4838128.076
688499,2026-05-22,57.78,0.027383,70457.16,405172.143
688500,2026-05-22,58.69,0.017863,32242.78,187640.46
688501,2026-05-22,24.32,0.039316,31665.7,77016.125
688502,2026-05-22,537.0,0.025435,20375.07,1081092.276
688503,2026-05-22,108.7,-0.002752,137381.55,1498652.918
688505,2026-05-22,7.67,0.001305,37183.91,28404.577
688506,2026-05-22,240.06,-0.040144,18648.56,453932.578
688507,2026-05-22,162.91,0.140108,143461.31,2235321.599
688508,2026-05-22,91.0,0.01676,54830.33,499864.575
688509,2026-05-22,4.85,0.012525999999999999,98241.99,47276.056
688510,2026-05-22,31.0,0.014398,81498.26,247514.74
688511,2026-05-22,26.89,0.015867,62476.13,165985.681
688512,2026-05-22,16.87,0.199858,515214.15,807315.306
688513,2026-05-22,55.16,-0.010228,9654.55,52852.263
688515,2026-05-22,216.08,-0.00424,57275.53,1233883.766
688516,2026-05-22,77.8,0.017526,153537.01,1192917.121
688517,2026-05-22,23.43,0.036726,40378.28,93919.215
688518,2026-05-22,31.21,0.051904000000000006,226769.03,696937.529
688519,2026-05-22,201.93,0.10344300000000001,92010.05,1833023.565
688520,2026-05-22,40.65,-0.029369999999999997,26861.17,109929.992
688521,2026-05-22,275.75,0.008079,182501.95,5014103.607
688522,2026-05-22,33.9,0.020470000000000002,31719.41,106959.309
688523,2026-05-22,68.02,0.020249000000000003,57731.45,388286.491
688525,2026-05-22,312.25,0.037375,301297.15,9306318.294
688526,2026-05-22,14.2,-0.007687,14048.9,19950.323
688528,2026-05-22,13.05,0.052419,30990.54,39679.27
688529,2026-05-22,20.61,0.046193,25748.1,52192.591
688530,2026-05-22,51.76,0.045656999999999996,89227.52,454000.947
688531,2026-05-22,168.5,0.130872,102557.97,1648171.237
688533,2026-05-22,27.58,0.020724999999999997,14335.39,39098.408
688535,2026-05-22,134.0,-0.008656,116833.96,1554187.211
688536,2026-05-22,298.99,0.032068,55412.28,1649077.917
688538,2026-05-22,2.38,0.004219,1709527.95,399624.43
688539,2026-05-22,38.43,0.031401,28259.38,106919.028
688543,2026-05-22,47.43,-0.001894,36323.02,172160.589
688545,2026-05-22,82.0,0.046052,190605.89,1520557.873
688548,2026-05-22,29.86,-0.028943,350421.92,1057744.239
688549,2026-05-22,16.3,0.034921,1079587.21,1729566.688
688550,2026-05-22,50.52,0.019576,80263.28,405123.216
688551,2026-05-22,67.01,0.05444499999999999,56381.86,368839.397
688552,2026-05-22,35.22,0.003991,30472.85,106838.315
688553,2026-05-22,19.87,-0.036840000000000005,97203.22,194369.833
688556,2026-05-22,13.88,0.026627,421322.93,581236.662
688557,2026-05-22,35.19,0.014413,16109.21,56203.815
688558,2026-05-22,41.09,0.018592,23703.98,97333.891
688559,2026-05-22,69.29,0.03233,137024.38,946805.008
688560,2026-05-22,16.3,0.042866,59192.27,95083.867
688561,2026-05-22,29.54,-0.005386999999999999,58156.58,172051.988
688562,2026-05-22,18.04,0.021518000000000002,38614.14,68733.6
688563,2026-05-22,56.25,-0.013158000000000001,61835.65,347363.599
688565,2026-05-22,12.37,0.025705,36236.0,44093.115
688566,2026-05-22,26.5,0.019622999999999998,7911.48,20852.075
688567,2026-05-22,14.7,0.014493,273192.98,401094.816
688568,2026-05-22,53.6,-0.002976,119254.91,638493.855
688569,2026-05-22,20.09,0.0,10217.72,20461.031
688570,2026-05-22,16.66,0.00301,8871.82,14704.696
688571,2026-05-22,9.97,0.077838,189001.64,183185.015
688573,2026-05-22,24.29,0.046983,34369.12,82086.417
688575,2026-05-22,11.23,-0.026019,81859.56,92512.863
688576,2026-05-22,80.4,0.030769,6219.34,49731.059
688577,2026-05-22,94.95,0.013231999999999999,31676.63,296622.793
688578,2026-05-22,92.26,-0.014421999999999999,50855.18,470471.656
688579,2026-05-22,9.98,0.02359,39660.55,39300.547
688580,2026-05-22,57.78,0.011909000000000001,18113.62,104152.921
688581,2026-05-22,61.86,0.047232,12996.83,78908.42
688582,2026-05-22,52.71,0.030095999999999998,61036.64,318253.686
688583,2026-05-22,132.5,0.054516999999999996,32593.4,431446.425
688584,2026-05-22,26.65,-0.009294,307152.01,818954.52
688585,2026-05-22,182.98,-0.024835,90790.71,1642110.218
688586,2026-05-22,13.86,0.010941000000000001,91151.3,126087.731
688588,2026-05-22,11.95,0.012712000000000001,50763.43,59946.307
688589,2026-05-22,24.3,0.047414,54630.73,130723.328
688590,2026-05-22,17.49,0.071691,192908.11,326064.776
688591,2026-05-22,39.1,-0.001787,99244.86,386984.323
688592,2026-05-22,42.73,0.012559,14386.92,60685.117
688593,2026-05-22,41.98,0.048976,321560.64,1301206.937
688595,2026-05-22,36.33,0.032102,49627.97,178285.355
688596,2026-05-22,46.74,0.029289,246881.39,1134388.005
688597,2026-05-22,8.47,0.022947000000000002,57884.9,48751.038
688598,2026-05-22,34.62,-0.0028799999999999997,134016.02,463430.29
688599,2026-05-22,17.01,0.03216,509011.92,855801.416
688600,2026-05-22,27.42,0.016308,20363.29,55411.371
688601,2026-05-22,65.38,0.033676,68203.63,436393.795
688602,2026-05-22,7.39,0.017906,84229.87,61366.118
688603,2026-05-22,170.82,0.2,77573.58,1293159.025
688605,2026-05-22,80.35,0.044863,98634.8,767209.714
688606,2026-05-22,49.8,0.00383,4198.98,20882.256
688607,2026-05-22,67.49,0.063505,35222.26,235889.899
688608,2026-05-22,184.97,0.008011,54727.64,1015349.461
688609,2026-05-22,12.66,0.041117999999999995,373536.64,460305.549
688610,2026-05-22,205.0,0.158323,33201.04,648670.096
688611,2026-05-22,74.72,-0.010854999999999998,30845.98,230999.566
688612,2026-05-22,36.14,0.09052500000000001,157619.47,554113.447
688613,2026-05-22,18.91,0.022715,22256.3,41585.81
688615,2026-05-22,141.57,0.022166,47380.32,662973.204
688616,2026-05-22,13.88,0.032738,28441.25,38924.573
688617,2026-05-22,217.2,-0.021313,14028.61,306201.056
688618,2026-05-22,39.31,0.012362,30793.3,121567.36
688619,2026-05-22,20.45,0.131084,160997.77,320070.742
688620,2026-05-22,13.78,0.034535,130770.09,176984.904
688621,2026-05-22,56.25,-0.008985,16075.96,90472.624
688622,2026-05-22,79.8,0.033277,9047.86,71286.342
688623,2026-05-22,101.78,0.021067,13345.95,133219.845
688625,2026-05-22,100.48,0.099704,89153.34,868989.863
688626,2026-05-22,56.71,-0.0050880000000000005,23573.49,133582.976
688627,2026-05-22,416.97,0.017124,70523.19,2879686.214
688628,2026-05-22,102.0,0.05908,68368.93,684620.696
688629,2026-05-22,141.03,0.051992000000000003,213296.14,2956875.874
688630,2026-05-22,298.3,0.112022,81096.02,2340629.24
688631,2026-05-22,54.56,0.015069999999999998,17721.33,96024.146
688633,2026-05-22,35.05,0.027256999999999997,61117.15,211849.188
688636,2026-05-22,40.69,0.026747,31681.04,127577.774
688638,2026-05-22,42.04,0.044991,9233.11,38189.586
688639,2026-05-22,25.6,0.007477,40780.35,103631.256
688646,2026-05-22,73.77,0.058545,14589.98,105095.296
688648,2026-05-22,46.48,-0.058346999999999996,66468.11,306127.357
688651,2026-05-22,42.39,0.035165,13884.59,58239.945
688652,2026-05-22,153.8,-0.020381999999999997,83866.53,1295077.482
688653,2026-05-22,15.95,0.043164999999999995,139964.12,218793.856
688655,2026-05-22,62.14,0.042443,132798.48,822500.765
688656,2026-05-22,125.0,0.002727,3731.35,46563.784
688657,2026-05-22,39.04,0.06521099999999999,41981.62,161867.018
688658,2026-05-22,18.66,0.003226,65045.85,120876.357
688659,2026-05-22,11.77,0.038835,38659.52,44937.303
688660,2026-05-22,11.77,0.018166,191350.99,223744.168
688661,2026-05-22,123.0,0.058338,56678.83,675345.177
688662,2026-05-22,86.01,0.007379,61289.94,528755.422
688663,2026-05-22,95.0,0.043956,65636.49,622830.26
688665,2026-05-22,54.29,0.042035,15097.49,81019.554
688667,2026-05-22,142.11,-0.033527999999999995,16624.0,239160.15
688668,2026-05-22,273.0,0.05,65816.52,1808964.774
688669,2026-05-22,36.91,0.05126699999999999,56609.98,209802.766
688670,2026-05-22,19.31,0.015247,18520.77,35892.228
688671,2026-05-22,26.22,0.042545,14829.73,38342.257
688676,2026-05-22,96.07,0.025075,155430.9,1486198.674
688677,2026-05-22,136.99,0.088259,33530.57,442053.101
688678,2026-05-22,24.92,0.001205,210335.26,518436.818
688679,2026-05-22,69.07,0.024018,53770.74,371659.118
688680,2026-05-22,46.29,0.03372,27390.64,125238.451
688681,2026-05-22,20.24,0.032126,20200.89,40179.576
688682,2026-05-22,49.88,0.026549,24709.5,121743.465
688683,2026-05-22,43.67,0.015581000000000001,23274.35,101765.691
688685,2026-05-22,54.41,0.035001000000000004,40348.01,217010.293
688686,2026-05-22,154.27,0.126058,49879.91,736717.152
688687,2026-05-22,18.4,0.0,20779.44,38149.968
688689,2026-05-22,42.0,0.037037,41272.46,170784.366
688690,2026-05-22,36.21,0.044118000000000004,127292.34,453369.365
688691,2026-05-22,122.7,0.03396,109317.23,1327404.28
688692,2026-05-22,261.68,0.025271,12001.98,310708.185
688693,2026-05-22,119.99,0.034397000000000004,33917.86,400771.754
688695,2026-05-22,24.88,0.045378,12656.33,31017.39
688696,2026-05-22,83.55,-0.000359,7507.58,63027.772
688697,2026-05-22,24.49,0.021694,228075.55,545713.271
688698,2026-05-22,85.4,0.01377,106510.34,891186.008
688699,2026-05-22,64.91,0.042731000000000005,63499.2,406496.737
688700,2026-05-22,80.45,0.148138,273208.39,2135470.738
688701,2026-05-22,10.53,0.025316,23042.64,23913.17
688702,2026-05-22,305.23,0.014491,66630.03,2019418.156
688707,2026-05-22,16.47,0.006724,176145.05,289086.674
688708,2026-05-22,51.91,0.025687,23826.82,122545.674
688709,2026-05-22,39.68,0.049458,79645.47,308401.34
688710,2026-05-22,64.82,-0.00902,16460.16,107062.927
688711,2026-05-22,33.55,0.030089,141269.66,473665.712
688712,2026-05-22,47.67,-0.006875,48259.23,229692.785
688716,2026-05-22,38.35,0.028426,28957.93,109212.344
688717,2026-05-22,122.88,-0.005503,63928.35,799268.859
688718,2026-05-22,17.63,0.037059,23809.68,41507.917
688719,2026-05-22,79.59,0.053753,42144.92,332854.892
688720,2026-05-22,93.37,0.037444000000000005,87440.02,799903.655
688721,2026-05-22,48.5,0.020838000000000002,39423.96,190037.177
688722,2026-05-22,18.76,0.029638,43863.17,81166.182
688726,2026-05-22,70.26,0.104023,274632.52,1878494.238
688727,2026-05-22,59.7,0.025596999999999998,81909.46,486478.805
688728,2026-05-22,14.97,0.027454,335928.7,495227.094
688729,2026-05-22,27.96,-0.008159,333232.18,924211.521
688733,2026-05-22,36.18,0.05481,74136.77,263544.216
688737,2026-05-22,30.02,0.019355,22153.79,66536.458
688739,2026-05-22,22.39,-0.006214,17769.43,39964.099
688750,2026-05-22,18.34,0.033239,39048.56,70793.9
688755,2026-05-22,37.87,0.003179,8624.23,32277.616
688757,2026-05-22,35.22,0.026522999999999998,90044.16,318970.635
688758,2026-05-22,19.99,0.036288,38366.23,75968.234
688759,2026-05-22,36.71,0.005203,39913.68,146380.564
688765,2026-05-22,55.48,-0.015439000000000001,16644.36,92309.249
688766,2026-05-22,407.32,0.051637,73183.27,2939908.793
688767,2026-05-22,40.04,0.061506,33973.42,133203.251
688768,2026-05-22,52.49,0.08004099999999999,33897.74,176207.09
688772,2026-05-22,17.16,0.071161,664389.59,1130522.541
688775,2026-05-22,188.91,-0.029140000000000003,17216.76,328745.634
688776,2026-05-22,78.47,0.018694,23131.98,177903.107
688777,2026-05-22,86.16,0.015439000000000001,210717.25,1799398.017
688778,2026-05-22,70.31,0.014282,64693.5,452691.76
688779,2026-05-22,9.68,0.017876,226021.5,217842.158
688781,2026-05-22,49.23,-0.01402,70602.53,349183.856
688783,2026-05-22,33.38,0.024241000000000002,301139.59,983072.969
688785,2026-05-22,425.12,-0.018199,11548.03,486610.204
688786,2026-05-22,36.58,0.11831200000000001,101376.29,361507.672
688787,2026-05-22,148.01,0.037211,31233.01,456804.426
688788,2026-05-22,53.0,0.008371,17772.9,93827.397
688789,2026-05-22,58.19,0.010945,21400.88,123417.844
688790,2026-05-22,150.79,0.00998,9759.39,145024.008
688793,2026-05-22,21.88,0.006903,28251.79,61776.167
688795,2026-05-22,691.5,-0.0012280000000000001,25048.01,1737075.106
688796,2026-05-22,104.53,-0.011817,19997.51,212849.143
688798,2026-05-22,73.18,0.039636,44006.28,317305.217
688799,2026-05-22,54.18,-0.000553,22883.62,123720.805
688800,2026-05-22,136.73,0.031069,92217.15,1263714.465
688802,2026-05-22,728.45,0.006703,17640.77,1288889.646
688805,2026-05-22,60.66,0.078975,57703.97,343935.882
688807,2026-05-22,473.56,0.047744999999999996,25268.28,1192343.655
688808,2026-05-22,1755.0,0.147059,24631.88,4007370.665
688809,2026-05-22,502.0,0.035265,28292.54,1367737.557
688811,2026-05-22,34.22,0.029173,215535.84,734440.909
688813,2026-05-22,144.33,0.045869999999999994,61593.72,886007.482
688816,2026-05-22,70.75,-0.0036609999999999998,19166.99,136150.479
688818,2026-05-22,79.85,0.037013,180546.79,1412309.894
688819,2026-05-22,26.28,0.019395,36506.81,95250.594
688820,2026-05-22,187.95,0.06306600000000001,405802.14,7264194.93
688981,2026-05-22,131.33,0.032306,1199477.88,15516843.653
689009,2026-05-22,39.68,0.004557,82548.15,327080.385
920000,2026-05-22,15.2,-0.0006569999999999999,4542.25,6912.349
920001,2026-05-22,17.34,-0.121135,190096.67,328345.973
920002,2026-05-22,92.2,-0.020191,12251.62,113663.414
920003,2026-05-22,30.0,0.011803999999999999,2351.6,7006.966
920005,2026-05-22,34.1,-0.000586,3831.61,13043.426
920006,2026-05-22,18.13,0.006104000000000001,8400.07,15179.953
920007,2026-05-22,48.8,-0.010142,2664.4,13128.438
920008,2026-05-22,25.15,-0.024059,11032.28,27693.855
920009,2026-05-22,41.79,-0.009245999999999999,2376.01,9957.517
920010,2026-05-22,11.93,0.019658,88645.88,104117.352
920011,2026-05-22,27.85,-0.012761,49541.85,137973.431
920012,2026-05-22,67.27,0.049454000000000005,22647.34,148814.594
920014,2026-05-22,10.8,-0.0027700000000000003,16164.31,17459.472
920015,2026-05-22,47.83,0.008646000000000001,29154.94,140234.48
920016,2026-05-22,15.64,0.005141,4190.08,6550.171
920017,2026-05-22,16.94,-0.0011790000000000001,8808.34,14775.459
920018,2026-05-22,26.32,-0.007167,12102.06,31778.408
920019,2026-05-22,17.05,0.025255999999999997,23810.4,39915.315
920020,2026-05-22,15.33,0.0032719999999999997,6647.94,10135.543
920021,2026-05-22,9.95,0.015306,166798.74,162153.922
920022,2026-05-22,24.53,-0.0064800000000000005,3853.29,9489.753
920023,2026-05-22,2.4,0.021277,61516.71,14467.094
920026,2026-05-22,34.59,0.037493,15631.54,53128.177
920027,2026-05-22,17.37,-0.009692,12740.83,22070.763
920028,2026-05-22,22.05,0.004098,55078.39,119825.826
920029,2026-05-22,64.76,0.011085000000000001,4875.23,31308.852
920030,2026-05-22,5.32,0.003774,10657.36,5648.583
920033,2026-05-22,16.17,0.003724,7626.22,12291.573
920035,2026-05-22,29.21,-0.02275,6145.01,18128.557
920036,2026-05-22,45.0,0.017869,10677.48,47718.097
920037,2026-05-22,48.98,-0.006491,12892.45,62954.641
920039,2026-05-22,8.7,-0.018059000000000002,11500.16,10095.88
920045,2026-05-22,501.37,0.080539,12597.29,619774.846
920046,2026-05-22,28.66,0.037278,55189.43,156917.516
920047,2026-05-22,30.32,-0.029759999999999998,35205.19,107798.505
920050,2026-05-22,32.12,0.018389,2737.95,8688.284
920055,2026-05-22,33.72,0.0,11650.79,39411.442
920056,2026-05-22,21.82,0.0009170000000000001,7088.31,15435.25
920057,2026-05-22,5.73,0.0,9865.73,5673.608
920060,2026-05-22,32.09,0.040532000000000006,47969.59,152691.909
920061,2026-05-22,24.16,-0.005761,9936.64,24124.589
920062,2026-05-22,10.27,0.005877,29565.24,30331.996
920066,2026-05-22,22.48,0.060377,12832.01,28148.905
920068,2026-05-22,19.05,-0.007813,14583.93,28061.773
920069,2026-05-22,38.48,0.001822,9282.49,35471.178
920075,2026-05-22,20.58,-0.0009710000000000001,10656.47,21707.885
920076,2026-05-22,20.92,0.014549000000000001,7593.84,15752.723
920077,2026-05-22,16.89,0.019927999999999998,53864.44,90393.87
920078,2026-05-22,33.77,0.18076899999999999,83881.07,264955.041
920080,2026-05-22,24.47,0.002869,3878.17,9455.721
920082,2026-05-22,14.12,-0.026206999999999998,10734.92,15205.373
920086,2026-05-22,29.32,0.00411,9841.75,28725.213
920087,2026-05-22,11.97,-0.0025,21195.08,25352.958
920088,2026-05-22,40.12,-0.011822999999999998,31658.63,126176.163
920089,2026-05-22,16.37,0.027621000000000003,16552.84,26779.963
920090,2026-05-22,4.3,-0.009217,26260.24,11273.981
920091,2026-05-22,46.8,-0.004679,7034.24,32914.248
920092,2026-05-22,33.8,-0.023403999999999998,38387.49,133551.262
920096,2026-05-22,77.0,-0.111265,67901.24,533876.248
920098,2026-05-22,23.11,0.002168,6716.5,15455.914
920099,2026-05-22,33.55,0.000298,20511.98,68253.209
920100,2026-05-22,68.05,0.008298,60703.56,414647.83
920101,2026-05-22,31.8,-0.013648,5483.48,17509.908
920106,2026-05-22,47.91,0.001463,5736.61,27336.259
920108,2026-05-22,10.85,-0.026906,11715.1,12782.318
920110,2026-05-22,29.96,-0.016415,1579.77,4739.348
920111,2026-05-22,30.0,0.019368,34499.68,102399.111
920112,2026-05-22,30.42,0.00396,1727.99,5256.853
920116,2026-05-22,68.1,-0.024773999999999997,35133.85,240183.244
920118,2026-05-22,21.0,0.0,4879.78,10263.377
920119,2026-05-22,63.22,-0.006756,7921.29,49992.438
920121,2026-05-22,35.14,0.000285,2846.81,9954.029
920122,2026-05-22,23.87,-0.001255,4524.03,10803.99
920123,2026-05-22,11.73,-0.0225,8735.27,10270.649
920124,2026-05-22,16.23,0.0024709999999999997,22612.49,36510.955
920125,2026-05-22,133.2,0.009091,24616.23,324438.567
920128,2026-05-22,26.5,0.07244,26453.58,69132.393
920130,2026-05-22,17.77,-0.008924,9160.99,16342.996
920132,2026-05-22,13.04,-0.002295,4973.39,6463.986
920139,2026-05-22,19.01,0.00582,57267.81,108495.606
920145,2026-05-22,13.34,0.05205,18828.44,24679.49
920146,2026-05-22,6.37,-0.023006000000000002,16727.01,10759.199
920149,2026-05-22,9.44,-0.008403,8619.74,8114.964
920152,2026-05-22,18.07,0.038506,41543.24,71485.515
920156,2026-05-22,63.15,0.037286,36303.55,226370.47
920158,2026-05-22,10.76,0.009381,18191.21,19558.793
920159,2026-05-22,36.53,-0.015894,10414.94,38124.911
920160,2026-05-22,22.13,-0.002704,7075.72,15634.287
920163,2026-05-22,11.4,-0.012987,8387.78,9607.713
920166,2026-05-22,25.09,0.0,4015.35,10053.457
920167,2026-05-22,19.08,0.011665000000000002,15409.54,29593.441
920168,2026-05-22,20.91,-0.028797000000000003,26894.38,56083.132
920169,2026-05-22,25.35,-0.009766,11796.11,30032.561
920171,2026-05-22,20.33,-0.045988,56135.82,115479.2
920174,2026-05-22,37.6,0.010481,14349.25,53818.787
920175,2026-05-22,9.61,0.0062829999999999995,8288.14,7941.43
920177,2026-05-22,36.04,0.013212999999999999,19834.99,70738.988
920178,2026-05-22,249.12,-0.029529,57705.19,1418859.923
920179,2026-05-22,66.63,0.054439,56679.85,372866.554
920180,2026-05-22,14.47,0.00766,6934.89,10013.617
920181,2026-05-22,108.38,0.030619999999999998,16421.05,175434.187
920183,2026-05-22,41.0,0.007619,7267.67,29654.544
920184,2026-05-22,13.94,-0.021754,18361.17,25802.234
920185,2026-05-22,28.3,0.003546,64729.71,182132.475
920186,2026-05-22,100.5,-0.0049499999999999995,145551.29,1467448.685
920187,2026-05-22,34.89,0.017201,5131.7,17828.805
920188,2026-05-22,28.36,0.020144000000000002,16734.73,46622.409
920190,2026-05-22,22.39,0.011292,10203.47,22711.3
920191,2026-05-22,12.51,-0.001596,28756.57,36011.503
920195,2026-05-22,15.16,0.001983,6669.71,10090.089
920198,2026-05-22,8.99,-0.015334,80004.91,71225.651
920199,2026-05-22,31.91,-0.018154,12680.83,40492.565
920200,2026-05-22,61.31,-0.047094,43830.34,270736.179
920204,2026-05-22,14.98,0.0,5932.39,8853.121
920207,2026-05-22,26.38,0.00687,18997.42,49886.677
920208,2026-05-22,20.9,-0.024731999999999997,12147.35,25413.686
920212,2026-05-22,11.66,-0.008503,6656.75,7775.836
920220,2026-05-22,138.8,3.906327,107151.4,1875174.225
920221,2026-05-22,16.4,0.073298,33614.23,53617.071
920223,2026-05-22,15.72,0.021442000000000003,18240.19,28596.838
920225,2026-05-22,23.97,-0.001666,22852.69,54406.352
920227,2026-05-22,59.58,-0.00201,4118.42,24490.898
920230,2026-05-22,11.12,-0.007143,10636.95,11875.941
920237,2026-05-22,16.79,-0.011772,11343.91,19106.236
920239,2026-05-22,27.66,-0.027426,23887.09,66930.872
920242,2026-05-22,24.5,-0.006085,3846.64,9415.418
920245,2026-05-22,22.87,-0.011241000000000001,4126.07,9448.241
920247,2026-05-22,18.64,-0.003209,16106.91,30048.393
920249,2026-05-22,9.68,0.0,55368.44,53516.521
920252,2026-05-22,22.44,-0.023499,18220.52,41226.812
920260,2026-05-22,8.94,-0.018661,15860.76,14195.363
920261,2026-05-22,14.2,-0.002809,11643.99,16574.048
920262,2026-05-22,15.25,-0.0052190000000000005,3833.45,5835.744
920263,2026-05-22,9.78,-0.002041,7667.56,7436.665
920266,2026-05-22,7.54,0.0,7151.3,5378.835
920267,2026-05-22,17.5,-0.004551,3487.95,6111.552
920270,2026-05-22,16.85,-0.045326000000000005,31627.9,53657.45
920271,2026-05-22,11.6,-0.01528,5618.67,6558.717
920273,2026-05-22,18.1,-0.011469,12027.48,21863.037
920274,2026-05-22,21.19,-0.0065639999999999995,10248.3,21774.849
920275,2026-05-22,6.54,-0.01949,5979.02,3935.204
920278,2026-05-22,7.23,-0.024291,13431.8,9800.143
920284,2026-05-22,32.7,-0.025626000000000003,33158.54,108483.831
920299,2026-05-22,22.65,0.019811000000000002,16575.69,37456.568
920300,2026-05-22,11.15,0.00905,27253.5,31266.915
920304,2026-05-22,11.09,0.011861,9255.23,10170.935
920339,2026-05-22,8.46,0.003559,20438.58,16942.503
920344,2026-05-22,20.43,-0.003415,7111.94,14500.095
920346,2026-05-22,19.53,0.018779,6417.64,12432.151
920351,2026-05-22,14.97,-0.042839,23406.26,35556.066
920357,2026-05-22,19.09,0.03976,20181.24,38356.057
920363,2026-05-22,15.72,-0.006321,9072.07,14234.068
920367,2026-05-22,17.2,-0.012629,7097.16,12238.724
920368,2026-05-22,39.7,0.017949,99621.46,394472.08
920370,2026-05-22,3.2,-0.003115,14332.32,4609.34
920371,2026-05-22,8.24,-0.009615,9404.64,7781.52
920374,2026-05-22,20.15,-0.045928000000000004,28046.47,56317.42
920375,2026-05-22,13.66,-0.007988,35874.73,49595.29
920378,2026-05-22,9.25,0.036996,52100.46,48168.345
920392,2026-05-22,17.61,-0.041893,10754.0,19123.906
920394,2026-05-22,49.24,0.028834,19420.69,94736.879
920395,2026-05-22,9.09,-0.025723,13811.18,12595.879
920396,2026-05-22,26.33,0.004961999999999999,10157.71,26688.16
920402,2026-05-22,10.06,-0.013725000000000001,71839.94,72381.146
920403,2026-05-22,21.48,0.012729999999999998,5646.24,12006.969
920405,2026-05-22,15.33,-0.027901,16872.05,26078.407
920407,2026-05-22,16.56,-0.031011999999999998,8773.7,14657.722
920414,2026-05-22,11.12,-0.003584,22281.53,24668.814
920415,2026-05-22,11.53,-0.011997,19203.92,22141.598
920418,2026-05-22,23.97,-0.002082,18918.47,45196.448
920419,2026-05-22,11.65,-0.014381999999999999,8771.05,10249.475
920422,2026-05-22,10.66,-0.003738,10993.75,11721.036
920425,2026-05-22,26.76,0.030023,30437.99,80382.132
920427,2026-05-22,11.9,-0.02459,18800.93,22350.874
920429,2026-05-22,11.6,-0.02027,13548.86,15881.739
920433,2026-05-22,5.04,0.008,15437.93,7709.359
920436,2026-05-22,13.54,-0.018129,6496.04,8850.17
920438,2026-05-22,68.92,-0.036623,126033.08,856943.424
920445,2026-05-22,8.4,-0.011765000000000001,14464.69,12163.443
920454,2026-05-22,13.85,0.004351,5583.36,7692.672
920455,2026-05-22,7.3,0.0,5759.32,4177.968
920469,2026-05-22,7.13,0.031838000000000005,49582.19,35482.032
920471,2026-05-22,12.96,0.014085,19672.68,25383.249
920475,2026-05-22,14.82,0.0054269999999999995,11768.39,17407.435
920476,2026-05-22,18.15,0.012270000000000001,18212.46,32708.955
920478,2026-05-22,10.13,-0.006863,11174.71,11351.997
920489,2026-05-22,16.18,0.037179000000000004,37210.09,59459.483
920491,2026-05-22,25.13,-0.00985,40361.68,102085.589
920493,2026-05-22,149.8,0.020089000000000003,13759.49,205820.53
920496,2026-05-22,8.15,-0.016888,21918.05,17895.112
920504,2026-05-22,19.98,-0.003491,1936.17,3878.919
920505,2026-05-22,36.3,0.000276,6771.08,24651.546
920508,2026-05-22,17.84,-0.00502,4532.23,8067.387
920509,2026-05-22,34.23,0.060409,41955.4,141604.663
920510,2026-05-22,16.56,0.001209,25455.67,41806.918
920519,2026-05-22,11.46,0.002625,4061.62,4669.144
920522,2026-05-22,49.51,0.047387,53203.55,258415.538
920523,2026-05-22,20.68,-0.007201,9179.88,19036.617
920526,2026-05-22,26.64,0.070309,56454.7,145447.322
920527,2026-05-22,16.0,-0.012346,5336.91,8555.431
920533,2026-05-22,24.38,-0.027911000000000002,33792.39,82929.708
920541,2026-05-22,11.58,-0.007712,11049.03,12799.586
920547,2026-05-22,21.51,0.014622999999999999,2742.12,5840.253
920553,2026-05-22,8.17,-0.014475,8051.92,6611.669
920556,2026-05-22,8.4,-0.009434,18579.5,15678.874
920564,2026-05-22,22.98,0.0,7838.92,17955.383
920566,2026-05-22,10.23,-0.004864,7194.57,7354.104
920570,2026-05-22,28.66,0.014873,6355.42,18372.091
920571,2026-05-22,10.58,-0.030247000000000003,209733.15,223414.541
920575,2026-05-22,3.76,-0.007916,54083.74,20579.096
920576,2026-05-22,65.79,0.023173,16548.05,108441.456
920578,2026-05-22,18.22,-0.032395,11092.17,20405.827
920579,2026-05-22,18.28,-0.034337,19221.14,35713.057
920580,2026-05-22,14.31,0.027279,51632.36,73763.679
920592,2026-05-22,29.63,-0.028525000000000002,18690.18,55733.257
920593,2026-05-22,31.69,-0.008448,58328.35,183774.564
920599,2026-05-22,16.77,-0.022157,43338.67,73164.124
920608,2026-05-22,15.59,0.0038629999999999997,2085.82,3242.054
920627,2026-05-22,18.67,0.0,6902.43,12897.587
920634,2026-05-22,18.18,0.018487,7107.74,12895.615
920639,2026-05-22,7.53,0.00534,22690.15,16980.107
920640,2026-05-22,35.89,0.064985,95592.24,348870.246
920641,2026-05-22,16.64,-0.0035930000000000003,11310.72,18756.951
920642,2026-05-22,12.28,-0.009677,20781.77,25673.196
920651,2026-05-22,24.41,-0.003673,4184.9,10264.448
920656,2026-05-22,14.98,0.002007,4038.74,5988.373
920662,2026-05-22,23.49,0.026212,13991.43,32442.888
920663,2026-05-22,15.72,-0.004433,6516.19,10200.712
920665,2026-05-22,12.95,0.131993,106824.0,136758.192
920670,2026-05-22,15.1,0.004657,13647.98,20552.948
920675,2026-05-22,8.51,-0.002345,11822.32,10085.824
920679,2026-05-22,17.42,0.009855000000000001,2348.03,4076.465
920682,2026-05-22,6.81,-0.007289,34159.58,23323.535
920685,2026-05-22,12.39,-0.008006,5050.63,6253.096
920689,2026-05-22,26.46,-0.000378,5296.03,14018.235
920690,2026-05-22,27.8,-0.007497,20228.06,56259.78
920693,2026-05-22,31.15,0.024671,12049.53,37113.104
920694,2026-05-22,16.43,-0.016168000000000002,7946.82,13095.806
920699,2026-05-22,78.6,0.045213,38183.79,309446.767
920701,2026-05-22,14.65,-0.001363,4213.98,6176.765
920703,2026-05-22,10.89,-0.005479,7652.39,8373.763
920706,2026-05-22,20.88,-0.052202,27764.18,58984.576
920717,2026-05-22,8.41,-0.015222,16264.03,13727.302
920718,2026-05-22,13.4,0.008277,37567.46,50110.498
920719,2026-05-22,10.52,-0.00473,16503.38,17388.44
920720,2026-05-22,11.33,-0.023275999999999998,25266.17,28695.064
920725,2026-05-22,34.7,0.13584300000000002,77424.98,260938.515
920726,2026-05-22,16.42,-0.022037,13411.14,22095.669
920729,2026-05-22,7.65,-0.005202,5998.14,4598.31
920735,2026-05-22,26.06,-0.0026790000000000004,10914.76,28311.192
920748,2026-05-22,30.78,-0.007737000000000001,6276.04,19281.143
920751,2026-05-22,23.18,0.046029,11365.15,25969.726
920753,2026-05-22,17.27,-0.001734,2934.77,5099.781
920765,2026-05-22,14.4,0.007698,11693.21,16856.418
920768,2026-05-22,11.96,0.004198,9061.31,10788.662
920770,2026-05-22,13.38,-0.008889000000000001,22169.12,29828.037
920779,2026-05-22,30.31,-0.007206000000000001,5080.33,15425.524
920781,2026-05-22,6.83,-0.01585,18778.97,12859.925
920786,2026-05-22,7.43,0.0040539999999999994,30237.24,22346.672
920790,2026-05-22,20.89,-0.023375,12896.29,27067.421
920792,2026-05-22,10.68,-0.001869,5615.42,5999.328
920799,2026-05-22,31.93,-0.051396,49821.69,160646.634
920802,2026-05-22,13.75,-0.024822999999999998,8430.96,11591.952
920806,2026-05-22,11.31,-0.027515,35971.71,40891.723
920807,2026-05-22,10.79,0.014098,29107.34,31093.71
920808,2026-05-22,83.56,0.032115,26285.4,217353.762
920809,2026-05-22,9.24,0.020994000000000002,180918.11,165055.789
920810,2026-05-22,10.24,0.005894,7396.8,7552.742
920819,2026-05-22,3.12,0.003215,53172.58,16536.474
920821,2026-05-22,23.28,0.056741,30594.2,70982.515
920826,2026-05-22,10.06,0.017189,24108.32,23870.974
920832,2026-05-22,6.27,-0.006339,7751.83,4852.276
920833,2026-05-22,14.52,-0.003432,9635.58,13942.458
920834,2026-05-22,11.57,-0.009418,10436.7,12114.333
920837,2026-05-22,12.08,-0.021862,10292.53,12506.573
920839,2026-05-22,29.84,-0.006327,5540.67,16613.592
920855,2026-05-22,15.04,0.051748,13870.16,20590.255
920856,2026-05-22,11.29,-0.00878,5742.7,6471.812
920857,2026-05-22,16.75,0.019477,10718.07,18095.026
920866,2026-05-22,7.05,0.002845,12129.7,8527.397
920870,2026-05-22,14.97,-0.007952,11341.65,16939.389
920871,2026-05-22,13.18,0.0,4970.02,6497.137
920873,2026-05-22,8.51,0.025301,27014.0,22947.108
920876,2026-05-22,20.8,-0.014218,7960.81,16753.03
920879,2026-05-22,16.92,0.0005909999999999999,10884.25,18431.161
920885,2026-05-22,15.97,-0.016626000000000002,30391.91,48705.506
920892,2026-05-22,13.24,-0.013413,6293.7,8356.595
920895,2026-05-22,14.63,-0.004084,4354.19,6352.621
920896,2026-05-22,16.13,-0.002474,5343.61,8630.185
920906,2026-05-22,22.08,0.003636,7615.75,16725.732
920914,2026-05-22,22.97,0.016822,14485.77,33034.067
920924,2026-05-22,19.21,-0.00826,16015.55,30876.806
920925,2026-05-22,13.67,-0.018665,13751.94,18902.236
920926,2026-05-22,13.51,-0.003687,4553.99,6114.614
920931,2026-05-22,11.52,0.0,5154.77,5869.449
920932,2026-05-22,13.98,-0.015493,16243.33,22711.557
920942,2026-05-22,22.49,-0.016616,9395.74,21355.701
920943,2026-05-22,15.5,-0.012739,7697.74,12000.779
920946,2026-05-22,9.64,-0.0051600000000000005,20329.02,19625.176
920950,2026-05-22,15.38,0.013175,2972.12,4549.117
920953,2026-05-22,28.25,0.006054,7966.04,22388.083
920957,2026-05-22,10.85,-0.026032000000000003,7902.33,8644.482
920961,2026-05-22,18.38,0.008228,18211.62,33256.344
920964,2026-05-22,5.34,-0.003731,13045.42,6968.201
920970,2026-05-22,6.62,0.0030299999999999997,13569.23,8942.531
920971,2026-05-22,34.44,0.093333,80689.2,271483.786
920974,2026-05-22,7.61,0.006614,18245.2,13792.049
920976,2026-05-22,28.77,0.007705999999999999,8116.52,23210.035
920978,2026-05-22,23.94,0.00041799999999999997,22355.24,53212.028
920981,2026-05-22,38.34,0.07095,41796.3,156702.222
920982,2026-05-22,158.37,-0.011917,5540.41,87788.023
920985,2026-05-22,6.07,-0.009788,31558.69,19189.196
920992,2026-05-22,14.02,-0.008487,6098.58,8605.209
