symbol,date,close,ret,vol,amount
000001,2026-01-12,11.48,0.0017449999999999998,855212.98,979700.148
000002,2026-01-12,4.88,-0.016129,1990730.11,971866.995
000004,2026-01-12,10.61,0.002836,31789.0,33619.299
000006,2026-01-12,9.87,-0.027586,645665.7,635706.457
000007,2026-01-12,11.87,-0.025452,165867.73,197532.682
000008,2026-01-12,3.21,0.042207999999999996,1807934.55,572078.823
000009,2026-01-12,10.26,0.0009760000000000001,489985.78,498975.408
000010,2026-01-12,3.83,0.007895,426026.0,164194.134
000011,2026-01-12,9.03,-0.007692,72253.33,65147.702
000012,2026-01-12,4.55,0.008869,235260.04,106520.346
000014,2026-01-12,13.72,-0.016487,131434.81,179637.756
000016,2026-01-12,5.13,0.011834,495511.59,252573.151
000017,2026-01-12,8.1,0.013767,192715.92,155208.995
000019,2026-01-12,7.03,0.010057,112885.0,78791.672
000020,2026-01-12,14.89,0.004723,106239.51,159153.299
000021,2026-01-12,27.5,0.026501999999999998,1160805.11,3183046.509
000025,2026-01-12,18.23,0.005516,107258.66,194743.341
000026,2026-01-12,17.41,0.000575,168981.17,293890.088
000027,2026-01-12,6.71,0.00299,282731.3,188976.73
000028,2026-01-12,25.11,0.0035970000000000004,38714.5,97074.589
000029,2026-01-12,22.18,-0.028471000000000003,85567.74,191357.637
000030,2026-01-12,5.61,0.001786,203136.65,113263.281
000031,2026-01-12,2.89,-0.006873000000000001,231433.01,66875.361
000032,2026-01-12,22.82,0.048232,583145.14,1303961.763
000034,2026-01-12,42.4,0.03163,415737.44,1748826.234
000035,2026-01-12,5.81,0.003454,369100.0,212694.006
000036,2026-01-12,6.85,0.017831,1768223.32,1225540.598
000037,2026-01-12,8.72,0.0057669999999999996,85412.0,74293.319
000039,2026-01-12,9.63,-0.007216,614793.01,591318.269
000042,2026-01-12,8.49,-0.01049,113446.01,97308.199
000045,2026-01-12,12.53,0.007235,103781.77,129128.947
000048,2026-01-12,15.79,-0.0025269999999999997,148552.44,235723.63
000049,2026-01-12,27.14,-0.006952000000000001,143454.0,385688.797
000050,2026-01-12,10.33,0.0078049999999999994,1193599.51,1221003.828
000055,2026-01-12,4.2,0.0,139179.86,58233.771
000056,2026-01-12,2.11,0.009569,387331.94,81515.192
000058,2026-01-12,9.9,0.019567,221884.8,218124.968
000059,2026-01-12,5.52,0.003636,262425.6,143638.925
000060,2026-01-12,6.5,-0.0015359999999999998,2431246.0,1583786.024
000061,2026-01-12,9.9,-0.014924999999999999,264648.82,260045.641
000062,2026-01-12,25.95,0.030171,237402.0,610740.997
000063,2026-01-12,42.44,0.054934000000000004,2592930.63,10812097.16
000065,2026-01-12,12.33,-0.004039,251579.08,308401.681
000066,2026-01-12,16.62,0.099934,1250240.37,2055695.662
000068,2026-01-12,3.46,0.002899,173466.88,60081.69
000069,2026-01-12,2.59,-0.003846,723809.75,187082.284
000070,2026-01-12,13.17,0.051077000000000004,1621532.23,2098851.021
000078,2026-01-12,3.71,0.008152,1666680.25,615082.553
000088,2026-01-12,4.53,0.008909,261046.49,117469.578
000089,2026-01-12,7.02,0.007174000000000001,148555.52,103925.576
000090,2026-01-12,3.78,-0.0026390000000000003,331453.9,125174.783
000096,2026-01-12,10.68,0.013283,100541.53,106708.685
000099,2026-01-12,22.36,0.042423999999999996,401382.73,886240.946
000100,2026-01-12,4.77,0.002101,5748808.48,2745439.79
000151,2026-01-12,12.43,0.013866,71807.67,88796.526
000153,2026-01-12,6.5,0.0015409999999999998,90582.2,58766.957
000155,2026-01-12,12.59,0.017785,485267.8,612498.383
000156,2026-01-12,8.66,0.042118,488512.81,419598.967
000157,2026-01-12,8.87,0.035006,1500715.63,1338629.753
000158,2026-01-12,22.35,0.055241,1268157.69,2787341.257
000159,2026-01-12,6.3,-0.045454999999999995,862597.44,545987.198
000166,2026-01-12,5.43,0.014953000000000001,1563564.65,843980.07
000301,2026-01-12,10.61,-0.005623,185352.58,197424.799
000333,2026-01-12,78.62,-0.014416,525014.1,4117420.887
000338,2026-01-12,18.84,0.027263000000000003,1511400.55,2838312.332
000400,2026-01-12,27.74,0.000722,376211.88,1041957.093
000401,2026-01-12,4.57,0.013304,161916.01,74038.504
000402,2026-01-12,2.82,-0.0070420000000000005,270730.84,76342.953
000403,2026-01-12,14.49,0.009756,141925.11,204272.54
000404,2026-01-12,6.9,0.004366999999999999,111707.78,76920.2
000407,2026-01-12,5.03,-0.00396,591843.82,296044.606
000408,2026-01-12,85.41,-0.020640000000000002,220584.59,1895993.326
000409,2026-01-12,12.24,0.03641,323948.88,391982.126
000410,2026-01-12,7.79,0.014322999999999999,420810.1,327004.074
000411,2026-01-12,12.81,-0.010811,186999.72,238513.98
000415,2026-01-12,4.09,-0.028504,1268883.02,526725.915
000417,2026-01-12,8.36,0.012107000000000001,651748.86,537838.23
000419,2026-01-12,6.55,-0.0015240000000000002,208387.49,135715.949
000420,2026-01-12,4.77,0.032468,2085987.46,986165.872
000421,2026-01-12,6.94,-0.004304,179002.0,123750.761
000422,2026-01-12,14.76,-0.01006,503308.76,739928.396
000423,2026-01-12,49.8,-0.002803,56039.7,279440.639
000425,2026-01-12,11.68,-0.010169,832092.75,977402.715
000426,2026-01-12,45.4,0.074048,925650.77,4125624.489
000428,2026-01-12,3.42,0.014837,238295.77,81240.474
000429,2026-01-12,11.59,0.009582,65711.95,75911.185
000430,2026-01-12,7.64,-0.005208000000000001,55966.5,42730.277
000488,2026-01-12,2.16,-0.009174,271204.54,58622.573
000498,2026-01-12,6.1,0.004941999999999999,160160.58,97186.176
000501,2026-01-12,11.11,0.000901,701470.18,761988.811
000503,2026-01-12,11.61,0.100474,1025024.29,1173780.22
000504,2026-01-12,8.52,-0.036199,49309.0,42720.016
000505,2026-01-12,8.01,0.013924,461901.57,367622.706
000506,2026-01-12,13.86,0.009467999999999999,378854.0,527656.047
000507,2026-01-12,5.36,0.009416,151313.67,80505.897
000509,2026-01-12,3.5,0.017442,242756.5,84403.208
000510,2026-01-12,13.93,0.038003,675413.26,923648.484
000513,2026-01-12,36.31,-0.0073809999999999995,85432.1,310334.734
000514,2026-01-12,5.1,0.0,166903.42,84734.825
000516,2026-01-12,5.12,0.03854,1181598.42,599306.985
000517,2026-01-12,1.84,0.0,213680.29,39264.271
000518,2026-01-12,2.46,-0.004049,97459.11,23960.168
000519,2026-01-12,19.89,0.011699,745392.83,1477370.779
000520,2026-01-12,4.68,0.0,240865.26,112162.492
000521,2026-01-12,6.77,0.013472999999999999,137559.34,92711.211
000523,2026-01-12,3.99,0.01269,1032321.74,408691.329
000524,2026-01-12,12.47,0.014646,143816.2,178181.704
000525,2026-01-12,5.51,-0.0036170000000000004,216178.94,118820.464
000526,2026-01-12,40.99,0.028607,46192.59,186993.073
000528,2026-01-12,11.94,-0.002506,358306.74,427457.689
000529,2026-01-12,6.09,0.00995,86013.4,52111.854
000530,2026-01-12,7.64,0.033829,721434.79,545980.493
000531,2026-01-12,6.95,0.011645,212887.83,148576.151
000532,2026-01-12,18.23,0.053757,595797.8,1096261.078
000533,2026-01-12,9.21,0.0032679999999999996,801022.48,733583.651
000534,2026-01-12,23.21,0.02382,307685.4,703607.607
000536,2026-01-12,5.23,0.015534,1649254.61,856270.438
000537,2026-01-12,8.37,0.00601,157527.88,131224.951
000538,2026-01-12,56.9,-0.007327,114806.64,654669.434
000539,2026-01-12,4.57,0.004396,207082.92,94138.931
000541,2026-01-12,6.37,0.007911,233896.61,148554.373
000543,2026-01-12,8.63,0.029833,705030.71,606437.168
000544,2026-01-12,8.42,0.007177,66243.7,55528.251
000545,2026-01-12,3.21,0.015823,669746.62,213850.634
000546,2026-01-12,7.02,0.062027,929962.0,651085.432
000547,2026-01-12,40.0,0.058761,5667598.29,22222330.344
000548,2026-01-12,5.47,0.0,103012.0,56324.704
000550,2026-01-12,18.34,0.0071389999999999995,42172.77,76989.23
000551,2026-01-12,15.42,0.034899,660919.45,1010738.285
000552,2026-01-12,2.38,-0.004184,729612.9,172813.85
000553,2026-01-12,5.71,0.010619,129788.2,73874.332
000554,2026-01-12,6.73,-0.011747,326437.94,218688.46
000555,2026-01-12,19.98,0.07767,1514970.17,2906262.954
000557,2026-01-12,5.02,0.006012,111326.38,55699.301
000558,2026-01-12,5.31,0.011429,540897.93,285509.62
000559,2026-01-12,20.45,0.030227,3590693.54,7328936.398
000560,2026-01-12,2.98,0.006757,1338119.85,396005.193
000561,2026-01-12,14.19,0.074186,1204805.73,1663565.943
000563,2026-01-12,3.63,0.025424000000000002,1274107.83,460520.906
000564,2026-01-12,2.55,0.02,4969495.29,1254205.573
000565,2026-01-12,7.9,0.040843,285733.2,222727.783
000566,2026-01-12,7.47,0.010825,1606406.06,1202565.333
000567,2026-01-12,6.33,0.001582,358989.23,226955.147
000568,2026-01-12,119.29,0.020794,129641.17,1541177.178
000570,2026-01-12,5.67,0.007105,105143.33,59343.62
000571,2026-01-12,6.02,-0.017945,298816.17,179942.234
000572,2026-01-12,7.69,0.009186,1582941.58,1214521.054
000573,2026-01-12,4.21,-0.0023699999999999997,162476.48,68236.738
000576,2026-01-12,11.26,0.008961,181844.22,203237.534
000581,2026-01-12,20.73,0.00436,156329.69,322235.774
000582,2026-01-12,9.53,0.002103,392065.67,371947.884
000586,2026-01-12,13.42,0.01283,77333.46,103566.435
000589,2026-01-12,5.09,0.003945000000000001,286172.5,145355.462
000590,2026-01-12,11.53,-0.003457,41914.93,48275.346
000591,2026-01-12,4.63,0.019823999999999998,860660.95,395934.856
000592,2026-01-12,15.43,0.030728,3764752.57,5671571.379
000593,2026-01-12,14.39,0.10015299999999999,342136.15,478731.24
000595,2026-01-12,6.27,-0.006339,238041.2,149815.709
000596,2026-01-12,141.73,0.029416,48020.8,675378.836
000597,2026-01-12,5.4,0.005587,155225.0,83500.448
000598,2026-01-12,7.1,-0.005602,310291.02,219559.369
000599,2026-01-12,6.35,-0.00626,208976.0,132524.61
000600,2026-01-12,8.7,-0.002294,267111.42,232315.367
000601,2026-01-12,4.9,0.022965,255288.33,123571.499
000603,2026-01-12,37.55,0.082133,377040.15,1386918.505
000605,2026-01-12,6.88,0.005848,51682.4,35461.05
000607,2026-01-12,4.81,0.080899,935939.16,442731.775
000609,2026-01-12,8.92,-0.050053,193109.0,174430.361
000610,2026-01-12,12.72,0.012739,130842.3,165664.478
000612,2026-01-12,13.31,0.1,1292706.53,1668515.329
000615,2026-01-12,3.3,-0.011976,155213.63,51265.112
000617,2026-01-12,9.97,0.018386,2261877.24,2253133.101
000619,2026-01-12,6.29,0.011254,106328.91,66473.58
000620,2026-01-12,3.25,-0.006116,4390635.24,1422545.749
000623,2026-01-12,20.33,0.005938,215524.73,435653.166
000625,2026-01-12,11.95,0.008439,1039763.24,1238021.415
000626,2026-01-12,8.17,0.009889,113493.0,92106.455
000628,2026-01-12,52.49,0.026196999999999998,187316.42,976726.163
000629,2026-01-12,3.63,0.013966000000000001,2785587.85,1002886.116
000630,2026-01-12,5.93,0.003384,4432249.16,2629685.792
000631,2026-01-12,3.37,-0.01173,259075.8,87231.593
000632,2026-01-12,5.65,-0.001767,465998.53,262550.666
000633,2026-01-12,7.6,-0.005235999999999999,208012.0,157688.508
000635,2026-01-12,9.73,0.004128,110608.0,107293.982
000636,2026-01-12,17.85,0.024096000000000003,401783.96,709930.34
000637,2026-01-12,4.35,-0.006848999999999999,158379.02,68748.411
000638,2026-01-12,5.06,0.049793000000000004,52138.03,26051.959
000639,2026-01-12,3.42,0.027027000000000002,757350.96,256088.091
000650,2026-01-12,6.18,0.021488,764365.1,468505.768
000651,2026-01-12,40.53,0.001235,393084.1,1588322.792
000652,2026-01-12,4.29,0.011792,382593.8,162008.958
000655,2026-01-12,9.77,-0.011134,129076.03,126231.774
000656,2026-01-12,1.46,-0.006803,833280.22,121431.841
000657,2026-01-12,32.47,-0.012769999999999998,841169.37,2721674.245
000659,2026-01-12,4.44,0.05463199999999999,952922.69,419119.861
000661,2026-01-12,103.57,0.057915999999999995,169426.49,1725379.525
000663,2026-01-12,7.75,0.025131999999999998,159215.02,122524.337
000665,2026-01-12,6.19,0.035116999999999995,943276.01,578967.183
000668,2026-01-12,11.51,-0.020426000000000003,45123.0,53274.396
000669,2026-01-12,2.91,-0.006826,133411.03,38764.278
000672,2026-01-12,13.48,0.042537000000000005,367453.97,484731.2
000676,2026-01-12,10.22,0.08033799999999999,1674026.52,1671806.07
000677,2026-01-12,4.48,0.020501000000000002,291340.26,129750.474
000678,2026-01-12,15.82,0.015404,527683.29,829708.177
000679,2026-01-12,7.55,0.002656,100431.15,75697.299
000680,2026-01-12,12.51,0.003208,175970.86,219271.624
000681,2026-01-12,28.62,0.099923,126993.56,363455.569
000682,2026-01-12,12.81,0.017474,350768.43,444835.986
000683,2026-01-12,7.37,-0.023841,645350.69,476375.925
000685,2026-01-12,12.12,-0.005742000000000001,268319.95,323935.046
000686,2026-01-12,9.8,0.012397,758488.24,736134.498
000688,2026-01-12,27.81,-0.005009,294019.26,825106.897
000690,2026-01-12,4.48,0.039443,1187683.3,527285.504
000691,2026-01-12,9.45,0.05,736.0,695.52
000692,2026-01-12,3.6,0.014085,196623.59,70079.456
000695,2026-01-12,13.39,-0.017608,221767.65,296727.002
000697,2026-01-12,8.85,-0.015572999999999998,139144.01,123684.751
000698,2026-01-12,3.75,-0.00266,101002.91,37834.465
000700,2026-01-12,14.0,-0.014085,843432.63,1180900.931
000701,2026-01-12,6.94,0.051515000000000005,453798.36,309265.464
000702,2026-01-12,6.81,0.008889000000000001,60203.91,40803.435
000703,2026-01-12,10.27,-0.020972,447991.35,461273.376
000705,2026-01-12,9.35,0.011904999999999999,95546.0,88789.259
000707,2026-01-12,6.28,0.00641,83111.42,52082.07
000708,2026-01-12,15.82,-0.004405,156525.13,248147.389
000709,2026-01-12,2.41,0.008368,1134690.76,273913.607
000710,2026-01-12,13.14,0.037915000000000004,266674.0,346029.162
000711,2026-01-12,1.7,-0.005848,436605.2,74238.681
000712,2026-01-12,12.76,0.015924,292947.21,370686.059
000713,2026-01-12,6.84,0.00885,121517.96,82438.96
000715,2026-01-12,6.47,0.01252,253318.44,161907.003
000716,2026-01-12,6.35,0.009538999999999999,429154.83,269731.457
000717,2026-01-12,2.67,0.022989000000000002,395475.05,104876.643
000718,2026-01-12,2.4,0.004184,469717.06,112016.36
000719,2026-01-12,12.99,0.05695700000000001,226837.12,289288.044
000720,2026-01-12,3.38,0.015015,211998.76,71293.117
000721,2026-01-12,9.33,0.019672000000000002,304368.82,282047.906
000722,2026-01-12,12.16,0.00579,98872.95,119887.703
000723,2026-01-12,4.99,0.006048,957106.47,473764.684
000725,2026-01-12,4.46,0.011337999999999999,8673354.26,3880721.785
000726,2026-01-12,7.22,0.002778,112180.94,80730.667
000727,2026-01-12,2.74,0.037879,1585432.87,428261.685
000728,2026-01-12,8.69,0.006952000000000001,582877.1,503737.307
000729,2026-01-12,12.07,-0.010656,227260.28,273330.858
000731,2026-01-12,6.7,-0.00149,73451.41,49009.017
000733,2026-01-12,58.82,0.034107,385278.67,2243272.219
000735,2026-01-12,8.46,-0.010526,926151.31,782423.181
000736,2026-01-12,5.54,-0.014235,111784.66,61961.378
000737,2026-01-12,15.76,-0.005051,905193.74,1423360.669
000738,2026-01-12,24.87,0.066009,865443.04,2092636.978
000739,2026-01-12,16.25,-0.00733,84874.51,137888.781
000750,2026-01-12,4.42,0.030303,1861159.64,813591.156
000751,2026-01-12,4.37,-0.006817999999999999,802248.66,350005.295
000752,2026-01-12,10.7,-0.023723,45112.08,48488.45
000753,2026-01-12,7.79,-0.0012820000000000002,537980.79,419185.095
000755,2026-01-12,5.07,0.011976,96440.38,48589.119
000756,2026-01-12,16.05,-0.002486,178019.75,284848.672
000757,2026-01-12,4.97,0.01222,101507.0,50173.642
000758,2026-01-12,7.02,-0.0014219999999999999,792998.13,555006.253
000759,2026-01-12,8.3,0.013431,1009484.62,825585.785
000761,2026-01-12,3.42,0.020895999999999998,203056.53,69213.487
000762,2026-01-12,28.52,0.018208,333695.09,954028.872
000766,2026-01-12,27.87,0.099842,468580.87,1297198.791
000767,2026-01-12,2.91,0.013937,406635.47,117415.892
000768,2026-01-12,30.58,0.020354,1000990.69,3060783.968
000776,2026-01-12,22.71,0.017929,979912.97,2196495.287
000777,2026-01-12,30.86,0.080154,562546.06,1713529.707
000778,2026-01-12,4.32,0.016471,934396.19,401731.541
000779,2026-01-12,8.53,0.007084,55920.5,47587.781
000782,2026-01-12,5.27,0.041502,305010.69,157633.195
000783,2026-01-12,8.76,0.013889,1020953.15,886486.781
000785,2026-01-12,3.28,0.100671,2285319.69,730985.052
000786,2026-01-12,25.89,0.0007729999999999999,125372.64,323865.936
000788,2026-01-12,6.54,-0.001527,262266.8,170268.195
000789,2026-01-12,5.37,0.003738,65041.8,34883.807
000790,2026-01-12,3.96,0.007633999999999999,198581.15,78142.772
000791,2026-01-12,6.58,0.006116,223231.05,145879.301
000792,2026-01-12,31.96,0.021739,1288928.61,4143726.935
000793,2026-01-12,2.72,0.018727,446091.78,119201.305
000795,2026-01-12,10.41,0.006770000000000001,290595.57,300755.057
000796,2026-01-12,6.6,-0.0015129999999999998,1303116.74,856942.96
000797,2026-01-12,3.66,-0.049351000000000006,1278891.72,473459.904
000798,2026-01-12,12.05,-0.01873,610683.71,727806.693
000799,2026-01-12,57.63,0.011585000000000002,117485.21,674834.498
000800,2026-01-12,6.91,0.011713,236264.82,161975.454
000801,2026-01-12,18.51,0.036975,529191.06,968574.431
000802,2026-01-12,4.81,0.045652,571064.99,271901.375
000803,2026-01-12,9.01,0.100122,352844.68,316315.423
000807,2026-01-12,33.24,-0.008649,708020.64,2374610.09
000809,2026-01-12,3.42,-0.005814000000000001,243864.07,83325.599
000810,2026-01-12,12.92,0.032774,307142.78,393477.728
000811,2026-01-12,16.38,0.010487,478004.2,772736.116
000812,2026-01-12,4.82,0.010482,322541.34,155144.271
000813,2026-01-12,3.99,0.0,466400.71,186529.196
000815,2026-01-12,12.38,0.028239,328889.09,404155.965
000816,2026-01-12,3.74,0.010811,764740.51,284850.232
000818,2026-01-12,22.07,0.046964,431523.05,940594.65
000819,2026-01-12,16.24,-0.002457,88654.4,143449.944
000820,2026-01-12,3.73,0.0,164482.68,61966.889
000821,2026-01-12,14.3,0.02289,651842.28,930739.244
000822,2026-01-12,5.52,-0.001808,187534.11,103389.004
000823,2026-01-12,14.53,0.01822,347647.95,502704.136
000825,2026-01-12,5.57,0.029575,2265755.89,1266115.315
000826,2026-01-12,2.29,0.008811,585354.9,133743.792
000828,2026-01-12,10.96,0.004583,88342.77,96502.988
000829,2026-01-12,11.9,0.050309,685756.4,798456.071
000830,2026-01-12,16.72,-0.012987,291170.47,486444.703
000831,2026-01-12,54.1,0.039585,709113.83,3778273.31
000833,2026-01-12,20.04,-0.017165,391445.07,780427.279
000837,2026-01-12,13.52,0.015015,315110.26,423746.454
000838,2026-01-12,3.02,-0.04731900000000001,1042208.54,316531.638
000839,2026-01-12,2.78,0.022059000000000002,805191.12,222490.592
000848,2026-01-12,8.62,0.007009,142581.95,122415.898
000850,2026-01-12,6.03,0.013445,565020.97,340191.68
000852,2026-01-12,7.83,0.010323,587315.63,456671.775
000856,2026-01-12,10.49,0.018447,63247.0,65836.03
000858,2026-01-12,108.55,0.01316,233356.07,2526732.764
000859,2026-01-12,13.5,0.021179999999999997,2354063.85,3182246.409
000860,2026-01-12,15.01,0.009415,107764.44,161066.945
000862,2026-01-12,6.05,-0.00165,221500.29,133297.811
000863,2026-01-12,6.03,-0.063665,1042566.1,637312.736
000868,2026-01-12,5.09,0.007921000000000001,163169.79,82727.799
000869,2026-01-12,20.91,0.002397,13008.5,27141.963
000875,2026-01-12,5.91,0.015464,746232.48,439039.299
000876,2026-01-12,9.28,0.00216,315919.71,292085.017
000877,2026-01-12,5.48,0.001828,237833.66,129778.661
000878,2026-01-12,22.17,-0.000451,1272405.34,2805946.201
000880,2026-01-12,33.25,0.009105,521925.73,1767812.118
000881,2026-01-12,9.59,0.030074999999999998,437484.92,414855.303
000882,2026-01-12,2.1,0.004785,1448088.2,301492.717
000883,2026-01-12,4.6,0.004366999999999999,210255.01,96314.787
000885,2026-01-12,13.98,0.001433,64196.33,89429.496
000886,2026-01-12,6.97,0.059271000000000004,903343.72,627954.018
000887,2026-01-12,23.11,0.000866,487094.83,1119228.708
000888,2026-01-12,13.38,0.009811,153443.24,204038.839
000889,2026-01-12,3.94,0.100559,506265.64,195894.966
000890,2026-01-12,5.82,0.100189,461049.64,263775.852
000892,2026-01-12,8.98,0.10049,643615.4,565999.899
000893,2026-01-12,49.67,-0.024165000000000002,145106.52,720382.23
000895,2026-01-12,25.81,-0.003475,82920.6,213885.196
000897,2026-01-12,2.31,0.0,311832.52,71887.217
000898,2026-01-12,2.59,0.011719,522187.16,135271.202
000899,2026-01-12,10.36,0.013699,176299.41,180897.419
000900,2026-01-12,4.15,0.004843,181131.62,74856.577
000901,2026-01-12,35.0,0.086957,1778604.42,6014760.211
000902,2026-01-12,15.8,-0.010025,133855.05,211595.767
000903,2026-01-12,2.73,0.014870000000000001,466321.38,126515.91
000905,2026-01-12,14.15,0.012159999999999999,547468.19,773020.776
000906,2026-01-12,5.99,0.00335,76572.24,45728.983
000908,2026-01-12,8.19,0.05,31741.29,25996.117
000909,2026-01-12,5.44,-0.003663,38645.04,21071.914
000910,2026-01-12,7.75,0.0,57655.2,44850.967
000911,2026-01-12,7.51,0.0,86307.0,64596.642
000912,2026-01-12,4.28,0.0046949999999999995,119514.74,51021.327
000913,2026-01-12,15.81,0.011516,76147.38,119051.702
000915,2026-01-12,33.18,-0.0027050000000000004,38830.26,128271.211
000917,2026-01-12,13.27,0.100332,1923455.91,2521486.277
000919,2026-01-12,7.8,-0.0063690000000000005,185203.1,143559.032
000920,2026-01-12,12.8,0.000782,77065.01,98455.753
000921,2026-01-12,24.91,0.007279,107274.45,266806.019
000922,2026-01-12,15.28,0.058905000000000006,238467.83,359305.79
000923,2026-01-12,22.8,-0.002625,231474.86,530850.371
000925,2026-01-12,9.79,0.061822,1172084.49,1146139.749
000926,2026-01-12,2.32,0.0,382300.36,88445.146
000927,2026-01-12,2.68,0.011321000000000001,779123.01,207034.195
000928,2026-01-12,6.67,0.0030080000000000003,333274.44,221748.053
000929,2026-01-12,9.5,-0.020619000000000002,46901.0,44689.12
000930,2026-01-12,5.98,0.0,163288.2,97376.75
000931,2026-01-12,5.04,0.003984,117838.25,59048.521
000932,2026-01-12,5.69,0.012456,1184865.69,670932.593
000933,2026-01-12,29.73,-0.011636,429811.01,1282058.426
000935,2026-01-12,27.92,0.011594,97147.91,268093.329
000936,2026-01-12,9.03,-0.001106,924476.34,835646.107
000937,2026-01-12,5.5,0.0,224154.27,122966.461
000938,2026-01-12,27.0,0.042069,1200377.12,3215014.56
000948,2026-01-12,19.24,0.031083,251023.61,477255.478
000949,2026-01-12,6.16,0.016502,683993.94,415944.499
000950,2026-01-12,6.24,-0.011094,740935.75,461381.026
000951,2026-01-12,16.92,0.001776,129760.36,218410.305
000952,2026-01-12,8.49,0.0,256352.57,216683.587
000953,2026-01-12,7.36,0.001361,109009.73,80216.985
000955,2026-01-12,5.98,0.010135,374412.59,224012.515
000957,2026-01-12,11.45,0.005268,173602.07,198496.579
000958,2026-01-12,6.72,0.002985,626396.5,419228.38
000959,2026-01-12,5.21,0.063265,758736.76,394019.862
000960,2026-01-12,35.89,0.061205999999999997,673410.45,2356424.207
000962,2026-01-12,39.12,0.045989,542836.56,2034719.293
000963,2026-01-12,39.52,-0.0027760000000000003,120845.87,477776.545
000965,2026-01-12,4.09,0.0,358047.85,146017.398
000966,2026-01-12,4.37,0.009238,248966.6,108208.245
000967,2026-01-12,7.0,-0.018233,463942.85,326344.958
000968,2026-01-12,6.96,-0.005714,147537.7,102539.951
000969,2026-01-12,27.71,0.10003999999999999,735010.66,2013381.287
000970,2026-01-12,14.26,0.010631,460714.76,652917.458
000972,2026-01-12,3.99,-0.012376,97947.63,39083.956
000973,2026-01-12,13.74,-0.015054000000000001,538853.84,742632.757
000975,2026-01-12,25.72,0.011006,374053.88,963721.479
000977,2026-01-12,70.77,0.027141000000000002,829484.73,5843510.239
000978,2026-01-12,7.18,0.002793,114777.01,82389.289
000980,2026-01-12,3.55,-0.022039,1359879.03,483829.597
000981,2026-01-12,5.13,0.100858,16851033.48,8480262.742
000983,2026-01-12,7.06,0.010014,728569.16,513768.76
000985,2026-01-12,20.01,0.009586,46464.95,92680.593
000987,2026-01-12,10.84,0.070089,3208183.84,3464724.386
000988,2026-01-12,84.35,0.015898000000000002,616703.19,5167837.248
000989,2026-01-12,9.11,0.003304,106283.43,96497.164
000990,2026-01-12,8.19,0.002448,182604.68,149301.824
000993,2026-01-12,12.89,0.032853,230207.95,293434.288
000995,2026-01-12,13.0,0.012461,87935.57,113704.548
000997,2026-01-12,29.17,0.039929,293891.91,845467.882
000998,2026-01-12,9.58,0.0031409999999999997,192397.58,183718.5
000999,2026-01-12,28.88,-0.00756,115628.91,333839.362
001201,2026-01-12,14.79,0.002712,34167.48,50452.475
001202,2026-01-12,17.67,0.100249,89365.39,154608.14
001203,2026-01-12,29.75,0.065544,464378.01,1378179.288
001205,2026-01-12,16.6,-0.0036009999999999996,55218.6,91565.659
001206,2026-01-12,28.38,-0.023399999999999997,59392.97,168869.622
001207,2026-01-12,24.4,-0.00041,69411.0,166337.41
001208,2026-01-12,31.05,0.07069,1170965.13,3555645.493
001209,2026-01-12,21.29,0.012362999999999999,43659.15,92898.332
001210,2026-01-12,21.05,-0.015435,46605.12,97781.263
001211,2026-01-12,27.37,0.00699,27556.6,75128.647
001212,2026-01-12,50.88,-0.024727000000000002,70764.1,362192.295
001213,2026-01-12,4.13,0.004866,153320.04,63066.653
001215,2026-01-12,45.6,-0.033284,62152.64,285618.629
001216,2026-01-12,17.95,0.003915,93037.0,165687.013
001217,2026-01-12,13.35,-0.0059570000000000005,145914.0,193843.624
001218,2026-01-12,23.47,0.008595,17714.6,41443.954
001219,2026-01-12,15.33,0.043567,225038.03,351720.3
001221,2026-01-12,59.15,-0.004879,19016.19,111802.269
001222,2026-01-12,23.23,0.008246999999999999,28336.2,65016.558
001223,2026-01-12,55.75,0.026324999999999998,17750.2,98447.252
001225,2026-01-12,80.95,0.100014,13610.45,106315.401
001226,2026-01-12,47.9,0.065628,36026.0,171717.624
001227,2026-01-12,2.34,0.0,595668.01,139200.665
001228,2026-01-12,26.58,-0.004494000000000001,23482.04,62057.875
001229,2026-01-12,42.3,0.022975,52058.34,219133.676
001230,2026-01-12,23.19,0.000863,50015.62,115967.275
001231,2026-01-12,24.73,-0.018651,94988.44,233408.013
001233,2026-01-12,68.63,0.035143,76944.85,526192.553
001234,2026-01-12,27.98,0.004668,26673.83,74158.082
001236,2026-01-12,11.02,0.019426000000000002,187077.19,205210.639
001238,2026-01-12,52.73,-0.035309,12330.57,65766.397
001239,2026-01-12,16.59,0.004237,43269.17,71673.88
001255,2026-01-12,37.71,0.10005800000000001,53487.52,189775.774
001256,2026-01-12,21.56,0.0,19607.0,42244.755
001258,2026-01-12,7.41,0.0054269999999999995,167299.48,123249.382
001259,2026-01-12,30.68,0.05611,32906.0,99795.763
001260,2026-01-12,20.02,0.003509,18988.02,37930.657
001266,2026-01-12,36.39,0.051734,132016.15,470948.217
001267,2026-01-12,22.4,-0.044775999999999996,691088.27,1550921.137
001268,2026-01-12,35.82,0.026949999999999998,34164.57,121550.022
001269,2026-01-12,24.5,0.020833,32786.22,80295.392
001270,2026-01-12,122.84,0.050004,2641.04,32442.535
001277,2026-01-12,40.41,0.0007430000000000001,10642.36,42940.023
001278,2026-01-12,19.85,0.035472000000000004,40803.02,79722.653
001279,2026-01-12,35.74,0.014476,15993.6,57113.29
001280,2026-01-12,68.55,0.001315,329519.3,2253504.791
001282,2026-01-12,22.18,0.035481,69258.41,151448.819
001283,2026-01-12,70.99,-0.024192,54183.31,384484.845
001285,2026-01-12,61.51,-0.00966,51700.15,318394.748
001286,2026-01-12,9.68,-0.01626,309669.29,298735.292
001287,2026-01-12,24.25,0.030160999999999997,308625.88,737630.391
001288,2026-01-12,31.6,-0.015269999999999999,35168.6,111340.661
001289,2026-01-12,15.66,0.013592,67539.26,105022.499
001296,2026-01-12,29.29,0.036814,157330.04,458413.712
001298,2026-01-12,31.47,0.024413999999999998,137315.76,427387.099
001299,2026-01-12,12.87,0.0007779999999999999,86089.0,110502.452
001300,2026-01-12,17.28,0.029796999999999997,49854.32,85630.547
001301,2026-01-12,83.18,-0.020259,55866.12,462584.578
001306,2026-01-12,87.68,0.022269,20804.5,179752.156
001308,2026-01-12,21.91,0.022875999999999997,39795.28,86514.282
001309,2026-01-12,239.99,0.021017,122735.18,2910154.436
001311,2026-01-12,32.63,-0.024805999999999998,99224.36,322519.765
001313,2026-01-12,7.38,0.006821000000000001,145806.42,106298.198
001314,2026-01-12,47.64,0.049569999999999996,66266.0,311825.048
001316,2026-01-12,43.48,0.053805,85648.87,361664.131
001317,2026-01-12,56.31,0.032832,79756.63,443770.317
001318,2026-01-12,15.99,0.016529000000000002,109535.53,173741.545
001319,2026-01-12,27.5,0.009174,46717.0,127675.817
001322,2026-01-12,8.64,0.006993,78566.72,67359.539
001323,2026-01-12,25.85,0.003104,13026.99,33590.817
001324,2026-01-12,19.05,0.005277,37190.73,70606.298
001325,2026-01-12,50.31,0.0035909999999999996,21881.15,109718.024
001326,2026-01-12,53.83,0.040998,25858.47,137268.174
001328,2026-01-12,38.24,-0.024241000000000002,19485.16,74883.089
001330,2026-01-12,8.28,0.035,1543784.37,1271379.241
001331,2026-01-12,58.63,0.001366,225476.59,1318056.1
001332,2026-01-12,64.06,0.009932,34492.21,217481.788
001333,2026-01-12,22.55,0.010758,38506.4,86242.483
001335,2026-01-12,47.06,-0.015481,28954.68,135699.451
001336,2026-01-12,26.08,0.015181,41799.1,108256.47
001337,2026-01-12,29.99,0.01489,192004.97,573530.132
001338,2026-01-12,12.36,0.0,96357.89,118477.106
001339,2026-01-12,55.96,0.032853,100783.29,559254.397
001356,2026-01-12,13.39,0.006767,43254.86,57676.21
001358,2026-01-12,26.2,0.0007639999999999999,18201.6,47552.83
001359,2026-01-12,69.92,-0.000286,20894.07,145739.098
001360,2026-01-12,22.25,-0.048332,122766.0,277717.579
001366,2026-01-12,13.29,0.006056000000000001,30540.37,40476.369
001367,2026-01-12,22.95,0.010123,15152.72,34621.504
001368,2026-01-12,25.22,0.014480999999999999,20954.69,52356.918
001369,2026-01-12,15.32,0.005909,314856.23,480518.862
001373,2026-01-12,37.95,-0.013261,50057.98,188715.754
001376,2026-01-12,16.47,-0.025444,231912.83,381084.723
001378,2026-01-12,24.07,0.016041,25182.46,60171.516
001379,2026-01-12,25.36,0.018474,133095.91,334655.784
001380,2026-01-12,23.77,0.017987,41192.55,97345.783
001382,2026-01-12,20.88,0.0052959999999999995,37474.33,77901.726
001386,2026-01-12,23.22,-0.00172,104491.1,242234.072
001387,2026-01-12,14.41,0.015504,61177.97,87300.147
001388,2026-01-12,44.5,0.012975,20617.17,91191.322
001389,2026-01-12,83.6,0.020756999999999998,95632.31,785018.721
001390,2026-01-12,25.06,0.002801,48823.41,121748.985
001391,2026-01-12,6.07,0.01675,450777.93,272476.945
001395,2026-01-12,43.84,0.002515,16091.08,70110.047
001396,2026-01-12,40.34,0.001987,40290.28,161956.973
001400,2026-01-12,121.7,0.071397,66029.06,783289.112
001696,2026-01-12,23.25,0.034253,427895.21,987798.212
001872,2026-01-12,19.37,0.003107,27863.45,53840.165
001896,2026-01-12,6.01,0.100733,406075.97,239796.76
001914,2026-01-12,11.25,-0.006183999999999999,81887.4,92209.227
001965,2026-01-12,9.81,0.0010199999999999999,141899.59,139216.439
001979,2026-01-12,9.13,-0.005447,670581.42,614909.654
002001,2026-01-12,25.36,-0.007436000000000001,263251.02,668245.475
002003,2026-01-12,10.45,0.004808,86670.28,90071.593
002004,2026-01-12,4.9,0.002045,339979.92,165719.2
002005,2026-01-12,2.84,0.028986,388890.0,110777.496
002006,2026-01-12,23.78,0.018852,469285.65,1109640.808
002007,2026-01-12,15.58,-0.0044729999999999995,214254.12,332632.606
002008,2026-01-12,44.21,-0.004279,472384.46,2076564.677
002009,2026-01-12,23.01,0.031839,988375.95,2239762.787
002010,2026-01-12,6.53,0.039809000000000004,855175.34,555229.992
002011,2026-01-12,13.18,0.013846,211485.18,277404.734
002012,2026-01-12,6.33,-0.006279,131114.0,83181.261
002014,2026-01-12,11.79,0.0,26972.6,31827.823
002015,2026-01-12,10.78,0.029608,388332.33,416280.062
002016,2026-01-12,5.9,0.001698,123514.32,72592.963
002017,2026-01-12,27.71,0.10003999999999999,765261.02,2066698.071
002019,2026-01-12,13.02,0.01087,184550.17,238358.634
002020,2026-01-12,19.1,-0.060038999999999995,403997.24,770010.423
002021,2026-01-12,2.83,0.040441000000000005,648227.12,181142.947
002022,2026-01-12,6.27,0.014563,81162.48,50757.441
002023,2026-01-12,15.39,0.036364,1209536.63,1839692.047
002024,2026-01-12,1.65,-0.011976,636903.98,103973.88
002025,2026-01-12,70.74,0.07573,613647.03,4208417.467
002026,2026-01-12,14.89,0.0,185097.55,274837.531
002027,2026-01-12,8.04,0.042802,3153411.91,2501879.387
002028,2026-01-12,159.29,-0.0016300000000000002,77294.14,1223096.143
002029,2026-01-12,13.85,-0.013533,933751.8,1306133.074
002030,2026-01-12,6.41,0.007862000000000001,245007.64,156847.825
002031,2026-01-12,8.57,0.042579000000000006,2956068.31,2518831.86
002032,2026-01-12,44.4,0.0029370000000000004,36219.09,159919.356
002033,2026-01-12,9.35,0.005376,165923.31,155220.649
002034,2026-01-12,16.21,-0.0006169999999999999,41330.22,66931.725
002035,2026-01-12,6.3,0.00639,94791.52,59480.775
002036,2026-01-12,12.87,0.049755,1422173.77,1801655.308
002037,2026-01-12,9.77,0.005143999999999999,101064.08,98274.189
002038,2026-01-12,7.85,0.0,243662.02,190958.185
002039,2026-01-12,18.11,0.006111,64419.31,116805.772
002040,2026-01-12,10.15,0.011963999999999999,137550.73,138686.142
002041,2026-01-12,9.84,0.005107,139935.69,137009.57
002042,2026-01-12,4.45,0.030093,416965.24,183892.39
002043,2026-01-12,13.5,-0.006623,92861.5,124729.276
002044,2026-01-12,6.74,0.099511,374321.71,252292.833
002045,2026-01-12,15.38,0.041299999999999996,385328.29,584819.007
002046,2026-01-12,51.03,0.100022,407442.89,2054537.367
002047,2026-01-12,3.91,-0.0225,287750.0,113844.778
002048,2026-01-12,30.66,0.007890000000000001,310739.86,949946.476
002050,2026-01-12,57.0,-0.00245,2779437.55,15827514.843
002051,2026-01-12,8.81,-0.002265,228360.56,200211.742
002052,2026-01-12,13.25,-0.022861,439638.0,585567.501
002053,2026-01-12,11.94,0.0042049999999999995,109094.09,129505.141
002054,2026-01-12,8.31,0.06812299999999999,597863.13,490323.522
002055,2026-01-12,5.67,0.0,904753.17,514103.073
002056,2026-01-12,20.23,-0.0014810000000000001,365216.24,732037.698
002057,2026-01-12,10.71,0.000935,271763.67,290254.81
002058,2026-01-12,23.64,-0.04639,50359.86,119805.704
002059,2026-01-12,5.52,0.016575,292671.14,160404.911
002060,2026-01-12,3.69,0.00545,255579.96,94063.89
002061,2026-01-12,4.07,0.007426,326097.17,132090.222
002062,2026-01-12,9.32,0.019694,468834.77,442375.901
002063,2026-01-12,6.68,0.042122,979924.68,645647.861
002064,2026-01-12,11.79,-0.0175,330638.49,389498.668
002065,2026-01-12,10.36,0.05071,1727689.02,1765210.761
002066,2026-01-12,20.79,0.098257,138156.28,267799.548
002067,2026-01-12,5.79,0.041367,1485135.8,853799.385
002068,2026-01-12,9.19,0.0,144076.74,131693.92
002069,2026-01-12,3.84,-0.002597,175907.63,67191.704
002072,2026-01-12,7.56,-0.019455,169350.09,127136.467
002073,2026-01-12,8.55,0.023952,365206.65,309449.291
002074,2026-01-12,40.08,-0.023153999999999997,749139.79,2987545.987
002075,2026-01-12,5.8,0.0051990000000000005,603423.1,349698.597
002076,2026-01-12,2.15,-0.040179,482830.0,105099.904
002077,2026-01-12,15.92,0.018554,292475.23,461609.668
002078,2026-01-12,15.66,-0.0025480000000000004,285982.17,444577.012
002079,2026-01-12,10.03,0.014156,280772.01,280157.061
002080,2026-01-12,36.8,-0.007016,593988.12,2166927.438
002081,2026-01-12,3.7,0.024931000000000002,713386.6,262940.244
002082,2026-01-12,16.56,0.100332,376113.21,615106.056
002083,2026-01-12,13.36,0.019069,1287404.4,1749228.55
002084,2026-01-12,4.05,0.009975000000000001,295216.08,118716.934
002085,2026-01-12,16.99,0.030947,936676.71,1578896.129
002086,2026-01-12,2.43,0.008298999999999999,695270.87,167736.397
002088,2026-01-12,12.49,0.100441,265037.87,326479.321
002090,2026-01-12,12.75,-0.013158000000000001,298510.12,381978.99
002091,2026-01-12,9.05,0.0,347242.83,312722.299
002092,2026-01-12,5.42,0.013084,1125143.89,614412.053
002093,2026-01-12,12.7,0.047855,664193.89,833371.622
002094,2026-01-12,7.93,0.043421,731121.05,572138.199
002095,2026-01-12,19.65,0.046326,120774.14,234276.011
002096,2026-01-12,13.45,-0.0037040000000000003,100337.0,134597.927
002097,2026-01-12,12.95,0.021293000000000003,619962.8,796237.765
002098,2026-01-12,11.03,0.09316200000000001,504805.61,545753.04
002099,2026-01-12,7.4,0.030640999999999998,582924.74,427938.91
002100,2026-01-12,7.24,-0.009576,379023.47,273140.221
002101,2026-01-12,12.6,0.008807,124422.03,155934.934
002102,2026-01-12,3.5,0.014493,483049.36,168155.713
002103,2026-01-12,10.43,0.10021100000000001,677849.43,688430.968
002104,2026-01-12,20.29,0.021137000000000003,718627.71,1446628.598
002105,2026-01-12,7.58,0.028494000000000002,136885.0,102668.98
002106,2026-01-12,11.38,0.016071,177919.15,201592.645
002107,2026-01-12,7.37,0.001359,209337.92,155074.768
002108,2026-01-12,5.13,0.001953,861028.31,438331.434
002109,2026-01-12,3.84,0.013193,177922.7,68229.156
002110,2026-01-12,4.44,0.016017999999999998,367056.0,162870.063
002111,2026-01-12,10.96,0.019535,149177.4,162443.933
002112,2026-01-12,15.89,0.015335000000000001,644995.27,1030564.135
002114,2026-01-12,9.1,-0.002193,291445.62,264931.218
002115,2026-01-12,16.19,0.099864,567845.72,913356.157
002116,2026-01-12,10.56,0.007633999999999999,77334.03,81297.663
002117,2026-01-12,12.67,0.047107,415736.29,522210.023
002119,2026-01-12,18.8,0.006424,466631.62,872529.268
002120,2026-01-12,6.96,0.004329,362961.58,251102.802
002121,2026-01-12,8.19,0.00738,619089.74,504405.061
002122,2026-01-12,3.13,0.033003,648729.84,201606.169
002123,2026-01-12,14.29,0.044591000000000006,1075999.17,1507460.733
002124,2026-01-12,2.75,-0.003623,569812.52,156035.752
002125,2026-01-12,14.65,0.010345,355724.79,515617.38
002126,2026-01-12,38.99,-0.028892,280041.68,1089911.094
002127,2026-01-12,3.52,0.063444,1176858.21,408628.828
002128,2026-01-12,29.26,-0.018121,165931.89,490704.444
002129,2026-01-12,9.13,0.030474,1682889.88,1531738.436
002130,2026-01-12,28.26,0.010367999999999999,1083680.61,3021288.292
002131,2026-01-12,8.21,0.100536,305211.91,250578.978
002132,2026-01-12,3.66,0.033898000000000005,501319.46,181404.878
002133,2026-01-12,3.48,-0.005714,216812.0,75477.196
002134,2026-01-12,25.9,-0.029599,196696.52,509860.504
002135,2026-01-12,5.12,0.005894,260878.02,134183.799
002136,2026-01-12,12.97,0.031002000000000002,183242.61,234801.323
002137,2026-01-12,9.08,0.014525,196116.01,176667.583
002138,2026-01-12,38.12,0.021984,251725.01,948027.879
002139,2026-01-12,14.41,0.026353,456530.38,651153.476
002140,2026-01-12,11.77,0.008569,109541.22,128388.716
002141,2026-01-12,3.72,0.0026950000000000003,226186.23,83812.661
002142,2026-01-12,28.07,-0.002842,340297.3,954701.376
002144,2026-01-12,12.99,0.006977,68648.18,89502.208
002145,2026-01-12,5.04,0.0,853241.48,428004.567
002146,2026-01-12,1.82,-0.026737999999999998,4459003.11,826500.989
002148,2026-01-12,9.44,0.017241,343516.8,321652.676
002149,2026-01-12,51.61,0.020364,1175657.37,6014982.985
002150,2026-01-12,19.97,-0.031522999999999995,276863.42,554465.026
002151,2026-01-12,66.9,0.099967,1177180.41,7626503.193
002152,2026-01-12,14.02,0.022611,599332.42,832177.75
002153,2026-01-12,12.92,0.077565,1312634.34,1672197.307
002154,2026-01-12,3.97,0.012755,358585.39,141382.477
002156,2026-01-12,42.26,0.010280000000000001,1181022.89,5003059.154
002157,2026-01-12,3.28,0.003058,1878916.14,611357.765
002158,2026-01-12,26.49,0.032346,214479.04,563440.066
002159,2026-01-12,15.4,0.004566,36058.0,55493.281
002160,2026-01-12,5.84,0.0017150000000000002,845826.91,491873.459
002161,2026-01-12,8.12,0.06422,680854.69,547275.078
002162,2026-01-12,5.41,0.040385,909644.62,488586.357
002163,2026-01-12,20.01,0.004014,1729274.12,3486724.465
002164,2026-01-12,14.99,-0.007942,263517.66,394806.032
002165,2026-01-12,8.05,0.022872,458069.88,365477.743
002166,2026-01-12,8.72,0.008092,209041.84,181048.375
002167,2026-01-12,13.48,0.0,463016.54,620135.339
002168,2026-01-12,4.07,-0.007317000000000001,71218.36,28981.563
002169,2026-01-12,11.53,-0.054917999999999995,817352.02,956190.54
002170,2026-01-12,12.27,-0.017614,545764.74,669231.45
002171,2026-01-12,15.64,0.099859,2239062.41,3386053.655
002172,2026-01-12,4.18,0.002398,251557.0,105174.693
002173,2026-01-12,36.99,0.067841,1928313.29,7024985.719
002174,2026-01-12,13.63,0.036502,636944.11,856792.449
002175,2026-01-12,4.68,0.02407,770091.85,357067.564
002176,2026-01-12,10.39,0.028713000000000002,896245.08,929122.293
002177,2026-01-12,9.92,0.059829,3087117.08,2994669.997
002178,2026-01-12,6.99,0.040179,508897.88,353006.586
002179,2026-01-12,40.58,0.043456,1109640.3,4482077.227
002180,2026-01-12,21.82,0.01347,263834.29,575712.353
002181,2026-01-12,11.09,0.100198,1531503.83,1638225.188
002182,2026-01-12,17.24,0.005248,448644.9,777921.096
002183,2026-01-12,5.3,0.037182,1354306.06,715031.856
002184,2026-01-12,14.0,0.025640999999999997,159302.66,221150.634
002185,2026-01-12,12.14,0.036721,1589164.27,1911185.569
002186,2026-01-12,12.06,0.016007,95425.3,114779.256
002187,2026-01-12,8.91,0.025316,1291187.22,1156187.802
002188,2026-01-12,6.53,0.023511,253502.13,163983.289
002189,2026-01-12,25.35,0.050559,138764.14,346923.32
002190,2026-01-12,41.14,0.0138,297695.0,1197707.367
002191,2026-01-12,4.68,0.08837199999999999,1063272.2,490099.023
002192,2026-01-12,57.46,0.026621000000000002,200058.73,1151593.859
002193,2026-01-12,5.41,0.020755,101448.0,54607.955
002194,2026-01-12,14.5,0.036455,667208.68,955283.553
002195,2026-01-12,11.39,0.10048299999999999,9316134.85,10342034.106
002196,2026-01-12,15.57,0.010383,1019208.33,1575087.101
002197,2026-01-12,10.76,0.029665,322478.8,343359.309
002198,2026-01-12,7.27,-0.010884,149505.74,108829.026
002199,2026-01-12,9.81,-0.023881,76486.02,75473.119
002200,2026-01-12,7.48,0.0026810000000000002,19760.0,14739.884
002201,2026-01-12,12.13,0.042992,1197222.68,1447607.5
002202,2026-01-12,35.13,0.099875,3796193.6,13189513.603
002203,2026-01-12,14.41,0.025623,1087944.48,1553415.562
002204,2026-01-12,8.13,0.030417999999999997,993614.63,801510.504
002205,2026-01-12,13.9,-0.001437,68208.55,94719.35
002206,2026-01-12,6.24,0.009709,333469.83,205287.984
002207,2026-01-12,8.2,-0.017964,327491.55,268308.032
002208,2026-01-12,13.65,-0.023605,1013004.62,1400270.936
002209,2026-01-12,16.18,-0.013415,76565.01,124167.332
002210,2026-01-12,3.51,0.008621,1253252.84,436404.159
002211,2026-01-12,3.33,0.0,63949.39,21331.95
002212,2026-01-12,10.17,0.06715600000000001,1152835.28,1145637.016
002213,2026-01-12,28.66,0.035031,376486.35,1074919.126
002214,2026-01-12,18.77,-0.008452,54298.2,102436.648
002215,2026-01-12,11.4,0.042047999999999995,317878.36,355950.723
002216,2026-01-12,11.71,0.017376,93251.71,108815.21
002217,2026-01-12,3.25,0.038339,2909378.44,933683.426
002218,2026-01-12,4.84,0.043102999999999995,1670864.85,814170.331
002219,2026-01-12,2.27,0.031818,1152300.62,258763.528
002221,2026-01-12,8.31,-0.001202,202559.26,167433.359
002222,2026-01-12,72.12,0.039043,475504.52,3505691.158
002223,2026-01-12,43.45,0.076561,352695.34,1505548.695
002224,2026-01-12,4.53,0.004435,210030.68,94774.15
002225,2026-01-12,6.11,-0.008117,303333.05,185741.3
002226,2026-01-12,6.02,0.0,374828.39,225000.925
002227,2026-01-12,12.55,0.007223,59502.43,74234.52
002228,2026-01-12,5.01,0.054737,2087934.22,1051449.902
002229,2026-01-12,17.25,0.027397,593898.98,1014126.811
002230,2026-01-12,59.6,0.071942,1997931.35,11794942.724
002231,2026-01-12,1.15,-0.049587000000000006,419189.1,48548.89
002232,2026-01-12,20.97,0.045884999999999995,260231.91,537117.387
002233,2026-01-12,9.02,-0.0011070000000000001,129801.03,116456.236
002234,2026-01-12,9.02,0.013483,80750.61,72182.082
002235,2026-01-12,11.14,0.036279,862538.94,946949.239
002236,2026-01-12,20.61,0.047256,1144828.17,2328617.872
002237,2026-01-12,14.42,0.01264,491089.38,706155.817
002238,2026-01-12,8.96,0.039443,289810.75,257647.028
002239,2026-01-12,3.09,0.026578,1289067.63,392973.53
002240,2026-01-12,37.1,0.053678,690452.23,2543813.023
002241,2026-01-12,30.56,0.02139,1526505.62,4621470.936
002242,2026-01-12,10.79,0.029580000000000002,166782.68,178302.61
002243,2026-01-12,11.65,0.021034,756243.83,886491.681
002244,2026-01-12,10.25,-0.008704,309146.84,315216.492
002245,2026-01-12,18.49,0.023243,798096.85,1480155.303
002246,2026-01-12,20.12,-0.019493,262789.29,529351.854
002247,2026-01-12,2.87,0.007018,209519.0,59709.501
002248,2026-01-12,12.83,0.0054859999999999996,415538.37,530565.29
002249,2026-01-12,11.2,0.019108,1583766.47,1752136.272
002250,2026-01-12,17.69,0.077345,753710.9,1334548.946
002251,2026-01-12,5.7,0.025179999999999998,2206830.87,1240806.483
002252,2026-01-12,6.52,0.0077280000000000005,406574.32,264286.661
002253,2026-01-12,10.88,-0.012704,62313.65,67541.656
002254,2026-01-12,12.5,0.042534999999999996,458801.6,565300.232
002255,2026-01-12,15.02,0.016238,2024029.39,2964303.225
002256,2026-01-12,3.84,0.04918,1492261.02,565257.177
002258,2026-01-12,14.4,0.034483,341384.23,489306.839
002259,2026-01-12,3.87,0.005195,184043.1,70936.994
002261,2026-01-12,36.88,0.050712,1864621.8,6805692.617
002262,2026-01-12,24.48,-0.005282,142082.13,348893.734
002263,2026-01-12,3.51,0.020349,774263.07,269952.72
002264,2026-01-12,10.23,0.054639,1275231.56,1295196.174
002265,2026-01-12,28.3,0.01361,201236.15,564353.881
002266,2026-01-12,4.57,0.006608,1702958.41,772976.298
002267,2026-01-12,7.64,0.005263,108692.87,82671.412
002268,2026-01-12,23.76,0.09898199999999999,869590.76,2022315.631
002269,2026-01-12,1.98,0.010204,1045014.57,204857.566
002270,2026-01-12,27.37,-0.009051,115113.5,313351.727
002271,2026-01-12,14.64,0.0,348094.65,507145.554
002272,2026-01-12,17.1,0.023952,655647.77,1110899.695
002273,2026-01-12,26.17,0.021069,603267.15,1555320.538
002274,2026-01-12,5.76,0.0,103641.05,59605.897
002275,2026-01-12,14.48,0.0027700000000000003,32995.5,47617.659
002276,2026-01-12,17.22,0.011156999999999999,610356.68,1043561.204
002277,2026-01-12,8.27,0.018473,830332.67,678010.747
002278,2026-01-12,14.44,0.030692,1257641.63,1828897.292
002279,2026-01-12,9.74,0.03838,1856506.84,1795383.279
002281,2026-01-12,75.32,0.043358,507385.29,3801409.931
002282,2026-01-12,7.57,0.005312,80528.0,60881.118
002283,2026-01-12,6.33,0.0,211413.0,133586.736
002284,2026-01-12,15.53,0.000644,246007.13,382362.813
002285,2026-01-12,3.03,-0.016234,940743.11,285808.861
002286,2026-01-12,9.67,0.005198,117629.01,113362.305
002287,2026-01-12,24.62,0.0028510000000000002,35820.99,87834.845
002289,2026-01-12,29.29,-0.010473,41483.31,122431.422
002290,2026-01-12,53.27,0.038807,89681.42,477338.917
002291,2026-01-12,7.6,0.067416,1566472.74,1169422.623
002292,2026-01-12,10.85,0.086086,1409337.44,1464257.365
002293,2026-01-12,9.5,-0.001052,90338.45,86149.114
002294,2026-01-12,53.65,-0.018478,72115.95,385154.94
002295,2026-01-12,12.61,-0.0070869999999999995,118203.63,149320.344
002296,2026-01-12,13.11,0.054706000000000005,1047392.01,1356786.91
002297,2026-01-12,13.0,0.038339,928549.96,1197535.846
002298,2026-01-12,11.64,0.037433,855971.74,983567.939
002299,2026-01-12,16.69,0.005422,154320.33,254110.316
002300,2026-01-12,10.03,0.035088,991589.83,985580.273
002301,2026-01-12,8.18,0.018680000000000002,367273.91,299146.291
002302,2026-01-12,6.3,0.00639,134369.46,84370.741
002303,2026-01-12,4.14,0.007299,276041.24,113786.173
002304,2026-01-12,63.2,0.009585,51157.3,323235.629
002305,2026-01-12,2.25,-0.017467,374831.0,84644.074
002306,2026-01-12,2.03,-0.028708,292667.8,59402.793
002307,2026-01-12,5.03,-0.007890000000000001,467055.91,233687.264
002309,2026-01-12,2.98,0.017065,1268408.69,376186.049
002310,2026-01-12,2.28,0.00885,765070.09,172334.351
002311,2026-01-12,52.98,-0.009905,79527.86,420711.139
002312,2026-01-12,11.47,0.011464,469376.76,534628.772
002313,2026-01-12,11.06,0.042413,153087.01,166776.416
002314,2026-01-12,2.94,0.003413,430072.32,125710.729
002315,2026-01-12,58.3,0.09442500000000001,363503.43,2076842.601
002316,2026-01-12,6.28,0.099825,535688.96,334206.229
002317,2026-01-12,21.85,0.0018340000000000001,656987.48,1433224.175
002318,2026-01-12,29.93,0.032781,219150.53,647725.057
002319,2026-01-12,12.4,-0.013524000000000001,79496.02,98656.397
002320,2026-01-12,11.29,0.0017749999999999999,665532.69,746654.834
002321,2026-01-12,2.42,0.012552,418577.01,100458.423
002322,2026-01-12,12.93,0.023753000000000003,92680.74,118747.011
002323,2026-01-12,1.73,0.017647,727371.14,125471.257
002324,2026-01-12,23.9,0.048246000000000004,2262471.76,5229606.436
002326,2026-01-12,26.0,-0.00345,752502.25,1970831.141
002327,2026-01-12,6.77,0.008942,62438.1,41970.775
002328,2026-01-12,7.2,0.028571,461690.07,329879.442
002329,2026-01-12,4.04,0.004975,519477.65,208353.467
002330,2026-01-12,4.99,0.004024,196866.67,97723.98
002331,2026-01-12,9.48,0.019355,184523.82,173962.366
002332,2026-01-12,9.29,0.006501,150644.14,139362.912
002333,2026-01-12,6.01,-0.004967,163199.0,98085.832
002334,2026-01-12,9.29,0.017525,342842.32,316711.071
002335,2026-01-12,66.13,-0.004066,541498.7,3572827.519
002337,2026-01-12,6.75,0.010479,241640.3,161390.053
002338,2026-01-12,67.9,0.082417,229623.54,1503622.687
002339,2026-01-12,9.81,0.016579999999999998,444376.32,430232.366
002340,2026-01-12,8.82,0.005701,3139411.44,2752901.942
002342,2026-01-12,12.08,0.10018200000000001,162176.9,195909.695
002343,2026-01-12,8.01,0.066578,433753.2,340373.059
002344,2026-01-12,4.98,0.0060609999999999995,335070.92,167025.153
002345,2026-01-12,12.48,-0.010308999999999999,201546.99,252892.174
002346,2026-01-12,21.2,0.018741,105779.0,223174.919
002347,2026-01-12,13.72,0.040182,1680157.83,2275816.868
002348,2026-01-12,6.11,0.021739,428113.0,263236.222
002349,2026-01-12,7.67,0.019947,231979.04,176280.247
002350,2026-01-12,8.77,-0.013498000000000001,264291.98,232048.349
002351,2026-01-12,13.19,0.061142,460144.28,600558.652
002352,2026-01-12,39.01,0.001026,279380.16,1088650.344
002353,2026-01-12,74.56,-0.024083999999999998,155525.68,1158329.208
002354,2026-01-12,8.08,0.09932,3391447.87,2650101.041
002355,2026-01-12,6.89,0.028357999999999998,653596.97,447063.033
002356,2026-01-12,4.15,0.012195000000000001,736057.0,303400.235
002357,2026-01-12,11.06,-0.0125,122556.0,135701.053
002358,2026-01-12,5.84,0.008636,404899.99,235302.518
002360,2026-01-12,4.97,0.002016,91751.21,45695.619
002361,2026-01-12,16.8,0.076923,2885971.05,4687985.405
002362,2026-01-12,24.12,0.055118,189710.88,450500.945
002363,2026-01-12,10.57,0.036275,507181.92,531928.837
002364,2026-01-12,32.97,0.042694,948299.44,3179843.102
002365,2026-01-12,15.76,-0.004422,86373.5,135546.263
002366,2026-01-12,9.23,0.050057,3712995.4,3362027.435
002367,2026-01-12,7.94,-0.017327,194554.34,155575.9
002368,2026-01-12,27.04,0.05625,314089.09,835709.497
002369,2026-01-12,9.31,0.034444,421317.52,387926.964
002370,2026-01-12,7.61,-0.023107000000000003,497537.31,379464.104
002371,2026-01-12,501.85,0.008744,111783.55,5639229.615
002372,2026-01-12,10.44,0.000959,106471.95,110821.51
002373,2026-01-12,13.52,0.03443,1004883.77,1344466.319
002374,2026-01-12,3.89,0.018325,807167.0,311585.237
002375,2026-01-12,4.17,0.004819,265643.28,110224.876
002376,2026-01-12,7.99,0.021739,279093.18,221248.956
002377,2026-01-12,2.94,0.0,212180.4,62067.738
002378,2026-01-12,16.65,-0.018278000000000003,1103731.83,1824947.579
002379,2026-01-12,28.37,0.024188,341009.61,960437.785
002380,2026-01-12,31.2,0.064846,180343.04,549452.222
002381,2026-01-12,6.79,0.008915,63160.02,42593.722
002382,2026-01-12,6.07,0.039384,283463.93,170241.658
002383,2026-01-12,15.17,0.046207000000000005,1136256.29,1700453.592
002384,2026-01-12,78.44,-0.037073,694096.93,5381528.871
002385,2026-01-12,4.1,0.004902,891881.97,363561.175
002386,2026-01-12,5.62,0.008977,398899.85,223447.626
002387,2026-01-12,9.06,0.016835,295663.31,266411.602
002389,2026-01-12,29.15,0.06348,1346384.59,3859163.895
002390,2026-01-12,3.35,0.015152,366604.8,121976.632
002391,2026-01-12,6.07,0.004967,68970.18,41734.562
002392,2026-01-12,8.9,0.054501999999999995,394611.69,346348.408
002393,2026-01-12,22.06,-0.007647,33268.94,73459.697
002394,2026-01-12,19.97,0.100275,258096.94,508811.475
002395,2026-01-12,17.4,0.001151,34153.38,59432.127
002396,2026-01-12,31.7,0.011810000000000001,306510.05,965480.888
002397,2026-01-12,4.0,-0.004975,230421.54,91530.927
002398,2026-01-12,5.98,0.027490999999999998,351348.01,208779.865
002399,2026-01-12,12.34,0.002437,45170.62,55474.347
002400,2026-01-12,11.41,0.100289,2971368.34,3334989.924
002401,2026-01-12,17.39,0.050121,171441.45,294500.145
002402,2026-01-12,42.68,0.065136,1044669.26,4418588.991
002403,2026-01-12,13.06,0.023511,74375.1,96436.12
002404,2026-01-12,7.08,0.020173,167441.02,117872.49
002405,2026-01-12,11.1,0.062201000000000006,2300801.56,2499161.27
002406,2026-01-12,8.18,0.016149,291276.0,238447.26
002407,2026-01-12,32.65,-0.008503,1130359.27,3702544.283
002408,2026-01-12,4.97,0.00404,251258.35,124529.271
002409,2026-01-12,89.4,0.029954,273166.28,2445667.961
002410,2026-01-12,14.26,0.086062,1108724.02,1554245.21
002412,2026-01-12,6.81,0.013392999999999999,117991.9,79434.956
002413,2026-01-12,20.13,0.1,4944535.84,9516633.913
002414,2026-01-12,16.79,0.034504,1889432.48,3160669.94
002415,2026-01-12,31.64,0.045605,1177043.45,3693297.953
002416,2026-01-12,13.88,0.017595,557019.38,766517.25
002418,2026-01-12,5.17,0.017717,974799.0,501278.21
002419,2026-01-12,6.22,0.031509,867334.69,530351.431
002420,2026-01-12,7.87,0.0025480000000000004,293893.0,229126.175
002421,2026-01-12,3.15,0.064189,1459949.45,451900.992
002422,2026-01-12,33.95,0.003251,262659.93,875822.493
002423,2026-01-12,12.22,0.018333,307593.88,373790.41
002424,2026-01-12,4.18,-0.021077,473013.0,198163.434
002425,2026-01-12,4.22,0.034314,551908.11,230296.922
002426,2026-01-12,3.93,0.059299,2936033.61,1138284.105
002427,2026-01-12,6.84,0.011834,255858.51,174455.262
002428,2026-01-12,41.0,0.053443,1472098.48,5924529.377
002429,2026-01-12,8.31,0.07225799999999999,2466578.0,1980177.149
002430,2026-01-12,34.47,0.036379999999999996,298362.11,1015241.856
002431,2026-01-12,2.88,0.047272999999999996,2161736.45,616005.947
002432,2026-01-12,42.31,0.013413,123969.9,523482.378
002434,2026-01-12,9.64,0.038793,510864.72,483224.417
002436,2026-01-12,22.98,0.021787,1012950.65,2345278.498
002437,2026-01-12,3.21,0.003125,650846.72,207766.595
002438,2026-01-12,16.9,0.03681,302428.26,506996.637
002439,2026-01-12,15.62,0.044118000000000004,448494.83,690977.526
002440,2026-01-12,7.88,0.011553,210472.42,165744.143
002441,2026-01-12,9.58,0.001045,109735.09,104690.365
002442,2026-01-12,6.31,-0.001582,102770.15,64712.35
002443,2026-01-12,8.86,0.10062099999999999,450485.78,382109.871
002444,2026-01-12,37.53,0.008329,135731.21,503905.072
002445,2026-01-12,2.73,0.018657,987270.48,267724.798
002446,2026-01-12,13.37,0.100412,1526032.55,1952188.986
002448,2026-01-12,12.89,-0.020516999999999997,267206.11,344784.028
002449,2026-01-12,8.91,0.017123,191354.55,168749.672
002451,2026-01-12,11.23,0.025571,792650.15,878012.301
002452,2026-01-12,8.69,-0.001149,169255.0,146942.829
002453,2026-01-12,6.71,0.005997,405363.06,270970.815
002454,2026-01-12,8.86,0.0,102927.79,90798.875
002455,2026-01-12,7.11,-0.002805,329611.82,233127.54
002456,2026-01-12,11.44,0.037170999999999996,1551656.16,1755401.237
002457,2026-01-12,11.23,-0.011444000000000001,160509.0,179466.284
002458,2026-01-12,9.27,0.033445,258544.38,235724.565
002459,2026-01-12,12.18,0.033956,890053.83,1078954.822
002460,2026-01-12,67.97,0.039456000000000005,700474.58,4756161.768
002461,2026-01-12,9.56,0.003148,70366.0,66964.768
002462,2026-01-12,17.13,0.063315,441178.79,732719.772
002463,2026-01-12,69.12,-0.012571,702060.07,4814882.019
002465,2026-01-12,22.0,0.1,3696096.32,7897992.273
002466,2026-01-12,61.3,0.045540000000000004,698925.23,4265641.377
002467,2026-01-12,6.72,0.056604,1502660.71,993047.084
002468,2026-01-12,13.68,0.012583,203401.06,275108.3
002469,2026-01-12,8.65,0.0,129926.0,111815.797
002470,2026-01-12,1.82,0.01676,856773.44,154661.183
002471,2026-01-12,9.04,0.099757,2198431.67,1953943.123
002472,2026-01-12,46.26,-0.0015110000000000002,297299.56,1364010.134
002474,2026-01-12,10.95,0.054913,1131849.09,1216536.394
002475,2026-01-12,55.43,-0.003953,1883904.85,10301185.319
002476,2026-01-12,7.19,0.002789,396046.55,286375.31
002478,2026-01-12,8.16,-0.018050999999999998,456551.9,371014.865
002479,2026-01-12,5.04,0.005988,102227.2,51378.572
002480,2026-01-12,6.3,-0.021739,162795.0,103006.208
002481,2026-01-12,5.22,0.0057799999999999995,254761.71,132521.011
002482,2026-01-12,1.74,0.0,553647.0,96177.368
002483,2026-01-12,7.18,0.0,155142.73,111068.305
002484,2026-01-12,31.81,0.058921,553958.76,1681871.196
002485,2026-01-12,4.38,-0.049892000000000006,74612.0,33030.464
002486,2026-01-12,3.12,0.009709,286557.0,89659.699
002487,2026-01-12,51.09,-0.043258,247515.81,1271323.641
002488,2026-01-12,12.08,0.08828799999999999,1313808.33,1565461.305
002489,2026-01-12,3.91,0.010336000000000001,431508.6,167832.295
002490,2026-01-12,7.47,-0.024804,767427.68,574112.826
002491,2026-01-12,6.39,0.037338,951035.78,600147.709
002492,2026-01-12,8.25,-0.023669,157460.03,129857.363
002493,2026-01-12,11.42,-0.016365,631794.12,726870.9
002494,2026-01-12,5.46,0.0,103019.0,56399.039
002495,2026-01-12,2.72,0.007407,273191.8,73770.582
002496,2026-01-12,1.99,-0.038647,491101.0,98694.928
002497,2026-01-12,23.5,0.016436,654094.91,1546972.689
002498,2026-01-12,4.02,0.002494,505302.52,202341.23
002500,2026-01-12,6.24,0.014634000000000001,469552.75,290770.814
002501,2026-01-12,2.72,0.007407,1419726.7,385770.869
002506,2026-01-12,3.0,0.038062,4204571.91,1254950.737
002507,2026-01-12,13.27,0.01608,212267.92,280192.51
002508,2026-01-12,19.86,0.011202,80421.63,159217.755
002510,2026-01-12,7.93,0.017972,1585713.31,1249523.051
002511,2026-01-12,8.4,0.002387,181826.68,151729.51
002512,2026-01-12,7.62,0.099567,926338.21,704532.06
002513,2026-01-12,7.24,0.025495999999999998,245076.42,176087.424
002514,2026-01-12,6.11,-0.0016339999999999998,397413.04,243439.288
002515,2026-01-12,6.27,0.0032,437631.95,272452.674
002516,2026-01-12,6.99,-0.012712000000000001,392430.0,273523.444
002517,2026-01-12,26.41,0.04677,1008578.75,2639290.228
002518,2026-01-12,52.61,-0.017920000000000002,209819.29,1089001.798
002519,2026-01-12,11.47,0.099712,434815.37,497968.128
002520,2026-01-12,6.5,0.022012999999999998,458484.65,295737.034
002521,2026-01-12,8.89,0.052071,237576.74,211119.072
002522,2026-01-12,5.88,0.003413,505900.64,295897.315
002523,2026-01-12,4.92,0.100671,641862.97,309985.363
002524,2026-01-12,4.41,0.023201999999999997,154863.0,67513.548
002526,2026-01-12,3.86,0.029333,931407.43,356335.818
002527,2026-01-12,17.1,0.022727,356870.57,604997.675
002528,2026-01-12,2.86,0.021429,135251.6,38401.633
002529,2026-01-12,7.44,-0.027451,76870.66,58399.67
002530,2026-01-12,11.53,0.063653,922972.59,1045363.845
002531,2026-01-12,7.26,0.009736,340465.63,247305.171
002532,2026-01-12,17.84,-0.015996,735087.11,1312410.535
002533,2026-01-12,13.05,0.0,226721.71,294158.914
002534,2026-01-12,16.77,0.010241,208120.29,344698.821
002535,2026-01-12,3.99,0.017857,215894.2,85331.199
002536,2026-01-12,29.08,-0.016238,445392.28,1299417.116
002537,2026-01-12,9.23,0.022147999999999998,667731.44,609593.366
002538,2026-01-12,6.5,-0.022556,328897.31,214490.995
002539,2026-01-12,11.98,-0.008278,245589.74,292846.284
002540,2026-01-12,7.29,0.01532,344867.25,249462.751
002541,2026-01-12,20.48,-0.01015,182534.5,377337.072
002542,2026-01-12,3.68,0.019391000000000002,1077377.0,395627.999
002543,2026-01-12,10.38,0.017647,78429.43,80478.91
002544,2026-01-12,40.87,0.0646,676761.17,2743359.294
002545,2026-01-12,20.3,-0.050069999999999996,194825.24,399013.22
002546,2026-01-12,7.11,-0.0125,398395.73,283112.409
002547,2026-01-12,4.85,0.018908,449604.72,216839.336
002548,2026-01-12,6.18,-0.023697,488724.64,302973.614
002549,2026-01-12,22.9,-0.006076000000000001,650323.55,1486994.929
002550,2026-01-12,8.3,-0.001203,214619.0,177239.978
002551,2026-01-12,3.87,0.010444,155001.27,59638.926
002552,2026-01-12,17.75,0.012549999999999999,113058.0,198781.203
002553,2026-01-12,28.14,0.017722,197648.02,551681.688
002555,2026-01-12,29.76,0.090509,2186532.24,6371616.449
002556,2026-01-12,6.1,0.004941999999999999,197526.49,119991.908
002557,2026-01-12,22.86,0.016,89280.51,203597.083
002558,2026-01-12,49.41,0.055769,499368.69,2428427.262
002559,2026-01-12,10.55,0.004762,269702.5,283351.391
002560,2026-01-12,10.5,0.033464999999999995,623807.35,646713.14
002561,2026-01-12,9.42,0.004264,203880.37,191560.492
002562,2026-01-12,6.98,0.020468,775742.73,531807.71
002563,2026-01-12,5.49,0.012915000000000001,350181.84,191354.884
002564,2026-01-12,7.92,-0.003774,282442.7,223265.301
002565,2026-01-12,22.89,0.026457,3324608.99,7540059.34
002566,2026-01-12,7.9,0.005089,73254.5,57750.05
002567,2026-01-12,4.41,0.002273,258043.9,113527.946
002568,2026-01-12,22.4,0.016334,94891.35,211533.743
002569,2026-01-12,15.04,0.050279,18452.0,27635.406
002570,2026-01-12,6.27,0.012924,646061.7,402392.96
002571,2026-01-12,13.42,0.039504000000000004,215329.58,282514.633
002572,2026-01-12,13.85,0.00874,111228.71,152846.448
002573,2026-01-12,3.83,0.005249,124470.13,47473.152
002574,2026-01-12,6.35,0.10052,285406.04,177038.957
002575,2026-01-12,6.79,0.049459,518126.86,347380.629
002576,2026-01-12,17.64,0.008576,52765.0,92679.685
002577,2026-01-12,18.9,0.035049000000000004,56260.2,105049.138
002578,2026-01-12,4.55,-0.002193,559641.0,255917.521
002579,2026-01-12,12.72,0.018415,479460.73,606893.168
002580,2026-01-12,13.27,0.0037819999999999998,197577.42,260002.895
002581,2026-01-12,7.83,0.049598,71469.0,54304.902
002582,2026-01-12,12.86,0.014196,519529.24,668947.214
002583,2026-01-12,12.36,0.028286,1203767.72,1473269.921
002584,2026-01-12,9.54,0.0042109999999999995,390212.05,370556.567
002585,2026-01-12,7.18,-0.023129,556369.7,401116.093
002586,2026-01-12,4.2,-0.030023,123380.0,52375.617
002587,2026-01-12,6.97,0.020498,236477.5,163963.972
002588,2026-01-12,9.74,-0.008147,145821.0,141850.25
002589,2026-01-12,3.48,0.032641,996268.0,343560.822
002590,2026-01-12,15.65,0.005784,207507.32,323536.228
002591,2026-01-12,7.41,0.049574999999999994,396731.0,292824.845
002592,2026-01-12,8.97,-0.016447,110200.0,98129.883
002593,2026-01-12,6.07,0.009982999999999999,383334.0,230516.438
002594,2026-01-12,97.47,0.004742,425257.19,4125432.529
002595,2026-01-12,81.1,-0.035672,48498.48,396668.819
002596,2026-01-12,5.01,0.002,1302821.98,648216.126
002597,2026-01-12,20.95,0.004796,70014.53,146114.782
002598,2026-01-12,9.71,0.025343,174746.96,168620.469
002599,2026-01-12,8.88,0.02069,331037.1,291714.503
002600,2026-01-12,18.33,0.10024,5234767.92,9153412.273
002601,2026-01-12,19.97,-0.020598,283018.0,565394.55
002602,2026-01-12,19.38,-0.020222000000000004,2997410.64,5960095.357
002603,2026-01-12,17.78,-0.007259,247706.71,440440.265
002605,2026-01-12,27.63,0.09992000000000001,446344.26,1197820.617
002606,2026-01-12,9.19,0.003275,108368.09,99276.512
002607,2026-01-12,2.99,0.041811999999999995,5171122.94,1526976.42
002608,2026-01-12,7.53,0.00133,201227.0,150932.412
002609,2026-01-12,10.47,0.08273,491196.16,504747.834
002611,2026-01-12,19.94,0.0,1026370.21,2043634.512
002612,2026-01-12,20.9,0.025012,147649.47,305991.325
002613,2026-01-12,3.81,0.007937,163353.4,62122.111
002614,2026-01-12,7.41,0.008163,226768.44,167715.503
002615,2026-01-12,7.79,0.010376000000000002,69780.0,54040.47
002616,2026-01-12,5.66,0.003546,127078.65,71790.302
002617,2026-01-12,8.51,0.016726,1311519.45,1104665.109
002620,2026-01-12,6.01,0.050698999999999994,62994.05,37656.953
002622,2026-01-12,3.16,0.003175,253922.0,80213.709
002623,2026-01-12,18.74,0.016269,48743.02,91672.338
002624,2026-01-12,18.52,0.055271,777019.3,1413535.758
002625,2026-01-12,57.57,0.038982,916577.81,5240119.99
002626,2026-01-12,19.95,-0.006474,103451.55,205785.265
002627,2026-01-12,7.93,0.036601,296558.4,232110.769
002628,2026-01-12,4.21,0.0,135895.6,57042.942
002629,2026-01-12,6.75,-0.016035,198126.92,133064.537
002630,2026-01-12,2.66,-0.011152,326644.6,87181.33
002631,2026-01-12,6.01,0.015203,280003.72,167768.354
002632,2026-01-12,13.35,0.022989000000000002,447897.22,593997.819
002633,2026-01-12,16.57,0.023471000000000002,37888.08,61880.888
002634,2026-01-12,6.12,-0.004878,149152.44,91424.692
002635,2026-01-12,14.48,0.019718,159673.98,229327.722
002636,2026-01-12,16.6,-0.004199,228605.4,377442.638
002637,2026-01-12,10.28,-0.011538,182900.46,187737.735
002638,2026-01-12,3.13,0.022875999999999997,404533.5,126105.918
002639,2026-01-12,27.03,0.100122,2607608.62,6648762.122
002640,2026-01-12,4.82,0.038793,1614120.72,768700.852
002641,2026-01-12,4.43,0.004535,200036.35,88320.045
002642,2026-01-12,9.0,0.040462,411143.33,365636.277
002643,2026-01-12,16.28,0.029727999999999997,565989.18,907268.099
002644,2026-01-12,8.82,0.004556,104865.4,91995.755
002645,2026-01-12,15.7,0.007056,224745.44,350470.895
002646,2026-01-12,8.89,0.006795,72863.53,64535.255
002647,2026-01-12,8.63,0.049878,192758.55,164876.906
002648,2026-01-12,18.22,-0.016198999999999998,634006.74,1157270.066
002649,2026-01-12,15.17,0.052740999999999996,777373.1,1165791.529
002650,2026-01-12,6.45,-0.031532,90590.23,58552.751
002651,2026-01-12,12.84,0.028022000000000002,552372.3,703731.345
002652,2026-01-12,4.05,0.017588,466201.8,186547.552
002653,2026-01-12,56.09,-0.0016020000000000001,65224.86,351522.419
002654,2026-01-12,15.63,0.028288999999999998,671513.52,1047503.944
002655,2026-01-12,13.27,0.0053029999999999996,188052.03,248400.844
002656,2026-01-12,2.7,0.003717,115230.2,31077.829
002657,2026-01-12,31.21,0.063373,547652.18,1673804.962
002658,2026-01-12,9.22,0.008753,162714.61,149146.723
002659,2026-01-12,6.85,0.09951800000000001,772324.08,511243.962
002660,2026-01-12,9.55,0.012725,95167.7,90304.648
002661,2026-01-12,9.23,0.006543,34791.82,31982.294
002662,2026-01-12,3.99,0.0,338496.0,134175.06
002663,2026-01-12,1.97,-0.005051,502593.75,98933.984
002664,2026-01-12,24.8,0.035491,220894.6,546844.555
002666,2026-01-12,5.53,0.007286,244144.99,133714.54
002667,2026-01-12,14.39,0.010533999999999998,164805.0,236589.349
002668,2026-01-12,10.28,0.0029270000000000003,109982.15,112612.493
002669,2026-01-12,15.68,0.017521,237078.01,372191.091
002670,2026-01-12,17.62,0.03222,547022.63,950626.369
002671,2026-01-12,5.48,0.007352999999999999,203580.0,110418.296
002672,2026-01-12,4.81,0.002083,98743.0,47327.947
002673,2026-01-12,8.19,0.013614,646954.7,526155.77
002674,2026-01-12,14.99,0.030949,123180.0,182120.966
002675,2026-01-12,14.59,0.006207000000000001,104898.06,152614.64
002676,2026-01-12,8.68,0.024793,293243.99,251199.229
002677,2026-01-12,9.49,0.030402,462734.8,434577.15
002678,2026-01-12,5.5,0.011029,213384.5,116673.354
002679,2026-01-12,11.96,0.010135,76645.02,91073.492
002681,2026-01-12,6.95,0.020558,850617.8,587072.445
002682,2026-01-12,8.65,0.042169,1328891.12,1133521.925
002683,2026-01-12,50.99,0.035539999999999995,252546.59,1269025.938
002685,2026-01-12,7.87,0.011568,402471.57,314329.029
002686,2026-01-12,6.75,0.011994,176784.5,118644.904
002687,2026-01-12,4.82,0.008368,110192.36,52838.913
002688,2026-01-12,6.19,0.001618,137645.47,84809.661
002689,2026-01-12,3.38,0.021147999999999997,322462.07,107873.051
002690,2026-01-12,21.45,-0.0009320000000000001,67077.26,143294.578
002691,2026-01-12,9.11,0.017877,241031.26,219183.162
002692,2026-01-12,5.37,0.011298999999999998,142904.74,76286.533
002693,2026-01-12,7.62,0.003953,77706.0,58900.899
002694,2026-01-12,3.8,0.0052910000000000006,115392.82,43954.825
002695,2026-01-12,12.42,0.034138,101043.41,123105.325
002696,2026-01-12,7.23,-0.022973,284292.41,204838.381
002697,2026-01-12,6.6,0.066236,1764365.32,1133415.785
002698,2026-01-12,17.3,0.035928,342906.56,586902.039
002700,2026-01-12,7.0,-0.0014269999999999999,49603.73,34615.98
002701,2026-01-12,6.05,0.001656,650635.72,388901.255
002702,2026-01-12,7.62,0.03252,913890.41,682183.836
002703,2026-01-12,26.14,0.032793,1193482.16,3091014.143
002705,2026-01-12,14.52,0.011847000000000002,91850.18,132608.72
002706,2026-01-12,12.02,0.021240000000000002,719274.07,867789.512
002707,2026-01-12,7.3,0.009682,320153.94,232958.986
002708,2026-01-12,13.73,0.020059,259287.87,352112.766
002709,2026-01-12,43.89,-0.011264000000000001,986951.49,4341248.846
002712,2026-01-12,7.15,0.1,415545.91,287494.728
002713,2026-01-12,12.04,0.049695,10492.8,12633.331
002714,2026-01-12,49.35,-0.008239999999999999,357574.79,1760330.349
002715,2026-01-12,16.34,0.032869999999999996,100214.01,162492.306
002716,2026-01-12,8.38,0.060759,3177829.46,2632790.344
002717,2026-01-12,1.62,-0.006135000000000001,460731.94,74371.039
002718,2026-01-12,56.66,0.09998100000000001,89082.19,478760.537
002719,2026-01-12,8.82,0.017301,70304.0,61711.233
002721,2026-01-12,3.25,0.035032,803612.88,257971.865
002722,2026-01-12,16.13,0.05013,145885.16,233970.993
002723,2026-01-12,8.73,-0.028921000000000002,174809.0,153901.687
002724,2026-01-12,7.06,0.014368,83539.6,58656.103
002725,2026-01-12,18.28,-0.001638,308385.6,562663.59
002726,2026-01-12,4.29,0.016588000000000002,208326.21,88549.652
002727,2026-01-12,13.4,0.0075190000000000005,137359.41,183100.977
002728,2026-01-12,11.66,-0.001712,328300.16,379232.282
002729,2026-01-12,18.85,0.050725,384832.9,715645.746
002730,2026-01-12,16.09,0.029431,124592.0,197470.854
002731,2026-01-12,12.85,0.007053,158006.0,202966.218
002732,2026-01-12,17.37,0.006957,33028.0,57205.568
002733,2026-01-12,20.84,0.005306,162766.18,335865.795
002734,2026-01-12,16.83,0.001786,154325.42,258536.51
002735,2026-01-12,23.26,0.04822,1106665.36,2478103.985
002736,2026-01-12,13.52,0.005203999999999999,466586.8,626757.273
002737,2026-01-12,15.1,0.0039889999999999995,36060.0,54304.853
002738,2026-01-12,85.0,0.05853100000000001,309038.19,2570388.971
002739,2026-01-12,11.59,0.012226999999999998,1011619.19,1172180.732
002741,2026-01-12,21.57,0.005594,214786.94,457887.705
002742,2026-01-12,4.38,-0.017937,112827.0,49554.115
002743,2026-01-12,5.7,0.012433000000000001,111408.0,63161.468
002745,2026-01-12,9.66,0.02766,517050.33,496540.821
002746,2026-01-12,6.17,0.00817,152255.54,93429.908
002747,2026-01-12,25.67,0.058557,580452.94,1467104.594
002748,2026-01-12,12.85,0.016614,162395.06,207260.185
002749,2026-01-12,13.24,-0.000755,32170.51,42610.818
002752,2026-01-12,7.2,0.031519,492660.92,351824.217
002753,2026-01-12,7.23,0.0013850000000000002,88492.98,63809.472
002755,2026-01-12,18.53,-0.025762,200376.45,373120.941
002756,2026-01-12,55.8,0.036597,162520.07,902972.664
002757,2026-01-12,27.0,0.08,1015397.42,2661470.69
002758,2026-01-12,10.16,0.003953,111569.0,113026.417
002759,2026-01-12,46.6,0.010188999999999998,1267144.3,5869710.756
002760,2026-01-12,22.22,0.00771,38835.0,85884.724
002761,2026-01-12,8.8,0.004566,152399.79,133543.875
002762,2026-01-12,7.18,-0.0271,64471.0,46346.045
002763,2026-01-12,7.63,0.007925999999999999,130842.04,99362.817
002765,2026-01-12,13.46,0.017384999999999998,326031.56,437443.408
002766,2026-01-12,7.03,0.043026999999999996,1221801.66,851034.431
002767,2026-01-12,22.01,-0.009004999999999999,66214.5,144861.903
002768,2026-01-12,59.73,0.0553,70306.19,410247.09
002769,2026-01-12,12.5,0.100352,236220.38,286641.323
002771,2026-01-12,16.45,0.036547,97352.1,158323.899
002772,2026-01-12,14.83,-0.100121,337660.51,511677.171
002773,2026-01-12,34.39,0.0017480000000000002,155395.81,534203.958
002774,2026-01-12,14.19,-0.050836,737002.28,1020970.122
002775,2026-01-12,4.44,-0.0022470000000000003,98349.33,43652.342
002777,2026-01-12,21.74,0.070409,697871.46,1504171.128
002778,2026-01-12,21.55,-0.009195,42440.4,91061.36
002779,2026-01-12,111.88,0.0010739999999999999,60089.0,660558.611
002780,2026-01-12,14.59,0.009689,74149.25,107477.746
002782,2026-01-12,19.2,0.000521,150976.11,286903.281
002783,2026-01-12,9.81,-0.005071,160991.6,157490.374
002785,2026-01-12,37.2,0.013624,124849.44,464412.083
002786,2026-01-12,9.1,0.022472,140148.76,126617.896
002787,2026-01-12,12.4,-0.026688,234031.0,290540.298
002788,2026-01-12,27.28,0.017151,574587.25,1579394.805
002789,2026-01-12,10.19,-0.025813000000000003,61364.5,63027.493
002790,2026-01-12,8.56,0.007058999999999999,87099.52,74211.432
002791,2026-01-12,22.0,0.007787,61945.39,135669.884
002792,2026-01-12,66.86,0.100033,84934.29,567870.663
002793,2026-01-12,4.99,-0.007952,182663.8,90927.181
002795,2026-01-12,7.31,-0.018792,611378.72,457108.697
002796,2026-01-12,35.05,0.067946,431039.08,1485563.659
002797,2026-01-12,7.2,0.01983,1316480.91,940947.606
002798,2026-01-12,6.43,0.043830999999999995,134521.36,85834.593
002799,2026-01-12,9.69,0.034152,230694.52,221813.548
002800,2026-01-12,16.35,0.020599,78680.59,126614.518
002801,2026-01-12,36.06,0.010084,28436.8,101847.019
002802,2026-01-12,12.65,-0.001579,32775.62,41591.164
002803,2026-01-12,19.43,0.08124700000000001,307882.46,585670.319
002805,2026-01-12,17.7,0.013165,200354.6,351636.472
002806,2026-01-12,12.58,0.0064,134764.63,168221.752
002807,2026-01-12,4.57,0.0,367923.36,167480.632
002808,2026-01-12,5.15,-0.015296,40444.0,20964.683
002809,2026-01-12,10.86,0.004625000000000001,42878.75,46573.163
002810,2026-01-12,15.03,0.005351,120252.9,179278.176
002811,2026-01-12,16.3,0.011794,60562.5,98053.318
002812,2026-01-12,52.69,-0.020814,345032.9,1820588.031
002813,2026-01-12,31.55,0.013817,70004.0,220254.256
002815,2026-01-12,14.51,0.004848,521979.49,751504.837
002816,2026-01-12,21.6,-0.045515,68873.0,149714.354
002817,2026-01-12,7.81,0.0012820000000000002,78159.16,61005.305
002818,2026-01-12,11.3,0.008029,34840.8,39167.173
002819,2026-01-12,30.81,0.027000000000000003,153504.16,467940.62
002820,2026-01-12,12.5,0.014610000000000001,107072.9,132846.734
002821,2026-01-12,104.49,0.005001,60117.97,623324.832
002822,2026-01-12,3.7,-0.031414,275623.96,102815.534
002823,2026-01-12,16.7,0.003606,92010.97,152790.805
002824,2026-01-12,19.59,0.005131,76519.02,149170.361
002825,2026-01-12,11.8,0.010274,128007.65,150056.01
002826,2026-01-12,18.15,-0.014123000000000002,62773.0,113853.886
002827,2026-01-12,38.55,-0.0033610000000000003,66394.5,255941.17
002828,2026-01-12,11.43,-0.018041,216511.6,247435.593
002829,2026-01-12,34.71,0.069646,296801.25,1015496.776
002830,2026-01-12,19.88,-0.005004999999999999,37546.0,74379.089
002831,2026-01-12,27.25,-0.019784,79446.83,215881.594
002832,2026-01-12,15.52,0.020381,104343.56,160476.142
002833,2026-01-12,16.69,0.004816,54480.25,90663.702
002835,2026-01-12,17.0,0.022248999999999998,40885.0,68914.457
002836,2026-01-12,16.0,-0.031477,121987.84,198436.511
002837,2026-01-12,100.08,-0.020648,554258.1,5547166.793
002838,2026-01-12,28.33,0.037349,204773.78,573234.253
002839,2026-01-12,4.54,0.0,253088.69,114325.973
002840,2026-01-12,9.8,0.010308999999999999,166005.9,162240.511
002841,2026-01-12,42.51,0.050927,97625.89,406890.496
002842,2026-01-12,16.22,-0.01994,549625.86,888896.71
002843,2026-01-12,22.2,0.021158999999999997,259669.16,572430.634
002845,2026-01-12,14.84,0.020633,119848.48,177009.658
002846,2026-01-12,17.02,0.020384000000000003,115767.88,196437.429
002847,2026-01-12,75.7,0.041552,61006.95,452948.231
002848,2026-01-12,10.78,0.049659,36291.4,38878.168
002849,2026-01-12,18.12,0.032479,377463.5,682523.623
002850,2026-01-12,162.13,-0.026948,85586.99,1373808.244
002851,2026-01-12,99.46,-0.013392,192616.65,1919486.614
002852,2026-01-12,11.07,0.00181,45992.99,50737.95
002853,2026-01-12,22.8,0.040621,158760.68,360101.366
002855,2026-01-12,17.06,0.016687,48118.0,81547.811
002856,2026-01-12,14.6,0.10022600000000001,135391.42,192683.532
002857,2026-01-12,23.07,0.072026,102594.0,233783.115
002858,2026-01-12,17.39,0.099937,166031.0,277047.433
002859,2026-01-12,31.03,0.048311,84785.5,259468.986
002860,2026-01-12,14.01,-0.006383,212881.65,296227.965
002861,2026-01-12,19.14,0.026273,77408.9,147750.262
002862,2026-01-12,21.75,0.062012,156408.8,335671.228
002863,2026-01-12,5.88,0.003413,190245.59,110959.56
002864,2026-01-12,34.21,-0.004655,60250.14,205944.368
002865,2026-01-12,72.81,0.030427,467045.22,3433184.402
002866,2026-01-12,19.07,0.039237,163623.2,308207.567
002867,2026-01-12,12.48,0.024631,137502.82,170357.147
002868,2026-01-12,35.8,-0.015943,26334.25,95889.137
002869,2026-01-12,25.25,0.019790000000000002,77782.78,194768.42
002870,2026-01-12,38.35,-0.0054459999999999995,46781.93,178238.315
002871,2026-01-12,19.18,0.007352999999999999,50500.37,95524.876
002872,2026-01-12,4.92,0.0020369999999999997,31383.5,15397.157
002873,2026-01-12,10.29,0.0019470000000000002,53147.39,54557.457
002875,2026-01-12,17.8,0.011364,79537.76,140867.665
002876,2026-01-12,24.78,0.005682,36189.32,89387.735
002877,2026-01-12,9.64,0.019027000000000002,191532.81,182960.425
002878,2026-01-12,21.11,0.06724000000000001,409981.27,849926.856
002879,2026-01-12,19.41,0.014637,137233.13,267693.476
002880,2026-01-12,26.11,0.000383,14050.99,36493.88
002881,2026-01-12,51.37,0.1,250513.27,1271778.012
002882,2026-01-12,34.2,0.011535,158271.0,538492.559
002883,2026-01-12,11.13,0.004513,31624.0,35144.063
002884,2026-01-12,17.49,0.0017180000000000001,54415.95,94822.281
002885,2026-01-12,27.87,0.0057740000000000005,329649.63,900693.239
002886,2026-01-12,23.48,0.01645,127424.52,298211.405
002887,2026-01-12,9.39,0.0042780000000000006,43482.45,40673.177
002888,2026-01-12,20.6,0.025386000000000002,64604.0,131252.579
002889,2026-01-12,15.79,0.005732,69889.12,109503.578
002890,2026-01-12,14.6,0.0,14765.34,21636.955
002891,2026-01-12,53.25,0.00967,51574.82,271663.601
002892,2026-01-12,13.65,0.020179,207998.61,281443.523
002893,2026-01-12,11.57,0.011364,108572.97,124838.878
002895,2026-01-12,37.2,-0.035769999999999996,176051.39,659426.738
002896,2026-01-12,89.99,0.010669,112227.49,1004445.007
002897,2026-01-12,54.2,0.004076,135499.85,724460.299
002898,2026-01-12,13.83,-0.011437,19907.1,27702.385
002899,2026-01-12,31.96,0.078273,72432.71,225626.096
002900,2026-01-12,13.1,0.010802,55387.0,72277.583
002901,2026-01-12,50.95,-0.004688,28554.02,144800.252
002902,2026-01-12,23.11,0.030316999999999997,162953.75,374043.388
002903,2026-01-12,24.85,0.030693,96766.89,237434.851
002905,2026-01-12,11.58,0.029333,235265.72,268437.229
002906,2026-01-12,33.69,0.017517,181319.54,606697.472
002907,2026-01-12,15.39,-0.000649,43710.85,67205.488
002908,2026-01-12,11.44,0.060240999999999996,528320.36,588790.972
002909,2026-01-12,7.27,0.0027589999999999997,317766.29,229474.367
002910,2026-01-12,12.02,0.044309,245637.45,290429.827
002911,2026-01-12,12.4,-0.003215,94244.83,116101.676
002912,2026-01-12,34.54,0.027976,99279.31,339670.866
002913,2026-01-12,42.37,0.0021290000000000002,52217.89,219996.812
002915,2026-01-12,24.69,0.021514000000000002,207012.73,507735.411
002916,2026-01-12,227.55,-0.020236999999999998,101050.39,2281439.405
002917,2026-01-12,13.68,0.008106,62655.2,85382.94
002918,2026-01-12,16.4,0.037975,117077.0,189672.953
002919,2026-01-12,23.51,-0.0012740000000000002,89973.8,210389.802
002920,2026-01-12,138.82,0.030969000000000003,189085.48,2591673.593
002921,2026-01-12,18.02,-0.017447999999999998,89301.9,161584.32
002922,2026-01-12,35.4,-0.023986999999999998,335571.46,1181326.328
002923,2026-01-12,12.75,0.0039369999999999995,44392.29,56498.203
002925,2026-01-12,21.84,0.055072,570211.07,1207223.124
002926,2026-01-12,9.51,0.016026,292841.24,276495.412
002927,2026-01-12,24.64,0.053891999999999995,341965.32,827214.371
002928,2026-01-12,10.89,0.007401,236894.19,259575.755
002929,2026-01-12,48.1,0.013699,278699.33,1324023.001
002930,2026-01-12,11.13,-0.002688,100121.48,112082.82
002931,2026-01-12,56.17,0.100078,3973.23,22317.633
002932,2026-01-12,18.81,0.0026650000000000003,34889.56,65399.161
002933,2026-01-12,37.8,0.026895,69442.0,260024.743
002935,2026-01-12,25.47,0.100216,221055.43,549248.837
002936,2026-01-12,1.95,0.005155,704331.14,136732.046
002937,2026-01-12,24.92,0.033167,114753.4,279478.056
002938,2026-01-12,51.91,-0.028267,398332.17,2066140.322
002939,2026-01-12,10.52,0.023346,660603.49,686814.733
002940,2026-01-12,38.66,0.078683,257878.73,978562.48
002941,2026-01-12,16.94,0.007134000000000001,306728.63,516871.402
002942,2026-01-12,20.31,0.000493,25997.3,52659.148
002943,2026-01-12,56.8,0.077799,187998.83,1050377.526
002945,2026-01-12,18.26,0.025842999999999998,853392.42,1552329.257
002946,2026-01-12,18.67,-0.001604,66944.0,124222.352
002947,2026-01-12,50.7,0.012987,116689.75,583235.778
002948,2026-01-12,4.43,0.0,370488.77,163624.635
002949,2026-01-12,15.87,-0.011831000000000001,50986.17,81004.89
002950,2026-01-12,11.73,0.018229,115188.24,134222.422
002951,2026-01-12,14.98,0.0053690000000000005,68458.0,102120.621
002952,2026-01-12,22.02,0.038679,74726.0,161769.805
002953,2026-01-12,12.21,0.00082,127575.92,155263.04
002955,2026-01-12,30.23,-0.005919,58295.36,177192.744
002956,2026-01-12,27.78,0.011285,17759.8,48753.265
002957,2026-01-12,22.82,-0.009549,150108.47,342381.21
002958,2026-01-12,3.11,0.003226,422141.6,130849.958
002959,2026-01-12,44.11,0.010076,23157.05,101879.331
002960,2026-01-12,11.34,0.0,151930.11,171488.444
002961,2026-01-12,26.98,0.022745,184916.25,492409.031
002962,2026-01-12,15.02,0.004682,51584.96,77302.717
002963,2026-01-12,15.04,0.000665,37414.0,56144.796
002965,2026-01-12,42.66,0.009226,114803.5,487142.407
002966,2026-01-12,8.15,0.001229,312303.89,253808.245
002967,2026-01-12,24.27,0.019748,289306.6,702413.561
002968,2026-01-12,12.54,0.006421,49926.0,62280.256
002969,2026-01-12,16.58,0.100199,43051.48,71379.354
002970,2026-01-12,56.33,0.016604,83500.25,472601.088
002971,2026-01-12,32.01,-0.006826,128691.96,409748.589
002972,2026-01-12,12.16,0.011647000000000001,30164.94,36502.936
002973,2026-01-12,14.15,0.022399,57452.5,80454.348
002975,2026-01-12,79.7,0.005551,47942.0,379446.331
002976,2026-01-12,28.93,0.028439000000000002,54609.4,155181.104
002977,2026-01-12,40.42,0.048236999999999995,180301.33,718307.476
002978,2026-01-12,36.92,0.006543,154781.17,576519.723
002979,2026-01-12,44.99,0.047497,160501.94,708319.902
002980,2026-01-12,22.41,0.027039,44169.8,98527.747
002981,2026-01-12,30.43,0.024234,45296.2,136368.134
002982,2026-01-12,14.09,0.007868,32798.28,45976.546
002983,2026-01-12,23.8,0.0033729999999999997,63694.93,150427.849
002984,2026-01-12,21.25,-0.00094,133671.11,281981.047
002985,2026-01-12,35.8,0.046172000000000005,221929.12,783448.742
002986,2026-01-12,11.15,0.0036,45596.07,50605.46
002987,2026-01-12,21.77,0.043124,435323.94,933474.87
002988,2026-01-12,40.0,-0.008182,35501.92,141758.372
002989,2026-01-12,32.41,0.045820999999999994,92774.4,300232.553
002990,2026-01-12,31.39,0.042165,70749.01,218775.954
002991,2026-01-12,63.18,0.054934000000000004,24570.02,152894.925
002992,2026-01-12,48.92,0.010953,25532.25,124016.616
002993,2026-01-12,47.95,0.05431,50259.5,233535.821
002995,2026-01-12,19.83,0.063841,153327.73,299348.931
002996,2026-01-12,7.85,-0.00507,155735.9,121918.501
002997,2026-01-12,37.81,0.017766,51840.28,194649.925
002998,2026-01-12,7.68,0.0013039999999999998,68526.37,52461.119
002999,2026-01-12,6.92,0.010219,79577.8,54850.068
003000,2026-01-12,11.72,0.022688,98410.61,114356.652
003001,2026-01-12,22.4,0.012201,64000.04,144144.184
003002,2026-01-12,30.13,-0.02618,74562.0,224877.277
003003,2026-01-12,13.48,-0.0014810000000000001,104856.89,141623.838
003004,2026-01-12,26.9,-0.012482,34962.34,93950.783
003005,2026-01-12,22.52,0.054801,148406.84,329467.834
003006,2026-01-12,21.36,0.0065980000000000006,107441.99,226696.711
003007,2026-01-12,49.4,0.099978,18043.5,89134.89
003008,2026-01-12,22.51,0.017171000000000002,21435.41,47998.679
003009,2026-01-12,98.7,0.079278,174161.46,1690058.089
003010,2026-01-12,39.46,0.027336999999999997,128697.58,508172.017
003011,2026-01-12,22.15,0.001356,42307.26,93418.418
003012,2026-01-12,6.79,0.002954,104049.02,70225.821
003013,2026-01-12,14.81,0.021379000000000002,77507.0,114586.823
003015,2026-01-12,16.22,0.017566,88837.0,142838.351
003016,2026-01-12,9.74,0.013528,177630.44,170443.365
003017,2026-01-12,31.31,0.000639,34481.4,107663.182
003018,2026-01-12,17.79,0.019483999999999998,110757.37,195040.989
003019,2026-01-12,35.03,-0.005112,77188.65,269162.058
003020,2026-01-12,28.16,0.0064329999999999995,31109.9,87211.274
003021,2026-01-12,128.0,-0.00729,92604.3,1182538.898
003022,2026-01-12,20.26,-0.005888,152396.24,307448.022
003023,2026-01-12,23.13,0.007843,36131.19,83708.931
003025,2026-01-12,14.71,0.0,53938.15,79348.067
003026,2026-01-12,32.16,0.0,42505.61,136291.853
003027,2026-01-12,22.76,0.042602,78444.3,177610.046
003028,2026-01-12,31.16,0.00322,19094.6,59627.975
003029,2026-01-12,29.19,0.0425,187587.0,539066.949
003030,2026-01-12,20.24,0.009476,22200.29,44639.593
003031,2026-01-12,80.89,0.030446,167148.66,1341723.214
003032,2026-01-12,6.49,0.003091,54354.0,35174.111
003033,2026-01-12,71.96,-0.00977,46448.86,325818.85
003035,2026-01-12,4.8,0.010526,204456.8,97803.81
003036,2026-01-12,16.07,0.010057,53195.76,84730.318
003037,2026-01-12,8.38,-0.010626,350522.54,291416.658
003038,2026-01-12,16.36,0.0105,54857.08,89647.84
003039,2026-01-12,16.48,0.006105,170156.0,278470.938
003040,2026-01-12,20.76,0.034895,308518.57,630930.976
003041,2026-01-12,64.04,0.09996600000000001,46774.49,297768.263
003042,2026-01-12,16.24,0.005573,40331.7,65317.212
003043,2026-01-12,49.58,0.007724,22690.52,111288.107
003816,2026-01-12,3.92,0.005128000000000001,1703152.25,666257.578
300001,2026-01-12,27.31,0.0011,294257.06,800347.664
300002,2026-01-12,13.28,0.078798,2140958.11,2789248.773
300003,2026-01-12,20.49,0.053470000000000004,1448894.71,2915746.07
300004,2026-01-12,14.35,0.070896,683353.85,954139.247
300005,2026-01-12,12.75,0.07868,540235.83,668654.512
300006,2026-01-12,5.28,-0.00189,392586.42,206995.093
300007,2026-01-12,62.1,0.047571,432866.61,2651208.454
300008,2026-01-12,9.23,0.037079,2647426.97,2421590.576
300009,2026-01-12,10.4,0.011673,328448.76,339820.948
300010,2026-01-12,8.85,0.146373,3524745.08,2970869.575
300011,2026-01-12,9.06,0.016835,251133.61,224364.471
300012,2026-01-12,14.81,0.016472,403580.52,592912.719
300013,2026-01-12,4.1,0.01737,195188.0,79396.685
300014,2026-01-12,68.21,-0.014876,737879.58,4990171.042
300015,2026-01-12,11.63,0.018389,923473.45,1068969.696
300016,2026-01-12,9.44,0.023861,469064.36,439356.885
300017,2026-01-12,12.14,0.07338599999999999,2231120.09,2650748.024
300018,2026-01-12,12.53,-0.047148,504234.55,637357.931
300019,2026-01-12,22.71,0.025282,240224.58,537015.664
300020,2026-01-12,3.92,0.062331000000000004,336616.54,130111.308
300021,2026-01-12,4.77,0.010592999999999998,263880.16,125018.275
300022,2026-01-12,8.17,0.034177,180038.32,147000.125
300024,2026-01-12,19.29,0.037097000000000005,764078.44,1460532.209
300025,2026-01-12,6.35,0.03928,193448.26,121231.3
300026,2026-01-12,3.67,0.005479,510262.61,186584.473
300027,2026-01-12,2.39,0.048246000000000004,1468501.4,346814.053
300029,2026-01-12,5.68,-0.018998,68603.91,39185.853
300030,2026-01-12,8.18,0.018680000000000002,94766.32,76822.835
300031,2026-01-12,25.17,0.049187,326286.11,808465.467
300032,2026-01-12,5.56,0.016453,385974.0,213864.559
300033,2026-01-12,393.37,0.10621499999999999,274324.27,10486973.547
300034,2026-01-12,22.29,0.056398000000000004,635282.68,1394792.738
300035,2026-01-12,22.48,-0.006627999999999999,559491.58,1244907.902
300036,2026-01-12,21.74,0.06464299999999999,655092.45,1389240.27
300037,2026-01-12,54.64,-0.014962999999999999,250253.36,1365490.742
300039,2026-01-12,6.24,0.009709,258114.39,160061.643
300040,2026-01-12,6.41,0.01746,187530.73,119505.716
300041,2026-01-12,12.03,0.018628,261370.5,311926.938
300042,2026-01-12,29.15,0.028945,163098.96,469860.094
300043,2026-01-12,6.68,0.051969,1554899.89,1020252.737
300044,2026-01-12,5.62,0.08704100000000001,1397956.45,798590.278
300045,2026-01-12,37.42,0.20012799999999997,1619075.42,5658623.356
300046,2026-01-12,37.9,0.021563,153369.34,577203.498
300047,2026-01-12,14.72,0.09117900000000001,737128.15,1053555.3
300048,2026-01-12,7.17,0.030171999999999997,1200643.94,838559.046
300049,2026-01-12,81.5,0.0032,96256.98,776389.943
300050,2026-01-12,5.94,0.036649,270744.8,159581.17
300051,2026-01-12,8.39,-0.03341,1024690.09,899808.886
300052,2026-01-12,13.18,0.02648,81846.02,106962.435
300053,2026-01-12,24.15,0.11187799999999999,1575749.48,3715640.132
300054,2026-01-12,44.99,-0.000444,304739.28,1357658.304
300055,2026-01-12,8.11,0.006202999999999999,147421.3,118234.564
300056,2026-01-12,8.71,0.025913,244631.46,210447.188
300057,2026-01-12,5.97,0.015306,361826.77,215198.389
300058,2026-01-12,20.62,0.200233,12166791.18,23589175.134
300059,2026-01-12,25.05,0.038127,7006227.32,17298253.95
300061,2026-01-12,11.74,0.060523999999999994,460226.82,531104.546
300062,2026-01-12,9.31,0.028729,777760.94,714341.093
300063,2026-01-12,13.02,0.2,2351269.25,2860146.079
300065,2026-01-12,26.39,0.145897,2186354.25,5648728.684
300066,2026-01-12,6.92,0.028232,559468.58,382063.589
300067,2026-01-12,5.62,0.076628,969093.92,532525.688
300068,2026-01-12,17.1,0.025795,629621.31,1057696.213
300069,2026-01-12,18.9,0.028292,61749.82,115657.785
300070,2026-01-12,4.08,0.007407,417118.02,169253.696
300071,2026-01-12,8.93,0.200269,3022242.49,2499098.091
300072,2026-01-12,5.35,0.011342000000000001,1462037.82,772586.545
300073,2026-01-12,60.51,-0.007056,234806.1,1414985.544
300074,2026-01-12,5.19,0.05273799999999999,423399.31,216341.695
300075,2026-01-12,16.96,0.063323,382858.55,635506.58
300076,2026-01-12,8.34,-0.010676000000000001,358007.0,291996.285
300077,2026-01-12,22.76,0.06804299999999999,546091.33,1227443.512
300078,2026-01-12,4.73,0.03956,1328736.75,626550.583
300079,2026-01-12,6.1,0.077739,1151604.57,687528.371
300080,2026-01-12,5.17,0.011741999999999999,522451.03,270008.483
300081,2026-01-12,6.29,0.09965,818530.69,499913.165
300082,2026-01-12,10.71,0.008475,320568.58,341720.558
300083,2026-01-12,9.86,0.015448,848815.49,829795.419
300084,2026-01-12,10.27,-0.023763999999999997,216165.0,222022.362
300085,2026-01-12,48.84,0.170101,1266903.78,5881355.573
300086,2026-01-12,11.79,0.02255,781269.1,912549.578
300087,2026-01-12,10.46,-0.027881,565929.73,592050.945
300088,2026-01-12,6.54,0.043061999999999996,1298197.91,838254.185
300091,2026-01-12,3.29,0.064725,736683.31,240675.054
300092,2026-01-12,17.8,0.049527999999999996,187964.0,330802.04
300093,2026-01-12,18.77,0.042199,185117.04,364326.458
300094,2026-01-12,4.16,0.014634000000000001,1837510.56,747122.825
300095,2026-01-12,13.16,0.066451,844561.41,1080292.555
300096,2026-01-12,7.39,0.001355,64956.67,47859.821
300097,2026-01-12,7.12,0.008499,84186.02,59743.18
300098,2026-01-12,6.89,0.048706,1785153.95,1207228.444
300099,2026-01-12,8.27,0.008537,464181.74,381611.837
300100,2026-01-12,41.0,0.035092,270370.98,1104987.766
300101,2026-01-12,33.41,0.09004899999999999,666278.41,2167658.349
300102,2026-01-12,38.89,0.039006,2635876.86,10473200.121
300103,2026-01-12,8.01,-0.003731,60082.65,48354.373
300105,2026-01-12,7.42,0.00542,110750.59,81718.608
300106,2026-01-12,11.29,0.029169999999999998,129827.0,144269.467
300107,2026-01-12,7.18,0.031609,125304.45,88924.594
300109,2026-01-12,17.42,0.0075190000000000005,172849.35,296902.337
300110,2026-01-12,3.29,0.006116,265788.1,86887.828
300111,2026-01-12,7.29,0.119816,1678354.37,1197083.322
300112,2026-01-12,8.98,0.019296,81264.01,72698.425
300113,2026-01-12,24.65,0.11892899999999999,762529.2,1804337.71
300115,2026-01-12,45.45,0.021808,1297664.93,5838581.908
300118,2026-01-12,19.5,0.14841,2644865.39,5190212.732
300119,2026-01-12,19.88,-0.001005,66294.2,131190.788
300120,2026-01-12,9.05,0.030752,283078.27,252808.689
300121,2026-01-12,13.47,0.011261,156986.02,209538.048
300122,2026-01-12,20.08,0.014140999999999999,286021.9,570120.361
300123,2026-01-12,9.96,0.11784499999999999,2448822.56,2386029.898
300124,2026-01-12,80.85,0.032567,524379.18,4202020.998
300125,2026-01-12,7.74,0.058823999999999994,115910.15,89624.793
300126,2026-01-12,8.97,0.039397,94844.0,83619.91
300127,2026-01-12,34.29,0.015398,203986.86,687671.85
300128,2026-01-12,7.69,0.015851999999999998,680805.88,524334.714
300129,2026-01-12,17.0,0.10677099999999999,2061458.17,3499758.007
300130,2026-01-12,29.4,0.062523,467801.28,1349268.691
300131,2026-01-12,15.79,0.0,1102335.12,1716093.563
300132,2026-01-12,8.87,0.01954,262899.83,229678.68
300133,2026-01-12,10.36,0.143488,2872275.75,2784675.475
300134,2026-01-12,13.44,0.034642,269604.24,358289.746
300135,2026-01-12,4.15,0.004843,297667.02,122972.176
300136,2026-01-12,83.11,0.105921,2147095.7,17231023.294
300137,2026-01-12,11.28,0.020814,248009.93,276303.075
300138,2026-01-12,13.02,-0.009132,80516.27,104407.162
300139,2026-01-12,35.45,0.05005899999999999,401623.9,1428556.224
300140,2026-01-12,7.14,0.012766,291032.1,206692.835
300141,2026-01-12,17.84,0.095823,543510.6,923745.797
300142,2026-01-12,12.29,0.014026,595756.49,727303.056
300143,2026-01-12,13.28,0.12162200000000001,602427.88,784321.444
300144,2026-01-12,8.48,0.019231,579957.76,488529.696
300145,2026-01-12,4.75,0.0063560000000000005,640161.27,302712.132
300146,2026-01-12,12.48,0.016287,230973.43,287067.649
300147,2026-01-12,8.98,-0.018579000000000002,143702.6,129061.736
300148,2026-01-12,5.04,0.07922900000000001,1096579.49,539898.528
300149,2026-01-12,12.61,0.151598,813631.13,1014922.204
300150,2026-01-12,5.8,0.045045,266331.93,152413.874
300151,2026-01-12,16.38,0.031486,204281.97,329808.719
300152,2026-01-12,2.27,0.031818,309099.86,69474.083
300153,2026-01-12,34.94,-0.030253000000000002,439591.49,1546772.37
300154,2026-01-12,9.71,0.016754,77689.0,74971.998
300155,2026-01-12,7.04,0.030747,258982.0,181555.916
300157,2026-01-12,4.95,0.022727,531343.29,259813.108
300158,2026-01-12,6.27,0.0,392525.12,245406.34
300159,2026-01-12,3.37,0.069841,979222.82,325637.939
300160,2026-01-12,5.78,0.021200999999999998,201353.12,116083.215
300161,2026-01-12,32.45,0.044416000000000004,109914.22,350674.69
300162,2026-01-12,8.6,0.036145000000000004,258466.22,219257.686
300163,2026-01-12,4.48,-0.00885,438090.58,195820.993
300164,2026-01-12,6.43,-0.021309,1451662.0,928065.36
300165,2026-01-12,4.88,0.002053,75045.0,36600.826
300166,2026-01-12,11.91,0.068161,884790.57,1031783.11
300167,2026-01-12,5.31,-0.014842,142621.0,76079.767
300168,2026-01-12,7.82,0.071233,926363.76,714319.876
300170,2026-01-12,29.39,0.20008199999999998,2702370.44,7387782.577
300171,2026-01-12,17.98,0.039907,216602.65,381840.321
300172,2026-01-12,5.75,0.012324,273750.33,156388.89
300173,2026-01-12,4.46,0.006772,342972.09,152529.856
300174,2026-01-12,16.35,0.020599,119855.25,194060.955
300175,2026-01-12,5.94,0.013652,69750.0,41494.274
300176,2026-01-12,6.9,0.019202,137784.8,94246.445
300177,2026-01-12,11.66,0.053297,934939.32,1077005.421
300179,2026-01-12,16.36,0.0030659999999999997,472764.32,763640.537
300180,2026-01-12,7.24,0.053857,1035273.75,733716.308
300181,2026-01-12,16.63,0.001807,118355.97,196005.036
300182,2026-01-12,6.69,0.105785,3552362.05,2312361.418
300183,2026-01-12,16.1,0.03404,129307.17,206257.113
300184,2026-01-12,10.95,0.045845000000000004,782695.24,841784.917
300185,2026-01-12,3.09,0.036913,1772327.05,539623.192
300187,2026-01-12,5.07,0.00996,125925.0,63257.672
300188,2026-01-12,16.15,0.06319899999999999,510149.45,809188.463
300189,2026-01-12,7.77,0.036000000000000004,2315095.96,1777330.097
300190,2026-01-12,4.58,0.026906,328197.81,148746.289
300191,2026-01-12,20.14,0.00499,95035.12,190995.759
300192,2026-01-12,23.65,0.047387,473633.8,1109291.647
300193,2026-01-12,9.21,0.008761999999999999,95503.02,87439.338
300194,2026-01-12,4.52,0.0066820000000000004,303523.68,136552.547
300195,2026-01-12,8.67,0.02847,156247.02,133828.972
300196,2026-01-12,14.94,0.005384,84520.54,125634.305
300197,2026-01-12,1.87,0.016304,508043.17,94295.925
300198,2026-01-12,2.65,0.031128,349747.43,92234.663
300199,2026-01-12,20.05,0.013138,464717.86,928091.485
300200,2026-01-12,14.77,0.032145,822452.49,1202046.601
300201,2026-01-12,7.66,0.02681,861673.18,654550.779
300203,2026-01-12,16.74,0.019488000000000002,140410.53,233867.159
300204,2026-01-12,30.35,-0.014610000000000001,329163.71,1002722.877
300205,2026-01-12,4.88,-0.014140999999999999,60698.07,29616.378
300206,2026-01-12,14.82,0.023481000000000002,204138.43,301556.765
300207,2026-01-12,25.43,-0.007416000000000001,1086848.67,2702094.662
300209,2026-01-12,5.61,-0.003552,226383.55,126326.362
300210,2026-01-12,10.22,0.130531,515420.24,515117.926
300211,2026-01-12,9.29,0.0,41428.0,38590.338
300212,2026-01-12,21.44,0.088325,459287.68,956273.232
300213,2026-01-12,10.61,0.054672,633338.0,660797.195
300214,2026-01-12,7.12,0.009929,129433.0,91296.452
300215,2026-01-12,7.03,0.044577,364495.31,253750.593
300217,2026-01-12,5.57,0.022018,632310.55,350303.736
300218,2026-01-12,16.81,0.004182,74369.0,124961.995
300219,2026-01-12,7.53,0.009383,309592.04,231036.595
300220,2026-01-12,15.7,0.032895,59375.7,91767.484
300221,2026-01-12,12.2,0.132776,994650.82,1166225.318
300222,2026-01-12,12.36,0.05641,505204.85,609818.581
300223,2026-01-12,118.97,0.010361,380994.06,4530381.039
300224,2026-01-12,16.88,0.022411,529074.64,878061.579
300225,2026-01-12,6.25,0.038206000000000004,249862.4,153254.231
300226,2026-01-12,29.25,0.08333299999999999,341598.68,977421.089
300227,2026-01-12,10.35,0.031904,339861.7,349263.846
300228,2026-01-12,11.0,0.055662,1028787.5,1120878.482
300229,2026-01-12,26.44,0.200182,1769865.04,4454599.457
300230,2026-01-12,5.05,0.01,227824.4,114526.685
300231,2026-01-12,11.72,0.067395,349505.85,400450.137
300232,2026-01-12,8.11,0.065703,742862.33,591201.255
300233,2026-01-12,15.1,0.014785,127193.92,192366.564
300234,2026-01-12,5.76,-0.013699,211475.45,121358.029
300235,2026-01-12,18.1,0.043228,237233.51,425068.386
300236,2026-01-12,80.05,0.030112,272788.23,2161508.978
300237,2026-01-12,2.47,-0.015936,504968.4,124634.753
300238,2026-01-12,17.85,0.030005999999999998,301325.96,529772.729
300239,2026-01-12,6.6,0.10924400000000001,575133.93,365531.162
300240,2026-01-12,7.8,0.016949000000000002,114398.64,88729.746
300241,2026-01-12,5.97,0.018771,262652.0,155658.784
300242,2026-01-12,5.75,0.056985,832272.04,472820.361
300243,2026-01-12,10.72,0.003745,62565.88,66898.224
300244,2026-01-12,26.06,0.199816,533481.66,1376088.285
300245,2026-01-12,13.96,0.08301,240776.25,328079.607
300246,2026-01-12,10.91,0.171858,499510.09,523095.55
300247,2026-01-12,5.34,0.024952000000000002,445683.0,238919.678
300248,2026-01-12,15.2,0.176471,820873.04,1191591.326
300249,2026-01-12,16.62,0.023399,471942.01,779227.759
300250,2026-01-12,28.84,0.071322,372552.08,1058660.264
300251,2026-01-12,18.7,0.0803,1713692.12,3151227.477
300252,2026-01-12,17.79,0.08211700000000001,1041375.78,1793083.559
300253,2026-01-12,12.97,0.199815,4285175.62,5234576.137
300254,2026-01-12,10.93,0.008303,127331.01,139060.999
300255,2026-01-12,57.79,-0.020176,251656.18,1494016.537
300256,2026-01-12,4.23,0.036765,971876.01,406085.832
300257,2026-01-12,14.85,0.015732,146978.81,213384.989
300258,2026-01-12,14.63,0.004808,311966.49,454667.001
300259,2026-01-12,4.75,0.037118000000000005,530349.67,247447.788
300260,2026-01-12,58.54,-0.010145,269696.86,1573990.062
300261,2026-01-12,7.14,0.021459000000000002,194222.61,137632.149
300263,2026-01-12,10.38,0.071207,1069757.97,1097512.863
300264,2026-01-12,7.4,-0.023746999999999997,475071.8,352448.937
300265,2026-01-12,16.64,0.07702300000000001,997792.01,1620603.983
300266,2026-01-12,2.69,0.011278,364951.0,97511.386
300267,2026-01-12,3.71,0.022039,505817.8,185593.865
300268,2026-01-12,13.09,0.003065,23330.0,30238.972
300269,2026-01-12,9.44,0.15122,1651161.35,1514789.108
300270,2026-01-12,12.78,0.043265000000000005,238661.8,301194.692
300271,2026-01-12,8.55,0.07818399999999999,641775.1,538284.259
300272,2026-01-12,7.85,0.026143999999999997,304780.03,237149.561
300274,2026-01-12,163.45,-0.033126,972582.37,15842430.546
300275,2026-01-12,14.52,0.016094999999999998,309702.0,447014.079
300276,2026-01-12,10.05,0.033950999999999995,819055.57,814907.676
300277,2026-01-12,13.84,0.010219,154826.07,213308.726
300278,2026-01-12,6.75,0.092233,1058386.47,691189.231
300279,2026-01-12,7.55,0.02027,138174.8,103026.123
300281,2026-01-12,8.74,0.018648,342728.5,298370.699
300283,2026-01-12,8.41,0.064557,352714.03,287578.773
300284,2026-01-12,8.46,0.04059,267386.19,223827.507
300285,2026-01-12,36.26,0.070248,849389.05,2996179.626
300286,2026-01-12,27.04,0.037208,128839.47,343462.516
300287,2026-01-12,5.85,0.11005699999999999,1874183.76,1071094.991
300288,2026-01-12,15.85,0.04689600000000001,320504.0,501606.328
300289,2026-01-12,7.56,0.038462,198947.94,149483.339
300290,2026-01-12,21.02,0.040079000000000004,774871.44,1599138.115
300291,2026-01-12,10.39,0.199769,1678580.14,1637313.906
300292,2026-01-12,4.92,0.046809,788458.99,382647.977
300293,2026-01-12,22.99,0.015459,140730.75,322360.259
300294,2026-01-12,23.67,0.007663,55118.98,129692.14
300295,2026-01-12,14.03,0.051724,147202.86,203506.056
300296,2026-01-12,7.07,0.047407000000000005,1456295.93,1017908.239
300298,2026-01-12,19.22,0.030562999999999996,266439.68,512267.748
300299,2026-01-12,8.3,0.051965000000000004,1024223.33,838862.872
300300,2026-01-12,14.16,0.036603,1090575.59,1517442.814
300301,2026-01-12,2.33,0.0,108347.1,25241.741
300302,2026-01-12,20.62,0.03566,311779.6,636547.615
300303,2026-01-12,7.19,0.024217,837219.98,595415.472
300304,2026-01-12,12.0,0.017811999999999998,287410.65,340411.531
300305,2026-01-12,6.25,0.021242,84086.02,51956.506
300306,2026-01-12,14.54,0.020350999999999998,132343.59,191700.457
300307,2026-01-12,7.45,0.021948,231956.68,171891.124
300308,2026-01-12,591.97,0.015038000000000001,383607.52,22117906.764
300310,2026-01-12,7.07,0.047407000000000005,1135680.93,800309.826
300311,2026-01-12,4.87,0.027426,173678.49,84079.881
300313,2026-01-12,8.49,-0.001176,39938.0,33821.543
300314,2026-01-12,13.89,0.015350999999999998,62451.85,86321.351
300315,2026-01-12,5.97,0.111732,4019317.09,2330952.177
300316,2026-01-12,40.92,0.061203,521054.98,2111655.241
300317,2026-01-12,4.05,0.020151,293166.81,118186.834
300318,2026-01-12,6.66,0.0,176541.41,117484.512
300319,2026-01-12,12.72,0.027464,412250.73,518971.608
300320,2026-01-12,9.87,0.023858999999999998,149263.27,146535.211
300321,2026-01-12,41.17,-0.047210999999999996,33330.0,139451.639
300322,2026-01-12,33.29,0.056155,1048166.9,3445488.646
300323,2026-01-12,8.8,0.016166,409110.74,357013.597
300324,2026-01-12,7.03,0.071646,2363354.84,1637183.176
300326,2026-01-12,5.63,-0.0053,86466.46,48530.713
300327,2026-01-12,31.0,0.033333,254179.29,778046.157
300328,2026-01-12,18.15,0.015101,430252.8,770517.703
300329,2026-01-12,14.92,-0.01061,83766.0,125505.538
300331,2026-01-12,43.35,0.063804,423065.76,1773284.653
300332,2026-01-12,5.55,-0.0035909999999999996,254862.99,140944.468
300333,2026-01-12,12.27,0.050514,263448.11,317446.791
300334,2026-01-12,7.31,0.01669,77764.0,56320.639
300335,2026-01-12,5.96,0.006757,127834.91,75848.129
300337,2026-01-12,21.16,0.136412,1566097.38,3107243.559
300338,2026-01-12,3.64,-0.016215999999999998,107864.0,39275.683
300339,2026-01-12,58.51,0.118097,1106389.59,6230428.546
300340,2026-01-12,12.86,0.010212,113637.6,145205.378
300341,2026-01-12,17.8,0.048292,167012.13,293643.871
300342,2026-01-12,47.16,0.2,829476.48,3729831.899
300343,2026-01-12,5.87,-0.010118,235216.83,137670.477
300344,2026-01-12,1.01,0.0,305041.93,30926.772
300345,2026-01-12,6.61,0.021638,139619.51,91683.507
300346,2026-01-12,57.35,-0.016295,1146031.31,6507070.587
300347,2026-01-12,59.78,-0.006812,115581.78,693494.925
300348,2026-01-12,16.09,0.071238,779894.13,1224976.148
300349,2026-01-12,19.88,0.199759,557705.41,1075622.936
300350,2026-01-12,6.71,0.029141,343220.85,228379.549
300351,2026-01-12,19.09,0.025242,224320.52,424740.922
300352,2026-01-12,6.94,0.046757,1224102.04,836332.408
300353,2026-01-12,24.47,0.075132,593933.78,1432672.759
300354,2026-01-12,49.6,0.043771000000000004,100180.72,491594.977
300355,2026-01-12,4.17,0.014598999999999999,521581.86,216270.92
300357,2026-01-12,30.85,-0.011217999999999999,83625.87,257616.572
300358,2026-01-12,11.28,-0.000886,418749.19,470094.325
300359,2026-01-12,5.87,0.059566999999999995,314929.0,181124.959
300360,2026-01-12,18.44,0.035955,321002.04,581098.326
300363,2026-01-12,25.97,0.014453,170494.73,439878.133
300364,2026-01-12,34.98,0.2,1428395.65,4634099.432
300365,2026-01-12,6.93,0.029718,279974.0,192342.908
300366,2026-01-12,7.88,0.083906,474925.26,375132.644
300368,2026-01-12,15.59,0.049124999999999995,686515.5,1053273.729
300369,2026-01-12,8.31,0.045283,431129.76,352199.176
300370,2026-01-12,2.8,0.03321,421248.0,116089.493
300371,2026-01-12,13.13,0.01941,31863.11,41443.627
300373,2026-01-12,70.31,0.004285,133283.76,931455.934
300374,2026-01-12,16.49,0.017901,87107.4,141954.676
300375,2026-01-12,5.74,0.047445,667181.49,382585.398
300376,2026-01-12,7.27,0.064422,521035.93,370597.743
300377,2026-01-12,24.81,0.109571,1618981.44,3859476.913
300378,2026-01-12,62.69,0.16784600000000002,541110.53,3197692.065
300379,2026-01-12,1.84,0.121951,420043.91,74133.022
300380,2026-01-12,46.94,0.073896,146660.51,673040.776
300381,2026-01-12,6.96,0.026549,110592.03,76265.851
300382,2026-01-12,16.69,0.06850200000000001,453972.85,755473.268
300383,2026-01-12,15.89,0.050231000000000005,2345928.43,3698563.587
300384,2026-01-12,17.63,0.051909000000000004,111988.05,193989.216
300385,2026-01-12,7.22,0.057101,197310.83,141205.372
300386,2026-01-12,18.19,0.04181,195930.0,351236.055
300387,2026-01-12,8.81,0.0057079999999999995,69018.0,60479.495
300388,2026-01-12,8.25,0.008557,88059.8,72053.595
300389,2026-01-12,17.39,-0.006853000000000001,152997.8,266218.436
300390,2026-01-12,52.9,0.027384,484312.53,2593239.436
300391,2026-01-12,0.81,0.0,521553.0,42944.885
300393,2026-01-12,7.51,0.044506,874085.04,654102.185
300394,2026-01-12,202.41,0.017136,394652.59,7840966.592
300395,2026-01-12,94.43,-0.012547999999999998,277818.22,2621024.037
300396,2026-01-12,13.72,0.020074,51799.21,70920.982
300397,2026-01-12,17.12,0.048376999999999996,700624.71,1182386.431
300398,2026-01-12,25.27,0.01772,433104.73,1087664.686
300399,2026-01-12,31.01,0.059447,361421.76,1097944.845
300400,2026-01-12,21.69,0.017355,104956.0,225145.168
300401,2026-01-12,17.36,0.055961,543162.9,938940.901
300402,2026-01-12,23.78,0.018852,186624.8,438805.479
300403,2026-01-12,14.8,0.024221,300486.64,440458.973
300404,2026-01-12,10.77,0.020853,232827.75,249111.223
300405,2026-01-12,6.74,0.0014860000000000001,183078.55,123094.611
300406,2026-01-12,13.92,0.025036999999999997,92771.93,128310.326
300407,2026-01-12,12.77,0.050164,164472.22,204585.575
300408,2026-01-12,47.63,-0.0014680000000000001,314901.98,1476702.267
300409,2026-01-12,34.94,0.199863,2040579.99,6376390.288
300410,2026-01-12,8.68,0.002309,198089.71,170970.102
300411,2026-01-12,12.94,0.039357,295980.6,377371.793
300412,2026-01-12,5.73,0.0017480000000000002,181444.3,103587.408
300413,2026-01-12,29.65,0.125664,810756.49,2305791.245
300414,2026-01-12,19.35,0.087079,728391.76,1358090.443
300415,2026-01-12,27.4,-0.005806,120446.33,329251.958
300416,2026-01-12,21.42,0.075301,850373.81,1784039.704
300417,2026-01-12,14.24,0.00636,31235.8,44524.006
300418,2026-01-12,64.82,0.199926,1984591.79,12249925.029
300419,2026-01-12,6.63,0.0030259999999999996,128516.92,84850.971
300420,2026-01-12,4.37,0.045454999999999995,705338.14,302985.76
300421,2026-01-12,37.15,0.020604,526965.32,1944338.556
300422,2026-01-12,4.8,0.010526,76397.11,36442.185
300423,2026-01-12,9.53,0.033623,497513.1,470798.0
300424,2026-01-12,21.11,0.058144999999999995,491939.94,1012135.583
300425,2026-01-12,5.11,0.001961,111839.61,56895.809
300426,2026-01-12,9.43,0.10941200000000001,266521.41,238824.695
300427,2026-01-12,14.05,0.027798,1470196.11,2079719.774
300428,2026-01-12,24.85,0.0036349999999999998,248336.32,610895.644
300429,2026-01-12,16.03,0.01972,572016.84,907937.244
300430,2026-01-12,25.59,0.036871999999999995,481277.81,1218336.688
300432,2026-01-12,19.3,0.048343,1146446.99,2128543.422
300433,2026-01-12,42.66,0.10260999999999999,2876984.83,12012145.258
300434,2026-01-12,10.87,0.008349,130129.8,140037.992
300435,2026-01-12,31.6,0.200152,489707.21,1462306.972
300436,2026-01-12,93.38,-0.010805,89272.38,823180.503
300437,2026-01-12,18.6,0.09026999999999999,409556.97,744793.418
300438,2026-01-12,52.18,-0.023212,317913.89,1664260.021
300439,2026-01-12,10.28,0.008832,48369.0,49513.44
300440,2026-01-12,12.4,0.007311,99845.0,123915.828
300441,2026-01-12,7.84,0.003841,166687.58,130035.01
300442,2026-01-12,83.04,0.2,1243631.59,9496293.63
300443,2026-01-12,30.62,-0.004551,128238.64,391591.092
300444,2026-01-12,10.81,0.030505,936389.59,995587.871
300445,2026-01-12,29.01,0.046914,222523.88,626256.447
300446,2026-01-12,30.69,0.07083,895829.03,2702930.111
300447,2026-01-12,23.24,0.152778,536541.09,1175163.59
300448,2026-01-12,9.08,0.041284,577292.73,519139.286
300449,2026-01-12,7.92,0.050398,141196.64,110330.509
300450,2026-01-12,56.24,-0.036986,1359506.04,7641562.578
300451,2026-01-12,6.16,0.067591,2203343.38,1344604.301
300452,2026-01-12,13.89,0.011653,68272.04,94252.147
300453,2026-01-12,9.48,0.039474,178360.0,167549.507
300454,2026-01-12,152.0,0.13943,249467.1,3602143.697
300455,2026-01-12,40.1,0.14050100000000001,898871.98,3407342.813
300456,2026-01-12,55.93,0.053097000000000005,870416.71,4746257.642
300457,2026-01-12,29.28,-0.012479,274668.11,797688.365
300458,2026-01-12,46.44,0.036145000000000004,401446.28,1838122.687
300459,2026-01-12,5.9,0.092593,7633354.53,4424540.183
300460,2026-01-12,9.02,0.102689,318094.4,282162.588
300461,2026-01-12,19.84,0.012762,31064.8,61456.655
300462,2026-01-12,11.42,-0.0034899999999999996,58531.0,66683.276
300463,2026-01-12,11.91,0.011895,96081.98,113746.332
300464,2026-01-12,6.6,0.021671999999999997,183563.92,119961.538
300465,2026-01-12,21.83,0.052555,381094.38,813809.512
300466,2026-01-12,10.47,0.025465,135161.6,140446.79
300467,2026-01-12,33.5,0.035228999999999996,146517.86,481214.719
300468,2026-01-12,37.4,0.030303,569494.51,2096453.765
300469,2026-01-12,70.93,0.060556,146203.0,1001672.517
300470,2026-01-12,39.67,0.031998,85499.0,336801.049
300471,2026-01-12,13.7,0.027757,223651.12,302422.873
300472,2026-01-12,7.8,0.034483,149557.99,116403.457
300473,2026-01-12,32.06,-0.009577,77960.0,248647.116
300474,2026-01-12,79.34,0.050164999999999994,261531.59,2041470.358
300475,2026-01-12,175.0,0.060606,521174.02,8649859.718
300476,2026-01-12,285.0,-0.033243,386115.04,11022257.242
300477,2026-01-12,2.69,-0.0037040000000000003,619215.24,166961.09
300478,2026-01-12,27.83,-0.029299,76927.3,215149.366
300479,2026-01-12,20.33,0.041496000000000005,123047.02,247222.436
300480,2026-01-12,19.03,0.000526,182714.03,346582.409
300481,2026-01-12,16.47,0.003045,100856.82,165723.462
300482,2026-01-12,20.85,0.021058,98132.58,202176.619
300483,2026-01-12,15.54,-0.010190999999999999,133663.91,208081.726
300484,2026-01-12,20.4,0.008902,84218.2,170734.162
300485,2026-01-12,11.43,0.0,92236.0,105140.521
300486,2026-01-12,21.9,0.043851,396222.3,879435.415
300487,2026-01-12,70.72,0.056784,91234.84,641109.272
300488,2026-01-12,33.81,0.019601999999999998,24615.58,82401.037
300489,2026-01-12,48.09,-0.016765000000000002,89192.5,430861.814
300490,2026-01-12,12.87,0.032077,386257.61,489261.577
300491,2026-01-12,28.7,0.016649,186992.89,537952.239
300492,2026-01-12,87.51,-0.0074860000000000005,40635.17,355541.972
300493,2026-01-12,23.6,0.074681,793839.83,1829198.59
300494,2026-01-12,14.6,0.11791700000000001,673731.55,943905.363
300496,2026-01-12,85.01,0.13467700000000002,547873.13,4408517.079
300497,2026-01-12,16.44,0.011692000000000001,554719.31,929677.725
300498,2026-01-12,17.05,0.004122,446110.56,757227.014
300499,2026-01-12,32.37,-0.0064459999999999995,419092.09,1363646.844
300500,2026-01-12,12.35,0.018137,80509.5,98511.928
300501,2026-01-12,15.69,0.000638,45747.0,71374.068
300502,2026-01-12,391.35,-0.017252,542674.72,20777387.282
300503,2026-01-12,69.27,0.06717,634300.71,4365571.388
300504,2026-01-12,15.89,0.03048,85996.0,135090.376
300505,2026-01-12,25.69,0.013412,345961.07,886468.619
300506,2026-01-12,4.31,0.0311,185059.71,78863.315
300507,2026-01-12,10.14,0.042138,470273.46,468304.575
300508,2026-01-12,41.0,0.054798,94921.52,383424.115
300509,2026-01-12,15.65,-0.035142,221420.05,345837.946
300510,2026-01-12,4.4,0.023256000000000002,260424.0,113379.456
300511,2026-01-12,6.5,0.036683,348487.71,223582.917
300512,2026-01-12,9.74,0.014582999999999999,90645.0,87725.131
300513,2026-01-12,10.75,-0.003707,224293.02,241058.449
300514,2026-01-12,14.14,0.022414999999999997,50324.0,70320.88
300515,2026-01-12,20.75,0.006305,38476.86,79664.33
300516,2026-01-12,95.0,0.086335,237979.4,2208305.482
300517,2026-01-12,12.03,-0.024331000000000002,102621.42,123778.832
300518,2026-01-12,19.52,-0.055179,231094.2,455190.248
300519,2026-01-12,15.68,0.001917,34561.0,53937.104
300520,2026-01-12,48.52,0.20009899999999997,855074.31,3785566.872
300521,2026-01-12,32.78,-0.01915,89815.01,296678.611
300522,2026-01-12,13.24,0.031956000000000005,108631.3,142442.529
300523,2026-01-12,25.47,0.042998,90597.56,228394.062
300525,2026-01-12,15.61,0.07953,833947.43,1268006.472
300527,2026-01-12,8.39,0.007203,216038.92,180816.147
300528,2026-01-12,22.12,0.036066,312222.3,688314.405
300529,2026-01-12,20.69,0.000968,62169.33,128419.034
300530,2026-01-12,28.4,0.013924,38859.0,109088.198
300531,2026-01-12,18.94,0.036671999999999996,147116.36,274793.154
300532,2026-01-12,12.59,0.029436,115535.73,144199.146
300533,2026-01-12,40.8,0.084241,280412.87,1114016.947
300534,2026-01-12,9.82,0.00409,91128.06,89061.962
300535,2026-01-12,18.65,0.01084,25017.0,46297.105
300536,2026-01-12,8.96,-0.055848,409206.75,367736.896
300537,2026-01-12,23.97,0.005031,149240.63,354513.497
300538,2026-01-12,17.17,0.01718,138115.91,234171.149
300539,2026-01-12,40.43,-0.002221,108412.8,441413.391
300540,2026-01-12,24.13,0.069592,221167.52,520652.986
300541,2026-01-12,16.13,0.044013,399490.71,636182.349
300542,2026-01-12,21.43,0.05049000000000001,255969.98,539448.774
300543,2026-01-12,11.52,0.029491,119077.78,135369.433
300545,2026-01-12,34.95,0.020139999999999998,187779.46,650787.646
300546,2026-01-12,26.78,0.041618,143668.35,378044.659
300547,2026-01-12,39.63,0.010196,136010.92,533318.485
300548,2026-01-12,131.88,-0.013613,255943.73,3342530.255
300549,2026-01-12,19.45,0.021534,30713.0,59186.145
300550,2026-01-12,15.88,0.031169,103581.71,164005.952
300551,2026-01-12,18.24,0.059849,286598.34,512951.171
300552,2026-01-12,38.0,0.060267999999999995,272942.59,1009934.178
300553,2026-01-12,46.8,0.009491000000000001,130232.86,608732.57
300554,2026-01-12,24.46,-0.002447,41969.5,102376.941
300555,2026-01-12,15.38,-0.012837000000000001,34821.05,53795.044
300556,2026-01-12,21.1,0.05132,117782.0,245828.552
300557,2026-01-12,40.61,0.047729999999999995,131993.14,522003.281
300558,2026-01-12,50.59,-0.0051129999999999995,98226.24,495744.152
300559,2026-01-12,14.3,0.048387,205102.66,287850.821
300560,2026-01-12,18.5,0.054732,359815.89,656213.735
300561,2026-01-12,21.82,0.00368,159007.87,347021.808
300562,2026-01-12,15.35,0.056435000000000006,197073.09,299228.134
300563,2026-01-12,40.18,0.043094,143549.69,569315.941
300564,2026-01-12,16.04,0.001874,28578.4,45678.313
300565,2026-01-12,13.52,0.032850000000000004,192013.77,256142.568
300566,2026-01-12,19.4,0.015707,129835.5,250104.25
300567,2026-01-12,109.57,0.021440999999999998,141210.47,1542819.428
300568,2026-01-12,15.28,0.006588,892619.55,1347602.478
300569,2026-01-12,6.15,0.006547,309098.56,189149.26
300570,2026-01-12,113.2,-0.020253,196560.1,2207113.588
300571,2026-01-12,31.59,0.042573999999999994,90518.98,280550.411
300572,2026-01-12,32.1,0.037157,114024.76,368265.743
300573,2026-01-12,73.92,-0.019889,109557.53,809573.242
300575,2026-01-12,6.02,0.010067,80366.88,48192.638
300576,2026-01-12,44.47,0.013677,344071.49,1514471.185
300577,2026-01-12,21.65,0.0013880000000000001,21396.0,46196.006
300578,2026-01-12,26.79,0.078068,671381.64,1765288.178
300579,2026-01-12,34.82,0.051011,179714.1,614819.763
300580,2026-01-12,26.92,0.026697000000000002,123147.73,327612.742
300581,2026-01-12,18.29,0.020647000000000002,469924.3,856304.407
300582,2026-01-12,17.43,-0.011344,184285.85,319826.086
300583,2026-01-12,14.46,0.007665999999999999,30084.2,43542.081
300584,2026-01-12,53.2,0.0015060000000000002,55158.22,292506.723
300585,2026-01-12,19.23,-0.008252,137042.0,266743.139
300586,2026-01-12,11.95,0.023993,472276.77,551892.279
300587,2026-01-12,6.33,0.025932,368627.56,233293.605
300588,2026-01-12,28.98,0.04886,138859.28,388271.027
300589,2026-01-12,22.5,0.017179,766025.65,1722601.562
300590,2026-01-12,13.8,0.059094,312310.7,422670.012
300591,2026-01-12,9.72,0.010395000000000001,369187.75,355946.424
300592,2026-01-12,13.22,0.08806599999999999,544939.8,707425.552
300593,2026-01-12,36.08,0.054661999999999995,492365.67,1765795.781
300594,2026-01-12,23.72,0.12151300000000001,105816.99,245553.475
300595,2026-01-12,16.65,0.025878,213731.74,351596.771
300596,2026-01-12,44.68,-0.011942,68955.89,303057.552
300597,2026-01-12,10.16,0.049587000000000006,230180.64,229660.468
300598,2026-01-12,51.43,0.07123499999999999,201366.9,1010369.342
300599,2026-01-12,10.3,0.025896,220538.72,224693.362
300600,2026-01-12,16.39,0.037342,211249.52,343751.402
300601,2026-01-12,16.16,0.013166,188701.33,304032.012
300602,2026-01-12,33.53,0.017294,342665.12,1147626.282
300603,2026-01-12,10.78,0.036538,233858.55,248260.084
300604,2026-01-12,128.66,0.040938999999999996,461199.61,5857833.102
300605,2026-01-12,17.75,0.066066,178873.93,310518.516
300606,2026-01-12,25.42,0.001971,124948.5,316734.488
300607,2026-01-12,34.61,0.05357700000000001,381245.1,1290736.119
300608,2026-01-12,12.71,0.053897,254553.25,320223.149
300609,2026-01-12,44.41,0.00886,95844.52,420830.945
300610,2026-01-12,11.95,0.009291,45303.1,53844.618
300611,2026-01-12,28.87,0.022671,113150.1,322110.05
300612,2026-01-12,23.06,0.133727,629258.5,1389832.685
300613,2026-01-12,49.58,0.038325,79346.4,387851.609
300614,2026-01-12,13.01,0.020392,27343.42,35363.789
300615,2026-01-12,14.2,0.017921,59265.32,83539.966
300616,2026-01-12,15.16,0.054242,74257.0,110439.961
300617,2026-01-12,34.96,0.027631000000000003,49151.32,170365.118
300618,2026-01-12,48.51,0.002894,158557.83,764167.939
300619,2026-01-12,45.38,-0.049832,178666.06,821965.068
300620,2026-01-12,157.7,0.030988,242911.36,3710043.329
300621,2026-01-12,8.71,0.015152,46499.0,40264.653
300622,2026-01-12,33.91,0.046282,237874.01,790184.726
300623,2026-01-12,29.52,0.012346,246831.56,721944.199
300624,2026-01-12,99.06,0.2,408414.43,3738688.446
300625,2026-01-12,12.37,0.010621,29309.0,36106.164
300626,2026-01-12,18.01,0.08494,223122.21,403048.383
300627,2026-01-12,46.3,0.084817,596820.5,2724342.685
300628,2026-01-12,37.41,0.022690000000000002,132427.61,493165.235
300629,2026-01-12,33.27,0.15520799999999998,564166.34,1818360.724
300631,2026-01-12,30.73,0.014191,53158.41,163213.1
300632,2026-01-12,15.82,0.021964,193309.31,304927.762
300633,2026-01-12,29.45,0.016569,54015.37,158219.149
300634,2026-01-12,33.43,0.131686,777338.82,2462436.931
300635,2026-01-12,17.05,0.02649,80320.0,134451.299
300636,2026-01-12,7.77,0.005175,63477.5,49229.703
300637,2026-01-12,12.81,0.013449,115973.65,146999.648
300638,2026-01-12,36.0,0.165426,1180287.97,3972591.65
300639,2026-01-12,5.74,0.010563,86247.6,49318.678
300640,2026-01-12,8.67,0.039568,459537.3,388687.669
300641,2026-01-12,18.8,0.012386,104158.51,194207.291
300642,2026-01-12,20.93,0.028501,130527.6,274664.318
300643,2026-01-12,20.25,0.015038000000000001,87386.4,174211.067
300644,2026-01-12,37.42,0.005644,55570.1,206970.412
300645,2026-01-12,20.55,0.056012000000000006,118936.04,240601.715
300647,2026-01-12,7.45,0.029005999999999997,440637.16,323897.371
300648,2026-01-12,62.23,0.102196,196199.93,1227195.44
300649,2026-01-12,14.87,0.005409000000000001,27551.0,40862.695
300650,2026-01-12,17.71,0.010268,125566.7,220623.435
300651,2026-01-12,22.54,0.052779,107590.3,239030.508
300652,2026-01-12,61.39,0.021974,92854.07,564929.928
300653,2026-01-12,21.39,0.011348,35167.56,74966.539
300654,2026-01-12,11.7,0.079336,489858.19,556376.649
300655,2026-01-12,19.0,0.0026390000000000003,1006783.37,1903076.389
300656,2026-01-12,25.34,0.104139,140817.38,346485.933
300657,2026-01-12,31.69,0.031911,350193.21,1093909.06
300659,2026-01-12,16.86,0.049813,176854.0,292527.288
300660,2026-01-12,56.98,0.030192999999999998,194775.05,1089782.102
300661,2026-01-12,73.29,0.004661,204877.54,1494054.379
300662,2026-01-12,30.24,0.13089,207391.05,614672.142
300663,2026-01-12,20.09,0.055147,565747.68,1122663.554
300664,2026-01-12,5.63,0.007156,222345.13,124510.54
300665,2026-01-12,9.23,-0.002162,137012.88,126402.543
300666,2026-01-12,115.23,0.015153000000000002,151544.41,1733256.699
300667,2026-01-12,19.77,0.064047,219166.75,425190.845
300668,2026-01-12,30.9,0.071429,101262.6,308251.84
300669,2026-01-12,25.97,-0.001154,31767.0,83148.449
300670,2026-01-12,6.99,0.00431,127871.25,89412.991
300671,2026-01-12,35.06,0.026347,70606.79,244856.38
300672,2026-01-12,124.35,0.054618,196545.03,2426155.848
300673,2026-01-12,18.89,0.004253,104424.48,193741.984
300674,2026-01-12,26.17,0.089509,574689.66,1462266.415
300675,2026-01-12,16.22,0.011853,42230.8,68092.303
300676,2026-01-12,54.7,0.058232,221946.35,1189769.56
300677,2026-01-12,38.86,-0.0167,145406.03,566099.359
300678,2026-01-12,36.98,0.07281699999999999,359724.1,1299077.7
300679,2026-01-12,50.78,-0.003922999999999999,91107.73,459327.489
300680,2026-01-12,57.87,0.06280999999999999,293708.4,1652664.735
300681,2026-01-12,27.29,0.027871999999999997,122007.87,330628.832
300682,2026-01-12,17.35,0.064417,514162.82,874074.063
300683,2026-01-12,29.84,-0.008967000000000001,40432.0,120611.684
300684,2026-01-12,49.75,0.0,186899.0,920021.229
300685,2026-01-12,21.81,0.005533,93203.34,202765.434
300686,2026-01-12,16.11,0.03137,117161.0,186273.054
300687,2026-01-12,28.99,0.11757899999999999,475754.76,1325871.463
300688,2026-01-12,33.39,0.06236100000000001,258764.54,849478.321
300689,2026-01-12,50.87,0.0005899999999999999,23162.0,117227.768
300690,2026-01-12,34.75,0.002307,103131.39,357002.871
300691,2026-01-12,18.1,0.015143,61870.28,111148.587
300692,2026-01-12,9.42,0.09407700000000001,344445.53,314230.519
300693,2026-01-12,40.96,-0.01015,212196.25,860024.634
300694,2026-01-12,12.37,0.007329,50523.0,62289.274
300695,2026-01-12,92.45,-0.003986,16408.2,150984.739
300696,2026-01-12,32.93,0.026175999999999998,215757.23,702042.879
300697,2026-01-12,18.43,0.041243,267116.18,481268.096
300698,2026-01-12,46.66,0.038273,112836.21,516821.308
300699,2026-01-12,46.47,0.08676299999999999,794285.97,3602907.889
300700,2026-01-12,12.8,-0.004666,119699.57,151385.085
300701,2026-01-12,13.92,0.016801,187305.37,258121.924
300702,2026-01-12,25.78,0.012967,37086.16,95257.233
300703,2026-01-12,27.09,0.055729,182533.84,482892.457
300705,2026-01-12,15.77,0.0,96902.4,152472.779
300706,2026-01-12,38.88,0.026941000000000003,94988.1,364654.04
300707,2026-01-12,17.81,0.057601000000000006,193399.0,334929.26
300708,2026-01-12,9.89,0.039958,775521.12,757730.245
300709,2026-01-12,49.02,0.006364,133543.31,649002.104
300710,2026-01-12,34.5,0.032934,134097.6,450297.391
300711,2026-01-12,29.29,0.199918,262953.7,721246.79
300712,2026-01-12,27.98,0.014502999999999999,53238.1,147960.198
300713,2026-01-12,18.35,0.021145999999999998,45098.47,81652.365
300715,2026-01-12,11.72,0.027169,75247.27,88172.303
300716,2026-01-12,11.83,0.0,24202.5,28662.328
300717,2026-01-12,19.92,0.021015000000000002,16710.0,33128.344
300718,2026-01-12,86.11,0.021713,126003.49,1074965.104
300719,2026-01-12,19.21,0.042322,219730.59,415293.086
300720,2026-01-12,32.63,-0.096622,209373.3,709818.275
300721,2026-01-12,13.64,0.014881,45790.3,62208.632
300722,2026-01-12,39.48,0.0528,257086.5,998907.016
300723,2026-01-12,37.46,0.002677,139590.57,515632.281
300724,2026-01-12,116.55,0.127721,457697.41,5265341.838
300725,2026-01-12,45.52,0.050058,293999.92,1337300.489
300726,2026-01-12,54.6,-0.000915,246092.7,1333679.815
300727,2026-01-12,37.45,0.013531999999999999,54429.06,202998.632
300729,2026-01-12,14.4,0.0006950000000000001,62920.84,90071.436
300730,2026-01-12,14.89,0.050811999999999996,193874.56,283255.808
300731,2026-01-12,54.43,-0.017864,88345.0,479029.836
300732,2026-01-12,7.84,0.009009,79098.89,61734.966
300733,2026-01-12,20.7,0.040724,254304.46,511245.676
300735,2026-01-12,26.95,0.048638,224899.05,594604.798
300736,2026-01-12,17.16,-0.022222,106577.6,183626.496
300737,2026-01-12,5.71,0.01421,316343.69,178669.531
300738,2026-01-12,23.91,0.04638899999999999,1620256.51,3818744.631
300739,2026-01-12,19.59,0.042020999999999996,269411.32,520689.739
300740,2026-01-12,26.29,0.024950999999999997,273031.41,721895.562
300741,2026-01-12,19.3,0.01847,52321.59,100593.86
300743,2026-01-12,23.38,-0.03068,72022.82,169161.389
300745,2026-01-12,29.28,-0.009137,79359.37,230170.691
300746,2026-01-12,14.15,0.012159999999999999,48618.0,68638.616
300747,2026-01-12,36.08,0.06399300000000001,656958.1,2357715.578
300748,2026-01-12,38.48,0.017988999999999998,1008709.32,3828239.904
300749,2026-01-12,13.51,0.093927,215518.38,285761.863
300750,2026-01-12,361.68,-0.020448,488307.39,17505537.199
300751,2026-01-12,233.73,0.13378600000000002,180913.65,4213804.191
300752,2026-01-12,19.26,0.029396,85144.94,163058.998
300753,2026-01-12,43.19,0.109427,356039.27,1501951.206
300755,2026-01-12,18.06,0.014036999999999999,64956.0,116559.731
300756,2026-01-12,55.86,0.020087999999999998,54019.18,299666.621
300757,2026-01-12,287.0,-0.009696,107087.49,3115322.321
300758,2026-01-12,13.45,0.002235,116857.28,156076.075
300759,2026-01-12,31.55,-0.001266,230013.21,725312.899
300760,2026-01-12,208.03,0.021357,129125.14,2681170.242
300761,2026-01-12,21.1,-0.004247,113639.25,238430.949
300762,2026-01-12,55.6,0.090196,1456122.59,8031146.713
300763,2026-01-12,75.8,-0.001186,169910.01,1273256.959
300765,2026-01-12,41.39,0.007300999999999999,152718.15,635663.225
300766,2026-01-12,46.61,0.20005099999999998,1101582.8,4861354.084
300767,2026-01-12,22.09,0.03466,194705.03,426711.95
300768,2026-01-12,21.0,0.05,224756.41,462829.009
300769,2026-01-12,46.54,0.024659,231057.58,1068361.597
300770,2026-01-12,47.38,0.067598,137042.19,633137.001
300771,2026-01-12,17.07,0.025225,314947.8,523132.848
300772,2026-01-12,20.56,0.022886000000000004,152529.35,314071.069
300773,2026-01-12,28.6,0.033984,1026738.9,2891031.785
300774,2026-01-12,24.13,-0.025444,294308.0,707334.873
300775,2026-01-12,35.42,0.047618999999999995,613566.36,2141663.389
300776,2026-01-12,75.39,0.070425,200252.6,1501420.61
300777,2026-01-12,44.6,0.055372000000000005,510720.19,2236665.118
300778,2026-01-12,13.82,0.006555,60614.33,83387.15
300779,2026-01-12,121.82,-0.037757,92150.61,1121635.26
300780,2026-01-12,21.3,0.020114999999999997,202399.14,430308.658
300781,2026-01-12,47.1,0.144037,336969.46,1541176.46
300782,2026-01-12,84.74,0.021086999999999998,193500.63,1636550.483
300783,2026-01-12,25.69,0.079412,384134.6,966291.099
300784,2026-01-12,53.4,0.042155,15867.74,83436.862
300785,2026-01-12,62.64,0.2,293010.91,1759857.132
300786,2026-01-12,17.59,0.031067,149744.4,259778.827
300787,2026-01-12,12.28,0.012365999999999999,108991.69,132883.688
300788,2026-01-12,31.72,0.08928599999999999,117150.58,362322.0
300789,2026-01-12,23.82,0.01882,32844.71,77530.593
300790,2026-01-12,32.1,0.027528999999999998,225911.76,710137.123
300791,2026-01-12,24.39,-0.014544999999999999,71927.37,175837.428
300792,2026-01-12,42.18,0.2,362964.07,1449657.17
300793,2026-01-12,18.73,0.037673,330895.99,609071.304
300795,2026-01-12,14.48,0.04398,81719.69,116831.264
300796,2026-01-12,8.91,0.014806,75833.64,67442.248
300797,2026-01-12,18.58,0.030505,157406.68,288262.645
300798,2026-01-12,7.74,0.030626,145915.21,112248.178
300800,2026-01-12,12.14,0.012509999999999999,36884.0,44588.64
300801,2026-01-12,32.58,0.05471,205957.51,661940.657
300802,2026-01-12,20.55,0.037879,75079.4,152294.137
300803,2026-01-12,147.84,0.063138,538673.93,7860903.501
300804,2026-01-12,35.86,-0.002781,13352.82,47745.903
300805,2026-01-12,12.56,0.061708,261991.34,322256.553
300806,2026-01-12,33.84,0.022665,194510.24,650941.872
300807,2026-01-12,64.7,0.052032999999999996,74063.66,466186.389
300808,2026-01-12,29.3,-0.013468,31389.0,92018.149
300809,2026-01-12,38.73,0.013609,67106.2,257734.293
300810,2026-01-12,43.97,0.062333999999999994,88722.0,382605.399
300811,2026-01-12,76.9,-0.00065,117581.12,886548.041
300812,2026-01-12,29.5,-0.013047999999999999,135869.4,396947.14
300813,2026-01-12,26.56,0.01374,39211.62,102816.353
300814,2026-01-12,77.05,-0.009767,109633.54,824915.73
300815,2026-01-12,23.93,0.017432,142952.26,339802.889
300816,2026-01-12,59.99,0.20004000000000002,57538.29,342548.648
300817,2026-01-12,22.1,0.015158,100337.96,218877.432
300818,2026-01-12,38.74,-0.024180999999999998,41182.68,159826.892
300819,2026-01-12,39.39,0.10957700000000001,153721.0,586961.028
300820,2026-01-12,55.98,0.026025999999999997,89820.6,497775.478
300821,2026-01-12,13.27,0.044059999999999995,627600.58,818910.672
300822,2026-01-12,17.5,0.05231499999999999,73013.34,125460.676
300823,2026-01-12,16.25,0.0233,27555.1,44480.612
300824,2026-01-12,11.77,0.0059830000000000005,56777.5,66598.712
300825,2026-01-12,11.38,0.031732,313997.12,353610.706
300826,2026-01-12,17.06,0.011263,44684.34,76165.761
300827,2026-01-12,38.95,-0.006631000000000001,398307.56,1532195.366
300828,2026-01-12,17.22,0.011751000000000001,56293.0,96245.023
300829,2026-01-12,17.42,0.011614,50681.22,87593.737
300830,2026-01-12,14.52,0.2,1358558.48,1866283.753
300831,2026-01-12,12.15,0.011656999999999999,97563.0,118322.616
300832,2026-01-12,60.41,-0.038363999999999995,53667.21,326905.511
300833,2026-01-12,43.02,-0.0018559999999999998,13648.53,58834.109
300834,2026-01-12,23.94,-0.0029149999999999996,19009.0,45444.114
300835,2026-01-12,66.1,0.0015149999999999999,59501.3,388529.98
300836,2026-01-12,56.37,-0.00757,19525.45,109124.982
300837,2026-01-12,38.33,0.028165,104704.03,403069.822
300838,2026-01-12,16.04,0.001874,53012.0,84908.028
300839,2026-01-12,12.28,0.007383,49285.59,59852.538
300840,2026-01-12,23.5,0.096594,499854.63,1142234.014
300841,2026-01-12,75.14,-0.011576,25223.7,189786.742
300842,2026-01-12,60.11,-0.017168000000000003,80362.02,487369.11
300843,2026-01-12,50.45,0.005381,70186.86,349215.0
300844,2026-01-12,38.4,-0.022900999999999998,21219.51,82124.094
300845,2026-01-12,12.05,0.029914999999999997,93469.81,111473.235
300846,2026-01-12,26.33,0.072942,950545.82,2444079.575
300847,2026-01-12,18.63,0.025880999999999998,136259.0,252418.88
300848,2026-01-12,16.22,0.031150999999999998,142120.52,228048.261
300849,2026-01-12,16.39,0.019279,37352.5,61106.163
300850,2026-01-12,44.57,-0.00469,135987.44,604945.805
300851,2026-01-12,27.99,0.01413,12096.18,33736.518
300852,2026-01-12,39.47,0.008431,64915.47,252516.457
300853,2026-01-12,22.68,0.04468,56019.0,125444.876
300854,2026-01-12,17.87,0.014188000000000001,31384.0,55533.441
300855,2026-01-12,36.59,0.006879,80067.03,292759.658
300856,2026-01-12,13.95,0.015283999999999999,82683.0,114438.309
300857,2026-01-12,189.97,0.0513,244535.0,4422745.258
300858,2026-01-12,17.68,0.022556,49303.43,86312.526
300859,2026-01-12,38.61,0.014451,72477.0,277739.08
300860,2026-01-12,30.63,0.045749000000000005,98440.95,298656.282
300861,2026-01-12,16.09,0.022236,139871.67,222653.819
300862,2026-01-12,29.54,0.16116399999999997,460340.54,1321987.951
300863,2026-01-12,50.84,-0.056597,110669.83,561980.91
300864,2026-01-12,20.21,0.000495,16921.92,34171.82
300865,2026-01-12,28.95,0.019366,18033.87,51787.055
300866,2026-01-12,106.02,-0.0016950000000000001,62953.27,663857.897
300867,2026-01-12,20.4,0.004926,115893.12,234823.366
300868,2026-01-12,35.05,0.003435,39355.32,136723.083
300869,2026-01-12,16.22,0.016928000000000002,61994.45,100166.737
300870,2026-01-12,240.0,-0.045839,81437.08,1980313.902
300871,2026-01-12,23.12,0.021653,180750.17,411314.616
300872,2026-01-12,22.0,0.05465,338713.3,730847.35
300873,2026-01-12,23.96,0.064889,102947.02,239318.2
300875,2026-01-12,45.39,0.020918000000000003,65184.97,293283.18
300876,2026-01-12,32.05,-0.078228,76525.85,249561.671
300877,2026-01-12,31.86,0.014973,81166.83,257183.106
300878,2026-01-12,32.56,-0.078404,118600.92,404164.832
300879,2026-01-12,30.52,0.023131,59326.93,179767.907
300880,2026-01-12,18.82,0.01895,28709.31,53573.458
300881,2026-01-12,35.79,0.012447,21070.3,75276.748
300882,2026-01-12,20.55,0.021372,76039.99,154200.072
300883,2026-01-12,6.74,0.002976,123183.13,82711.907
300884,2026-01-12,18.18,0.068783,427766.34,758409.801
300885,2026-01-12,35.02,0.063791,355029.07,1219672.002
300886,2026-01-12,27.15,0.019144,17126.9,46201.15
300887,2026-01-12,15.59,0.070007,985328.51,1509909.192
300888,2026-01-12,39.73,0.014296999999999999,59783.88,236428.423
300889,2026-01-12,21.45,0.019971000000000003,58876.68,125586.783
300890,2026-01-12,31.41,0.005764,88694.73,275704.936
300891,2026-01-12,9.36,0.010799000000000001,97126.43,90166.835
300892,2026-01-12,35.68,0.125552,112036.07,379572.666
300893,2026-01-12,24.74,0.01435,44842.58,110179.422
300894,2026-01-12,12.82,0.064784,193653.36,245588.897
300895,2026-01-12,55.53,0.025295,157236.13,858319.954
300896,2026-01-12,151.0,0.007271,44918.0,675919.025
300897,2026-01-12,27.18,0.013045,21819.12,58805.08
300898,2026-01-12,28.67,0.035766,91386.83,257446.729
300899,2026-01-12,34.43,-0.039342,12478.34,43276.22
300900,2026-01-12,44.4,0.069364,885252.75,3820011.506
300901,2026-01-12,18.22,0.0,52305.55,95522.92
300902,2026-01-12,23.33,0.038736,90636.99,208648.443
300903,2026-01-12,21.04,-0.012669999999999999,378371.57,792004.402
300904,2026-01-12,65.2,-0.004884,21155.0,137584.458
300905,2026-01-12,34.33,0.009112,49157.51,168072.829
300906,2026-01-12,36.39,-0.010872999999999999,37556.86,136419.21
300907,2026-01-12,30.59,0.009904,27856.1,84681.776
300908,2026-01-12,28.85,0.023413,22344.32,63760.556
300909,2026-01-12,53.01,0.036768999999999996,94860.96,487385.551
300910,2026-01-12,60.57,-0.0013189999999999999,25721.73,155180.645
300911,2026-01-12,37.2,0.0045910000000000005,45664.68,168996.984
300912,2026-01-12,19.37,0.016798,95495.76,186438.405
300913,2026-01-12,57.0,0.021505,144508.22,810168.408
300915,2026-01-12,25.47,0.0059240000000000004,15338.76,38922.174
300916,2026-01-12,34.51,0.016794,42157.39,144485.693
300917,2026-01-12,41.43,0.007049,61521.15,253233.093
300918,2026-01-12,20.23,0.04386,355153.54,694312.688
300919,2026-01-12,53.78,-0.005547,235542.1,1258047.3
300920,2026-01-12,45.2,0.019396,27470.77,124534.614
300921,2026-01-12,26.68,0.005654,271795.99,731963.984
300922,2026-01-12,26.28,0.019,127745.98,332015.319
300923,2026-01-12,26.45,0.017308,15089.3,39659.224
300925,2026-01-12,24.43,0.08529500000000001,500747.49,1191407.265
300926,2026-01-12,32.95,-0.00212,75233.25,246386.352
300927,2026-01-12,24.88,0.022606,51603.06,127485.282
300928,2026-01-12,33.75,0.047161,44427.04,149534.552
300929,2026-01-12,11.24,0.015357,32921.51,36894.614
300930,2026-01-12,31.4,0.014539999999999999,16947.48,52722.657
300931,2026-01-12,11.14,-0.009778,59164.0,65835.132
300932,2026-01-12,12.62,0.013654999999999999,108845.07,137634.826
300933,2026-01-12,9.35,0.042363,324774.85,302052.128
300935,2026-01-12,36.7,-0.01291,51278.76,187794.973
300936,2026-01-12,40.31,0.017929,26455.15,105230.461
300937,2026-01-12,38.42,0.045442,127512.12,480377.541
300938,2026-01-12,31.38,0.011605,126815.6,389280.338
300939,2026-01-12,36.5,0.015864,56670.96,204733.851
300940,2026-01-12,30.68,-0.031259999999999996,122145.75,377026.754
300941,2026-01-12,24.71,0.058698,177261.57,427109.68
300942,2026-01-12,10.2,0.016949000000000002,77041.0,77912.635
300943,2026-01-12,24.11,0.037882,275534.15,665710.723
300945,2026-01-12,17.37,0.027811,110647.11,190795.899
300946,2026-01-12,57.94,0.016848000000000002,36533.01,209762.434
300947,2026-01-12,21.46,0.012263999999999999,96218.34,205042.169
300948,2026-01-12,26.85,0.030314999999999998,177681.24,467133.268
300949,2026-01-12,43.51,0.07538299999999999,33912.64,143711.332
300950,2026-01-12,24.75,-0.003222,74191.46,183153.908
300951,2026-01-12,36.8,0.030524,32860.9,119351.643
300952,2026-01-12,43.55,-0.002291,81603.24,354233.753
300953,2026-01-12,166.0,-0.023702,57423.77,951641.705
300955,2026-01-12,43.7,0.095513,80827.88,347947.45
300956,2026-01-12,17.79,0.022414,72350.5,127305.638
300957,2026-01-12,41.78,0.014078,68275.43,283201.17
300958,2026-01-12,12.98,0.01248,26238.56,34001.977
300959,2026-01-12,110.75,0.070359,91946.32,996437.933
300960,2026-01-12,25.98,0.024044,32057.44,82201.58
300961,2026-01-12,15.31,0.014579,78228.51,119067.437
300962,2026-01-12,17.07,0.015467,56506.63,96130.147
300963,2026-01-12,25.58,0.050945,801859.42,1991924.215
300964,2026-01-12,61.02,0.043077,90136.73,540005.208
300965,2026-01-12,75.58,0.076945,49054.42,362536.841
300966,2026-01-12,21.02,0.007187,16363.85,34278.471
300967,2026-01-12,19.9,0.016863,80305.75,158249.507
300968,2026-01-12,16.12,0.049478999999999995,212390.79,337064.062
300969,2026-01-12,138.07,-0.014349,30221.07,422626.168
300970,2026-01-12,20.5,-0.029815,71474.01,147578.32
300971,2026-01-12,25.86,0.007794,56483.47,145736.195
300972,2026-01-12,198.0,-0.053583,27536.58,548629.606
300973,2026-01-12,46.55,0.03721,42631.1,195180.932
300975,2026-01-12,13.91,0.028086000000000003,421493.39,579490.96
300976,2026-01-12,66.55,0.040331,49748.0,325097.321
300977,2026-01-12,19.69,0.048456,36140.75,70318.971
300978,2026-01-12,13.02,0.030879,205367.99,263506.303
300979,2026-01-12,50.75,0.0049499999999999995,27461.13,139036.699
300980,2026-01-12,35.02,0.005455,69946.92,245462.675
300981,2026-01-12,13.31,0.017584,50818.62,67225.099
300982,2026-01-12,23.05,0.0,101816.4,233155.03
300983,2026-01-12,27.3,-0.006912000000000001,12184.0,33413.158
300984,2026-01-12,83.6,0.009661999999999999,48017.74,403997.365
300985,2026-01-12,19.03,0.015475000000000001,34098.22,64314.08
300986,2026-01-12,33.38,0.199856,20041.81,66899.562
300987,2026-01-12,21.65,0.20011099999999998,314100.82,654651.349
300988,2026-01-12,24.11,0.011326000000000001,53214.0,127560.269
300989,2026-01-12,17.28,0.00232,88298.76,153043.398
300990,2026-01-12,90.31,0.010744,62956.41,563972.12
300991,2026-01-12,43.28,0.018113,63655.4,276356.501
300992,2026-01-12,29.15,-0.003078,53991.28,156800.201
300993,2026-01-12,15.59,0.014314,90134.67,139666.06
300994,2026-01-12,16.54,0.011621,30746.85,50598.448
300995,2026-01-12,43.38,0.039291,40803.37,174523.961
300996,2026-01-12,19.18,0.10803000000000001,330014.13,604312.296
300997,2026-01-12,31.8,0.06319,248651.09,762952.148
300998,2026-01-12,24.1,0.029914999999999997,45401.0,108639.772
300999,2026-01-12,29.86,0.010832999999999999,132966.19,395860.119
301000,2026-01-12,41.2,0.041719,109768.39,446234.548
301001,2026-01-12,35.75,0.130971,97161.78,327053.669
301002,2026-01-12,43.33,0.14538700000000002,121561.78,502926.632
301003,2026-01-12,46.92,0.030077,28987.8,135691.782
301004,2026-01-12,52.98,0.019434,10258.47,53573.487
301005,2026-01-12,197.99,0.11368,197178.98,3771505.521
301006,2026-01-12,17.32,0.025459,20654.91,35491.16
301007,2026-01-12,38.94,-0.008403,70506.48,274895.567
301008,2026-01-12,37.08,0.007061,57896.02,212582.326
301009,2026-01-12,13.11,0.015491999999999999,47117.53,61356.649
301010,2026-01-12,22.54,0.016231,51035.15,114043.501
301011,2026-01-12,28.65,0.085227,88924.5,247386.694
301012,2026-01-12,26.81,-0.016868,102311.69,272581.182
301013,2026-01-12,30.0,0.0040160000000000005,218105.23,653940.731
301015,2026-01-12,24.88,-0.005596,59159.0,146677.212
301016,2026-01-12,23.93,0.003775,102839.69,245947.999
301017,2026-01-12,17.64,0.023201999999999997,352826.84,615343.644
301018,2026-01-12,69.4,-0.011255,135728.2,939968.142
301019,2026-01-12,24.15,-0.021078,53515.07,129254.888
301020,2026-01-12,23.09,0.019876,21151.91,48469.888
301021,2026-01-12,49.5,-0.033581,142729.32,700697.466
301022,2026-01-12,33.66,0.020619000000000002,39300.71,131031.88
301023,2026-01-12,43.17,0.029082,35848.14,153381.771
301024,2026-01-12,36.64,-0.001091,10496.0,38545.77
301025,2026-01-12,11.23,0.051498,242604.0,268139.786
301026,2026-01-12,32.68,-0.012688999999999999,103455.65,337664.637
301027,2026-01-12,20.95,-0.002381,135262.68,279809.418
301028,2026-01-12,15.8,0.005729,106205.9,166355.783
301029,2026-01-12,28.18,0.017696,125777.36,351819.442
301030,2026-01-12,12.98,0.014855,82671.8,107548.388
301031,2026-01-12,109.8,-0.017098,37499.53,407257.317
301032,2026-01-12,12.8,0.005499,34398.0,43721.398
301033,2026-01-12,75.61,-0.003164,34163.89,257619.696
301035,2026-01-12,69.98,0.002435,11033.5,76870.092
301036,2026-01-12,34.84,0.004614,21872.83,75852.328
301037,2026-01-12,14.87,0.005409000000000001,16821.78,24989.537
301038,2026-01-12,24.32,0.006623,64458.48,156008.88
301039,2026-01-12,9.38,0.0,157725.61,147322.77
301040,2026-01-12,32.16,0.034749,116688.21,374155.626
301041,2026-01-12,29.21,0.016707,61676.0,178930.999
301042,2026-01-12,80.2,0.0064,15972.4,128474.279
301043,2026-01-12,61.83,0.040034,30371.26,183625.8
301045,2026-01-12,31.4,0.025474,61533.84,191520.574
301046,2026-01-12,29.1,0.012879,135006.83,389411.406
301047,2026-01-12,73.86,0.024553,16723.75,123390.078
301048,2026-01-12,11.88,0.012787999999999999,62051.0,73271.38
301049,2026-01-12,22.16,0.013260000000000001,18460.42,40806.914
301050,2026-01-12,71.2,0.138107,463881.64,3172621.912
301051,2026-01-12,20.6,0.033618,58380.01,118767.231
301052,2026-01-12,46.25,0.103555,288145.54,1306857.249
301053,2026-01-12,35.96,0.001392,22342.22,79444.538
301055,2026-01-12,22.22,0.07446799999999999,81874.99,183266.102
301056,2026-01-12,16.31,0.052258,87310.07,138175.268
301057,2026-01-12,38.3,-0.041062,51255.67,196911.016
301058,2026-01-12,11.31,0.015260000000000001,107933.92,121415.647
301059,2026-01-12,12.7,0.003953,33054.4,41798.865
301060,2026-01-12,11.07,0.042373,178290.45,195497.812
301061,2026-01-12,91.12,-0.011392,10033.98,91039.305
301062,2026-01-12,8.46,0.003559,78865.39,66585.073
301063,2026-01-12,25.7,0.004299,34518.0,88094.978
301065,2026-01-12,22.42,0.010365,14172.39,31619.004
301066,2026-01-12,25.27,0.199905,241187.42,560212.876
301067,2026-01-12,35.41,0.035683,64547.75,226099.356
301068,2026-01-12,28.32,0.049278,24483.55,67656.309
301069,2026-01-12,29.39,0.039986,436035.43,1251681.581
301070,2026-01-12,63.2,-0.022882,38485.21,244120.579
301071,2026-01-12,38.81,0.014110000000000001,127678.91,489618.016
301072,2026-01-12,22.67,0.012958,21591.0,48602.146
301073,2026-01-12,31.85,0.090007,140840.91,436233.435
301075,2026-01-12,56.1,0.004117,17689.5,98413.774
301076,2026-01-12,49.94,0.037606,142558.39,705134.0
301077,2026-01-12,31.7,0.027553,132201.51,409529.33
301078,2026-01-12,11.74,0.067273,1460695.07,1677478.111
301079,2026-01-12,70.14,0.2,317089.67,2061406.215
301080,2026-01-12,58.8,-0.003896,17825.84,104363.056
301081,2026-01-12,10.59,0.016315,36612.04,38438.902
301082,2026-01-12,20.66,0.033,253120.28,512712.425
301083,2026-01-12,21.22,0.040706,79476.92,166467.354
301085,2026-01-12,60.21,0.030993,55618.29,332228.086
301086,2026-01-12,120.32,0.024872000000000002,45254.73,531058.276
301087,2026-01-12,59.3,0.066931,124137.28,720325.472
301088,2026-01-12,17.68,-0.031763,69561.81,123688.309
301089,2026-01-12,30.15,0.018581,38926.33,116568.828
301090,2026-01-12,7.3,0.0068969999999999995,75665.46,55046.624
301091,2026-01-12,28.78,0.041245000000000004,157672.32,447034.165
301092,2026-01-12,38.56,0.00916,36434.27,139361.025
301093,2026-01-12,57.68,0.199917,139396.25,753492.063
301095,2026-01-12,79.29,-0.00063,104815.01,831791.358
301096,2026-01-12,59.63,-0.012421,41719.6,249789.839
301097,2026-01-12,51.26,-0.017255,16878.06,87419.708
301098,2026-01-12,8.82,0.002273,47129.0,41506.201
301099,2026-01-12,48.28,0.028986,96077.84,457291.355
301100,2026-01-12,21.77,0.013973,14689.0,31862.985
301101,2026-01-12,45.12,0.035813000000000005,74492.99,332130.716
301102,2026-01-12,12.17,0.070361,170869.01,204657.462
301103,2026-01-12,20.84,0.028628,31376.8,64580.64
301105,2026-01-12,52.34,0.045128,15311.03,78628.675
301106,2026-01-12,31.3,0.006755,10956.4,34176.973
301107,2026-01-12,29.05,0.003454,14020.6,40621.217
301108,2026-01-12,34.66,0.000577,13019.09,44885.012
301109,2026-01-12,15.42,0.010485,102706.98,157328.492
301110,2026-01-12,99.01,0.175053,146259.6,1335698.611
301111,2026-01-12,21.47,0.013213999999999998,127236.0,271043.78
301112,2026-01-12,42.96,0.0058530000000000006,40997.2,174981.85
301113,2026-01-12,25.69,0.003516,15768.3,40330.79
301115,2026-01-12,16.8,0.021277,30961.55,51857.719
301116,2026-01-12,11.4,0.022422,77623.21,87619.36
301117,2026-01-12,65.41,0.10396599999999999,254065.23,1626605.936
301118,2026-01-12,26.06,0.011646,48140.42,123902.378
301119,2026-01-12,56.71,-0.030432999999999998,33670.8,192016.525
301120,2026-01-12,20.3,0.012974000000000001,337245.71,676187.951
301121,2026-01-12,40.83,-0.0012230000000000001,46527.9,190637.643
301122,2026-01-12,29.21,0.000342,32031.6,92671.379
301123,2026-01-12,69.75,-0.001003,139304.86,967242.543
301125,2026-01-12,19.26,0.012618,34223.16,65826.514
301126,2026-01-12,13.64,0.0014680000000000001,125326.04,169251.673
301127,2026-01-12,17.24,-0.105345,588218.82,1015574.082
301128,2026-01-12,96.93,0.011268,44471.29,426976.425
301129,2026-01-12,26.38,0.048907,34495.64,90499.236
301130,2026-01-12,30.23,-0.0075509999999999996,13220.0,39934.364
301131,2026-01-12,49.14,0.008206999999999999,10232.0,50125.477
301132,2026-01-12,35.65,0.010773999999999999,38930.93,137530.23
301133,2026-01-12,38.48,-0.008246999999999999,42217.0,162756.475
301135,2026-01-12,29.08,0.015363,26230.0,75862.361
301136,2026-01-12,24.34,0.052313,537046.56,1280817.82
301137,2026-01-12,69.0,0.114521,281300.67,1843924.637
301138,2026-01-12,41.56,0.03978,46387.62,189037.405
301139,2026-01-12,20.48,0.051335,90106.04,180989.66
301141,2026-01-12,63.34,0.058666,112683.03,683123.24
301148,2026-01-12,57.77,0.039029,72126.54,413096.608
301149,2026-01-12,10.99,0.014774,67139.0,73338.93
301150,2026-01-12,45.07,0.022923,137039.86,607742.843
301151,2026-01-12,19.61,0.009264,19353.0,37840.21
301152,2026-01-12,31.88,0.029051,72908.22,231189.95
301153,2026-01-12,26.46,0.041732,283217.05,745929.336
301155,2026-01-12,78.72,-0.035058,66629.98,525231.763
301156,2026-01-12,18.44,0.019912,20672.9,37788.742
301157,2026-01-12,57.0,0.026472000000000002,25864.87,146184.613
301158,2026-01-12,23.29,-0.000429,95624.73,220702.435
301159,2026-01-12,47.88,0.2,96702.39,431945.506
301160,2026-01-12,74.82,-0.007692,52767.05,397046.346
301161,2026-01-12,38.4,0.021277,76425.71,291994.692
301162,2026-01-12,60.5,0.037024,29897.85,179645.602
301163,2026-01-12,27.85,0.010889,15805.93,43828.543
301165,2026-01-12,88.88,0.035535000000000004,185643.6,1649135.468
301166,2026-01-12,31.76,0.013078000000000001,11700.0,36980.579
301167,2026-01-12,16.84,0.018754,26270.4,43988.208
301168,2026-01-12,45.34,0.023476,23649.0,105786.611
301169,2026-01-12,64.05,0.071967,49716.88,315859.118
301170,2026-01-12,29.3,0.007912,14078.14,40978.751
301171,2026-01-12,63.23,0.200038,619228.52,3844682.63
301172,2026-01-12,25.21,0.046492000000000006,100375.25,248101.751
301173,2026-01-12,48.14,0.00522,14320.92,68226.599
301175,2026-01-12,6.48,0.043478,631852.98,405251.816
301176,2026-01-12,26.2,0.029064999999999997,38605.37,99969.235
301177,2026-01-12,30.35,0.017432,17676.85,53326.633
301178,2026-01-12,55.01,0.055449,40869.03,221290.804
301179,2026-01-12,16.83,0.0231,60805.87,101608.556
301180,2026-01-12,18.15,0.009455,52602.05,94596.209
301181,2026-01-12,45.7,-0.0013109999999999999,48943.05,223619.626
301182,2026-01-12,42.29,-0.001653,29379.9,123442.903
301183,2026-01-12,162.35,-0.06042,114209.97,1834034.889
301185,2026-01-12,21.35,0.083756,140712.99,292571.833
301186,2026-01-12,48.9,0.023655,25418.36,125208.211
301187,2026-01-12,26.35,0.0,41578.92,109111.653
301188,2026-01-12,18.57,-0.010128,68518.51,126931.338
301189,2026-01-12,46.0,0.011211,45175.6,205182.303
301190,2026-01-12,22.6,0.019396,28685.42,64649.532
301191,2026-01-12,116.43,0.016856,48843.23,562394.355
301192,2026-01-12,30.51,-0.013579,25898.11,79246.516
301193,2026-01-12,22.77,0.002201,36206.84,82779.813
301195,2026-01-12,37.29,0.029258000000000003,46965.35,171778.826
301196,2026-01-12,80.18,0.011225,48807.15,388984.863
301197,2026-01-12,21.6,0.012658,36340.37,77576.724
301198,2026-01-12,13.51,0.018854,52373.19,70231.469
301199,2026-01-12,24.93,0.030165,76412.88,191768.489
301200,2026-01-12,126.98,-0.029428,53520.93,669142.882
301201,2026-01-12,51.05,-0.015239,135129.22,682826.548
301202,2026-01-12,43.34,0.034614,33506.78,143774.683
301203,2026-01-12,34.11,0.004713,7290.49,24809.495
301205,2026-01-12,168.0,0.016211,110322.15,1861118.176
301206,2026-01-12,27.43,0.005499,18700.09,51020.104
301207,2026-01-12,19.78,-0.002521,81879.28,160960.651
301208,2026-01-12,41.85,0.049925,76776.35,314895.934
301209,2026-01-12,107.59,-0.008387,13140.8,141331.286
301210,2026-01-12,38.29,0.010289999999999999,27105.55,103240.276
301211,2026-01-12,13.0,0.006971000000000001,77495.49,100233.714
301212,2026-01-12,31.44,0.016489,13830.14,42902.721
301213,2026-01-12,107.62,0.133439,105551.11,1047524.478
301215,2026-01-12,7.26,0.035663,251625.32,179651.546
301216,2026-01-12,20.98,-0.01779,234198.25,489659.785
301217,2026-01-12,34.86,0.009557,340099.76,1172962.771
301218,2026-01-12,29.38,0.171451,199440.3,569651.75
301219,2026-01-12,70.75,0.0014149999999999998,73476.93,517075.617
301220,2026-01-12,38.41,0.016675,30673.0,116833.24
301221,2026-01-12,62.65,0.033828,69244.43,428974.166
301222,2026-01-12,29.57,0.014408,12730.0,37390.519
301223,2026-01-12,18.83,0.0,16414.76,30778.698
301225,2026-01-12,152.13,0.007483,26093.48,391419.315
301226,2026-01-12,35.88,0.080397,101018.87,356675.561
301227,2026-01-12,41.59,-0.093307,59525.23,253317.381
301228,2026-01-12,39.5,0.00894,46723.9,180664.326
301229,2026-01-12,22.21,-0.0071519999999999995,75046.15,166184.816
301230,2026-01-12,47.3,0.146945,326592.62,1500540.038
301231,2026-01-12,47.71,0.19995000000000002,206146.91,927331.001
301232,2026-01-12,215.0,0.182163,87747.1,1710276.03
301233,2026-01-12,55.38,0.022526,20168.0,110933.717
301234,2026-01-12,44.06,-0.07534099999999999,42852.0,192312.339
301235,2026-01-12,38.9,-0.007906,60952.36,235712.012
301236,2026-01-12,54.39,0.08997999999999999,644024.86,3415543.782
301237,2026-01-12,63.43,0.096836,49113.48,305837.774
301238,2026-01-12,22.14,0.018868,177015.77,386010.284
301239,2026-01-12,33.94,0.019525,19851.91,67039.06
301246,2026-01-12,23.04,0.042534,280128.2,641665.851
301248,2026-01-12,43.49,0.200055,200382.94,809265.829
301251,2026-01-12,55.84,0.003775,60461.99,333813.447
301252,2026-01-12,32.0,-0.000625,52376.39,166950.008
301255,2026-01-12,29.77,0.020219,20765.4,61471.207
301256,2026-01-12,18.08,0.037887,532447.23,952969.406
301257,2026-01-12,60.2,0.000998,15124.24,90470.685
301258,2026-01-12,34.34,0.012084,19960.4,67991.33
301259,2026-01-12,36.38,0.030303,72735.45,263905.849
301260,2026-01-12,17.54,0.022740999999999997,51406.37,89364.633
301261,2026-01-12,102.25,-0.040447,43419.36,447960.105
301262,2026-01-12,27.97,0.059871,152693.37,418983.672
301263,2026-01-12,31.17,-0.011418,56300.8,176539.493
301265,2026-01-12,14.39,-0.0013880000000000001,141444.73,203465.94
301266,2026-01-12,38.4,0.003135,58523.13,225575.802
301267,2026-01-12,19.12,0.021368,64793.5,122880.887
301268,2026-01-12,19.62,0.012384,47004.52,91929.768
301269,2026-01-12,115.44,0.015303,109635.97,1244752.526
301270,2026-01-12,46.69,0.165502,216464.06,957208.643
301272,2026-01-12,41.73,0.020793,10478.34,43238.432
301273,2026-01-12,27.5,0.010287,9959.01,27304.687
301275,2026-01-12,60.76,0.037568000000000004,75378.66,442802.559
301276,2026-01-12,28.78,0.015884,23018.4,65912.731
301277,2026-01-12,12.44,0.00974,33132.84,40975.819
301278,2026-01-12,35.33,0.018156000000000002,40918.83,143505.554
301279,2026-01-12,33.77,0.013201000000000001,33048.74,110555.287
301280,2026-01-12,58.75,0.025305,71365.67,410494.784
301281,2026-01-12,30.83,0.050784,40266.48,122358.277
301282,2026-01-12,32.4,0.04314199999999999,174467.51,548703.173
301283,2026-01-12,50.83,-0.005867,17507.6,89026.059
301285,2026-01-12,71.29,0.012785999999999999,36224.0,261789.594
301286,2026-01-12,51.91,0.11658400000000001,61325.39,319356.794
301287,2026-01-12,44.87,-0.00774,17914.51,80237.07
301288,2026-01-12,18.62,-0.025131,10032.0,18765.146
301289,2026-01-12,62.14,0.017354,23334.56,143322.814
301290,2026-01-12,26.85,0.000373,10722.06,28783.625
301291,2026-01-12,47.08,0.009001,71139.98,333521.171
301292,2026-01-12,59.28,-0.002692,178529.22,1074300.01
301293,2026-01-12,98.5,0.06949,489419.32,4772352.743
301295,2026-01-12,35.7,0.094421,52097.16,185105.406
301296,2026-01-12,8.83,0.00227,41715.94,36766.302
301297,2026-01-12,39.66,-0.0012590000000000001,72424.4,285567.955
301298,2026-01-12,16.42,0.004896,20416.0,33453.143
301299,2026-01-12,65.1,0.133751,76817.85,487965.526
301300,2026-01-12,44.77,0.0049380000000000005,17423.17,77705.401
301301,2026-01-12,11.06,-0.003604,217145.7,239800.855
301302,2026-01-12,26.9,0.09617,153293.37,402548.941
301303,2026-01-12,15.71,0.013548,30747.65,48014.327
301305,2026-01-12,25.85,0.023762,158040.04,415509.467
301306,2026-01-12,159.85,0.08174899999999999,132652.72,2109358.754
301307,2026-01-12,34.55,-0.017908,83424.83,287716.727
301308,2026-01-12,285.32,0.027995000000000003,182140.54,5120121.642
301309,2026-01-12,29.18,0.008642,10054.77,29138.29
301310,2026-01-12,42.76,0.01616,30601.04,129562.659
301311,2026-01-12,19.88,0.018965,65857.0,129929.984
301312,2026-01-12,52.23,0.000575,35893.34,185788.27
301313,2026-01-12,31.48,0.065313,93648.57,286997.564
301314,2026-01-12,44.47,0.024654,10941.35,48164.134
301315,2026-01-12,65.04,0.061878,86984.34,550267.363
301316,2026-01-12,54.0,0.044487,348182.89,1861954.454
301317,2026-01-12,34.71,0.057264999999999996,68002.43,232787.612
301318,2026-01-12,30.37,0.036518999999999996,38955.95,117288.143
301319,2026-01-12,59.4,0.074919,87871.49,508660.212
301320,2026-01-12,18.28,0.026966,55466.44,100839.472
301321,2026-01-12,19.33,0.010983,59242.58,113567.488
301322,2026-01-12,28.93,0.01402,21739.42,62399.521
301323,2026-01-12,59.08,-0.0023639999999999998,26171.4,154093.458
301325,2026-01-12,54.79,0.0371,44263.27,239221.111
301326,2026-01-12,108.26,-0.00359,12507.14,134868.32
301327,2026-01-12,63.57,-0.006874,40501.39,255014.643
301328,2026-01-12,51.69,0.030501999999999998,28030.07,143310.366
301329,2026-01-12,26.4,0.035699999999999996,140357.03,365664.534
301330,2026-01-12,48.86,0.175933,354369.25,1614655.377
301331,2026-01-12,28.75,-0.0034660000000000003,17719.78,51096.49
301332,2026-01-12,9.7,0.012525999999999999,59237.03,57050.233
301333,2026-01-12,63.73,-0.020894,22116.14,140824.497
301335,2026-01-12,30.38,0.036153,46148.82,138430.541
301336,2026-01-12,62.6,0.095555,62069.53,382969.118
301337,2026-01-12,32.14,0.04554299999999999,67730.0,213557.046
301338,2026-01-12,88.58,-0.038741,44860.15,397784.661
301339,2026-01-12,15.6,0.030383,131593.74,203618.057
301345,2026-01-12,233.0,-0.070899,28488.1,666392.56
301348,2026-01-12,22.3,0.022936,146712.75,324713.671
301349,2026-01-12,49.12,-0.008678,34117.03,166428.599
301353,2026-01-12,27.38,0.013323,13054.8,35572.94
301355,2026-01-12,13.82,0.016923999999999998,156578.32,215215.689
301356,2026-01-12,23.22,0.003457,40993.68,95448.271
301357,2026-01-12,152.16,-0.010663,68826.54,1033463.995
301358,2026-01-12,62.08,-0.023746,285018.6,1774100.527
301359,2026-01-12,19.89,0.012728999999999999,16679.8,33014.753
301360,2026-01-12,83.02,0.048365,39313.13,322363.882
301361,2026-01-12,35.7,0.024390000000000002,37557.39,132801.852
301362,2026-01-12,43.43,0.013299,9374.35,40330.894
301363,2026-01-12,39.41,0.049534,540441.32,2102787.892
301365,2026-01-12,26.04,0.045783,90503.36,231351.868
301366,2026-01-12,39.35,0.010789,94263.48,369757.625
301367,2026-01-12,94.86,0.036267999999999995,41152.82,381081.81
301368,2026-01-12,70.09,0.004155,106829.21,746582.935
301369,2026-01-12,139.01,-0.007497,11296.52,157645.553
301370,2026-01-12,12.52,-0.0023899999999999998,114861.69,142950.611
301371,2026-01-12,24.79,0.017234,33987.19,83580.73
301372,2026-01-12,26.43,0.015757,17203.42,45217.688
301373,2026-01-12,34.43,0.0017460000000000002,29454.8,101001.5
301376,2026-01-12,19.09,0.026344,32596.64,61199.325
301377,2026-01-12,153.0,0.029956,98073.97,1427637.199
301378,2026-01-12,37.91,0.200063,92605.07,344809.147
301379,2026-01-12,27.6,0.0,72841.58,199400.164
301380,2026-01-12,43.15,0.086354,139451.08,588374.216
301381,2026-01-12,22.74,0.045517,101446.71,226226.891
301382,2026-01-12,41.3,0.080303,376874.02,1500653.908
301383,2026-01-12,37.99,0.040251999999999996,57460.4,214668.452
301386,2026-01-12,25.1,0.015783000000000002,27895.77,69300.406
301387,2026-01-12,58.76,-0.022458999999999996,55477.6,325521.632
301388,2026-01-12,33.03,0.039006,29245.0,95128.627
301389,2026-01-12,52.54,-0.016473,91941.03,480159.339
301390,2026-01-12,35.76,0.022298,9010.0,32034.446
301391,2026-01-12,81.83,-0.003774,24913.98,202192.655
301392,2026-01-12,139.46,-0.026661,34022.32,475872.902
301393,2026-01-12,53.98,0.015616000000000001,12024.0,64568.079
301395,2026-01-12,13.46,-0.031655,77681.12,104369.41
301396,2026-01-12,76.4,0.065402,177248.51,1310708.637
301397,2026-01-12,35.47,-0.009495,49771.98,176131.164
301398,2026-01-12,61.8,0.033618,44802.06,273336.999
301399,2026-01-12,20.37,0.011923,53211.37,107185.62
301408,2026-01-12,23.0,0.037438,623164.09,1408544.105
301413,2026-01-12,143.49,0.02934,62799.82,893403.42
301418,2026-01-12,38.44,0.011845000000000001,11241.86,43070.734
301419,2026-01-12,35.39,0.037222,46992.43,163390.644
301421,2026-01-12,109.31,-0.006273,65418.54,711096.2
301428,2026-01-12,37.55,0.053296,83416.77,309451.313
301429,2026-01-12,19.5,0.012987,13789.99,26781.573
301439,2026-01-12,15.51,0.012402,59244.72,91397.554
301446,2026-01-12,35.85,0.0070220000000000005,18871.17,67358.584
301448,2026-01-12,46.66,-0.019542,31067.35,142767.621
301449,2026-01-12,84.24,0.0,30166.87,252602.578
301456,2026-01-12,31.51,0.000953,31285.39,98173.675
301458,2026-01-12,36.39,0.033513,92514.3,335143.983
301459,2026-01-12,45.47,0.014955000000000001,12577.77,56709.147
301468,2026-01-12,57.86,-0.018989,125247.48,724118.773
301469,2026-01-12,31.67,0.013116000000000001,36308.89,114391.988
301479,2026-01-12,94.56,0.047176,27570.5,254102.215
301486,2026-01-12,134.78,-0.036942,68470.76,928123.919
301487,2026-01-12,23.0,0.023586999999999997,186167.81,422630.125
301488,2026-01-12,163.75,-0.008297,39983.52,655006.534
301489,2026-01-12,177.36,-0.012527,43635.58,769347.08
301491,2026-01-12,58.83,0.010650999999999999,15566.95,90933.792
301498,2026-01-12,69.14,0.027493,54636.23,372609.207
301499,2026-01-12,31.35,0.027869,41041.0,125935.063
301500,2026-01-12,16.34,0.004302,73419.6,119391.611
301501,2026-01-12,44.7,0.011312,17871.23,79461.63
301502,2026-01-12,46.15,0.01989,10574.0,48490.725
301503,2026-01-12,38.32,0.025696,12397.7,47191.762
301505,2026-01-12,26.25,0.066206,93100.91,240990.027
301507,2026-01-12,16.34,0.006777999999999999,89124.25,144340.041
301508,2026-01-12,33.15,0.020942,31295.18,103093.207
301509,2026-01-12,36.22,0.005832,26828.68,96539.383
301510,2026-01-12,38.86,0.043220999999999996,189348.59,724105.229
301511,2026-01-12,32.26,-0.09101200000000001,806893.36,2559533.97
301512,2026-01-12,47.0,0.005563,10245.94,47890.045
301515,2026-01-12,25.22,0.057442,116015.2,285756.431
301516,2026-01-12,16.7,0.016433,41647.1,68972.62
301517,2026-01-12,80.9,0.060843999999999995,202035.11,1631186.059
301518,2026-01-12,37.56,0.011309,52877.87,198012.345
301519,2026-01-12,14.13,0.012903,20739.05,29177.98
301520,2026-01-12,43.04,0.011992000000000001,8550.22,36654.484
301522,2026-01-12,47.99,0.107547,436559.01,2018911.466
301525,2026-01-12,90.63,0.024068,19994.07,178327.959
301526,2026-01-12,7.41,0.008163,1096980.72,809785.523
301528,2026-01-12,73.07,0.007445,24983.3,181764.613
301529,2026-01-12,126.0,-0.045454999999999995,35750.28,452092.586
301533,2026-01-12,40.26,0.001493,29078.27,116564.388
301535,2026-01-12,23.12,0.004344,88754.06,205445.221
301536,2026-01-12,65.14,0.027607,119537.2,770117.115
301538,2026-01-12,82.8,-0.001447,25542.79,212062.779
301539,2026-01-12,22.16,0.034064000000000004,73424.23,160365.713
301548,2026-01-12,62.12,0.062789,47518.78,289597.538
301550,2026-01-12,173.5,-0.041119,98729.4,1696950.638
301551,2026-01-12,36.3,0.067333,186976.39,669737.229
301552,2026-01-12,39.4,0.008187999999999999,14749.83,57756.079
301555,2026-01-12,36.49,0.015869,45960.9,168263.215
301556,2026-01-12,137.32,0.12936899999999998,93054.29,1212452.948
301557,2026-01-12,124.9,0.003132,7562.7,93653.577
301558,2026-01-12,9.28,0.08032600000000001,339090.92,307073.331
301559,2026-01-12,18.45,0.007645999999999999,161409.77,290887.206
301560,2026-01-12,35.0,0.006904,13775.75,48053.885
301563,2026-01-12,179.28,0.029575999999999998,32643.02,577660.713
301565,2026-01-12,25.45,0.005929,61841.86,156342.752
301566,2026-01-12,22.87,0.07572899999999999,347259.43,766392.698
301567,2026-01-12,50.12,0.016221,38049.04,188824.907
301568,2026-01-12,52.32,0.001148,65535.46,341434.505
301571,2026-01-12,65.99,0.083224,86159.95,548521.903
301575,2026-01-12,53.59,0.028994,22731.33,119667.765
301577,2026-01-12,60.34,0.018225,11549.24,69113.678
301578,2026-01-12,35.58,0.017153,15810.7,55732.082
301580,2026-01-12,48.99,0.022115999999999997,29144.37,142257.53
301581,2026-01-12,49.65,0.019089000000000002,11829.0,58187.315
301584,2026-01-12,31.02,0.0,58614.62,180756.781
301585,2026-01-12,31.37,0.010957,20914.23,65276.77
301586,2026-01-12,54.8,0.031821,62445.7,338275.503
301587,2026-01-12,24.92,0.017143,65887.56,162445.485
301588,2026-01-12,19.7,0.031414,41373.57,81004.782
301589,2026-01-12,209.66,0.013781000000000002,32686.84,691415.684
301590,2026-01-12,192.24,-0.001351,5490.78,104962.076
301591,2026-01-12,45.4,-0.013043,42223.69,192213.46
301592,2026-01-12,131.34,0.030118,20993.48,274386.385
301595,2026-01-12,52.55,0.006319,70932.99,367825.164
301596,2026-01-12,80.92,0.027816999999999998,20119.01,161284.26
301598,2026-01-12,67.1,0.015896999999999998,9554.0,63669.375
301600,2026-01-12,144.85,0.034717,31143.42,443175.911
301601,2026-01-12,29.09,0.015358,13987.96,40309.619
301602,2026-01-12,24.05,0.016484000000000002,43587.91,104330.985
301603,2026-01-12,77.22,-0.008856000000000001,24688.65,189927.234
301606,2026-01-12,62.24,-0.000963,39128.9,243526.75
301607,2026-01-12,43.74,-0.004325,42096.88,182002.803
301608,2026-01-12,94.41,0.018117,25071.59,235910.092
301609,2026-01-12,44.54,0.013424,23960.93,106046.27
301611,2026-01-12,118.0,-0.035317,186064.54,2179704.463
301613,2026-01-12,53.34,0.010993,32348.09,170297.021
301616,2026-01-12,52.73,-0.000569,13180.74,69166.293
301617,2026-01-12,87.6,0.036932,21680.15,188672.253
301618,2026-01-12,51.58,0.029540999999999998,16259.76,83417.074
301622,2026-01-12,68.89,0.000145,29587.04,202499.099
301626,2026-01-12,181.55,-0.029973999999999997,20404.64,371372.249
301628,2026-01-12,95.6,0.017888,33080.77,312679.208
301629,2026-01-12,277.0,-0.022997,23939.86,660170.736
301630,2026-01-12,178.2,0.010949,6034.23,106603.773
301631,2026-01-12,104.86,0.0025819999999999997,27427.45,284290.866
301632,2026-01-12,25.29,0.021818,47658.45,119614.86
301633,2026-01-12,71.58,0.008169,6826.46,48581.87
301636,2026-01-12,51.17,0.014071,9877.59,50294.033
301638,2026-01-12,21.93,0.058909,631967.92,1354917.314
301656,2026-01-12,27.5,-0.004705,115164.44,315325.818
301658,2026-01-12,30.97,0.036132,50817.01,155906.882
301662,2026-01-12,147.46,0.077845,25961.47,377731.523
301665,2026-01-12,29.15,0.001374,24948.27,72506.559
301667,2026-01-12,78.13,-0.040054,82793.94,649080.216
301668,2026-01-12,50.98,0.010906,20902.37,105778.116
301678,2026-01-12,71.83,0.02717,43728.28,310319.985
301687,2026-01-12,64.71,-0.009035,99099.65,634716.63
302132,2026-01-12,88.01,0.022777,300794.03,2615014.256
600000,2026-01-12,11.66,0.010399,601101.77,697500.168
600004,2026-01-12,9.49,0.0031709999999999998,210247.34,199037.555
600006,2026-01-12,7.38,0.016529000000000002,354706.46,259637.244
600007,2026-01-12,19.7,-0.012531,23185.67,45844.612
600008,2026-01-12,3.03,0.003311,705155.09,213065.377
600009,2026-01-12,32.54,-0.004588999999999999,140753.79,458371.498
600010,2026-01-12,2.69,0.034615,16964808.47,4533256.469
600011,2026-01-12,7.39,0.001355,599712.72,441973.036
600012,2026-01-12,14.59,-0.002734,38335.98,56096.714
600015,2026-01-12,6.78,0.001477,422752.88,286093.204
600016,2026-01-12,3.84,0.005235999999999999,2968524.54,1135829.809
600017,2026-01-12,3.06,0.009901,361500.86,109949.463
600018,2026-01-12,5.5,0.005484,362972.8,198973.007
600019,2026-01-12,7.33,0.006868,1004402.79,737816.768
600020,2026-01-12,4.31,0.009368,153891.73,65939.993
600021,2026-01-12,21.69,0.017355,1165453.65,2476549.829
600022,2026-01-12,1.6,0.032258,1912000.87,301432.943
600023,2026-01-12,5.08,0.011952,716477.28,361899.079
600025,2026-01-12,9.2,0.005464,231049.0,212071.257
600026,2026-01-12,13.63,0.072384,953227.38,1278221.696
600027,2026-01-12,5.04,0.001988,690025.26,347554.353
600028,2026-01-12,5.97,-0.030844,4266770.33,2535918.966
600029,2026-01-12,7.88,-0.011292,669751.35,532518.445
600030,2026-01-12,28.78,0.00735,2173083.1,6227140.485
600031,2026-01-12,22.56,0.012567,934560.38,2101257.522
600032,2026-01-12,7.72,0.003901,114611.0,88007.051
600033,2026-01-12,4.01,-0.012315,810613.25,324595.407
600035,2026-01-12,3.94,0.002545,94059.74,37000.053
600036,2026-01-12,41.12,-0.004358,1186640.58,4887859.874
600037,2026-01-12,8.06,0.018963,472643.5,380050.709
600038,2026-01-12,39.05,0.023323,275702.59,1072207.267
600039,2026-01-12,10.45,-0.000956,238443.0,248558.818
600048,2026-01-12,6.51,-0.009132,1497822.42,977158.417
600050,2026-01-12,5.49,0.012915000000000001,6472538.05,3545421.199
600051,2026-01-12,7.63,0.006595999999999999,55947.68,42592.634
600052,2026-01-12,4.78,0.012712000000000001,194426.4,93091.144
600053,2026-01-12,21.98,-0.01435,218421.09,475838.092
600054,2026-01-12,11.49,0.004371,60035.85,68848.059
600055,2026-01-12,17.4,0.025339,145600.16,251759.179
600056,2026-01-12,10.81,-0.0009239999999999999,220753.28,237658.575
600057,2026-01-12,8.46,0.011961999999999999,247793.43,209219.075
600059,2026-01-12,9.4,0.010752999999999999,121615.39,113764.036
600060,2026-01-12,25.35,0.04321,300152.85,764911.17
600061,2026-01-12,7.9,0.011524000000000001,515951.62,405909.966
600062,2026-01-12,18.7,0.0026810000000000002,81173.99,151202.195
600063,2026-01-12,6.39,0.011075999999999999,483406.95,305889.684
600064,2026-01-12,8.86,-0.002252,272827.23,240966.215
600066,2026-01-12,31.61,-0.026486,248618.5,784409.59
600067,2026-01-12,4.37,0.002294,507968.5,220756.318
600071,2026-01-12,22.78,0.050254,129467.22,291320.414
600072,2026-01-12,12.3,0.021595,372536.13,455547.484
600073,2026-01-12,6.63,0.009132,139757.72,92548.059
600075,2026-01-12,5.41,0.013108999999999999,354183.99,190155.813
600076,2026-01-12,3.73,0.008107999999999999,605813.04,224168.798
600078,2026-01-12,10.28,-0.0019420000000000001,332377.11,341669.098
600079,2026-01-12,18.29,0.004945,310026.47,565634.608
600080,2026-01-12,7.96,-0.006242,81178.0,64637.083
600081,2026-01-12,12.12,0.021061,52790.03,63535.633
600082,2026-01-12,4.24,-0.007026,172109.1,72875.217
600084,2026-01-12,5.5,0.035782,88053.0,47579.383
600085,2026-01-12,32.51,0.0021579999999999998,100846.42,326792.607
600088,2026-01-12,18.34,0.08520699999999999,244546.46,440040.568
600089,2026-01-12,24.88,-0.002406,3317510.59,8302892.014
600094,2026-01-12,5.03,0.100656,699700.22,349346.961
600095,2026-01-12,11.85,0.034031,697044.09,814788.777
600096,2026-01-12,33.68,-0.02659,586006.87,1978987.612
600097,2026-01-12,11.9,0.004219,117494.0,138751.963
600098,2026-01-12,6.69,-0.0029809999999999997,276334.63,183829.846
600099,2026-01-12,10.61,0.015310999999999998,33085.1,34846.169
600100,2026-01-12,9.83,0.054721,1370939.86,1321132.249
600101,2026-01-12,9.62,0.008386,190752.89,182639.854
600103,2026-01-12,4.31,0.016509,2256094.54,970167.693
600104,2026-01-12,15.42,0.0012989999999999998,617203.64,949286.097
600105,2026-01-12,31.53,0.044039999999999996,2907284.02,8906311.243
600106,2026-01-12,6.46,-0.0015459999999999998,276990.71,177755.963
600107,2026-01-12,7.16,0.049852999999999995,93762.15,66545.892
600108,2026-01-12,3.5,-0.008499,1427377.63,502018.246
600109,2026-01-12,9.65,0.01686,555676.95,531610.124
600110,2026-01-12,7.59,0.014705999999999999,925304.4,693502.276
600111,2026-01-12,52.48,0.062133,2302414.32,11808396.477
600113,2026-01-12,61.65,-0.011227000000000001,63418.72,388030.287
600114,2026-01-12,30.85,-0.013116000000000001,192775.03,591281.897
600115,2026-01-12,6.0,0.0033439999999999998,1101037.56,668916.843
600116,2026-01-12,6.58,0.007657000000000001,139673.77,91579.006
600117,2026-01-12,3.01,0.023809999999999998,487382.37,146376.262
600118,2026-01-12,116.66,0.100047,696229.47,7984899.939
600119,2026-01-12,8.08,0.018916,64455.01,51755.178
600120,2026-01-12,7.41,0.070809,2974258.09,2151679.174
600121,2026-01-12,4.57,0.011062,690459.61,313244.504
600123,2026-01-12,6.18,0.003247,202502.69,124842.079
600125,2026-01-12,6.41,0.0,177638.09,113160.023
600126,2026-01-12,9.2,0.053837,1408340.16,1279745.771
600127,2026-01-12,6.81,0.004425,217347.92,147276.355
600128,2026-01-12,11.28,-0.0052910000000000006,73641.0,83077.694
600129,2026-01-12,19.16,0.027896999999999998,146602.06,278424.434
600130,2026-01-12,4.26,0.0,188259.37,80879.845
600131,2026-01-12,17.9,0.054803,317601.59,560145.42
600132,2026-01-12,52.61,0.004199,29237.46,153358.807
600133,2026-01-12,10.17,-0.04596599999999999,1049089.39,1085218.531
600135,2026-01-12,12.27,0.033698,786782.63,966842.367
600136,2026-01-12,1.7,-0.005848,173123.52,29461.599
600137,2026-01-12,19.58,0.017143,25311.0,49027.014
600138,2026-01-12,10.13,0.015029999999999998,353568.76,355290.363
600141,2026-01-12,36.36,-0.029365000000000002,235048.98,856015.458
600143,2026-01-12,21.51,0.028203,3670318.33,7922106.892
600148,2026-01-12,20.73,0.02573,34186.48,70311.491
600149,2026-01-12,5.24,0.007692,71428.0,37282.754
600150,2026-01-12,36.14,0.010343999999999999,967612.08,3494947.827
600151,2026-01-12,22.79,0.09990299999999999,2942768.0,6582962.169
600152,2026-01-12,8.31,0.100662,403593.7,325196.246
600153,2026-01-12,9.42,-0.00106,190370.97,178918.575
600155,2026-01-12,7.06,0.026163,528077.62,369425.274
600156,2026-01-12,8.15,-0.006098,94787.51,77486.888
600157,2026-01-12,1.66,-0.005988,8495524.74,1413906.629
600158,2026-01-12,9.1,0.022472,353799.64,319494.565
600159,2026-01-12,2.85,0.007067,183802.01,52095.455
600160,2026-01-12,36.69,-0.029622000000000002,445058.56,1627174.894
600161,2026-01-12,17.08,0.0017599999999999998,127042.38,216582.065
600162,2026-01-12,1.9,0.0,464777.41,87885.891
600163,2026-01-12,5.53,0.0,312228.03,172134.091
600165,2026-01-12,4.0,-0.012346,125752.21,50399.221
600166,2026-01-12,2.92,0.0034360000000000003,1198400.38,348640.943
600167,2026-01-12,7.4,0.005435,201755.2,148710.043
600168,2026-01-12,5.19,0.003868,111790.37,57846.33
600169,2026-01-12,2.57,0.048979999999999996,1095290.04,277347.86
600170,2026-01-12,2.76,0.014705999999999999,2079699.51,570905.276
600171,2026-01-12,33.25,0.014957,249204.34,824247.266
600172,2026-01-12,6.39,0.001567,1062581.16,676665.422
600173,2026-01-12,7.47,0.012195000000000001,143930.39,106615.664
600176,2026-01-12,17.82,0.0062109999999999995,569055.11,1017606.189
600177,2026-01-12,7.51,-0.002656,160753.7,120554.441
600178,2026-01-12,13.41,0.029163,241860.03,319597.962
600179,2026-01-12,5.25,0.019417,1590756.37,827253.276
600180,2026-01-12,3.69,0.019337,223128.31,81591.286
600182,2026-01-12,15.2,0.0,30681.01,46527.292
600183,2026-01-12,68.07,-0.036109,559088.73,3791689.635
600184,2026-01-12,20.86,0.016569,328322.0,683292.94
600185,2026-01-12,6.61,-0.011958,475873.04,314045.106
600186,2026-01-12,6.45,0.040323000000000005,1125295.6,713646.963
600187,2026-01-12,2.6,0.015625,348835.32,89797.988
600188,2026-01-12,14.19,-0.0042109999999999995,369546.2,524038.613
600189,2026-01-12,7.09,0.005674,168208.85,118754.592
600191,2026-01-12,12.2,-0.024,125280.0,154689.865
600192,2026-01-12,10.6,0.014354,339417.89,357926.698
600193,2026-01-12,4.08,0.048843,74400.5,30334.886
600195,2026-01-12,8.07,-0.0037040000000000003,144190.99,116200.131
600196,2026-01-12,27.85,0.007233000000000001,226821.47,628986.291
600197,2026-01-12,14.12,0.011460999999999999,55789.15,78388.792
600198,2026-01-12,11.15,0.048917999999999996,1169570.37,1299179.242
600199,2026-01-12,9.83,0.006141,148587.33,145720.942
600201,2026-01-12,17.19,-0.012069000000000002,557048.83,957565.675
600202,2026-01-12,5.95,0.0033729999999999997,87486.0,51873.53
600203,2026-01-12,13.99,0.036296,557168.0,769006.759
600206,2026-01-12,22.38,0.014966,481806.52,1064745.62
600207,2026-01-12,4.97,0.008114,296849.19,147208.877
600208,2026-01-12,4.08,-0.007299,903063.06,367172.151
600210,2026-01-12,7.59,0.002642,292180.96,220882.655
600211,2026-01-12,44.81,-0.003336,45721.97,203978.042
600212,2026-01-12,8.15,0.008662999999999999,225591.42,183017.25
600215,2026-01-12,8.67,0.024822999999999998,926204.66,780890.729
600216,2026-01-12,14.07,0.001423,143253.49,200741.819
600217,2026-01-12,4.18,-0.002387,363090.68,151220.255
600218,2026-01-12,10.87,0.020657000000000002,212904.92,229287.274
600219,2026-01-12,5.76,-0.015385,3893394.61,2251237.825
600221,2026-01-12,1.74,0.0057799999999999995,5316860.59,923330.986
600222,2026-01-12,6.69,-0.007418,283517.78,189302.533
600223,2026-01-12,7.62,0.011952,177628.77,133890.417
600226,2026-01-12,5.69,-0.024014,1301281.14,744376.219
600227,2026-01-12,2.47,0.008163,316093.56,77769.235
600228,2026-01-12,5.68,-0.010452999999999999,101601.0,57640.388
600229,2026-01-12,6.91,0.040663,138315.65,94498.78
600230,2026-01-12,15.16,-0.002632,174684.4,263541.01
600231,2026-01-12,2.18,0.013953,257046.96,55685.891
600232,2026-01-12,8.63,0.036014,198579.44,171929.751
600233,2026-01-12,16.92,0.022355999999999997,171496.11,288571.94
600234,2026-01-12,12.49,-0.007943,35242.0,43970.022
600235,2026-01-12,6.8,-0.008746,81646.0,55508.102
600236,2026-01-12,8.06,-0.007389,139561.94,112442.046
600237,2026-01-12,9.6,0.0,589012.16,560267.537
600238,2026-01-12,6.35,0.00316,105538.55,67627.744
600239,2026-01-12,2.39,-0.0041670000000000006,286962.96,68653.128
600241,2026-01-12,8.49,0.0023610000000000003,73091.0,61644.024
600243,2026-01-12,4.93,0.006122,93962.0,45512.85
600246,2026-01-12,12.94,0.004658,932542.32,1211728.206
600248,2026-01-12,3.62,0.0027700000000000003,212341.91,76671.571
600249,2026-01-12,5.96,0.013605,143918.52,85281.875
600250,2026-01-12,12.01,0.020391,267913.0,319930.963
600251,2026-01-12,9.49,0.0,129173.33,123291.864
600252,2026-01-12,2.69,-0.028881,1284665.1,344195.172
600255,2026-01-12,4.07,0.012438,1100927.14,444148.86
600256,2026-01-12,5.0,-0.001996,680013.37,339297.169
600257,2026-01-12,7.61,0.028378,326327.03,243734.08
600258,2026-01-12,17.46,0.025852,324567.86,563453.634
600259,2026-01-12,70.64,0.099969,314845.97,2168126.235
600261,2026-01-12,3.48,0.014577,158946.54,55007.171
600262,2026-01-12,27.94,-0.0010730000000000002,64734.77,180123.3
600265,2026-01-12,19.15,-0.019457,9458.11,18018.739
600266,2026-01-12,7.15,0.048387,4376649.44,3091891.736
600267,2026-01-12,10.54,-0.011257,195003.61,205628.881
600268,2026-01-12,11.85,0.043134,562444.18,654397.426
600269,2026-01-12,5.24,0.005758,139231.61,72518.125
600271,2026-01-12,13.66,0.062208,1964588.86,2634845.413
600272,2026-01-12,14.5,0.013277,86844.0,124909.415
600273,2026-01-12,9.4,-0.0052910000000000006,253614.56,239101.417
600276,2026-01-12,63.85,0.001098,428770.19,2735494.019
600278,2026-01-12,8.24,0.049682000000000004,247710.11,200877.731
600279,2026-01-12,5.51,0.003643,189523.0,103765.634
600280,2026-01-12,4.42,0.023148,1339307.88,580377.24
600281,2026-01-12,6.18,-0.001616,199046.72,122188.845
600282,2026-01-12,5.84,0.057971,1232017.23,703514.674
600283,2026-01-12,9.67,0.002073,160771.84,156359.287
600284,2026-01-12,8.97,-0.035484,454471.97,413330.919
600285,2026-01-12,21.37,0.004229,106511.98,225549.479
600287,2026-01-12,5.69,0.0070799999999999995,59017.85,33501.397
600288,2026-01-12,16.03,0.024281,163986.58,258887.889
600289,2026-01-12,6.72,-0.024672999999999997,68911.0,46436.015
600292,2026-01-12,13.83,-0.012143,312456.82,428604.917
600293,2026-01-12,3.25,0.006192,310804.61,100591.647
600295,2026-01-12,14.85,-0.060127,269735.62,403080.066
600298,2026-01-12,44.02,-0.007665,71180.41,312844.782
600299,2026-01-12,9.14,0.003293,71633.36,65290.072
600300,2026-01-12,3.65,-0.002732,545215.0,198120.775
600301,2026-01-12,44.68,0.056515,173825.02,761129.683
600302,2026-01-12,10.76,-0.040143000000000005,189143.23,204839.634
600303,2026-01-12,3.31,0.0030299999999999997,238802.01,78722.442
600305,2026-01-12,8.06,0.011292,138269.65,110783.133
600307,2026-01-12,1.87,0.0625,2017974.68,374426.802
600308,2026-01-12,3.95,0.012821,214863.38,84363.144
600309,2026-01-12,78.14,-0.015248999999999999,375752.05,2938767.156
600310,2026-01-12,3.87,0.005195,183864.63,70853.762
600312,2026-01-12,19.06,0.003686,315375.15,596074.16
600313,2026-01-12,6.64,0.0045390000000000005,393327.34,259706.047
600315,2026-01-12,23.89,0.022688,75103.22,177845.108
600316,2026-01-12,38.97,0.000257,223273.68,862981.882
600318,2026-01-12,9.43,0.018359,271086.2,253164.716
600319,2026-01-12,8.33,-0.069274,191401.0,160556.682
600320,2026-01-12,5.26,-0.007547000000000001,913430.12,479247.386
600322,2026-01-12,2.37,-0.008368,211133.3,50155.207
600323,2026-01-12,28.26,0.004621,52793.01,148492.924
600325,2026-01-12,4.43,0.0,271807.58,119891.076
600326,2026-01-12,11.44,0.013286,515907.66,587515.011
600327,2026-01-12,5.15,0.015779,429093.28,218882.674
600328,2026-01-12,8.56,0.011819999999999999,294479.69,249907.676
600329,2026-01-12,46.87,-0.014715,53118.97,248795.183
600330,2026-01-12,14.34,0.029432999999999997,1523329.8,2175150.436
600331,2026-01-12,12.5,-0.010293000000000002,851949.1,1065510.422
600332,2026-01-12,25.34,0.00079,155911.6,394567.811
600333,2026-01-12,5.7,0.0,163009.32,92355.473
600335,2026-01-12,6.62,0.012232,230662.62,152174.655
600336,2026-01-12,8.35,0.0048130000000000004,228014.66,188048.498
600337,2026-01-12,3.74,-0.026042,2464776.09,907070.242
600338,2026-01-12,17.72,0.048521,905546.83,1594626.381
600339,2026-01-12,3.51,0.011527,725459.65,252283.168
600340,2026-01-12,2.24,-0.004444,2036389.24,459634.73
600343,2026-01-12,49.6,0.068966,1037597.47,5020747.471
600345,2026-01-12,41.98,0.050288000000000006,343079.52,1437178.666
600346,2026-01-12,22.67,-0.023686,344849.74,789424.08
600348,2026-01-12,8.6,-0.001161,800421.78,687047.637
600350,2026-01-12,9.73,0.023134000000000002,94366.67,91125.053
600351,2026-01-12,6.68,0.003003,133385.44,88957.912
600352,2026-01-12,11.28,0.0,250753.79,282618.8
600353,2026-01-12,18.44,-0.009667,654891.88,1200169.249
600354,2026-01-12,6.73,0.001488,307120.2,205202.155
600355,2026-01-12,2.3,0.026785999999999997,199725.0,45741.737
600356,2026-01-12,8.89,0.00452,57224.0,50808.272
600358,2026-01-12,5.93,-0.005033999999999999,98821.0,58557.222
600359,2026-01-12,7.52,0.002667,99823.37,74548.668
600360,2026-01-12,8.29,-0.005995,197935.2,164139.077
600361,2026-01-12,4.52,0.013453,631762.84,282890.537
600362,2026-01-12,56.02,-0.008496,672340.46,3777680.21
600363,2026-01-12,76.81,0.047457,452171.38,3383665.281
600365,2026-01-12,3.21,-0.012308,53805.0,17296.746
600366,2026-01-12,14.84,0.008152,699936.54,1027349.812
600367,2026-01-12,18.19,-0.024665,311276.23,565324.73
600368,2026-01-12,3.98,0.005051,139997.64,55586.881
600369,2026-01-12,4.64,0.017544,684517.38,315045.413
600370,2026-01-12,2.61,0.035714,1049955.91,271243.036
600371,2026-01-12,9.01,0.0033410000000000002,58440.0,52407.346
600372,2026-01-12,16.52,0.065119,2758847.2,4530893.161
600373,2026-01-12,10.3,0.075157,717214.88,728964.161
600375,2026-01-12,6.13,-0.0032519999999999997,520265.99,316869.966
600376,2026-01-12,6.28,0.0,2126442.48,1345806.621
600377,2026-01-12,11.87,0.013664,154320.15,182491.225
600378,2026-01-12,35.5,-0.001687,140811.76,501058.105
600379,2026-01-12,12.46,0.024671,81489.8,100367.67
600380,2026-01-12,12.09,0.010025,244752.47,296545.586
600381,2026-01-12,3.93,-0.007576,99255.91,38749.135
600382,2026-01-12,7.72,0.026596,212805.14,162880.688
600383,2026-01-12,3.19,-0.009316999999999999,927985.75,295770.727
600386,2026-01-12,4.59,0.026846000000000002,145946.99,66341.46
600388,2026-01-12,15.85,-0.021605,187042.74,297372.354
600389,2026-01-12,23.21,-0.051104000000000004,229316.29,536382.864
600390,2026-01-12,6.04,0.028961,1221270.9,737706.475
600391,2026-01-12,45.44,0.023423,389418.5,1754268.664
600392,2026-01-12,24.24,0.035897,1175134.09,2801945.011
600395,2026-01-12,4.87,-0.01417,215241.0,104922.272
600396,2026-01-12,2.98,0.017065,178490.4,52800.948
600397,2026-01-12,9.41,0.038631,866262.38,821039.161
600398,2026-01-12,6.32,0.027642000000000003,775911.49,485995.177
600399,2026-01-12,7.06,0.087827,2416307.03,1699724.939
600400,2026-01-12,2.5,0.008065,586395.66,145988.931
600403,2026-01-12,8.18,0.009877,948216.74,764041.056
600405,2026-01-12,5.65,-0.010508,235219.89,132703.888
600406,2026-01-12,23.75,0.002956,660257.38,1567364.141
600408,2026-01-12,4.52,0.013453,1188161.06,532572.925
600409,2026-01-12,6.6,0.006098,709657.18,471961.359
600410,2026-01-12,22.09,0.040999,3769846.53,8341875.267
600415,2026-01-12,16.55,0.004248,1042388.28,1712767.859
600416,2026-01-12,17.42,0.028943,815680.54,1400356.374
600418,2026-01-12,49.82,-0.014051000000000001,570140.51,2851101.801
600419,2026-01-12,10.04,0.01006,54461.33,54375.355
600420,2026-01-12,10.67,0.007554,128778.88,137053.948
600421,2026-01-12,6.91,-0.030855999999999998,73556.0,51790.936
600422,2026-01-12,12.92,0.00155,72066.13,92780.884
600423,2026-01-12,3.76,-0.007916,211851.06,79466.805
600425,2026-01-12,4.31,-0.004619,349601.61,150544.199
600426,2026-01-12,32.35,-0.027360000000000002,148094.57,480991.695
600428,2026-01-12,7.4,0.037868,675470.03,492146.683
600429,2026-01-12,5.36,0.022900999999999998,404791.0,214968.683
600433,2026-01-12,3.28,0.003058,263123.77,86030.638
600435,2026-01-12,21.87,0.057544000000000005,2436502.68,5243927.773
600436,2026-01-12,173.28,0.007383,26139.95,451985.589
600438,2026-01-12,21.27,0.021123,1219433.48,2583880.466
600439,2026-01-12,2.89,0.017606,265723.39,76315.695
600444,2026-01-12,19.73,0.0035610000000000004,86863.0,170048.862
600446,2026-01-12,17.85,0.068223,673499.05,1171864.432
600448,2026-01-12,3.23,0.0062309999999999996,177105.72,57175.879
600449,2026-01-12,12.68,0.0063490000000000005,59104.98,74566.493
600452,2026-01-12,10.42,0.076446,972790.05,997672.615
600455,2026-01-12,27.06,0.008572,20175.4,54396.942
600456,2026-01-12,41.3,0.029411999999999997,374988.85,1528666.24
600458,2026-01-12,14.18,0.002829,236694.84,333312.021
600459,2026-01-12,21.32,-0.01159,662445.63,1408848.047
600460,2026-01-12,29.82,0.008114,475856.33,1413605.27
600461,2026-01-12,9.35,0.0,183801.62,170221.6
600463,2026-01-12,11.19,-0.004448,41655.0,46660.392
600467,2026-01-12,2.74,0.007352999999999999,965569.64,260802.942
600468,2026-01-12,8.27,0.015971,1467026.32,1199221.565
600469,2026-01-12,6.63,0.010671,129070.15,84628.029
600470,2026-01-12,6.14,-0.006472,177158.22,108893.309
600475,2026-01-12,23.53,0.100047,532318.5,1186744.785
600476,2026-01-12,17.01,0.03216,59299.03,99829.864
600477,2026-01-12,3.96,0.1,178995.78,70882.329
600478,2026-01-12,7.36,0.010989,675595.47,496334.337
600479,2026-01-12,10.36,0.00485,58603.65,60560.105
600480,2026-01-12,12.66,0.015237,293131.48,370411.36
600481,2026-01-12,7.37,0.048364000000000004,1584017.09,1165888.44
600482,2026-01-12,23.55,0.0008500000000000001,374640.66,882342.385
600483,2026-01-12,9.5,0.001054,216424.43,205336.523
600486,2026-01-12,70.26,-0.003404,38127.8,267110.709
600487,2026-01-12,25.04,0.0183,1152342.67,2848557.337
600488,2026-01-12,4.19,0.002392,82792.01,34598.751
600489,2026-01-12,25.02,0.00361,870129.21,2200576.35
600490,2026-01-12,8.26,0.003645,779844.91,644594.29
600491,2026-01-12,3.09,-0.003226,463072.88,143344.923
600493,2026-01-12,7.39,-0.0026989999999999996,154091.24,113950.558
600495,2026-01-12,4.99,0.006048,223602.51,111130.528
600496,2026-01-12,4.6,0.008772,534420.86,244381.038
600497,2026-01-12,8.57,0.007050999999999999,2418645.16,2070980.707
600498,2026-01-12,42.82,0.099923,482050.65,2059356.228
600499,2026-01-12,14.38,0.016254,296431.67,425561.678
600500,2026-01-12,4.08,0.0,276271.85,112589.289
600501,2026-01-12,38.54,0.053293,813320.53,3081173.88
600502,2026-01-12,4.73,0.004246,187775.95,88398.929
600503,2026-01-12,2.78,0.007246,409391.07,113027.422
600505,2026-01-12,13.65,0.005895,89334.63,121676.306
600506,2026-01-12,28.02,-0.027421,297563.28,834225.995
600507,2026-01-12,5.99,0.008418,283524.79,169606.385
600508,2026-01-12,12.43,-0.006395,77462.0,95932.183
600509,2026-01-12,8.69,-0.010251,506625.38,439051.156
600510,2026-01-12,8.6,-0.040179,233723.33,202006.348
600511,2026-01-12,29.21,0.002746,64055.88,186722.684
600512,2026-01-12,2.47,0.004065,275453.0,67721.667
600513,2026-01-12,20.76,-0.016579999999999998,248981.03,518123.742
600515,2026-01-12,4.93,0.004073,2024233.38,991168.832
600516,2026-01-12,6.14,0.016556,1274284.11,773720.178
600517,2026-01-12,6.36,0.003155,488181.91,309283.437
600518,2026-01-12,1.95,0.005155,2965772.97,576381.01
600519,2026-01-12,1423.23,0.00291,36082.66,5135636.033
600520,2026-01-12,26.36,0.02648,56193.0,146760.582
600521,2026-01-12,18.35,-0.013441000000000002,337245.53,619288.211
600522,2026-01-12,18.61,0.0070350000000000005,1372081.88,2533909.36
600523,2026-01-12,16.74,0.012092,177332.32,296243.995
600525,2026-01-12,4.07,0.022612999999999998,292898.95,119721.892
600526,2026-01-12,5.42,-0.001842,138820.75,75156.954
600527,2026-01-12,2.2,0.009174,520239.64,113818.882
600528,2026-01-12,8.45,0.004756,232325.34,195020.41
600529,2026-01-12,20.55,0.008342,132982.73,271206.422
600530,2026-01-12,6.72,-0.007386,114233.5,77058.65
600531,2026-01-12,13.29,0.04072,1089696.65,1436755.454
600533,2026-01-12,2.66,0.015267,164913.0,43706.388
600535,2026-01-12,15.29,-0.0013059999999999999,127949.27,195542.244
600536,2026-01-12,50.39,0.060842,449420.94,2234898.676
600537,2026-01-12,3.91,0.005141,1293953.01,506137.147
600538,2026-01-12,6.36,-0.00625,138848.0,88201.954
600539,2026-01-12,10.63,0.011418,47463.42,50323.655
600540,2026-01-12,4.72,0.0,116531.48,54657.119
600543,2026-01-12,5.62,0.005366999999999999,69001.02,38646.509
600545,2026-01-12,2.73,0.030189,321591.55,87007.463
600546,2026-01-12,10.57,-0.00377,251305.88,265496.766
600547,2026-01-12,45.01,0.028565,535166.87,2409194.313
600548,2026-01-12,8.88,0.010239,72852.1,64401.386
600549,2026-01-12,49.02,0.017223,746330.59,3620825.863
600550,2026-01-12,11.97,0.018723,1488906.17,1782763.186
600551,2026-01-12,8.81,0.038915000000000005,203912.2,177533.983
600552,2026-01-12,15.3,0.099928,1209542.99,1810955.386
600556,2026-01-12,8.6,0.099744,2546122.41,2147533.063
600557,2026-01-12,14.94,0.014256999999999999,81263.63,120588.322
600558,2026-01-12,6.81,0.007396000000000001,849935.29,578278.944
600559,2026-01-12,16.37,0.009248,159732.33,260449.332
600560,2026-01-12,17.13,0.004692,37237.46,63520.076
600561,2026-01-12,6.63,0.010671,45037.54,29744.626
600562,2026-01-12,34.41,0.060400999999999996,378540.41,1292110.932
600563,2026-01-12,108.58,0.004905,42291.54,456704.117
600566,2026-01-12,26.08,-0.0034389999999999998,46201.83,120572.671
600567,2026-01-12,1.71,0.005881999999999999,1135543.45,193216.116
600568,2026-01-12,2.6,-0.026217,318955.0,83254.982
600569,2026-01-12,2.4,0.012658,308545.98,73954.963
600570,2026-01-12,33.42,0.06909799999999999,1116484.73,3658088.435
600571,2026-01-12,17.42,0.048766,343810.34,589229.872
600572,2026-01-12,4.53,0.002212,333950.64,150704.043
600573,2026-01-12,12.14,0.017603,114542.07,137948.186
600575,2026-01-12,3.51,0.011527,453250.69,158843.759
600576,2026-01-12,6.66,0.004525,294119.43,195348.53
600577,2026-01-12,14.76,0.0020369999999999997,1954555.04,2859858.85
600578,2026-01-12,5.37,-0.014679,498635.0,268164.96
600579,2026-01-12,9.37,0.09976499999999999,162018.04,151084.25
600580,2026-01-12,48.63,0.008503,1286136.88,6207518.643
600581,2026-01-12,3.47,0.008721,330456.12,114496.898
600582,2026-01-12,5.92,0.001692,373903.36,220723.136
600583,2026-01-12,5.9,-0.003378,715473.32,421830.098
600584,2026-01-12,43.68,0.060709,1675498.51,7357955.587
600585,2026-01-12,22.65,-0.0048330000000000005,274911.69,622528.662
600586,2026-01-12,6.71,0.1,601729.23,397165.618
600587,2026-01-12,16.5,0.009174,320618.68,527182.788
600588,2026-01-12,16.02,0.100275,1690080.7,2653399.512
600589,2026-01-12,10.32,0.065015,5222690.82,5384372.414
600590,2026-01-12,10.88,0.047161,998129.87,1065530.793
600592,2026-01-12,27.85,0.032246000000000004,433509.15,1197451.856
600593,2026-01-12,43.17,-0.0016189999999999998,59918.0,258143.958
600594,2026-01-12,4.16,0.00241,184167.0,76226.151
600595,2026-01-12,8.61,-0.009205999999999999,752406.97,646895.765
600596,2026-01-12,12.13,-0.004922,358150.21,433571.219
600597,2026-01-12,8.2,0.0036720000000000004,134724.71,110208.864
600598,2026-01-12,15.55,-0.012071,331094.2,514332.113
600599,2026-01-12,8.31,-0.021200999999999998,64872.19,53937.801
600600,2026-01-12,63.09,0.014635,61927.23,388115.13
600601,2026-01-12,12.77,-0.019201,2252245.03,2870423.921
600602,2026-01-12,21.05,0.055138,597513.76,1235191.147
600603,2026-01-12,6.54,-0.016541,202854.36,132141.807
600604,2026-01-12,6.26,0.019544,503868.04,315061.036
600605,2026-01-12,30.03,-0.019589000000000002,33164.0,99703.24
600606,2026-01-12,1.7,-0.005848,1066273.0,180035.413
600608,2026-01-12,3.56,-0.005587,32641.0,11678.796
600609,2026-01-12,4.67,0.010823000000000001,304019.31,140961.083
600610,2026-01-12,10.42,0.010669,212083.95,220075.847
600611,2026-01-12,6.01,0.01692,758379.5,453303.502
600612,2026-01-12,46.43,0.009348,38005.0,175839.55
600613,2026-01-12,6.26,-0.001595,91993.0,57482.078
600615,2026-01-12,11.98,0.016115,50019.4,59495.871
600616,2026-01-12,5.49,0.014787,151024.26,82498.327
600617,2026-01-12,3.29,0.015432,405682.05,132423.386
600618,2026-01-12,12.91,-0.003089,178818.79,230043.794
600619,2026-01-12,22.15,0.011415999999999999,429961.96,947858.157
600620,2026-01-12,7.15,-0.0069440000000000005,186198.01,132982.085
600621,2026-01-12,16.43,0.007975,390596.87,635505.7
600622,2026-01-12,2.94,-0.010101,543936.24,160315.81
600623,2026-01-12,8.24,0.035176,252676.82,207422.918
600624,2026-01-12,5.35,-0.007421,178568.18,95438.598
600626,2026-01-12,5.23,0.039761000000000005,445319.27,232993.888
600628,2026-01-12,8.52,0.004717,341799.43,288758.923
600629,2026-01-12,23.48,-0.045528000000000006,949555.02,2254343.117
600630,2026-01-12,9.53,0.005274,230411.13,219180.852
600633,2026-01-12,15.33,0.099713,548084.95,837813.173
600635,2026-01-12,7.17,0.015581000000000001,1562661.89,1126445.765
600636,2026-01-12,8.98,0.025114,124192.78,110737.148
600637,2026-01-12,14.65,0.09985,977235.75,1431308.18
600638,2026-01-12,6.8,0.005917,173426.16,118460.944
600639,2026-01-12,10.54,-0.003781,85487.32,89699.994
600640,2026-01-12,15.37,0.100215,296021.92,439350.16
600641,2026-01-12,19.24,-0.001038,424693.64,812825.317
600642,2026-01-12,8.0,0.008827,213135.17,169899.739
600643,2026-01-12,5.74,0.014134,276014.67,157777.182
600644,2026-01-12,10.62,0.03207,234067.0,245968.703
600645,2026-01-12,27.6,0.017324,158524.22,432087.308
600648,2026-01-12,10.57,0.002846,43220.38,45456.393
600649,2026-01-12,4.73,-0.008386,394769.17,186624.243
600650,2026-01-12,16.01,0.007552,122549.0,195884.949
600651,2026-01-12,8.4,0.099476,1082062.09,884564.108
600653,2026-01-12,1.98,0.015385,346247.24,67867.273
600654,2026-01-12,4.11,0.051151,1204482.42,487401.324
600655,2026-01-12,5.31,0.013359000000000001,148035.42,78344.946
600657,2026-01-12,3.57,0.0,228474.81,81138.672
600658,2026-01-12,6.2,0.028192,428363.34,261705.301
600660,2026-01-12,62.25,-0.020148000000000003,170827.91,1066443.037
600661,2026-01-12,10.84,0.041306,92300.4,98044.199
600662,2026-01-12,5.16,0.013752,154425.89,79130.66
600663,2026-01-12,8.21,-0.00243,87423.11,71601.896
600664,2026-01-12,3.56,0.00565,307150.73,108894.306
600665,2026-01-12,3.29,0.0,112069.78,36880.865
600666,2026-01-12,3.75,0.080692,2688490.39,998470.824
600667,2026-01-12,8.55,0.015439000000000001,997478.36,851226.973
600668,2026-01-12,11.49,-0.0008699999999999999,66888.61,76626.453
600671,2026-01-12,17.5,0.001717,24621.11,43089.594
600673,2026-01-12,29.91,0.013210999999999999,1227515.03,3709000.539
600674,2026-01-12,14.0,-0.003559,183171.3,256233.068
600675,2026-01-12,2.8,0.003584,514711.36,143281.232
600676,2026-01-12,7.47,0.100147,51640.22,38575.244
600678,2026-01-12,15.24,0.070977,1222730.56,1858597.726
600679,2026-01-12,13.6,0.004431,91509.51,123555.142
600681,2026-01-12,4.22,-0.009389999999999999,543148.22,229242.589
600682,2026-01-12,9.15,0.02809,486808.25,445272.451
600683,2026-01-12,4.39,0.002283,121975.34,53399.638
600684,2026-01-12,4.67,0.047085,409082.3,185830.007
600685,2026-01-12,32.35,0.033877000000000004,392967.0,1278747.981
600686,2026-01-12,18.39,0.025084,225381.26,414215.362
600688,2026-01-12,2.92,0.0034360000000000003,972920.69,283956.564
600689,2026-01-12,13.92,0.016058,46564.04,64584.851
600690,2026-01-12,26.2,0.005758,433555.12,1132924.108
600691,2026-01-12,3.1,0.003236,488124.68,150654.343
600692,2026-01-12,7.18,0.007013,81579.4,58371.633
600693,2026-01-12,21.01,0.072486,1830402.58,3637643.96
600694,2026-01-12,20.05,0.099835,388286.51,761914.682
600696,2026-01-12,3.2,0.04918,132421.02,41701.473
600697,2026-01-12,14.01,0.025622,123297.0,170950.984
600698,2026-01-12,9.39,0.011853,257069.26,240061.917
600699,2026-01-12,30.6,-0.029188000000000002,872833.19,2674103.814
600702,2026-01-12,58.38,0.014246000000000002,102879.55,597624.916
600703,2026-01-12,15.8,0.026640999999999998,1872275.48,2956283.68
600704,2026-01-12,5.86,0.020905999999999998,1066049.56,623223.75
600706,2026-01-12,11.3,0.018018,179596.0,201771.803
600707,2026-01-12,6.92,0.007278,710719.36,491832.958
600708,2026-01-12,3.56,-0.01385,306494.47,109113.712
600710,2026-01-12,10.98,-0.004533,194901.0,212749.098
600711,2026-01-12,16.8,0.005988,1482702.77,2484519.315
600712,2026-01-12,7.05,0.01585,269901.8,187888.396
600713,2026-01-12,5.43,-0.016304,284248.8,154391.744
600714,2026-01-12,12.84,-0.022831,143680.0,183076.492
600715,2026-01-12,2.32,0.031111,707350.0,163048.016
600716,2026-01-12,4.2,0.002387,202869.7,84679.946
600717,2026-01-12,4.62,0.006535999999999999,228204.56,104908.964
600718,2026-01-12,11.72,0.037168,731887.08,845892.187
600719,2026-01-12,6.26,0.006431,87451.04,54537.761
600720,2026-01-12,7.38,0.010959000000000002,131871.71,96674.436
600721,2026-01-12,9.5,-0.009385,550603.07,521659.943
600722,2026-01-12,6.62,-0.01194,358400.68,239769.796
600724,2026-01-12,6.06,0.003311,219073.01,130041.34
600725,2026-01-12,4.15,-0.007177,317775.66,132204.523
600726,2026-01-12,2.51,0.008032000000000001,377280.46,94130.819
600727,2026-01-12,7.09,0.0,87718.7,61884.143
600728,2026-01-12,7.32,0.023776000000000002,1626233.28,1180337.074
600729,2026-01-12,29.01,0.100114,400662.36,1141847.298
600730,2026-01-12,12.63,0.011209,528868.94,676616.413
600731,2026-01-12,7.03,0.010057,103256.65,72229.576
600732,2026-01-12,14.19,0.03956,561210.08,791543.286
600733,2026-01-12,8.86,0.038687,2417884.57,2118773.104
600734,2026-01-12,5.25,0.056338,3772108.84,1969805.822
600735,2026-01-12,5.77,-0.049423,279444.5,168119.29
600736,2026-01-12,7.71,0.027999999999999997,1016902.58,792459.797
600737,2026-01-12,16.91,-0.019142,457719.17,772891.115
600738,2026-01-12,5.32,0.007576,202985.0,107530.267
600739,2026-01-12,12.45,0.015498000000000001,251547.47,310052.367
600740,2026-01-12,4.01,0.005013,295389.79,117786.82
600741,2026-01-12,20.23,-0.005897,132470.7,267352.649
600742,2026-01-12,9.87,0.0,110548.91,108435.452
600743,2026-01-12,1.98,-0.01,407678.91,80720.689
600744,2026-01-12,6.28,0.021138,549739.13,342985.786
600745,2026-01-12,39.96,0.021734,577735.04,2286502.335
600746,2026-01-12,7.12,0.0042309999999999995,60300.33,42843.992
600748,2026-01-12,6.55,0.0,896392.75,590578.688
600749,2026-01-12,17.55,0.015625,63832.67,111156.91
600750,2026-01-12,22.89,-0.002614,54211.38,123978.119
600751,2026-01-12,4.18,0.019512,817560.28,340073.389
600753,2026-01-12,8.07,-0.023001999999999998,49525.0,40227.646
600754,2026-01-12,26.21,0.021036000000000003,166226.5,437033.332
600755,2026-01-12,7.21,0.018362,1046627.14,749167.81
600756,2026-01-12,21.01,0.061111000000000006,598911.54,1235312.029
600757,2026-01-12,9.31,0.039063,263040.8,242165.102
600758,2026-01-12,3.79,-0.007853,245014.21,92749.976
600759,2026-01-12,3.6,0.025640999999999997,8093412.28,2909276.253
600760,2026-01-12,62.67,0.004327,460206.44,2865238.133
600761,2026-01-12,22.36,0.024279000000000002,296883.58,663816.088
600763,2026-01-12,42.34,0.016079,106334.36,448001.246
600764,2026-01-12,30.71,0.021623,229660.3,701434.985
600765,2026-01-12,20.92,0.040796,1124413.57,2335850.037
600768,2026-01-12,15.1,0.041379,71073.0,106375.165
600769,2026-01-12,13.04,-0.015849,85627.02,111735.553
600770,2026-01-12,5.62,0.025547,295367.64,164840.229
600771,2026-01-12,18.62,0.013609,79873.23,148140.251
600773,2026-01-12,14.07,0.05157,287788.56,401968.738
600774,2026-01-12,9.58,0.013756999999999998,54648.2,51783.015
600775,2026-01-12,19.54,0.072448,2278068.98,4370537.334
600776,2026-01-12,22.39,0.100246,76149.67,170499.111
600777,2026-01-12,3.93,-0.005063,180287.46,70794.18
600778,2026-01-12,7.1,0.007092,231653.0,165107.171
600779,2026-01-12,40.3,0.025184,77499.39,309346.675
600780,2026-01-12,5.87,0.012069000000000002,183629.24,106917.488
600782,2026-01-12,3.95,0.01023,702753.63,276937.428
600783,2026-01-12,35.85,0.100031,117304.91,420538.102
600784,2026-01-12,7.73,-0.028894000000000003,622961.06,482838.362
600785,2026-01-12,14.44,0.029956999999999998,155913.0,222596.196
600787,2026-01-12,5.81,0.015733999999999998,501650.48,288221.77
600789,2026-01-12,9.37,-0.001066,296792.35,276930.619
600790,2026-01-12,3.89,0.002577,92515.79,35879.421
600791,2026-01-12,4.83,0.016842,132208.0,64481.625
600792,2026-01-12,4.09,-0.009685000000000001,274598.45,112241.564
600793,2026-01-12,21.25,0.002832,43653.1,92486.518
600794,2026-01-12,4.02,0.028133,335339.99,133530.618
600795,2026-01-12,4.96,0.004049,1733560.36,855265.23
600796,2026-01-12,6.27,0.01129,89238.04,55745.729
600797,2026-01-12,11.21,0.05655,1279916.02,1414904.343
600798,2026-01-12,3.66,0.016667,291530.1,106056.072
600800,2026-01-12,3.55,0.002825,396081.4,140595.661
600801,2026-01-12,23.53,-0.042718,245653.58,581721.436
600802,2026-01-12,6.49,-0.004601,223277.58,145400.729
600803,2026-01-12,19.96,0.0025109999999999998,63976.17,127253.37
600805,2026-01-12,5.79,0.008711,239055.8,137692.721
600807,2026-01-12,3.53,0.017291,831676.8,292021.279
600808,2026-01-12,4.08,-0.012107000000000001,1380184.21,560117.682
600809,2026-01-12,179.83,0.018577999999999997,72252.53,1298167.288
600810,2026-01-12,9.3,0.007584,353971.29,328634.737
600812,2026-01-12,5.69,0.003527,177724.71,100563.881
600814,2026-01-12,8.53,0.007084,216893.43,182624.137
600815,2026-01-12,3.44,0.005848,670156.0,230396.385
600816,2026-01-12,2.92,0.013889,861797.8,249499.019
600817,2026-01-12,11.58,0.028419,73689.84,85446.235
600818,2026-01-12,10.13,0.015029999999999998,72965.05,73526.6
600819,2026-01-12,8.88,0.036173000000000004,223049.27,198180.377
600820,2026-01-12,6.53,0.0,317579.83,206862.306
600821,2026-01-12,5.4,0.028571,565239.81,304509.114
600822,2026-01-12,11.33,0.0,81343.79,92178.9
600824,2026-01-12,4.86,0.008298999999999999,583246.27,281055.164
600825,2026-01-12,7.29,0.054993,672010.39,479693.944
600826,2026-01-12,12.43,0.032392,270244.42,332557.695
600827,2026-01-12,9.38,0.014054,193966.31,180427.973
600828,2026-01-12,7.69,0.10014300000000001,519998.98,399293.154
600829,2026-01-12,12.09,0.021978,224396.15,267764.966
600830,2026-01-12,9.95,0.007085,146796.43,145458.144
600831,2026-01-12,4.57,0.029279000000000003,221461.9,100848.374
600833,2026-01-12,13.33,0.005279000000000001,41979.86,55743.238
600834,2026-01-12,8.59,0.004678,40155.41,34408.872
600835,2026-01-12,30.6,0.000654,183443.84,560565.938
600838,2026-01-12,14.26,0.055514,918923.32,1285030.912
600839,2026-01-12,10.38,0.099576,4015339.61,3998166.494
600841,2026-01-12,6.43,0.012598,116757.16,74666.84
600843,2026-01-12,12.63,0.033552,508126.21,635178.131
600844,2026-01-12,2.93,-0.003401,183206.0,53724.058
600845,2026-01-12,24.94,0.05099,814011.44,2014059.334
600846,2026-01-12,14.11,-0.009825,90914.97,127819.827
600847,2026-01-12,12.25,0.016597999999999998,25880.0,31564.467
600848,2026-01-12,12.25,-0.005682,309994.43,380019.172
600850,2026-01-12,35.38,0.079646,543019.35,1901722.746
600851,2026-01-12,7.43,-0.0053549999999999995,108051.01,79915.306
600853,2026-01-12,4.64,0.031111,777194.89,363399.46
600854,2026-01-12,5.08,0.011952,99178.27,50070.399
600855,2026-01-12,29.39,0.048894,934762.21,2698524.381
600857,2026-01-12,13.98,0.002151,87940.92,121722.472
600858,2026-01-12,7.16,0.024319999999999998,833518.45,592938.96
600859,2026-01-12,16.16,0.035897,712308.8,1132284.498
600860,2026-01-12,13.04,0.016368,145163.84,188407.381
600861,2026-01-12,18.74,0.025724999999999998,68000.37,126649.69
600862,2026-01-12,27.88,0.029922,1072795.52,2976505.41
600863,2026-01-12,4.57,-0.010823000000000001,545826.25,249561.249
600864,2026-01-12,7.17,0.030171999999999997,851155.43,604815.359
600865,2026-01-12,17.71,0.034463,495847.49,857536.588
600866,2026-01-12,7.14,0.002809,230366.0,164151.254
600867,2026-01-12,8.53,0.0023499999999999997,250131.99,212484.388
600868,2026-01-12,3.91,0.101408,2334054.55,885872.79
600869,2026-01-12,10.89,0.03125,2211324.21,2383860.075
600871,2026-01-12,2.29,-0.017166999999999998,2409395.56,551818.087
600872,2026-01-12,18.08,0.003887,101384.19,182666.302
600873,2026-01-12,10.22,0.000979,290381.92,295692.237
600874,2026-01-12,6.06,0.003311,163671.52,98768.7
600875,2026-01-12,25.6,-0.018405,1121855.74,2875889.174
600876,2026-01-12,10.1,0.007984,49951.0,50463.572
600877,2026-01-12,20.49,0.099839,231244.7,473820.39
600879,2026-01-12,31.56,0.10003500000000001,4037649.27,12567512.098
600880,2026-01-12,7.12,0.100464,309221.17,220165.473
600881,2026-01-12,1.9,0.0052910000000000006,879354.16,166373.443
600882,2026-01-12,25.33,0.018496,79754.12,200237.976
600883,2026-01-12,8.21,0.00984,36669.0,29956.046
600884,2026-01-12,13.33,-0.038239999999999996,1384066.92,1854945.024
600885,2026-01-12,31.36,-0.008223000000000001,158903.1,497935.155
600886,2026-01-12,13.3,0.0,188600.64,250438.945
600887,2026-01-12,27.74,0.002168,610974.22,1685870.213
600888,2026-01-12,8.56,-0.001167,389822.11,332916.456
600889,2026-01-12,16.35,-0.007286,157002.68,256767.217
600892,2026-01-12,3.44,-0.019943,96083.0,33276.798
600893,2026-01-12,44.94,0.02206,725968.0,3235906.109
600894,2026-01-12,9.63,0.002081,94051.65,90539.789
600895,2026-01-12,47.15,-0.008204,973692.61,4624650.56
600897,2026-01-12,17.47,0.012166999999999999,82498.51,143326.479
600900,2026-01-12,27.4,0.004031,784355.54,2145881.938
600901,2026-01-12,6.2,-0.015872999999999998,335416.37,207963.689
600903,2026-01-12,6.77,0.001479,111768.68,75518.355
600905,2026-01-12,4.15,0.0,999314.0,414629.788
600906,2026-01-12,7.09,0.014306000000000001,421912.0,296963.131
600908,2026-01-12,5.9,0.001698,134427.6,79174.782
600909,2026-01-12,7.31,0.006887,1504864.16,1094341.371
600916,2026-01-12,8.24,0.004878,258303.41,212567.427
600917,2026-01-12,5.61,0.008993,85131.37,47438.54
600918,2026-01-12,6.77,0.011958,415155.79,279356.089
600919,2026-01-12,10.5,0.009615,1310722.29,1366199.545
600925,2026-01-12,4.66,-0.002141,114626.21,53269.588
600926,2026-01-12,15.39,-0.0032379999999999996,442594.95,680602.663
600927,2026-01-12,16.26,0.013084,95302.0,154469.788
600928,2026-01-12,3.75,0.0053620000000000004,227306.45,84937.693
600929,2026-01-12,5.7,0.010638000000000002,203735.83,115271.422
600930,2026-01-12,6.38,0.0031450000000000002,908312.4,576967.503
600933,2026-01-12,20.18,-0.005911,147742.35,297999.644
600935,2026-01-12,2.72,0.018727,946245.0,258507.902
600936,2026-01-12,4.72,0.019438,930720.53,435456.716
600938,2026-01-12,28.61,-0.004523,338721.73,969380.801
600939,2026-01-12,3.27,0.006154,250378.31,81534.85
600941,2026-01-12,100.4,0.002797,161182.16,1616280.467
600955,2026-01-12,17.78,0.02834,142003.0,253148.794
600956,2026-01-12,7.45,0.001344,85327.85,63342.673
600958,2026-01-12,10.99,0.007332999999999999,977435.02,1067320.931
600959,2026-01-12,3.73,0.019126,1047867.38,389567.322
600960,2026-01-12,5.62,-0.012302,407698.0,228534.329
600961,2026-01-12,17.95,0.011268,294370.42,524402.623
600962,2026-01-12,24.7,0.090989,239709.01,566445.785
600963,2026-01-12,4.6,-0.008621,292635.07,134639.008
600965,2026-01-12,6.35,0.10052,370062.71,226697.015
600966,2026-01-12,6.54,0.0,231719.2,150767.895
600967,2026-01-12,19.54,0.025722000000000002,1252243.31,2446668.116
600968,2026-01-12,3.9,0.0,421186.58,163775.124
600969,2026-01-12,11.25,0.071429,176354.28,193776.941
600970,2026-01-12,10.4,0.0019270000000000001,301399.35,314732.18
600971,2026-01-12,6.48,0.0015459999999999998,122157.3,78923.298
600973,2026-01-12,9.1,0.038813,2627818.85,2395835.137
600975,2026-01-12,5.98,0.005042,191853.55,114081.429
600976,2026-01-12,34.42,0.0026219999999999998,18036.52,61910.724
600977,2026-01-12,16.87,0.030543999999999998,744133.36,1238346.049
600979,2026-01-12,4.56,0.017857,282045.27,127418.832
600980,2026-01-12,24.6,-0.011651,102576.0,251373.71
600981,2026-01-12,3.36,0.002985,652736.0,219465.32
600982,2026-01-12,4.48,0.004484,171407.5,76563.526
600983,2026-01-12,10.3,0.000972,101565.91,104505.084
600984,2026-01-12,4.16,-0.011876,398394.4,165018.889
600985,2026-01-12,11.55,0.0017349999999999998,211019.08,243431.309
600986,2026-01-12,10.74,0.10041,931168.67,992651.192
600987,2026-01-12,6.95,0.0,94298.4,65513.754
600988,2026-01-12,31.28,0.008057,639742.47,2012369.852
600989,2026-01-12,19.37,-0.023197000000000002,527825.79,1027894.199
600990,2026-01-12,36.94,0.05573,434722.05,1573523.613
600992,2026-01-12,14.15,0.012159999999999999,95853.0,134995.655
600993,2026-01-12,28.41,0.0,59284.26,167935.867
600995,2026-01-12,13.18,0.010736,182847.0,239628.963
600996,2026-01-12,10.3,0.007828,402686.53,411646.073
600997,2026-01-12,5.99,-0.0049830000000000004,159648.12,95681.096
600998,2026-01-12,5.29,0.0,532596.43,280194.624
600999,2026-01-12,17.35,0.007549,684090.0,1180632.56
601000,2026-01-12,3.97,0.015345,464406.87,183187.839
601001,2026-01-12,14.5,0.0,188598.81,274708.437
601002,2026-01-12,5.27,0.009578999999999999,161021.92,84196.036
601003,2026-01-12,5.1,0.007905,195604.49,99552.899
601005,2026-01-12,1.53,0.02,1553745.74,235962.553
601006,2026-01-12,5.18,0.009747,2038460.18,1052062.198
601007,2026-01-12,7.9,0.012821,133845.7,105379.954
601008,2026-01-12,5.29,0.005703000000000001,187289.7,98468.371
601009,2026-01-12,10.75,-0.007387,973198.86,1047647.864
601010,2026-01-12,2.87,0.032374,714981.12,202490.849
601011,2026-01-12,3.54,0.014327000000000001,804061.43,281708.834
601012,2026-01-12,19.23,0.045677,3643822.89,6919241.186
601015,2026-01-12,4.06,0.0024690000000000003,703635.17,285754.146
601016,2026-01-12,3.02,0.0,593807.21,178914.331
601018,2026-01-12,3.69,0.002717,551438.37,202863.011
601019,2026-01-12,9.24,0.046433,295680.11,270098.466
601020,2026-01-12,30.01,0.009418,510543.82,1517096.492
601021,2026-01-12,58.82,0.008572999999999999,68327.5,403565.711
601022,2026-01-12,9.53,0.014908999999999999,145604.86,137797.741
601026,2026-01-12,20.66,0.005842000000000001,100704.22,206075.633
601033,2026-01-12,15.24,-0.01039,105525.4,159946.736
601038,2026-01-12,14.12,-0.008427,105419.3,148705.205
601058,2026-01-12,16.04,-0.009265,282644.4,453406.514
601059,2026-01-12,17.9,0.003926,328257.73,585915.559
601061,2026-01-12,15.07,-0.014388000000000001,349184.66,527244.684
601065,2026-01-12,8.5,0.0047279999999999996,63182.95,53468.407
601066,2026-01-12,26.42,0.010324999999999999,244373.1,642349.825
601068,2026-01-12,6.0,0.0,324455.0,194605.441
601069,2026-01-12,29.34,0.015928,307750.0,898150.133
601077,2026-01-12,6.51,-0.009132,690116.5,449060.135
601083,2026-01-12,11.53,0.008749,76071.87,87183.093
601086,2026-01-12,10.97,0.031015,264512.13,286497.272
601088,2026-01-12,41.86,-0.013899,260949.99,1092988.458
601089,2026-01-12,29.36,-0.030063,96761.91,283895.913
601096,2026-01-12,4.36,0.009259,264238.46,114505.563
601098,2026-01-12,11.69,0.031774,305578.0,354483.105
601099,2026-01-12,4.54,0.078385,10472699.48,4736317.042
601100,2026-01-12,117.6,0.020833,130078.32,1506708.032
601101,2026-01-12,7.52,-0.0052910000000000006,134747.63,101423.769
601106,2026-01-12,5.95,0.099815,3820799.02,2238113.481
601107,2026-01-12,6.09,0.001645,99839.0,60560.337
601108,2026-01-12,9.05,0.016854,789814.29,708635.946
601111,2026-01-12,9.01,0.0033410000000000002,1018794.49,929015.696
601113,2026-01-12,4.72,0.008547,382997.0,179848.818
601116,2026-01-12,17.25,0.10012800000000001,686369.58,1160358.425
601117,2026-01-12,8.17,0.008642,885486.6,723231.21
601118,2026-01-12,5.99,0.022184,960558.4,573502.746
601121,2026-01-12,7.7,-0.003881,189576.28,145482.275
601126,2026-01-12,33.16,0.00729,278767.88,911709.159
601127,2026-01-12,124.03,-0.0055320000000000005,235730.93,2916065.745
601128,2026-01-12,7.02,-0.0014219999999999999,375462.05,262883.751
601133,2026-01-12,16.72,-0.009479,173077.13,289635.13
601136,2026-01-12,19.56,0.015049,257386.29,499619.315
601137,2026-01-12,22.94,0.026398,428607.48,971951.975
601138,2026-01-12,60.93,-0.008945999999999999,2110816.25,12764097.982
601139,2026-01-12,6.72,0.012048000000000001,193990.91,129782.854
601155,2026-01-12,15.04,0.001999,115835.38,174255.154
601156,2026-01-12,18.02,-0.006067,109681.43,198288.682
601158,2026-01-12,4.52,0.0066820000000000004,109407.06,49219.997
601162,2026-01-12,4.46,0.039626999999999996,4987101.84,2200282.195
601163,2026-01-12,14.39,0.009825,53227.79,76082.353
601166,2026-01-12,20.92,0.0038390000000000004,806680.18,1683033.481
601168,2026-01-12,28.03,-0.00884,643487.36,1810387.899
601169,2026-01-12,5.52,0.001815,1083335.47,597866.027
601177,2026-01-12,17.73,0.013722000000000002,110703.66,195101.355
601179,2026-01-12,11.39,0.048803,4043657.39,4591294.535
601186,2026-01-12,7.81,0.0012820000000000002,494775.16,386051.887
601187,2026-01-12,7.29,0.023875999999999998,221611.23,160080.751
601188,2026-01-12,3.54,0.002833,221565.3,78210.426
601198,2026-01-12,14.07,0.012959,576892.7,806575.824
601199,2026-01-12,5.71,0.005282,82367.0,46718.016
601200,2026-01-12,8.21,0.0061270000000000005,120026.29,97968.262
601208,2026-01-12,27.4,-0.005445,742149.98,2022247.654
601211,2026-01-12,21.07,0.0,1204114.39,2526162.468
601212,2026-01-12,6.28,0.060811000000000004,4070196.62,2522638.223
601216,2026-01-12,5.17,-0.0038540000000000002,1205119.81,621844.599
601218,2026-01-12,5.35,0.009434,420209.01,223165.655
601222,2026-01-12,5.64,0.003559,237864.0,133860.018
601225,2026-01-12,22.59,0.0,308388.08,696792.18
601226,2026-01-12,8.84,-0.010078,541215.0,482475.039
601228,2026-01-12,3.56,0.082067,1640772.66,571067.534
601229,2026-01-12,10.07,0.016145,847776.65,848334.893
601231,2026-01-12,28.44,-0.018972,410587.01,1155504.151
601233,2026-01-12,17.36,-0.017544,292677.16,509786.434
601236,2026-01-12,8.56,0.013018,274401.14,233705.201
601238,2026-01-12,8.44,0.0,558437.65,467797.182
601279,2026-01-12,5.08,0.0,301908.2,152594.162
601288,2026-01-12,7.52,0.014844999999999999,3439981.48,2558792.03
601298,2026-01-12,8.37,0.0,167387.69,139871.058
601311,2026-01-12,9.44,0.005325,314690.36,294939.902
601318,2026-01-12,67.55,-0.021013999999999998,1851661.18,12546774.433
601319,2026-01-12,9.8,-0.004065,934129.16,916200.276
601326,2026-01-12,3.53,0.008571,265395.35,93082.704
601328,2026-01-12,7.1,0.004243,1454039.31,1027262.879
601330,2026-01-12,6.95,0.007246,79746.0,55063.251
601333,2026-01-12,3.07,0.009868,536510.54,164228.037
601336,2026-01-12,80.06,-0.003981,270673.17,2167783.617
601339,2026-01-12,6.27,0.050251000000000004,286047.6,177042.483
601360,2026-01-12,13.35,0.09967100000000001,4733528.95,6188864.911
601366,2026-01-12,5.12,0.013861000000000002,633662.51,321812.509
601368,2026-01-12,5.06,0.007968,88857.5,44612.229
601369,2026-01-12,10.12,0.0,186333.14,189241.434
601375,2026-01-12,4.49,0.020455,802447.7,357107.596
601377,2026-01-12,7.29,0.006906,1677504.05,1217118.26
601388,2026-01-12,3.19,0.0031450000000000002,586088.29,186778.391
601390,2026-01-12,5.58,0.0,973079.97,542536.559
601398,2026-01-12,7.74,0.003891,2923852.21,2254589.84
601399,2026-01-12,6.41,0.032206,6909155.19,4417150.669
601456,2026-01-12,10.05,0.011066,446112.03,446785.851
601500,2026-01-12,4.95,-0.002016,354674.4,175144.208
601512,2026-01-12,9.95,-0.021632,204253.84,205352.682
601515,2026-01-12,4.4,0.020882,318449.3,139540.497
601518,2026-01-12,2.83,0.0,127619.18,36043.879
601519,2026-01-12,15.3,0.079746,1619912.35,2419069.86
601528,2026-01-12,5.51,0.003643,181085.76,99279.413
601555,2026-01-12,9.34,0.010823000000000001,591660.45,548854.757
601566,2026-01-12,13.48,-0.01534,339630.78,459156.372
601567,2026-01-12,24.58,0.005317,196571.22,479533.401
601568,2026-01-12,3.95,0.007653,272688.16,107735.136
601577,2026-01-12,9.45,-0.004215,148431.13,140188.46
601579,2026-01-12,21.24,0.018705,118820.14,250301.599
601588,2026-01-12,1.78,0.00565,319367.12,56534.806
601595,2026-01-12,32.08,0.053529999999999994,225897.34,716129.348
601598,2026-01-12,6.02,-0.02589,395586.79,239692.851
601599,2026-01-12,4.17,0.007246,562842.04,232690.457
601600,2026-01-12,13.85,-0.014235,4743277.18,6597287.956
601601,2026-01-12,45.38,-0.024086,494671.52,2260551.979
601606,2026-01-12,51.28,-0.013277,720182.9,3669395.306
601607,2026-01-12,17.92,0.0022370000000000003,190610.59,341130.654
601608,2026-01-12,7.72,0.029333,2153163.26,1658661.318
601609,2026-01-12,11.25,-0.0017749999999999999,575708.35,643806.396
601611,2026-01-12,19.94,0.099835,2823958.37,5360197.688
601615,2026-01-12,19.68,0.10005599999999999,1125040.32,2201261.662
601616,2026-01-12,4.07,0.0175,248628.8,100650.24
601618,2026-01-12,3.09,0.003247,2145378.85,660981.904
601619,2026-01-12,4.83,-0.006173,803369.83,386860.459
601628,2026-01-12,49.44,0.012907,210901.31,1037989.321
601633,2026-01-12,22.17,0.001808,193771.63,428401.874
601636,2026-01-12,6.39,0.004717,507413.15,323038.409
601658,2026-01-12,5.34,0.007547000000000001,1461656.88,778096.777
601665,2026-01-12,5.63,0.0,373844.0,209779.904
601666,2026-01-12,8.49,0.009512,447855.23,383241.877
601668,2026-01-12,5.19,0.001931,1800949.07,933996.38
601669,2026-01-12,5.41,0.005576,2037432.55,1096585.704
601677,2026-01-12,14.85,-0.0066890000000000005,421538.71,624110.748
601678,2026-01-12,4.65,0.008677,585918.79,271175.074
601686,2026-01-12,6.43,0.009419,103581.0,66511.636
601688,2026-01-12,23.91,-0.00167,1433423.25,3394765.667
601689,2026-01-12,74.08,-0.016855,499925.37,3708434.689
601696,2026-01-12,14.99,0.009427999999999999,986671.48,1472941.146
601698,2026-01-12,53.88,0.10004099999999999,2629460.98,13823148.77
601699,2026-01-12,13.06,-0.000765,388034.16,505702.833
601700,2026-01-12,5.92,0.006803,396273.6,232617.639
601702,2026-01-12,19.52,-0.02008,121666.49,236780.668
601717,2026-01-12,23.89,-0.016872,250330.15,594881.441
601718,2026-01-12,3.59,0.016996999999999998,932924.62,333105.609
601727,2026-01-12,9.48,0.019355,4359571.33,4120746.538
601728,2026-01-12,6.37,0.007911,2198945.61,1403346.598
601766,2026-01-12,7.07,0.00569,1028008.43,724837.663
601777,2026-01-12,11.95,-0.014839,562537.72,673265.716
601778,2026-01-12,4.08,0.007407,1978514.51,808717.666
601788,2026-01-12,18.07,0.015168999999999998,516719.39,925892.937
601789,2026-01-12,5.37,0.018975,661943.38,350830.889
601798,2026-01-12,9.4,0.012931,96163.28,89867.092
601799,2026-01-12,126.65,0.001978,18850.57,237511.354
601800,2026-01-12,8.41,0.014475,368897.44,309648.57
601801,2026-01-12,7.13,0.051622,394873.05,276374.389
601808,2026-01-12,14.42,-0.008253,171198.39,246563.294
601811,2026-01-12,15.12,0.030674999999999997,118476.93,177309.813
601816,2026-01-12,5.15,0.007828,1442143.86,741367.588
601818,2026-01-12,3.46,0.002899,2273473.1,785237.241
601825,2026-01-12,9.03,0.0,170434.44,154235.233
601827,2026-01-12,8.55,0.0035210000000000003,81864.75,70088.456
601828,2026-01-12,2.82,0.025455000000000002,582103.67,162835.657
601838,2026-01-12,16.09,-0.0018609999999999998,291376.23,468847.423
601857,2026-01-12,9.86,-0.001013,1441894.77,1418143.992
601858,2026-01-12,21.47,0.099898,303065.52,633191.447
601860,2026-01-12,2.79,0.00722,386585.44,107493.709
601865,2026-01-12,16.46,0.017305,252719.17,413646.103
601866,2026-01-12,2.56,0.007873999999999999,1133939.53,289607.862
601868,2026-01-12,2.41,0.0041670000000000006,3106375.18,745781.774
601869,2026-01-12,110.48,-0.013836,114877.57,1262364.269
601872,2026-01-12,10.7,0.088505,1934141.45,2028152.201
601877,2026-01-12,29.3,-0.009131,355534.08,1035715.138
601878,2026-01-12,11.2,0.013574999999999999,615917.89,685050.583
601880,2026-01-12,1.64,0.006135000000000001,1191670.59,195118.231
601881,2026-01-12,16.25,0.010572,582509.99,939099.342
601882,2026-01-12,20.77,0.028218,67390.45,139175.051
601886,2026-01-12,8.78,0.0,89189.84,77827.967
601888,2026-01-12,95.4,-0.003967,591711.54,5640929.534
601890,2026-01-12,11.06,0.010046,621811.65,687560.834
601898,2026-01-12,13.54,-0.019551,313465.18,424966.785
601899,2026-01-12,37.26,0.001075,2964963.71,11080991.362
601900,2026-01-12,15.07,0.1,240097.1,355556.034
601901,2026-01-12,8.0,0.010101,1038745.79,826632.215
601908,2026-01-12,4.13,0.017241,870758.24,357440.795
601916,2026-01-12,3.03,0.0,758893.9,230098.89
601918,2026-01-12,7.02,0.0,446136.02,312864.254
601919,2026-01-12,14.83,-0.004698,748669.1,1109023.392
601921,2026-01-12,8.29,0.018428,368817.08,305749.366
601928,2026-01-12,10.38,0.030785,340871.71,351228.27
601929,2026-01-12,4.2,0.060606,8022481.6,3357078.273
601933,2026-01-12,5.36,0.038759999999999996,9824568.63,5150566.054
601939,2026-01-12,9.11,0.005519,1185839.55,1073951.246
601949,2026-01-12,7.41,0.099407,652637.86,468120.18
601952,2026-01-12,9.33,0.0021479999999999997,108991.3,101188.137
601956,2026-01-12,7.36,0.006840000000000001,123033.6,90155.609
601958,2026-01-12,18.2,-0.009793,757637.85,1376889.079
601963,2026-01-12,10.45,0.0,126110.33,131352.509
601965,2026-01-12,17.74,0.00453,113061.99,200484.11
601966,2026-01-12,14.88,0.009498,199098.86,294099.871
601968,2026-01-12,5.59,0.014518999999999999,185119.58,102747.259
601969,2026-01-12,11.72,0.016479,558711.96,655319.287
601975,2026-01-12,3.26,0.012421999999999999,1727767.48,561342.135
601985,2026-01-12,9.24,0.022124,2522743.75,2311151.335
601988,2026-01-12,5.53,0.007286,2615674.52,1436981.079
601990,2026-01-12,8.19,0.009864000000000001,323645.03,263619.56
601991,2026-01-12,3.65,0.00551,983632.08,358823.895
601992,2026-01-12,1.94,0.102273,2560161.79,488886.471
601995,2026-01-12,36.24,0.01314,341977.01,1231880.16
601996,2026-01-12,2.32,0.008696,300132.42,69553.8
601997,2026-01-12,5.88,0.003413,275083.23,161339.747
601998,2026-01-12,7.47,0.010825,729505.87,540848.206
601999,2026-01-12,7.44,0.036212,130880.3,96369.302
603000,2026-01-12,23.16,0.100238,344036.52,796788.58
603001,2026-01-12,8.52,-0.008149,79535.79,67709.082
603002,2026-01-12,7.78,0.007772,267290.5,206778.187
603004,2026-01-12,24.5,0.004098,47987.25,117205.676
603005,2026-01-12,29.65,0.022061,312474.88,919480.575
603006,2026-01-12,13.36,0.006024000000000001,28607.0,38010.582
603007,2026-01-12,5.9,0.027875,295187.99,173258.223
603008,2026-01-12,20.76,0.022157,193548.8,395686.898
603009,2026-01-12,48.32,0.0035310000000000003,136677.2,655824.046
603010,2026-01-12,10.39,-0.037071,173389.4,180628.885
603011,2026-01-12,31.05,0.082636,1238304.75,3674863.746
603012,2026-01-12,7.17,0.034632,530180.86,376264.028
603013,2026-01-12,26.15,0.011605,129106.11,333303.981
603014,2026-01-12,41.58,0.0048330000000000005,33582.71,139341.355
603015,2026-01-12,18.82,0.09994199999999999,819508.32,1448453.77
603016,2026-01-12,30.34,0.001982,38749.68,117092.695
603017,2026-01-12,14.63,0.1,289447.29,414927.405
603018,2026-01-12,7.79,0.010376000000000002,145675.54,112852.373
603019,2026-01-12,95.99,0.028391000000000003,775388.49,7359897.237
603020,2026-01-12,10.86,0.047252,130427.0,142738.299
603021,2026-01-12,4.93,-0.013999999999999999,62876.2,31005.41
603022,2026-01-12,10.96,0.034939,120007.02,130033.278
603023,2026-01-12,5.68,0.028986,563343.49,317080.165
603025,2026-01-12,18.85,0.025571,141696.59,263653.275
603026,2026-01-12,72.0,-0.015721,121934.25,879795.268
603027,2026-01-12,10.43,0.01955,197043.57,203930.338
603028,2026-01-12,9.53,0.002103,267513.5,254718.247
603029,2026-01-12,18.73,0.011338999999999998,24866.6,46428.272
603030,2026-01-12,3.01,0.003333,403821.0,121260.056
603031,2026-01-12,51.35,-0.015906,142749.19,732012.412
603032,2026-01-12,19.94,0.009109,75587.32,149962.786
603033,2026-01-12,11.17,0.013611999999999999,137776.42,152974.965
603035,2026-01-12,16.55,0.038919999999999996,204159.84,329488.848
603036,2026-01-12,21.72,-0.00367,74508.0,162619.348
603037,2026-01-12,16.62,-0.06786299999999999,323255.18,545228.351
603038,2026-01-12,17.36,0.014611,72441.3,125116.236
603039,2026-01-12,63.45,0.064419,124168.61,766929.755
603040,2026-01-12,86.3,0.0,20969.67,179473.463
603041,2026-01-12,12.4,0.00813,30306.6,37413.059
603042,2026-01-12,18.29,0.026951,177058.32,320234.971
603043,2026-01-12,17.87,0.016496,48756.44,86921.317
603045,2026-01-12,23.07,0.025333,93133.25,212081.594
603048,2026-01-12,21.72,0.00046100000000000004,30619.0,65895.687
603049,2026-01-12,54.82,-0.025769,75822.11,417685.4
603050,2026-01-12,18.31,-0.009199,48718.71,89029.884
603051,2026-01-12,22.72,-0.0017569999999999999,62001.94,140776.499
603052,2026-01-12,44.71,0.0040420000000000005,165288.33,735953.891
603053,2026-01-12,9.92,0.005066,41998.0,41554.678
603055,2026-01-12,9.45,-0.009434,96034.52,90564.269
603057,2026-01-12,27.43,0.006606,252861.72,721267.347
603058,2026-01-12,10.02,0.037267,170070.58,168095.838
603059,2026-01-12,34.88,0.099968,21497.67,74264.775
603060,2026-01-12,6.39,0.028986,129814.57,82258.646
603061,2026-01-12,188.6,0.008233,34924.02,657668.655
603062,2026-01-12,48.11,0.000624,10377.0,49670.143
603063,2026-01-12,33.17,-0.018058,302135.51,1004556.919
603065,2026-01-12,8.53,0.005896,49184.0,41770.149
603066,2026-01-12,11.12,0.025830000000000002,45015.0,49384.656
603067,2026-01-12,37.1,0.05698,504810.74,1853693.922
603068,2026-01-12,41.27,0.053612,111787.43,453072.956
603069,2026-01-12,24.7,0.008987,175095.57,431246.106
603070,2026-01-12,13.38,0.011337999999999999,33356.59,44459.955
603071,2026-01-12,13.59,0.005178,26596.0,35974.279
603072,2026-01-12,43.9,0.01456,57959.79,251606.231
603073,2026-01-12,19.05,0.001051,13522.0,25753.228
603075,2026-01-12,23.05,0.005233,16719.45,38289.771
603076,2026-01-12,24.39,0.011613,16761.98,40690.399
603077,2026-01-12,2.21,-0.051502,4535595.84,1008904.52
603078,2026-01-12,21.42,0.10015399999999999,478303.86,1001699.177
603079,2026-01-12,19.11,0.044261999999999996,67159.25,127323.251
603080,2026-01-12,24.7,-0.01672,58617.0,145395.05
603081,2026-01-12,14.1,-0.001416,80319.4,112681.067
603082,2026-01-12,38.23,0.021919,20086.59,76240.476
603083,2026-01-12,121.92,-0.01423,240792.97,2935038.484
603085,2026-01-12,12.72,0.034146,222598.79,281764.989
603086,2026-01-12,8.45,0.002372,102121.0,86016.59
603087,2026-01-12,69.88,-0.015774999999999997,113420.06,791525.012
603088,2026-01-12,11.51,0.055963000000000006,296317.2,336031.874
603089,2026-01-12,13.07,0.005385,55480.01,72077.34
603090,2026-01-12,66.83,0.100082,21385.0,141516.176
603091,2026-01-12,75.45,-0.032444,13723.3,104140.221
603092,2026-01-12,68.07,-0.009747,27677.31,187535.442
603093,2026-01-12,20.15,0.015625,100341.45,200814.17
603095,2026-01-12,17.79,0.056413000000000005,102125.72,178471.403
603096,2026-01-12,18.58,0.029363,30116.4,55525.567
603097,2026-01-12,29.03,-0.000344,50769.0,146287.463
603098,2026-01-12,14.29,0.025108000000000002,89969.6,127494.329
603099,2026-01-12,45.55,0.008413,78158.49,355208.67
603100,2026-01-12,26.41,-0.018216,204594.21,537971.919
603101,2026-01-12,10.58,0.028183,191622.8,199948.289
603102,2026-01-12,44.75,0.001567,8498.0,37950.805
603103,2026-01-12,18.53,-0.013836999999999999,96529.06,178878.297
603105,2026-01-12,9.86,0.029228,231987.04,225856.99
603106,2026-01-12,11.5,0.056985,345478.31,390074.661
603107,2026-01-12,15.26,0.006595999999999999,39852.89,60503.201
603108,2026-01-12,19.47,0.085284,1095606.44,2123100.102
603109,2026-01-12,27.93,0.008667000000000001,62596.3,174106.445
603110,2026-01-12,16.81,-0.053491,407535.2,703607.588
603111,2026-01-12,7.12,0.014245,159183.0,112377.938
603112,2026-01-12,18.87,0.06851600000000001,258820.54,485472.369
603113,2026-01-12,6.47,-0.004615,124626.97,80400.551
603115,2026-01-12,21.14,0.010033,71536.0,148425.851
603116,2026-01-12,6.7,-0.013255,170085.8,114266.292
603117,2026-01-12,4.88,0.0061860000000000005,111788.6,54176.419
603118,2026-01-12,12.35,0.026600000000000002,346571.51,423852.994
603119,2026-01-12,118.28,0.058434,198700.32,2291177.582
603120,2026-01-12,39.79,0.006832,13761.98,54625.923
603121,2026-01-12,22.28,-0.025372,114494.68,256104.817
603122,2026-01-12,22.15,0.020267,446885.0,974024.726
603123,2026-01-12,15.44,0.019815,1021428.52,1561742.137
603124,2026-01-12,87.72,-0.013717,28314.63,245038.667
603125,2026-01-12,18.77,-0.011585000000000002,156723.44,293995.862
603126,2026-01-12,6.88,0.0,98531.0,67771.629
603127,2026-01-12,40.38,-0.041083,249128.32,1013089.712
603128,2026-01-12,6.12,0.01157,233608.69,142268.007
603129,2026-01-12,268.89,0.004033,14149.88,379544.179
603130,2026-01-12,56.38,0.019530000000000002,41003.0,229845.259
603131,2026-01-12,34.34,0.050796,579077.43,1998425.729
603132,2026-01-12,15.41,-0.009003,78872.27,121599.07
603135,2026-01-12,9.7,0.012525999999999999,54897.89,53036.006
603136,2026-01-12,11.94,0.010152000000000001,65467.84,77728.53
603137,2026-01-12,14.17,0.004965,18200.8,25732.346
603138,2026-01-12,15.78,0.039526,141124.72,220697.908
603139,2026-01-12,21.18,0.019249000000000002,34501.0,72247.644
603150,2026-01-12,42.39,0.071266,63012.0,264415.207
603151,2026-01-12,18.98,0.0,23860.0,45059.26
603153,2026-01-12,17.83,0.008484,25513.24,45284.26
603155,2026-01-12,18.1,0.017426,73202.95,131151.05
603156,2026-01-12,32.99,-0.000303,121609.79,400094.2
603158,2026-01-12,10.7,0.013258,193473.88,204508.432
603159,2026-01-12,26.57,0.004157,40243.86,106636.705
603160,2026-01-12,82.9,0.012951999999999998,80972.09,668023.738
603161,2026-01-12,13.87,-0.021171000000000002,80327.64,111631.133
603162,2026-01-12,12.35,-0.015936,148014.22,182734.88
603163,2026-01-12,74.46,-0.013905,37042.68,275882.363
603165,2026-01-12,12.94,0.014107000000000001,41276.16,53318.663
603166,2026-01-12,16.06,0.010699,210369.18,333781.909
603167,2026-01-12,9.39,0.007511,68192.16,63827.151
603168,2026-01-12,7.74,0.006502,61852.96,47555.007
603169,2026-01-12,13.43,0.03149,1668900.9,2250078.147
603170,2026-01-12,15.58,0.048452,61971.0,95345.689
603171,2026-01-12,78.17,0.10005599999999999,64024.79,493703.533
603172,2026-01-12,17.89,0.013597999999999999,28705.0,50683.152
603173,2026-01-12,45.36,0.0037619999999999997,36143.59,162027.976
603175,2026-01-12,73.01,-0.001777,52452.73,380728.654
603176,2026-01-12,5.52,0.014705999999999999,51508.0,28180.095
603177,2026-01-12,11.51,-0.003463,45355.0,52110.073
603178,2026-01-12,19.31,0.007829000000000001,58637.08,112553.645
603179,2026-01-12,84.24,-0.018525,222050.67,1892906.573
603180,2026-01-12,20.48,0.009862,24681.76,50344.477
603181,2026-01-12,15.67,0.003844,186385.16,288694.219
603182,2026-01-12,15.68,-0.008223000000000001,21857.0,34237.965
603183,2026-01-12,4.46,0.00905,103586.28,46131.755
603185,2026-01-12,28.26,-0.014988,467316.16,1313149.33
603186,2026-01-12,56.91,0.039452,106231.0,601549.138
603187,2026-01-12,15.75,0.004464,60049.78,94257.582
603188,2026-01-12,4.63,0.013129,197057.0,90289.9
603189,2026-01-12,22.36,0.045837,179253.0,396157.945
603190,2026-01-12,27.22,0.001472,31999.2,86423.799
603191,2026-01-12,16.66,0.0,159718.79,265897.242
603192,2026-01-12,27.17,-0.008394,69141.63,186402.534
603193,2026-01-12,25.33,0.014011000000000001,38536.71,96704.539
603194,2026-01-12,39.78,-0.00025100000000000003,26034.35,103866.395
603195,2026-01-12,41.7,0.00361,33046.99,137479.07
603196,2026-01-12,25.15,0.002791,37730.0,93206.07
603197,2026-01-12,39.5,0.013340000000000001,94171.92,369628.414
603198,2026-01-12,40.18,0.008534,67164.64,269384.789
603199,2026-01-12,38.5,0.008646000000000001,28750.0,110478.955
603200,2026-01-12,80.0,0.039501,130141.15,1009554.972
603201,2026-01-12,17.26,0.005242,18207.69,31350.393
603202,2026-01-12,93.08,0.001076,15163.85,140628.682
603203,2026-01-12,36.68,0.0,41420.96,151034.877
603205,2026-01-12,28.62,-0.004175,22901.11,65332.526
603206,2026-01-12,18.47,0.031267,105019.88,191874.894
603207,2026-01-12,29.77,0.005743000000000001,13561.0,40192.233
603208,2026-01-12,14.8,0.013699,43971.29,64701.096
603209,2026-01-12,15.53,0.018361000000000002,81701.8,125806.965
603210,2026-01-12,19.91,-0.0020050000000000003,37235.36,73918.067
603211,2026-01-12,23.51,0.002559,142209.63,334072.452
603212,2026-01-12,15.22,0.042466,565519.1,853968.731
603213,2026-01-12,13.2,-0.0007570000000000001,24647.0,32474.863
603214,2026-01-12,17.68,0.021375,82171.97,143920.944
603215,2026-01-12,21.55,0.004662,82507.0,175591.667
603216,2026-01-12,44.8,0.061611,49633.23,216289.54
603217,2026-01-12,26.53,0.016865,36470.68,96359.653
603218,2026-01-12,13.68,0.002198,152240.46,208606.071
603219,2026-01-12,17.67,-0.02051,81394.79,144027.614
603220,2026-01-12,24.47,0.03511,242212.37,588629.005
603221,2026-01-12,13.38,-0.010355000000000001,96947.0,129540.018
603222,2026-01-12,9.83,0.001018,205727.38,201678.402
603223,2026-01-12,9.48,0.0063690000000000005,128328.08,121372.641
603225,2026-01-12,19.54,-0.019076,189411.55,369831.494
603226,2026-01-12,29.95,-0.032623,45822.95,137285.563
603227,2026-01-12,8.49,0.003546,146108.1,123303.412
603228,2026-01-12,72.0,-0.037562000000000005,391897.96,2797786.269
603229,2026-01-12,10.2,-0.005848,112833.76,114812.28
603230,2026-01-12,13.13,0.015467999999999999,79606.0,104171.461
603231,2026-01-12,18.75,0.0010680000000000002,28812.82,53885.956
603232,2026-01-12,26.73,0.1,374289.77,958262.629
603233,2026-01-12,18.54,0.008705000000000001,64482.46,118960.739
603235,2026-01-12,27.05,0.002966,10873.0,29290.303
603236,2026-01-12,106.56,0.047582000000000006,148041.44,1549821.046
603237,2026-01-12,17.02,0.004723,22993.07,38975.582
603238,2026-01-12,18.11,0.016274,27128.9,48819.81
603239,2026-01-12,21.23,0.039667,104674.0,219661.425
603248,2026-01-12,23.09,0.0060999999999999995,101356.28,233329.307
603255,2026-01-12,30.03,0.004012,16405.0,48622.735
603256,2026-01-12,37.82,-0.032736999999999995,262408.0,992611.545
603257,2026-01-12,60.75,0.0024749999999999998,17923.77,108157.297
603258,2026-01-12,20.07,0.038282,81122.97,161183.237
603259,2026-01-12,98.68,-0.004037,443951.55,4385655.732
603260,2026-01-12,54.84,-0.002909,158928.46,868268.933
603261,2026-01-12,29.23,0.049551,26145.0,75389.761
603262,2026-01-12,29.09,-0.000687,16310.46,47593.638
603266,2026-01-12,22.98,0.019521,85439.48,195232.88
603267,2026-01-12,60.0,0.039321,169678.13,1016295.427
603268,2026-01-12,88.0,-0.003398,31969.0,281861.773
603269,2026-01-12,13.72,0.008824,179446.82,246585.834
603270,2026-01-12,26.92,0.000372,58566.51,157667.606
603271,2026-01-12,41.82,-0.003574,31974.1,133053.023
603272,2026-01-12,21.36,-0.005123,41806.0,88689.243
603273,2026-01-12,20.67,0.011252,30579.65,62836.999
603275,2026-01-12,48.76,0.014143,51178.94,251781.838
603276,2026-01-12,17.14,-0.002909,19028.0,32582.656
603277,2026-01-12,16.56,-0.011933000000000001,30291.45,50200.845
603278,2026-01-12,17.72,0.099938,967136.86,1665241.998
603279,2026-01-12,17.11,-0.010983,120902.0,207480.655
603280,2026-01-12,38.85,0.004655,26626.5,102573.091
603281,2026-01-12,29.48,0.022900999999999998,39709.29,115855.197
603282,2026-01-12,20.8,0.0019270000000000001,19192.0,39845.413
603283,2026-01-12,45.14,0.013244,159201.59,716859.411
603285,2026-01-12,25.35,0.009558,30071.65,76004.593
603286,2026-01-12,74.78,0.075971,70003.0,515744.704
603288,2026-01-12,38.32,0.011349,176894.48,677186.16
603289,2026-01-12,10.44,0.002882,44184.74,45963.859
603290,2026-01-12,104.3,0.030428999999999998,64445.69,665816.196
603291,2026-01-12,10.86,0.011172999999999999,60069.0,64599.353
603296,2026-01-12,97.25,0.008817,158515.48,1520086.368
603297,2026-01-12,114.32,-0.005827,27227.09,307109.933
603298,2026-01-12,27.61,-0.001808,70349.36,192265.899
603299,2026-01-12,10.79,-0.010092,180401.21,193007.249
603300,2026-01-12,8.17,0.014906999999999998,1690973.25,1373220.716
603301,2026-01-12,67.18,-0.034769999999999995,34943.79,235527.977
603303,2026-01-12,14.32,0.099846,76276.67,107903.611
603305,2026-01-12,21.01,0.1,1357319.89,2830085.103
603306,2026-01-12,63.19,-0.01173,91659.99,578493.478
603307,2026-01-12,41.59,-0.022562000000000002,47569.0,198306.519
603308,2026-01-12,45.71,0.021224,249671.3,1141352.796
603309,2026-01-12,13.54,0.028094,160185.67,214619.878
603310,2026-01-12,17.24,0.0034920000000000003,23400.57,40228.351
603311,2026-01-12,14.43,-0.018367,96645.0,139515.433
603312,2026-01-12,48.43,-0.011229,28737.11,139423.999
603313,2026-01-12,9.53,-0.0052190000000000005,144724.22,137515.394
603315,2026-01-12,15.43,0.0,125053.0,193461.887
603316,2026-01-12,15.24,-0.004572,133302.42,204914.956
603317,2026-01-12,13.28,0.02866,85781.44,112229.339
603318,2026-01-12,6.91,0.008759,115253.68,79049.046
603319,2026-01-12,34.81,-0.010236,169285.87,588647.97
603320,2026-01-12,18.88,0.00106,27302.0,51336.407
603321,2026-01-12,8.31,-0.010714,67031.0,55689.118
603322,2026-01-12,42.4,0.037944,128782.55,536572.281
603323,2026-01-12,5.06,0.003968,204850.64,103505.582
603324,2026-01-12,26.58,-0.011896,41468.3,110206.578
603325,2026-01-12,84.25,0.017758,16713.36,139209.291
603326,2026-01-12,9.08,0.01566,55359.76,49803.18
603327,2026-01-12,11.6,0.025640999999999997,395402.24,453975.2
603328,2026-01-12,11.43,-0.0008740000000000001,307524.99,349261.821
603329,2026-01-12,11.28,0.010752999999999999,30240.0,33926.257
603330,2026-01-12,7.39,0.004076,104133.77,76988.416
603331,2026-01-12,13.9,-0.007852,169017.3,234354.743
603332,2026-01-12,13.74,0.000728,83304.3,113801.99
603333,2026-01-12,8.88,-0.004484,303386.0,267551.065
603334,2026-01-12,49.69,0.012841,91345.27,451337.749
603335,2026-01-12,5.6,-0.012346,152977.95,85539.902
603336,2026-01-12,8.82,-0.016722,122662.59,108101.636
603337,2026-01-12,49.86,0.069957,81951.81,404074.872
603338,2026-01-12,57.4,0.0038469999999999997,54390.53,310193.818
603339,2026-01-12,14.89,0.09970499999999999,244305.68,351637.44
603341,2026-01-12,51.8,0.032078,318315.63,1625439.007
603344,2026-01-12,36.87,-0.034817,67994.56,250949.026
603345,2026-01-12,87.96,0.02101,79788.25,703506.607
603348,2026-01-12,20.71,0.0063170000000000006,45733.06,94299.514
603350,2026-01-12,38.82,0.010410999999999998,15160.1,58549.134
603351,2026-01-12,26.74,-0.000747,11460.0,30533.618
603353,2026-01-12,27.7,-0.003955,75024.8,206381.919
603355,2026-01-12,31.42,0.024453999999999997,41105.69,127891.736
603356,2026-01-12,16.44,0.031368,98412.0,162008.754
603357,2026-01-12,8.3,0.0060609999999999995,45441.78,37596.143
603358,2026-01-12,56.88,0.017895,94521.51,533021.075
603359,2026-01-12,8.78,-0.099487,83454.0,73272.612
603360,2026-01-12,30.75,-0.036956,200492.41,619528.457
603363,2026-01-12,4.44,-0.006711,824602.64,365548.606
603365,2026-01-12,20.48,0.004414,19105.36,39040.942
603366,2026-01-12,10.18,0.048403999999999996,619860.14,621806.136
603367,2026-01-12,18.57,-0.013808,151125.0,280215.801
603368,2026-01-12,18.59,-0.004285,75529.55,140520.626
603369,2026-01-12,35.85,0.010712999999999999,91890.58,329196.699
603370,2026-01-12,47.87,-0.003539,15439.67,73720.628
603373,2026-01-12,40.6,0.019332000000000002,18733.39,75347.572
603375,2026-01-12,38.81,0.012523,23555.0,90757.412
603376,2026-01-12,38.45,0.004703,29621.36,113468.58
603377,2026-01-12,4.08,0.0,132236.48,54420.372
603378,2026-01-12,7.02,0.015919000000000003,99923.65,70048.671
603379,2026-01-12,57.27,-0.032274,97758.75,560338.643
603380,2026-01-12,40.16,0.016709,49905.0,197370.996
603381,2026-01-12,20.59,0.007339,39564.42,81372.985
603382,2026-01-12,32.97,0.001215,30383.09,100041.757
603383,2026-01-12,40.9,0.068164,162603.2,653594.862
603385,2026-01-12,6.91,0.014684,52943.5,36548.042
603386,2026-01-12,16.18,0.012516000000000001,251476.8,403060.599
603387,2026-01-12,8.48,-0.0046949999999999995,106660.45,90744.89
603389,2026-01-12,45.34,0.050023,44621.6,186861.239
603390,2026-01-12,13.46,0.002234,105660.0,140946.36
603391,2026-01-12,63.03,-0.028963000000000003,14375.32,90943.415
603392,2026-01-12,47.37,0.012612000000000002,48366.59,229154.447
603393,2026-01-12,27.89,-0.003929,45502.25,126502.843
603395,2026-01-12,30.65,0.018272,43064.39,131278.202
603396,2026-01-12,38.36,0.100086,97829.44,365183.626
603398,2026-01-12,8.88,-0.04721,165459.92,148527.508
603399,2026-01-12,11.44,0.0187,267372.36,305773.512
603400,2026-01-12,55.21,0.013028,11941.3,65317.054
603402,2026-01-12,138.5,0.067108,127200.21,1860062.059
603406,2026-01-12,40.27,0.0,25896.63,104508.416
603408,2026-01-12,12.94,-0.006143999999999999,51458.0,66704.47
603409,2026-01-12,37.52,0.0067079999999999996,27075.1,101919.952
603416,2026-01-12,63.44,-0.016434,58067.05,370675.675
603418,2026-01-12,58.84,-0.001019,26337.94,154612.221
603421,2026-01-12,7.5,0.040222,248173.42,183732.494
603429,2026-01-12,10.95,0.006434,116881.23,127403.632
603439,2026-01-12,11.94,0.005051,45663.98,54189.359
603444,2026-01-12,476.07,0.018964,28791.69,1359692.898
603456,2026-01-12,19.44,0.0,229730.51,444673.387
603458,2026-01-12,12.17,0.010797000000000001,211891.53,252528.24
603466,2026-01-12,10.84,0.044316,519131.43,555838.026
603477,2026-01-12,17.67,0.012027000000000001,83458.68,146214.333
603486,2026-01-12,85.86,0.02851,94570.21,798530.28
603488,2026-01-12,10.67,0.1,487660.36,487585.952
603489,2026-01-12,30.98,-0.010224,40518.0,125231.982
603496,2026-01-12,35.49,0.10012399999999999,59689.42,211837.752
603499,2026-01-12,22.83,0.030234999999999998,99750.58,225088.431
603500,2026-01-12,12.56,0.028665,94083.07,116850.718
603501,2026-01-12,133.55,0.015435,247981.25,3289393.17
603505,2026-01-12,19.09,-0.018509,197044.78,375444.222
603506,2026-01-12,13.4,0.006762000000000001,60624.06,80815.539
603507,2026-01-12,29.46,-0.016032,165256.2,481167.207
603508,2026-01-12,27.69,0.007275,103909.99,286436.635
603511,2026-01-12,16.72,0.023882,37260.0,61826.152
603515,2026-01-12,18.62,0.003774,16775.67,31097.931
603516,2026-01-12,243.5,0.052518,81319.83,1931261.907
603517,2026-01-12,13.19,0.0038050000000000002,92541.32,122022.441
603518,2026-01-12,10.0,0.017294,141741.8,140497.385
603519,2026-01-12,12.32,0.009836000000000001,35306.8,43403.868
603520,2026-01-12,10.37,0.034929999999999996,179008.15,183481.182
603527,2026-01-12,11.49,0.036069,179905.33,204185.843
603528,2026-01-12,11.38,0.016071,512753.15,579512.839
603529,2026-01-12,30.38,0.0,69785.3,210663.719
603530,2026-01-12,42.45,-0.015309999999999999,89299.22,374803.954
603533,2026-01-12,28.69,0.078977,683895.63,1901112.619
603535,2026-01-12,10.54,-0.003781,72961.24,76658.489
603536,2026-01-12,11.74,0.021758000000000003,123274.02,142899.916
603538,2026-01-12,21.17,0.0033179999999999998,71029.31,149855.873
603551,2026-01-12,11.33,-0.014783,61701.73,69883.463
603556,2026-01-12,36.59,0.029255,61494.9,221345.264
603557,2026-01-12,2.65,-0.02214,155544.0,41412.117
603558,2026-01-12,11.03,0.0,46325.5,51149.817
603559,2026-01-12,6.64,-0.011904999999999999,62201.55,41359.091
603565,2026-01-12,10.08,-0.000991,140665.74,141505.278
603566,2026-01-12,12.97,0.006987999999999999,52251.63,67457.367
603567,2026-01-12,9.74,0.046187,185720.35,177404.562
603568,2026-01-12,25.18,-0.015637,77666.75,195146.993
603569,2026-01-12,7.92,0.014085,83828.0,65893.252
603577,2026-01-12,10.74,-0.013774,130134.9,139829.837
603578,2026-01-12,12.68,0.033415,42095.98,52624.239
603579,2026-01-12,27.99,0.015971,215232.13,600457.045
603580,2026-01-12,16.26,-0.002454,16335.0,26487.459
603583,2026-01-12,38.84,0.00988,114859.46,443031.172
603585,2026-01-12,19.51,0.000513,40529.37,78901.209
603586,2026-01-12,19.37,0.012546,34745.09,66639.895
603587,2026-01-12,13.23,0.0,33933.19,44771.286
603588,2026-01-12,8.93,-0.035637,905483.23,812528.723
603589,2026-01-12,30.38,0.005627,51510.92,156201.991
603590,2026-01-12,43.77,-0.028197,65897.58,288596.079
603595,2026-01-12,17.51,0.021587000000000002,57189.41,99107.292
603596,2026-01-12,56.49,0.024483,279395.57,1578149.454
603598,2026-01-12,28.52,0.099884,16271.0,46404.892
603599,2026-01-12,11.91,0.002525,93068.27,110628.77
603600,2026-01-12,11.5,0.0,63987.0,73187.948
603601,2026-01-12,14.64,0.08364200000000001,2735516.07,3847742.64
603602,2026-01-12,16.47,0.1002,389214.66,626245.927
603605,2026-01-12,70.27,0.013705,60230.39,420902.233
603606,2026-01-12,59.4,-0.024631,124239.77,738067.647
603607,2026-01-12,27.5,-0.022743000000000003,87347.0,242325.205
603608,2026-01-12,9.82,0.099664,625813.85,599712.519
603609,2026-01-12,7.32,0.0068779999999999996,46098.0,33634.608
603610,2026-01-12,19.25,-0.008754,107131.11,205707.062
603611,2026-01-12,23.98,-0.006627999999999999,71236.29,170800.402
603612,2026-01-12,26.74,0.012112000000000001,266331.21,699232.646
603613,2026-01-12,29.59,0.030292,225846.03,661002.954
603615,2026-01-12,24.56,0.004088,41299.0,102056.938
603616,2026-01-12,5.61,0.001786,243590.22,136292.107
603617,2026-01-12,7.84,0.010308999999999999,222066.56,173011.905
603618,2026-01-12,8.52,0.013080000000000001,295959.71,250303.075
603619,2026-01-12,24.43,-0.00040899999999999997,152328.26,370522.769
603626,2026-01-12,20.49,-0.00534,712131.26,1466674.922
603628,2026-01-12,13.9,0.01534,143090.44,198652.303
603629,2026-01-12,28.58,-0.017532000000000002,173856.73,497928.585
603630,2026-01-12,21.65,0.055068,94478.19,202541.242
603633,2026-01-12,10.21,-0.010659,159564.79,163198.235
603636,2026-01-12,13.25,0.050753000000000006,421479.0,548200.158
603637,2026-01-12,11.39,-0.036379,94182.32,107818.699
603638,2026-01-12,19.7,0.004077,62087.96,121672.789
603639,2026-01-12,12.97,0.005425999999999999,21860.89,28278.539
603648,2026-01-12,10.64,0.002828,37043.0,39328.986
603650,2026-01-12,56.66,-0.016661,391331.26,2210879.976
603655,2026-01-12,43.72,0.016981,41945.0,184898.701
603656,2026-01-12,23.26,-0.004281,34816.0,81282.623
603657,2026-01-12,30.83,0.017492,38716.0,118613.505
603658,2026-01-12,37.39,0.007817,44619.6,166460.639
603659,2026-01-12,26.95,-0.027427,482148.51,1298047.155
603660,2026-01-12,12.22,0.069116,459198.86,557113.194
603661,2026-01-12,31.86,0.010787,13501.86,42995.557
603662,2026-01-12,70.44,0.008447,98988.85,691932.097
603663,2026-01-12,37.2,0.014453,135188.64,496559.191
603665,2026-01-12,30.5,-0.019293,30954.48,94694.351
603666,2026-01-12,32.42,0.026924,92581.96,298053.735
603667,2026-01-12,80.3,0.028037,694016.55,5567621.905
603668,2026-01-12,17.1,0.002933,172067.94,292838.603
603669,2026-01-12,4.85,0.008316,99673.55,48029.783
603676,2026-01-12,11.18,-0.004452,23385.0,26139.121
603677,2026-01-12,18.18,0.002758,32044.0,58171.237
603678,2026-01-12,42.3,0.073332,467846.6,1918931.476
603679,2026-01-12,17.83,-0.007791,263566.22,466710.443
603680,2026-01-12,17.82,0.068345,145498.1,255303.808
603681,2026-01-12,20.03,0.043773,108715.0,216293.932
603682,2026-01-12,6.9,-0.037656999999999996,244468.92,170204.076
603683,2026-01-12,26.45,-0.012322999999999999,106771.7,283246.727
603685,2026-01-12,18.65,-0.019968,51997.61,96336.311
603686,2026-01-12,28.38,0.008887,639341.09,1804671.196
603687,2026-01-12,10.81,0.01885,237411.29,256783.152
603688,2026-01-12,39.31,-0.0060680000000000005,140201.2,548343.808
603689,2026-01-12,8.31,0.007272999999999999,46207.92,38343.017
603690,2026-01-12,32.55,-0.002757,266238.42,866031.696
603693,2026-01-12,12.48,0.01381,65529.51,81314.398
603696,2026-01-12,26.4,0.1,504980.82,1237157.228
603697,2026-01-12,13.21,0.015373000000000001,69553.31,91387.808
603698,2026-01-12,48.4,0.1,570243.75,2700188.534
603699,2026-01-12,52.29,-0.03524,69126.76,361249.323
603700,2026-01-12,13.8,0.005830999999999999,43040.0,59204.076
603701,2026-01-12,20.57,0.0143,47740.7,96939.057
603703,2026-01-12,18.9,0.100116,1062014.59,1979482.752
603706,2026-01-12,19.85,0.002019,17224.0,34057.971
603707,2026-01-12,9.6,0.003135,118415.45,113454.557
603708,2026-01-12,13.35,0.09967100000000001,413662.72,539250.936
603709,2026-01-12,17.05,0.0047139999999999994,42021.8,71383.762
603711,2026-01-12,13.91,0.010901000000000001,82669.99,114327.269
603712,2026-01-12,23.68,0.034965,492353.28,1154780.345
603713,2026-01-12,59.67,-0.006328,20724.0,123494.812
603716,2026-01-12,29.09,0.045274999999999996,689006.35,1936159.367
603717,2026-01-12,7.95,0.016624,87926.59,69244.542
603718,2026-01-12,6.53,0.007716,141762.26,92287.192
603719,2026-01-12,12.3,0.022444000000000002,82677.71,100726.623
603721,2026-01-12,21.05,0.011533,22749.0,48498.63
603722,2026-01-12,42.94,0.011067,24822.85,106669.349
603725,2026-01-12,9.79,0.038176,129440.45,125460.589
603726,2026-01-12,25.65,0.024361,126057.92,319428.148
603727,2026-01-12,14.98,-0.001333,79174.65,118256.617
603728,2026-01-12,73.9,0.008736,124126.74,911798.819
603729,2026-01-12,17.65,0.043144,74464.6,130419.395
603730,2026-01-12,8.3,-0.030373999999999998,398484.84,332157.472
603733,2026-01-12,24.2,-0.013051,36991.2,89147.418
603737,2026-01-12,45.47,-0.020253999999999998,48936.3,222546.065
603738,2026-01-12,17.06,0.003529,241179.86,409838.845
603739,2026-01-12,15.22,-0.005229,95904.4,144339.375
603755,2026-01-12,37.85,0.01802,20360.0,76476.535
603757,2026-01-12,43.88,-0.042756999999999996,182153.03,808884.0
603758,2026-01-12,16.9,-0.011696,100138.04,169384.925
603759,2026-01-12,10.95,0.023364,137002.79,148812.696
603766,2026-01-12,14.83,-0.019828,348912.81,518898.269
603767,2026-01-12,24.67,0.021955,124761.0,305291.627
603768,2026-01-12,11.91,0.012755,24460.0,29000.809
603773,2026-01-12,37.51,0.009146999999999999,155574.44,576698.538
603776,2026-01-12,19.25,0.004173,59813.02,114950.481
603777,2026-01-12,14.09,0.025473,185893.15,258171.1
603778,2026-01-12,23.43,0.1,639126.22,1472175.406
603779,2026-01-12,6.64,0.01374,58862.9,38834.244
603786,2026-01-12,82.21,0.015189,28069.79,228272.436
603787,2026-01-12,13.78,0.032984,106233.0,145407.141
603788,2026-01-12,16.56,0.0030280000000000003,24074.2,39767.135
603789,2026-01-12,5.68,0.014286,30995.8,17569.973
603790,2026-01-12,19.65,0.003063,29468.8,57911.923
603797,2026-01-12,4.86,-0.006135000000000001,81659.53,39629.514
603798,2026-01-12,16.44,-0.007246,61480.3,101022.27
603799,2026-01-12,74.87,-0.01422,725660.73,5422664.184
603800,2026-01-12,50.01,-0.03025,71937.25,361749.581
603801,2026-01-12,9.36,0.006452,45385.27,42332.552
603803,2026-01-12,11.46,-0.040201,718747.43,822002.407
603806,2026-01-12,14.29,0.014915000000000001,350122.05,500116.544
603808,2026-01-12,9.24,0.039369999999999995,106426.3,97570.626
603809,2026-01-12,15.37,0.030160999999999997,835833.46,1278797.241
603810,2026-01-12,15.93,-0.002505,33014.6,52279.841
603811,2026-01-12,11.37,-0.005249,86033.44,97496.471
603813,2026-01-12,44.73,0.05,8733.0,38860.006
603815,2026-01-12,7.82,0.0025640000000000003,274514.0,214302.494
603816,2026-01-12,31.13,-0.011746000000000001,70496.53,219027.956
603817,2026-01-12,7.09,0.0014119999999999998,219238.0,155115.442
603818,2026-01-12,3.71,0.0,128549.0,47626.873
603819,2026-01-12,12.1,-0.000826,51483.88,61994.073
603822,2026-01-12,115.9,-0.05,43647.8,518768.514
603823,2026-01-12,16.66,0.045168999999999994,122682.66,200133.573
603825,2026-01-12,9.64,0.050109,71238.0,67843.53
603826,2026-01-12,17.77,0.020678000000000002,60290.35,106739.157
603828,2026-01-12,8.8,0.050119,4900.55,4312.484
603829,2026-01-12,23.23,-0.009382,112682.53,263088.075
603833,2026-01-12,55.0,0.045429000000000004,57220.16,308144.324
603836,2026-01-12,13.96,0.015273000000000002,44084.0,61085.711
603838,2026-01-12,7.45,0.0,18712.0,13981.117
603839,2026-01-12,8.32,0.017115000000000002,86575.4,71780.967
603843,2026-01-12,6.47,-0.049927,393563.11,260327.069
603848,2026-01-12,19.14,0.020256,31813.46,60598.144
603855,2026-01-12,20.01,-0.000999,33443.0,66880.491
603856,2026-01-12,12.74,-0.007788000000000001,34724.0,44336.574
603858,2026-01-12,16.61,0.001809,69500.43,114918.151
603859,2026-01-12,52.8,0.1,349552.2,1817893.098
603860,2026-01-12,31.35,0.013907000000000001,11560.0,36070.407
603861,2026-01-12,13.01,-0.008384,172900.0,223719.496
603863,2026-01-12,19.78,0.034519,95196.0,185014.151
603866,2026-01-12,5.37,0.0018659999999999998,213316.27,114206.605
603867,2026-01-12,25.68,0.003125,56056.23,143223.291
603868,2026-01-12,41.6,-0.007397,32581.05,133947.209
603869,2026-01-12,10.51,-0.030442999999999998,43399.45,45846.134
603871,2026-01-12,14.05,0.018854,135330.94,188496.298
603876,2026-01-12,16.52,0.028643000000000002,483902.97,789377.009
603877,2026-01-12,16.7,-0.031884,83217.47,140730.806
603878,2026-01-12,8.78,-0.00791,423091.35,377421.48
603879,2026-01-12,7.22,-0.009602000000000001,378390.04,278038.056
603880,2026-01-12,6.32,0.016076999999999998,55728.23,35152.802
603881,2026-01-12,35.73,0.036253,831535.65,2943862.392
603882,2026-01-12,37.03,0.10011900000000001,471995.25,1721470.726
603883,2026-01-12,15.55,0.014351000000000001,133998.53,206581.368
603885,2026-01-12,15.19,0.008631999999999999,155445.97,238314.571
603886,2026-01-12,13.92,0.01016,86101.31,119736.948
603887,2026-01-12,15.38,0.0026079999999999996,283280.34,434534.215
603888,2026-01-12,24.46,0.09981999999999999,159472.07,390068.487
603889,2026-01-12,8.71,0.06349199999999999,195174.28,166694.136
603890,2026-01-12,16.33,-0.0012230000000000001,423751.38,685249.905
603893,2026-01-12,197.0,0.051003,160030.05,3087023.814
603895,2026-01-12,31.27,0.039907,49503.8,152672.018
603896,2026-01-12,19.88,0.005564,17678.36,34998.213
603897,2026-01-12,27.36,0.006993,72433.52,196572.131
603898,2026-01-12,13.63,-0.008727,60589.0,82157.319
603899,2026-01-12,27.86,0.000718,53565.79,148955.292
603900,2026-01-12,8.94,0.024055,84844.2,75321.961
603901,2026-01-12,15.11,0.009352000000000001,166634.79,248430.903
603903,2026-01-12,12.79,-0.007758,126617.76,160616.392
603906,2026-01-12,19.91,-0.011911,406785.63,812267.067
603908,2026-01-12,24.27,0.010829,12899.6,31178.013
603909,2026-01-12,11.58,0.004337,57404.08,66391.973
603912,2026-01-12,8.96,0.015872999999999998,201453.98,178762.901
603915,2026-01-12,18.35,0.013812,102812.72,187155.834
603916,2026-01-12,11.13,-0.010667,420542.35,471431.633
603917,2026-01-12,14.74,0.015152,94728.95,139128.648
603918,2026-01-12,19.28,0.065782,541212.42,1030117.159
603919,2026-01-12,20.91,0.011122,46352.38,96669.15
603920,2026-01-12,57.97,0.041128,449884.12,2530260.149
603922,2026-01-12,18.69,0.01027,63989.8,119939.118
603926,2026-01-12,18.25,0.004403000000000001,85362.94,155507.592
603927,2026-01-12,21.17,0.061685,345078.92,719073.844
603928,2026-01-12,17.44,-0.003998,108794.7,188825.058
603929,2026-01-12,124.59,-0.007251,72799.19,908738.263
603931,2026-01-12,35.36,0.015217000000000001,104576.48,365927.437
603933,2026-01-12,24.99,0.029666,127212.96,314943.739
603936,2026-01-12,13.07,0.018706,585242.31,754973.153
603937,2026-01-12,12.26,-0.002441,37376.0,45869.043
603938,2026-01-12,26.56,0.050633,492964.49,1279182.796
603939,2026-01-12,22.0,-0.009455,106886.91,236948.049
603948,2026-01-12,28.68,0.004553,42729.0,121095.26
603949,2026-01-12,19.16,0.022412,39253.0,74125.623
603950,2026-01-12,31.66,-0.029131999999999998,123870.16,393800.784
603955,2026-01-12,30.77,0.027378999999999997,30029.5,91570.336
603956,2026-01-12,7.0,0.015965,215813.35,150050.695
603958,2026-01-12,13.4,0.0075190000000000005,50541.0,67510.757
603959,2026-01-12,5.91,0.006814,166233.87,98233.59
603960,2026-01-12,20.65,0.018747,103932.61,213177.706
603966,2026-01-12,13.59,-0.022302,175306.07,238373.951
603967,2026-01-12,13.21,0.015373000000000001,83286.3,109156.318
603968,2026-01-12,11.42,0.010619,22719.0,25798.079
603969,2026-01-12,11.41,0.100289,602458.36,668717.22
603970,2026-01-12,13.19,0.007639,30662.18,40293.355
603976,2026-01-12,20.26,0.010474,12158.01,24548.79
603977,2026-01-12,15.57,0.029762,337972.79,520932.377
603978,2026-01-12,27.35,-0.008339,147641.92,404683.717
603979,2026-01-12,76.98,-0.001815,67397.25,519305.231
603980,2026-01-12,5.2,0.013645000000000001,122649.2,63334.355
603982,2026-01-12,8.63,0.017689,77445.23,66435.965
603983,2026-01-12,34.89,0.012478,30392.01,105591.035
603985,2026-01-12,16.4,0.038632,182191.63,297238.288
603986,2026-01-12,261.83,0.047111,403813.07,10435793.484
603987,2026-01-12,9.0,0.008969,70109.0,62825.185
603988,2026-01-12,25.13,0.012490000000000001,65619.33,163987.024
603989,2026-01-12,17.51,0.011554,75106.87,129915.242
603990,2026-01-12,16.05,0.022945000000000004,321360.82,513018.58
603991,2026-01-12,75.9,-0.023166000000000003,31609.0,240437.475
603992,2026-01-12,42.2,0.001186,72824.15,311205.982
603993,2026-01-12,22.69,-0.003951,2996681.51,6772910.202
603995,2026-01-12,19.13,-0.0031269999999999996,94517.66,180951.017
603997,2026-01-12,14.26,0.017844,173031.06,242770.999
603998,2026-01-12,11.65,-0.020184999999999998,173147.74,200623.125
603999,2026-01-12,7.79,0.04986500000000001,301544.8,232094.915
605001,2026-01-12,7.85,0.007702,95827.4,74891.858
605003,2026-01-12,32.52,0.074331,60492.41,194020.962
605005,2026-01-12,18.9,0.0005290000000000001,31914.59,60187.799
605006,2026-01-12,7.27,-0.001374,103844.28,74984.302
605007,2026-01-12,13.53,0.005201,112832.33,152306.492
605008,2026-01-12,14.17,-0.004916,71743.8,100721.915
605009,2026-01-12,32.52,0.025868000000000002,38595.17,124264.984
605011,2026-01-12,20.73,0.016675,40874.72,84161.061
605016,2026-01-12,20.38,-0.00779,67691.68,137378.342
605018,2026-01-12,11.53,0.006108,34044.16,39104.67
605020,2026-01-12,26.96,-0.01173,88378.04,237565.386
605033,2026-01-12,20.26,-0.002953,21824.0,44211.448
605050,2026-01-12,13.48,-0.016776,91200.03,122640.596
605055,2026-01-12,10.39,0.026680000000000002,152037.0,156266.948
605056,2026-01-12,18.25,0.08955199999999999,101064.44,176764.957
605058,2026-01-12,31.6,0.015098,32250.88,100734.837
605060,2026-01-12,36.33,-0.004658,43245.54,156954.64
605066,2026-01-12,7.93,0.006345,313068.25,246095.667
605068,2026-01-12,26.0,-0.017756,33220.0,86204.478
605069,2026-01-12,14.89,-0.025524,131999.6,197620.177
605077,2026-01-12,15.71,0.0,45691.5,71295.771
605080,2026-01-12,24.1,0.025532,25121.39,60376.696
605081,2026-01-12,10.78,-0.006452,30341.9,33000.973
605086,2026-01-12,48.12,-0.017558,50898.8,242587.245
605088,2026-01-12,37.26,-0.0064,51017.82,188896.386
605089,2026-01-12,26.4,0.012270000000000001,15899.82,41583.355
605090,2026-01-12,50.95,0.092176,427735.39,2138411.602
605098,2026-01-12,44.35,0.023540000000000002,19568.45,85714.606
605099,2026-01-12,38.49,0.044787999999999994,29309.44,111188.49
605100,2026-01-12,47.25,0.021622,62386.53,290420.262
605108,2026-01-12,19.94,0.018906,76247.39,150870.105
605111,2026-01-12,37.48,0.003481,171545.55,637415.924
605116,2026-01-12,30.8,0.003584,140826.0,438465.608
605117,2026-01-12,86.37,-0.007241,144292.31,1250678.022
605118,2026-01-12,33.2,0.073392,48709.4,158671.284
605122,2026-01-12,12.91,0.006235000000000001,44077.24,56861.63
605123,2026-01-12,126.4,0.055972999999999995,153089.84,1885876.159
605128,2026-01-12,38.99,-0.004849,33420.32,129461.255
605133,2026-01-12,35.45,0.008535000000000001,119022.87,416908.001
605136,2026-01-12,12.2,0.057192,346463.0,415376.297
605138,2026-01-12,7.16,-0.0013950000000000002,41432.0,29636.179
605151,2026-01-12,19.23,0.011041,14632.0,27995.654
605155,2026-01-12,17.75,0.034985,103373.86,182595.917
605158,2026-01-12,8.2,0.00861,38145.7,31039.472
605162,2026-01-12,10.18,0.095802,408864.8,408534.671
605166,2026-01-12,10.61,0.0,44768.24,47307.015
605167,2026-01-12,15.75,0.0,189587.11,300377.643
605168,2026-01-12,44.56,0.041852,183721.72,809331.795
605169,2026-01-12,13.68,0.001464,33564.88,45758.783
605177,2026-01-12,20.36,-0.035528,43187.0,88969.737
605178,2026-01-12,60.18,0.084324,154611.42,916091.265
605179,2026-01-12,21.72,0.023081,96028.19,206317.905
605180,2026-01-12,14.79,0.006122,19706.27,29164.084
605183,2026-01-12,20.01,0.006032999999999999,28489.0,56627.469
605186,2026-01-12,20.88,0.027054,40727.0,84658.479
605188,2026-01-12,22.45,0.014459999999999999,241986.0,535262.863
605189,2026-01-12,15.51,-0.004493,59594.8,92525.495
605196,2026-01-12,34.96,0.001432,117485.0,409918.671
605198,2026-01-12,39.95,0.015764,24083.6,95902.627
605199,2026-01-12,7.45,-0.01455,80335.0,59758.358
605208,2026-01-12,13.71,0.0,67031.3,91773.545
605218,2026-01-12,19.68,0.022869,35646.0,69445.855
605222,2026-01-12,19.77,0.005084,90428.18,178359.126
605228,2026-01-12,16.38,-0.017397,136743.0,223814.108
605255,2026-01-12,196.22,-0.099991,6846.0,134332.212
605258,2026-01-12,32.49,0.009006,26670.91,86024.209
605259,2026-01-12,22.07,-0.021286,32800.96,72854.52
605266,2026-01-12,19.89,0.00252,19405.45,38528.104
605268,2026-01-12,10.75,-0.00647,46292.0,49767.948
605277,2026-01-12,23.4,0.014744,114715.53,265620.879
605286,2026-01-12,43.11,0.009365,26719.35,114036.944
605287,2026-01-12,29.18,-0.004096,55177.8,161271.085
605288,2026-01-12,110.19,0.020845,23644.6,268776.41
605289,2026-01-12,74.72,0.048996000000000005,46995.85,340858.701
605296,2026-01-12,29.04,0.005192,20476.62,59142.485
605298,2026-01-12,45.2,0.034799000000000004,47189.5,209750.844
605299,2026-01-12,12.03,0.029966,154312.0,183860.118
605300,2026-01-12,11.88,0.005076000000000001,39938.64,47358.878
605303,2026-01-12,18.32,-0.022933,68830.0,126883.767
605305,2026-01-12,44.79,0.004485,81907.79,370904.244
605318,2026-01-12,60.62,0.008652,38681.0,231810.167
605319,2026-01-12,22.29,0.010884,59918.58,132851.097
605333,2026-01-12,32.47,0.008698000000000001,121050.25,389260.195
605336,2026-01-12,17.15,0.025105,52845.4,89513.219
605337,2026-01-12,12.18,0.013311,65450.36,79149.194
605338,2026-01-12,31.39,-0.025154999999999997,46462.0,145384.629
605339,2026-01-12,19.87,0.013259,44999.0,88436.076
605358,2026-01-12,43.23,0.015981000000000002,594724.24,2552856.921
605365,2026-01-12,24.47,-0.031658,65658.33,160963.027
605366,2026-01-12,6.45,0.001553,132466.47,85345.956
605368,2026-01-12,8.02,0.021655999999999998,131719.77,104577.837
605369,2026-01-12,19.59,-0.006592,18438.26,36127.998
605376,2026-01-12,63.26,-0.019985,71567.39,452594.236
605377,2026-01-12,8.62,0.021327,160343.92,136620.631
605378,2026-01-12,23.38,0.009935000000000001,66368.08,153567.112
605388,2026-01-12,7.73,0.019789,158384.33,121409.061
605389,2026-01-12,77.62,-0.039238,22690.9,177194.4
605398,2026-01-12,34.36,0.099872,120631.25,401579.611
605399,2026-01-12,14.17,0.015771,99176.95,139548.018
605488,2026-01-12,37.02,0.059834,165771.43,608709.889
605499,2026-01-12,274.3,-0.010819,16040.42,440650.602
605500,2026-01-12,8.98,0.002232,46780.89,41901.221
605507,2026-01-12,25.22,-0.013688,46013.89,115434.172
605555,2026-01-12,18.76,0.0016020000000000001,178582.63,329706.891
605566,2026-01-12,29.83,-0.006329,26218.27,77506.679
605567,2026-01-12,11.17,0.009946,43891.35,48637.453
605577,2026-01-12,14.22,0.018625,111753.78,158715.349
605580,2026-01-12,23.33,0.003441,113293.2,263502.822
605588,2026-01-12,55.43,-0.00017999999999999998,27498.0,150903.613
605589,2026-01-12,29.49,-0.015029999999999998,221060.18,651920.608
605598,2026-01-12,75.78,0.077186,183480.25,1364365.68
605599,2026-01-12,17.25,-0.0028899999999999998,50005.0,86418.522
688001,2026-01-12,31.81,0.015969,50917.33,160116.57
688002,2026-01-12,114.25,0.067059,174297.49,1949212.318
688003,2026-01-12,66.23,-0.037355,89240.81,592757.45
688004,2026-01-12,26.45,0.031591,36891.57,95765.826
688005,2026-01-12,36.74,0.056353999999999994,492316.95,1798570.114
688006,2026-01-12,32.78,0.007685,159487.67,513558.036
688007,2026-01-12,20.1,0.051805000000000004,150867.37,298607.393
688008,2026-01-12,132.24,-0.0010580000000000001,412043.03,5457945.577
688009,2026-01-12,5.68,0.021583,451185.54,254017.226
688010,2026-01-12,36.8,0.065431,142421.25,519497.757
688011,2026-01-12,71.0,0.007092,75757.22,538255.431
688012,2026-01-12,352.69,0.047553,178915.34,6353734.996
688013,2026-01-12,48.94,0.018946,25790.8,126649.499
688015,2026-01-12,24.06,0.010924,34932.24,83582.904
688016,2026-01-12,98.44,0.005104999999999999,20018.05,196262.241
688017,2026-01-12,198.0,0.011753,94856.33,1861843.822
688018,2026-01-12,189.45,0.078258,89456.12,1639060.624
688019,2026-01-12,274.0,0.020484,57761.09,1579429.521
688020,2026-01-12,81.0,0.016056,42783.65,346253.743
688021,2026-01-12,19.68,0.028213,13310.69,25885.776
688022,2026-01-12,16.27,0.008679,53598.87,86679.24
688023,2026-01-12,63.3,0.140541,109306.76,654426.917
688025,2026-01-12,137.2,-0.012879,34099.42,464068.091
688026,2026-01-12,17.21,0.01057,25259.81,43289.533
688027,2026-01-12,658.0,0.143016,78365.87,4786493.418
688028,2026-01-12,68.66,-0.031594000000000004,96182.25,671885.495
688029,2026-01-12,87.0,-0.001721,19885.04,172928.934
688030,2026-01-12,19.71,0.046734,50628.05,98159.276
688031,2026-01-12,194.4,0.2,122503.36,2180293.708
688032,2026-01-12,104.4,0.004812,13283.52,138401.258
688033,2026-01-12,8.69,0.035757,646830.41,546737.578
688035,2026-01-12,52.03,0.007747,56728.78,292728.442
688036,2026-01-12,71.47,0.047947,211353.72,1487883.868
688037,2026-01-12,191.1,-0.049254,133472.02,2572484.026
688038,2026-01-12,21.04,0.08846399999999999,98263.91,201972.168
688039,2026-01-12,67.56,0.142181,145710.19,918207.32
688041,2026-01-12,246.05,-0.0020280000000000003,270025.08,6633944.157
688045,2026-01-12,41.73,0.021792,17551.95,72743.845
688046,2026-01-12,17.85,0.011904999999999999,46667.34,82351.806
688047,2026-01-12,162.5,0.160797,158108.23,2449472.587
688048,2026-01-12,139.85,0.009092,189957.15,2603848.692
688049,2026-01-12,57.29,0.034116,109187.64,614555.482
688050,2026-01-12,64.87,0.001544,33190.35,214850.108
688051,2026-01-12,42.65,0.043297,23851.98,99574.433
688052,2026-01-12,174.31,-0.015976,31163.95,542505.212
688053,2026-01-12,54.69,0.141515,69230.11,362920.219
688055,2026-01-12,3.8,0.021505,111833.64,42067.519
688056,2026-01-12,36.88,0.043872,10096.77,36534.416
688057,2026-01-12,12.68,0.002372,27114.22,34430.17
688058,2026-01-12,31.54,0.074617,37643.54,116242.347
688059,2026-01-12,79.7,-0.033002,39057.85,307088.813
688060,2026-01-12,44.56,0.018747,5141.03,22852.918
688061,2026-01-12,35.85,0.037927,23566.73,84012.825
688062,2026-01-12,46.02,0.005462,108404.82,494596.582
688063,2026-01-12,61.95,0.014742,102050.81,621261.803
688065,2026-01-12,55.5,-0.002875,71767.88,398800.81
688066,2026-01-12,48.6,0.17108399999999999,548898.55,2523098.689
688067,2026-01-12,26.89,0.025944,13579.33,36032.778
688068,2026-01-12,188.88,-0.082884,26278.26,509010.148
688069,2026-01-12,23.48,0.009892,11598.61,27003.048
688070,2026-01-12,65.2,0.061025,32545.52,211634.004
688071,2026-01-12,36.42,0.040869,32428.85,115727.354
688072,2026-01-12,356.8,-0.007731,67730.73,2440817.873
688073,2026-01-12,69.27,-0.001154,13842.2,95818.733
688075,2026-01-12,40.47,0.004966,7692.6,31019.56
688076,2026-01-12,38.63,-0.006174,53417.44,206710.783
688077,2026-01-12,33.78,0.012894000000000001,60267.87,200651.032
688078,2026-01-12,30.39,0.042539,15815.4,47388.037
688079,2026-01-12,11.85,0.001691,76687.17,90217.201
688080,2026-01-12,58.71,0.017504,48514.83,282167.868
688081,2026-01-12,40.53,0.050816999999999994,80031.91,317724.636
688082,2026-01-12,197.7,0.013586,54239.54,1066490.684
688083,2026-01-12,82.0,0.105121,72162.69,561002.317
688084,2026-01-12,95.45,0.012624999999999999,24843.8,237620.076
688085,2026-01-12,19.28,0.016878,41307.49,79112.925
688087,2026-01-12,30.95,-0.00032300000000000004,17236.09,52895.884
688088,2026-01-12,59.49,0.095984,214965.16,1230867.912
688089,2026-01-12,20.46,0.000489,84508.21,171718.526
688090,2026-01-12,49.75,0.016551,63537.45,314942.931
688091,2026-01-12,59.63,-0.019888,91757.59,543070.109
688092,2026-01-12,28.3,0.034735,25701.8,71845.762
688093,2026-01-12,37.58,-0.008182,31293.78,117145.561
688095,2026-01-12,128.4,0.2,74068.51,866929.206
688096,2026-01-12,8.84,-0.029638,141483.98,125878.79
688097,2026-01-12,39.49,0.014124000000000001,73195.02,286431.663
688098,2026-01-12,9.68,0.001034,99855.61,95949.147
688099,2026-01-12,94.97,0.031834,128788.8,1212590.295
688100,2026-01-12,40.06,0.019338,44196.51,175206.474
688101,2026-01-12,17.33,0.010496,41147.19,71114.194
688102,2026-01-12,54.39,0.16193100000000002,653859.19,3386856.569
688103,2026-01-12,71.53,0.046372,39179.08,275027.85
688105,2026-01-12,21.85,0.020551,33338.12,72392.343
688106,2026-01-12,23.7,-0.016189,262104.18,619620.708
688107,2026-01-12,29.72,0.042076,75835.04,221846.491
688108,2026-01-12,23.69,0.044532999999999996,405290.66,945995.874
688109,2026-01-12,131.32,0.003976,26827.93,346216.096
688110,2026-01-12,122.38,-0.039931,310268.11,3783737.002
688111,2026-01-12,379.99,0.11270899999999999,162659.12,5959948.566
688112,2026-01-12,39.49,0.014644999999999998,19348.32,76020.398
688113,2026-01-12,41.14,0.016555,13484.57,55101.68
688114,2026-01-12,78.78,0.0504,98176.06,768172.565
688115,2026-01-12,67.68,0.051585,20614.0,138825.735
688116,2026-01-12,50.44,0.029598,171757.19,849808.147
688117,2026-01-12,44.15,-0.0047339999999999995,76051.2,336849.324
688118,2026-01-12,34.42,0.20013899999999998,156420.09,521537.111
688119,2026-01-12,7.86,0.2,1394925.38,1056575.811
688120,2026-01-12,178.0,0.018015,70550.32,1263837.692
688121,2026-01-12,11.28,0.007143,52878.43,59201.895
688122,2026-01-12,106.21,0.142657,720166.06,7072064.79
688123,2026-01-12,146.26,-0.0017749999999999999,91769.98,1347311.062
688125,2026-01-12,168.51,0.060478,17468.19,292294.213
688126,2026-01-12,23.52,-0.004655,602818.89,1418866.187
688127,2026-01-12,43.31,0.018579000000000002,160804.85,680910.57
688128,2026-01-12,31.78,0.00126,62615.92,196913.369
688129,2026-01-12,20.79,0.008244,10941.1,22673.789
688130,2026-01-12,22.92,0.019119999999999998,15596.59,35811.915
688131,2026-01-12,82.51,0.00243,54040.55,442222.283
688132,2026-01-12,21.04,0.059416000000000004,46966.15,97196.387
688133,2026-01-12,28.48,0.110764,183795.0,512191.209
688135,2026-01-12,32.2,-0.024242,173973.39,563583.141
688136,2026-01-12,35.24,-0.0031119999999999997,35819.56,126102.373
688137,2026-01-12,42.97,0.001165,7416.49,31879.425
688138,2026-01-12,31.24,0.007742,65128.6,201300.6
688139,2026-01-12,34.35,0.045343999999999995,59837.36,203227.313
688141,2026-01-12,48.37,-0.022631000000000002,161549.05,781293.744
688143,2026-01-12,62.25,0.060476999999999996,134220.22,806207.548
688146,2026-01-12,45.28,0.013883000000000001,93757.49,420781.175
688147,2026-01-12,72.9,0.011656999999999999,82619.73,595418.086
688148,2026-01-12,9.49,0.0031709999999999998,250471.53,238508.874
688150,2026-01-12,27.91,-0.021732,104150.68,290455.049
688151,2026-01-12,21.78,0.019663,39343.37,85579.491
688152,2026-01-12,46.2,0.055035,49523.31,224379.534
688153,2026-01-12,45.48,0.13985,160568.33,708519.836
688155,2026-01-12,73.21,0.059326,53329.77,385413.295
688156,2026-01-12,16.9,0.007752,20876.84,35250.215
688157,2026-01-12,39.76,0.047694,40820.67,159298.147
688158,2026-01-12,32.59,0.08272399999999999,636262.28,2040132.939
688159,2026-01-12,55.96,0.043835,81317.53,447925.333
688160,2026-01-12,147.45,0.002175,55720.37,819691.258
688161,2026-01-12,30.87,0.02456,20660.33,63193.506
688162,2026-01-12,33.24,0.030698,32866.64,107988.023
688163,2026-01-12,23.36,0.008636,14035.74,32829.421
688165,2026-01-12,23.82,0.024956999999999997,159318.94,376366.99
688166,2026-01-12,53.3,-0.023809999999999998,99925.35,534055.652
688167,2026-01-12,198.45,-0.028016,43427.14,860847.41
688168,2026-01-12,83.2,-0.00407,35380.41,294230.179
688169,2026-01-12,162.62,-0.005321,80341.66,1295736.414
688170,2026-01-12,36.27,0.026025,56411.23,203064.324
688171,2026-01-12,52.07,0.074051,27200.97,137794.974
688172,2026-01-12,34.4,-0.021059,194865.76,667567.85
688173,2026-01-12,16.84,0.05053,165031.54,272727.219
688175,2026-01-12,31.82,0.066711,45938.09,145094.982
688176,2026-01-12,12.6,0.050876000000000005,199019.06,245224.414
688177,2026-01-12,25.44,-0.002744,33329.32,84802.622
688178,2026-01-12,24.29,0.0016489999999999999,9127.16,22108.819
688179,2026-01-12,14.11,0.04596,183689.66,260074.608
688180,2026-01-12,38.69,-0.013009999999999999,131510.73,508666.495
688181,2026-01-12,36.58,0.013857999999999999,65153.44,236725.067
688182,2026-01-12,33.68,0.011108,141333.48,473615.855
688183,2026-01-12,95.9,0.000104,180487.08,1697237.693
688184,2026-01-12,9.58,0.006303,9607.55,9159.702
688185,2026-01-12,68.9,0.0030570000000000003,23958.01,163787.084
688186,2026-01-12,25.66,0.014229,212851.97,537691.468
688187,2026-01-12,52.47,0.007102000000000001,54277.77,282888.257
688188,2026-01-12,156.63,0.033452,40660.39,639904.845
688189,2026-01-12,8.87,0.0,86358.82,76585.388
688190,2026-01-12,104.23,0.002212,11070.22,114315.806
688191,2026-01-12,34.47,0.07383200000000001,72690.39,242341.593
688192,2026-01-12,66.94,0.0022459999999999997,34461.91,231236.859
688193,2026-01-12,50.65,0.008161,5885.94,29941.283
688195,2026-01-12,172.93,0.023982,103680.89,1719557.67
688196,2026-01-12,70.25,-0.03569,30208.57,216773.169
688197,2026-01-12,39.71,-0.020474000000000003,11629.7,46254.287
688198,2026-01-12,111.98,-0.000268,4144.41,46320.231
688199,2026-01-12,26.05,0.0007679999999999999,55280.2,144129.64
688200,2026-01-12,224.0,0.069979,39051.25,851498.468
688201,2026-01-12,15.78,0.043651,154075.57,237866.101
688202,2026-01-12,71.48,0.0067610000000000005,65063.84,464968.834
688203,2026-01-12,13.21,0.003037,32775.11,43058.671
688205,2026-01-12,142.68,-0.051456,140809.45,2003528.533
688206,2026-01-12,40.05,0.007547000000000001,86084.84,342047.631
688207,2026-01-12,18.38,0.10257899999999999,181691.78,320253.831
688208,2026-01-12,40.28,0.077005,326697.64,1291889.582
688209,2026-01-12,22.59,0.022172,139904.99,313172.585
688210,2026-01-12,58.0,0.12185700000000001,105004.0,589243.63
688211,2026-01-12,31.83,0.011760999999999999,6338.22,20142.462
688212,2026-01-12,48.08,-0.00249,14765.45,70811.447
688213,2026-01-12,98.81,0.01866,134081.21,1305437.831
688215,2026-01-12,72.42,-0.022408,13094.06,94803.466
688216,2026-01-12,24.29,0.022306,18624.07,44727.059
688217,2026-01-12,30.47,0.007272999999999999,12603.51,38261.472
688218,2026-01-12,23.72,0.012809999999999998,45536.14,107266.85
688219,2026-01-12,12.8,0.01668,146139.23,185845.067
688220,2026-01-12,99.75,0.067416,133172.72,1284940.706
688221,2026-01-12,28.07,-0.002842,281735.15,801543.643
688222,2026-01-12,37.0,0.137761,393167.38,1415566.653
688223,2026-01-12,6.4,0.035599,2418290.33,1559462.559
688225,2026-01-12,24.95,0.08762,183025.81,446918.412
688226,2026-01-12,39.29,0.013151,87882.11,345058.846
688227,2026-01-12,82.5,0.016385,63999.43,521171.011
688228,2026-01-12,219.85,0.049955,31401.82,683731.371
688229,2026-01-12,87.26,0.19994499999999998,47610.47,388756.088
688230,2026-01-12,78.08,0.001026,22307.74,173651.324
688231,2026-01-12,29.55,0.03757,107864.54,316967.796
688232,2026-01-12,32.09,0.200075,220019.15,674015.703
688233,2026-01-12,76.94,-0.039211,119303.36,921253.1
688234,2026-01-12,96.0,0.032813,111878.89,1055658.796
688235,2026-01-12,313.31,0.001022,28636.0,893112.254
688236,2026-01-12,24.72,-0.010804000000000001,21378.84,52626.581
688237,2026-01-12,53.95,-0.008819,35755.67,192716.331
688238,2026-01-12,7.8,0.04,294852.21,231117.403
688239,2026-01-12,76.0,0.074965,162965.29,1206493.546
688244,2026-01-12,28.19,0.059774,96049.2,265137.864
688246,2026-01-12,31.96,0.11475400000000001,233455.6,720572.449
688247,2026-01-12,10.31,0.001944,35924.85,36978.818
688248,2026-01-12,54.8,0.087949,106542.24,556767.433
688249,2026-01-12,37.4,0.018796,468772.56,1753776.075
688251,2026-01-12,27.85,0.014572,25110.16,69787.8
688252,2026-01-12,23.09,0.017629,76110.17,173831.564
688253,2026-01-12,37.45,0.169216,117000.64,423214.372
688255,2026-01-12,37.42,0.001874,23055.62,85981.895
688256,2026-01-12,1509.99,0.012736,94844.44,14379497.916
688257,2026-01-12,41.26,0.00243,82320.19,343116.659
688258,2026-01-12,131.88,0.2,79757.32,1013094.42
688259,2026-01-12,45.06,0.013951,43294.03,193895.783
688260,2026-01-12,36.05,0.164406,193378.48,657687.666
688261,2026-01-12,94.99,0.100185,140390.08,1278739.399
688262,2026-01-12,34.41,0.033644,239871.11,808618.717
688265,2026-01-12,47.3,0.009174,16034.68,74618.214
688266,2026-01-12,95.37,-0.034717,43291.31,412327.18
688267,2026-01-12,29.13,-0.0027389999999999997,29771.74,86268.174
688268,2026-01-12,65.42,-0.021391,74142.78,484219.521
688269,2026-01-12,41.72,-0.00024,21953.23,91233.915
688270,2026-01-12,194.99,0.078008,341596.57,6375080.067
688271,2026-01-12,141.68,0.031075,109563.19,1554841.616
688272,2026-01-12,33.01,0.03805,51029.16,167025.841
688273,2026-01-12,54.82,0.029677,93404.23,510470.734
688275,2026-01-12,73.88,-0.011374,49999.39,372264.371
688276,2026-01-12,20.44,0.0064010000000000004,39139.89,79798.321
688277,2026-01-12,18.89,0.051782,210749.89,395913.211
688278,2026-01-12,76.96,-0.045043,41559.87,322801.9
688279,2026-01-12,202.8,0.019095,22734.32,451522.021
688280,2026-01-12,9.21,0.01768,164557.05,150433.207
688281,2026-01-12,104.01,0.12285399999999999,102281.77,1000178.361
688282,2026-01-12,94.2,0.2,39735.91,359008.641
688283,2026-01-12,52.2,0.110402,66356.99,329554.513
688285,2026-01-12,9.41,0.015101999999999999,46090.29,43429.723
688286,2026-01-12,83.69,0.006252,27560.7,229331.517
688287,2026-01-12,6.67,0.088091,100839.76,65515.248
688288,2026-01-12,29.01,0.015756,29940.22,86430.431
688289,2026-01-12,20.68,0.027833,100941.46,207539.653
688290,2026-01-12,64.8,0.022243,29861.39,191930.547
688291,2026-01-12,47.9,0.019149,87000.09,412867.901
688292,2026-01-12,30.88,0.092711,139069.62,415536.413
688293,2026-01-12,53.08,0.012011,15647.88,82094.422
688295,2026-01-12,35.36,0.07706400000000001,194481.6,663395.438
688296,2026-01-12,14.58,0.039943,26784.52,38547.04
688297,2026-01-12,57.37,0.048811999999999994,283926.44,1595234.185
688298,2026-01-12,25.66,0.022311,29479.47,75065.617
688299,2026-01-12,18.28,-0.006522,107917.46,196004.525
688300,2026-01-12,63.11,-0.014676,49841.99,313417.054
688301,2026-01-12,112.06,-0.000446,21599.06,240756.739
688302,2026-01-12,52.64,-0.028603,26391.64,138583.279
688303,2026-01-12,26.85,0.009019000000000001,221847.47,596442.879
688305,2026-01-12,67.17,0.017727,43560.91,290557.94
688306,2026-01-12,11.94,0.011864,273288.7,322700.413
688307,2026-01-12,45.2,-0.023125,47005.13,212264.862
688308,2026-01-12,31.68,-0.00565,59450.18,185504.194
688309,2026-01-12,24.81,-0.004014,14461.14,35974.374
688310,2026-01-12,16.15,0.00124,40950.02,65884.176
688311,2026-01-12,59.11,0.08538399999999999,193642.09,1122511.671
688312,2026-01-12,34.94,-0.0045579999999999996,40913.63,142409.481
688313,2026-01-12,83.01,-0.056705,443348.95,3669787.712
688314,2026-01-12,40.03,0.038121999999999996,34537.55,137073.087
688315,2026-01-12,15.83,0.05533299999999999,134488.39,210193.736
688316,2026-01-12,75.1,0.149724,74135.68,535018.275
688317,2026-01-12,21.22,0.001416,17845.98,37844.995
688318,2026-01-12,158.11,0.091769,107579.46,1643390.466
688319,2026-01-12,30.5,-0.016763,75098.26,230559.703
688320,2026-01-12,38.08,0.031699000000000005,64861.56,244378.014
688321,2026-01-12,34.21,-0.002624,187632.75,635007.69
688322,2026-01-12,93.2,-0.009354,94498.96,873090.367
688323,2026-01-12,26.8,0.139456,203894.24,528827.429
688325,2026-01-12,109.62,0.2,41168.64,428218.044
688326,2026-01-12,132.28,0.05824,48628.46,628131.131
688327,2026-01-12,17.77,0.090184,982409.62,1693468.219
688328,2026-01-12,31.38,-0.012587,49622.71,155405.409
688329,2026-01-12,22.92,0.026421999999999998,24256.8,55324.88
688330,2026-01-12,39.99,0.0336,38963.4,154582.491
688331,2026-01-12,95.38,-0.016295,69562.95,660151.187
688332,2026-01-12,149.4,0.027934,73009.53,1075602.627
688333,2026-01-12,140.27,0.200017,276249.2,3630094.163
688334,2026-01-12,20.63,0.0038929999999999998,41905.39,86148.363
688335,2026-01-12,35.31,0.16227799999999998,97411.76,332104.79
688336,2026-01-12,59.81,-0.062539,93178.49,560015.705
688337,2026-01-12,42.15,0.031067,65329.27,270439.095
688338,2026-01-12,27.46,0.012164,18179.81,49910.189
688339,2026-01-12,29.2,0.0068969999999999995,77265.57,225073.366
688343,2026-01-12,86.34,0.05860699999999999,233594.96,1963062.297
688345,2026-01-12,33.9,0.013453,16970.86,56888.116
688347,2026-01-12,126.79,-0.011769,229434.35,2889853.573
688348,2026-01-12,55.24,0.017311,37353.38,204770.359
688349,2026-01-12,27.88,0.010511,41614.87,115590.063
688350,2026-01-12,28.83,0.061878,50260.38,143350.205
688351,2026-01-12,25.79,-0.010740000000000001,70883.25,183177.746
688352,2026-01-12,13.48,0.00522,156058.86,209381.954
688353,2026-01-12,107.93,-0.003784,115348.35,1275365.761
688355,2026-01-12,19.22,0.039481,27730.23,52934.718
688356,2026-01-12,99.88,-0.011089,24953.12,247196.559
688357,2026-01-12,35.54,-0.0047610000000000005,22458.42,79183.094
688358,2026-01-12,37.61,0.060931,58071.09,215892.66
688359,2026-01-12,70.72,0.030453,28714.69,196715.101
688360,2026-01-12,21.64,0.042892,88731.92,188854.802
688361,2026-01-12,181.97,-0.021719,85610.88,1597163.681
688362,2026-01-12,41.55,-0.009771,211865.33,870626.957
688363,2026-01-12,46.3,0.0015140000000000002,59282.72,273219.693
688365,2026-01-12,24.48,0.2,386843.88,903046.771
688366,2026-01-12,46.86,0.013408,10384.12,48355.663
688367,2026-01-12,31.58,0.004134,34988.46,110378.075
688368,2026-01-12,125.76,0.021857,26780.45,334039.778
688369,2026-01-12,33.59,0.170383,155353.42,483474.023
688370,2026-01-12,27.02,-0.018169,16074.16,43393.955
688371,2026-01-12,20.44,-0.000489,37821.11,76852.575
688372,2026-01-12,124.25,0.060154,72762.01,893305.522
688373,2026-01-12,6.7,-0.004458,145145.64,97182.526
688375,2026-01-12,155.99,0.200015,152278.79,2270269.762
688376,2026-01-12,60.12,-0.005459,39336.38,234055.177
688377,2026-01-12,39.08,-0.019568000000000002,29542.97,116431.167
688378,2026-01-12,32.74,0.040687,122499.0,393412.54
688379,2026-01-12,56.56,0.0073019999999999995,50970.25,282518.253
688380,2026-01-12,35.61,0.024159,109322.76,383076.749
688381,2026-01-12,24.78,0.026937000000000003,56994.32,139500.313
688382,2026-01-12,32.65,-0.022455,129397.98,424044.936
688383,2026-01-12,77.07,-0.0014249999999999998,22648.15,173129.872
688385,2026-01-12,98.0,0.098408,262595.95,2479770.285
688386,2026-01-12,99.2,0.037656999999999996,53241.87,517692.753
688387,2026-01-12,19.01,0.200126,992480.76,1860825.296
688388,2026-01-12,43.69,0.014159999999999999,275521.71,1184839.082
688389,2026-01-12,13.93,0.020513,60666.45,83887.258
688390,2026-01-12,72.04,-0.011661,113760.45,816988.475
688391,2026-01-12,30.85,0.022538999999999997,20644.57,63392.228
688392,2026-01-12,147.5,0.020903,39253.15,549964.354
688393,2026-01-12,33.73,0.020884,164667.08,561475.655
688395,2026-01-12,25.15,0.014113,10309.83,25817.47
688396,2026-01-12,57.72,-0.006711,170113.66,982130.648
688398,2026-01-12,18.61,0.024216,35698.66,65839.616
688399,2026-01-12,80.39,0.0051259999999999995,47928.38,385737.888
688400,2026-01-12,48.9,0.074489,296656.95,1393936.022
688401,2026-01-12,58.2,-0.010204,68887.82,402855.647
688403,2026-01-12,18.17,0.006647999999999999,505269.31,909746.092
688408,2026-01-12,46.97,0.014690000000000002,66148.0,308738.427
688409,2026-01-12,80.56,-0.00297,84913.14,684370.949
688410,2026-01-12,16.2,0.009975000000000001,50041.66,80975.863
688411,2026-01-12,228.81,-0.042836,53503.03,1220675.159
688416,2026-01-12,71.86,0.015833,76890.33,546222.95
688418,2026-01-12,64.2,0.12061400000000001,350761.83,2189310.499
688419,2026-01-12,35.34,-0.025910000000000002,56866.5,201175.428
688420,2026-01-12,25.38,0.013173999999999998,7907.72,20054.69
688425,2026-01-12,5.38,0.007491,368082.99,196655.648
688426,2026-01-12,26.18,0.00038199999999999996,12213.72,31863.3
688428,2026-01-12,22.58,0.000443,94737.6,211742.79
688429,2026-01-12,14.04,0.025566,27411.04,38148.744
688432,2026-01-12,13.79,0.006569,124143.83,170596.986
688433,2026-01-12,84.8,0.096174,89491.26,727312.915
688435,2026-01-12,57.0,0.12759600000000001,109720.28,592646.359
688439,2026-01-12,70.55,0.044721000000000004,94531.79,661515.887
688443,2026-01-12,31.95,-0.015105,70822.7,226620.339
688448,2026-01-12,50.77,-0.010138000000000001,31147.73,157935.482
688449,2026-01-12,52.45,0.009625,115988.89,609860.567
688450,2026-01-12,30.28,0.020904,10672.91,32281.607
688455,2026-01-12,21.7,0.014967,32936.61,71199.699
688456,2026-01-12,72.56,0.057726,109692.47,773542.7
688458,2026-01-12,42.05,0.020878999999999998,28194.87,117296.3
688459,2026-01-12,9.96,0.012195000000000001,34076.19,33844.456
688466,2026-01-12,17.79,0.038529,24960.77,43897.325
688468,2026-01-12,8.06,0.026751999999999998,78038.56,62363.983
688469,2026-01-12,6.89,0.00731,1612553.24,1109063.23
688472,2026-01-12,15.88,0.021879,1006451.11,1591021.59
688475,2026-01-12,32.87,0.055217,116695.21,376244.015
688478,2026-01-12,40.08,-0.001992,40066.18,160502.894
688479,2026-01-12,20.13,0.030722,24329.06,48746.422
688480,2026-01-12,66.5,0.009257999999999999,33515.66,221102.641
688484,2026-01-12,42.55,-0.004678,120236.64,504809.955
688485,2026-01-12,19.23,0.010509999999999999,40686.49,76951.743
688486,2026-01-12,82.82,0.005097000000000001,25088.83,207062.605
688488,2026-01-12,16.9,-0.044118000000000004,98598.79,168136.05
688489,2026-01-12,48.49,0.042796,21960.82,104855.099
688496,2026-01-12,6.27,0.026187000000000002,76873.06,47648.273
688498,2026-01-12,707.0,-0.05984,50081.21,3583815.389
688499,2026-01-12,65.0,0.022012999999999998,111078.48,703845.802
688500,2026-01-12,80.7,0.121456,97729.87,762855.215
688501,2026-01-12,27.66,0.00655,20740.74,57087.419
688502,2026-01-12,411.0,-0.007678000000000001,11222.76,461829.685
688503,2026-01-12,71.9,-0.013852999999999999,138695.97,992248.217
688505,2026-01-12,9.0,0.0181,207804.24,188255.811
688506,2026-01-12,344.0,0.000291,9246.06,318519.154
688507,2026-01-12,123.7,0.057264999999999996,66550.8,810186.767
688508,2026-01-12,64.98,0.004172,81830.04,522206.05
688509,2026-01-12,6.32,0.080342,487119.7,301741.315
688510,2026-01-12,31.9,0.029032,171494.29,547727.988
688511,2026-01-12,31.39,-0.009154,13885.29,43588.488
688512,2026-01-12,12.03,0.029085,113373.87,135095.44
688513,2026-01-12,62.5,-0.032208,23759.48,148244.628
688515,2026-01-12,116.94,-0.008563,20097.79,235332.757
688516,2026-01-12,61.11,0.088141,183035.75,1125728.903
688517,2026-01-12,16.62,0.01218,39699.02,65808.497
688518,2026-01-12,28.0,0.017072,141889.72,394075.645
688519,2026-01-12,74.91,-0.013043,55543.24,416242.755
688520,2026-01-12,48.36,-0.016273,37543.5,181666.248
688521,2026-01-12,175.21,0.030768,296444.38,5111371.659
688522,2026-01-12,47.96,0.08482200000000001,197581.06,906089.971
688523,2026-01-12,90.76,0.139915,221619.09,1926394.217
688525,2026-01-12,129.76,0.028534999999999998,246595.83,3135318.219
688526,2026-01-12,16.23,0.008701,29225.85,47179.268
688528,2026-01-12,11.24,0.030247000000000003,22578.96,24986.366
688529,2026-01-12,19.85,0.033316,27558.91,54311.991
688530,2026-01-12,17.74,0.011403000000000002,20384.88,36022.78
688531,2026-01-12,70.1,0.001429,48934.86,347003.02
688533,2026-01-12,30.5,0.007266,27435.56,83483.37
688535,2026-01-12,116.06,-0.020425,59641.04,691964.549
688536,2026-01-12,170.68,-0.02357,54764.04,931819.589
688538,2026-01-12,2.74,-0.003636,1053240.77,286411.711
688539,2026-01-12,57.18,0.071388,144338.65,810305.857
688543,2026-01-12,83.78,0.12155300000000001,313641.25,2486826.353
688545,2026-01-12,41.82,-0.02472,110025.4,456530.588
688548,2026-01-12,19.55,0.047695999999999995,399006.04,761385.908
688549,2026-01-12,10.11,0.00999,369636.39,371700.302
688550,2026-01-12,47.88,-0.004988,41056.31,196390.929
688551,2026-01-12,40.37,0.010513,20203.82,81137.454
688552,2026-01-12,47.62,0.060579,220783.51,1029789.093
688553,2026-01-12,21.53,-0.021364,114597.32,247922.322
688556,2026-01-12,14.36,0.065282,951709.9,1330623.347
688557,2026-01-12,39.51,0.020402999999999998,32000.39,125839.119
688558,2026-01-12,32.8,-0.000305,30697.7,99962.637
688559,2026-01-12,61.29,0.106118,225687.15,1337548.553
688560,2026-01-12,16.26,0.035669,89976.56,144737.742
688561,2026-01-12,41.1,0.066148,188986.04,758224.472
688562,2026-01-12,29.7,0.117802,329287.71,932682.413
688563,2026-01-12,68.08,0.09347899999999999,158833.59,1040405.221
688565,2026-01-12,12.37,0.02316,58831.88,73027.433
688566,2026-01-12,30.52,-0.012617,31812.92,97208.039
688567,2026-01-12,16.1,0.0,285829.53,455144.692
688568,2026-01-12,79.09,0.19997,481656.14,3610142.833
688569,2026-01-12,22.2,0.006803,16223.64,35800.151
688570,2026-01-12,19.45,0.027469999999999998,28583.58,55083.514
688571,2026-01-12,7.94,0.017949,55370.85,43714.493
688573,2026-01-12,24.54,0.0028610000000000003,34950.14,85554.338
688575,2026-01-12,15.84,0.012787999999999999,126830.67,199803.008
688576,2026-01-12,68.76,0.011325,6113.74,41927.458
688577,2026-01-12,91.5,-0.0016370000000000002,14051.43,129434.899
688578,2026-01-12,105.49,-0.019154,34880.83,367383.424
688579,2026-01-12,12.28,0.060449,148917.03,178970.358
688580,2026-01-12,68.11,0.036682,84906.77,568820.446
688581,2026-01-12,62.95,0.0006360000000000001,10840.24,68209.689
688582,2026-01-12,77.1,0.028137,185179.86,1449310.539
688583,2026-01-12,105.52,0.083924,27022.78,270744.949
688584,2026-01-12,23.83,0.002103,61041.32,145210.207
688585,2026-01-12,160.1,0.111883,93027.13,1468257.175
688586,2026-01-12,18.16,0.170103,563613.08,950836.105
688588,2026-01-12,16.08,0.058591,191787.52,302159.754
688589,2026-01-12,24.54,0.024634999999999997,56800.49,137423.222
688590,2026-01-12,23.26,0.150915,345513.12,763410.737
688591,2026-01-12,48.72,0.046167,131919.96,627212.816
688592,2026-01-12,53.3,0.104434,90035.61,462027.204
688593,2026-01-12,21.81,0.017732,124504.84,266944.498
688595,2026-01-12,35.91,0.025414,40886.11,145319.382
688596,2026-01-12,33.35,-0.01448,130411.15,436084.561
688597,2026-01-12,9.03,0.00222,80822.7,72402.786
688598,2026-01-12,31.86,-0.002817,72842.64,232241.355
688599,2026-01-12,19.9,0.08624499999999999,1150747.59,2270550.024
688600,2026-01-12,29.49,0.020415000000000003,55507.78,158890.262
688601,2026-01-12,51.68,0.059885,87333.88,439669.982
688602,2026-01-12,9.25,0.010929,153475.4,140902.944
688603,2026-01-12,85.02,-0.028454,52493.04,449177.843
688605,2026-01-12,69.71,-0.005847,76425.3,532131.478
688606,2026-01-12,65.7,0.009217,5353.18,34980.336
688607,2026-01-12,53.99,0.200044,154303.75,817408.557
688608,2026-01-12,255.5,0.08510999999999999,94494.98,2346321.357
688609,2026-01-12,10.38,-0.01983,433470.07,440733.836
688610,2026-01-12,70.39,0.06748599999999999,19922.34,134975.074
688611,2026-01-12,64.65,0.06542500000000001,52539.26,333141.129
688612,2026-01-12,34.79,0.016954,31352.52,107476.979
688613,2026-01-12,22.81,-0.012981,78550.79,179136.398
688615,2026-01-12,308.0,0.16481400000000002,85684.36,2534607.276
688616,2026-01-12,12.8,0.008668,27328.77,34772.905
688617,2026-01-12,260.67,-0.018783,11284.76,295115.446
688618,2026-01-12,32.96,0.030966999999999998,57506.27,185415.821
688619,2026-01-12,14.88,0.050106000000000005,62486.23,91815.262
688620,2026-01-12,13.11,0.033097,118977.7,154268.905
688621,2026-01-12,78.3,0.008111,53411.54,418072.155
688622,2026-01-12,118.51,0.042579000000000006,40787.23,467178.386
688623,2026-01-12,105.3,-0.008661,19448.97,205513.917
688625,2026-01-12,55.5,0.035448,100641.49,565796.925
688626,2026-01-12,82.7,0.045644,104894.25,866637.214
688627,2026-01-12,234.25,-0.02817,49530.86,1169219.87
688628,2026-01-12,33.23,0.023722,17745.06,58493.871
688629,2026-01-12,107.98,0.018199,220653.46,2391702.045
688630,2026-01-12,146.87,-0.014823999999999999,53105.25,781408.374
688631,2026-01-12,77.0,0.051051,52113.84,396121.331
688633,2026-01-12,25.29,0.035203000000000005,18417.28,46284.316
688636,2026-01-12,60.0,0.164822,246992.5,1424209.805
688638,2026-01-12,39.45,-0.005044,6775.32,26669.369
688639,2026-01-12,36.33,-0.008461,142406.35,522773.655
688646,2026-01-12,36.35,0.003312,9509.99,34571.76
688648,2026-01-12,69.68,0.011174,57630.53,390372.548
688651,2026-01-12,57.25,0.039586,67978.22,392485.4
688652,2026-01-12,120.99,0.058438,67614.87,799932.181
688653,2026-01-12,14.3,0.080877,268216.05,376477.303
688655,2026-01-12,19.47,-0.015175000000000001,40507.55,78782.007
688656,2026-01-12,163.0,0.006919,8644.44,141100.518
688657,2026-01-12,59.51,0.045686,20311.24,118606.226
688658,2026-01-12,29.89,-0.059767,185422.0,560533.972
688659,2026-01-12,10.0,0.01626,30399.59,30075.511
688660,2026-01-12,17.19,-0.044469,404468.12,696945.761
688661,2026-01-12,68.98,-0.043936,126897.98,865930.753
688662,2026-01-12,58.42,-0.022259,79178.91,460548.819
688663,2026-01-12,43.48,0.035977999999999996,56436.66,242783.8
688665,2026-01-12,51.65,0.014535,13465.46,68953.05
688667,2026-01-12,73.08,0.009392000000000001,11409.73,82147.359
688668,2026-01-12,112.35,-0.019206,67254.85,751824.205
688669,2026-01-12,27.5,0.0040160000000000005,71428.08,195347.523
688670,2026-01-12,21.96,0.021395,35340.32,76364.599
688671,2026-01-12,25.55,0.032323,24455.95,62111.271
688676,2026-01-12,88.17,-0.00068,273251.51,2370681.636
688677,2026-01-12,47.56,0.025663000000000002,20158.76,94799.299
688678,2026-01-12,25.12,0.023218000000000003,99430.42,245249.498
688679,2026-01-12,33.24,0.2,44471.05,145821.846
688680,2026-01-12,49.53,0.086661,73948.34,358583.282
688681,2026-01-12,18.74,0.012972999999999998,25915.7,48266.999
688682,2026-01-12,69.83,0.12975199999999998,71920.79,490769.626
688683,2026-01-12,32.58,-0.00367,21798.26,70117.669
688685,2026-01-12,58.72,0.011715999999999999,51123.2,298084.251
688686,2026-01-12,132.16,0.028242,14964.28,193995.144
688687,2026-01-12,26.84,-0.002601,52099.87,139792.292
688689,2026-01-12,29.9,0.018392,29573.89,86984.643
688690,2026-01-12,27.64,0.012083,47197.12,129962.906
688691,2026-01-12,127.82,-0.019033,98522.05,1261808.816
688692,2026-01-12,302.5,0.043032,28655.39,839675.441
688693,2026-01-12,40.05,0.021684000000000002,13570.28,54034.582
688695,2026-01-12,29.92,0.040334,20843.83,61331.54
688696,2026-01-12,110.4,0.009602000000000001,14460.13,158372.495
688697,2026-01-12,16.55,0.015961,71140.41,116459.839
688698,2026-01-12,103.85,0.053566,107056.61,1068317.241
688699,2026-01-12,48.66,0.032683,40292.31,194042.266
688700,2026-01-12,38.01,0.005556,93576.28,352938.824
688701,2026-01-12,9.02,0.04157,49860.54,44126.099
688702,2026-01-12,133.07,-0.017426,38181.41,505942.55
688707,2026-01-12,14.76,-0.000677,160912.82,235690.929
688708,2026-01-12,68.81,-0.00232,38382.79,263491.161
688709,2026-01-12,53.53,0.063369,226894.85,1170702.078
688710,2026-01-12,63.28,-0.004875,45771.05,281984.971
688711,2026-01-12,34.38,0.015657,157526.97,537081.507
688716,2026-01-12,44.51,0.036321,66351.44,292209.371
688717,2026-01-12,74.45,0.005809,68952.96,508522.977
688718,2026-01-12,13.85,0.022895,22798.1,31368.113
688719,2026-01-12,54.77,0.09408699999999999,91838.05,479399.469
688720,2026-01-12,75.43,-0.003172,67182.72,506128.639
688721,2026-01-12,49.93,-0.008735,26132.76,130475.938
688722,2026-01-12,21.43,0.038778,137089.69,293495.311
688726,2026-01-12,40.19,0.039845,116550.47,466794.565
688727,2026-01-12,59.75,-0.014677,117627.99,708010.709
688728,2026-01-12,16.65,0.029047999999999997,197237.2,322838.197
688729,2026-01-12,26.69,0.005652000000000001,150131.66,399690.926
688733,2026-01-12,32.22,0.028736,102957.67,323026.523
688737,2026-01-12,25.22,0.049085000000000004,65856.75,166129.394
688739,2026-01-12,26.85,0.009398,29146.61,77792.475
688750,2026-01-12,21.3,0.028489,138077.77,292195.764
688755,2026-01-12,43.07,0.015084,9421.59,40321.239
688757,2026-01-12,28.92,-0.004475,26996.04,77929.688
688758,2026-01-12,18.76,0.02012,79846.67,147836.215
688759,2026-01-12,47.7,-0.028117,125783.62,634828.304
688765,2026-01-12,77.99,-0.024515,44296.88,346866.08
688766,2026-01-12,180.2,0.013669,139475.13,2538332.129
688767,2026-01-12,47.18,0.04914399999999999,72194.78,335450.506
688768,2026-01-12,51.09,0.113557,51436.25,255077.252
688772,2026-01-12,21.46,-0.019196,365616.61,780608.286
688775,2026-01-12,254.49,0.052046,48379.72,1225003.539
688776,2026-01-12,138.35,0.182479,96054.75,1259913.101
688777,2026-01-12,57.57,0.073266,549285.73,3132060.809
688778,2026-01-12,84.28,0.030444,90294.41,763450.779
688779,2026-01-12,8.2,0.011097,607646.44,501302.352
688783,2026-01-12,26.02,-0.00687,172880.15,450099.312
688786,2026-01-12,30.85,0.007183,34823.76,106781.521
688787,2026-01-12,159.68,0.19997,71386.69,1079626.538
688788,2026-01-12,75.0,0.073576,95638.32,706128.505
688789,2026-01-12,82.02,-0.010138000000000001,13761.45,112286.01
688790,2026-01-12,177.0,0.092525,30916.66,522867.275
688793,2026-01-12,23.97,0.017402,28287.46,67070.286
688795,2026-01-12,648.59,-0.023575,37963.83,2456994.532
688796,2026-01-12,68.68,0.148687,64376.16,424770.068
688798,2026-01-12,80.52,0.007129,38502.23,308413.876
688799,2026-01-12,49.7,-0.027397,63533.94,320900.41
688800,2026-01-12,82.34,-0.0035099999999999997,106194.12,863176.392
688802,2026-01-12,621.73,-0.020605000000000002,20888.77,1299044.306
688805,2026-01-12,46.99,0.011625000000000002,79809.55,366813.09
688807,2026-01-12,195.13,-0.007477,26645.03,518950.327
688809,2026-01-12,356.0,-0.029973,56723.58,2022421.077
688819,2026-01-12,34.15,-0.013290999999999999,50686.9,172537.332
688981,2026-01-12,127.66,-0.009466,563935.64,7202156.993
689009,2026-01-12,57.25,0.012557,116207.43,658279.7
920000,2026-01-12,20.26,0.027383,22239.21,44512.647
920001,2026-01-12,21.15,0.040846,35987.15,74877.507
920002,2026-01-12,114.89,0.035045,17416.72,196564.967
920003,2026-01-12,33.58,0.008711,9908.51,33214.122
920005,2026-01-12,42.78,0.019057,9976.44,42330.539
920006,2026-01-12,31.26,0.067623,68638.55,209375.998
920007,2026-01-12,71.5,-0.001118,6777.25,48044.445
920008,2026-01-12,35.03,0.068314,57248.65,197426.338
920009,2026-01-12,87.62,0.09827,23139.96,203384.814
920010,2026-01-12,11.96,0.033708,80185.78,95098.384
920014,2026-01-12,12.1,0.010860000000000002,25907.37,31100.411
920015,2026-01-12,56.6,-0.01325,45049.87,252402.682
920016,2026-01-12,20.31,0.019067,11691.72,23562.396
920017,2026-01-12,19.45,0.0072499999999999995,39504.36,76202.695
920018,2026-01-12,28.72,0.013051,18699.4,53479.923
920019,2026-01-12,21.06,0.01494,50706.24,105290.599
920020,2026-01-12,17.77,0.013691,30351.48,53344.634
920021,2026-01-12,9.51,0.29918,633224.03,566346.085
920022,2026-01-12,31.04,0.023746999999999997,16539.65,50783.892
920023,2026-01-12,4.8,0.041215,321219.09,151038.4
920026,2026-01-12,40.4,0.069915,30543.16,119387.322
920027,2026-01-12,22.62,0.005333,22195.77,50246.561
920029,2026-01-12,90.82,0.005647,18163.61,162760.047
920030,2026-01-12,6.99,0.035556000000000004,66471.0,46111.628
920033,2026-01-12,18.48,0.0054410000000000005,17097.72,31484.713
920035,2026-01-12,41.98,0.026907999999999998,21837.7,89906.39
920037,2026-01-12,87.62,0.024675,13702.74,119097.977
920039,2026-01-12,12.3,0.035354000000000003,37713.73,45687.021
920045,2026-01-12,309.98,-0.02522,28291.71,873378.231
920046,2026-01-12,14.51,0.026892999999999997,59956.62,85619.594
920047,2026-01-12,23.27,-0.013146999999999999,43382.05,100467.881
920056,2026-01-12,26.8,0.04565,36077.39,96066.523
920057,2026-01-12,6.97,0.04341300000000001,54099.8,37141.516
920058,2026-01-12,34.45,0.014429,7059.61,24115.966
920060,2026-01-12,34.58,0.028554,53749.73,182517.229
920061,2026-01-12,31.57,0.022014,23395.76,72725.744
920062,2026-01-12,10.71,0.031792,114358.24,120036.924
920066,2026-01-12,26.06,0.021960999999999998,8688.87,22558.95
920068,2026-01-12,21.96,0.063953,149029.66,322968.144
920075,2026-01-12,31.72,0.120056,64984.94,197597.602
920077,2026-01-12,20.14,0.11025399999999999,349334.83,671657.687
920080,2026-01-12,28.73,0.023148,16932.89,48126.328
920082,2026-01-12,18.51,0.021523,23623.95,43132.879
920087,2026-01-12,16.78,0.019441,81138.5,134625.159
920088,2026-01-12,35.14,0.01268,63450.21,216167.07
920089,2026-01-12,20.32,0.019057,38787.99,78245.47
920090,2026-01-12,8.63,0.299699,539087.99,433582.914
920091,2026-01-12,85.62,0.017106,39988.95,340034.926
920092,2026-01-12,47.99,0.10550599999999999,66369.46,310744.057
920098,2026-01-12,34.07,0.058403000000000004,46866.43,157545.194
920099,2026-01-12,33.93,0.011326000000000001,15290.43,51512.667
920100,2026-01-12,73.55,0.032715999999999995,30335.14,219215.486
920101,2026-01-12,41.55,0.012426999999999999,8630.28,35777.912
920106,2026-01-12,83.74,0.031916,14338.9,118712.616
920108,2026-01-12,14.12,0.021707999999999998,21611.35,30168.665
920110,2026-01-12,37.94,0.023745,5295.75,19691.119
920111,2026-01-12,24.68,0.02705,39829.77,97068.5
920112,2026-01-12,38.73,0.014405,6840.4,26304.321
920116,2026-01-12,130.16,0.29991,101077.11,1234807.396
920118,2026-01-12,24.09,0.02773,9521.26,22656.749
920121,2026-01-12,45.44,0.006646,19125.55,86457.556
920122,2026-01-12,35.67,0.030032,13924.16,49224.016
920123,2026-01-12,16.01,0.032237,30390.25,47938.766
920124,2026-01-12,19.28,0.014737,72545.9,139016.095
920128,2026-01-12,30.35,0.035483,32843.18,97310.153
920130,2026-01-12,30.83,0.115009,104196.88,312986.32
920132,2026-01-12,16.9,0.023622,12670.61,21192.382
920139,2026-01-12,22.83,0.034436,86277.87,193767.356
920145,2026-01-12,20.52,-0.029786999999999998,46125.96,94682.158
920146,2026-01-12,9.16,0.029213,54734.09,49735.719
920149,2026-01-12,12.57,0.018639,24645.13,30876.175
920152,2026-01-12,27.49,0.003285,36577.28,96739.652
920158,2026-01-12,16.29,0.011800999999999999,28710.11,46450.543
920160,2026-01-12,27.6,0.035259,50604.3,137659.879
920163,2026-01-12,15.19,0.023585,9988.84,14993.93
920167,2026-01-12,18.6,0.02933,32195.61,59407.179
920169,2026-01-12,38.19,0.126881,125458.83,460519.06
920171,2026-01-12,25.84,0.080719,87874.82,223267.26
920174,2026-01-12,49.69,0.011397999999999998,29760.44,145927.358
920175,2026-01-12,12.2,0.033898000000000005,36953.53,44410.44
920179,2026-01-12,44.46,0.003612,101080.86,437847.691
920184,2026-01-12,22.19,0.085086,138429.04,301436.292
920185,2026-01-12,33.58,-0.008269,185058.03,610937.781
920190,2026-01-12,30.84,0.082105,86589.17,261645.536
920195,2026-01-12,22.88,0.047618999999999995,45489.6,100973.735
920198,2026-01-12,11.77,0.077839,141242.24,161111.496
920199,2026-01-12,56.16,0.118948,84945.96,458784.036
920204,2026-01-12,19.0,0.02981,21898.57,41020.949
920207,2026-01-12,41.6,0.3,110511.87,435813.245
920208,2026-01-12,26.72,0.059477,39498.62,103063.461
920212,2026-01-12,14.75,0.044618000000000005,25716.76,37361.237
920221,2026-01-12,18.09,0.029009999999999998,24723.4,44117.223
920223,2026-01-12,24.42,0.017924,79178.07,191173.209
920225,2026-01-12,36.65,-0.010262,53349.28,195835.981
920227,2026-01-12,78.48,0.20738499999999999,47015.38,354754.28
920230,2026-01-12,13.2,0.023256000000000002,19837.72,25814.513
920237,2026-01-12,25.72,0.024293,41436.91,103723.982
920239,2026-01-12,34.45,0.018929,60005.32,201731.653
920242,2026-01-12,30.97,0.026175999999999998,12849.55,39418.005
920245,2026-01-12,30.25,0.014419999999999999,8019.72,24150.31
920247,2026-01-12,29.28,0.039035,64864.59,186682.386
920249,2026-01-12,14.93,0.058865,161834.83,237266.084
920252,2026-01-12,31.91,0.020141,79672.23,246566.459
920260,2026-01-12,11.8,0.019879,41290.58,47929.622
920261,2026-01-12,15.47,0.012435,33819.53,51894.529
920262,2026-01-12,25.67,0.030924,19574.42,49801.311
920263,2026-01-12,14.3,0.031002000000000002,54451.27,76551.002
920266,2026-01-12,9.52,0.021459000000000002,17676.82,16720.515
920267,2026-01-12,24.63,0.039241,28657.7,68332.903
920270,2026-01-12,21.85,0.061195000000000006,89371.76,190381.943
920271,2026-01-12,16.82,0.019394,16763.32,27956.245
920273,2026-01-12,34.66,0.024836999999999998,29889.41,102261.211
920274,2026-01-12,28.72,0.0102,33971.4,96756.679
920275,2026-01-12,9.03,0.016892,25184.79,22444.99
920278,2026-01-12,10.2,0.05918999999999999,156515.34,155235.916
920284,2026-01-12,38.95,0.015381,37025.66,143492.581
920299,2026-01-12,22.9,0.041382,77088.78,171798.343
920300,2026-01-12,17.28,0.067985,110033.21,186250.04
920304,2026-01-12,14.29,0.02658,59285.88,83461.76
920305,2026-01-12,10.78,0.062069,63698.02,67356.85
920339,2026-01-12,10.0,0.005024999999999999,16546.75,16434.077
920344,2026-01-12,25.53,0.009091,22278.78,56629.025
920346,2026-01-12,26.81,0.042379,31691.1,84003.193
920351,2026-01-12,23.4,0.022727,19988.77,46443.795
920357,2026-01-12,25.01,0.028795,15805.84,39003.241
920363,2026-01-12,22.52,0.085824,84472.21,187387.218
920367,2026-01-12,23.5,0.054757999999999994,54539.07,126252.749
920368,2026-01-12,31.3,0.010655,167118.67,535168.89
920370,2026-01-12,4.37,0.028235,75205.14,32399.426
920371,2026-01-12,10.94,0.027229999999999997,33526.66,36132.622
920374,2026-01-12,27.19,0.066693,28421.6,76113.334
920375,2026-01-12,15.39,0.066528,63416.09,96219.388
920378,2026-01-12,10.51,0.033431999999999996,34150.56,35243.954
920392,2026-01-12,29.58,-0.021825,30387.04,89719.647
920394,2026-01-12,47.22,-0.002113,54730.26,256223.855
920395,2026-01-12,12.31,0.025833,35918.36,43759.703
920396,2026-01-12,42.55,0.106344,129924.64,529680.698
920402,2026-01-12,11.33,0.011607000000000001,115754.5,130586.104
920403,2026-01-12,24.06,0.019924,32726.28,77341.043
920405,2026-01-12,28.68,-0.022828,54234.55,154569.771
920407,2026-01-12,25.3,0.041581,37675.05,93185.723
920414,2026-01-12,14.48,0.084644,93817.06,136710.799
920415,2026-01-12,17.33,0.15073,154706.95,254352.077
920418,2026-01-12,33.33,0.043845999999999996,109692.46,360495.593
920419,2026-01-12,16.7,0.025169,18227.26,29976.418
920422,2026-01-12,13.92,0.028065000000000003,49287.77,67808.89
920425,2026-01-12,23.0,0.047359,36555.98,82678.873
920427,2026-01-12,14.42,0.047965,35187.28,51317.322
920429,2026-01-12,15.95,0.030362,36415.28,56732.674
920433,2026-01-12,6.19,0.021452,30384.67,18651.052
920436,2026-01-12,18.18,0.030028000000000003,28962.31,52209.325
920438,2026-01-12,44.13,0.060816999999999996,75814.42,327325.268
920445,2026-01-12,12.22,0.024308,61409.64,73905.531
920454,2026-01-12,17.57,0.04273,31953.79,55100.388
920455,2026-01-12,8.96,0.029885000000000002,32390.4,28405.809
920469,2026-01-12,12.62,0.026851,52577.12,65438.805
920471,2026-01-12,13.83,0.030551,17977.42,24546.846
920475,2026-01-12,18.87,0.061902,29454.02,54507.566
920476,2026-01-12,26.6,0.125212,86847.02,215767.576
920478,2026-01-12,19.61,0.011868,18142.15,35181.772
920489,2026-01-12,19.93,0.012702999999999999,102328.77,200781.945
920491,2026-01-12,32.33,0.038548,86232.17,273688.101
920493,2026-01-12,187.0,0.210748,84886.77,1505221.428
920496,2026-01-12,10.74,0.029722,55215.09,58514.316
920504,2026-01-12,28.38,0.125297,51410.01,144333.267
920505,2026-01-12,51.86,0.022073,38859.66,198975.092
920508,2026-01-12,24.95,0.063512,22099.81,53960.706
920509,2026-01-12,40.95,0.06696200000000001,78891.7,313839.016
920510,2026-01-12,20.62,0.036702,69539.97,140916.452
920519,2026-01-12,12.98,0.028526,22428.26,28666.097
920522,2026-01-12,69.77,0.054884,70932.64,500336.987
920523,2026-01-12,27.12,0.0025879999999999996,40305.24,107941.559
920526,2026-01-12,25.51,0.019177,23495.61,59049.733
920527,2026-01-12,19.2,0.012658,17446.16,33153.116
920533,2026-01-12,31.86,0.037785,50873.19,159617.014
920541,2026-01-12,14.07,0.021044999999999998,35476.32,49442.514
920547,2026-01-12,25.11,0.018248,12531.95,31128.856
920553,2026-01-12,10.91,0.048031,40089.48,42822.997
920556,2026-01-12,11.25,0.061321,107811.88,118525.623
920564,2026-01-12,34.93,0.29996300000000004,141795.98,441326.542
920566,2026-01-12,11.87,0.020636,41492.51,48731.283
920570,2026-01-12,38.39,0.069062,31678.36,119516.74
920571,2026-01-12,10.04,0.01006,180727.02,180334.386
920575,2026-01-12,9.23,0.038245,71826.17,64944.069
920576,2026-01-12,119.99,0.249635,128174.18,1390392.374
920578,2026-01-12,28.16,0.04878999999999999,27077.94,75112.798
920579,2026-01-12,27.49,0.038142,40992.17,110339.773
920580,2026-01-12,16.13,0.040645,37126.3,58702.794
920592,2026-01-12,45.49,0.112769,69846.31,310486.772
920593,2026-01-12,37.54,0.036444000000000004,61088.76,225940.016
920599,2026-01-12,22.16,0.017915,90074.05,196202.887
920608,2026-01-12,19.99,0.019898,12029.73,23821.068
920627,2026-01-12,24.25,0.029724,30826.96,73259.066
920634,2026-01-12,26.62,0.02661,25363.37,66671.367
920639,2026-01-12,8.52,0.033981,56222.05,47140.789
920640,2026-01-12,56.0,0.217391,258294.67,1365969.559
920641,2026-01-12,23.8,-0.001678,129282.12,325381.739
920642,2026-01-12,18.95,0.077317,158014.9,295547.003
920651,2026-01-12,42.3,-0.0025940000000000004,13846.2,57837.28
920656,2026-01-12,18.01,0.015792,16514.08,29556.026
920662,2026-01-12,31.49,0.034834000000000004,30322.19,93646.046
920663,2026-01-12,18.76,0.036463999999999996,25257.78,46613.947
920665,2026-01-12,16.89,0.10247999999999999,142031.67,231120.808
920670,2026-01-12,21.21,0.160284,178148.79,358535.507
920675,2026-01-12,10.54,0.016393,39578.69,41295.39
920679,2026-01-12,21.34,0.034416,7774.84,16380.591
920682,2026-01-12,9.94,0.041929,131446.8,129028.912
920685,2026-01-12,15.14,0.054318,25934.41,38274.228
920689,2026-01-12,34.3,0.050858,31734.35,106805.896
920690,2026-01-12,34.58,0.033473,21645.79,73639.9
920693,2026-01-12,43.58,0.038607999999999996,23693.09,101494.599
920694,2026-01-12,21.15,0.039312,24177.58,50033.383
920699,2026-01-12,53.1,-0.001692,7722.17,40507.338
920701,2026-01-12,19.37,0.030319,36281.63,69548.589
920703,2026-01-12,15.55,0.023700000000000002,23532.24,36128.472
920706,2026-01-12,25.63,0.006281999999999999,35121.74,88603.819
920717,2026-01-12,11.47,0.015044,26314.63,29894.314
920718,2026-01-12,16.2,0.022082,15792.57,25308.891
920719,2026-01-12,13.65,0.023237999999999998,49556.66,66883.071
920720,2026-01-12,14.94,0.03391,54569.75,80259.579
920725,2026-01-12,36.57,0.028403,51676.26,185594.763
920726,2026-01-12,23.5,0.049107000000000005,92935.28,210646.332
920729,2026-01-12,9.08,0.021372,20332.71,18253.034
920735,2026-01-12,35.55,0.000281,34643.01,122449.406
920748,2026-01-12,55.5,0.220048,53040.29,269576.028
920751,2026-01-12,27.8,0.076268,58095.35,154656.071
920753,2026-01-12,23.55,0.020806,12240.0,28579.205
920765,2026-01-12,21.65,0.044379999999999996,34224.31,72549.58
920768,2026-01-12,13.17,0.032132,33772.02,43828.796
920770,2026-01-12,18.53,0.021499,62915.38,115877.713
920779,2026-01-12,36.86,0.024173,14472.1,52665.848
920781,2026-01-12,10.43,0.058883,105713.84,108261.679
920786,2026-01-12,10.73,0.035714,188975.63,198713.853
920790,2026-01-12,41.0,0.157865,57412.45,222625.36
920792,2026-01-12,12.79,0.0232,25292.08,32124.076
920799,2026-01-12,53.87,0.11809900000000001,134069.92,698089.623
920802,2026-01-12,16.44,0.021753,15523.83,25158.09
920806,2026-01-12,15.57,0.073793,128033.9,194197.346
920807,2026-01-12,16.56,0.026658,92489.8,150511.988
920808,2026-01-12,82.8,0.049429999999999995,53827.58,439050.689
920809,2026-01-12,7.3,0.013889,311278.21,224958.449
920810,2026-01-12,13.58,0.024133,30637.03,41156.172
920819,2026-01-12,4.0,0.012658,174268.16,68575.072
920821,2026-01-12,28.07,0.040015,43803.68,120966.357
920826,2026-01-12,14.45,0.031406,97488.53,138603.143
920832,2026-01-12,7.77,0.022368000000000002,21927.53,16877.175
920833,2026-01-12,17.68,0.028505,24492.68,42692.962
920834,2026-01-12,16.2,0.027919,38407.12,61316.615
920837,2026-01-12,15.46,0.023841,27167.76,41459.987
920839,2026-01-12,45.21,0.002661,32639.02,146647.805
920855,2026-01-12,19.08,0.021413,8246.57,15576.705
920856,2026-01-12,18.14,0.038946,23616.62,42402.306
920857,2026-01-12,33.23,-0.062093999999999996,44673.41,147568.213
920866,2026-01-12,8.62,0.023753000000000003,22771.24,19373.377
920870,2026-01-12,19.8,0.042105,49178.43,95716.486
920871,2026-01-12,16.27,0.025205,26950.86,43261.033
920873,2026-01-12,8.19,0.028894000000000003,46732.91,37608.145
920876,2026-01-12,29.06,0.073513,36200.76,103513.957
920879,2026-01-12,23.53,0.009871,23653.62,55279.569
920885,2026-01-12,29.88,0.129252,234972.46,677998.487
920892,2026-01-12,18.27,0.036302,53526.37,94502.3
920895,2026-01-12,21.9,0.021455000000000002,10238.18,22241.337
920896,2026-01-12,21.98,0.03484,24324.2,52611.998
920906,2026-01-12,31.32,0.059182,40527.44,123407.827
920914,2026-01-12,32.11,0.05072,75899.27,236738.176
920924,2026-01-12,25.5,0.11597400000000001,75253.04,187167.696
920925,2026-01-12,26.34,0.005344,72880.38,189327.139
920926,2026-01-12,18.23,0.032276,18376.52,33162.745
920931,2026-01-12,14.83,0.020647000000000002,16830.23,24545.875
920932,2026-01-12,23.8,0.065831,84491.83,196650.694
920942,2026-01-12,33.5,0.027292,20838.92,68725.94
920943,2026-01-12,29.57,0.082357,73125.51,212261.742
920946,2026-01-12,11.23,0.013538,54620.29,60585.522
920950,2026-01-12,19.52,0.033898000000000005,8054.18,15582.195
920953,2026-01-12,43.36,0.10923500000000001,96328.48,407044.709
920957,2026-01-12,13.4,0.022121,30827.67,40416.464
920961,2026-01-12,35.91,0.19183499999999998,232797.19,791985.968
920964,2026-01-12,7.14,0.017094,63979.23,45480.913
920970,2026-01-12,8.23,0.019826999999999997,25239.21,20607.117
920971,2026-01-12,32.97,0.027103000000000002,45199.18,146301.736
920974,2026-01-12,8.44,0.024272000000000002,40252.73,33691.615
920976,2026-01-12,30.07,0.051399,34652.55,102612.999
920978,2026-01-12,36.65,0.013831,49532.75,178451.406
920981,2026-01-12,34.8,0.016652,23639.45,82010.18
920982,2026-01-12,234.99,-0.007224,11732.0,274919.699
920985,2026-01-12,7.82,0.035762,71515.43,55352.572
920992,2026-01-12,18.88,0.036793,23376.02,43455.777
