symbol,date,close,ret,vol,amount
000001,2026-03-25,10.94,0.005515,744779.91,809739.89
000002,2026-03-25,4.12,0.007335,865155.8,355770.188
000004,2026-03-25,5.11,-0.009689999999999999,88743.0,45191.928
000006,2026-03-25,8.86,0.049763,416957.97,365175.631
000007,2026-03-25,13.55,-0.021661,66933.18,91082.668
000008,2026-03-25,2.74,0.022387999999999998,421538.08,114311.27
000009,2026-03-25,8.88,0.016017999999999998,240940.81,212235.073
000010,2026-03-25,4.47,0.004494000000000001,421554.0,187711.269
000011,2026-03-25,8.65,0.011696,43471.01,37283.228
000012,2026-03-25,4.53,0.017978,280612.15,126827.379
000014,2026-03-25,15.03,0.008048,176159.25,263138.183
000016,2026-03-25,3.31,0.044164,368944.27,120628.6
000017,2026-03-25,6.83,0.023988,70970.14,48157.749
000019,2026-03-25,7.55,0.041379,241163.99,181131.004
000020,2026-03-25,17.68,-0.06701800000000001,338377.9,601031.708
000021,2026-03-25,29.43,0.024007999999999998,1037140.0,3086383.362
000025,2026-03-25,16.05,0.010705,40112.78,64126.76
000026,2026-03-25,14.36,0.045124000000000004,77452.01,110820.419
000027,2026-03-25,7.61,0.04104,1267056.58,957374.135
000028,2026-03-25,25.44,0.010326,36673.76,92683.747
000029,2026-03-25,19.66,0.019181,59193.29,115933.101
000030,2026-03-25,4.95,0.020619000000000002,111378.72,54831.196
000031,2026-03-25,2.94,0.010308999999999999,222674.0,65249.311
000032,2026-03-25,18.42,0.014876,290328.78,539408.294
000034,2026-03-25,35.46,0.054416,266671.13,940319.143
000035,2026-03-25,7.56,0.013405,1585632.93,1200175.196
000036,2026-03-25,4.94,0.035639,348411.66,169907.56
000037,2026-03-25,10.9,0.038095,659186.88,709099.494
000039,2026-03-25,11.4,0.0,549377.86,630900.018
000042,2026-03-25,9.03,0.027304,64889.0,57762.433
000045,2026-03-25,13.98,0.060698,361420.9,494114.103
000048,2026-03-25,19.68,-0.012048000000000001,94720.04,187426.258
000049,2026-03-25,27.99,-0.015823,212971.61,598084.426
000050,2026-03-25,8.04,0.011321000000000001,226031.39,181777.91
000055,2026-03-25,3.67,0.019444,78902.96,28777.359
000056,2026-03-25,1.92,0.005235999999999999,377430.0,72170.588
000058,2026-03-25,8.3,0.02091,80762.79,66526.154
000059,2026-03-25,5.34,-0.001869,323261.52,172787.921
000060,2026-03-25,6.13,0.008224,1426136.39,879627.45
000061,2026-03-25,8.04,-0.007407,235655.47,190809.196
000062,2026-03-25,27.39,0.022778,363024.16,989651.77
000063,2026-03-25,33.45,0.0161,628637.06,2103146.782
000065,2026-03-25,14.12,-0.007032,867992.79,1236411.884
000066,2026-03-25,15.08,0.024457,893587.79,1347928.664
000068,2026-03-25,3.42,0.023952,207332.99,70645.298
000069,2026-03-25,2.21,0.023148,528752.21,115926.906
000070,2026-03-25,15.86,0.099861,406961.66,634823.819
000078,2026-03-25,3.09,0.013115000000000002,508858.8,155732.767
000088,2026-03-25,4.62,0.024390000000000002,560299.49,257294.638
000089,2026-03-25,6.78,0.024169,138561.83,93323.686
000090,2026-03-25,3.64,0.022472,338197.75,121855.168
000096,2026-03-25,10.21,0.009891,115222.0,116890.061
000099,2026-03-25,17.61,0.012069000000000002,81770.51,143933.942
000100,2026-03-25,4.34,-0.004587,3308800.04,1439537.179
000151,2026-03-25,11.85,0.018917,50498.0,59719.594
000153,2026-03-25,6.23,0.016313,63745.0,39498.016
000155,2026-03-25,14.53,0.025405999999999998,609256.53,877102.62
000156,2026-03-25,7.37,0.020776,135033.35,99069.899
000157,2026-03-25,8.58,0.022646000000000003,625140.52,536402.578
000158,2026-03-25,17.69,0.019597,268208.0,473079.967
000159,2026-03-25,6.51,0.014018999999999998,185846.71,120061.383
000166,2026-03-25,4.77,0.008457,754940.01,359786.225
000301,2026-03-25,10.8,0.052632000000000005,348315.8,372519.491
000333,2026-03-25,74.8,0.007679,184963.62,1376467.588
000338,2026-03-25,24.52,0.034163,1301322.25,3241925.867
000400,2026-03-25,29.07,0.016789000000000002,289473.09,840967.579
000401,2026-03-25,5.03,0.02863,332295.84,166235.17
000402,2026-03-25,2.58,0.007813,175288.71,45161.884
000403,2026-03-25,13.17,0.0030459999999999997,62056.18,81765.399
000404,2026-03-25,7.01,0.026354000000000002,119108.97,82640.437
000407,2026-03-25,4.87,0.014582999999999999,326597.91,158373.831
000408,2026-03-25,78.13,0.030195,263501.59,2066939.775
000409,2026-03-25,10.28,0.027999999999999997,69694.07,71016.679
000410,2026-03-25,6.61,0.00916,158603.83,104552.262
000411,2026-03-25,10.72,0.003745,34181.08,36588.578
000415,2026-03-25,4.39,0.02331,1181022.02,517013.322
000417,2026-03-25,6.8,0.007407,122583.0,83150.984
000419,2026-03-25,5.79,0.017575,66048.0,38111.738
000420,2026-03-25,4.8,0.032258,2078300.52,993408.179
000421,2026-03-25,6.82,0.014881,108657.93,73373.485
000422,2026-03-25,16.94,0.020482,691271.75,1164944.864
000423,2026-03-25,55.7,-0.012411,54416.14,303756.177
000425,2026-03-25,10.56,0.022265,840909.39,891355.283
000426,2026-03-25,40.15,0.049672999999999995,1000218.38,4081479.375
000428,2026-03-25,3.9,0.059783,180182.76,68850.02
000429,2026-03-25,12.94,0.023734,95751.36,122304.68
000430,2026-03-25,7.34,0.019444,29615.02,21598.278
000488,2026-03-25,2.84,0.017921,459725.02,128815.94
000498,2026-03-25,5.79,0.026596,248646.29,143433.025
000501,2026-03-25,8.45,0.011976,67886.71,56861.983
000503,2026-03-25,8.0,0.012658,102542.61,81642.514
000504,2026-03-25,9.92,-0.003015,24755.0,24724.291
000505,2026-03-25,6.71,0.018209,125993.68,84048.961
000506,2026-03-25,16.49,0.021053000000000002,501962.2,835440.282
000507,2026-03-25,5.85,0.035398,539040.0,313465.865
000509,2026-03-25,4.59,0.02,1797249.53,824372.273
000510,2026-03-25,14.8,0.004752,598411.11,905211.316
000513,2026-03-25,33.38,0.0012,54274.5,180949.489
000514,2026-03-25,4.79,0.030108000000000003,99883.0,47108.905
000516,2026-03-25,4.96,-0.00998,881646.17,436137.393
000517,2026-03-25,1.99,0.020513,327106.18,64724.145
000518,2026-03-25,2.93,0.013841000000000001,90569.33,26457.158
000519,2026-03-25,17.46,0.049909999999999996,679633.72,1149604.677
000520,2026-03-25,4.29,0.016588000000000002,164243.0,69813.413
000521,2026-03-25,6.14,0.016556,72575.01,44298.585
000523,2026-03-25,3.48,0.017544,272643.86,93975.367
000524,2026-03-25,12.03,0.048823,184576.61,219179.434
000525,2026-03-25,6.05,-0.008197,309092.98,187083.118
000526,2026-03-25,32.27,0.021848999999999997,20747.0,66977.787
000528,2026-03-25,9.49,0.025945999999999997,444104.18,421389.322
000529,2026-03-25,5.68,0.023423,58355.01,32848.286
000530,2026-03-25,6.09,0.015,156237.59,94651.495
000531,2026-03-25,8.03,0.019036,1156860.47,921950.312
000532,2026-03-25,13.73,0.008076,46696.78,64062.956
000533,2026-03-25,17.25,0.011137,1577469.01,2750005.78
000534,2026-03-25,41.16,0.035993,218979.02,914357.89
000536,2026-03-25,4.47,0.013605,429432.11,191436.57
000537,2026-03-25,12.35,0.033473,2197368.55,2713445.104
000538,2026-03-25,55.39,-0.001802,52058.8,288784.212
000539,2026-03-25,7.46,0.10029500000000001,2294053.34,1656450.025
000541,2026-03-25,5.71,0.012411,81969.55,46557.957
000543,2026-03-25,8.83,0.05622,904236.92,788640.328
000544,2026-03-25,8.79,0.042705,100882.88,87678.943
000545,2026-03-25,3.44,0.017751,932854.64,320559.021
000546,2026-03-25,5.85,0.02812,252362.16,145524.001
000547,2026-03-25,27.07,0.0051990000000000005,1785785.44,4838352.954
000548,2026-03-25,5.46,0.034091,126270.67,68309.078
000550,2026-03-25,17.24,0.020722,26311.28,45030.534
000551,2026-03-25,13.4,0.019787,125271.83,168975.912
000552,2026-03-25,2.88,0.032258,1874855.77,529955.686
000553,2026-03-25,5.91,0.04417,165309.0,96943.5
000554,2026-03-25,8.39,-0.011779,308995.89,257428.014
000555,2026-03-25,16.47,0.015413,377564.06,625862.345
000557,2026-03-25,4.7,0.023965,141443.89,66120.843
000558,2026-03-25,4.59,0.033784,310180.53,140838.137
000559,2026-03-25,15.6,0.039307,854756.24,1322249.889
000560,2026-03-25,2.98,0.006757,1071875.9,319151.812
000561,2026-03-25,9.62,0.019068,112928.0,107614.458
000563,2026-03-25,3.39,0.018018,611926.51,205993.471
000564,2026-03-25,2.0,0.010101,2754893.39,551110.192
000565,2026-03-25,7.3,0.0041270000000000005,86758.5,63236.954
000566,2026-03-25,5.35,0.011342000000000001,212038.0,112683.019
000567,2026-03-25,5.34,0.021033,133830.14,70540.271
000568,2026-03-25,103.84,0.004352,50712.09,524534.834
000570,2026-03-25,5.6,0.029411999999999997,146885.0,81454.339
000571,2026-03-25,6.12,-0.004878,179879.02,110841.02
000572,2026-03-25,6.33,0.007962,1112857.49,701405.779
000573,2026-03-25,4.15,0.029777,154988.98,63708.526
000576,2026-03-25,9.21,0.014317,152895.0,139829.308
000581,2026-03-25,20.89,0.020019999999999996,136214.83,284306.82
000582,2026-03-25,10.97,0.020465,316451.9,346115.529
000586,2026-03-25,15.05,0.039365000000000004,91259.0,137719.734
000589,2026-03-25,4.56,0.020134,235837.82,106884.01
000590,2026-03-25,11.99,0.022165,45774.0,54880.826
000591,2026-03-25,6.39,0.035656,3299920.76,2109236.871
000592,2026-03-25,11.17,0.100493,2981294.56,3170908.418
000593,2026-03-25,15.12,0.01002,215977.03,324051.84
000595,2026-03-25,6.32,0.049833999999999996,168249.72,105095.074
000596,2026-03-25,107.0,-0.015458000000000001,27771.67,298036.985
000597,2026-03-25,4.93,0.010246,115985.87,57141.128
000598,2026-03-25,6.88,0.020772,325295.8,222355.419
000599,2026-03-25,6.11,0.011589,147065.01,89636.603
000600,2026-03-25,10.22,0.060166000000000004,872137.61,882054.741
000601,2026-03-25,8.87,0.100496,2335394.12,2043467.75
000603,2026-03-25,38.46,0.048528,359757.54,1397289.103
000605,2026-03-25,7.13,0.033333,116992.2,83112.73
000607,2026-03-25,4.24,0.016787,137165.1,57720.234
000608,2026-03-25,4.13,0.050891,319973.13,128907.459
000609,2026-03-25,9.17,0.018889,132013.1,122933.093
000610,2026-03-25,9.25,0.030067,82092.01,75355.968
000612,2026-03-25,11.46,0.015957,448134.56,516523.863
000615,2026-03-25,3.23,0.031949,77203.4,24583.533
000617,2026-03-25,10.83,0.002778,4895519.42,5190475.136
000619,2026-03-25,5.93,0.02418,68150.04,40137.644
000620,2026-03-25,3.06,0.0032790000000000002,2161368.89,658751.185
000623,2026-03-25,17.45,0.011594,82102.89,142937.71
000625,2026-03-25,10.14,0.0,578368.05,585465.218
000626,2026-03-25,8.07,0.021519,116476.0,93069.575
000628,2026-03-25,50.3,0.005397,59852.6,303507.288
000629,2026-03-25,3.38,0.005952,1465086.63,497872.821
000630,2026-03-25,5.91,0.017212,3943392.99,2347297.282
000631,2026-03-25,3.87,0.034759000000000005,197965.14,75837.502
000632,2026-03-25,4.85,0.045259,254740.0,121257.513
000633,2026-03-25,6.61,0.01849,97618.87,64465.087
000635,2026-03-25,8.53,0.033939,84154.4,71562.747
000636,2026-03-25,20.15,0.0024879999999999998,541808.15,1099177.091
000637,2026-03-25,4.61,0.019912,133795.0,61325.33
000638,2026-03-25,1.48,-0.045161,432667.45,66984.053
000639,2026-03-25,3.1,0.099291,531139.91,160729.283
000650,2026-03-25,5.59,0.018215,147969.36,82362.418
000651,2026-03-25,38.13,0.014096,261141.92,990516.783
000652,2026-03-25,3.95,0.036745,161074.36,63117.132
000655,2026-03-25,8.83,0.021991,101933.0,89599.894
000656,2026-03-25,1.32,0.0,646878.57,85290.159
000657,2026-03-25,49.55,-0.00382,808340.3,4050456.067
000659,2026-03-25,4.17,0.100264,504840.39,203356.948
000661,2026-03-25,85.81,0.011314,29393.84,252088.569
000663,2026-03-25,6.91,0.017673,76355.51,52261.959
000665,2026-03-25,4.99,0.037422,200661.12,99214.453
000668,2026-03-25,13.92,0.043478,19137.99,26396.55
000669,2026-03-25,4.95,-0.049904000000000004,455171.91,226432.132
000670,2026-03-25,8.84,0.006834,1254453.77,1108285.85
000672,2026-03-25,12.65,0.015248999999999999,115578.73,145742.206
000676,2026-03-25,7.65,0.014589000000000001,197482.9,150439.96
000677,2026-03-25,5.06,0.026368999999999997,1271792.03,640258.311
000678,2026-03-25,11.73,0.006003,104155.0,121453.926
000679,2026-03-25,6.6,0.020093,53293.0,34992.076
000680,2026-03-25,11.87,0.029488,387190.38,454639.267
000681,2026-03-25,20.65,0.01624,211073.86,435890.221
000682,2026-03-25,12.7,0.022543999999999998,212510.53,269551.629
000683,2026-03-25,8.5,0.025332,528602.81,450486.565
000685,2026-03-25,10.82,0.011215,146813.6,158587.611
000686,2026-03-25,8.11,0.015019,198834.67,160537.913
000688,2026-03-25,37.7,0.051311,392160.17,1455737.103
000690,2026-03-25,5.61,0.1,2760298.91,1489921.094
000691,2026-03-25,8.22,0.049808000000000005,78962.0,64376.085
000692,2026-03-25,4.45,0.047059,304165.68,134023.094
000695,2026-03-25,12.89,-0.024224000000000002,169947.05,221270.423
000697,2026-03-25,9.48,0.033805999999999996,68204.01,63509.073
000698,2026-03-25,3.87,0.015747999999999998,65216.0,25100.932
000700,2026-03-25,11.83,0.046903,460185.87,545409.07
000701,2026-03-25,5.83,0.033687999999999996,128363.01,73678.873
000702,2026-03-25,6.42,0.020668000000000002,92101.3,58924.7
000703,2026-03-25,12.8,0.054366000000000005,555604.02,704450.679
000705,2026-03-25,8.63,0.005828,49345.94,42543.325
000707,2026-03-25,6.0,0.032702,161578.06,96137.299
000708,2026-03-25,16.28,0.018136,117065.31,189657.502
000709,2026-03-25,2.37,0.017166999999999998,983402.79,231208.494
000710,2026-03-25,10.27,-0.008687,73067.75,75223.56
000711,2026-03-25,4.23,-0.049438,1497835.0,638276.835
000712,2026-03-25,10.6,0.016298999999999998,136652.97,143847.202
000713,2026-03-25,6.47,0.022117,118581.69,76189.208
000715,2026-03-25,5.72,0.014184,83280.3,47526.45
000716,2026-03-25,5.27,0.007648,93130.24,48968.064
000717,2026-03-25,2.58,0.040323000000000005,536835.49,136010.26
000718,2026-03-25,2.14,0.033816,310430.41,65606.9
000719,2026-03-25,12.87,0.023866000000000002,67141.41,85719.251
000720,2026-03-25,4.55,0.099034,179583.34,81710.42
000721,2026-03-25,7.92,0.028571,97504.04,76435.635
000722,2026-03-25,16.62,0.099934,61503.36,102218.584
000723,2026-03-25,5.08,-0.003922,1388425.58,698810.629
000725,2026-03-25,3.99,-0.0025,4393007.14,1760085.995
000726,2026-03-25,7.0,0.021898,96205.0,66778.485
000727,2026-03-25,2.75,0.01476,997972.04,273459.933
000728,2026-03-25,7.56,0.010695,246363.64,186101.117
000729,2026-03-25,12.73,0.019215,151533.01,191295.072
000731,2026-03-25,7.47,0.023288000000000003,311984.47,231274.176
000733,2026-03-25,46.11,0.012516000000000001,101412.97,466423.283
000735,2026-03-25,6.82,0.0029409999999999996,203616.84,138645.089
000736,2026-03-25,4.88,0.020921,69551.58,33408.949
000737,2026-03-25,13.32,0.016794,493596.89,660326.463
000738,2026-03-25,21.93,0.020950000000000003,206385.65,451881.644
000739,2026-03-25,16.77,0.004793,58395.2,98178.897
000750,2026-03-25,3.88,0.005181,540806.17,209965.198
000751,2026-03-25,5.35,0.01518,672165.98,360499.55
000752,2026-03-25,10.85,0.043269,67993.01,72896.654
000753,2026-03-25,6.97,0.099369,423510.0,282699.486
000755,2026-03-25,5.38,0.03263,93924.12,49885.006
000756,2026-03-25,14.46,0.008368,42823.65,61829.982
000757,2026-03-25,4.82,0.023355,136745.0,65652.346
000758,2026-03-25,6.5,0.015625,547725.0,357497.106
000759,2026-03-25,5.68,0.023423,205773.01,116199.863
000761,2026-03-25,3.24,0.028571,184224.39,59163.127
000762,2026-03-25,27.23,0.019468,254319.95,691665.769
000766,2026-03-25,19.34,0.019504,140894.04,272625.832
000767,2026-03-25,4.21,0.082262,4040459.28,1673040.118
000768,2026-03-25,25.18,0.022330000000000003,278283.68,693943.734
000776,2026-03-25,18.65,0.015795,348903.85,648092.731
000777,2026-03-25,23.08,0.017637,113556.03,262182.442
000778,2026-03-25,4.5,0.008969,519113.1,232342.334
000779,2026-03-25,9.0,0.028571,68075.14,60709.802
000782,2026-03-25,5.3,0.003788,136545.0,72146.521
000783,2026-03-25,6.99,0.008658,563255.91,394208.25
000785,2026-03-25,2.54,0.007937,723029.25,182110.345
000786,2026-03-25,25.48,0.005921999999999999,108968.27,278226.296
000788,2026-03-25,5.64,0.003559,101281.07,57089.076
000789,2026-03-25,5.67,0.036563,97156.43,54724.485
000790,2026-03-25,3.94,0.015464,180528.73,71009.694
000791,2026-03-25,9.25,0.099881,1622495.8,1459718.744
000792,2026-03-25,36.77,0.009887,1072487.83,3926112.824
000793,2026-03-25,2.66,0.007576,156249.0,41435.77
000795,2026-03-25,8.7,0.030806,162959.0,140529.737
000796,2026-03-25,5.34,0.022989000000000002,373830.71,197333.554
000797,2026-03-25,2.94,0.046263,461285.16,132678.149
000798,2026-03-25,10.19,0.027218,193175.0,195711.358
000799,2026-03-25,43.36,0.010016,42583.91,183661.138
000800,2026-03-25,6.48,0.017268,149015.0,95501.14
000801,2026-03-25,13.96,-0.010631,255158.04,357316.815
000802,2026-03-25,3.98,0.020513,82907.16,32733.044
000803,2026-03-25,8.96,0.004484,183554.56,164435.408
000807,2026-03-25,28.41,0.021575,524189.49,1499770.83
000809,2026-03-25,4.06,0.012469,1067217.91,424844.651
000810,2026-03-25,10.77,0.020853,86316.05,92585.959
000811,2026-03-25,18.72,0.033683,330703.45,622670.898
000812,2026-03-25,4.08,0.032911,150107.91,60232.778
000813,2026-03-25,3.32,0.012195000000000001,254730.0,84195.067
000815,2026-03-25,21.29,0.035506,2332313.83,5015374.513
000816,2026-03-25,3.35,0.015152,352384.17,117737.002
000818,2026-03-25,22.31,0.039609,339484.38,759072.662
000819,2026-03-25,14.85,0.043570000000000005,63221.78,93019.169
000820,2026-03-25,3.36,-0.014662999999999999,84612.72,28143.7
000821,2026-03-25,12.67,0.007154000000000001,210743.0,265909.361
000822,2026-03-25,5.85,0.020942,402598.29,232336.94
000823,2026-03-25,13.66,0.015612999999999998,299635.17,410672.805
000825,2026-03-25,4.43,0.01373,397809.76,175229.32
000826,2026-03-25,2.18,0.009259,412684.98,89906.162
000828,2026-03-25,10.75,0.027725,84126.01,89389.292
000829,2026-03-25,10.31,0.049898,375731.8,385367.969
000830,2026-03-25,15.28,0.002625,411520.64,633238.6
000831,2026-03-25,47.9,0.029886,394250.86,1878776.467
000833,2026-03-25,24.38,-0.010551999999999999,336442.2,822723.433
000837,2026-03-25,10.64,0.019157,142873.79,151187.945
000838,2026-03-25,2.24,0.022831,272472.0,60704.716
000839,2026-03-25,3.52,0.02029,1210300.45,423802.417
000848,2026-03-25,7.89,0.007663,53484.41,42190.698
000850,2026-03-25,4.99,0.030992000000000002,115597.91,57142.811
000852,2026-03-25,7.11,0.021551999999999998,236893.15,166695.258
000856,2026-03-25,11.81,0.063964,540651.23,618832.001
000858,2026-03-25,102.45,0.010953,108589.64,1107451.813
000859,2026-03-25,10.34,0.1,217608.36,225007.044
000860,2026-03-25,13.01,0.00154,63531.22,82798.174
000862,2026-03-25,8.84,-0.018868,1764696.8,1586373.533
000863,2026-03-25,5.33,0.007561,235397.21,124592.395
000868,2026-03-25,4.55,0.029411999999999997,107301.0,48487.433
000869,2026-03-25,19.15,0.010021,8773.82,16741.44
000875,2026-03-25,7.49,0.026027,1263207.87,946583.468
000876,2026-03-25,8.25,0.0048720000000000005,202717.02,166914.297
000877,2026-03-25,4.99,0.022541000000000002,189266.39,93886.963
000878,2026-03-25,18.63,0.013602000000000001,706997.02,1328475.609
000880,2026-03-25,27.14,0.026087,134231.82,364233.485
000881,2026-03-25,7.68,0.009198,157173.01,119989.156
000882,2026-03-25,1.7,0.030303,658131.0,110948.12
000883,2026-03-25,5.26,0.031373000000000005,1195026.31,621643.565
000885,2026-03-25,13.96,0.037918,90439.45,125192.875
000886,2026-03-25,5.84,0.019197,134594.38,77822.531
000887,2026-03-25,18.14,0.030097,193633.59,348360.434
000888,2026-03-25,13.09,0.041368,160945.14,208610.695
000889,2026-03-25,3.54,0.09937900000000001,234201.52,82760.698
000890,2026-03-25,13.61,0.064113,887963.09,1190993.603
000892,2026-03-25,5.97,0.020513,210290.0,124929.647
000893,2026-03-25,59.35,0.00423,113430.15,679552.0
000895,2026-03-25,27.27,-0.012672000000000001,205344.82,554112.92
000897,2026-03-25,2.13,0.028986,395058.27,83338.705
000898,2026-03-25,2.39,0.017020999999999998,511469.42,121854.246
000899,2026-03-25,14.19,0.013571,731909.57,1039932.224
000900,2026-03-25,4.2,0.037037,285479.63,118555.503
000901,2026-03-25,21.95,0.018561,175675.2,384058.953
000902,2026-03-25,15.88,0.015995,136119.1,215241.058
000903,2026-03-25,2.51,0.012097,272895.88,68145.489
000905,2026-03-25,11.52,0.069638,292083.94,327589.649
000906,2026-03-25,5.65,0.023551000000000002,74936.82,41951.594
000909,2026-03-25,5.67,0.05,13412.02,7527.232
000910,2026-03-25,7.24,0.025495999999999998,37102.0,26618.897
000911,2026-03-25,6.58,0.018576,66704.68,43667.534
000912,2026-03-25,5.18,0.007782,783363.64,401370.139
000913,2026-03-25,14.5,0.008345,38987.0,56423.403
000915,2026-03-25,31.8,0.0012590000000000001,26657.2,85106.954
000917,2026-03-25,9.43,0.018359,291715.73,275110.261
000919,2026-03-25,7.0,0.017442,87676.0,61150.503
000920,2026-03-25,11.97,-0.031553,191327.35,228966.391
000921,2026-03-25,22.5,0.037344,107185.91,239874.705
000922,2026-03-25,13.92,0.017544,90073.0,125116.989
000923,2026-03-25,18.47,0.015392999999999999,162851.19,302378.027
000925,2026-03-25,7.28,0.028249,146211.69,105931.234
000926,2026-03-25,2.13,0.024038,314934.39,66509.63
000927,2026-03-25,3.04,0.101449,917906.03,267614.295
000928,2026-03-25,6.74,0.033742,381319.76,255437.81
000929,2026-03-25,9.54,0.018143,32807.15,31155.323
000930,2026-03-25,6.76,0.002967,334738.04,225998.448
000931,2026-03-25,4.9,0.016597999999999998,110122.18,53668.001
000932,2026-03-25,5.26,0.031373000000000005,893266.59,466549.783
000933,2026-03-25,29.51,0.011309,694301.67,2073931.973
000935,2026-03-25,25.04,0.058326,71100.54,176142.436
000936,2026-03-25,7.28,0.022472,135875.32,98321.377
000937,2026-03-25,5.88,0.005128000000000001,413411.33,239924.823
000938,2026-03-25,26.34,0.024902999999999998,1061861.24,2794206.612
000948,2026-03-25,15.43,0.010478000000000001,29400.66,45383.916
000949,2026-03-25,6.88,0.016248,476007.39,329119.531
000950,2026-03-25,5.47,0.018622,148303.84,80819.621
000951,2026-03-25,22.7,0.007993,153640.13,349276.55
000952,2026-03-25,7.03,0.012968,69453.4,48705.489
000953,2026-03-25,6.97,0.029542000000000002,73541.0,50929.533
000955,2026-03-25,5.03,0.030737999999999998,155081.37,77318.974
000957,2026-03-25,10.96,0.015754999999999998,119482.27,130110.829
000958,2026-03-25,6.63,0.018432999999999998,523863.64,347018.888
000959,2026-03-25,4.78,0.0,410721.49,196672.669
000960,2026-03-25,32.04,0.023315000000000002,640122.18,2070005.387
000962,2026-03-25,46.44,0.054257,260324.81,1209084.545
000963,2026-03-25,34.16,0.008562,55333.77,188683.157
000965,2026-03-25,3.8,0.035421999999999995,234928.55,87973.732
000966,2026-03-25,5.57,0.060952,3458001.26,1906577.625
000967,2026-03-25,9.0,0.042873999999999995,770411.17,703186.33
000968,2026-03-25,9.94,-0.051527,967357.15,955214.741
000969,2026-03-25,20.46,0.027624,270530.93,550748.356
000970,2026-03-25,11.64,0.015707,237547.15,276278.505
000972,2026-03-25,3.74,0.024658000000000003,103412.5,38169.289
000973,2026-03-25,17.03,0.030872,747661.47,1256101.596
000975,2026-03-25,27.43,0.030815000000000002,395313.94,1102391.443
000977,2026-03-25,59.54,0.025491,404547.0,2406515.507
000978,2026-03-25,7.38,0.099851,343600.58,246672.082
000980,2026-03-25,2.47,0.033473,1016454.07,248555.87
000981,2026-03-25,4.22,0.014422999999999998,3006062.01,1263859.105
000983,2026-03-25,7.13,-0.029932,1929326.47,1366923.258
000985,2026-03-25,19.42,0.022105,20240.88,39259.641
000987,2026-03-25,8.54,0.021530999999999998,369758.82,315170.136
000988,2026-03-25,115.74,0.033393,1034753.55,11968326.898
000989,2026-03-25,8.83,0.011455,57702.06,50668.119
000990,2026-03-25,9.47,-0.007338,768667.85,720085.674
000993,2026-03-25,15.7,0.10021000000000001,621194.46,932591.152
000995,2026-03-25,14.39,0.020567000000000002,122134.55,174014.135
000997,2026-03-25,20.57,0.013300000000000001,99715.31,204717.008
000998,2026-03-25,9.98,0.022541000000000002,317492.54,313783.617
000999,2026-03-25,28.48,-0.0038469999999999997,132134.12,375346.735
001201,2026-03-25,13.59,0.0074129999999999995,33633.56,45633.909
001202,2026-03-25,16.84,0.019988,19416.42,32581.873
001203,2026-03-25,40.85,0.014655,422091.35,1720996.283
001205,2026-03-25,14.55,0.030453,54172.11,78707.119
001206,2026-03-25,21.01,0.01253,23174.8,48677.206
001207,2026-03-25,29.33,0.026242,56811.2,166138.468
001208,2026-03-25,18.95,0.005305,148935.0,283510.123
001209,2026-03-25,20.28,0.025278000000000002,36222.0,72962.494
001210,2026-03-25,21.27,0.012375,34039.85,72441.79
001211,2026-03-25,26.93,0.002233,20208.0,54632.01
001212,2026-03-25,50.5,0.025797,50894.19,256881.109
001213,2026-03-25,4.12,0.03,303289.96,123940.48
001215,2026-03-25,34.85,0.005772,10204.72,35464.678
001216,2026-03-25,17.48,0.022222,59500.2,103635.479
001217,2026-03-25,12.01,0.022997999999999998,58981.1,70257.492
001218,2026-03-25,24.69,0.001217,15786.24,39135.854
001219,2026-03-25,13.93,0.015306,32656.2,45452.968
001220,2026-03-25,39.66,0.0025280000000000003,14383.84,56945.794
001221,2026-03-25,66.71,0.037642,12510.49,83089.46
001222,2026-03-25,19.54,0.010341,12751.0,24824.455
001223,2026-03-25,48.81,0.020276000000000002,5651.0,27613.413
001225,2026-03-25,48.21,0.0075239999999999994,12175.0,58694.572
001226,2026-03-25,43.59,0.047584999999999995,12009.0,51921.197
001227,2026-03-25,2.28,0.017857,1005760.2,227524.02
001228,2026-03-25,31.58,0.01871,16358.0,51645.322
001229,2026-03-25,41.36,0.018719,37377.0,153429.269
001230,2026-03-25,23.51,0.013798999999999999,19705.0,46309.328
001231,2026-03-25,23.14,0.018486,16659.0,38518.534
001233,2026-03-25,64.89,0.019642,10762.0,70204.155
001234,2026-03-25,26.48,0.017679,16513.0,43747.965
001236,2026-03-25,9.93,0.006079,172766.66,171003.387
001238,2026-03-25,48.11,0.013696,3232.0,15387.442
001239,2026-03-25,15.13,0.016118,33296.96,50257.337
001255,2026-03-25,36.74,0.019423,13204.38,48425.232
001256,2026-03-25,26.3,0.032993,86090.2,221227.797
001258,2026-03-25,11.79,0.0406,1479413.51,1680892.181
001259,2026-03-25,32.75,0.012678,10114.0,32980.41
001260,2026-03-25,20.74,0.015671,23889.0,49596.866
001266,2026-03-25,32.26,-0.0037059999999999997,27531.0,89774.05
001267,2026-03-25,40.89,0.017417000000000002,659111.54,2757941.627
001268,2026-03-25,29.92,0.030303,12834.0,38303.767
001269,2026-03-25,24.56,-0.004459,52367.87,128688.05
001270,2026-03-25,101.16,0.008273,52464.7,533373.798
001277,2026-03-25,36.11,0.017183,8176.0,29422.354
001278,2026-03-25,21.26,0.030538,49564.0,105216.695
001279,2026-03-25,31.42,0.022121,7480.47,23303.385
001280,2026-03-25,80.99,0.0382,126181.18,1014133.499
001282,2026-03-25,20.09,0.026570999999999997,32573.6,65124.25
001283,2026-03-25,69.21,-0.028632,74944.34,521466.853
001285,2026-03-25,51.58,0.01816,13512.0,69830.648
001286,2026-03-25,11.49,0.020426000000000003,392111.84,446002.369
001287,2026-03-25,26.54,0.05443,731035.44,1917067.974
001288,2026-03-25,29.15,-0.002737,54933.83,160496.813
001289,2026-03-25,19.18,0.006824,169113.06,324514.452
001296,2026-03-25,24.18,0.0075,14407.8,34880.503
001298,2026-03-25,29.51,0.018288,46859.92,137924.726
001299,2026-03-25,13.37,0.011346,41790.28,55736.907
001300,2026-03-25,17.57,0.040877,54239.0,94443.435
001301,2026-03-25,75.6,0.011236,49903.13,374313.184
001306,2026-03-25,67.39,0.027287,6185.88,41536.343
001308,2026-03-25,19.54,0.010341,18260.34,35509.261
001309,2026-03-25,375.17,0.073049,202216.96,7412965.511
001311,2026-03-25,32.0,0.025640999999999997,31023.64,98483.788
001313,2026-03-25,6.83,0.013352999999999999,59028.0,40111.038
001314,2026-03-25,40.77,0.019504999999999998,25509.0,103919.042
001316,2026-03-25,47.58,0.100116,26312.61,121583.056
001317,2026-03-25,46.49,0.040510000000000004,25962.63,119382.683
001318,2026-03-25,13.53,0.015766,18183.0,24497.896
001319,2026-03-25,24.6,0.012346,19562.0,48136.213
001322,2026-03-25,7.56,0.014764999999999999,51855.0,38962.368
001323,2026-03-25,25.42,0.018429,13981.9,35144.683
001324,2026-03-25,19.85,0.064914,52969.28,104146.365
001325,2026-03-25,52.92,-0.025953,31634.0,168677.746
001326,2026-03-25,52.69,0.053589000000000005,16450.0,86698.865
001328,2026-03-25,33.48,0.006614999999999999,6320.0,21200.241
001330,2026-03-25,6.87,0.017778000000000002,426528.5,292402.123
001331,2026-03-25,52.67,0.007653,41465.76,217917.846
001332,2026-03-25,53.87,0.043385999999999994,19664.16,105255.404
001333,2026-03-25,24.88,0.016755,25576.98,63650.303
001335,2026-03-25,42.76,0.018338,8063.73,34343.907
001336,2026-03-25,26.85,0.044341,22676.0,60666.753
001337,2026-03-25,47.15,0.030376,204417.37,967696.164
001338,2026-03-25,12.95,0.046042,142082.0,182113.292
001339,2026-03-25,64.06,0.023977,57264.39,367850.642
001356,2026-03-25,11.22,0.010811,26773.0,29946.411
001358,2026-03-25,26.79,0.007143,7937.0,21258.731
001359,2026-03-25,71.55,0.035007,10604.0,75699.727
001360,2026-03-25,21.08,0.012001999999999999,30678.7,65003.354
001366,2026-03-25,13.48,0.024316,45813.96,61639.205
001367,2026-03-25,21.93,0.023809999999999998,14400.91,31384.144
001368,2026-03-25,25.39,0.02173,14715.0,37300.659
001369,2026-03-25,16.73,0.005409000000000001,357121.88,598352.879
001373,2026-03-25,35.92,0.030999,21574.55,77507.799
001376,2026-03-25,17.88,0.100308,162408.12,281464.546
001378,2026-03-25,22.97,0.012787,29920.83,68817.423
001379,2026-03-25,21.4,0.021480000000000003,19529.97,41738.873
001380,2026-03-25,20.73,0.018172999999999998,17644.42,36479.587
001382,2026-03-25,22.97,0.003934,146127.56,335976.179
001386,2026-03-25,20.66,0.012745,28356.44,58405.095
001387,2026-03-25,13.16,0.019365,29883.5,39136.521
001388,2026-03-25,41.95,0.008899,21878.63,91965.052
001389,2026-03-25,106.47,0.034895,79106.2,846960.345
001390,2026-03-25,21.1,0.011505000000000001,11991.19,25183.612
001391,2026-03-25,5.35,0.0,186742.99,100050.518
001395,2026-03-25,39.52,0.007136,5482.0,21675.055
001396,2026-03-25,46.13,0.013401000000000001,29472.72,134120.396
001400,2026-03-25,147.29,0.1,14692.16,210379.53
001696,2026-03-25,19.35,0.01735,240546.03,462898.641
001872,2026-03-25,22.58,0.003556,37420.75,83552.131
001896,2026-03-25,16.07,-0.049112,2691258.69,4512272.874
001914,2026-03-25,9.92,0.017436,83230.87,82122.033
001965,2026-03-25,10.15,0.022155,203230.13,203529.281
001979,2026-03-25,8.93,0.007901,373421.42,332075.989
002001,2026-03-25,34.23,-0.009835,434166.71,1480789.537
002003,2026-03-25,9.65,0.004162,95209.84,91527.675
002004,2026-03-25,5.04,0.028571,281256.35,141004.243
002005,2026-03-25,2.89,0.024822999999999998,155432.0,44917.448
002006,2026-03-25,17.91,0.014731000000000001,78507.81,140471.375
002007,2026-03-25,14.42,0.002085,71780.82,103610.775
002008,2026-03-25,63.89,0.034488,336731.93,2176775.151
002009,2026-03-25,24.47,0.031184,296962.89,719207.042
002010,2026-03-25,5.71,0.017825,218853.79,124540.17
002011,2026-03-25,12.07,0.015993,117957.16,141858.644
002012,2026-03-25,6.6,0.0,113030.0,74890.423
002014,2026-03-25,11.68,-0.005111,32976.15,38669.594
002015,2026-03-25,20.02,0.011111,2803220.48,5685356.605
002016,2026-03-25,5.71,0.01421,100212.03,56865.063
002017,2026-03-25,19.28,0.019566,96528.35,184979.103
002019,2026-03-25,12.68,-0.001575,204707.01,261531.656
002020,2026-03-25,14.7,0.001362,86675.0,127519.411
002021,2026-03-25,3.08,0.0301,363383.11,111134.315
002022,2026-03-25,5.78,0.0017330000000000002,76350.75,44041.524
002023,2026-03-25,10.29,0.013793,112991.09,116086.515
002024,2026-03-25,1.33,0.015267,401422.04,52991.127
002025,2026-03-25,65.08,-0.029235999999999998,393710.93,2603193.024
002026,2026-03-25,12.93,0.024564,72368.39,93120.463
002027,2026-03-25,6.45,-0.010736,1113358.16,722109.821
002028,2026-03-25,212.86,0.038341,88394.95,1882960.4
002029,2026-03-25,10.12,0.032653,128642.25,129436.337
002030,2026-03-25,5.89,0.0,150984.89,88855.294
002031,2026-03-25,6.66,0.034161000000000004,631248.81,416008.853
002032,2026-03-25,44.13,0.012156,12422.0,54654.064
002033,2026-03-25,9.06,0.027211,218630.76,196827.373
002034,2026-03-25,18.44,0.029018000000000002,95065.45,174747.849
002035,2026-03-25,6.38,0.054545,266986.07,167585.237
002036,2026-03-25,9.05,0.007795,211158.76,191544.921
002037,2026-03-25,8.02,0.013906,52253.0,41714.608
002038,2026-03-25,6.25,0.100352,563776.22,344774.304
002039,2026-03-25,21.49,0.0745,461015.92,954491.544
002040,2026-03-25,10.33,0.014735,127355.3,130704.776
002041,2026-03-25,10.66,0.023033,186686.86,197416.061
002042,2026-03-25,4.22,0.044554,583279.94,244420.412
002043,2026-03-25,15.11,0.027891,123105.0,184957.881
002044,2026-03-25,5.74,0.025,1767666.19,1015838.957
002045,2026-03-25,11.76,0.009442,88151.51,103926.691
002046,2026-03-25,44.01,0.000682,97634.97,433487.436
002047,2026-03-25,5.33,-0.023809999999999998,308079.52,168065.001
002048,2026-03-25,25.34,0.018897999999999998,181134.0,457474.603
002049,2026-03-25,68.98,0.023441999999999998,123574.08,849611.517
002050,2026-03-25,43.49,0.021611,834379.77,3621125.126
002051,2026-03-25,8.89,0.024194,387106.71,341561.837
002052,2026-03-25,11.86,0.018026,199719.85,235342.85
002053,2026-03-25,13.81,0.062308,566016.54,779062.722
002054,2026-03-25,8.62,0.015312,118618.0,102373.875
002055,2026-03-25,5.62,0.044610000000000004,278704.09,154089.174
002056,2026-03-25,21.94,0.015741,392906.26,862343.863
002057,2026-03-25,9.2,0.019956,152964.07,140291.873
002058,2026-03-25,20.83,0.049899,14388.25,29565.906
002059,2026-03-25,5.02,0.030801,161190.67,80025.488
002060,2026-03-25,4.1,0.032746,643394.16,262078.289
002061,2026-03-25,3.89,0.020997,331752.43,128626.419
002062,2026-03-25,7.52,0.014844999999999999,193155.0,145011.429
002063,2026-03-25,7.11,0.002821,960385.49,683058.234
002064,2026-03-25,9.94,0.01636,485300.22,486342.139
002065,2026-03-25,8.13,0.017522,378356.44,307729.331
002066,2026-03-25,19.33,0.013103,31450.06,60992.848
002067,2026-03-25,5.19,-0.0038390000000000004,568586.73,294699.684
002068,2026-03-25,8.54,0.010650999999999999,199467.57,169634.792
002069,2026-03-25,3.67,0.028010999999999998,145900.0,53067.08
002072,2026-03-25,7.21,0.016925,40483.44,29137.344
002073,2026-03-25,7.1,0.015737,196901.18,139908.733
002074,2026-03-25,37.2,0.001616,371963.94,1383140.951
002075,2026-03-25,4.85,0.016771,276274.85,133255.706
002076,2026-03-25,2.06,0.05102,231484.3,46823.228
002077,2026-03-25,17.03,0.025286,419026.86,709804.738
002078,2026-03-25,14.93,0.016338,164845.06,245012.421
002079,2026-03-25,9.68,0.0031090000000000002,231145.97,223771.848
002080,2026-03-25,41.19,0.022084000000000003,363084.15,1512998.766
002081,2026-03-25,3.35,0.015152,247482.02,82766.97
002082,2026-03-25,21.52,0.087418,392997.16,836231.881
002083,2026-03-25,11.16,0.018248,623101.26,689083.646
002084,2026-03-25,3.89,0.015666,184405.82,71355.382
002085,2026-03-25,14.39,0.008409,232069.92,334300.069
002086,2026-03-25,2.16,0.018868,661814.0,141994.153
002088,2026-03-25,10.03,0.029774,44497.45,44280.518
002090,2026-03-25,11.17,0.019160999999999997,78352.0,87315.123
002091,2026-03-25,9.17,0.013260000000000001,255561.43,232757.496
002092,2026-03-25,7.06,-0.031549999999999995,1069391.51,746265.235
002093,2026-03-25,9.64,0.019027000000000002,134591.1,129295.494
002094,2026-03-25,6.58,0.018576,145806.04,95303.185
002095,2026-03-25,16.81,0.012041,34139.46,57358.007
002096,2026-03-25,12.8,0.030596,94820.72,120822.208
002097,2026-03-25,9.95,0.011179,148139.03,146986.083
002098,2026-03-25,9.06,0.023729,32907.0,29571.743
002099,2026-03-25,6.94,0.008721,250954.28,173242.977
002100,2026-03-25,7.15,0.008463,262701.32,187480.463
002101,2026-03-25,11.03,0.011927,47832.11,52701.015
002102,2026-03-25,3.17,0.016026,476977.95,150693.397
002103,2026-03-25,8.35,0.018293,52863.0,43961.653
002104,2026-03-25,15.79,0.017397,182280.15,286745.981
002105,2026-03-25,6.51,0.021978,85508.0,55406.941
002106,2026-03-25,11.19,0.020055,139507.2,156162.794
002107,2026-03-25,6.27,0.01129,93211.92,58412.976
002108,2026-03-25,4.56,0.020134,374374.29,169186.748
002109,2026-03-25,4.49,0.013544,1135005.62,496009.85
002110,2026-03-25,3.93,0.028796,271897.9,105152.043
002111,2026-03-25,9.54,0.024704999999999998,83493.25,79195.389
002112,2026-03-25,24.21,0.022382,513865.52,1236249.9
002114,2026-03-25,8.61,0.011751000000000001,123271.0,106203.206
002115,2026-03-25,12.02,0.022109,326969.86,392677.374
002116,2026-03-25,10.26,0.014837,60121.42,61376.218
002117,2026-03-25,10.43,0.005786,60717.86,63239.366
002119,2026-03-25,20.72,0.019183,202612.94,420647.178
002120,2026-03-25,6.64,0.031056,290770.15,191482.034
002121,2026-03-25,8.49,0.003546,409646.54,347636.254
002122,2026-03-25,2.85,0.017857,204259.03,57857.765
002123,2026-03-25,10.3,0.021825,171043.42,175712.347
002124,2026-03-25,2.39,0.025751,399045.07,94559.844
002125,2026-03-25,13.21,0.012261,245516.04,321295.607
002126,2026-03-25,44.54,0.061487,260728.42,1162231.181
002127,2026-03-25,2.8,0.018182,257399.28,71647.876
002128,2026-03-25,30.17,0.017538,187810.14,562764.259
002129,2026-03-25,9.64,-0.0051600000000000005,1186632.79,1151482.175
002130,2026-03-25,24.62,0.038819,533124.51,1305050.38
002131,2026-03-25,7.71,0.039084,4866068.74,3728532.143
002132,2026-03-25,3.79,0.021563,309243.0,116730.352
002133,2026-03-25,3.5,0.032448000000000005,195730.2,67820.393
002134,2026-03-25,20.1,-0.011313,95312.27,193415.725
002135,2026-03-25,7.15,0.07518799999999999,443382.69,313419.589
002136,2026-03-25,12.46,0.003221,75228.24,93573.51
002137,2026-03-25,8.29,0.0036320000000000002,185190.27,153946.907
002138,2026-03-25,35.67,0.023529,178939.72,641557.135
002139,2026-03-25,12.6,0.008,147193.12,185429.652
002140,2026-03-25,13.29,0.009112,166734.22,219367.157
002141,2026-03-25,3.74,0.024658000000000003,233030.0,86902.338
002142,2026-03-25,30.35,0.010656,120050.83,362131.666
002144,2026-03-25,14.56,0.028975,52253.0,76243.351
002145,2026-03-25,4.78,0.014862,502481.28,239727.168
002146,2026-03-25,1.48,0.02069,1088729.0,159340.854
002148,2026-03-25,7.52,0.017591000000000002,74068.3,55524.55
002149,2026-03-25,42.49,0.021886000000000003,462198.38,1988739.027
002150,2026-03-25,39.05,0.054265999999999995,775735.69,2881654.862
002151,2026-03-25,38.29,0.009225,242272.05,931662.012
002152,2026-03-25,11.81,0.0068200000000000005,220149.56,261385.562
002153,2026-03-25,10.31,0.018775,199851.21,205902.678
002154,2026-03-25,3.66,0.016667,173699.3,63236.624
002155,2026-03-25,28.93,0.022623,968481.62,2832056.86
002156,2026-03-25,43.52,0.034221,613786.62,2667506.949
002157,2026-03-25,3.09,0.003247,1285174.11,399292.191
002158,2026-03-25,23.15,0.010476000000000001,52359.53,121447.31
002159,2026-03-25,19.33,0.013103,36270.0,70381.951
002160,2026-03-25,4.96,0.042017,359449.26,176205.785
002161,2026-03-25,7.6,0.049724000000000004,380496.01,289271.216
002162,2026-03-25,4.73,0.048780000000000004,437347.74,206718.134
002163,2026-03-25,13.08,0.023474,261004.64,337934.835
002164,2026-03-25,12.27,0.047821999999999996,165391.68,204354.316
002165,2026-03-25,10.33,0.024802,1184148.62,1204055.237
002166,2026-03-25,8.58,0.0070420000000000005,81961.76,70263.898
002167,2026-03-25,12.23,0.016625,285588.97,349692.383
002168,2026-03-25,4.07,0.02005,59739.01,24147.489
002169,2026-03-25,14.41,0.036691,279103.45,399605.348
002170,2026-03-25,12.9,0.020569999999999998,306581.66,391825.663
002171,2026-03-25,10.93,0.016744000000000002,310363.47,338884.198
002172,2026-03-25,3.91,0.018229,155445.22,60432.29
002173,2026-03-25,25.86,0.010551,301680.77,778116.127
002174,2026-03-25,9.46,0.020496,169327.07,159802.861
002175,2026-03-25,3.29,0.015432,450036.77,147390.222
002176,2026-03-25,9.34,0.017429,517041.38,479837.643
002177,2026-03-25,7.79,0.011688,626332.66,487681.481
002178,2026-03-25,6.19,0.014754,157247.0,96890.579
002179,2026-03-25,33.73,0.020575,200900.05,675515.315
002180,2026-03-25,17.44,0.000574,168846.17,294337.861
002181,2026-03-25,11.69,0.050314,847134.44,980709.243
002182,2026-03-25,15.75,0.020739,257099.05,404604.407
002183,2026-03-25,5.49,0.014787,1541478.83,844644.392
002184,2026-03-25,11.56,0.014034999999999999,47692.95,55009.465
002185,2026-03-25,12.66,0.025932,963698.16,1218450.176
002186,2026-03-25,10.41,0.027641,42668.35,44108.314
002187,2026-03-25,6.43,0.025518,113929.29,72515.409
002188,2026-03-25,6.68,0.035659,142500.01,94335.615
002189,2026-03-25,20.33,0.045244,71784.88,143052.776
002190,2026-03-25,32.4,0.07001299999999999,124241.96,390709.929
002191,2026-03-25,3.66,0.005495,119619.06,43763.012
002192,2026-03-25,64.46,0.1,381633.13,2447530.93
002193,2026-03-25,6.23,0.01964,110280.02,68251.428
002194,2026-03-25,10.54,0.022307999999999998,202915.33,213677.902
002195,2026-03-25,9.21,0.0032679999999999996,2309704.66,2132850.778
002196,2026-03-25,13.7,0.018587,197465.31,269504.395
002197,2026-03-25,8.45,0.061558,322628.53,273122.202
002198,2026-03-25,7.63,0.011936,122251.15,92334.611
002199,2026-03-25,7.68,0.050616,10952.01,8343.376
002200,2026-03-25,7.76,0.038822,36411.1,27844.692
002201,2026-03-25,11.0,0.031895,168452.32,185044.088
002202,2026-03-25,28.31,0.026468,1977757.95,5607516.975
002203,2026-03-25,13.1,0.042164,321771.8,422183.44
002204,2026-03-25,6.58,0.020155,277831.28,182241.6
002205,2026-03-25,13.13,0.028997000000000002,28396.0,37063.799
002206,2026-03-25,6.13,0.016584,172698.14,105905.845
002207,2026-03-25,9.87,0.013347,289055.07,279837.018
002208,2026-03-25,13.02,0.009302,384124.63,501689.842
002209,2026-03-25,14.52,0.023256000000000002,49144.1,71509.986
002210,2026-03-25,2.81,0.025547,596387.68,166043.663
002211,2026-03-25,3.65,0.048851000000000006,95586.0,34509.653
002212,2026-03-25,7.63,0.010596000000000001,206701.82,157981.548
002213,2026-03-25,29.58,0.006464999999999999,249042.64,740232.395
002214,2026-03-25,18.31,0.049885,41833.12,75582.591
002215,2026-03-25,10.32,0.044534000000000004,180441.14,184225.57
002216,2026-03-25,11.98,0.024808,83680.1,99560.726
002217,2026-03-25,2.48,0.042017,2115163.42,520356.204
002218,2026-03-25,7.3,0.0068969999999999995,4739972.02,3512857.873
002219,2026-03-25,2.33,0.026432,763845.63,177131.976
002221,2026-03-25,8.88,-0.028446,355763.16,316868.522
002222,2026-03-25,67.35,0.039512,426715.46,2907492.847
002223,2026-03-25,34.44,0.02105,73741.11,253783.465
002224,2026-03-25,4.83,0.029851000000000003,375160.0,179297.863
002225,2026-03-25,5.24,0.001912,246674.42,129455.115
002226,2026-03-25,5.53,0.012821,218718.59,120515.819
002227,2026-03-25,9.31,0.015267,44062.0,40992.663
002228,2026-03-25,3.9,0.023622,234307.32,90534.283
002229,2026-03-25,18.62,0.059760999999999995,972828.68,1790167.149
002230,2026-03-25,47.57,0.015802,342096.09,1626959.072
002232,2026-03-25,17.16,0.022646000000000003,35882.6,61297.385
002233,2026-03-25,9.25,0.0,108674.48,100779.429
002234,2026-03-25,8.2,0.016109,84394.33,69065.224
002235,2026-03-25,10.22,0.017928,332171.32,338309.604
002236,2026-03-25,16.93,0.016206,228740.72,385838.984
002237,2026-03-25,14.51,0.013975999999999999,483317.67,709254.573
002238,2026-03-25,7.41,0.026316000000000003,74524.56,54999.669
002239,2026-03-25,3.03,0.037671,987331.63,295208.276
002240,2026-03-25,36.15,0.005563,484917.96,1743999.533
002241,2026-03-25,23.33,0.036889,887889.06,2055581.854
002242,2026-03-25,10.09,0.020222000000000004,70689.94,70734.264
002243,2026-03-25,9.18,0.011013,125678.44,115612.803
002244,2026-03-25,9.93,0.0030299999999999997,194684.02,193111.211
002245,2026-03-25,17.32,-0.014790000000000001,475337.38,827533.349
002246,2026-03-25,25.14,0.036701000000000004,289165.67,717192.154
002247,2026-03-25,2.9,0.043164999999999995,321631.0,92315.048
002248,2026-03-25,12.33,0.007352999999999999,136107.01,168302.562
002249,2026-03-25,9.34,0.004301,359769.4,336154.057
002250,2026-03-25,15.26,0.032476,146120.49,222598.145
002251,2026-03-25,4.34,0.016393,611525.77,263849.342
002252,2026-03-25,5.86,0.0051459999999999995,183072.26,107187.829
002253,2026-03-25,11.35,0.049954,51497.5,57431.889
002254,2026-03-25,10.6,0.022179,181278.61,192178.485
002255,2026-03-25,11.24,0.009883,223568.0,251465.764
002256,2026-03-25,4.76,-0.022587000000000003,4596946.54,2207145.817
002258,2026-03-25,14.8,0.028492000000000003,137484.37,202600.33
002259,2026-03-25,5.24,0.0038309999999999998,231049.02,121351.386
002261,2026-03-25,35.72,0.021446999999999997,1099773.88,3938092.975
002262,2026-03-25,21.73,0.0041589999999999995,60132.08,130303.159
002263,2026-03-25,3.36,0.030674999999999997,447281.48,148923.13
002264,2026-03-25,8.35,0.019536,167598.0,138942.924
002265,2026-03-25,23.99,0.08111800000000001,405814.86,936418.685
002266,2026-03-25,4.28,0.016627,630272.36,268878.443
002267,2026-03-25,8.01,0.007547000000000001,179777.88,142471.107
002268,2026-03-25,16.93,0.010746,107429.97,182004.94
002269,2026-03-25,1.72,0.02994,716635.33,121394.084
002270,2026-03-25,27.7,0.028593,220486.88,614239.96
002271,2026-03-25,15.4,0.012492000000000001,425121.47,657882.207
002272,2026-03-25,16.75,-0.002976,445561.27,753070.842
002273,2026-03-25,24.21,0.0168,331367.41,805756.064
002274,2026-03-25,6.34,-0.007825,264370.5,167159.052
002275,2026-03-25,13.95,0.005043,21144.75,29503.238
002276,2026-03-25,14.29,0.016357999999999998,202174.45,287703.506
002277,2026-03-25,6.18,0.0,182731.13,112818.633
002278,2026-03-25,11.47,0.01865,139938.01,159548.379
002279,2026-03-25,8.26,0.014742,238168.4,196529.689
002281,2026-03-25,86.45,0.082384,751891.85,6384928.539
002282,2026-03-25,6.91,0.013196000000000001,86762.6,59643.271
002283,2026-03-25,9.15,0.022345999999999998,342567.5,316299.76
002284,2026-03-25,14.31,0.022143000000000003,105886.46,150468.762
002285,2026-03-25,3.17,0.009554,605160.8,191074.478
002286,2026-03-25,9.68,0.027601,72782.0,69981.635
002287,2026-03-25,22.55,0.0071460000000000004,21539.23,48429.468
002289,2026-03-25,26.09,-0.0015310000000000002,17162.28,44884.468
002290,2026-03-25,61.0,0.058844,57103.0,347857.262
002291,2026-03-25,6.5,0.015625,249333.69,161440.184
002292,2026-03-25,7.79,0.031788,308806.82,239943.216
002293,2026-03-25,9.88,0.021717,71240.8,69798.786
002294,2026-03-25,57.05,0.018205,61827.29,353040.136
002295,2026-03-25,10.6,0.026137,55756.0,59139.062
002296,2026-03-25,11.23,0.018132,176228.51,197520.595
002297,2026-03-25,10.7,0.013258,175042.57,186832.922
002298,2026-03-25,12.48,0.016287,1119515.8,1396965.541
002299,2026-03-25,16.87,0.014432,94599.01,159137.431
002300,2026-03-25,9.93,0.034375,654731.46,638426.416
002301,2026-03-25,7.01,0.027859,130552.6,90596.314
002302,2026-03-25,5.91,0.033216999999999997,189324.65,111371.783
002303,2026-03-25,3.64,0.011111,231014.0,83517.128
002304,2026-03-25,50.02,0.006641,34461.15,171850.521
002305,2026-03-25,2.09,0.034653,148235.0,30648.269
002306,2026-03-25,2.21,0.032709999999999996,146070.0,32073.753
002307,2026-03-25,4.74,0.044053,513713.14,240198.067
002309,2026-03-25,5.07,0.09978300000000001,10974234.17,5368929.441
002310,2026-03-25,3.8,0.0026390000000000003,9009012.56,3433455.949
002311,2026-03-25,52.48,0.008843,62580.58,327328.822
002312,2026-03-25,11.54,0.022143000000000003,571965.69,656542.615
002313,2026-03-25,8.82,0.026775000000000004,59387.51,52178.081
002314,2026-03-25,2.53,0.020161,302933.01,76170.321
002315,2026-03-25,39.37,0.006647999999999999,67504.0,266198.465
002316,2026-03-25,5.49,0.055769,658837.0,362832.604
002317,2026-03-25,17.62,0.008586,128700.51,226065.219
002318,2026-03-25,30.63,0.024415,90424.78,278942.309
002319,2026-03-25,11.5,-0.0008690000000000001,57849.2,67123.592
002320,2026-03-25,9.09,0.013378000000000001,162432.52,146500.772
002321,2026-03-25,2.17,0.023585,315667.0,67894.491
002322,2026-03-25,14.51,0.012561,91244.78,132949.244
002323,2026-03-25,2.71,0.034351,4775121.35,1297222.683
002324,2026-03-25,14.87,0.02481,188460.0,279591.214
002326,2026-03-25,22.19,0.016957,400575.56,874290.341
002327,2026-03-25,6.82,0.010369999999999999,44607.6,30249.366
002328,2026-03-25,6.76,0.04644,423561.95,284323.075
002329,2026-03-25,4.1,-0.004854,499237.01,203324.894
002330,2026-03-25,4.66,0.015250999999999999,122010.0,56451.982
002331,2026-03-25,8.07,0.010013000000000001,58542.0,47298.137
002332,2026-03-25,8.75,0.0057469999999999995,74235.5,64882.885
002333,2026-03-25,5.46,0.0055249999999999995,78252.0,42623.044
002334,2026-03-25,8.47,0.04182,338395.88,283017.735
002335,2026-03-25,61.14,0.037502,279863.18,1707678.46
002337,2026-03-25,6.09,0.016694,75195.0,45726.02
002338,2026-03-25,49.01,0.024671,31550.52,154159.374
002339,2026-03-25,11.56,0.0069689999999999995,630774.33,726707.147
002340,2026-03-25,7.96,0.020513,1671444.14,1324773.435
002342,2026-03-25,12.01,0.010943000000000001,508423.84,610227.219
002343,2026-03-25,6.31,0.014469000000000001,99430.29,62630.37
002344,2026-03-25,4.45,0.030093,136066.0,59999.59
002345,2026-03-25,10.37,0.007775,196971.6,204573.959
002346,2026-03-25,19.07,0.006864,37211.42,70765.446
002347,2026-03-25,8.28,0.019704,124316.0,102564.257
002348,2026-03-25,7.51,0.021768999999999997,169412.15,125940.188
002349,2026-03-25,7.02,0.005731000000000001,134540.75,93857.298
002350,2026-03-25,15.19,0.009973,809991.64,1245426.57
002351,2026-03-25,10.83,0.013096000000000002,47273.7,51117.923
002352,2026-03-25,36.43,0.020162,182409.98,659254.63
002353,2026-03-25,100.31,0.013231999999999999,277310.97,2847965.578
002354,2026-03-25,5.73,0.012367,562184.8,321619.116
002355,2026-03-25,7.09,0.014306000000000001,316138.08,224362.443
002356,2026-03-25,3.65,0.002747,466086.7,169967.736
002357,2026-03-25,14.46,0.06873599999999999,163792.62,233125.176
002358,2026-03-25,7.83,0.003846,499622.2,392015.026
002360,2026-03-25,6.56,0.018633999999999998,236386.93,154747.031
002361,2026-03-25,11.27,0.015315,510927.42,576381.729
002362,2026-03-25,18.81,0.014015999999999999,36272.76,68047.263
002363,2026-03-25,7.93,0.011479999999999999,59627.6,47208.106
002364,2026-03-25,29.9,0.029613999999999998,259276.04,774077.749
002365,2026-03-25,13.37,0.0030009999999999998,43973.0,58792.18
002366,2026-03-25,7.97,0.050066,1389146.02,1097536.772
002367,2026-03-25,7.52,0.01897,57627.5,43166.958
002368,2026-03-25,19.9,0.027892999999999998,75083.22,149767.484
002369,2026-03-25,7.18,0.022792,117225.05,83655.638
002370,2026-03-25,6.29,0.02443,154533.03,96763.541
002371,2026-03-25,464.2,0.045495,87336.51,4041525.504
002372,2026-03-25,11.06,0.012821,116647.43,129248.324
002373,2026-03-25,9.75,0.010363,198004.56,193012.214
002374,2026-03-25,3.33,0.018349,197292.4,65383.063
002375,2026-03-25,3.89,0.018325,137667.0,53299.902
002376,2026-03-25,6.93,0.013158000000000001,106084.9,73410.315
002377,2026-03-25,3.46,0.042169,288069.0,98271.134
002378,2026-03-25,32.13,-0.014114999999999999,813962.59,2636070.069
002379,2026-03-25,26.23,0.025009999999999998,231549.19,611561.844
002380,2026-03-25,32.5,0.030111,82963.0,270019.665
002381,2026-03-25,6.42,0.015823,71381.5,45704.698
002382,2026-03-25,7.85,0.001276,422530.34,330440.344
002383,2026-03-25,9.65,0.013654999999999999,147169.79,141288.165
002384,2026-03-25,108.21,0.006417000000000001,812182.62,9031848.95
002385,2026-03-25,3.92,0.010308999999999999,920199.0,359226.132
002386,2026-03-25,5.71,0.026978,296544.29,167844.581
002387,2026-03-25,7.86,0.012887,110181.7,86345.538
002388,2026-03-25,5.01,0.022449,164011.0,82199.413
002389,2026-03-25,22.62,0.042396,496741.22,1097797.533
002390,2026-03-25,3.14,0.012903,271434.32,84720.561
002391,2026-03-25,6.09,0.032203,94099.4,56769.477
002392,2026-03-25,6.92,0.014662999999999999,91091.03,62642.517
002393,2026-03-25,23.23,0.074965,121413.9,279356.554
002394,2026-03-25,13.97,0.058333,138332.0,191420.507
002395,2026-03-25,18.3,0.038003,64412.0,116916.998
002396,2026-03-25,27.61,0.042674000000000004,182942.44,503799.125
002397,2026-03-25,3.88,0.013055,150268.0,58128.268
002398,2026-03-25,5.15,0.023857,135525.48,69302.284
002399,2026-03-25,10.77,0.004664,37171.38,40093.505
002400,2026-03-25,8.66,0.022431999999999997,513583.71,442704.754
002401,2026-03-25,15.06,0.025886,34360.13,51551.309
002402,2026-03-25,29.87,0.032492,265051.63,787161.584
002403,2026-03-25,10.64,0.010446,30750.2,32739.282
002404,2026-03-25,6.67,0.01214,71159.0,47077.407
002405,2026-03-25,10.18,0.007921000000000001,1243915.5,1280672.808
002406,2026-03-25,7.11,0.008511,227663.0,161724.375
002407,2026-03-25,26.58,0.017222,539090.9,1414127.186
002408,2026-03-25,5.71,0.0,404935.97,230954.758
002409,2026-03-25,82.72,0.047751999999999996,127266.8,1057051.509
002410,2026-03-25,11.37,0.004417,313958.13,357396.493
002412,2026-03-25,6.4,0.006289,94930.25,60706.511
002413,2026-03-25,12.83,0.020684,943182.14,1202920.864
002414,2026-03-25,13.17,0.022515999999999998,363939.96,477612.95
002415,2026-03-25,30.78,0.016513,315977.27,968493.465
002416,2026-03-25,12.51,0.031327,307648.99,383402.492
002418,2026-03-25,4.6,0.10047800000000001,898262.03,406271.821
002419,2026-03-25,5.56,0.041199000000000006,237025.53,129917.16
002420,2026-03-25,7.33,0.022315,110613.0,80462.191
002421,2026-03-25,2.68,0.015152,406331.6,108606.796
002422,2026-03-25,33.18,0.0063690000000000005,116750.52,387850.629
002423,2026-03-25,10.94,0.000915,266426.38,290187.613
002424,2026-03-25,4.86,0.036247,154135.0,73990.429
002425,2026-03-25,3.37,0.01506,120153.0,40370.463
002426,2026-03-25,3.81,0.024194,2147829.35,828059.3
002427,2026-03-25,6.46,-0.0015459999999999998,271574.21,175138.491
002428,2026-03-25,48.43,0.08441599999999999,1281353.34,6171335.251
002429,2026-03-25,9.8,0.041444999999999996,1203829.79,1180357.935
002430,2026-03-25,27.72,-0.001441,146127.72,403031.196
002431,2026-03-25,2.8,0.029411999999999997,581219.29,161158.638
002432,2026-03-25,63.7,0.046836,438356.43,2768761.639
002434,2026-03-25,8.04,0.032092,190450.61,151158.712
002436,2026-03-25,21.1,0.010053000000000001,497398.56,1058100.073
002437,2026-03-25,3.18,0.022508,423053.93,133954.229
002438,2026-03-25,16.63,0.028448,120057.39,200129.071
002439,2026-03-25,13.55,0.009687,107246.38,145014.432
002440,2026-03-25,11.27,0.022686,302521.6,341618.985
002441,2026-03-25,9.95,0.025773,111356.16,110270.069
002442,2026-03-25,5.83,-0.0034189999999999997,84585.19,49488.255
002443,2026-03-25,8.74,0.006912000000000001,143406.95,126336.381
002444,2026-03-25,30.74,0.033972,177831.72,545093.756
002445,2026-03-25,4.27,0.046569,5196317.55,2172835.75
002446,2026-03-25,9.64,0.021185999999999997,260816.0,251049.265
002448,2026-03-25,14.39,0.042754,271918.9,396061.878
002449,2026-03-25,8.12,0.025253,192383.87,155694.263
002451,2026-03-25,10.01,0.015213,124564.42,124155.094
002452,2026-03-25,10.84,0.014032,269557.91,292457.858
002453,2026-03-25,5.47,0.001832,100614.0,54897.928
002454,2026-03-25,8.23,0.030038,80247.4,65729.906
002455,2026-03-25,12.47,0.039167,1089887.68,1331063.61
002456,2026-03-25,8.89,0.021839,563140.11,499360.738
002457,2026-03-25,11.09,0.006352,129675.98,143984.757
002458,2026-03-25,9.12,-0.0032790000000000002,129569.38,118564.288
002459,2026-03-25,12.3,-0.004049,1151061.3,1418797.746
002460,2026-03-25,70.63,0.020516999999999997,633043.31,4436074.704
002461,2026-03-25,9.55,0.030205000000000003,95342.8,89794.027
002462,2026-03-25,14.22,0.014988999999999999,32217.0,45608.464
002463,2026-03-25,82.52,0.002795,909747.56,7578022.625
002465,2026-03-25,14.66,0.015235,565803.31,828420.117
002466,2026-03-25,53.46,0.035445000000000004,538316.56,2849212.339
002467,2026-03-25,7.38,0.099851,1296524.3,947534.02
002468,2026-03-25,14.27,0.068114,431569.22,603828.602
002469,2026-03-25,8.94,0.011312,162625.5,144714.466
002470,2026-03-25,2.93,0.010345,3821955.7,1107662.252
002471,2026-03-25,7.96,0.007594999999999999,1002816.22,802328.007
002472,2026-03-25,36.67,0.0060360000000000006,141195.46,519686.046
002474,2026-03-25,7.84,0.018182,160437.0,125325.789
002475,2026-03-25,50.97,0.099914,2608861.46,13043880.637
002476,2026-03-25,5.82,0.037433,160395.0,91921.602
002478,2026-03-25,11.06,0.015611,396596.15,442534.201
002479,2026-03-25,5.92,0.100372,320830.51,184816.075
002480,2026-03-25,6.35,0.027507999999999998,170043.81,106908.85
002481,2026-03-25,4.58,0.020045,97450.0,44343.015
002482,2026-03-25,1.74,0.048193,959445.2,164731.575
002483,2026-03-25,7.0,0.029411999999999997,107217.01,74410.836
002484,2026-03-25,27.47,0.030769,214251.79,587105.512
002485,2026-03-25,4.87,0.049569,70860.9,33697.387
002486,2026-03-25,2.95,0.042403,365880.0,107186.726
002487,2026-03-25,73.24,-0.001908,225812.44,1656267.459
002488,2026-03-25,11.58,0.020264,131285.04,152217.877
002489,2026-03-25,3.38,0.015015,233055.0,78234.257
002490,2026-03-25,9.97,-0.027317,871229.32,854143.432
002491,2026-03-25,11.4,0.100386,412810.85,465162.872
002492,2026-03-25,7.49,0.023224,118893.58,90478.842
002493,2026-03-25,11.95,0.047327,908924.42,1085577.455
002494,2026-03-25,5.27,0.025292,144634.0,76037.556
002495,2026-03-25,2.63,0.035433,261061.6,67965.669
002496,2026-03-25,1.86,0.021978,390688.27,72483.976
002497,2026-03-25,21.92,-0.001367,441103.42,968032.463
002498,2026-03-25,9.02,0.025,3878422.29,3556460.182
002500,2026-03-25,5.6,0.020036,259847.58,144841.713
002501,2026-03-25,1.87,0.016304,736537.0,136353.4
002506,2026-03-25,5.79,-0.013629,11747890.49,6837447.228
002507,2026-03-25,12.52,0.0016,106286.51,133123.97
002508,2026-03-25,20.17,-0.003458,53677.0,108266.243
002510,2026-03-25,7.13,0.02886,423767.38,300393.722
002511,2026-03-25,8.26,0.012255,130671.0,107993.822
002512,2026-03-25,3.98,0.005051,951264.22,377469.7
002513,2026-03-25,6.37,0.011111,93250.0,59171.019
002514,2026-03-25,4.81,0.012632,136899.31,65394.603
002515,2026-03-25,5.83,0.019231,182471.06,106993.934
002516,2026-03-25,5.65,0.014362999999999999,128256.61,72507.413
002517,2026-03-25,18.2,0.024198,466118.29,852214.868
002518,2026-03-25,46.68,0.038256,119137.53,553690.881
002519,2026-03-25,8.23,0.039141,1411740.19,1144437.607
002520,2026-03-25,5.75,0.015901000000000002,397862.09,227721.871
002521,2026-03-25,8.02,0.005013,45682.0,36431.52
002522,2026-03-25,5.65,0.060038,599625.3,339060.762
002523,2026-03-25,4.03,0.012563,218316.48,87710.868
002524,2026-03-25,4.32,0.006993,143812.06,62124.56
002526,2026-03-25,3.37,0.012012,299894.89,100831.282
002527,2026-03-25,13.76,0.011765000000000001,61125.84,83977.828
002528,2026-03-25,3.52,0.050746,82158.55,28682.211
002529,2026-03-25,7.2,0.035971,41995.0,29887.538
002530,2026-03-25,8.84,0.013761,139178.0,122525.191
002531,2026-03-25,11.26,0.000889,504239.21,569077.069
002532,2026-03-25,15.79,0.019367000000000002,636887.61,1016625.302
002533,2026-03-25,14.41,0.050292,263808.1,378990.259
002534,2026-03-25,16.98,0.033475000000000005,132881.98,224861.213
002535,2026-03-25,3.59,0.025714,121893.3,43431.977
002536,2026-03-25,30.71,0.048838999999999994,384193.39,1167516.709
002537,2026-03-25,7.96,0.033766,559476.89,443490.073
002538,2026-03-25,7.0,0.021898,128424.98,89302.676
002539,2026-03-25,14.3,0.043796,313778.89,444020.339
002540,2026-03-25,6.37,0.017572,135552.0,85988.458
002541,2026-03-25,20.66,0.016232,93750.4,194302.219
002542,2026-03-25,3.01,0.027304,203811.5,60848.163
002543,2026-03-25,9.43,0.037404,244890.57,225745.58
002544,2026-03-25,25.76,0.0035060000000000004,107587.47,278521.71
002545,2026-03-25,22.81,0.029796999999999997,198013.33,456414.747
002546,2026-03-25,9.52,0.0063419999999999995,437464.0,417255.735
002547,2026-03-25,3.43,0.039394,306786.24,104054.143
002548,2026-03-25,5.63,0.044527000000000004,300025.8,165748.221
002549,2026-03-25,17.97,0.000557,291793.46,523365.369
002550,2026-03-25,7.16,-0.0013950000000000002,119925.0,86050.816
002551,2026-03-25,3.55,0.020114999999999997,124346.64,44000.566
002552,2026-03-25,16.23,0.031786,84938.0,138136.905
002553,2026-03-25,24.18,0.032010000000000004,94394.0,225304.724
002554,2026-03-25,3.73,0.019126,426929.44,157587.473
002555,2026-03-25,21.86,0.018639,294106.12,640697.532
002556,2026-03-25,5.99,0.038128,251951.0,149716.498
002557,2026-03-25,21.23,0.025109,43337.92,91333.21
002558,2026-03-25,32.6,0.038547,361850.21,1176839.55
002559,2026-03-25,9.67,0.015756,199142.02,192785.203
002560,2026-03-25,9.79,0.020855000000000002,216394.78,210917.607
002561,2026-03-25,8.07,0.010013000000000001,38993.29,31289.074
002562,2026-03-25,6.01,0.0067,311637.2,186924.079
002563,2026-03-25,5.28,0.015385,130677.08,68593.608
002564,2026-03-25,6.61,0.007622,113497.0,74675.997
002565,2026-03-25,16.22,-0.040804,3128171.86,5191126.77
002566,2026-03-25,7.87,0.018111,62404.0,48861.042
002567,2026-03-25,4.05,0.007463,194272.15,78521.828
002568,2026-03-25,17.36,0.0046300000000000004,38787.58,67377.379
002569,2026-03-25,13.3,-0.044539999999999996,54157.0,74298.861
002570,2026-03-25,5.31,0.003781,324630.47,172060.899
002571,2026-03-25,11.44,0.0,78732.43,89332.179
002572,2026-03-25,12.68,0.0063490000000000005,54598.2,69188.057
002573,2026-03-25,3.9,0.029024,193642.0,74874.728
002574,2026-03-25,5.73,0.014159,82525.91,47162.755
002575,2026-03-25,8.8,0.023256000000000002,1063272.43,938740.811
002576,2026-03-25,18.55,0.012001999999999999,43100.0,79966.535
002577,2026-03-25,15.51,0.013725000000000001,17879.0,27724.364
002578,2026-03-25,3.85,0.034946000000000005,307830.0,117776.856
002579,2026-03-25,12.09,0.014261999999999999,332943.8,404245.594
002580,2026-03-25,15.54,0.099788,810629.98,1203528.141
002581,2026-03-25,7.46,0.008107999999999999,32944.0,24567.337
002582,2026-03-25,10.72,0.014191,108920.2,116346.515
002583,2026-03-25,9.98,0.016293,170736.76,170185.351
002584,2026-03-25,7.81,0.014286,117261.0,91354.789
002585,2026-03-25,6.97,0.021994,330603.51,231126.318
002586,2026-03-25,4.79,0.019149,64886.0,30870.986
002587,2026-03-25,6.91,0.028274,224614.36,154301.771
002588,2026-03-25,10.28,0.011811,201860.57,206126.57
002589,2026-03-25,3.03,0.016779,279008.35,83966.281
002590,2026-03-25,12.41,0.008943,61783.0,76653.36
002591,2026-03-25,7.06,0.030657,126362.4,89097.975
002592,2026-03-25,9.64,0.024442,40885.0,39394.104
002593,2026-03-25,5.41,0.030476,157211.0,83968.343
002594,2026-03-25,106.6,-0.000375,662664.89,7061311.678
002595,2026-03-25,86.24,0.010073,31816.06,276817.922
002596,2026-03-25,3.87,0.023809999999999998,271294.0,103797.576
002597,2026-03-25,22.81,0.062908,126128.89,284070.691
002598,2026-03-25,9.29,0.006501,71454.87,66580.59
002599,2026-03-25,7.14,0.021459000000000002,76196.5,54029.188
002600,2026-03-25,13.26,0.029502999999999998,938502.78,1240171.104
002601,2026-03-25,17.43,0.010435000000000002,223031.69,389907.46
002602,2026-03-25,16.32,0.021277,819567.37,1330582.975
002603,2026-03-25,16.1,0.0006219999999999999,97848.87,157790.755
002605,2026-03-25,20.78,0.014153,57516.01,118925.716
002606,2026-03-25,11.63,0.019281,212331.59,247098.229
002607,2026-03-25,2.69,0.042636,1939984.47,521548.491
002608,2026-03-25,8.66,0.035885,444979.94,382143.042
002609,2026-03-25,8.49,0.010714,81866.65,69486.738
002611,2026-03-25,17.06,0.001762,289539.85,493187.556
002612,2026-03-25,16.62,0.012797000000000001,50607.04,83486.555
002613,2026-03-25,3.89,0.020997,176882.8,68422.641
002614,2026-03-25,6.23,0.011364,84274.0,52236.348
002615,2026-03-25,7.65,0.014589000000000001,87815.0,66914.736
002616,2026-03-25,6.72,0.056604,810186.83,538468.105
002617,2026-03-25,7.78,0.023683999999999997,580826.15,449751.776
002620,2026-03-25,7.89,0.050599,38031.0,30006.459
002622,2026-03-25,2.72,0.022556,176018.06,47871.906
002623,2026-03-25,23.07,-0.0064600000000000005,75895.0,175552.826
002624,2026-03-25,18.11,0.039013,428935.8,777750.011
002625,2026-03-25,40.08,0.023232,190508.02,760886.65
002626,2026-03-25,17.39,0.037589000000000004,123832.27,218513.034
002627,2026-03-25,8.37,0.042341,216125.0,180506.111
002628,2026-03-25,5.05,0.014055999999999999,265904.0,132863.282
002629,2026-03-25,6.56,0.06840399999999999,370888.13,238189.084
002630,2026-03-25,2.14,0.04902,894091.63,184762.063
002631,2026-03-25,6.93,0.005806,258536.36,178660.361
002632,2026-03-25,12.64,0.025142,269475.18,341618.778
002633,2026-03-25,18.74,0.02854,31833.0,59213.773
002634,2026-03-25,6.91,0.083072,206998.92,139435.358
002635,2026-03-25,14.04,0.054054000000000005,187874.7,261999.636
002636,2026-03-25,31.4,0.013229999999999999,482764.19,1536625.821
002637,2026-03-25,11.53,-0.013687,226774.24,263215.034
002638,2026-03-25,4.21,0.039506,629400.5,261238.07
002639,2026-03-25,17.42,0.018713,490751.18,850295.096
002640,2026-03-25,3.57,0.025862,472510.0,166618.877
002641,2026-03-25,4.18,0.027027000000000002,127689.91,52969.315
002642,2026-03-25,7.69,0.015851999999999998,103040.01,78893.323
002643,2026-03-25,15.6,0.015625,101627.93,158326.198
002644,2026-03-25,8.38,0.004796,44219.0,36985.796
002645,2026-03-25,17.22,0.046809,388260.04,656972.777
002646,2026-03-25,8.08,0.018916,50720.46,40715.252
002647,2026-03-25,9.62,0.032189,148448.1,141659.087
002648,2026-03-25,25.74,-0.010761,764678.99,1937681.782
002649,2026-03-25,11.62,0.015733999999999998,97326.0,113271.696
002650,2026-03-25,6.62,-0.006006,134929.39,91710.46
002651,2026-03-25,9.58,0.031216,178659.47,169341.551
002652,2026-03-25,4.68,0.028571,438975.8,207073.673
002653,2026-03-25,50.78,0.00774,28183.37,143683.192
002654,2026-03-25,14.85,0.0,728355.97,1091964.191
002655,2026-03-25,17.69,0.005685,201096.81,353938.222
002656,2026-03-25,2.96,0.024221,125928.0,37002.606
002657,2026-03-25,22.8,0.01559,76689.58,175120.865
002658,2026-03-25,9.08,-0.004386,100453.0,91328.652
002659,2026-03-25,5.25,0.027397,120118.0,62707.373
002660,2026-03-25,8.68,0.006961,69018.0,60037.132
002661,2026-03-25,8.81,0.014977,28611.99,25131.473
002662,2026-03-25,3.74,0.016304,196314.75,72861.066
002663,2026-03-25,2.41,0.066372,961173.41,228278.938
002664,2026-03-25,20.13,0.037094,86930.51,173599.317
002666,2026-03-25,5.44,0.016822,125795.95,68311.429
002667,2026-03-25,27.87,0.001797,175904.56,492186.535
002668,2026-03-25,8.96,0.021665,108108.74,95954.348
002669,2026-03-25,12.45,0.017157,90012.86,111938.594
002670,2026-03-25,14.47,0.012596000000000001,161440.14,232805.744
002671,2026-03-25,5.5,0.024209,116426.0,63578.722
002672,2026-03-25,4.98,0.061834,218542.56,107447.005
002673,2026-03-25,7.28,0.00831,254589.87,185278.485
002674,2026-03-25,12.47,0.011354,21327.0,26549.762
002675,2026-03-25,12.78,0.005507,72747.0,93009.382
002676,2026-03-25,6.6,0.01072,113083.0,74332.309
002677,2026-03-25,7.97,-0.004994,57190.0,45609.871
002678,2026-03-25,5.18,0.023715,75912.75,39038.018
002679,2026-03-25,11.0,0.043643,53594.5,57972.975
002681,2026-03-25,5.4,0.005587,282414.14,152625.994
002682,2026-03-25,6.12,0.039049,411688.5,247052.504
002683,2026-03-25,38.9,0.028555999999999998,115050.8,446270.301
002685,2026-03-25,6.98,0.002874,467176.62,325069.625
002686,2026-03-25,7.12,0.033382,136358.87,95835.142
002687,2026-03-25,4.81,0.023403999999999998,115293.8,55114.622
002688,2026-03-25,5.86,0.013841000000000001,90253.75,52539.903
002689,2026-03-25,3.65,0.025280999999999998,140867.8,51272.675
002690,2026-03-25,18.1,0.013438,34992.9,63436.582
002691,2026-03-25,7.89,0.018065,53601.0,42063.317
002692,2026-03-25,5.44,0.016822,240180.0,130906.778
002693,2026-03-25,7.91,-0.002522,112288.0,88840.361
002694,2026-03-25,3.1,0.040268,211369.6,65506.452
002695,2026-03-25,10.73,0.016097999999999998,91352.97,97554.02
002696,2026-03-25,6.85,0.026987,105500.0,72149.456
002697,2026-03-25,5.42,0.018796999999999998,213611.67,114853.233
002698,2026-03-25,13.49,0.007468,103982.1,139921.277
002700,2026-03-25,6.81,0.019461,77154.0,52159.865
002701,2026-03-25,5.07,0.018071999999999998,233170.74,118068.506
002702,2026-03-25,5.74,0.034234,160366.54,90526.57
002703,2026-03-25,19.89,0.014277999999999999,357648.48,711471.734
002705,2026-03-25,13.43,0.041893,98292.13,130204.651
002706,2026-03-25,11.19,-0.008857,572961.16,641396.936
002707,2026-03-25,6.58,0.031348,193698.64,126203.421
002708,2026-03-25,11.82,0.022490999999999997,69880.08,82174.612
002709,2026-03-25,43.26,-0.004602,788086.1,3389200.009
002712,2026-03-25,5.25,0.023392,147185.0,76924.884
002713,2026-03-25,11.09,0.050189000000000004,256486.35,278415.913
002714,2026-03-25,44.52,0.023448000000000004,458320.56,2030698.094
002715,2026-03-25,15.38,0.031522,48284.0,73903.063
002716,2026-03-25,12.13,0.042096,2373229.04,2914922.009
002717,2026-03-25,1.68,0.018182,489474.05,81689.204
002718,2026-03-25,62.5,0.099965,21526.09,129076.704
002719,2026-03-25,9.25,0.036996,98170.0,90201.072
002721,2026-03-25,2.87,0.014134,360531.0,103275.777
002722,2026-03-25,14.22,0.01644,26784.24,37910.544
002723,2026-03-25,9.35,0.027473,119794.4,110444.24
002724,2026-03-25,7.05,0.002845,133538.0,94260.84
002725,2026-03-25,15.31,0.030976,92643.81,141435.835
002726,2026-03-25,3.39,0.008929,325564.56,109506.67
002727,2026-03-25,12.43,0.0056630000000000005,54996.24,68311.727
002728,2026-03-25,10.72,0.013233,129733.48,138737.994
002729,2026-03-25,20.45,0.079156,157382.47,316208.056
002730,2026-03-25,25.86,0.09995699999999999,329219.32,813867.4
002731,2026-03-25,7.31,0.015278,173180.9,126872.469
002732,2026-03-25,16.62,0.019007,19327.06,31969.779
002733,2026-03-25,27.29,-0.0036509999999999997,338581.12,923773.935
002734,2026-03-25,17.74,0.022477999999999998,205805.03,364508.688
002735,2026-03-25,14.71,0.011692000000000001,115554.3,169630.544
002736,2026-03-25,11.52,0.017668,311793.66,357588.473
002737,2026-03-25,12.13,0.004139,27734.0,33541.608
002738,2026-03-25,64.32,0.024857,364794.8,2342237.074
002739,2026-03-25,9.69,0.003106,264677.95,256881.502
002741,2026-03-25,18.1,0.015712999999999998,110314.01,199114.065
002742,2026-03-25,4.4,0.025640999999999997,28828.0,12640.328
002743,2026-03-25,5.43,0.007421,97764.0,52750.901
002745,2026-03-25,8.51,0.041616,316440.94,266003.097
002746,2026-03-25,5.88,0.012048000000000001,109002.76,63941.046
002747,2026-03-25,20.28,0.013493,112333.74,226961.919
002748,2026-03-25,11.48,0.010563,56457.0,64618.243
002749,2026-03-25,12.88,0.009404000000000001,17179.43,22056.854
002752,2026-03-25,6.14,0.021631,122176.0,74178.61
002753,2026-03-25,7.52,0.009396,79569.26,59805.617
002755,2026-03-25,14.25,0.015681,79461.4,112943.112
002756,2026-03-25,72.41,0.041271,228679.35,1614286.707
002757,2026-03-25,20.64,0.042950999999999996,117397.81,241786.682
002758,2026-03-25,9.7,0.018908,96956.34,93335.207
002759,2026-03-25,33.22,0.021839,410683.57,1340589.925
002760,2026-03-25,21.2,0.024155000000000003,43302.54,91648.534
002761,2026-03-25,8.53,0.10064500000000001,250285.12,207143.082
002762,2026-03-25,6.83,0.016369,21485.05,14499.659
002763,2026-03-25,7.47,0.016327,52863.04,39300.521
002765,2026-03-25,10.16,0.013972,97933.05,99165.62
002766,2026-03-25,5.01,0.016227000000000002,146926.0,73238.493
002767,2026-03-25,20.8,0.0,25145.5,52627.636
002768,2026-03-25,49.55,0.013500000000000002,42111.0,208595.414
002769,2026-03-25,11.13,0.009982,82468.11,91174.824
002771,2026-03-25,16.93,0.10006500000000002,229930.11,376731.97
002772,2026-03-25,16.57,-0.007784,171918.1,289448.22
002773,2026-03-25,25.52,0.0023569999999999997,33757.61,86320.022
002774,2026-03-25,10.81,0.013121,48809.0,52958.117
002775,2026-03-25,4.24,0.026634,111623.0,46982.162
002777,2026-03-25,16.88,0.005959,61857.6,104362.165
002778,2026-03-25,19.5,0.004637,25111.0,49014.874
002779,2026-03-25,88.35,0.019266000000000002,22543.38,197732.206
002780,2026-03-25,14.81,0.044428999999999996,62789.95,91952.628
002782,2026-03-25,23.78,0.078458,165324.64,389434.126
002783,2026-03-25,9.19,0.033746,170830.27,155951.377
002785,2026-03-25,38.58,0.017942,63078.0,244257.711
002786,2026-03-25,7.49,0.012162,66452.0,49485.131
002787,2026-03-25,12.18,0.026981,79792.17,97068.632
002788,2026-03-25,13.83,0.028253,119100.41,162864.123
002789,2026-03-25,12.34,0.050213,19041.3,23427.786
002790,2026-03-25,7.8,0.011673,31638.28,24568.72
002791,2026-03-25,20.49,0.008863,48926.58,100180.909
002792,2026-03-25,39.93,0.030452,222792.26,890800.32
002793,2026-03-25,4.64,0.017544,148655.9,68324.93
002795,2026-03-25,7.91,0.07619,465861.12,365217.718
002796,2026-03-25,50.68,0.021568,163306.9,834657.703
002797,2026-03-25,7.67,0.005242,2265597.75,1741544.221
002798,2026-03-25,6.11,0.011589,59775.23,36379.807
002799,2026-03-25,8.34,0.009685000000000001,57877.0,48253.049
002800,2026-03-25,19.98,-0.035714,94884.6,190877.384
002801,2026-03-25,32.6,0.021943999999999998,14854.25,48321.707
002802,2026-03-25,12.72,0.036675,55240.73,70321.031
002803,2026-03-25,17.33,0.026659000000000002,61059.95,105070.606
002805,2026-03-25,17.5,0.007483999999999999,173326.71,302386.723
002806,2026-03-25,13.17,-0.006787,79720.0,105842.82
002807,2026-03-25,4.55,0.022472,444607.79,200647.866
002808,2026-03-25,4.29,0.002336,19936.0,8589.591
002809,2026-03-25,11.33,0.015233000000000002,114635.86,129550.697
002810,2026-03-25,20.81,0.011667,141034.13,292795.718
002811,2026-03-25,13.5,0.0181,61638.0,82876.005
002812,2026-03-25,67.01,0.006307,339348.12,2271823.337
002813,2026-03-25,24.56,0.013619000000000001,13887.07,34056.728
002815,2026-03-25,14.33,0.02577,323547.61,465467.674
002816,2026-03-25,21.52,0.0027960000000000003,24148.0,51901.492
002817,2026-03-25,7.83,0.027559,101602.37,79330.316
002818,2026-03-25,11.36,-0.006124000000000001,35858.4,40695.35
002819,2026-03-25,24.64,0.007771,21821.0,53773.466
002820,2026-03-25,10.89,0.019663,60360.0,65449.126
002821,2026-03-25,96.5,0.009519999999999999,28341.69,273055.484
002822,2026-03-25,3.21,0.00627,85099.45,27167.034
002823,2026-03-25,14.91,0.010847,42355.14,63113.832
002824,2026-03-25,17.67,0.011448,56448.95,99502.087
002825,2026-03-25,10.16,0.007937,44097.13,44724.772
002826,2026-03-25,19.91,0.036439,66161.0,130719.897
002827,2026-03-25,31.89,0.019501,21994.5,69599.439
002828,2026-03-25,12.56,0.012903,201448.0,249217.343
002829,2026-03-25,22.23,0.010914,42521.6,94644.869
002830,2026-03-25,21.58,0.024205,28977.0,62354.201
002831,2026-03-25,33.6,0.033846,255696.15,874654.795
002832,2026-03-25,17.34,0.04206699999999999,129480.56,224708.013
002833,2026-03-25,18.04,0.042775,65060.0,117232.9
002835,2026-03-25,15.55,0.00974,22129.0,34534.753
002836,2026-03-25,14.19,0.06292099999999999,41838.69,57553.103
002837,2026-03-25,98.5,0.001016,323762.75,3225104.187
002838,2026-03-25,24.34,0.013322,24625.0,59818.135
002839,2026-03-25,4.53,0.017978,302090.56,135644.323
002840,2026-03-25,10.8,0.012183999999999999,407215.74,441115.684
002841,2026-03-25,33.79,-0.003245,70479.38,241366.564
002842,2026-03-25,31.03,-0.012726999999999999,315606.52,989454.069
002843,2026-03-25,21.28,-0.052115999999999996,344182.7,739223.769
002845,2026-03-25,13.76,0.012509,101381.51,139476.136
002846,2026-03-25,13.93,0.010152000000000001,43647.0,60548.597
002847,2026-03-25,59.1,0.029976,20429.57,119543.004
002848,2026-03-25,13.43,0.03149,49426.0,65868.124
002849,2026-03-25,15.83,0.030598999999999998,75464.8,119582.222
002850,2026-03-25,155.01,0.036302,53568.45,819573.428
002851,2026-03-25,103.1,0.042573,163832.48,1688541.403
002852,2026-03-25,9.62,0.011567000000000001,89271.02,85417.45
002853,2026-03-25,24.09,0.0008309999999999999,31184.0,75445.366
002855,2026-03-25,12.1,0.025424000000000002,46782.0,56355.89
002856,2026-03-25,11.51,0.019486,69765.8,81028.278
002857,2026-03-25,23.54,0.028397000000000002,47494.1,110784.103
002858,2026-03-25,15.21,0.059192,80684.0,120711.882
002859,2026-03-25,44.18,0.07128999999999999,122675.4,522367.058
002860,2026-03-25,13.0,0.040833,80042.76,103087.334
002861,2026-03-25,15.84,0.010849,41914.53,66735.118
002862,2026-03-25,16.31,0.020651000000000003,25842.2,42108.266
002863,2026-03-25,5.36,0.0056289999999999995,109217.0,58622.034
002864,2026-03-25,32.55,0.006494,24989.87,80950.915
002865,2026-03-25,75.84,-0.008757000000000001,163717.84,1251134.792
002866,2026-03-25,20.78,0.019127,192701.01,396989.595
002867,2026-03-25,11.84,0.011966000000000001,55968.5,66093.273
002868,2026-03-25,37.97,0.015784,11362.0,43137.121
002869,2026-03-25,24.9,0.072813,186664.39,453908.418
002870,2026-03-25,36.86,0.019358,18958.0,69583.225
002871,2026-03-25,16.86,0.004169,25130.31,42637.673
002872,2026-03-25,5.11,0.017928,29963.5,15208.097
002873,2026-03-25,9.75,0.022012999999999998,60342.0,58660.247
002875,2026-03-25,19.37,0.018402,47921.0,92116.524
002876,2026-03-25,25.61,0.023172,32421.0,82752.458
002877,2026-03-25,8.83,0.011455,112717.87,99266.678
002878,2026-03-25,17.42,0.062195,171574.32,296093.014
002879,2026-03-25,20.64,0.028401,58993.75,121529.206
002880,2026-03-25,27.4,0.011443000000000002,44919.26,122829.975
002881,2026-03-25,39.26,0.012378,39790.0,157130.332
002882,2026-03-25,28.09,0.012982,36747.0,102942.864
002883,2026-03-25,9.75,0.022012999999999998,52095.0,50790.477
002884,2026-03-25,18.4,0.016575,32612.06,59573.865
002885,2026-03-25,24.54,0.010708,121759.0,300699.663
002886,2026-03-25,20.67,0.024281,77556.0,161340.279
002887,2026-03-25,12.14,0.074336,180634.84,216848.433
002888,2026-03-25,18.57,0.00705,25999.8,48331.073
002889,2026-03-25,13.23,0.000756,17805.24,23556.334
002890,2026-03-25,15.24,0.024194,14886.11,22661.817
002891,2026-03-25,37.66,0.030651,64245.09,241691.483
002892,2026-03-25,11.04,0.000907,52310.72,57974.547
002893,2026-03-25,13.25,0.063403,555485.45,709783.805
002895,2026-03-25,38.4,0.076837,187700.64,707678.334
002896,2026-03-25,74.44,0.0,83190.17,617607.497
002897,2026-03-25,62.14,0.001935,110973.25,700009.012
002898,2026-03-25,11.68,-0.007647,8493.0,9910.698
002899,2026-03-25,29.6,0.03352,36325.09,105201.444
002900,2026-03-25,11.36,0.0,27897.0,31799.326
002901,2026-03-25,42.31,0.010992,8953.88,37839.034
002902,2026-03-25,25.95,0.100042,71741.0,186167.895
002903,2026-03-25,27.27,0.023264999999999997,97618.0,265953.005
002905,2026-03-25,10.51,0.001907,84088.6,88197.763
002906,2026-03-25,27.36,0.002198,77855.29,213122.956
002907,2026-03-25,13.29,0.0007530000000000001,21019.09,27907.949
002908,2026-03-25,9.04,0.01573,53143.0,48006.402
002909,2026-03-25,6.54,0.021875,104299.25,67863.599
002910,2026-03-25,11.2,0.024703,58383.0,65055.704
002911,2026-03-25,14.41,-0.004834,134076.09,193711.395
002912,2026-03-25,26.72,0.022579,34689.96,92572.457
002913,2026-03-25,48.0,0.01846,68389.12,328588.43
002915,2026-03-25,20.22,0.032686,57395.2,115079.294
002916,2026-03-25,237.99,0.012594000000000001,88226.59,2130878.982
002917,2026-03-25,12.5,0.01626,37516.1,46770.247
002918,2026-03-25,11.31,0.010724000000000001,96731.72,109488.319
002919,2026-03-25,20.21,0.017111,44311.87,89959.643
002920,2026-03-25,108.07,0.008116,53633.4,580101.925
002921,2026-03-25,23.31,0.01436,25607.0,59602.681
002922,2026-03-25,37.04,0.021230000000000002,151436.53,565844.385
002923,2026-03-25,15.9,0.071429,125232.36,197326.756
002925,2026-03-25,19.34,0.0,70462.63,136491.462
002926,2026-03-25,8.36,0.008444,120543.1,100660.942
002927,2026-03-25,18.12,0.023729,56063.1,101335.096
002928,2026-03-25,8.11,0.03576,658952.07,537701.274
002929,2026-03-25,50.55,0.047451,166565.21,845520.964
002930,2026-03-25,13.6,0.038168,171562.31,232498.529
002931,2026-03-25,67.89,0.005778,99650.19,678029.714
002932,2026-03-25,16.34,-0.053851,125516.54,207985.228
002933,2026-03-25,32.8,0.028858,22813.0,74569.365
002935,2026-03-25,18.01,0.014648000000000001,40449.33,72657.631
002936,2026-03-25,1.89,0.016129,1119426.35,209534.747
002937,2026-03-25,24.27,0.016332,56387.93,138341.303
002938,2026-03-25,51.37,0.027606000000000002,225591.61,1155776.524
002939,2026-03-25,9.05,0.021445,235437.02,211925.437
002940,2026-03-25,29.16,0.0125,34702.51,100996.757
002941,2026-03-25,16.09,0.099795,350226.26,548564.889
002942,2026-03-25,18.76,0.0075190000000000005,20277.7,38225.021
002943,2026-03-25,48.05,0.016715999999999998,44905.16,216482.909
002945,2026-03-25,15.69,0.012912,126550.16,197814.552
002946,2026-03-25,18.14,0.008338,51266.58,93324.504
002947,2026-03-25,51.9,0.033659,131274.75,678686.29
002948,2026-03-25,5.16,0.015747999999999998,400577.65,205230.979
002949,2026-03-25,13.76,0.014749000000000002,31957.0,44153.583
002950,2026-03-25,11.9,-0.020575999999999997,151358.5,180636.083
002951,2026-03-25,15.06,0.001996,64112.0,97170.027
002952,2026-03-25,25.0,-0.003984,72661.0,183264.552
002953,2026-03-25,11.89,0.008482,73773.33,88206.075
002955,2026-03-25,25.61,0.011054,25117.0,64109.835
002956,2026-03-25,25.99,-0.00915,16082.4,41755.881
002957,2026-03-25,26.59,0.06873,276287.18,730646.02
002958,2026-03-25,3.09,0.026578,891185.01,273014.104
002959,2026-03-25,46.29,0.021629,25201.4,115515.699
002960,2026-03-25,11.68,0.000857,163611.33,191115.44
002961,2026-03-25,25.58,-0.044809999999999996,191223.9,490480.276
002962,2026-03-25,14.07,0.008602,45233.61,63798.666
002963,2026-03-25,15.05,0.05466,54438.27,80579.737
002965,2026-03-25,29.44,0.023644,39356.34,115404.874
002966,2026-03-25,8.36,0.017032000000000002,408233.3,338547.46
002967,2026-03-25,20.41,0.008898,49867.82,102157.333
002968,2026-03-25,11.55,0.016725,44048.6,50692.823
002969,2026-03-25,25.26,-0.044991,651809.16,1671177.463
002970,2026-03-25,63.94,0.006294999999999999,36187.84,233180.235
002971,2026-03-25,28.91,0.025177,36356.3,104884.674
002972,2026-03-25,11.44,0.016889,22718.04,25999.287
002973,2026-03-25,13.18,0.034537,29901.0,38927.671
002975,2026-03-25,71.68,0.047035,41312.0,295823.334
002976,2026-03-25,25.67,0.018247,14145.2,36321.43
002977,2026-03-25,26.95,-0.001112,27699.08,74383.938
002978,2026-03-25,32.67,0.015858,50817.35,166135.377
002979,2026-03-25,35.58,0.0053690000000000005,29140.6,103931.226
002980,2026-03-25,40.51,0.052481,132366.89,539036.934
002981,2026-03-25,23.77,0.012351,18290.96,43405.012
002982,2026-03-25,13.44,0.010526,45627.48,61395.886
002983,2026-03-25,23.27,0.010860000000000002,27109.36,63236.74
002984,2026-03-25,17.64,0.022016,115772.49,203876.758
002985,2026-03-25,36.03,0.031787,75121.16,269451.065
002986,2026-03-25,14.89,0.001345,86650.35,128902.238
002987,2026-03-25,16.43,0.003665,81073.96,133252.401
002988,2026-03-25,29.37,0.007893,20107.89,58997.246
002989,2026-03-25,26.77,-0.001119,26259.57,70009.735
002990,2026-03-25,29.37,0.019792,70543.69,207694.309
002991,2026-03-25,50.49,0.011824,4298.0,21613.244
002992,2026-03-25,50.49,0.006579000000000001,11607.0,58864.376
002993,2026-03-25,49.2,0.01569,46850.5,229132.784
002995,2026-03-25,22.45,-0.019222,257590.68,586207.724
002996,2026-03-25,6.96,0.0131,132416.7,91806.535
002997,2026-03-25,30.46,0.009947000000000001,35554.0,108249.997
002998,2026-03-25,7.95,0.020539,60684.0,48110.62
002999,2026-03-25,6.96,0.0131,108494.19,75399.467
003000,2026-03-25,10.1,0.003976,23573.0,23807.432
003001,2026-03-25,18.02,0.022701,24307.19,43501.824
003002,2026-03-25,24.84,0.009756,28560.0,71132.261
003003,2026-03-25,13.06,0.029157000000000002,50749.0,66073.724
003004,2026-03-25,31.28,0.043014000000000004,7243.0,22249.813
003005,2026-03-25,18.53,0.017014,20652.8,38127.874
003006,2026-03-25,17.58,0.019722,26595.02,46690.331
003007,2026-03-25,42.3,0.045994,38062.5,160818.488
003008,2026-03-25,22.59,0.022172,21677.98,49029.29
003009,2026-03-25,56.99,0.018952,35623.93,201719.075
003010,2026-03-25,29.96,0.002007,94925.63,286037.476
003011,2026-03-25,23.49,0.019089000000000002,22819.8,53405.781
003012,2026-03-25,6.24,0.006452,71413.8,44639.528
003013,2026-03-25,13.69,0.014825999999999999,17993.0,24539.696
003015,2026-03-25,15.03,0.015541000000000001,77703.9,117365.228
003016,2026-03-25,8.09,0.015056,36604.0,29385.588
003017,2026-03-25,30.3,0.01883,16239.0,49031.873
003018,2026-03-25,25.65,0.026000000000000002,86777.13,224169.321
003019,2026-03-25,31.46,0.047270000000000006,44195.1,138165.511
003020,2026-03-25,23.25,0.009115,11132.6,25887.114
003021,2026-03-25,99.16,0.01807,41088.27,406756.415
003022,2026-03-25,19.24,-0.014849000000000001,136377.23,263564.618
003023,2026-03-25,22.21,0.026815000000000002,22263.0,49108.445
003025,2026-03-25,13.7,0.010324,50549.48,69418.451
003026,2026-03-25,35.14,0.004287,58267.8,204513.653
003027,2026-03-25,21.1,0.034821,44190.0,92416.777
003028,2026-03-25,27.63,0.0043619999999999996,12247.0,33906.865
003029,2026-03-25,21.66,0.004638,25921.01,56287.901
003030,2026-03-25,19.87,0.016888,31838.0,62609.824
003031,2026-03-25,81.25,0.07858799999999999,186279.85,1513638.075
003032,2026-03-25,6.35,0.03928,45271.0,28297.583
003033,2026-03-25,54.06,0.004646,11912.7,64386.123
003035,2026-03-25,9.34,-0.015806,1801860.23,1694508.321
003036,2026-03-25,23.27,0.048198,188015.54,432540.732
003037,2026-03-25,7.13,0.02149,39650.0,28128.632
003038,2026-03-25,14.31,0.008457,49091.83,70388.197
003039,2026-03-25,15.4,0.011162,59975.0,92424.964
003040,2026-03-25,16.31,0.011787,56471.0,91782.481
003041,2026-03-25,52.24,0.036714000000000004,50427.24,263600.443
003042,2026-03-25,16.23,0.011845000000000001,38856.1,62936.055
003043,2026-03-25,51.21,0.100107,51481.0,257181.026
003816,2026-03-25,4.51,0.032037,3987091.37,1777887.492
300001,2026-03-25,28.77,0.022025000000000003,247672.62,709976.013
300002,2026-03-25,9.6,0.021277,317935.58,304172.022
300003,2026-03-25,16.12,0.015113000000000001,287899.69,466930.172
300004,2026-03-25,12.7,0.07536,279341.63,345411.473
300005,2026-03-25,13.36,0.062003,314186.0,410287.274
300006,2026-03-25,4.85,0.010417000000000001,216518.3,105454.656
300007,2026-03-25,43.05,0.014612,88007.4,378849.84
300008,2026-03-25,7.69,0.014512,1003325.21,767214.676
300009,2026-03-25,8.92,-0.0022370000000000003,129396.67,115765.415
300010,2026-03-25,6.33,0.041117999999999995,510224.64,321745.724
300011,2026-03-25,7.75,0.003886,93919.07,72907.579
300012,2026-03-25,14.3,0.0207,213115.6,305852.747
300013,2026-03-25,3.87,0.021108,132969.5,51225.973
300014,2026-03-25,70.37,0.003852,678061.7,4741437.122
300015,2026-03-25,9.72,0.003096,420610.29,408389.168
300016,2026-03-25,9.48,-0.00733,221991.77,211829.289
300017,2026-03-25,18.14,0.072104,2852351.17,5215587.811
300018,2026-03-25,12.73,0.02249,134743.24,171682.267
300019,2026-03-25,19.38,0.013597999999999999,69786.57,134916.43
300020,2026-03-25,4.26,0.024038,108540.22,45960.509
300021,2026-03-25,4.38,0.016241000000000002,138076.21,60127.428
300022,2026-03-25,9.0,0.015801,230367.01,205621.129
300024,2026-03-25,15.07,0.003329,157242.31,237587.812
300025,2026-03-25,5.41,0.024621,166765.02,90537.029
300026,2026-03-25,3.39,0.008929,310238.0,104991.154
300027,2026-03-25,1.57,0.026143999999999997,886018.73,138268.233
300029,2026-03-25,4.99,0.02045,31090.01,15415.064
300030,2026-03-25,7.63,0.024161000000000002,110339.0,84247.419
300031,2026-03-25,20.31,0.035168,79059.58,158707.908
300032,2026-03-25,6.3,0.017771,1159977.88,726605.585
300033,2026-03-25,311.61,0.018367,82272.72,2556162.443
300034,2026-03-25,18.28,0.01952,162718.51,297220.77
300035,2026-03-25,23.02,0.032286999999999996,745842.19,1686529.964
300036,2026-03-25,15.45,0.011788,89461.2,138439.249
300037,2026-03-25,56.97,0.04724300000000001,253256.0,1410025.382
300039,2026-03-25,5.85,0.019164,160742.03,93310.023
300040,2026-03-25,8.84,-0.010078,1906078.01,1698150.828
300041,2026-03-25,10.42,0.015595000000000001,126765.49,131774.338
300042,2026-03-25,47.96,0.007775,459902.21,2235736.665
300043,2026-03-25,5.64,0.034862000000000004,306031.23,171149.254
300044,2026-03-25,7.85,0.076818,349206.1,263727.06
300045,2026-03-25,21.71,0.010708,162693.86,353736.154
300046,2026-03-25,31.62,0.017375,48581.67,153997.84
300047,2026-03-25,12.17,0.032231,182273.08,221373.898
300048,2026-03-25,7.37,0.026462,429998.98,315498.456
300049,2026-03-25,55.7,0.034163,99170.69,546470.385
300050,2026-03-25,6.81,0.013392999999999999,534886.0,363344.393
300051,2026-03-25,11.88,-0.03336,802930.27,961963.948
300052,2026-03-25,13.11,0.033912,78163.0,102184.722
300053,2026-03-25,17.17,0.0017499999999999998,305107.64,525461.837
300054,2026-03-25,46.6,0.07225,304412.37,1419324.319
300055,2026-03-25,10.63,0.106139,484256.95,497934.732
300056,2026-03-25,8.98,0.013544,96851.06,86342.764
300057,2026-03-25,5.77,0.03777,279691.1,159394.475
300058,2026-03-25,14.41,0.035200999999999996,2257591.7,3245396.803
300059,2026-03-25,19.9,0.006575999999999999,2251418.38,4477985.383
300061,2026-03-25,8.55,0.015439000000000001,85167.68,72688.777
300062,2026-03-25,9.2,0.045454999999999995,525191.96,473668.046
300063,2026-03-25,11.47,0.021371,330737.5,379254.109
300065,2026-03-25,22.9,0.013723,448417.3,1029640.443
300066,2026-03-25,6.38,0.014308000000000001,230563.48,147216.862
300067,2026-03-25,4.45,0.018307,266938.96,118807.732
300068,2026-03-25,14.02,-0.044959,785285.61,1105432.935
300069,2026-03-25,21.83,0.20010999999999998,238229.37,489539.92
300070,2026-03-25,4.06,0.035714,610948.0,246319.92
300071,2026-03-25,5.07,0.020121000000000003,312664.96,158406.689
300072,2026-03-25,5.4,-0.00369,1136241.19,605360.406
300073,2026-03-25,53.0,0.014937,125947.67,663369.852
300074,2026-03-25,4.28,0.016627,191568.0,81843.762
300075,2026-03-25,12.91,0.000775,79335.89,102793.409
300076,2026-03-25,6.72,-0.00885,105994.1,72078.068
300077,2026-03-25,21.58,0.042512,525431.71,1148437.202
300078,2026-03-25,4.01,0.010076,196989.46,78831.273
300079,2026-03-25,5.4,0.018868,298082.55,161100.709
300080,2026-03-25,6.28,0.008026,1180688.6,738181.849
300081,2026-03-25,4.8,0.019108,152606.47,72897.854
300082,2026-03-25,9.38,-0.007407,141260.43,132372.592
300083,2026-03-25,7.55,0.013423000000000001,236759.28,178049.216
300084,2026-03-25,10.55,0.03229,211530.99,220109.199
300085,2026-03-25,44.72,-0.03683,611909.98,2779539.982
300086,2026-03-25,8.32,0.012164999999999999,144423.53,118870.561
300087,2026-03-25,8.18,0.011125000000000001,116616.95,95136.559
300088,2026-03-25,6.15,0.021595,639307.41,393932.761
300091,2026-03-25,3.03,0.016779,161127.0,48433.119
300092,2026-03-25,15.29,0.039429,81415.0,124888.637
300093,2026-03-25,18.07,-0.0044080000000000005,48234.01,87636.668
300094,2026-03-25,3.27,0.025078,343895.0,111482.96
300095,2026-03-25,9.65,0.007307,78372.0,75475.496
300096,2026-03-25,8.14,0.01623,53503.0,43146.494
300097,2026-03-25,8.29,0.034956,72182.8,59024.205
300098,2026-03-25,5.26,0.011538,370061.8,195037.538
300099,2026-03-25,9.49,0.009574000000000001,352745.9,333940.971
300100,2026-03-25,30.63,0.000327,91705.79,280124.787
300101,2026-03-25,20.64,0.012261,123771.28,255734.836
300102,2026-03-25,31.03,-0.0067220000000000005,560243.32,1752851.55
300103,2026-03-25,6.97,-0.005706,91756.5,64388.817
300105,2026-03-25,7.34,0.015214,99600.04,72742.407
300106,2026-03-25,10.1,0.025381,59671.0,59954.914
300107,2026-03-25,7.16,0.011298999999999998,117739.59,84257.004
300109,2026-03-25,17.18,0.025672,62462.15,106417.958
300110,2026-03-25,3.06,0.02,237486.0,72193.471
300111,2026-03-25,4.04,-0.007371,746048.6,301130.932
300112,2026-03-25,7.86,0.016818,91568.71,72331.914
300113,2026-03-25,29.39,0.0068520000000000005,1181125.94,3555529.614
300115,2026-03-25,32.36,0.043533999999999996,468117.28,1498000.108
300118,2026-03-25,19.14,0.008962,1051748.55,2018067.855
300119,2026-03-25,17.79,0.009075,35984.0,63920.637
300120,2026-03-25,7.95,0.007605,82352.0,65520.545
300121,2026-03-25,12.01,0.012648,95938.0,114983.635
300122,2026-03-25,15.11,-0.000661,148988.79,225032.797
300123,2026-03-25,6.5,0.018809,321343.04,206900.215
300124,2026-03-25,68.01,0.028896,193830.56,1303543.51
300125,2026-03-25,8.45,0.044499000000000004,56585.47,47204.352
300126,2026-03-25,7.85,0.014212,44237.7,34922.901
300127,2026-03-25,30.16,0.018919,52285.0,157415.9
300128,2026-03-25,6.26,0.011309,211386.18,132384.81
300129,2026-03-25,12.52,0.000799,499862.17,631426.168
300130,2026-03-25,23.36,0.013009999999999999,68572.44,160154.029
300131,2026-03-25,11.01,-0.167171,2571335.39,3186088.917
300132,2026-03-25,8.53,0.016687,97944.0,83406.997
300133,2026-03-25,7.27,0.012535000000000001,394781.39,287704.239
300134,2026-03-25,10.35,0.018701000000000002,86165.02,89786.766
300135,2026-03-25,3.98,0.010152000000000001,285698.02,112983.232
300136,2026-03-25,62.42,0.044686000000000003,668261.96,4206045.653
300137,2026-03-25,14.2,0.017192,326573.02,458994.33
300138,2026-03-25,13.13,0.017041,63078.62,82670.705
300139,2026-03-25,58.99,0.044071,560698.96,3391598.358
300140,2026-03-25,7.76,0.068871,895299.49,691082.239
300141,2026-03-25,13.91,0.042728999999999996,97394.5,134955.552
300142,2026-03-25,11.85,-0.008368,413128.74,492821.901
300143,2026-03-25,12.39,0.008958,254111.29,313719.061
300144,2026-03-25,7.77,0.015686,263605.33,204821.425
300145,2026-03-25,4.58,0.013274,568144.71,260305.001
300146,2026-03-25,10.97,0.010128999999999999,147127.14,161658.484
300147,2026-03-25,9.37,0.034216,64720.0,59884.184
300148,2026-03-25,4.36,0.023474,262598.0,114103.966
300149,2026-03-25,9.78,0.005139,99121.05,96172.089
300150,2026-03-25,5.29,0.019268,142161.0,74952.555
300151,2026-03-25,15.27,0.011928000000000001,96949.5,148253.136
300152,2026-03-25,2.42,0.021097,355480.0,84585.843
300153,2026-03-25,28.77,-0.002427,145706.3,419468.841
300154,2026-03-25,8.03,0.019036,50141.0,40263.313
300155,2026-03-25,4.86,0.018868,88515.02,42932.899
300157,2026-03-25,6.78,-0.001473,654557.83,441488.759
300158,2026-03-25,6.16,0.054794999999999996,502545.88,310429.347
300159,2026-03-25,3.02,0.027211,181640.0,54356.304
300160,2026-03-25,6.08,0.015025,391013.51,236890.056
300161,2026-03-25,28.06,0.020364,26451.5,74169.952
300162,2026-03-25,9.13,0.00884,249850.58,229567.187
300163,2026-03-25,4.67,0.019651000000000002,152778.0,70910.843
300164,2026-03-25,17.59,-0.069804,1588050.45,2755142.309
300165,2026-03-25,5.23,0.021484,78760.0,40953.175
300166,2026-03-25,15.62,0.089261,2066689.92,3214721.81
300167,2026-03-25,6.15,0.065858,120051.0,72682.226
300168,2026-03-25,5.5,0.009174,149567.29,82212.243
300169,2026-03-25,6.34,0.029221,92789.0,58590.722
300170,2026-03-25,20.22,0.029532,666871.31,1350061.997
300171,2026-03-25,14.02,0.005738999999999999,67102.0,94237.157
300172,2026-03-25,6.06,0.021922,317734.7,191511.467
300173,2026-03-25,4.44,0.034965,134133.0,58722.648
300174,2026-03-25,16.29,0.025173,60492.4,97372.511
300175,2026-03-25,6.04,0.01855,41483.0,24941.912
300176,2026-03-25,7.18,0.031609,174248.0,124032.409
300177,2026-03-25,8.43,0.009581,87832.0,73950.406
300179,2026-03-25,21.6,0.014085,415172.62,913166.847
300180,2026-03-25,6.18,0.009804,254364.1,156808.795
300181,2026-03-25,15.28,-0.009079,115859.53,178158.981
300182,2026-03-25,5.75,0.017699,1148341.03,659926.479
300183,2026-03-25,14.38,0.016254,65841.0,95020.259
300184,2026-03-25,11.37,0.030825,939051.34,1059869.687
300185,2026-03-25,4.1,0.030150999999999997,6212249.84,2528236.601
300187,2026-03-25,5.62,0.044610000000000004,288231.0,161483.473
300188,2026-03-25,12.75,0.012707999999999999,89643.09,114230.782
300189,2026-03-25,7.27,0.012535000000000001,933855.42,678163.797
300190,2026-03-25,4.37,0.011574,327844.68,143247.636
300191,2026-03-25,36.55,-0.012696,208093.15,749409.884
300192,2026-03-25,19.13,0.078962,184531.65,351886.42
300193,2026-03-25,8.54,0.011848000000000001,78074.77,66688.976
300194,2026-03-25,3.98,0.007594999999999999,155535.6,61740.881
300195,2026-03-25,7.72,0.00915,116577.0,90308.442
300196,2026-03-25,17.6,0.046373,137133.0,243443.781
300197,2026-03-25,1.88,0.044444,869947.24,161386.979
300198,2026-03-25,2.74,0.022387999999999998,155913.6,42475.378
300199,2026-03-25,17.82,-0.0066890000000000005,197184.68,352517.908
300200,2026-03-25,10.06,0.018219,113372.0,113535.852
300201,2026-03-25,11.58,0.103908,687633.83,773728.803
300203,2026-03-25,13.68,0.027027000000000002,78098.28,105716.455
300204,2026-03-25,23.6,0.012007,93699.69,220717.513
300205,2026-03-25,5.91,0.017212,49254.6,29142.971
300206,2026-03-25,14.11,0.032187,178913.79,258001.825
300207,2026-03-25,27.71,-0.001081,984023.36,2716283.616
300209,2026-03-25,10.51,-0.000951,420829.49,443172.686
300210,2026-03-25,8.55,0.035109,61866.0,52672.328
300211,2026-03-25,8.16,0.046154,42554.87,34368.145
300212,2026-03-25,11.43,0.031588,287009.29,330289.974
300213,2026-03-25,7.87,0.018111,90962.99,71371.043
300214,2026-03-25,7.43,0.031944,153281.0,113569.068
300215,2026-03-25,8.48,-0.0046949999999999995,318644.0,271724.087
300217,2026-03-25,5.32,0.013333,464446.92,248027.007
300218,2026-03-25,15.45,0.027944,45376.0,69744.248
300219,2026-03-25,7.48,0.010811,281716.21,212184.009
300220,2026-03-25,14.17,0.031295,31673.0,44800.189
300221,2026-03-25,9.78,0.011375,116905.0,114815.067
300222,2026-03-25,11.01,0.015683,171364.74,188191.962
300223,2026-03-25,114.42,0.026004,221483.27,2537475.816
300224,2026-03-25,14.29,0.021444,239577.81,342226.995
300225,2026-03-25,5.39,0.009363,81483.0,43994.455
300226,2026-03-25,25.66,0.00588,98589.37,254654.497
300227,2026-03-25,11.16,0.037175,197202.2,219701.923
300228,2026-03-25,9.3,0.009772,256324.0,238185.09
300229,2026-03-25,18.43,0.018795,269021.3,497315.34
300230,2026-03-25,4.75,0.014957,148889.28,70544.609
300231,2026-03-25,12.85,0.011014999999999999,560775.28,705923.346
300232,2026-03-25,7.3,0.008287,347712.0,254965.86
300233,2026-03-25,14.03,-0.00567,66072.95,93070.308
300234,2026-03-25,6.36,0.030794000000000002,175601.06,110632.438
300235,2026-03-25,12.67,0.016854,45962.0,57932.417
300236,2026-03-25,74.93,0.048265,93367.13,700029.064
300237,2026-03-25,2.39,0.021368,234545.78,55354.463
300238,2026-03-25,15.13,-0.019443,70690.0,107846.843
300239,2026-03-25,5.45,0.011132,89074.17,48546.002
300240,2026-03-25,7.04,0.015872999999999998,79354.0,55658.669
300241,2026-03-25,7.01,0.007184,552799.24,390909.63
300242,2026-03-25,4.79,0.019149,185902.0,88634.627
300243,2026-03-25,14.1,0.031456,319523.94,449565.392
300244,2026-03-25,18.59,0.031632,332550.98,617807.44
300245,2026-03-25,13.37,0.20018,387515.47,490969.068
300246,2026-03-25,14.31,0.09236599999999999,281441.5,397917.469
300247,2026-03-25,4.51,0.006696,130256.0,58698.824
300248,2026-03-25,10.68,0.002817,135026.63,144425.668
300249,2026-03-25,17.6,0.034685,422343.36,751944.501
300250,2026-03-25,21.31,0.025998999999999998,51928.0,110566.636
300251,2026-03-25,15.23,0.013307,582293.49,886174.591
300252,2026-03-25,13.55,0.06609,343703.5,461109.398
300253,2026-03-25,8.42,0.019370000000000002,605595.9,510546.12
300254,2026-03-25,10.88,-0.018935999999999998,75451.0,82925.346
300255,2026-03-25,36.92,0.002716,125088.18,460728.978
300256,2026-03-25,3.62,0.005556,232160.0,84099.086
300257,2026-03-25,30.15,0.00735,146441.81,442923.204
300258,2026-03-25,12.09,0.010025,151900.93,184288.043
300259,2026-03-25,4.78,0.014862,195944.0,93850.519
300260,2026-03-25,48.32,-0.003711,108253.68,529864.742
300261,2026-03-25,6.32,0.016076999999999998,118745.87,74852.83
300263,2026-03-25,9.73,0.007246,312005.46,305848.133
300264,2026-03-25,10.31,0.050968,225841.4,229792.416
300265,2026-03-25,18.39,0.006018,882703.21,1624232.18
300266,2026-03-25,2.85,0.040145999999999994,615794.18,173402.608
300267,2026-03-25,3.71,0.010899,425766.49,157492.738
300268,2026-03-25,13.74,0.024609000000000002,18635.0,25335.735
300269,2026-03-25,8.05,-0.003713,559681.0,458307.187
300270,2026-03-25,10.53,0.040514,87312.0,91398.047
300271,2026-03-25,6.88,0.020772,125095.55,85839.92
300272,2026-03-25,7.91,0.014103000000000001,232571.85,183193.71
300274,2026-03-25,167.08,0.014574,693257.51,11415777.01
300275,2026-03-25,11.3,0.050186,100195.67,112522.468
300276,2026-03-25,6.97,0.001437,197680.51,137956.659
300277,2026-03-25,19.58,0.025131,413180.09,822332.561
300278,2026-03-25,4.72,0.010707,226691.14,106659.7
300279,2026-03-25,10.0,0.0,208036.0,209234.325
300281,2026-03-25,6.76,0.008955,51169.5,34614.106
300283,2026-03-25,7.57,0.009333000000000001,147784.0,111785.717
300284,2026-03-25,6.61,0.01849,112272.0,74143.497
300285,2026-03-25,31.75,0.014377,325019.5,1047539.647
300286,2026-03-25,29.11,0.004486,98420.4,289175.518
300287,2026-03-25,4.4,0.023256000000000002,237108.99,103859.939
300288,2026-03-25,12.61,0.005582,37814.33,47697.554
300289,2026-03-25,6.5,0.010886,50368.0,32694.582
300290,2026-03-25,14.54,0.025388,181484.81,263040.101
300291,2026-03-25,6.87,0.014771000000000001,155800.0,106367.435
300292,2026-03-25,4.84,0.04086,619139.8,300663.528
300293,2026-03-25,17.12,0.015421,34094.0,58326.098
300294,2026-03-25,18.8,0.005348,64108.96,120784.993
300295,2026-03-25,10.01,0.027721,65093.0,65014.296
300296,2026-03-25,7.78,0.005168000000000001,1682806.74,1322948.729
300298,2026-03-25,15.68,0.005128000000000001,33668.75,52799.091
300299,2026-03-25,6.15,0.026711,137686.65,84219.017
300300,2026-03-25,14.04,0.144254,1547967.03,2048562.811
300301,2026-03-25,3.5,0.057401999999999995,305814.1,105967.659
300302,2026-03-25,22.44,-0.002667,554799.93,1266278.099
300303,2026-03-25,9.31,0.015267,1083923.39,1021081.45
300304,2026-03-25,13.2,0.043478,202700.96,264658.893
300305,2026-03-25,6.14,0.018242,108592.0,66804.115
300306,2026-03-25,12.17,0.008285,30136.0,36755.209
300307,2026-03-25,6.55,0.021841,66550.0,43487.333
300308,2026-03-25,628.4,0.041794000000000005,335631.26,21048050.378
300310,2026-03-25,6.17,0.018151999999999998,358251.37,221405.427
300311,2026-03-25,5.18,0.027778,137765.9,71118.6
300313,2026-03-25,7.52,0.0,29809.0,22326.757
300314,2026-03-25,12.64,0.0063690000000000005,32664.0,41475.074
300315,2026-03-25,4.94,0.012295,700429.05,345664.792
300316,2026-03-25,44.34,-0.010268,280482.25,1263476.077
300317,2026-03-25,6.34,-0.017054,2564337.91,1639739.729
300318,2026-03-25,5.84,0.0017150000000000002,67081.0,39186.391
300319,2026-03-25,12.09,0.0075,314155.34,383305.955
300320,2026-03-25,10.16,0.0029620000000000002,79876.01,81370.661
300321,2026-03-25,33.85,0.019577999999999998,8274.0,27947.347
300322,2026-03-25,24.01,0.015222,153743.58,371299.451
300323,2026-03-25,10.21,0.003933,1086913.03,1135693.867
300324,2026-03-25,5.07,0.022177,444603.05,224181.212
300326,2026-03-25,5.9,0.005111,45034.36,26554.7
300327,2026-03-25,24.42,0.014541,71685.17,175108.908
300328,2026-03-25,16.93,-0.009942,422237.76,725227.766
300329,2026-03-25,15.02,-0.045743,130499.64,198342.267
300331,2026-03-25,41.37,0.041279,95013.4,392213.093
300332,2026-03-25,6.78,-0.007320999999999999,1220763.92,813358.669
300333,2026-03-25,9.31,0.010858000000000001,63353.0,58783.564
300334,2026-03-25,7.59,0.029851000000000003,90519.0,68502.814
300335,2026-03-25,8.69,0.034524,1539712.73,1338791.348
300337,2026-03-25,12.08,0.02027,214931.2,259608.26
300338,2026-03-25,3.84,0.032258,64458.0,24540.205
300339,2026-03-25,40.38,0.01127,171013.3,692307.26
300340,2026-03-25,10.96,-0.005445,68098.2,74671.373
300341,2026-03-25,14.44,0.009085,47865.35,69304.319
300342,2026-03-25,47.56,0.027658000000000002,568132.51,2687494.05
300343,2026-03-25,6.24,0.022951000000000003,124870.29,77643.198
300345,2026-03-25,8.63,-0.047461,1204710.17,1059981.185
300346,2026-03-25,46.31,0.031403,247156.52,1146613.39
300347,2026-03-25,50.48,0.034426,100536.95,507098.404
300348,2026-03-25,13.5,-0.010264,213378.47,290541.265
300349,2026-03-25,13.96,0.05279,159850.89,220816.597
300350,2026-03-25,5.61,0.008993,153209.2,85714.963
300351,2026-03-25,16.11,0.009398,79650.0,128473.09
300352,2026-03-25,6.33,0.006359,530520.85,338087.024
300353,2026-03-25,19.83,0.011219,126253.67,251114.876
300354,2026-03-25,35.12,0.009485,15866.19,55880.512
300355,2026-03-25,3.8,0.007958,283511.3,107793.005
300357,2026-03-25,23.56,-0.020374,131349.07,312460.586
300358,2026-03-25,9.32,0.011944,133881.59,125070.776
300359,2026-03-25,5.03,0.020284,89813.73,45111.543
300360,2026-03-25,16.47,0.013538,76949.63,126735.684
300363,2026-03-25,19.65,0.003063,60658.46,119376.53
300364,2026-03-25,25.86,0.029459,403789.48,1044418.164
300365,2026-03-25,7.11,0.020086,430646.26,305049.536
300366,2026-03-25,5.77,0.03405,94463.22,53880.608
300368,2026-03-25,12.74,-0.00624,477643.11,604864.188
300369,2026-03-25,9.02,0.029679999999999998,437976.24,396246.172
300370,2026-03-25,2.73,0.011111,278804.0,75791.96
300371,2026-03-25,12.45,0.009732,36176.28,45271.085
300373,2026-03-25,72.12,0.037698,96220.68,689888.969
300374,2026-03-25,14.52,0.020379,36238.0,52404.511
300375,2026-03-25,4.87,0.008282000000000001,145598.11,71200.952
300376,2026-03-25,6.75,0.011994,224538.56,152132.848
300377,2026-03-25,18.83,-0.01671,355026.93,674103.924
300378,2026-03-25,38.28,0.013234999999999999,91383.91,350788.256
300380,2026-03-25,36.46,-0.002735,23445.57,85658.575
300381,2026-03-25,6.52,0.0,99863.29,65094.818
300382,2026-03-25,10.95,-0.00545,172012.12,189085.149
300383,2026-03-25,18.23,0.177649,4358142.31,7876999.867
300384,2026-03-25,15.5,0.007802,38672.0,60015.233
300385,2026-03-25,20.9,0.11585699999999999,890350.93,1760387.405
300386,2026-03-25,14.57,0.004828,38177.0,55603.923
300387,2026-03-25,8.75,0.006904,124883.61,109079.388
300388,2026-03-25,8.62,0.039807,81568.37,69551.693
300389,2026-03-25,20.52,-0.006294999999999999,198310.16,407300.621
300390,2026-03-25,55.5,0.021723,454584.92,2487782.809
300391,2026-03-25,0.41,0.0,544873.79,23105.262
300393,2026-03-25,9.81,-0.011089,562019.52,557790.615
300394,2026-03-25,318.1,0.064912,383149.05,12238824.634
300395,2026-03-25,97.1,0.022536,245469.73,2402924.412
300396,2026-03-25,11.51,-0.007759,20606.0,23730.201
300397,2026-03-25,11.88,0.011064000000000001,227578.0,267995.211
300398,2026-03-25,25.36,0.038918,282261.17,714573.087
300399,2026-03-25,21.7,0.014018999999999998,41708.0,90216.071
300400,2026-03-25,24.49,0.07933,213173.48,509767.873
300401,2026-03-25,14.12,0.029155,153189.16,213529.789
300402,2026-03-25,19.14,0.018627,37871.0,72397.246
300403,2026-03-25,11.66,0.025506,105731.2,122095.837
300404,2026-03-25,9.42,0.0021279999999999997,58050.0,54725.002
300405,2026-03-25,6.41,0.020701,90300.38,57699.981
300406,2026-03-25,11.74,0.0034189999999999997,38444.0,45086.414
300407,2026-03-25,12.67,-0.005495,85393.96,107736.08
300408,2026-03-25,55.58,0.024704999999999998,207641.97,1150750.143
300409,2026-03-25,24.77,0.002428,291374.28,723890.177
300410,2026-03-25,8.16,0.011152,121325.79,99144.622
300411,2026-03-25,10.16,0.003953,41551.2,42178.497
300412,2026-03-25,5.17,0.007796999999999999,176420.45,91260.339
300413,2026-03-25,20.85,-0.007614999999999999,219834.69,461247.811
300414,2026-03-25,13.65,0.020179,79950.36,108970.477
300415,2026-03-25,24.1,0.010482,65054.43,157562.742
300416,2026-03-25,16.36,0.014258999999999999,104234.72,170570.678
300417,2026-03-25,12.67,0.025081000000000003,59865.0,76012.404
300418,2026-03-25,50.88,0.052327000000000005,715438.6,3651185.12
300419,2026-03-25,7.48,0.0026810000000000002,67279.0,50602.428
300420,2026-03-25,3.67,0.019444,209829.4,76619.122
300421,2026-03-25,23.47,0.033921,81161.0,189541.937
300422,2026-03-25,5.01,0.041580000000000006,139519.14,69302.958
300423,2026-03-25,8.87,-0.011148,256914.0,228963.816
300424,2026-03-25,16.98,0.0,80479.32,136939.175
300425,2026-03-25,4.94,0.029167000000000002,121685.8,59676.564
300426,2026-03-25,7.68,0.017218999999999998,80428.0,62349.146
300427,2026-03-25,12.7,0.03252,460960.05,578525.765
300428,2026-03-25,20.34,0.014464,98753.41,200577.722
300429,2026-03-25,12.56,0.012903,116394.94,146123.986
300430,2026-03-25,18.17,0.007764999999999999,58022.69,105491.126
300432,2026-03-25,23.65,0.016767,1092726.67,2537564.892
300433,2026-03-25,29.4,0.05,762029.6,2225349.948
300434,2026-03-25,9.55,0.001048,48595.0,46415.42
300435,2026-03-25,25.97,0.011687000000000001,103469.26,268483.563
300436,2026-03-25,99.07,0.005481000000000001,41287.5,409700.717
300437,2026-03-25,15.85,-0.02701,212542.86,342035.418
300438,2026-03-25,58.52,-0.02075,482817.17,2817061.485
300439,2026-03-25,9.56,0.003148,37923.0,36282.488
300440,2026-03-25,14.35,0.063751,145602.98,205329.346
300441,2026-03-25,7.23,0.002774,51306.4,37145.413
300442,2026-03-25,87.65,0.038507,529012.86,4674347.634
300443,2026-03-25,30.62,-0.002606,203856.24,627018.723
300444,2026-03-25,14.48,0.012587,580743.76,841054.628
300445,2026-03-25,19.73,0.015963,35108.1,69721.773
300446,2026-03-25,20.01,0.015736,97439.0,194388.382
300447,2026-03-25,18.12,0.016835,78780.41,142924.773
300448,2026-03-25,7.44,-0.019763,310961.49,234423.89
300449,2026-03-25,7.55,-0.002642,112747.01,85272.278
300450,2026-03-25,48.19,0.019678,359762.86,1730531.817
300451,2026-03-25,4.63,0.008715,221907.4,103049.46
300452,2026-03-25,14.51,0.012561,43889.55,63230.312
300453,2026-03-25,9.48,0.007439,65524.8,62016.761
300454,2026-03-25,106.31,0.025268000000000002,88578.91,944686.384
300455,2026-03-25,23.75,0.004228,110721.01,263236.838
300456,2026-03-25,44.68,0.027363,298953.11,1338437.732
300457,2026-03-25,24.3,0.009555000000000001,93396.13,226646.874
300458,2026-03-25,36.28,0.005822000000000001,152266.63,555949.294
300459,2026-03-25,4.23,0.011961999999999999,666470.99,282566.786
300460,2026-03-25,8.88,0.023041,49775.0,44129.868
300461,2026-03-25,46.14,0.075524,123727.2,566062.656
300462,2026-03-25,13.2,0.032056,83907.0,108585.675
300463,2026-03-25,10.73,0.0037419999999999997,49536.97,53240.189
300464,2026-03-25,7.66,0.025435,176916.5,134409.354
300465,2026-03-25,15.63,0.010995999999999999,83159.08,130002.596
300466,2026-03-25,8.66,0.005807,61518.0,53278.818
300467,2026-03-25,28.54,0.019286,22931.0,65415.102
300468,2026-03-25,33.07,-0.01313,327945.6,1087088.627
300469,2026-03-25,63.56,0.041284,62678.14,398253.545
300470,2026-03-25,36.1,0.023243,44151.0,158789.759
300471,2026-03-25,13.15,0.0045839999999999995,119535.33,157158.693
300472,2026-03-25,8.21,0.040558,71225.42,57862.194
300473,2026-03-25,32.47,0.0,32584.0,106326.749
300474,2026-03-25,60.89,0.008781,70249.11,427012.527
300475,2026-03-25,148.44,0.032339,255886.16,3794887.218
300476,2026-03-25,266.44,0.001428,256858.3,6880875.174
300477,2026-03-25,2.67,0.030888,281946.92,74101.309
300478,2026-03-25,22.9,0.015071000000000001,21825.2,49979.016
300479,2026-03-25,18.57,0.006503999999999999,43777.0,81621.518
300480,2026-03-25,27.81,0.00108,199642.29,565297.28
300481,2026-03-25,15.88,0.011465000000000001,55229.85,88019.386
300482,2026-03-25,18.73,0.0042899999999999995,37420.54,70215.196
300483,2026-03-25,21.91,-0.05601,618360.27,1357321.937
300484,2026-03-25,16.76,0.007212,28701.03,48199.795
300485,2026-03-25,10.4,-0.001919,38298.0,39899.915
300486,2026-03-25,23.16,-0.004299,113032.76,263650.796
300487,2026-03-25,65.2,0.009288,30603.97,200421.373
300488,2026-03-25,27.43,0.032367,48970.69,133754.622
300489,2026-03-25,45.69,0.015333000000000001,59364.0,269725.506
300490,2026-03-25,16.15,0.0074860000000000005,226661.0,369971.454
300491,2026-03-25,24.71,0.016454,68900.0,170094.894
300492,2026-03-25,59.2,0.009378,13497.4,80307.429
300493,2026-03-25,15.71,0.017487,114575.46,179698.212
300494,2026-03-25,11.64,0.020158,75255.4,87484.713
300496,2026-03-25,61.18,0.008239999999999999,110861.15,679603.829
300497,2026-03-25,17.3,0.017647,1293223.48,2229540.818
300498,2026-03-25,16.85,0.001784,366202.24,616077.112
300499,2026-03-25,38.49,0.014764,415217.68,1616606.416
300500,2026-03-25,11.56,0.013146,41452.4,48128.169
300501,2026-03-25,16.46,0.000608,60486.83,99312.298
300502,2026-03-25,476.2,0.017521,458162.06,21847463.348
300503,2026-03-25,46.96,0.011633,106583.0,504805.797
300504,2026-03-25,15.71,0.059339,187831.79,292609.382
300505,2026-03-25,30.71,0.006555,311292.35,951755.295
300506,2026-03-25,4.78,0.006316,47183.0,22667.268
300507,2026-03-25,8.23,0.016049,89686.54,73733.79
300508,2026-03-25,37.07,0.041292,21920.04,80515.598
300509,2026-03-25,12.29,0.024167,66381.0,80711.09
300510,2026-03-25,4.72,0.010707,328402.51,155110.101
300511,2026-03-25,6.97,0.005772,170695.6,118973.282
300512,2026-03-25,9.02,0.010078,46563.0,41923.082
300513,2026-03-25,9.09,0.020202,84039.27,76421.48
300514,2026-03-25,12.98,0.011691,58513.54,76354.157
300515,2026-03-25,17.93,0.010141,18194.08,32669.217
300516,2026-03-25,59.46,0.014676,29591.75,175312.374
300517,2026-03-25,11.27,0.013489,29764.0,33575.619
300518,2026-03-25,18.98,0.009574000000000001,56940.4,108066.893
300519,2026-03-25,15.18,0.016745,25349.0,38421.975
300520,2026-03-25,36.48,0.008571,104119.11,382056.641
300521,2026-03-25,26.64,0.0075639999999999995,26569.0,71186.035
300522,2026-03-25,11.06,0.001812,32998.0,36570.646
300523,2026-03-25,21.33,0.009465,16761.1,35817.888
300525,2026-03-25,10.47,0.0077,113077.45,118473.482
300527,2026-03-25,8.15,0.012421999999999999,138180.96,111342.043
300528,2026-03-25,16.06,0.021627999999999998,82391.2,131605.594
300529,2026-03-25,17.72,-0.001127,30975.92,55049.835
300530,2026-03-25,26.36,0.009188,19116.0,50349.371
300531,2026-03-25,19.77,0.022763,452323.35,896500.998
300532,2026-03-25,10.57,0.009550999999999999,66217.12,70120.984
300533,2026-03-25,28.27,0.016175,42291.26,119408.464
300534,2026-03-25,9.08,0.0033150000000000002,54260.0,49201.774
300535,2026-03-25,19.88,0.020534,32720.68,65141.381
300536,2026-03-25,8.78,0.015028999999999999,100218.0,87730.908
300537,2026-03-25,21.73,0.025,38510.0,83515.767
300538,2026-03-25,14.5,0.01683,36929.5,53779.35
300539,2026-03-25,27.38,0.025468,54988.29,150195.453
300540,2026-03-25,19.65,-0.005567,65928.1,130280.598
300541,2026-03-25,14.14,0.025381,130022.14,183644.24
300542,2026-03-25,15.76,0.001907,31717.64,50089.488
300543,2026-03-25,10.4,-0.017941,154349.1,161796.262
300545,2026-03-25,31.15,0.010707,82524.0,257898.425
300546,2026-03-25,21.71,-0.003671,37528.27,81538.127
300547,2026-03-25,29.66,0.018544,48842.0,144076.942
300548,2026-03-25,152.41,0.073083,270154.7,4097963.043
300549,2026-03-25,16.92,0.018050999999999998,29319.0,49723.183
300550,2026-03-25,11.99,0.0050290000000000005,33849.51,40780.117
300551,2026-03-25,14.6,-0.065301,294499.62,439487.368
300552,2026-03-25,26.6,0.006432,34093.5,90806.162
300553,2026-03-25,37.01,0.011202,25883.58,96795.338
300554,2026-03-25,22.31,0.000448,45460.0,102370.552
300555,2026-03-25,12.6,0.020243,14391.0,18053.609
300556,2026-03-25,17.7,0.014908,44148.0,78146.316
300557,2026-03-25,33.17,0.011279999999999998,34668.75,115119.463
300558,2026-03-25,42.08,0.007904,32306.69,136041.669
300559,2026-03-25,13.12,0.006135000000000001,202619.5,266096.086
300560,2026-03-25,15.04,0.025921,59087.5,88380.338
300561,2026-03-25,13.07,0.018706,135692.0,175521.393
300562,2026-03-25,13.1,0.029064999999999997,74896.01,98238.192
300563,2026-03-25,31.31,0.040199,61083.19,191167.032
300564,2026-03-25,15.29,0.050858999999999994,33242.33,50491.434
300565,2026-03-25,14.24,0.007784999999999999,311008.91,442242.746
300566,2026-03-25,18.29,0.011615,58366.63,107182.424
300567,2026-03-25,128.25,0.016566,83028.02,1075765.098
300568,2026-03-25,14.6,0.007591,673330.12,977299.23
300569,2026-03-25,7.51,0.013495,908397.94,680680.215
300570,2026-03-25,119.21,0.03932,232991.09,2781672.341
300571,2026-03-25,33.9,0.01497,179931.0,610646.033
300572,2026-03-25,27.15,0.035074,79401.0,211520.781
300573,2026-03-25,65.48,0.020733,36738.5,239928.105
300575,2026-03-25,6.18,0.054608,246082.95,151895.359
300576,2026-03-25,34.75,0.024167,63939.19,221876.811
300577,2026-03-25,18.51,0.009269,12910.4,23923.702
300578,2026-03-25,20.67,0.019734,59451.1,123335.169
300579,2026-03-25,28.43,0.013547,34397.5,98093.293
300580,2026-03-25,21.57,-0.003235,72685.66,157274.628
300581,2026-03-25,13.34,0.030116,184115.52,241051.453
300582,2026-03-25,14.05,-0.004958000000000001,68546.33,97509.795
300583,2026-03-25,13.95,0.015283999999999999,32215.0,44806.861
300584,2026-03-25,41.09,0.033191,37993.0,155311.878
300585,2026-03-25,15.03,0.013486,38891.0,58411.917
300586,2026-03-25,9.19,0.032584,87350.79,80076.778
300587,2026-03-25,5.7,0.021505,228885.96,129938.662
300588,2026-03-25,24.48,0.016611,29403.02,71957.218
300589,2026-03-25,16.6,0.038798,386033.0,628933.274
300590,2026-03-25,11.33,0.029064,54170.2,60958.887
300591,2026-03-25,7.28,0.013928000000000001,105417.45,76179.647
300592,2026-03-25,11.76,0.000851,67213.0,78832.002
300593,2026-03-25,23.42,0.001283,132237.96,310532.527
300594,2026-03-25,29.83,0.07148,50239.0,149865.352
300595,2026-03-25,14.27,0.0014039999999999999,70291.95,100462.092
300596,2026-03-25,42.14,0.046696,56061.88,234634.461
300597,2026-03-25,9.07,0.024859,85258.0,77394.14
300598,2026-03-25,38.0,0.013874,32228.01,122678.126
300599,2026-03-25,9.24,-0.00216,69598.0,64649.82
300600,2026-03-25,12.61,0.029388,60304.0,75280.475
300601,2026-03-25,13.6,-0.004392,85990.21,117316.305
300602,2026-03-25,30.88,0.014455,143312.63,446066.744
300603,2026-03-25,11.68,0.002575,558837.42,655070.04
300604,2026-03-25,124.14,0.026629,168001.48,2097916.466
300605,2026-03-25,14.23,0.028923,43723.86,62142.793
300606,2026-03-25,37.12,0.089841,211109.5,788564.145
300607,2026-03-25,24.99,0.012561,72725.38,181299.934
300608,2026-03-25,11.37,0.043119,127950.95,145415.063
300609,2026-03-25,34.29,0.015398,29748.0,102207.611
300610,2026-03-25,11.08,0.007272999999999999,55316.0,61528.353
300611,2026-03-25,29.41,0.007537,80855.94,236648.495
300612,2026-03-25,15.07,0.019621,65411.18,98241.146
300613,2026-03-25,40.98,0.008366,33373.64,137469.942
300614,2026-03-25,13.65,-0.01444,63383.0,88298.16
300615,2026-03-25,14.75,0.035088,107353.0,158118.869
300616,2026-03-25,12.28,0.010700000000000001,28329.0,34655.777
300617,2026-03-25,58.42,0.011075999999999999,105180.38,626123.254
300618,2026-03-25,41.83,0.024994000000000002,96396.17,401839.225
300619,2026-03-25,39.69,0.01665,42645.79,168643.369
300620,2026-03-25,184.52,0.026650999999999998,275005.58,5075462.954
300621,2026-03-25,8.38,0.025703999999999998,56016.12,46673.348
300622,2026-03-25,23.9,0.016156,68775.84,164684.323
300623,2026-03-25,27.91,0.02197,125574.53,351311.859
300624,2026-03-25,69.6,0.021126999999999996,71448.7,498873.374
300625,2026-03-25,11.43,-0.0026179999999999997,35317.64,40597.481
300626,2026-03-25,19.72,0.027083,63021.4,122971.127
300627,2026-03-25,32.45,0.019478,80632.48,261844.203
300628,2026-03-25,32.97,0.000607,78956.05,262282.477
300629,2026-03-25,22.82,0.005286,123625.22,281824.314
300631,2026-03-25,25.7,0.008239,20693.37,53241.067
300632,2026-03-25,14.48,0.01188,76289.0,110817.81
300633,2026-03-25,24.37,0.020092,26371.0,64245.189
300634,2026-03-25,24.17,0.028073,128841.18,311223.907
300635,2026-03-25,13.71,0.029279000000000003,84079.0,114951.755
300636,2026-03-25,7.49,0.0053690000000000005,57593.0,43252.637
300637,2026-03-25,11.0,0.025163,63130.0,69700.014
300638,2026-03-25,27.44,0.053359,441036.7,1230756.322
300639,2026-03-25,6.31,0.0,153572.58,96671.104
300640,2026-03-25,7.28,0.00831,114516.0,83266.526
300641,2026-03-25,20.35,-0.021164000000000002,289806.32,590499.301
300642,2026-03-25,16.4,0.018633999999999998,27886.6,45538.574
300643,2026-03-25,17.09,0.001758,55256.39,95131.47
300644,2026-03-25,28.44,0.019355,19851.06,56310.487
300645,2026-03-25,17.03,0.007096,33156.83,56867.487
300647,2026-03-25,6.17,0.001623,121862.47,75423.602
300648,2026-03-25,52.61,0.018192,26256.0,137790.407
300649,2026-03-25,14.52,0.034925000000000005,42467.0,61409.014
300650,2026-03-25,15.55,0.0038729999999999997,58816.0,91975.068
300651,2026-03-25,30.75,0.081224,184244.89,560389.942
300652,2026-03-25,41.77,0.027046999999999998,19541.4,81124.267
300653,2026-03-25,18.95,-0.0021060000000000002,19059.0,36180.736
300654,2026-03-25,10.8,0.007463,71846.96,78107.448
300655,2026-03-25,14.5,0.018258,299699.99,436373.296
300656,2026-03-25,21.27,0.011412,29328.72,62538.253
300657,2026-03-25,30.48,0.045626,344912.26,1054512.065
300658,2026-03-25,27.78,0.2,235831.5,624692.314
300659,2026-03-25,13.79,0.008041,52022.0,71599.259
300660,2026-03-25,42.71,0.018117,56900.97,242022.33
300661,2026-03-25,73.0,0.061047000000000004,365923.96,2716511.282
300662,2026-03-25,23.88,0.016603,33963.0,81232.267
300663,2026-03-25,13.66,0.004412,97806.22,133829.992
300664,2026-03-25,6.11,0.039116,252956.99,152842.154
300665,2026-03-25,7.49,0.019048,76412.8,57231.735
300666,2026-03-25,137.35,0.049675000000000004,124554.62,1729216.495
300667,2026-03-25,15.49,0.021768,63273.38,97635.568
300668,2026-03-25,36.0,0.09124,100561.16,352291.797
300669,2026-03-25,32.3,0.015723,12795.0,41019.941
300670,2026-03-25,6.65,0.029411999999999997,105326.0,69905.275
300671,2026-03-25,38.69,0.04341999999999999,130636.0,509163.83
300672,2026-03-25,175.72,0.009653,119582.54,2129807.503
300673,2026-03-25,14.85,0.012960000000000001,26609.0,39436.555
300674,2026-03-25,19.66,0.0015279999999999998,98531.22,194801.4
300675,2026-03-25,15.3,0.033784,40460.0,61512.843
300676,2026-03-25,39.98,0.01601,58497.29,233473.301
300677,2026-03-25,57.42,0.007368,134611.58,764758.323
300678,2026-03-25,28.7,0.007371,49962.34,143743.43
300679,2026-03-25,34.5,0.023739,82299.75,283912.682
300680,2026-03-25,38.41,0.023448000000000004,48265.6,185136.018
300681,2026-03-25,21.5,0.022349,54624.33,116635.303
300682,2026-03-25,16.66,0.027761,274283.89,460948.975
300683,2026-03-25,36.67,0.05162,120012.13,440736.46
300684,2026-03-25,50.24,0.061708,127085.38,641642.341
300685,2026-03-25,21.58,-0.007816,77291.71,167339.918
300686,2026-03-25,14.05,0.029304,38896.24,54529.999
300687,2026-03-25,18.88,0.016694,57098.73,107870.388
300688,2026-03-25,25.77,0.004287,56764.0,147424.605
300689,2026-03-25,47.44,-0.001263,18022.2,85784.476
300690,2026-03-25,35.19,-0.018136,208739.25,750230.106
300691,2026-03-25,15.92,0.023136,61357.0,98030.409
300692,2026-03-25,8.29,0.018428,139045.53,113742.966
300693,2026-03-25,45.42,0.025282,179258.41,811358.148
300694,2026-03-25,11.62,0.02109,61166.9,71071.338
300695,2026-03-25,69.5,0.028107000000000004,6384.35,44147.91
300696,2026-03-25,27.64,0.018798,34766.4,95494.216
300697,2026-03-25,14.63,0.008966,73540.9,107974.223
300698,2026-03-25,35.5,0.040751,33975.75,120074.914
300699,2026-03-25,33.35,0.023006000000000002,162707.29,541473.512
300700,2026-03-25,13.44,0.022831,76668.11,102592.021
300701,2026-03-25,11.4,0.019678,41178.5,47018.895
300702,2026-03-25,21.24,0.018705,22426.0,47600.103
300703,2026-03-25,19.75,0.03241,52602.0,103441.944
300705,2026-03-25,13.58,-0.000736,54899.16,74633.047
300706,2026-03-25,32.77,0.014865,69319.0,228202.069
300707,2026-03-25,16.4,0.036662,144628.92,241151.452
300708,2026-03-25,9.73,0.009336,458851.9,448139.284
300709,2026-03-25,38.3,0.020789,51699.24,198289.299
300710,2026-03-25,28.96,0.023683,25781.0,74312.113
300711,2026-03-25,25.13,0.024041999999999997,53866.0,136181.05
300712,2026-03-25,31.4,0.026143999999999997,85626.44,266339.254
300713,2026-03-25,17.08,-0.006977,114273.0,198703.68
300715,2026-03-25,13.47,0.002978,68375.0,91754.727
300716,2026-03-25,14.79,0.063264,71486.5,104187.988
300717,2026-03-25,20.59,0.019812,23361.6,48084.727
300718,2026-03-25,69.14,-0.0037459999999999998,56307.91,388867.508
300719,2026-03-25,16.2,0.017588,71971.52,116252.402
300720,2026-03-25,71.89,0.161202,165881.81,1137809.764
300721,2026-03-25,13.62,0.005166,49791.5,67921.645
300722,2026-03-25,29.2,0.019909,53657.47,155327.884
300723,2026-03-25,30.98,0.009448999999999999,59664.76,184272.199
300724,2026-03-25,127.3,-0.001803,328402.39,4228327.285
300725,2026-03-25,34.5,0.004075,38374.66,132584.231
300726,2026-03-25,43.2,0.0034839999999999997,57255.81,248823.942
300727,2026-03-25,30.49,0.010942,24378.69,74519.773
300729,2026-03-25,12.4,0.00895,31268.0,38852.01
300730,2026-03-25,13.56,0.051163,98576.15,129805.986
300731,2026-03-25,69.68,0.04108799999999999,102458.8,705582.769
300732,2026-03-25,7.06,0.020231,63543.38,44639.766
300733,2026-03-25,17.99,0.016384,58247.56,104450.759
300735,2026-03-25,21.58,0.011720999999999999,77472.59,167434.713
300736,2026-03-25,20.0,0.011122,44423.0,89027.821
300737,2026-03-25,6.15,-0.001623,162612.6,99995.823
300738,2026-03-25,22.73,0.074197,1176580.78,2695367.819
300739,2026-03-25,25.35,0.02259,189775.89,483904.472
300740,2026-03-25,20.27,0.011477,69513.43,140973.153
300741,2026-03-25,15.6,0.014303999999999999,34300.51,53249.951
300743,2026-03-25,17.52,0.014476,30913.75,54737.076
300745,2026-03-25,25.65,0.075472,78546.39,198271.824
300746,2026-03-25,12.21,0.02005,31072.0,37730.171
300747,2026-03-25,27.46,0.015157,120280.17,332384.554
300748,2026-03-25,30.83,0.023233,314869.05,970131.626
300749,2026-03-25,30.88,0.012459,99377.4,303179.819
300750,2026-03-25,397.81,0.002066,267528.28,10553996.247
300751,2026-03-25,294.05,0.050179,149163.44,4356666.38
300752,2026-03-25,16.82,0.00358,44657.0,75579.392
300753,2026-03-25,28.5,0.011356,44542.16,126445.206
300755,2026-03-25,13.04,0.010069999999999999,27550.0,35868.906
300756,2026-03-25,41.62,-0.008576,44748.04,187691.632
300757,2026-03-25,365.23,0.058055,83006.87,3066108.258
300758,2026-03-25,13.57,0.018769,81554.52,110285.212
300759,2026-03-25,26.12,0.012402999999999999,172984.56,449733.32
300760,2026-03-25,167.47,0.006612,52101.87,873242.057
300761,2026-03-25,19.88,0.010163,58014.73,115568.444
300762,2026-03-25,34.29,0.014497,191288.82,657827.373
300763,2026-03-25,113.85,0.023094999999999997,398237.66,4466446.444
300765,2026-03-25,29.67,0.002365,93084.49,279108.817
300766,2026-03-25,34.17,0.019391000000000002,178916.8,614179.799
300767,2026-03-25,19.8,-0.003523,100669.46,199791.268
300768,2026-03-25,15.76,0.006385999999999999,49364.74,78156.788
300769,2026-03-25,45.05,-0.003319,175628.09,788699.865
300770,2026-03-25,39.4,0.009739,18503.86,73017.734
300771,2026-03-25,13.6,0.008902,37601.0,51099.013
300772,2026-03-25,19.29,0.030999,234469.21,450901.406
300773,2026-03-25,24.42,0.004525,355499.82,870530.313
300774,2026-03-25,17.29,0.004065,88788.0,154664.397
300775,2026-03-25,34.84,0.016040000000000002,193545.87,676361.652
300776,2026-03-25,75.67,-0.008127,68862.12,524484.575
300777,2026-03-25,35.63,0.011640999999999999,98246.79,350377.54
300778,2026-03-25,12.69,0.007943,64483.65,82426.891
300779,2026-03-25,87.4,0.0049440000000000005,39308.37,342858.812
300780,2026-03-25,20.34,0.018018,78149.96,161154.073
300781,2026-03-25,35.75,0.022012999999999998,36837.69,131523.14
300782,2026-03-25,88.4,0.015975,233322.36,2081126.025
300783,2026-03-25,18.7,0.037736,85348.0,158463.561
300784,2026-03-25,48.64,0.021634,6048.0,29420.009
300785,2026-03-25,47.81,0.037318,78461.98,373805.843
300786,2026-03-25,14.56,0.007612,42207.52,61819.785
300787,2026-03-25,11.84,0.011102,53070.86,63194.018
300788,2026-03-25,31.1,0.024373999999999996,38681.0,119409.808
300789,2026-03-25,21.49,-0.003247,23492.09,50969.147
300790,2026-03-25,23.8,0.017964,60440.01,143757.302
300791,2026-03-25,19.89,0.021572,12444.6,24610.217
300792,2026-03-25,34.58,0.020661,46990.81,161903.191
300793,2026-03-25,14.4,0.009818,49432.0,71306.985
300795,2026-03-25,12.36,0.032581,26406.34,32428.336
300796,2026-03-25,8.98,0.013544,44105.0,39452.228
300797,2026-03-25,14.76,0.00545,34095.4,50534.226
300798,2026-03-25,9.91,0.026943,390499.03,391059.61
300800,2026-03-25,11.68,0.002575,41541.18,48589.432
300801,2026-03-25,25.19,0.00599,37829.85,95057.952
300802,2026-03-25,18.34,0.022296999999999997,55308.8,102103.415
300803,2026-03-25,100.96,0.012739,173691.96,1756504.919
300804,2026-03-25,44.89,0.0,16831.74,76427.508
300805,2026-03-25,11.1,0.024931000000000002,60358.11,66784.231
300806,2026-03-25,45.35,0.00733,109257.73,497493.327
300807,2026-03-25,50.75,0.05225,23583.0,118878.629
300808,2026-03-25,27.61,0.027158,24920.0,67426.254
300809,2026-03-25,32.78,0.010169,25259.07,82747.076
300810,2026-03-25,32.93,0.016357999999999998,28168.0,92565.862
300811,2026-03-25,77.38,0.024901,89570.32,700131.751
300812,2026-03-25,35.32,0.056536,146358.6,526252.232
300813,2026-03-25,28.21,0.0046300000000000004,67950.09,192382.42
300814,2026-03-25,86.15,0.033097,86866.08,757925.344
300815,2026-03-25,20.94,0.018482000000000002,42012.92,87726.739
300816,2026-03-25,67.55,0.041153,20490.25,136765.075
300817,2026-03-25,17.92,0.024,22748.25,40590.573
300818,2026-03-25,35.18,0.0031369999999999996,31328.0,110703.975
300819,2026-03-25,41.1,0.011568,45551.0,187724.351
300820,2026-03-25,47.08,0.017506,21559.58,101060.616
300821,2026-03-25,11.56,0.015817,201225.04,232937.749
300822,2026-03-25,14.23,0.0049440000000000005,17031.0,24224.312
300823,2026-03-25,16.37,0.019938,49406.6,80862.24
300824,2026-03-25,10.31,0.009794,31534.0,32388.0
300825,2026-03-25,8.49,0.011918999999999999,71801.98,60888.728
300826,2026-03-25,16.48,0.049682000000000004,36851.09,59667.636
300827,2026-03-25,44.52,0.056228,1057588.24,4585975.61
300828,2026-03-25,20.15,0.0014910000000000001,65903.5,133308.622
300829,2026-03-25,20.74,0.010721000000000001,87791.98,182121.109
300830,2026-03-25,11.0,0.028999,198854.01,218446.719
300831,2026-03-25,16.88,-0.0005920000000000001,193938.0,332651.101
300832,2026-03-25,49.88,-0.0024,26338.2,131134.862
300833,2026-03-25,34.0,0.021021,9936.0,33689.29
300834,2026-03-25,23.09,0.018976,14083.87,32484.393
300835,2026-03-25,75.45,0.034979,42170.42,319233.068
300836,2026-03-25,55.84,0.020468,13552.36,75614.32
300837,2026-03-25,36.51,0.026427,26459.0,96755.807
300838,2026-03-25,15.13,0.027853,38730.89,58642.444
300839,2026-03-25,12.86,0.008627000000000001,81495.82,105003.313
300840,2026-03-25,19.05,0.112734,176192.87,319311.347
300841,2026-03-25,55.23,0.012837000000000001,15027.35,83726.308
300842,2026-03-25,87.24,-0.008636,76816.82,678589.548
300843,2026-03-25,52.49,0.045618,61183.17,321962.198
300844,2026-03-25,35.19,0.019409,8075.0,28437.574
300845,2026-03-25,11.32,0.016158,57066.54,64741.341
300846,2026-03-25,30.16,0.056021999999999995,642823.19,1943841.109
300847,2026-03-25,16.02,0.021684000000000002,72801.01,114597.327
300848,2026-03-25,14.84,0.024155000000000003,41690.63,61594.437
300849,2026-03-25,19.84,0.020575999999999997,19250.21,38249.511
300850,2026-03-25,47.38,0.004026,186725.8,884036.55
300851,2026-03-25,28.71,0.01056,14750.0,42373.691
300852,2026-03-25,45.25,0.028175,42104.89,190367.636
300853,2026-03-25,19.22,-0.0031119999999999997,25862.0,50058.301
300854,2026-03-25,26.51,0.1,68188.86,176025.676
300855,2026-03-25,35.61,0.011648,47399.0,169695.222
300856,2026-03-25,12.6,0.020243,53455.7,66595.239
300857,2026-03-25,224.7,0.083153,141398.91,3153002.625
300858,2026-03-25,15.37,0.011850000000000001,18896.51,28955.593
300859,2026-03-25,33.38,0.045739,59589.03,197735.967
300860,2026-03-25,24.85,0.0064800000000000005,24819.45,61798.116
300861,2026-03-25,16.22,0.0006169999999999999,103045.53,167769.701
300862,2026-03-25,21.88,0.009225,24573.2,53831.366
300863,2026-03-25,51.98,0.019616,22920.89,119377.936
300864,2026-03-25,20.79,0.016129,14371.98,29816.585
300865,2026-03-25,26.41,0.023643,9850.25,25994.536
300866,2026-03-25,110.18,0.000363,104974.27,1122085.357
300867,2026-03-25,22.43,-0.011894,196398.56,437880.729
300868,2026-03-25,51.15,-0.016346,127355.35,677507.429
300869,2026-03-25,13.34,0.001502,26276.45,35079.601
300870,2026-03-25,258.8,0.10034000000000001,76453.34,1923525.735
300871,2026-03-25,23.35,0.005599,51837.0,121416.537
300872,2026-03-25,16.67,0.006035,99114.37,165311.633
300873,2026-03-25,22.33,0.00995,24744.0,55369.594
300875,2026-03-25,49.44,0.055283,172629.04,823704.836
300876,2026-03-25,25.58,0.004319,12493.0,32077.388
300877,2026-03-25,25.38,0.021739,29598.49,74836.696
300878,2026-03-25,27.64,0.037927,19346.0,53609.137
300879,2026-03-25,26.15,0.010433,98235.96,255215.706
300880,2026-03-25,24.87,-0.023940000000000003,216859.41,546272.44
300881,2026-03-25,43.78,0.024333,15694.0,68429.361
300882,2026-03-25,21.31,0.00046899999999999996,55123.01,118230.322
300883,2026-03-25,6.43,0.017405,96544.43,62022.919
300884,2026-03-25,13.59,0.005921999999999999,61444.22,83401.913
300885,2026-03-25,22.18,0.02448,39864.81,88045.987
300886,2026-03-25,28.15,0.04105,15599.67,43546.897
300887,2026-03-25,10.17,-0.015489,191443.4,196614.09
300888,2026-03-25,32.86,0.012635,27022.96,88896.665
300889,2026-03-25,27.35,0.037951,86401.09,236852.249
300890,2026-03-25,30.16,0.005333,61715.49,185643.683
300891,2026-03-25,8.97,0.022805,98427.14,87767.41
300892,2026-03-25,27.32,0.022455,14760.76,40099.676
300893,2026-03-25,21.54,0.017478,15389.65,33134.297
300894,2026-03-25,10.73,-0.006481,45071.92,48553.197
300895,2026-03-25,69.31,0.052704,287839.42,2004014.761
300896,2026-03-25,122.38,-0.001387,21590.15,263754.638
300897,2026-03-25,24.37,0.0028810000000000003,10731.07,26544.148
300898,2026-03-25,23.46,0.017346,19754.41,46217.779
300899,2026-03-25,39.1,0.058473,14122.0,54411.511
300900,2026-03-25,33.56,-0.04333,515439.82,1761337.943
300901,2026-03-25,15.58,0.004513,15374.0,24003.201
300902,2026-03-25,17.86,0.016505000000000002,30708.59,54976.529
300903,2026-03-25,36.18,0.013445,290897.24,1056420.017
300904,2026-03-25,64.7,0.012044,15258.0,98673.506
300905,2026-03-25,31.31,0.019870000000000002,37406.09,117689.578
300906,2026-03-25,31.84,0.031088,11620.0,36665.76
300907,2026-03-25,28.84,0.019441,27777.0,80853.057
300908,2026-03-25,26.48,0.007994,7519.39,19879.957
300909,2026-03-25,38.45,0.018272999999999998,18065.0,69788.463
300910,2026-03-25,46.9,0.025137,35943.46,168913.442
300911,2026-03-25,28.49,-0.00489,112535.05,320830.685
300912,2026-03-25,25.1,0.014551000000000001,48053.0,120389.183
300913,2026-03-25,49.41,0.06533,88277.22,433602.501
300915,2026-03-25,22.8,0.010638000000000002,8382.78,19138.773
300916,2026-03-25,30.74,-0.017891,33409.89,103193.436
300917,2026-03-25,32.62,0.00897,36223.48,117895.09
300918,2026-03-25,14.11,0.010021,52584.0,74071.49
300919,2026-03-25,47.62,0.0057020000000000005,134121.14,637347.017
300920,2026-03-25,38.13,0.014096,13625.0,51615.029
300921,2026-03-25,26.34,0.045653,113482.04,300889.514
300922,2026-03-25,20.85,0.038347,146358.98,297417.477
300923,2026-03-25,27.09,0.022264,16490.0,44682.043
300925,2026-03-25,17.97,0.011824,71466.0,128880.113
300926,2026-03-25,28.2,0.013295,36724.28,103674.061
300927,2026-03-25,28.73,0.00807,71101.52,203577.132
300928,2026-03-25,30.2,0.012742999999999999,13720.0,41384.305
300929,2026-03-25,12.54,0.041528,56167.8,69745.66
300930,2026-03-25,28.69,0.028315,19987.0,57290.726
300931,2026-03-25,11.93,-0.001674,55509.0,66613.406
300932,2026-03-25,13.62,-0.0036580000000000002,136368.51,186701.369
300933,2026-03-25,8.14,0.023899,146496.66,118977.398
300935,2026-03-25,29.43,0.019751,22795.68,67430.269
300936,2026-03-25,57.95,-0.040086000000000004,67476.47,393812.756
300937,2026-03-25,29.31,0.0065249999999999996,16689.29,49037.656
300938,2026-03-25,41.19,0.000486,130290.7,540528.827
300939,2026-03-25,46.51,-0.004069,146055.01,666448.605
300940,2026-03-25,22.43,0.007185,30525.8,68650.597
300941,2026-03-25,20.31,-0.000984,31282.0,63658.919
300942,2026-03-25,8.5,-0.005848,45425.4,38826.251
300943,2026-03-25,27.61,-0.008973,85201.76,240409.21
300945,2026-03-25,15.78,0.020699000000000002,181923.03,290295.088
300946,2026-03-25,43.8,0.032775,12281.7,54148.54
300947,2026-03-25,16.95,0.01863,27491.2,46418.909
300948,2026-03-25,20.65,0.01925,56149.57,115875.999
300949,2026-03-25,40.92,0.03073,9771.99,39721.884
300950,2026-03-25,21.44,0.011798,17168.88,36804.772
300951,2026-03-25,35.12,0.019743999999999998,18312.4,64303.692
300952,2026-03-25,35.35,0.021086,38385.41,135397.475
300953,2026-03-25,173.0,0.109686,79347.32,1336045.639
300955,2026-03-25,31.85,-0.030736,55884.74,177369.753
300956,2026-03-25,15.06,0.01006,30821.56,46276.567
300957,2026-03-25,37.75,0.000795,68536.07,258634.93
300958,2026-03-25,13.7,0.030074999999999998,39801.52,54128.144
300959,2026-03-25,78.3,0.011236,17637.53,138965.619
300960,2026-03-25,23.35,0.013015,10808.4,25281.398
300961,2026-03-25,13.83,0.068779,188665.82,247424.61
300962,2026-03-25,16.31,0.006790000000000001,37278.72,60564.842
300963,2026-03-25,17.5,0.023991,118427.83,206916.567
300964,2026-03-25,67.51,0.022724,46198.67,312863.744
300965,2026-03-25,52.24,0.018125,6439.46,33443.645
300966,2026-03-25,20.67,0.015725,32760.67,67791.669
300967,2026-03-25,18.04,0.008385,34439.0,62002.791
300968,2026-03-25,11.73,0.016464,39523.06,46368.498
300969,2026-03-25,129.14,0.028184999999999998,23707.9,307901.212
300970,2026-03-25,23.36,-0.013097000000000001,26443.1,62049.557
300971,2026-03-25,22.25,0.020642,32742.0,72867.532
300972,2026-03-25,185.66,0.005415,11811.38,220333.158
300973,2026-03-25,32.85,0.007977999999999999,18737.34,61449.514
300975,2026-03-25,19.33,0.089628,973130.54,1901020.01
300976,2026-03-25,55.55,0.015539,12789.46,71140.088
300977,2026-03-25,18.74,0.017925,17755.67,33129.516
300978,2026-03-25,11.06,-0.010733,72503.04,80673.808
300979,2026-03-25,43.92,0.004345,9406.53,41291.116
300980,2026-03-25,38.99,0.045028,118762.8,463390.199
300981,2026-03-25,13.97,-0.01481,157047.24,218577.943
300982,2026-03-25,24.64,-0.012029000000000001,81298.61,202290.985
300983,2026-03-25,29.67,-0.021761,14955.28,44841.378
300984,2026-03-25,53.83,0.029451,23131.68,124100.246
300985,2026-03-25,20.49,-0.005822000000000001,37408.4,77132.8
300986,2026-03-25,24.3,0.007045,182071.78,444290.993
300987,2026-03-25,17.41,0.021714,42897.32,74629.159
300988,2026-03-25,26.24,0.0019089999999999999,59093.44,155908.454
300989,2026-03-25,14.91,0.021932999999999998,36989.84,54685.542
300990,2026-03-25,81.61,0.020125,27136.69,222358.885
300991,2026-03-25,50.53,0.00039600000000000003,24321.17,123718.925
300993,2026-03-25,12.48,0.011345000000000001,45100.89,56353.888
300994,2026-03-25,15.78,-0.0062970000000000005,88110.83,138515.829
300995,2026-03-25,33.38,0.007850000000000001,16038.84,53796.18
300996,2026-03-25,15.71,0.01094,50204.69,78974.238
300997,2026-03-25,19.74,0.017526,45710.32,89682.402
300998,2026-03-25,22.55,0.01714,21106.0,47714.821
300999,2026-03-25,28.81,0.008754,131971.07,378056.352
301000,2026-03-25,29.4,0.009269,42049.21,123835.97
301001,2026-03-25,28.77,0.025303,20295.01,58243.789
301002,2026-03-25,36.59,0.06459100000000001,41646.54,148853.448
301003,2026-03-25,50.29,0.03905,18912.48,93578.057
301004,2026-03-25,47.7,0.005481000000000001,3960.2,18983.554
301005,2026-03-25,141.7,0.013808,61454.86,883244.394
301006,2026-03-25,16.81,0.019406,37976.34,64033.993
301007,2026-03-25,33.31,0.029357,21689.6,72118.843
301008,2026-03-25,29.42,0.025087,15872.38,46587.282
301009,2026-03-25,11.87,0.045815,41652.0,48874.203
301010,2026-03-25,21.98,0.000911,40538.48,89803.127
301011,2026-03-25,24.48,0.063423,51304.33,123154.255
301012,2026-03-25,31.82,0.037158000000000004,158688.82,502343.353
301013,2026-03-25,21.78,0.0088,70021.4,153458.463
301015,2026-03-25,23.17,0.103333,75723.0,167042.595
301016,2026-03-25,22.09,0.013303,17003.42,37627.577
301017,2026-03-25,13.8,0.010989,41894.4,57640.273
301018,2026-03-25,90.89,0.03484,88667.68,810033.326
301019,2026-03-25,20.57,0.018317,12938.39,26538.239
301020,2026-03-25,20.61,0.023337,16172.0,33241.751
301021,2026-03-25,51.78,0.013506,41582.73,216188.571
301022,2026-03-25,29.12,0.001376,24090.38,70432.928
301023,2026-03-25,39.81,0.021555,13620.0,54160.836
301024,2026-03-25,34.7,0.005797,9415.0,32868.712
301025,2026-03-25,10.56,0.021277,89192.0,94276.951
301026,2026-03-25,28.0,0.014125,50738.28,142555.535
301027,2026-03-25,23.24,0.010435000000000002,120799.96,284064.524
301028,2026-03-25,13.77,0.011013,26028.18,35849.45
301029,2026-03-25,23.66,0.007665999999999999,81217.56,192575.231
301030,2026-03-25,11.76,-0.009267,91249.2,108300.206
301031,2026-03-25,141.14,0.011901,14724.16,207380.108
301032,2026-03-25,12.22,0.00659,48728.0,59678.362
301033,2026-03-25,64.2,0.052114,11829.67,74880.244
301035,2026-03-25,74.12,0.000135,13211.0,98236.855
301036,2026-03-25,28.23,0.014009,8950.46,25302.265
301037,2026-03-25,14.73,0.006835,36882.98,54535.98
301038,2026-03-25,21.12,0.017341,26925.0,56919.642
301039,2026-03-25,8.88,0.050888,269849.07,240128.437
301040,2026-03-25,34.3,-0.15099,182770.48,676738.262
301041,2026-03-25,26.99,0.018491,49415.22,133944.277
301042,2026-03-25,93.03,0.029662,23517.91,215471.065
301043,2026-03-25,57.06,0.0061719999999999995,14211.0,81482.953
301045,2026-03-25,42.36,0.002366,28277.0,122017.577
301046,2026-03-25,25.38,0.021739,43838.05,111636.293
301047,2026-03-25,68.83,-0.003186,6405.3,44125.933
301048,2026-03-25,10.2,0.009901,37323.29,37910.836
301049,2026-03-25,22.85,0.023746,22117.0,50347.886
301050,2026-03-25,45.95,0.013900999999999998,46839.52,214379.612
301051,2026-03-25,21.65,0.023641000000000002,29158.15,63085.396
301052,2026-03-25,34.2,0.01907,31766.94,108958.234
301053,2026-03-25,37.5,0.057828,50279.35,186194.833
301055,2026-03-25,18.87,-0.002643,26474.0,50181.306
301056,2026-03-25,14.33,0.017756,24842.1,35384.692
301057,2026-03-25,34.06,-0.012180999999999999,28781.61,98745.558
301058,2026-03-25,9.89,0.016444,68501.0,67524.726
301059,2026-03-25,13.35,0.01213,37178.3,49570.041
301060,2026-03-25,9.75,-0.003067,66233.0,64715.836
301061,2026-03-25,76.03,0.016172,7724.09,58782.196
301062,2026-03-25,8.0,0.017811999999999998,69967.0,56102.036
301063,2026-03-25,23.97,0.005031,40737.2,98492.077
301065,2026-03-25,22.53,0.020842999999999997,22062.29,49644.879
301066,2026-03-25,14.09,0.019537,59061.73,82607.44
301067,2026-03-25,29.94,0.014571,18430.15,55292.631
301068,2026-03-25,33.55,0.013595,23235.45,77829.24
301069,2026-03-25,20.46,0.018417,67894.38,138166.208
301070,2026-03-25,69.87,0.041592000000000004,34842.0,242219.034
301071,2026-03-25,41.36,0.013974,106626.31,445339.057
301072,2026-03-25,22.47,0.047064,22055.0,49264.333
301073,2026-03-25,26.83,0.037109,43397.89,115665.066
301075,2026-03-25,80.55,0.03256,17712.77,143491.258
301076,2026-03-25,37.04,0.041033999999999994,31402.67,115570.839
301077,2026-03-25,26.87,0.018961,12621.52,33771.363
301078,2026-03-25,8.31,0.009721,229446.01,190366.251
301079,2026-03-25,36.6,0.022345999999999998,55337.82,202974.379
301080,2026-03-25,40.95,0.000489,25579.39,104866.247
301081,2026-03-25,14.86,-0.008011,93540.84,138129.434
301082,2026-03-25,17.67,0.017857,62309.05,109874.915
301083,2026-03-25,18.22,-0.004372,19831.57,36225.372
301085,2026-03-25,64.77,0.058333,67782.08,437733.625
301086,2026-03-25,123.6,0.032237,24664.51,305632.943
301087,2026-03-25,56.85,0.033261,26114.96,146544.258
301088,2026-03-25,14.22,0.005658,20560.6,29194.1
301089,2026-03-25,27.65,0.019542999999999998,14947.72,41251.102
301090,2026-03-25,7.8,0.019608,173611.45,135224.514
301091,2026-03-25,21.44,0.001869,37030.46,79740.031
301092,2026-03-25,32.81,0.008607,13945.0,45775.474
301093,2026-03-25,87.91,0.040601000000000005,41885.78,371699.701
301095,2026-03-25,68.53,0.022531,43600.73,299189.604
301096,2026-03-25,50.04,0.01873,14154.64,70731.399
301097,2026-03-25,51.86,0.005428,5233.5,27390.26
301098,2026-03-25,8.6,0.026253000000000002,101279.18,87075.885
301099,2026-03-25,49.44,0.021488,108571.36,535843.25
301100,2026-03-25,18.59,0.0070420000000000005,14192.0,26518.778
301101,2026-03-25,33.32,0.021145999999999998,20107.75,66760.284
301102,2026-03-25,10.79,0.019849000000000002,30602.93,32969.322
301103,2026-03-25,19.28,0.0041670000000000006,16678.7,32291.044
301105,2026-03-25,61.8,0.013447,19651.62,120423.293
301106,2026-03-25,29.34,0.019812,13972.2,40984.615
301107,2026-03-25,27.35,0.013713999999999999,13711.06,37380.804
301108,2026-03-25,29.72,0.030513,12035.6,35501.374
301109,2026-03-25,17.29,0.026113,120425.14,205399.696
301110,2026-03-25,56.83,0.032896999999999996,24928.34,140582.012
301111,2026-03-25,18.67,0.0037630000000000003,27447.76,51297.805
301112,2026-03-25,32.82,0.019888,6884.0,22555.872
301113,2026-03-25,25.6,0.050903000000000004,21920.9,55441.866
301115,2026-03-25,21.52,-0.00738,38874.0,83847.425
301116,2026-03-25,9.98,-0.001001,40243.0,40275.19
301117,2026-03-25,42.45,0.00664,36718.06,156802.387
301118,2026-03-25,23.64,0.008963,26819.0,63331.4
301119,2026-03-25,42.59,0.006856,11981.0,51254.841
301120,2026-03-25,22.95,0.019547000000000002,226523.31,520874.662
301121,2026-03-25,35.6,0.016852,19926.03,70438.08
301122,2026-03-25,30.0,-0.015425,11573.0,34997.378
301123,2026-03-25,52.25,0.026119,41746.04,218448.585
301125,2026-03-25,19.34,-0.007187,36616.4,71436.63
301126,2026-03-25,11.18,0.009937,39276.1,43902.467
301127,2026-03-25,16.67,0.040574000000000006,140554.6,234774.722
301128,2026-03-25,139.42,0.041069,135443.52,1814121.996
301129,2026-03-25,24.82,0.013061,24063.82,60105.119
301130,2026-03-25,30.16,0.026199,14751.63,44255.315
301131,2026-03-25,41.64,0.029674,12986.84,54124.951
301132,2026-03-25,39.17,0.017138,49616.79,194940.084
301133,2026-03-25,39.71,0.022136,34609.78,138872.255
301135,2026-03-25,27.91,0.013434999999999999,18985.06,53292.767
301136,2026-03-25,15.77,0.028702000000000002,79024.2,122459.178
301137,2026-03-25,48.43,0.05558,103994.9,495373.405
301138,2026-03-25,34.74,0.011354,10379.27,36165.637
301139,2026-03-25,17.92,0.032258,44183.0,79167.637
301141,2026-03-25,49.26,0.023691,22461.38,110229.333
301148,2026-03-25,50.48,0.019798,10235.08,51522.51
301149,2026-03-25,11.61,0.000862,69429.2,80917.04
301150,2026-03-25,48.99,0.049486,141831.68,685603.897
301151,2026-03-25,18.38,0.020543999999999996,15650.0,28740.197
301152,2026-03-25,27.59,0.019962999999999998,31752.96,86684.926
301153,2026-03-25,21.25,0.034062999999999996,66039.72,141180.525
301155,2026-03-25,86.4,-0.007581,49452.97,425423.534
301156,2026-03-25,19.1,0.02139,22509.68,42907.375
301157,2026-03-25,61.77,0.002597,25669.11,158179.043
301158,2026-03-25,24.9,0.016327,74995.65,185322.12
301159,2026-03-25,43.32,0.002778,16627.06,72475.173
301160,2026-03-25,56.85,0.021013,12933.56,73340.318
301161,2026-03-25,29.42,0.019757,19483.92,57578.79
301162,2026-03-25,71.75,0.024707,21608.37,155111.3
301163,2026-03-25,29.4,0.029772,27330.79,79929.904
301165,2026-03-25,85.4,0.042352999999999995,90091.73,771341.704
301166,2026-03-25,30.33,0.006304,22842.47,69266.123
301167,2026-03-25,16.32,0.007407,44928.17,73792.676
301168,2026-03-25,44.01,-0.0027189999999999996,26523.65,117137.418
301169,2026-03-25,53.01,-0.008974,14608.65,77995.475
301170,2026-03-25,28.2,0.017683,12634.64,35662.566
301171,2026-03-25,44.25,0.018881,208898.75,925209.202
301172,2026-03-25,25.42,0.039248,58209.76,148864.284
301173,2026-03-25,42.41,0.014108,5672.0,24041.289
301175,2026-03-25,6.77,0.041538000000000005,432263.88,289672.321
301176,2026-03-25,26.92,-0.0077410000000000005,63533.02,172678.923
301177,2026-03-25,28.17,0.021762999999999998,11903.6,33394.589
301178,2026-03-25,47.59,0.010832999999999999,11962.0,57275.982
301179,2026-03-25,25.16,-0.015264,292657.61,740376.399
301180,2026-03-25,22.4,0.046729,188013.45,411540.024
301181,2026-03-25,38.23,0.003412,35554.1,139067.038
301182,2026-03-25,53.5,0.019825,28319.8,153094.101
301183,2026-03-25,156.0,-0.012658,92920.48,1452547.012
301185,2026-03-25,18.5,0.016484000000000002,29437.96,54563.463
301186,2026-03-25,54.93,0.028843999999999998,29279.84,158877.675
301187,2026-03-25,20.31,0.019577999999999998,15349.6,31127.959
301188,2026-03-25,16.27,0.021343,51200.69,83412.7
301189,2026-03-25,46.47,0.028096999999999997,55899.61,259046.829
301190,2026-03-25,22.04,0.0077729999999999995,17762.0,39199.156
301191,2026-03-25,130.99,-0.01363,60377.2,787040.004
301192,2026-03-25,26.96,0.024704999999999998,14766.11,39803.942
301193,2026-03-25,22.56,0.016674,29706.78,67209.024
301195,2026-03-25,31.8,-0.00157,15363.5,48890.086
301196,2026-03-25,110.16,0.2,118282.4,1201373.309
301197,2026-03-25,21.15,-0.012605,28394.48,60436.383
301198,2026-03-25,14.4,0.006993,33581.0,48279.836
301199,2026-03-25,22.42,0.014939000000000001,14301.4,32058.788
301200,2026-03-25,162.0,0.015674,45151.4,729616.666
301201,2026-03-25,41.41,0.05315400000000001,30606.57,125506.491
301202,2026-03-25,38.22,0.04,20506.86,78810.38
301203,2026-03-25,41.48,0.036482,15614.0,63785.545
301205,2026-03-25,215.8,-0.017796,147972.84,3253272.101
301206,2026-03-25,25.52,0.015924,8779.5,22315.952
301207,2026-03-25,18.69,0.000535,39386.86,73824.243
301208,2026-03-25,34.63,0.020932,15138.39,52484.869
301209,2026-03-25,88.92,-0.0031390000000000003,7195.11,64210.946
301210,2026-03-25,37.14,0.014199999999999999,15182.39,56354.713
301211,2026-03-25,11.73,0.005141,30385.15,35591.309
301212,2026-03-25,26.87,0.014345000000000002,14371.0,38782.414
301213,2026-03-25,67.66,0.006845,25714.66,173636.997
301215,2026-03-25,6.05,0.0134,86186.0,52040.559
301216,2026-03-25,24.62,-0.032612999999999996,171649.05,425683.972
301217,2026-03-25,37.57,0.026222,264536.49,1002101.634
301218,2026-03-25,34.45,0.0026190000000000002,38333.89,132409.49
301219,2026-03-25,60.41,0.029833,68576.13,411971.115
301220,2026-03-25,42.95,0.021646000000000002,40299.08,173006.678
301221,2026-03-25,49.3,0.0073560000000000006,14831.26,73202.572
301222,2026-03-25,32.94,0.033898000000000005,23182.0,75426.698
301223,2026-03-25,19.03,0.021471,30299.0,57892.766
301225,2026-03-25,98.64,0.041715,19572.57,193842.159
301226,2026-03-25,41.72,-0.028864,181296.87,763617.716
301227,2026-03-25,38.9,0.021534,18594.61,70558.555
301228,2026-03-25,41.01,0.014346000000000001,15247.83,62495.732
301229,2026-03-25,18.04,0.022675999999999998,24146.87,43423.158
301230,2026-03-25,35.28,0.006274999999999999,41433.52,146543.959
301231,2026-03-25,31.51,0.013183,32269.05,101781.866
301232,2026-03-25,159.08,0.012603,28959.13,469322.026
301233,2026-03-25,50.15,0.024933999999999998,6663.0,33449.043
301234,2026-03-25,37.67,0.04638899999999999,14270.02,53672.475
301235,2026-03-25,50.55,0.066681,94710.6,489499.494
301236,2026-03-25,39.02,0.007228,134869.27,527954.141
301237,2026-03-25,53.32,0.015619000000000001,6580.0,35303.687
301238,2026-03-25,19.32,-0.003096,92653.35,178883.827
301239,2026-03-25,33.44,-0.002387,11179.0,37511.257
301246,2026-03-25,20.29,-0.017433,105715.14,215404.544
301248,2026-03-25,54.84,-0.008856000000000001,118329.78,663891.934
301251,2026-03-25,57.72,0.009091,39575.55,230307.885
301252,2026-03-25,34.27,0.006461,27740.4,96142.183
301255,2026-03-25,24.73,0.013525,11129.2,27629.033
301256,2026-03-25,13.01,0.024409,121610.56,159969.161
301257,2026-03-25,52.51,0.03939,17298.99,90841.691
301258,2026-03-25,31.16,0.002252,11450.46,35812.687
301259,2026-03-25,31.96,0.038674,29078.31,92785.166
301260,2026-03-25,15.0,0.009421,20882.48,31297.911
301261,2026-03-25,80.04,0.047918,20830.0,164868.627
301262,2026-03-25,23.23,0.016185,40953.31,94815.845
301263,2026-03-25,25.49,-0.004686,43117.0,109695.284
301265,2026-03-25,21.08,0.009578999999999999,126340.74,264932.349
301266,2026-03-25,50.36,-0.070849,97544.94,503316.024
301267,2026-03-25,16.63,0.004834,30778.0,51180.725
301268,2026-03-25,22.03,0.006396,46720.75,103430.49
301269,2026-03-25,84.02,0.020527000000000004,32712.35,273863.717
301270,2026-03-25,32.33,0.024723000000000002,28410.0,91349.169
301272,2026-03-25,39.73,0.027410999999999998,8092.0,32016.746
301273,2026-03-25,30.21,0.037075,12916.13,38918.141
301275,2026-03-25,40.4,0.0,75076.71,303933.149
301276,2026-03-25,24.06,0.055726000000000005,35885.72,86385.802
301277,2026-03-25,11.37,-0.000879,25358.42,28920.529
301278,2026-03-25,40.75,-0.004154,36732.77,151010.169
301279,2026-03-25,26.89,0.006739,11809.0,31691.34
301280,2026-03-25,51.09,0.007891,12709.48,65375.0
301281,2026-03-25,46.41,0.034321000000000004,38424.1,178873.188
301282,2026-03-25,33.79,0.02239,103423.94,349048.269
301283,2026-03-25,43.95,0.012673,8637.82,38011.879
301285,2026-03-25,79.42,0.014434,41987.82,336290.265
301286,2026-03-25,45.25,0.039752,24357.0,110688.15
301287,2026-03-25,41.68,0.031682999999999996,10133.73,42011.938
301288,2026-03-25,17.71,0.022517,2581.0,4565.017
301289,2026-03-25,52.21,0.007137,4222.07,22087.577
301290,2026-03-25,26.2,0.017081,12365.0,32473.078
301291,2026-03-25,56.89,0.021181000000000002,101776.37,584661.475
301292,2026-03-25,69.01,-0.024594,218328.57,1496423.181
301293,2026-03-25,68.96,0.020419999999999997,87625.29,602379.766
301295,2026-03-25,34.4,0.006731,37648.91,131333.829
301296,2026-03-25,7.77,0.011719,26585.0,20627.171
301297,2026-03-25,33.5,0.0035949999999999997,32702.3,110293.338
301298,2026-03-25,15.7,0.036303999999999996,37443.15,58393.445
301299,2026-03-25,68.29,0.014409,24708.0,169991.629
301300,2026-03-25,42.69,0.020072,13870.0,59564.415
301301,2026-03-25,11.06,0.017479,173305.0,192074.843
301302,2026-03-25,29.47,0.048381,205669.34,585910.753
301303,2026-03-25,14.72,0.010989,21400.32,31486.859
301305,2026-03-25,24.47,-0.014499,64016.68,157001.641
301306,2026-03-25,132.71,-0.021818,84527.06,1133641.81
301307,2026-03-25,41.6,0.08900499999999999,153580.16,616127.001
301308,2026-03-25,338.16,0.045316999999999996,184208.23,6198465.859
301310,2026-03-25,36.19,0.009484,14229.6,51769.605
301311,2026-03-25,16.41,0.013589,26420.06,43206.892
301312,2026-03-25,87.55,0.056601,75533.34,671958.096
301313,2026-03-25,29.81,0.008116,24409.05,73512.95
301314,2026-03-25,45.3,0.039468,12052.0,54635.7
301315,2026-03-25,49.19,0.009854,12579.0,62071.158
301316,2026-03-25,41.45,0.018428,64613.54,270374.331
301317,2026-03-25,49.31,0.03159,40991.57,203252.686
301318,2026-03-25,26.78,0.010565999999999999,10039.4,27008.088
301319,2026-03-25,45.02,0.08822800000000001,42020.68,182374.952
301320,2026-03-25,16.77,0.010241,24686.0,41573.889
301321,2026-03-25,19.07,0.012208000000000002,28943.7,55385.142
301322,2026-03-25,29.08,0.004144,15402.0,45028.869
301323,2026-03-25,53.91,0.033551000000000004,27424.46,148566.377
301325,2026-03-25,44.35,0.003394,17650.4,78391.676
301326,2026-03-25,126.98,0.025935,14427.97,182703.202
301327,2026-03-25,67.63,-0.024661,85152.77,575437.115
301328,2026-03-25,46.76,0.009935000000000001,8587.5,40288.997
301329,2026-03-25,22.21,0.025865999999999997,25024.8,55382.973
301330,2026-03-25,33.94,0.008317999999999999,27955.11,95358.146
301331,2026-03-25,25.75,0.014178999999999999,11631.08,29889.529
301332,2026-03-25,9.08,0.01566,23478.0,21299.834
301333,2026-03-25,59.9,0.051246,26699.97,160159.048
301335,2026-03-25,25.16,0.009630999999999999,12334.0,31098.776
301336,2026-03-25,51.54,0.03494,12951.3,66506.545
301337,2026-03-25,27.83,0.015693,21572.92,59916.812
301338,2026-03-25,170.0,0.0028910000000000003,28778.29,496139.255
301339,2026-03-25,13.32,0.0052829999999999995,38605.55,51552.129
301345,2026-03-25,210.72,0.022961999999999996,10199.22,215764.091
301348,2026-03-25,25.42,-0.0031369999999999996,157739.25,406310.357
301349,2026-03-25,53.39,-0.010197000000000001,36586.1,195577.63
301353,2026-03-25,27.07,0.023828000000000002,12084.7,32739.755
301355,2026-03-25,12.03,0.028205,56010.0,67088.436
301356,2026-03-25,21.33,0.018138,14194.8,30194.969
301357,2026-03-25,127.99,0.089184,84291.45,1016515.638
301358,2026-03-25,77.27,0.001555,217559.49,1669537.989
301359,2026-03-25,20.58,0.029515,16931.0,34706.081
301360,2026-03-25,65.56,0.033255,11909.0,77890.786
301361,2026-03-25,39.76,-0.002258,39548.84,158206.701
301362,2026-03-25,98.6,0.035497,39694.19,392520.991
301363,2026-03-25,25.85,0.03857,77532.59,199839.199
301365,2026-03-25,29.74,-0.025557,75402.46,225291.844
301366,2026-03-25,31.13,0.006792,17596.5,55149.201
301367,2026-03-25,67.18,0.003435,5339.2,35902.094
301368,2026-03-25,52.47,0.017648999999999998,15448.0,80626.952
301369,2026-03-25,135.63,0.021002999999999997,10304.17,137973.536
301370,2026-03-25,10.34,0.011741999999999999,24574.73,25338.588
301371,2026-03-25,22.43,-0.000891,11817.25,26562.613
301372,2026-03-25,26.58,0.026255,15491.72,41139.067
301373,2026-03-25,64.27,0.020158999999999996,109533.0,724181.842
301376,2026-03-25,16.32,0.00369,26063.02,42649.161
301377,2026-03-25,182.26,0.049764,27022.46,487924.644
301378,2026-03-25,31.89,0.014959,20774.86,66117.916
301379,2026-03-25,25.77,0.045860000000000005,58085.18,148926.06
301380,2026-03-25,32.69,0.029282,18556.25,60940.042
301381,2026-03-25,19.41,0.004139,24310.0,47153.58
301382,2026-03-25,35.39,0.029378,110667.94,393471.561
301383,2026-03-25,27.67,0.009854,10705.0,29633.733
301386,2026-03-25,25.2,0.019417,21614.0,54393.323
301387,2026-03-25,51.68,0.035464,21584.4,111372.344
301388,2026-03-25,34.36,0.004091,29596.55,102499.391
301389,2026-03-25,52.19,-0.003437,78530.78,414613.615
301390,2026-03-25,37.96,0.011188,11269.0,42949.049
301391,2026-03-25,71.84,0.08372299999999999,23693.22,163821.798
301392,2026-03-25,112.25,-0.003108,21161.77,239874.243
301393,2026-03-25,49.99,-0.010490999999999999,7371.42,37153.649
301395,2026-03-25,16.18,0.031888,51937.12,83164.657
301396,2026-03-25,163.65,0.06266200000000001,163980.13,2685848.113
301397,2026-03-25,29.15,0.032589,20369.61,59103.56
301398,2026-03-25,47.44,0.014325000000000001,8324.63,39409.221
301399,2026-03-25,22.15,0.004535,74134.26,165480.355
301408,2026-03-25,17.04,0.0161,85985.75,146418.231
301413,2026-03-25,114.41,0.031278,26813.81,306732.573
301418,2026-03-25,36.52,0.017837000000000002,9836.0,35950.241
301419,2026-03-25,43.79,0.200055,77760.37,333151.404
301421,2026-03-25,85.42,0.015696,21960.07,188008.58
301428,2026-03-25,37.52,0.0067079999999999996,131023.21,493084.941
301429,2026-03-25,19.78,0.025934,26523.0,52221.213
301439,2026-03-25,16.45,0.035242,83992.35,137821.721
301446,2026-03-25,37.47,0.007258,8851.0,33267.618
301448,2026-03-25,39.54,0.041074,13048.79,51783.185
301449,2026-03-25,80.73,-0.015007,28748.37,234664.613
301456,2026-03-25,30.72,0.008205,30214.0,92710.007
301458,2026-03-25,34.7,0.062137000000000005,75836.91,257505.847
301459,2026-03-25,38.21,0.035221,14719.6,56535.312
301468,2026-03-25,49.04,0.005742000000000001,55469.74,276774.274
301469,2026-03-25,31.53,0.010901000000000001,10095.0,31849.138
301479,2026-03-25,98.44,0.009641,30297.38,297283.256
301486,2026-03-25,153.79,0.049045,77305.85,1181070.668
301487,2026-03-25,20.95,0.003352,134569.05,280755.051
301488,2026-03-25,134.0,0.031642,13929.37,185494.213
301489,2026-03-25,172.52,0.018057,20048.65,346294.505
301491,2026-03-25,51.03,0.010295,6074.93,31010.013
301498,2026-03-25,52.7,0.008419,15229.9,80078.61
301499,2026-03-25,30.76,0.009186,24086.1,73548.352
301500,2026-03-25,19.68,0.020218,138892.83,273770.266
301501,2026-03-25,37.03,0.012856000000000001,6660.45,24636.987
301502,2026-03-25,43.02,0.023067999999999998,9045.23,38968.67
301503,2026-03-25,35.31,0.016993,9977.84,35394.168
301505,2026-03-25,23.08,0.020336,19596.56,45196.189
301507,2026-03-25,13.86,0.004348,26332.0,36531.718
301508,2026-03-25,29.44,0.020451,21519.29,63565.691
301509,2026-03-25,39.83,0.0007539999999999999,79479.99,317123.561
301510,2026-03-25,31.0,0.024793,48183.05,149029.441
301511,2026-03-25,37.64,0.0121,266354.29,1004107.385
301512,2026-03-25,45.16,0.019413,8098.0,36711.629
301515,2026-03-25,22.01,0.013819,19003.62,41937.12
301516,2026-03-25,19.09,-0.007796,102366.43,195938.448
301517,2026-03-25,54.0,0.011236,27481.23,148686.982
301518,2026-03-25,40.2,0.003745,21676.2,87523.345
301519,2026-03-25,14.35,0.030150999999999997,36061.73,51424.759
301520,2026-03-25,40.42,0.015068,5874.0,23783.1
301522,2026-03-25,30.81,0.02223,50244.48,154816.612
301525,2026-03-25,74.56,0.013043,11627.2,86540.399
301526,2026-03-25,11.12,0.02963,1376701.58,1562430.543
301528,2026-03-25,57.59,0.008581,4309.69,24815.768
301529,2026-03-25,108.27,0.11607100000000001,43072.69,456907.905
301533,2026-03-25,32.0,0.020408,10906.17,34858.924
301535,2026-03-25,21.13,0.054390999999999995,65571.51,136402.891
301536,2026-03-25,72.15,0.020365,69372.51,500434.074
301538,2026-03-25,75.46,0.036681,10751.48,81091.901
301539,2026-03-25,19.08,0.016516,15480.0,29495.306
301548,2026-03-25,68.38,0.00796,11955.9,82287.538
301550,2026-03-25,146.36,0.10577199999999999,78936.57,1128420.236
301551,2026-03-25,28.58,0.011323000000000001,33395.98,95229.838
301552,2026-03-25,37.27,0.025592,8685.02,32261.902
301555,2026-03-25,35.66,0.013356,30720.0,111173.294
301556,2026-03-25,83.14,0.017376,14455.62,119755.376
301557,2026-03-25,98.88,0.017388999999999998,8676.0,85069.643
301558,2026-03-25,8.13,0.014981,70705.0,57367.54
301559,2026-03-25,15.93,0.018542,25124.74,39900.781
301560,2026-03-25,39.6,0.055437,60770.43,241179.751
301563,2026-03-25,156.02,0.00496,16055.14,250413.951
301565,2026-03-25,20.9,0.018022,24321.0,50522.066
301566,2026-03-25,19.96,0.0,109971.96,221795.624
301567,2026-03-25,42.6,0.018651,11644.99,49612.992
301568,2026-03-25,49.76,0.023447,32437.13,161810.061
301571,2026-03-25,63.02,0.081703,58666.32,362534.662
301575,2026-03-25,46.23,0.00983,4123.85,19026.755
301577,2026-03-25,63.36,0.033943,15541.8,98421.763
301578,2026-03-25,33.41,0.030855,9544.19,31687.165
301580,2026-03-25,71.2,-0.01262,72101.13,529373.333
301581,2026-03-25,46.77,0.014314,3705.4,17271.842
301584,2026-03-25,27.33,-0.019726999999999998,64181.41,176372.346
301585,2026-03-25,27.8,0.013857999999999999,7354.0,20418.569
301586,2026-03-25,43.85,0.019767,7986.69,34721.53
301587,2026-03-25,24.5,0.056946000000000004,67779.05,163591.099
301588,2026-03-25,23.44,0.046429,38260.06,88873.314
301589,2026-03-25,166.97,0.017117,5607.21,93876.4
301590,2026-03-25,176.97,0.0056830000000000006,5125.18,90809.865
301591,2026-03-25,40.14,0.011083,13418.0,53929.159
301592,2026-03-25,115.34,0.052371999999999995,11061.8,126241.113
301595,2026-03-25,60.15,0.008381999999999999,10256.94,61792.072
301596,2026-03-25,66.66,0.037671,6784.2,44742.553
301598,2026-03-25,58.85,0.022945000000000004,4161.01,24416.127
301600,2026-03-25,100.6,0.007007,9132.94,92161.014
301601,2026-03-25,23.36,0.010381,13521.09,31624.922
301602,2026-03-25,19.66,-0.008073,13985.83,27590.369
301603,2026-03-25,71.22,0.104529,47076.88,327345.591
301606,2026-03-25,72.45,0.041397,66543.66,482699.754
301607,2026-03-25,44.19,0.005461000000000001,34477.4,153138.099
301608,2026-03-25,80.2,0.019448,6104.0,48731.262
301609,2026-03-25,57.08,-0.029417,101665.18,582663.226
301611,2026-03-25,98.99,0.042659,68119.46,678539.263
301613,2026-03-25,45.16,0.006912000000000001,12051.08,54424.924
301616,2026-03-25,47.23,0.011999,4641.93,21896.34
301617,2026-03-25,56.99,0.014418,15148.0,86505.611
301618,2026-03-25,48.05,0.019737,5173.6,24826.876
301622,2026-03-25,59.75,0.025575,11792.56,70037.368
301626,2026-03-25,243.3,0.049385000000000005,29260.0,708518.74
301628,2026-03-25,102.74,0.012716,17391.55,179568.257
301629,2026-03-25,249.07,-0.021336,19547.6,503209.302
301630,2026-03-25,175.88,0.021845,7755.0,136157.761
301631,2026-03-25,87.4,0.016279,7838.8,68255.762
301632,2026-03-25,21.27,0.012375,32697.78,69803.8
301633,2026-03-25,61.81,0.013777,4418.94,27501.946
301636,2026-03-25,70.38,-0.018821,35603.86,252795.737
301638,2026-03-25,29.63,-0.020496,632899.87,1917734.565
301656,2026-03-25,24.2,-0.000826,49676.55,120296.978
301658,2026-03-25,61.1,0.020374,221825.04,1319394.792
301662,2026-03-25,135.1,0.004909,10186.39,138983.509
301665,2026-03-25,26.56,0.016456,30512.35,80373.586
301667,2026-03-25,100.0,-0.028277,85866.04,855728.348
301668,2026-03-25,54.81,-0.019148000000000002,29654.5,163973.151
301678,2026-03-25,61.53,0.013673999999999999,16906.46,104026.052
301680,2026-03-25,115.8,-0.012367,49710.66,577092.269
301682,2026-03-25,128.65,0.846827,196738.44,2663177.298
301687,2026-03-25,59.76,0.010825,37425.35,224711.288
302132,2026-03-25,69.9,0.041574,87835.17,602675.832
600000,2026-03-25,10.1,0.005976,456784.02,458609.986
600004,2026-03-25,8.98,0.015837,115943.18,103666.935
600006,2026-03-25,6.46,0.017322999999999998,122130.57,78599.309
600007,2026-03-25,20.24,0.00998,28508.5,57534.447
600008,2026-03-25,3.25,0.031745999999999996,1523687.55,492941.045
600009,2026-03-25,27.98,0.013768,76418.32,212838.57
600010,2026-03-25,2.58,0.027888000000000003,8829617.03,2261878.599
600011,2026-03-25,7.68,0.021277,2801552.57,2133247.342
600012,2026-03-25,15.56,0.009079,49588.26,76624.743
600015,2026-03-25,7.18,0.009845,610061.23,435642.546
600016,2026-03-25,3.88,0.018373,2297835.47,882047.827
600017,2026-03-25,3.28,0.051281999999999994,883750.6,285584.603
600018,2026-03-25,5.15,0.013779999999999999,553483.04,283627.599
600019,2026-03-25,6.42,0.0046949999999999995,844931.05,542152.267
600020,2026-03-25,3.98,0.023136,207269.99,81966.072
600021,2026-03-25,19.43,0.034611,518076.13,1002350.416
600022,2026-03-25,1.55,0.02649,1877533.41,287698.226
600023,2026-03-25,5.51,0.026071,1219331.94,668904.777
600025,2026-03-25,10.23,-0.001951,416273.46,426088.578
600026,2026-03-25,25.33,-0.020874,1443012.53,3744678.712
600027,2026-03-25,5.43,0.030361,3308747.82,1781757.41
600028,2026-03-25,5.92,-0.003367,2533931.62,1483925.74
600029,2026-03-25,5.76,0.024911,1573086.99,906273.447
600030,2026-03-25,24.66,0.012315,1134772.02,2792003.965
600031,2026-03-25,19.73,0.031364,711148.83,1402196.37
600032,2026-03-25,13.02,0.099662,1717214.69,2153556.023
600033,2026-03-25,3.85,0.05769199999999999,609660.57,229154.092
600035,2026-03-25,3.91,0.028946999999999997,196513.64,75868.059
600036,2026-03-25,39.26,0.00025499999999999996,653816.69,2556622.045
600037,2026-03-25,7.34,0.02371,152329.34,111312.073
600038,2026-03-25,33.54,0.014825999999999999,65412.73,218005.358
600039,2026-03-25,9.91,0.024819,180939.03,177303.066
600048,2026-03-25,6.01,0.0067,908293.09,545002.929
600050,2026-03-25,4.55,0.002203,1569307.42,713366.085
600051,2026-03-25,7.68,0.037838,95259.0,72638.098
600052,2026-03-25,4.14,0.029851000000000003,144285.87,59201.407
600053,2026-03-25,15.43,0.008497,32242.0,49713.256
600054,2026-03-25,13.45,0.030651,113643.04,151523.104
600055,2026-03-25,14.5,0.016118,30817.04,44697.278
600056,2026-03-25,10.04,0.004,88100.3,88344.026
600057,2026-03-25,8.19,0.052698999999999996,215909.16,174133.787
600058,2026-03-25,11.45,0.041856,116336.47,131791.01
600059,2026-03-25,8.83,0.010297,65136.0,57377.941
600060,2026-03-25,22.27,0.021560000000000003,75284.49,167310.884
600061,2026-03-25,6.91,0.00436,338686.55,234041.177
600062,2026-03-25,18.23,0.010532,71218.6,129394.45
600063,2026-03-25,6.75,0.013514,475495.45,321332.597
600064,2026-03-25,8.29,0.017178,186376.58,154151.03
600066,2026-03-25,32.32,0.006227,172197.77,553234.298
600067,2026-03-25,4.03,0.022843,270503.15,107777.685
600071,2026-03-25,18.83,0.014001,23964.83,44982.923
600072,2026-03-25,12.88,-0.0038669999999999998,233266.37,301270.73
600073,2026-03-25,5.88,0.017301,92065.36,53805.791
600075,2026-03-25,7.03,-0.043537,488657.45,346375.691
600076,2026-03-25,3.55,0.028986,459011.22,161946.516
600078,2026-03-25,11.24,0.031193,217817.01,244332.684
600079,2026-03-25,18.44,0.013186999999999999,94484.02,173630.961
600080,2026-03-25,8.3,0.0,49359.0,40838.509
600081,2026-03-25,11.2,0.01083,19131.44,21445.115
600082,2026-03-25,3.6,-0.0027700000000000003,169135.0,61051.289
600084,2026-03-25,7.04,0.018813,69592.0,48385.699
600085,2026-03-25,28.6,0.0,70366.41,201147.839
600088,2026-03-25,14.33,0.020655,34587.65,49296.995
600089,2026-03-25,29.08,0.019993,1979831.39,5737892.869
600094,2026-03-25,4.06,0.035714,263711.45,106320.021
600095,2026-03-25,9.46,0.006383,204058.97,192531.205
600096,2026-03-25,34.54,0.0008690000000000001,672869.66,2323781.055
600097,2026-03-25,10.9,0.023474,35926.74,38918.681
600098,2026-03-25,7.86,0.036939,488196.16,381256.774
600099,2026-03-25,10.59,0.017291,42574.38,45044.97
600100,2026-03-25,8.22,0.022387999999999998,501808.75,413556.689
600101,2026-03-25,10.89,0.025424000000000002,478516.33,517458.777
600103,2026-03-25,3.53,0.038235,732421.95,255297.305
600104,2026-03-25,14.5,0.029830000000000002,647412.88,930535.466
600105,2026-03-25,26.25,0.041253000000000005,1071383.73,2797330.063
600106,2026-03-25,5.51,0.02037,126876.18,69572.795
600107,2026-03-25,6.06,0.032368,138282.11,83706.696
600108,2026-03-25,5.01,0.028746999999999998,1956398.74,983950.808
600109,2026-03-25,8.4,0.007194000000000001,255016.46,214171.146
600110,2026-03-25,7.86,0.0038309999999999998,822079.78,647030.825
600111,2026-03-25,47.82,0.050066,1151894.22,5436562.647
600113,2026-03-25,51.3,-0.032075,57891.19,301889.685
600114,2026-03-25,27.12,0.0207,153865.56,416987.175
600115,2026-03-25,4.38,0.047847,3304001.17,1441825.68
600116,2026-03-25,7.23,0.031383999999999995,695327.79,499210.764
600117,2026-03-25,2.62,0.023438,176154.03,45598.833
600118,2026-03-25,79.64,0.016335,285699.51,2283143.259
600119,2026-03-25,5.89,0.012027000000000001,61265.6,36000.313
600120,2026-03-25,5.69,0.010657000000000002,367769.79,209054.063
600121,2026-03-25,5.52,0.043478,2064705.61,1094166.981
600123,2026-03-25,6.96,-0.012766,681226.14,468177.962
600125,2026-03-25,6.7,0.055118,523286.37,344496.74
600126,2026-03-25,8.63,0.057598,1716717.32,1457888.955
600127,2026-03-25,6.75,0.028963000000000003,341700.44,228073.933
600128,2026-03-25,10.75,0.026743000000000003,53379.3,57275.43
600129,2026-03-25,15.82,0.022624,49239.8,77155.227
600130,2026-03-25,4.3,0.036145000000000004,220027.47,94064.746
600131,2026-03-25,20.55,0.014314,294253.45,609012.496
600132,2026-03-25,57.39,0.007549,41045.14,235692.148
600133,2026-03-25,8.84,0.024333999999999998,161299.63,141631.514
600135,2026-03-25,11.45,-0.0008730000000000001,485189.19,541628.072
600136,2026-03-25,1.93,0.048913000000000005,648773.77,121555.483
600137,2026-03-25,22.13,0.020286,81807.1,179710.066
600138,2026-03-25,9.24,0.01427,90241.58,82908.212
600141,2026-03-25,33.01,0.05027,345637.8,1125763.423
600143,2026-03-25,17.07,-0.004665,1116335.17,1915306.969
600148,2026-03-25,18.42,0.025612,20064.99,36693.666
600149,2026-03-25,6.71,0.013595,668205.62,443220.968
600150,2026-03-25,31.85,0.00855,714825.94,2274434.028
600151,2026-03-25,13.16,0.020155,274150.56,361160.247
600152,2026-03-25,10.32,0.100213,789862.0,798489.74
600153,2026-03-25,9.0,0.010101,128776.83,115962.181
600155,2026-03-25,6.37,0.006319,225198.97,143312.794
600156,2026-03-25,8.26,0.035088,75665.99,61938.722
600157,2026-03-25,1.98,0.047618999999999995,23851691.51,4673993.274
600158,2026-03-25,11.23,0.09990199999999999,1067470.03,1175623.454
600159,2026-03-25,3.1,0.036789,174477.11,53305.494
600160,2026-03-25,35.22,0.007149,206814.28,734371.069
600161,2026-03-25,15.12,0.005319000000000001,56776.83,85677.1
600162,2026-03-25,1.84,0.033708,426433.09,77442.909
600163,2026-03-25,7.54,0.10073,907332.4,662604.113
600165,2026-03-25,3.51,0.011527,48289.03,16860.129
600166,2026-03-25,2.87,0.032374,1494464.1,427759.893
600167,2026-03-25,7.09,0.029028,334650.85,235610.851
600168,2026-03-25,5.36,0.038759999999999996,180056.07,95536.347
600169,2026-03-25,2.39,0.017020999999999998,164781.74,39127.354
600170,2026-03-25,2.83,0.032847,2329325.87,652957.125
600171,2026-03-25,28.09,0.015913,81711.66,229630.867
600172,2026-03-25,8.36,0.023256000000000002,1191080.53,1001644.085
600173,2026-03-25,8.03,0.03881,242236.33,193742.983
600176,2026-03-25,25.29,0.047205000000000004,1072092.12,2694515.059
600177,2026-03-25,7.76,0.0025840000000000004,281110.81,217417.544
600178,2026-03-25,11.62,0.043087999999999994,149731.9,169145.473
600179,2026-03-25,4.37,0.013921,477113.22,206602.001
600180,2026-03-25,3.53,0.029155,189018.79,66210.153
600182,2026-03-25,13.95,0.016023,14414.02,20000.956
600183,2026-03-25,57.8,0.016174,417208.13,2419939.681
600184,2026-03-25,16.9,0.06557400000000001,405564.57,688223.53
600185,2026-03-25,5.93,0.020654,265906.0,156822.27
600186,2026-03-25,7.03,0.038405,2896091.64,2049789.687
600187,2026-03-25,1.99,0.052910000000000006,453273.02,88678.583
600188,2026-03-25,19.69,-0.040915999999999994,1036012.26,2029973.68
600189,2026-03-25,7.78,0.03183,90682.99,70181.308
600191,2026-03-25,11.98,0.100092,112089.01,129075.372
600192,2026-03-25,9.16,0.013274,263377.58,238231.01
600193,2026-03-25,4.23,-0.004706,266846.04,110377.334
600195,2026-03-25,7.26,0.008333,98270.66,71188.536
600196,2026-03-25,25.36,0.043192,235388.69,594555.673
600197,2026-03-25,11.99,0.0050290000000000005,22419.65,26857.728
600198,2026-03-25,8.25,0.012270000000000001,155118.0,127962.688
600199,2026-03-25,8.11,0.0074529999999999996,66931.28,54138.987
600201,2026-03-25,13.86,0.017621,196864.47,272695.914
600202,2026-03-25,5.91,0.026042,104527.01,61563.018
600203,2026-03-25,11.03,0.015653999999999998,105121.09,115445.708
600206,2026-03-25,20.42,0.041837,355670.52,723603.686
600207,2026-03-25,5.98,-0.032362,765549.92,457138.938
600208,2026-03-25,3.24,0.018868,525054.0,170365.803
600210,2026-03-25,6.84,0.016345000000000002,184643.19,125979.342
600211,2026-03-25,40.21,-0.002728,25117.99,101177.828
600212,2026-03-25,7.46,0.005391,81281.76,60474.104
600215,2026-03-25,6.78,0.01194,41435.0,28039.941
600216,2026-03-25,15.11,0.008678,223971.33,337627.963
600217,2026-03-25,3.77,0.018919,170808.0,64109.816
600218,2026-03-25,9.55,0.022484,64717.96,61526.999
600219,2026-03-25,6.06,0.030612,2492240.08,1507694.433
600221,2026-03-25,1.48,0.034965,4238542.49,620405.77
600222,2026-03-25,6.88,0.022288000000000002,126231.0,86397.303
600223,2026-03-25,6.61,0.003035,51666.0,34140.217
600226,2026-03-25,4.86,0.031847,542074.11,262192.078
600227,2026-03-25,3.98,-0.00995,2789448.72,1104007.841
600228,2026-03-25,5.26,0.011538,37105.01,19574.522
600229,2026-03-25,6.03,0.020305,36160.1,21690.971
600230,2026-03-25,18.12,0.041379,212722.29,383055.01
600231,2026-03-25,2.06,0.045685,393992.7,79596.546
600232,2026-03-25,7.74,0.014417,59728.0,46251.09
600233,2026-03-25,19.83,0.022165,257959.6,506956.606
600234,2026-03-25,15.13,0.066244,67038.01,99059.325
600235,2026-03-25,6.58,0.029733999999999997,82614.0,53912.43
600236,2026-03-25,9.79,0.028361,369013.72,359816.94
600237,2026-03-25,8.6,0.026253000000000002,218203.21,187581.912
600238,2026-03-25,5.38,0.050781,87158.27,46405.142
600239,2026-03-25,2.21,0.032709999999999996,211777.0,46303.554
600241,2026-03-25,9.71,0.032979,182360.17,176158.19
600243,2026-03-25,3.18,0.012739,80491.01,25332.056
600246,2026-03-25,10.36,0.023715,341312.13,352046.993
600248,2026-03-25,3.49,0.02346,251718.55,87386.341
600249,2026-03-25,5.76,0.021277,101523.13,57874.261
600250,2026-03-25,12.06,0.02551,285223.0,341747.72
600251,2026-03-25,11.23,0.09990199999999999,170451.22,186934.122
600252,2026-03-25,2.46,0.025,444710.8,108980.625
600255,2026-03-25,3.31,0.02795,367579.31,120879.688
600256,2026-03-25,6.84,-0.037975,3304888.74,2231873.536
600257,2026-03-25,6.23,0.0048389999999999996,154905.0,96736.024
600258,2026-03-25,16.46,0.02875,184093.4,303686.874
600259,2026-03-25,77.85,0.021654,195428.77,1509553.753
600261,2026-03-25,3.68,0.027933,168018.01,61058.061
600262,2026-03-25,24.74,0.021892000000000002,39148.54,96449.304
600265,2026-03-25,20.38,0.003941,5334.0,10821.951
600266,2026-03-25,5.04,0.020243,327847.09,163720.308
600267,2026-03-25,9.84,0.0020369999999999997,97311.33,95865.585
600268,2026-03-25,14.28,0.023656,375706.15,535674.904
600269,2026-03-25,4.84,0.023256000000000002,175205.0,84208.751
600271,2026-03-25,8.62,0.011737,194336.66,167003.078
600272,2026-03-25,12.68,0.013589,18726.0,23631.959
600273,2026-03-25,9.03,0.014607000000000002,178768.64,161763.437
600276,2026-03-25,54.1,0.008576,411525.62,2230992.166
600278,2026-03-25,7.37,0.012362999999999999,45699.0,33576.226
600279,2026-03-25,5.19,0.029762,93426.18,48024.099
600280,2026-03-25,3.29,0.018576,196551.0,64027.346
600281,2026-03-25,5.4,0.024668000000000002,114177.0,61368.969
600282,2026-03-25,5.23,0.005769,418019.4,219137.312
600283,2026-03-25,9.41,0.026172,75478.82,70532.548
600284,2026-03-25,6.93,0.022124,103303.0,71212.1
600285,2026-03-25,22.04,0.011473,63858.86,139947.893
600287,2026-03-25,5.75,0.036036,70857.95,40267.671
600288,2026-03-25,14.55,0.028269000000000002,47906.06,69332.072
600289,2026-03-25,7.96,0.023136,79435.02,63121.456
600292,2026-03-25,14.08,0.010768,149342.01,209816.399
600293,2026-03-25,3.33,0.021472,275104.86,91107.912
600295,2026-03-25,15.0,0.008065,74844.02,111829.324
600298,2026-03-25,39.96,0.005789,44552.11,178383.552
600299,2026-03-25,13.72,-0.016487,386798.63,514860.774
600300,2026-03-25,3.43,0.017804,340350.0,116133.062
600301,2026-03-25,48.55,0.035623,156384.83,765764.141
600302,2026-03-25,11.75,0.030701999999999997,133528.0,153859.598
600303,2026-03-25,3.24,0.051948,418921.17,135589.576
600305,2026-03-25,7.49,0.010795999999999998,62453.18,46628.538
600307,2026-03-25,2.18,0.009259,3562503.98,772287.008
600308,2026-03-25,3.75,0.021798,167683.37,62351.591
600309,2026-03-25,78.45,0.04418999999999999,380638.71,2978711.609
600310,2026-03-25,5.45,0.054159,2363472.0,1271118.793
600312,2026-03-25,21.48,0.016083,296337.74,639467.12
600313,2026-03-25,7.9,0.04913700000000001,812377.29,633807.869
600315,2026-03-25,20.89,-0.014622999999999999,54379.0,113619.979
600316,2026-03-25,41.79,0.085173,251888.58,1034524.479
600318,2026-03-25,7.91,0.010217,167149.13,131820.421
600319,2026-03-25,7.48,0.027473,62442.0,46605.266
600320,2026-03-25,4.7,0.017316,458775.74,215535.71
600322,2026-03-25,2.47,0.037815,472934.38,115953.762
600323,2026-03-25,30.88,0.052488,81148.16,246967.918
600325,2026-03-25,3.67,0.005479,287598.0,105703.931
600326,2026-03-25,9.35,0.019629,218812.86,202950.418
600327,2026-03-25,3.93,0.005115,132667.0,51861.958
600328,2026-03-25,9.55,-0.022517999999999996,606940.9,581615.496
600329,2026-03-25,43.68,0.035562,64343.6,278686.385
600330,2026-03-25,16.63,0.035491999999999996,1203841.89,2007328.294
600331,2026-03-25,14.46,-0.00891,956585.04,1406294.248
600332,2026-03-25,23.27,0.002153,139863.71,324731.796
600333,2026-03-25,5.74,0.019538,214442.01,121476.899
600335,2026-03-25,5.88,0.015544,117538.5,68908.471
600336,2026-03-25,7.02,0.011527,95484.0,66514.173
600337,2026-03-25,2.6,0.035857,412106.98,105736.313
600338,2026-03-25,15.81,0.010224,450117.65,714072.745
600339,2026-03-25,4.07,0.007426,970633.84,390773.12
600340,2026-03-25,1.47,0.013793,971327.19,141617.814
600343,2026-03-25,30.2,-0.007232,248071.29,754823.649
600345,2026-03-25,39.99,0.100138,218888.13,850329.757
600346,2026-03-25,21.5,0.059635,498149.67,1067745.966
600348,2026-03-25,9.22,-0.003243,537554.45,490763.109
600350,2026-03-25,10.49,-0.000952,96472.33,101151.049
600351,2026-03-25,6.41,0.030547,132356.0,84118.148
600352,2026-03-25,13.34,0.047918,701156.34,933594.799
600353,2026-03-25,14.25,0.004228,195155.18,280705.892
600354,2026-03-25,6.61,0.02322,312368.03,205018.701
600355,2026-03-25,0.83,-0.034884,551014.85,48100.918
600356,2026-03-25,8.6,0.026253000000000002,72735.3,62242.963
600358,2026-03-25,5.97,0.020513,80475.98,47428.382
600359,2026-03-25,6.88,0.036145000000000004,112958.05,76854.268
600360,2026-03-25,8.8,0.020882,94875.6,83295.68
600361,2026-03-25,4.17,0.024569999999999998,669632.0,276758.703
600362,2026-03-25,44.74,0.023096000000000002,401277.5,1800885.505
600363,2026-03-25,51.12,0.023014,68074.47,347046.049
600365,2026-03-25,3.15,0.043046,78906.0,24574.78
600366,2026-03-25,11.74,0.030729000000000003,215302.7,250861.821
600367,2026-03-25,22.52,-0.012281,330321.44,739183.723
600368,2026-03-25,3.93,0.02611,188873.9,73415.758
600369,2026-03-25,4.2,0.002387,460657.24,192847.362
600370,2026-03-25,2.66,-0.014815,2266544.37,598275.061
600371,2026-03-25,8.47,0.025424000000000002,92241.0,77661.525
600372,2026-03-25,13.07,0.010827999999999999,462483.84,602400.152
600373,2026-03-25,8.48,0.007126,80520.04,68251.776
600375,2026-03-25,5.14,0.017822,166832.0,85564.548
600376,2026-03-25,5.66,-0.017361,1794811.54,1014265.433
600377,2026-03-25,12.14,0.008306000000000001,122568.52,147263.388
600378,2026-03-25,31.29,0.029276,59162.89,184266.19
600379,2026-03-25,11.73,0.010336000000000001,48225.0,56802.388
600380,2026-03-25,10.68,0.000937,120727.81,128939.217
600381,2026-03-25,3.05,0.016667,187569.76,56071.484
600382,2026-03-25,8.17,0.062419,180724.35,144074.126
600383,2026-03-25,2.82,0.007143,485220.41,136644.86
600386,2026-03-25,4.03,0.015113000000000001,92205.64,37061.409
600388,2026-03-25,18.63,0.00594,260393.24,485665.057
600389,2026-03-25,29.16,0.027122,85568.29,247004.117
600390,2026-03-25,5.48,0.026217,387001.98,210677.421
600391,2026-03-25,39.85,0.032919000000000004,93139.47,369094.769
600392,2026-03-25,22.55,0.04109,748544.49,1683979.855
600395,2026-03-25,6.33,0.048013,867492.39,534298.686
600396,2026-03-25,8.34,0.100264,998932.32,823882.025
600397,2026-03-25,15.18,0.000659,458366.0,699432.311
600398,2026-03-25,6.06,0.011686,212762.52,128202.6
600399,2026-03-25,6.0,0.006711,515376.17,308615.699
600400,2026-03-25,2.17,0.028436,344711.49,73947.053
600403,2026-03-25,6.25,0.008065,325857.89,200085.923
600405,2026-03-25,5.99,0.034542,264525.69,156053.45
600406,2026-03-25,27.52,0.020015,892943.91,2454497.755
600408,2026-03-25,4.15,-0.025821999999999998,1547605.02,626552.661
600409,2026-03-25,7.08,0.011429,464237.98,329215.558
600410,2026-03-25,25.6,0.026463999999999998,1535930.76,3946978.716
600415,2026-03-25,13.37,0.025307,399725.65,530546.941
600416,2026-03-25,12.83,0.013428,195950.96,251353.748
600418,2026-03-25,46.03,0.003269,313558.43,1446212.927
600419,2026-03-25,9.06,0.016835,36337.14,32768.759
600420,2026-03-25,10.1,0.013039,105894.05,106608.553
600421,2026-03-25,7.16,0.011298999999999998,18395.0,13146.341
600422,2026-03-25,11.26,0.0,46065.02,51962.463
600423,2026-03-25,3.64,0.028249,171248.72,61813.111
600425,2026-03-25,4.31,0.043584,295903.88,125875.639
600426,2026-03-25,34.75,-0.005153,260913.05,909810.824
600428,2026-03-25,8.39,0.023171,491436.36,411660.976
600429,2026-03-25,5.79,0.006957,184978.01,106195.221
600433,2026-03-25,3.7,0.10119,831936.48,299674.204
600435,2026-03-25,14.91,0.023336000000000003,475692.41,701547.881
600436,2026-03-25,154.07,0.009038000000000001,12211.56,187348.738
600438,2026-03-25,17.45,0.001722,513554.33,894074.767
600439,2026-03-25,2.61,0.027559,149092.2,38598.975
600444,2026-03-25,17.1,0.001171,23087.0,39502.98
600446,2026-03-25,12.95,0.0007729999999999999,129726.09,168276.551
600448,2026-03-25,3.3,0.047618999999999995,299763.48,97709.32
600449,2026-03-25,13.62,0.028700999999999997,90738.41,122527.36
600452,2026-03-25,12.92,0.027844,861076.51,1115312.154
600455,2026-03-25,26.8,0.025640999999999997,17577.94,46973.162
600456,2026-03-25,33.1,0.023184,87050.64,287083.171
600458,2026-03-25,13.26,0.017652,117450.72,155430.23
600459,2026-03-25,19.15,0.023517,222781.34,428732.025
600460,2026-03-25,26.74,0.018667,258041.27,688092.627
600461,2026-03-25,10.05,0.01927,113080.0,113104.724
600463,2026-03-25,9.93,0.007098999999999999,25985.0,25815.02
600467,2026-03-25,2.46,0.029289,457645.24,111334.076
600468,2026-03-25,9.97,0.052798,1693349.92,1655798.224
600469,2026-03-25,6.74,0.013534,71739.86,48072.26
600470,2026-03-25,6.97,0.0072250000000000005,482621.97,333959.788
600475,2026-03-25,18.68,-0.004264,316764.85,594427.74
600476,2026-03-25,11.0,0.01196,51130.99,56113.606
600477,2026-03-25,3.29,0.015432,586046.65,192292.541
600478,2026-03-25,7.17,0.018466,457832.64,325643.852
600479,2026-03-25,10.19,0.007913,68566.4,69704.017
600480,2026-03-25,9.75,0.009316999999999999,109319.67,106508.098
600481,2026-03-25,7.32,0.0027400000000000002,1386318.18,1013671.53
600482,2026-03-25,31.96,0.036989,524226.57,1688478.185
600483,2026-03-25,11.17,0.048826,610957.37,676064.765
600486,2026-03-25,73.0,0.045246,51529.8,372117.817
600487,2026-03-25,48.17,0.085643,1802095.72,8519398.088
600488,2026-03-25,3.96,0.017995,77864.0,30552.777
600489,2026-03-25,25.52,0.036135,1201150.79,3108091.589
600490,2026-03-25,7.5,0.014884999999999999,808571.75,611304.495
600491,2026-03-25,3.0,0.041666999999999996,215773.37,64105.867
600493,2026-03-25,7.22,0.02849,94663.0,68108.103
600495,2026-03-25,4.41,0.020833,187007.17,81522.5
600496,2026-03-25,4.1,0.032746,257384.4,104669.993
600497,2026-03-25,7.95,0.021851,1470446.5,1170999.39
600498,2026-03-25,46.95,0.06704500000000001,1171292.57,5502134.427
600499,2026-03-25,16.37,0.0,335694.92,546732.407
600500,2026-03-25,4.41,0.027972,391733.53,170796.828
600501,2026-03-25,22.29,0.015489999999999999,55053.45,122368.549
600502,2026-03-25,4.78,0.043668,312698.76,147428.35
600503,2026-03-25,2.48,0.024793,330777.2,81225.04
600505,2026-03-25,14.96,0.023955999999999998,238357.54,354493.893
600506,2026-03-25,21.56,0.040541,80908.0,171513.391
600507,2026-03-25,5.71,-0.010399,367291.36,210609.408
600508,2026-03-25,14.08,0.010768,282046.62,394171.732
600509,2026-03-25,9.09,0.070671,876970.52,786532.84
600510,2026-03-25,8.5,0.009500999999999999,143372.6,122499.962
600511,2026-03-25,28.78,0.005239000000000001,45791.7,131331.053
600512,2026-03-25,2.47,0.060086,566724.02,137349.053
600513,2026-03-25,22.8,0.016949000000000002,103669.4,235473.492
600515,2026-03-25,3.68,0.013774,797710.74,292191.274
600516,2026-03-25,5.83,0.003442,837299.73,487724.093
600517,2026-03-25,6.72,0.029096,386350.92,258636.911
600518,2026-03-25,1.77,0.023121,1733105.94,305098.653
600519,2026-03-25,1410.27,0.002089,26093.46,3677905.549
600520,2026-03-25,24.73,0.009388,30615.04,75797.315
600521,2026-03-25,15.13,0.010688,124265.69,188684.826
600522,2026-03-25,27.67,0.060153,1762654.28,4840405.061
600523,2026-03-25,13.83,0.023686,42335.01,58210.95
600525,2026-03-25,5.41,0.020755,111521.61,60344.299
600526,2026-03-25,5.55,0.029685000000000003,155051.73,85671.902
600527,2026-03-25,2.54,0.099567,1699405.77,414791.242
600528,2026-03-25,7.87,0.026076000000000002,178706.37,139804.275
600529,2026-03-25,18.52,0.004883,46454.03,86077.39
600530,2026-03-25,5.38,0.018938999999999998,58687.0,31352.257
600531,2026-03-25,13.19,0.023274,711386.29,947181.624
600533,2026-03-25,2.53,0.036885,187043.0,46801.062
600535,2026-03-25,13.77,0.010270999999999999,65341.62,89933.274
600536,2026-03-25,37.07,0.007337,114710.48,425022.506
600537,2026-03-25,3.93,0.076712,2863739.51,1099197.058
600538,2026-03-25,6.6,0.015385,236905.0,155238.465
600539,2026-03-25,12.91,0.099659,329760.13,421081.202
600540,2026-03-25,4.86,0.038462,217212.01,104293.223
600543,2026-03-25,4.81,0.010504,84734.0,41103.704
600545,2026-03-25,3.93,0.04244,1645526.65,644146.615
600546,2026-03-25,11.73,-0.006774,424614.04,491151.545
600547,2026-03-25,39.56,0.023014999999999997,682755.52,2730028.653
600548,2026-03-25,9.54,0.014894000000000001,138488.01,131044.392
600549,2026-03-25,58.36,0.047568,1165312.74,6728832.408
600550,2026-03-25,15.91,0.008238,784096.02,1251770.036
600551,2026-03-25,7.99,0.016538999999999998,41070.29,32658.22
600552,2026-03-25,12.11,0.027142,234279.58,283264.815
600556,2026-03-25,6.1,0.026936,471000.29,285331.832
600557,2026-03-25,13.56,0.001477,38668.16,52396.958
600558,2026-03-25,5.58,0.016393,129722.25,72337.05
600559,2026-03-25,13.7,0.006613,58015.98,79296.832
600560,2026-03-25,14.58,0.016028,23297.22,33941.396
600561,2026-03-25,6.61,0.034429,91677.0,60348.277
600562,2026-03-25,25.64,-0.001558,108242.31,277459.773
600563,2026-03-25,136.77,0.075405,157737.17,2136238.474
600566,2026-03-25,26.66,0.023809999999999998,53819.59,141696.217
600567,2026-03-25,1.58,0.025974,954092.0,149087.221
600568,2026-03-25,2.84,0.021583,128664.4,36511.197
600569,2026-03-25,2.33,0.035556000000000004,636590.67,145213.747
600570,2026-03-25,25.8,0.01455,202382.34,521183.609
600571,2026-03-25,13.64,0.007386,68168.96,93000.452
600572,2026-03-25,4.24,0.009524,309790.24,131126.29
600573,2026-03-25,11.69,0.029049000000000002,69946.0,81187.15
600575,2026-03-25,4.16,0.024631,882637.13,364586.903
600576,2026-03-25,6.02,0.016892,115487.99,69295.199
600577,2026-03-25,11.97,0.016992,568543.44,682826.928
600578,2026-03-25,5.73,0.077068,1060796.26,596949.241
600579,2026-03-25,7.94,0.014049,57247.0,45085.166
600580,2026-03-25,38.57,0.0044269999999999995,623727.46,2402219.914
600581,2026-03-25,2.68,0.011321000000000001,359697.84,95122.074
600582,2026-03-25,5.98,0.022222,409463.93,242843.098
600583,2026-03-25,6.52,0.003077,671149.59,434422.187
600584,2026-03-25,40.64,0.030165,533288.58,2170329.915
600585,2026-03-25,23.34,0.006034,306500.25,711906.267
600586,2026-03-25,6.33,-0.007837,747058.29,471925.665
600587,2026-03-25,14.18,0.002829,63716.73,90431.165
600588,2026-03-25,11.98,0.01268,330073.57,395091.81
600589,2026-03-25,11.14,0.099704,1085127.26,1189277.201
600590,2026-03-25,13.8,-0.087302,1756920.3,2589861.921
600592,2026-03-25,20.14,0.030179,62691.3,124792.288
600593,2026-03-25,38.19,0.046875,63939.0,241626.815
600594,2026-03-25,3.72,0.013624,110577.04,40974.842
600595,2026-03-25,7.1,0.0014099999999999998,744701.83,534548.392
600596,2026-03-25,11.06,0.017479,163802.51,181101.631
600597,2026-03-25,7.52,0.008043,53385.76,40066.882
600598,2026-03-25,15.78,0.008307,286527.0,449972.461
600600,2026-03-25,62.67,0.005939,58608.66,365513.077
600601,2026-03-25,10.05,0.02551,745822.75,747995.759
600602,2026-03-25,22.29,0.044517,853218.83,1897225.296
600603,2026-03-25,7.18,-0.001391,289253.53,206386.5
600604,2026-03-25,5.5,0.005484,300301.11,164567.647
600605,2026-03-25,28.3,0.017254000000000002,18558.0,51668.617
600606,2026-03-25,1.55,0.006494,543176.47,84279.143
600608,2026-03-25,3.09,-0.022151999999999998,89718.96,27954.555
600609,2026-03-25,4.11,0.022387999999999998,161686.2,65961.848
600610,2026-03-25,9.23,0.004353,213783.74,197015.948
600611,2026-03-25,4.88,0.018789,141366.65,68594.145
600612,2026-03-25,40.48,0.004467,14531.08,59038.411
600613,2026-03-25,5.8,0.013986,74845.16,43205.357
600615,2026-03-25,11.75,0.033421,28440.69,33216.618
600616,2026-03-25,5.0,0.022494999999999998,79312.97,39476.089
600617,2026-03-25,4.33,0.021226,2490941.4,1035352.077
600618,2026-03-25,12.74,0.011111,115133.75,146430.822
600619,2026-03-25,16.45,0.013555,171650.4,282343.038
600620,2026-03-25,6.25,0.019576,61653.43,38490.197
600621,2026-03-25,14.61,0.008282000000000001,100932.0,147044.513
600622,2026-03-25,2.58,0.015747999999999998,262730.24,67556.359
600623,2026-03-25,10.06,0.000995,193666.0,194281.39
600624,2026-03-25,4.63,0.013129,36818.41,17048.725
600626,2026-03-25,4.18,0.012107000000000001,132923.09,55416.636
600628,2026-03-25,7.33,0.022315,175476.0,127221.01
600629,2026-03-25,20.26,0.019115,170443.58,343087.055
600630,2026-03-25,7.93,0.020592000000000003,53088.43,41833.48
600633,2026-03-25,12.55,0.035479,312872.57,391740.24
600635,2026-03-25,5.83,0.0051719999999999995,526926.01,306907.165
600636,2026-03-25,7.85,0.030184000000000002,46136.15,35973.917
600637,2026-03-25,9.64,0.014737,332858.12,320959.678
600638,2026-03-25,6.07,0.013356,75317.2,45639.635
600639,2026-03-25,10.91,-0.00183,75773.31,82584.976
600640,2026-03-25,11.86,0.016281,55643.47,65997.447
600641,2026-03-25,19.32,0.010989,438302.0,851420.631
600642,2026-03-25,9.25,0.025499,437189.19,401155.95
600643,2026-03-25,5.22,-0.0038169999999999996,654820.56,339536.684
600644,2026-03-25,13.29,0.017611,883133.33,1161762.665
600645,2026-03-25,31.31,-0.002866,169025.58,529245.771
600648,2026-03-25,10.27,0.015826,29692.28,30250.874
600649,2026-03-25,4.51,0.013483,294688.16,132264.757
600650,2026-03-25,13.23,0.020045999999999998,29399.2,38631.425
600651,2026-03-25,6.93,0.008733999999999999,155398.0,107436.414
600653,2026-03-25,1.84,0.039548,327724.8,59839.835
600654,2026-03-25,3.35,0.006006,485491.72,162376.603
600655,2026-03-25,4.64,0.0131,112673.13,52285.853
600657,2026-03-25,3.02,0.023729,225264.0,67527.406
600658,2026-03-25,4.77,0.019231,104154.31,49487.897
600660,2026-03-25,56.55,0.015260000000000001,137280.28,777563.937
600661,2026-03-25,9.72,0.025316,42289.99,40923.882
600662,2026-03-25,5.05,0.0,153385.14,77635.436
600663,2026-03-25,7.68,0.021277,66091.35,50456.83
600664,2026-03-25,3.34,0.009063,224495.48,74894.455
600665,2026-03-25,3.39,0.039876999999999996,99585.71,33172.462
600666,2026-03-25,5.28,0.1,657562.52,347193.011
600667,2026-03-25,10.48,0.023438,2147864.52,2273504.027
600668,2026-03-25,10.18,0.002956,31000.2,31524.155
600671,2026-03-25,20.85,0.0276,25357.01,52659.51
600673,2026-03-25,31.29,0.051765,647789.34,2025198.623
600674,2026-03-25,15.7,0.018158,374437.88,583313.818
600675,2026-03-25,2.67,0.007547000000000001,353348.03,94024.003
600676,2026-03-25,7.41,0.012295,127777.16,94660.023
600678,2026-03-25,10.72,0.021926,94796.0,100817.179
600679,2026-03-25,12.01,0.016073999999999998,48853.01,58239.03
600681,2026-03-25,4.84,-0.024194,1435645.2,691306.576
600682,2026-03-25,6.42,0.009434,123451.18,78997.791
600683,2026-03-25,11.01,0.011949000000000001,566216.27,624166.975
600684,2026-03-25,4.98,0.041840999999999996,262062.61,129910.837
600685,2026-03-25,30.17,0.01072,145361.73,437157.914
600686,2026-03-25,17.72,0.049763,307602.17,541874.765
600688,2026-03-25,2.95,0.010274,647174.5,189022.391
600689,2026-03-25,12.81,0.038929,35884.0,45877.009
600690,2026-03-25,23.59,0.010278,478372.8,1126637.25
600691,2026-03-25,3.51,0.008621,1182580.81,409808.988
600692,2026-03-25,8.03,0.045572999999999995,97392.82,76863.423
600693,2026-03-25,11.17,0.031394000000000005,298349.0,328491.056
600694,2026-03-25,16.64,0.013398,31036.41,51339.735
600696,2026-03-25,1.74,-0.033333,122618.02,21328.16
600697,2026-03-25,12.12,0.024514,47086.3,56657.832
600698,2026-03-25,8.18,0.099462,460929.34,357345.212
600699,2026-03-25,24.68,0.064252,463737.44,1127801.173
600702,2026-03-25,45.24,0.007348,34075.08,154003.618
600703,2026-03-25,13.96,0.007942,3251097.7,4530682.62
600704,2026-03-25,5.09,0.015968,570941.37,289856.449
600706,2026-03-25,10.0,0.031992,58265.2,57807.935
600707,2026-03-25,5.78,-0.005163999999999999,236693.2,137596.363
600708,2026-03-25,3.38,-0.005881999999999999,418870.86,142372.629
600710,2026-03-25,12.71,0.000787,205845.51,262388.394
600711,2026-03-25,12.21,0.064516,1871837.19,2279126.37
600712,2026-03-25,6.3,0.022727,69582.02,43431.059
600713,2026-03-25,5.06,0.016064000000000002,118362.95,59517.575
600714,2026-03-25,18.51,-0.006441,221911.03,409607.63
600715,2026-03-25,2.0,0.015227999999999998,311764.06,62065.747
600716,2026-03-25,4.53,0.022573,122974.0,55036.416
600717,2026-03-25,4.74,0.055679,501884.04,234574.684
600718,2026-03-25,9.06,0.006666999999999999,142915.0,129991.14
600719,2026-03-25,7.11,0.027457,267812.1,188707.225
600720,2026-03-25,6.83,0.0073750000000000005,82832.06,56607.359
600721,2026-03-25,9.59,0.053846,341703.0,321947.942
600722,2026-03-25,16.9,0.058234,1453893.52,2321153.399
600724,2026-03-25,5.84,0.019197,88989.0,51715.821
600725,2026-03-25,4.56,0.029345,245715.64,110493.71
600726,2026-03-25,6.15,0.10017899999999999,4620064.65,2735127.263
600727,2026-03-25,7.13,0.022955999999999997,160290.0,113512.769
600728,2026-03-25,5.68,0.010676000000000001,268589.39,152914.862
600729,2026-03-25,22.32,0.009498,29638.3,65892.692
600730,2026-03-25,9.22,0.03712,160176.05,147355.273
600731,2026-03-25,7.06,0.035191,79785.1,55697.746
600732,2026-03-25,15.46,0.003245,912398.81,1414210.649
600733,2026-03-25,7.21,0.004178,638104.22,459943.786
600734,2026-03-25,3.91,0.039894,731668.64,282254.406
600736,2026-03-25,6.1,0.020066999999999998,129569.37,78524.976
600737,2026-03-25,14.58,-0.014199,264807.71,388502.823
600738,2026-03-25,4.79,0.030108000000000003,97227.0,46139.614
600739,2026-03-25,11.25,0.0181,100147.81,111768.593
600740,2026-03-25,4.7,0.002132,1017226.9,470959.986
600741,2026-03-25,18.14,0.015109,90224.37,163058.768
600742,2026-03-25,10.3,0.026919,121662.2,124334.922
600743,2026-03-25,1.94,0.043011,234560.15,44736.531
600744,2026-03-25,8.99,0.025086,3761560.9,3372805.515
600745,2026-03-25,32.4,0.008717,191345.14,621189.031
600746,2026-03-25,7.98,-0.001252,221568.6,176257.294
600748,2026-03-25,4.86,0.0125,123511.85,59717.727
600749,2026-03-25,16.12,0.03466,55025.0,87875.232
600750,2026-03-25,25.99,0.014838,62278.11,160484.995
600751,2026-03-25,3.89,0.005168000000000001,587415.38,230019.247
600753,2026-03-25,11.83,-0.020695,45407.0,53872.078
600754,2026-03-25,27.87,0.040313999999999996,100423.07,278469.063
600755,2026-03-25,6.33,0.037705,293139.45,182229.392
600756,2026-03-25,18.49,0.044633000000000006,379958.89,689876.661
600757,2026-03-25,8.8,0.023256000000000002,74589.52,65198.254
600758,2026-03-25,5.72,0.1,1631900.18,931291.001
600759,2026-03-25,6.09,-0.054348,5801681.67,3499312.612
600760,2026-03-25,49.0,0.02489,196829.43,956462.531
600761,2026-03-25,18.79,0.024537,174470.11,327433.727
600763,2026-03-25,41.16,-0.0029070000000000003,101437.72,417014.647
600764,2026-03-25,24.22,0.016366000000000002,61377.0,148072.125
600765,2026-03-25,16.56,0.008526,209594.25,347342.851
600768,2026-03-25,16.71,0.039179,57971.0,96624.364
600769,2026-03-25,12.56,0.021969,117843.0,148816.141
600770,2026-03-25,5.62,0.031193,218897.0,122284.835
600771,2026-03-25,16.03,0.008176,40164.0,64254.837
600773,2026-03-25,18.47,0.021570999999999996,466853.82,864145.287
600774,2026-03-25,8.7,0.015168999999999998,40470.0,35128.061
600775,2026-03-25,13.85,0.004351,342653.67,476319.813
600776,2026-03-25,14.99,0.028826,175865.12,262966.108
600777,2026-03-25,5.56,-0.049573,527617.44,294369.597
600778,2026-03-25,6.5,0.025237,87401.01,56472.418
600779,2026-03-25,33.23,0.007885999999999999,20608.0,68315.218
600780,2026-03-25,7.68,0.100287,1094770.57,819308.966
600782,2026-03-25,3.65,0.013889,464217.66,168989.161
600783,2026-03-25,20.3,0.011963999999999999,96883.0,196928.454
600784,2026-03-25,6.99,0.024927,76409.29,53104.178
600785,2026-03-25,17.67,0.024348,51706.0,90911.904
600787,2026-03-25,5.48,0.026217,297901.0,162681.339
600789,2026-03-25,8.15,0.006173,102908.88,83821.537
600790,2026-03-25,3.69,0.033613,115358.55,41974.188
600791,2026-03-25,8.91,0.042105,165463.0,146126.72
600792,2026-03-25,5.03,0.008016,1076227.66,526840.175
600793,2026-03-25,18.44,0.026154999999999998,33299.26,61118.655
600794,2026-03-25,3.71,0.016437999999999998,174435.0,64345.213
600795,2026-03-25,5.08,0.02008,2882281.16,1460566.393
600796,2026-03-25,6.54,0.028302,123230.1,80053.954
600797,2026-03-25,9.21,0.038331,369049.93,338983.157
600798,2026-03-25,3.94,0.034121,492760.67,192113.431
600800,2026-03-25,4.74,0.09976800000000001,481503.18,220495.313
600801,2026-03-25,20.44,0.027652,89729.36,182772.197
600802,2026-03-25,6.27,0.1,264148.24,159640.33
600803,2026-03-25,21.65,-0.053345000000000004,335985.16,726482.601
600805,2026-03-25,5.51,0.041588,221773.1,120685.259
600807,2026-03-25,3.14,0.032895,214171.0,66721.788
600808,2026-03-25,3.8,0.02981,590863.41,223844.882
600809,2026-03-25,149.21,0.00512,36906.56,548534.622
600810,2026-03-25,7.74,0.018421,145608.3,112376.386
600812,2026-03-25,5.23,0.009653,148707.67,77480.895
600814,2026-03-25,7.59,0.018792,101150.0,76144.55
600815,2026-03-25,4.29,0.1,1845094.65,770974.431
600816,2026-03-25,2.59,0.007782,337741.25,87425.255
600817,2026-03-25,11.03,0.013787,35373.0,38639.882
600818,2026-03-25,8.91,0.019451,38478.0,34060.805
600819,2026-03-25,7.4,0.0,74205.2,54814.331
600820,2026-03-25,6.13,0.013223,254564.89,155824.358
600821,2026-03-25,11.25,0.01626,7012999.24,7955525.145
600822,2026-03-25,10.01,0.021429,32587.0,32226.034
600824,2026-03-25,4.02,0.017722,120141.81,47932.248
600825,2026-03-25,5.71,0.021467,78459.13,44489.014
600826,2026-03-25,9.84,0.018633999999999998,61189.41,59869.835
600827,2026-03-25,8.26,0.007317000000000001,61267.0,50615.789
600828,2026-03-25,5.61,0.012635,231663.42,128997.103
600829,2026-03-25,9.89,0.01332,47964.0,47098.741
600830,2026-03-25,8.93,0.005631000000000001,46651.02,41557.651
600831,2026-03-25,3.89,0.020997,153029.0,59486.149
600833,2026-03-25,11.85,0.01023,31493.0,37211.846
600834,2026-03-25,8.21,0.013580000000000002,26028.0,21233.017
600835,2026-03-25,22.21,0.044684999999999996,102144.63,225286.657
600838,2026-03-25,10.22,0.01088,87600.01,88919.957
600839,2026-03-25,8.84,0.018432999999999998,621904.22,547777.417
600841,2026-03-25,8.59,0.055283,241621.0,208202.043
600843,2026-03-25,9.51,0.007415000000000001,72117.24,68387.325
600844,2026-03-25,4.13,0.002427,1503546.68,604240.022
600845,2026-03-25,21.59,0.043498999999999996,230089.92,495227.5
600846,2026-03-25,12.31,0.0048980000000000004,36130.44,44495.13
600847,2026-03-25,13.9,0.01757,46471.5,64692.075
600848,2026-03-25,10.0,0.0060360000000000006,76697.93,76518.78
600850,2026-03-25,22.8,0.013333,100416.36,229313.661
600851,2026-03-25,7.71,0.03629,131203.18,100765.433
600853,2026-03-25,3.93,0.023438,164424.63,63925.709
600854,2026-03-25,5.13,0.036364,109052.0,55293.684
600855,2026-03-25,17.0,0.021021,93429.1,157348.426
600857,2026-03-25,12.18,0.019247,23180.51,28060.373
600858,2026-03-25,5.87,0.022648,92547.0,53862.331
600859,2026-03-25,12.31,0.010672999999999998,103701.98,127411.084
600860,2026-03-25,12.04,-0.001658,180399.65,217856.018
600861,2026-03-25,16.18,0.004345,22278.5,36076.376
600862,2026-03-25,21.52,0.012230000000000001,173956.68,373661.412
600863,2026-03-25,5.36,0.022900999999999998,992080.52,530129.18
600864,2026-03-25,6.83,0.025526,1135046.83,766888.673
600865,2026-03-25,11.19,0.012669999999999999,54786.0,60820.217
600866,2026-03-25,7.28,0.019608,274907.01,200194.41
600867,2026-03-25,8.39,0.003589,232498.23,194827.149
600868,2026-03-25,3.91,0.034392,2000304.24,772581.184
600869,2026-03-25,13.24,0.036805,735405.67,982220.251
600871,2026-03-25,2.95,0.013746000000000001,2088799.13,608690.7
600872,2026-03-25,18.29,0.017241,65172.11,118447.176
600873,2026-03-25,11.53,0.027629,530170.74,608170.603
600874,2026-03-25,6.49,0.048465,262422.08,168001.18
600875,2026-03-25,37.83,0.018852999999999998,1021335.11,3926687.823
600876,2026-03-25,11.0,-0.023957000000000003,134614.95,148609.893
600877,2026-03-25,15.89,0.010813999999999999,176783.75,281984.081
600879,2026-03-25,21.4,0.013258,989562.52,2123528.145
600880,2026-03-25,4.89,0.023013,190634.0,92769.307
600881,2026-03-25,1.68,0.037037,446904.64,74377.782
600882,2026-03-25,18.79,-0.005294,96050.42,181525.744
600883,2026-03-25,8.08,0.026684,65374.0,52463.898
600884,2026-03-25,13.37,0.015186,676570.72,898102.925
600885,2026-03-25,28.03,0.024114,174853.11,488678.974
600886,2026-03-25,14.68,0.014513,312043.11,456627.07
600887,2026-03-25,25.88,0.007004,264519.62,684607.12
600888,2026-03-25,8.25,0.03125,432500.5,353921.926
600889,2026-03-25,14.35,0.002795,38192.0,54924.348
600892,2026-03-25,3.63,0.025424000000000002,43552.2,15680.434
600893,2026-03-25,49.58,0.033993999999999996,346899.47,1718461.077
600894,2026-03-25,8.84,0.016092,36688.0,32336.566
600895,2026-03-25,35.41,0.02105,172799.31,610598.497
600897,2026-03-25,16.12,0.037991000000000004,38985.48,61779.687
600900,2026-03-25,27.21,0.004059,860545.05,2335396.506
600901,2026-03-25,6.49,-0.007645,411099.4,265668.445
600903,2026-03-25,6.51,0.0046300000000000004,136590.21,88487.416
600905,2026-03-25,4.56,0.027027000000000002,6578079.75,2992450.25
600906,2026-03-25,6.38,0.006309,172858.45,110285.573
600908,2026-03-25,5.88,0.024390000000000002,221743.4,129482.997
600909,2026-03-25,5.71,0.012411,494739.03,281681.093
600916,2026-03-25,9.46,0.019397,511171.96,484020.115
600917,2026-03-25,5.54,0.014652,166222.54,91324.734
600918,2026-03-25,6.16,0.011493999999999999,254184.96,155900.296
600919,2026-03-25,10.79,0.008411,1040057.62,1112504.482
600925,2026-03-25,4.98,0.020492,498046.73,245867.382
600926,2026-03-25,16.67,0.014607000000000002,245655.4,407712.206
600927,2026-03-25,14.08,0.0071530000000000005,43680.76,61401.325
600928,2026-03-25,3.62,0.019718,263405.52,94812.026
600929,2026-03-25,5.71,0.016014,135791.89,77351.534
600930,2026-03-25,7.42,0.031989000000000004,9358100.63,6986143.852
600933,2026-03-25,16.68,0.007855,118086.14,197460.018
600935,2026-03-25,2.82,0.029197,634280.54,176549.982
600936,2026-03-25,3.87,0.013089,201858.29,78015.375
600938,2026-03-25,40.58,-0.032658,1036304.26,4175819.276
600939,2026-03-25,3.08,0.040541,193935.8,58926.433
600941,2026-03-25,93.85,-0.00032,82960.88,776883.58
600955,2026-03-25,15.39,0.007199,58855.42,90212.962
600956,2026-03-25,10.22,-0.008729,878320.58,903003.293
600958,2026-03-25,9.2,0.007667,448786.88,412581.793
600959,2026-03-25,3.9,0.034483,631448.03,244799.17
600960,2026-03-25,5.19,0.029762,345602.72,179981.383
600961,2026-03-25,16.91,0.010759000000000001,240247.41,411655.262
600962,2026-03-25,19.12,0.020821999999999997,21541.49,40976.818
600963,2026-03-25,4.77,0.025806,346927.08,164483.689
600965,2026-03-25,5.57,0.041121,131872.45,72765.674
600966,2026-03-25,6.77,0.024206,154598.64,104604.34
600967,2026-03-25,15.6,0.048387,844438.68,1260544.185
600968,2026-03-25,4.62,0.022124,968659.49,442559.023
600969,2026-03-25,10.76,0.040618999999999995,185362.18,198570.173
600970,2026-03-25,10.29,0.008824,191173.17,195867.586
600971,2026-03-25,7.88,0.012853000000000002,322119.52,250391.654
600973,2026-03-25,6.53,0.015552,227769.85,147736.348
600975,2026-03-25,5.35,0.009434,107358.0,57374.583
600976,2026-03-25,32.51,0.005568,29129.16,94290.755
600977,2026-03-25,13.19,0.016179,242657.11,319883.071
600979,2026-03-25,5.85,0.050269,2117904.86,1214896.234
600980,2026-03-25,21.34,0.024484,31783.34,67452.742
600981,2026-03-25,3.16,0.039474,285990.0,89310.361
600982,2026-03-25,6.9,0.10047800000000001,2501579.34,1677731.978
600983,2026-03-25,10.44,-0.002865,35869.57,37269.12
600984,2026-03-25,4.02,0.02551,235102.1,93709.916
600985,2026-03-25,13.88,-0.019081,277750.01,384850.909
600986,2026-03-25,9.78,0.027311000000000002,650988.43,635687.386
600987,2026-03-25,7.28,0.025352,87624.16,63534.368
600988,2026-03-25,38.33,0.061185,1243733.57,4774423.205
600989,2026-03-25,30.35,-0.032207,1714202.09,5162770.817
600990,2026-03-25,22.75,0.006637,46117.66,104574.988
600992,2026-03-25,12.13,0.006639000000000001,39856.0,48230.48
600993,2026-03-25,25.23,0.012034,24301.66,61125.663
600995,2026-03-25,16.28,0.055087000000000004,857201.15,1382562.473
600996,2026-03-25,9.57,0.021345,574368.96,545069.898
600997,2026-03-25,6.68,0.010589999999999999,349099.71,227658.928
600998,2026-03-25,5.06,0.00998,240000.64,121113.985
600999,2026-03-25,15.38,0.008525,216029.31,331688.809
601000,2026-03-25,4.33,0.011682,313422.44,134951.166
601001,2026-03-25,16.79,-0.040571,386968.46,647766.821
601002,2026-03-25,5.54,0.099206,377457.51,202989.885
601003,2026-03-25,4.56,0.024719,147959.61,66995.965
601005,2026-03-25,1.46,0.035461,1650829.58,237093.515
601006,2026-03-25,5.28,-0.00189,1684658.46,885884.598
601007,2026-03-25,7.93,0.042050000000000004,142132.62,111885.924
601008,2026-03-25,4.99,0.014228000000000001,172973.52,85799.535
601009,2026-03-25,11.17,0.001794,424778.08,471652.659
601010,2026-03-25,2.26,0.018018,227314.95,50955.603
601011,2026-03-25,3.59,0.019886,971697.31,343041.075
601012,2026-03-25,18.89,-0.007878,2632036.7,4980370.423
601015,2026-03-25,5.37,-0.023636,2101318.26,1107113.298
601016,2026-03-25,5.4,0.099796,7330696.89,3814806.852
601018,2026-03-25,4.14,0.019704,513397.1,210997.494
601019,2026-03-25,8.56,0.005875,102775.27,87950.596
601020,2026-03-25,27.93,0.040223,375859.46,1049486.372
601021,2026-03-25,45.9,0.043182,153253.08,695725.27
601022,2026-03-25,9.17,0.021158,143504.63,131099.724
601026,2026-03-25,20.22,-0.00345,60394.13,122663.24
601033,2026-03-25,16.55,0.031796000000000005,142931.5,234793.263
601038,2026-03-25,13.24,0.021605,90774.47,119409.847
601058,2026-03-25,13.48,0.03137,410879.22,555298.077
601059,2026-03-25,16.7,0.012121,124938.22,208360.491
601061,2026-03-25,12.12,0.015926,138972.27,169050.14
601065,2026-03-25,8.42,0.008383,76434.43,64123.579
601066,2026-03-25,22.02,0.007319,81960.1,180150.832
601068,2026-03-25,5.76,0.034110999999999995,199982.0,114528.823
601069,2026-03-25,30.45,0.015,221945.79,685103.913
601077,2026-03-25,7.03,0.008608,405294.01,282824.01
601083,2026-03-25,12.01,0.013502,87060.64,104423.225
601086,2026-03-25,8.69,0.012821,53477.0,46209.242
601088,2026-03-25,47.25,-0.025371,579111.08,2720978.91
601089,2026-03-25,22.23,0.01879,17728.0,39428.596
601096,2026-03-25,5.89,0.010291999999999999,430164.97,254314.357
601098,2026-03-25,10.98,0.015726,101089.0,110855.157
601099,2026-03-25,3.8,0.007958,917125.46,348261.561
601100,2026-03-25,95.45,0.026344,130777.99,1244082.969
601101,2026-03-25,8.68,0.016393,339701.18,291835.559
601106,2026-03-25,4.33,0.014052,618050.45,267394.746
601107,2026-03-25,6.42,0.022292999999999997,134946.02,85709.464
601108,2026-03-25,7.72,0.014455,433412.81,333157.249
601111,2026-03-25,6.92,0.040602,1160998.71,799072.031
601112,2026-03-25,20.69,0.008776,174364.71,361149.139
601113,2026-03-25,4.36,0.025882000000000002,123412.0,53228.09
601116,2026-03-25,14.03,0.018882,137496.32,192499.794
601117,2026-03-25,9.34,0.073563,2226963.76,2044880.107
601118,2026-03-25,6.8,0.005917,512639.92,347600.982
601121,2026-03-25,7.44,0.012244999999999999,114166.63,84916.916
601126,2026-03-25,44.7,0.026171000000000003,268850.06,1215572.783
601127,2026-03-25,96.55,-0.005357,182665.64,1773426.098
601128,2026-03-25,7.08,0.007112,336786.05,237446.854
601133,2026-03-25,19.35,0.100057,301432.25,574057.529
601136,2026-03-25,16.82,0.015087999999999999,89015.91,148871.205
601137,2026-03-25,18.96,0.0282,142119.41,269729.121
601138,2026-03-25,50.31,0.030098,1264703.38,6338624.656
601139,2026-03-25,7.41,-0.009358,816900.47,597866.619
601155,2026-03-25,14.38,0.000696,107405.48,154736.454
601156,2026-03-25,17.25,0.004075,76911.91,132819.48
601158,2026-03-25,4.62,0.026667,252928.13,116018.892
601162,2026-03-25,3.81,0.013298,1164183.0,441733.114
601163,2026-03-25,13.96,0.014535,43107.0,59873.772
601166,2026-03-25,18.76,0.002137,581800.14,1086900.488
601168,2026-03-25,26.42,0.033242,635533.11,1684115.743
601169,2026-03-25,5.48,0.014815,1378747.81,748957.368
601177,2026-03-25,14.59,0.018144,42646.0,61949.848
601179,2026-03-25,16.69,0.019548,2301005.72,3854183.541
601186,2026-03-25,7.05,0.008584000000000001,553009.55,389092.374
601187,2026-03-25,7.63,0.011936,168007.0,126848.777
601188,2026-03-25,3.41,0.027108,298310.21,100804.111
601198,2026-03-25,12.72,0.010326,171309.47,217611.604
601199,2026-03-25,5.97,0.025773,137453.23,81710.062
601200,2026-03-25,8.89,0.040984,249284.01,219525.791
601208,2026-03-25,30.47,0.049604,497556.91,1517873.213
601211,2026-03-25,17.21,0.01057,615289.42,1057551.794
601212,2026-03-25,8.12,0.031766,2059125.05,1689154.614
601216,2026-03-25,5.52,-0.00361,1013797.2,560951.682
601218,2026-03-25,8.1,0.06299199999999999,2704194.87,2097124.506
601222,2026-03-25,6.57,0.020186000000000003,542901.84,356429.564
601225,2026-03-25,25.75,-0.030497,687009.92,1756705.916
601226,2026-03-25,9.81,0.005123,870631.15,865138.401
601228,2026-03-25,3.46,0.029762,505776.55,173965.804
601229,2026-03-25,9.81,-0.006079,398589.12,389395.051
601231,2026-03-25,34.4,0.027479,368236.34,1286842.352
601233,2026-03-25,18.02,0.022701,735098.72,1345012.342
601236,2026-03-25,7.95,0.003788,170154.78,135069.217
601238,2026-03-25,7.34,0.006859,192492.86,141034.584
601279,2026-03-25,4.24,0.024155000000000003,132239.0,55622.968
601288,2026-03-25,6.55,0.007692,3381619.73,2188567.793
601298,2026-03-25,8.81,0.002275,102085.28,89428.165
601311,2026-03-25,9.42,0.018378000000000002,254028.8,237509.345
601318,2026-03-25,58.79,0.011528,562388.54,3309846.362
601319,2026-03-25,8.05,0.013854,466716.34,373942.176
601326,2026-03-25,3.76,0.053221,770027.34,285586.09
601328,2026-03-25,6.83,0.001466,1455936.9,986694.609
601330,2026-03-25,10.68,-0.044723,1446922.93,1633139.798
601333,2026-03-25,3.12,0.04,867531.0,266443.336
601336,2026-03-25,66.6,0.018816,154873.14,1030266.742
601339,2026-03-25,6.96,0.016058,63623.47,43944.936
601360,2026-03-25,11.01,0.018501,898703.54,987509.712
601366,2026-03-25,4.18,0.014563,123397.5,51352.74
601368,2026-03-25,5.48,0.041825,142054.94,77203.578
601369,2026-03-25,10.34,0.009766,116469.26,120751.499
601375,2026-03-25,4.06,0.017544,354567.0,143316.409
601377,2026-03-25,6.16,0.014827,575241.23,352489.089
601388,2026-03-25,3.53,0.032164,554154.38,194538.472
601390,2026-03-25,5.49,0.009191,2114287.25,1160088.073
601398,2026-03-25,7.34,0.002732,3375945.44,2456869.163
601399,2026-03-25,4.52,0.013453,727893.22,328456.15
601456,2026-03-25,9.18,0.011013,222690.79,203293.636
601500,2026-03-25,4.33,0.030952,182196.99,78487.696
601512,2026-03-25,8.68,-0.001151,38907.0,33702.385
601515,2026-03-25,4.01,0.005013,250559.73,100663.417
601518,2026-03-25,3.0,0.045296,328358.25,97327.146
601519,2026-03-25,10.82,0.013108999999999999,252366.7,273077.197
601528,2026-03-25,5.59,0.033271999999999996,217603.72,120208.302
601555,2026-03-25,7.91,0.008929,502506.13,397718.17
601566,2026-03-25,10.67,0.021053000000000002,62344.0,65895.676
601567,2026-03-25,28.09,0.006089,266069.47,752489.429
601568,2026-03-25,4.25,-0.004684,417789.45,176562.33
601577,2026-03-25,9.71,0.011458,176228.92,170303.447
601579,2026-03-25,16.22,0.018844,42363.97,68118.126
601588,2026-03-25,1.82,0.05814,512427.48,91408.933
601595,2026-03-25,23.61,0.021194,52321.0,123433.869
601598,2026-03-25,5.84,0.024561000000000003,175291.16,101876.817
601599,2026-03-25,3.97,0.025840000000000002,267168.79,105385.332
601600,2026-03-25,11.51,0.018584,2670576.66,3086000.463
601601,2026-03-25,38.38,0.021016,253797.92,971203.843
601606,2026-03-25,43.27,0.099898,624233.68,2579483.753
601607,2026-03-25,16.58,0.006679000000000001,70193.69,116043.207
601608,2026-03-25,6.18,0.006515,340328.0,210209.969
601609,2026-03-25,9.6,0.014799,184814.1,177585.023
601611,2026-03-25,14.94,0.028925999999999997,806831.35,1203355.504
601615,2026-03-25,19.25,-0.023834,808510.0,1574488.319
601616,2026-03-25,5.16,0.019763,548166.0,280904.728
601618,2026-03-25,3.07,0.019934,1849350.16,564099.946
601619,2026-03-25,5.92,0.027778,1234429.34,728476.593
601628,2026-03-25,39.49,0.00509,209474.53,825939.095
601633,2026-03-25,20.9,0.008687,128996.21,268710.597
601636,2026-03-25,5.97,0.010152000000000001,470792.83,281445.81
601658,2026-03-25,5.08,0.011952,1270168.1,638528.927
601665,2026-03-25,5.76,0.017668,627837.96,358543.267
601666,2026-03-25,8.55,-0.005814000000000001,427657.85,359217.013
601668,2026-03-25,4.97,0.018443,2655616.83,1310453.146
601669,2026-03-25,6.13,0.030251999999999998,6407803.12,3907196.256
601677,2026-03-25,14.75,0.014443,214542.79,317059.612
601678,2026-03-25,4.85,0.014643999999999999,541214.77,262403.725
601686,2026-03-25,5.81,0.008681,50880.0,29518.94
601688,2026-03-25,18.94,0.027115,672607.27,1270275.457
601689,2026-03-25,57.8,0.012790999999999999,347255.32,1997883.36
601696,2026-03-25,12.39,0.00978,284506.51,351663.428
601698,2026-03-25,31.96,0.012674000000000001,320961.49,1030318.275
601699,2026-03-25,13.95,-0.047782,534499.49,745466.322
601700,2026-03-25,5.72,0.032491,297286.2,169275.773
601702,2026-03-25,20.0,0.037344,108072.0,215967.993
601717,2026-03-25,21.91,0.014352,141498.64,309013.081
601718,2026-03-25,3.08,0.023256000000000002,520788.11,158329.967
601727,2026-03-25,8.25,0.013514,1194535.78,984314.943
601728,2026-03-25,5.83,-0.0034189999999999997,1164842.0,678976.922
601766,2026-03-25,6.36,0.024155000000000003,1570043.69,990799.38
601777,2026-03-25,9.53,0.004215,198571.64,189993.438
601778,2026-03-25,5.92,0.06666699999999999,4922669.65,2829051.404
601788,2026-03-25,15.49,0.010437,151601.5,234092.121
601789,2026-03-25,6.06,0.032368,1667970.15,1014783.457
601798,2026-03-25,9.06,0.035429,100038.0,89798.206
601799,2026-03-25,123.64,0.029474999999999998,42173.28,520126.405
601800,2026-03-25,7.85,0.00641,240992.22,188876.578
601801,2026-03-25,6.33,0.027597,126254.09,79175.511
601808,2026-03-25,16.42,0.003667,289375.79,469429.149
601811,2026-03-25,13.52,0.019608,27626.0,37086.807
601816,2026-03-25,5.02,0.018255999999999998,1790367.1,890649.387
601818,2026-03-25,3.3,0.015385,2437140.6,796291.773
601825,2026-03-25,8.88,-0.0011250000000000001,147273.91,130028.333
601827,2026-03-25,9.31,0.042553,217579.0,202050.121
601828,2026-03-25,2.43,0.025316,174980.95,42056.57
601838,2026-03-25,17.02,-0.0017599999999999998,220169.99,373937.946
601857,2026-03-25,11.7,-0.024187,2802175.65,3246384.962
601858,2026-03-25,25.23,0.039555,321956.32,816533.714
601860,2026-03-25,2.81,0.040741,948020.58,263017.224
601865,2026-03-25,15.76,-0.011292,221251.0,349756.911
601866,2026-03-25,2.77,0.02214,1517414.16,416790.597
601868,2026-03-25,3.34,0.018293,20843783.98,6979295.242
601869,2026-03-25,256.64,0.09999599999999999,216140.04,5462444.335
601872,2026-03-25,17.41,-0.038121999999999996,2240066.21,3976727.257
601877,2026-03-25,35.33,0.015229999999999999,453117.44,1607674.892
601878,2026-03-25,9.84,0.007165,210775.75,207038.949
601880,2026-03-25,1.75,0.035503,1858248.02,322234.965
601881,2026-03-25,13.4,0.012849999999999999,330343.83,440978.561
601882,2026-03-25,19.1,0.001573,57776.85,110103.981
601886,2026-03-25,8.18,0.0,82543.03,67693.571
601888,2026-03-25,71.82,0.014119999999999999,173568.41,1240622.226
601890,2026-03-25,10.33,0.010763,348094.87,359294.829
601898,2026-03-25,17.43,-0.048581000000000006,936095.39,1628439.92
601899,2026-03-25,33.24,0.032298,4106151.87,13780664.76
601900,2026-03-25,13.1,0.016292,79886.0,104276.007
601901,2026-03-25,7.02,0.011527,515806.16,360388.275
601908,2026-03-25,4.57,0.015556,2551546.21,1153390.881
601916,2026-03-25,3.1,0.003236,1475221.95,455453.357
601918,2026-03-25,7.86,0.011583000000000001,645751.53,502561.349
601919,2026-03-25,15.17,-0.02129,1233398.53,1879706.712
601921,2026-03-25,7.67,0.018592,86449.74,66017.297
601928,2026-03-25,9.73,0.009336,78386.81,76025.23
601929,2026-03-25,3.07,0.026756000000000002,783364.69,238628.88
601933,2026-03-25,3.93,0.048,2200896.29,857265.419
601939,2026-03-25,9.39,0.007511,1006442.43,934882.791
601949,2026-03-25,6.35,0.022543999999999998,113939.0,72062.59
601952,2026-03-25,9.96,0.012195000000000001,159571.35,158755.344
601956,2026-03-25,6.42,0.009434,68953.0,44244.647
601958,2026-03-25,18.7,0.027473,458603.48,859108.097
601963,2026-03-25,10.79,-0.012809,182597.04,194561.174
601965,2026-03-25,17.33,0.010496,65910.0,114242.763
601966,2026-03-25,14.12,0.006415,82168.03,115859.058
601968,2026-03-25,5.18,0.013699,71773.0,37056.54
601969,2026-03-25,11.49,0.014122,358718.16,410025.762
601975,2026-03-25,4.64,-0.039337,5557593.78,2643071.226
601985,2026-03-25,9.33,0.020788,3579351.37,3316290.916
601988,2026-03-25,5.55,0.014624999999999999,3172409.8,1738485.855
601990,2026-03-25,7.3,0.0041270000000000005,169763.38,123876.529
601991,2026-03-25,4.46,0.051886999999999996,4911185.92,2159257.296
601992,2026-03-25,1.81,0.022599,1367879.14,244706.668
601995,2026-03-25,32.79,0.007993,128024.8,418895.878
601996,2026-03-25,2.45,0.042553,260126.57,62614.666
601997,2026-03-25,5.77,0.017637,422883.94,242155.808
601998,2026-03-25,8.27,0.011002000000000001,868431.24,710412.415
601999,2026-03-25,8.02,0.100137,200810.11,156589.856
603000,2026-03-25,19.95,0.026234999999999998,230674.08,458689.759
603001,2026-03-25,9.35,0.051744000000000005,93351.0,85294.435
603002,2026-03-25,9.69,0.02,276330.02,268895.456
603004,2026-03-25,21.42,0.011809,17493.0,37489.128
603005,2026-03-25,27.62,0.015068,241241.25,667267.605
603006,2026-03-25,12.59,0.006395,26624.0,33598.716
603007,2026-03-25,6.69,0.002999,195728.0,130666.259
603008,2026-03-25,17.68,0.006834,136135.0,240603.669
603009,2026-03-25,45.68,0.021238999999999997,59951.0,274178.71
603010,2026-03-25,10.43,0.010659,109020.13,113687.847
603011,2026-03-25,21.14,0.016346,265665.52,564117.315
603012,2026-03-25,7.61,0.026991,155069.9,117400.658
603013,2026-03-25,20.26,0.001483,23446.0,47649.897
603014,2026-03-25,37.24,0.0032329999999999998,8305.35,30916.554
603015,2026-03-25,12.34,0.011474999999999999,46785.01,57629.433
603016,2026-03-25,38.79,-0.022675999999999998,79063.11,303736.554
603017,2026-03-25,13.93,0.0,319308.0,446774.579
603018,2026-03-25,7.36,0.010989,84340.39,61857.08
603019,2026-03-25,83.05,0.029375,297580.79,2456541.962
603020,2026-03-25,10.45,0.055556,55053.52,56620.118
603021,2026-03-25,7.38,0.049787,141301.0,102968.492
603022,2026-03-25,10.53,0.028319999999999998,54648.0,57247.261
603023,2026-03-25,4.91,0.042463,130245.84,63109.179
603025,2026-03-25,14.43,-0.010287999999999999,155290.8,224209.454
603026,2026-03-25,77.56,-0.010714,198669.54,1526754.714
603027,2026-03-25,9.05,0.005556,100948.54,91346.195
603028,2026-03-25,8.67,0.014034999999999999,45392.9,39361.456
603029,2026-03-25,18.75,0.02459,41906.46,78563.966
603030,2026-03-25,2.52,0.024390000000000002,190731.97,47536.074
603031,2026-03-25,48.6,0.024884,81252.36,400513.87
603032,2026-03-25,17.8,0.020057000000000002,47216.12,83903.471
603033,2026-03-25,9.75,0.002055,31735.0,31008.1
603035,2026-03-25,13.68,0.006623,50393.0,68926.872
603036,2026-03-25,18.64,0.028698,32955.0,60729.721
603037,2026-03-25,13.19,0.009954,67195.07,88580.419
603038,2026-03-25,14.93,0.029655,38449.0,56948.188
603039,2026-03-25,39.76,0.020272000000000002,30244.27,119871.199
603040,2026-03-25,79.2,0.030847000000000003,17250.17,135071.479
603041,2026-03-25,12.39,0.017241,26379.88,32700.317
603042,2026-03-25,21.25,0.099896,230326.03,482210.143
603043,2026-03-25,15.96,0.010126999999999999,26545.78,42312.254
603045,2026-03-25,29.78,0.0,43269.0,129252.712
603048,2026-03-25,20.16,0.021793999999999997,26110.0,52270.117
603049,2026-03-25,47.94,0.013102,22816.14,109430.996
603050,2026-03-25,22.05,-0.006309,65865.38,147249.371
603051,2026-03-25,21.5,0.014151,41406.58,89289.091
603052,2026-03-25,65.65,0.100034,73488.92,471407.608
603053,2026-03-25,10.2,0.013916999999999999,83482.0,84617.248
603055,2026-03-25,9.81,0.040297,129834.0,125932.709
603057,2026-03-25,24.42,0.021757,53492.0,131422.352
603058,2026-03-25,12.07,0.026361,61035.0,73396.662
603059,2026-03-25,31.99,-0.004977,15750.3,50621.135
603060,2026-03-25,6.27,0.019512,52529.62,32770.916
603061,2026-03-25,251.3,0.065598,21048.5,522044.263
603062,2026-03-25,50.1,0.049215,18187.0,90672.294
603063,2026-03-25,33.82,0.036469999999999995,450107.58,1495821.511
603065,2026-03-25,8.05,0.008772,46487.15,37273.01
603066,2026-03-25,9.98,0.019408,23378.98,23185.602
603067,2026-03-25,34.15,0.039574,281519.75,969581.566
603068,2026-03-25,31.93,0.02078,18813.0,59921.671
603069,2026-03-25,18.18,0.028281,41325.9,74085.041
603070,2026-03-25,14.86,0.019204000000000002,47179.0,70211.356
603071,2026-03-25,14.84,0.040673,73804.0,108273.96
603072,2026-03-25,36.09,0.022090000000000002,19636.0,70405.769
603073,2026-03-25,19.77,0.024352,22168.03,43661.294
603075,2026-03-25,20.38,0.011414,13924.62,28245.761
603076,2026-03-25,25.77,0.057013999999999995,41406.93,106352.786
603077,2026-03-25,2.83,0.036629999999999996,2945744.34,830762.279
603078,2026-03-25,22.15,0.015124,93422.75,206544.857
603079,2026-03-25,16.61,0.018394,36898.02,61393.413
603080,2026-03-25,22.1,0.000453,23060.0,50848.247
603081,2026-03-25,11.75,0.019081,32424.0,37957.858
603082,2026-03-25,34.29,0.016301,7653.66,26213.196
603083,2026-03-25,109.94,0.03864,265126.1,2903518.192
603085,2026-03-25,10.54,0.010546999999999999,48453.0,51144.809
603086,2026-03-25,7.31,0.006887,86304.0,62921.23
603087,2026-03-25,59.11,0.029074,86877.57,514224.004
603088,2026-03-25,12.69,0.016827,245631.51,313949.694
603089,2026-03-25,12.25,0.015754999999999998,25088.96,30697.156
603090,2026-03-25,60.07,0.017790999999999998,20812.0,125075.5
603091,2026-03-25,73.11,0.00481,8324.0,60229.81
603092,2026-03-25,69.77,0.017204,30639.5,214042.34
603093,2026-03-25,20.4,0.00295,96747.0,196699.041
603095,2026-03-25,17.65,0.0074199999999999995,26280.8,46226.255
603096,2026-03-25,17.42,0.006936,18907.2,32870.604
603097,2026-03-25,33.83,0.003858,27892.0,94790.174
603098,2026-03-25,18.49,0.056570999999999996,304123.97,552120.534
603099,2026-03-25,37.09,0.02289,39866.05,146915.445
603100,2026-03-25,19.24,0.011567000000000001,99921.85,192289.286
603101,2026-03-25,8.36,0.027027000000000002,58000.02,47583.007
603102,2026-03-25,40.66,0.036716,9045.0,36648.276
603103,2026-03-25,22.84,0.015562,59625.65,136600.161
603105,2026-03-25,13.89,0.039671,1115701.86,1510437.108
603106,2026-03-25,9.15,0.007709000000000001,49617.3,45341.468
603107,2026-03-25,14.51,0.00904,15501.1,22411.637
603108,2026-03-25,12.99,0.00077,111263.0,144930.438
603109,2026-03-25,23.29,0.02962,22171.2,51250.698
603110,2026-03-25,16.03,0.039559000000000004,87114.0,139375.612
603111,2026-03-25,6.53,0.015552,59594.0,38676.031
603112,2026-03-25,17.3,0.029148999999999998,52882.63,90619.321
603113,2026-03-25,7.3,0.011080000000000001,259332.54,188916.674
603115,2026-03-25,36.33,0.031809,119455.03,436897.599
603116,2026-03-25,5.6,0.012658,59518.0,33239.968
603117,2026-03-25,4.88,0.012447999999999999,107450.4,52202.881
603118,2026-03-25,12.79,0.099742,629459.4,785598.442
603119,2026-03-25,73.84,0.040293,140220.0,1025292.351
603120,2026-03-25,38.61,0.027408000000000002,13937.29,53327.013
603121,2026-03-25,16.65,-0.0012,102041.0,169847.933
603122,2026-03-25,15.94,0.028387,202813.0,321691.785
603123,2026-03-25,11.26,0.016245,186254.98,208770.58
603124,2026-03-25,102.55,0.03086,26747.0,272176.98
603125,2026-03-25,17.19,0.020783999999999997,20071.51,34407.2
603126,2026-03-25,7.63,0.031080999999999998,91053.01,69107.09
603127,2026-03-25,28.09,0.041528,144135.59,403376.342
603128,2026-03-25,5.64,0.014388000000000001,117844.09,66165.308
603129,2026-03-25,234.69,0.033877000000000004,12691.23,297402.883
603130,2026-03-25,41.99,-0.015475000000000001,38350.51,160150.064
603131,2026-03-25,20.35,0.007426,63777.0,129879.768
603132,2026-03-25,15.21,0.010631,55738.22,85121.205
603135,2026-03-25,10.17,0.003948999999999999,26483.6,27024.193
603136,2026-03-25,11.52,0.035971,51594.8,58791.539
603137,2026-03-25,13.42,0.029931,27885.24,37043.102
603138,2026-03-25,19.82,0.057067,181879.41,360064.167
603139,2026-03-25,27.72,0.061662,48691.05,133415.419
603150,2026-03-25,45.4,0.002208,26228.0,120008.242
603151,2026-03-25,17.02,0.008294000000000001,18828.19,31994.646
603153,2026-03-25,15.9,0.018577999999999997,18181.99,28683.281
603155,2026-03-25,15.59,0.020288,42044.6,65166.122
603156,2026-03-25,29.61,0.012308,56238.51,168193.254
603158,2026-03-25,12.0,0.068566,364801.84,431399.374
603159,2026-03-25,23.95,-0.004985,9677.87,23293.756
603160,2026-03-25,68.66,0.012834000000000002,36915.9,253216.177
603161,2026-03-25,14.55,0.021053000000000002,26331.62,38228.689
603162,2026-03-25,13.07,-0.005326999999999999,131178.36,171262.759
603163,2026-03-25,118.51,0.06545,62763.5,747488.351
603165,2026-03-25,15.26,-0.003916,340656.75,522684.334
603166,2026-03-25,13.27,0.02709,59613.98,78726.584
603167,2026-03-25,9.26,0.019823999999999998,72898.87,66928.309
603168,2026-03-25,6.73,0.018154,108379.0,73004.484
603169,2026-03-25,10.57,0.005709,478968.92,508516.267
603170,2026-03-25,12.85,0.015007999999999999,19713.0,25250.75
603171,2026-03-25,50.68,0.008357,27165.32,137245.451
603172,2026-03-25,21.11,0.030762,23023.0,48524.014
603173,2026-03-25,40.61,0.014743,18464.0,75326.949
603175,2026-03-25,88.3,0.100037,29103.05,248590.613
603176,2026-03-25,5.5,0.039698000000000004,65395.95,35471.099
603177,2026-03-25,11.48,0.026833999999999997,36668.0,41782.996
603178,2026-03-25,15.51,0.027152,20134.98,30986.362
603179,2026-03-25,66.0,0.1,175956.61,1123672.868
603180,2026-03-25,18.78,0.016234,11497.13,21541.053
603181,2026-03-25,14.62,0.014573000000000001,79513.31,116576.889
603182,2026-03-25,14.73,0.010287999999999999,26101.0,38521.591
603183,2026-03-25,4.59,0.033784,128480.08,58465.425
603185,2026-03-25,24.33,-0.0061270000000000005,206175.97,505575.359
603186,2026-03-25,62.97,0.020749,100594.76,630374.844
603187,2026-03-25,15.11,0.015457,31205.01,46934.566
603188,2026-03-25,4.8,0.027837,146899.0,70309.101
603189,2026-03-25,19.5,0.010886,85281.08,166881.926
603190,2026-03-25,24.66,0.016907000000000002,12670.0,31168.757
603191,2026-03-25,22.57,0.034846,192480.96,440532.803
603192,2026-03-25,23.35,0.009510999999999999,12189.5,28391.473
603193,2026-03-25,21.05,0.004773,11619.65,24453.135
603194,2026-03-25,32.73,0.011747,17539.91,57425.621
603195,2026-03-25,41.56,-0.000721,19173.42,79505.289
603196,2026-03-25,27.08,0.009318,31111.0,84445.781
603197,2026-03-25,32.13,0.008158,15033.2,48293.184
603198,2026-03-25,32.6,0.004004,21603.4,70313.133
603199,2026-03-25,41.03,0.013086,25985.0,106037.159
603200,2026-03-25,57.63,0.003832,57711.01,332997.088
603201,2026-03-25,16.51,-0.004822,30454.31,50392.583
603202,2026-03-25,94.71,-0.001792,11074.72,104788.169
603203,2026-03-25,37.16,0.05060800000000001,44880.36,165309.492
603205,2026-03-25,25.59,0.0023499999999999997,4770.2,12205.916
603206,2026-03-25,15.6,0.013645000000000001,19536.0,30480.661
603207,2026-03-25,26.72,-0.00037400000000000004,8826.0,23613.208
603208,2026-03-25,13.38,0.029230999999999997,22341.99,29613.326
603209,2026-03-25,14.78,0.01931,47197.0,69700.623
603210,2026-03-25,18.25,0.036932,34280.21,61972.642
603211,2026-03-25,25.05,-0.008314,102628.0,256321.76
603212,2026-03-25,14.6,0.008287,256505.67,373127.726
603213,2026-03-25,13.42,0.034695000000000004,45909.58,61236.739
603214,2026-03-25,15.86,0.025873,37402.0,58950.081
603215,2026-03-25,19.51,0.017736000000000002,19342.0,37537.105
603216,2026-03-25,32.78,0.004289,22296.0,73010.709
603217,2026-03-25,22.44,0.021393,14575.48,32617.532
603218,2026-03-25,15.0,0.012829,238651.33,356955.634
603219,2026-03-25,15.71,-0.0006360000000000001,59041.58,93356.695
603220,2026-03-25,26.02,0.030087000000000003,315162.62,823167.685
603221,2026-03-25,11.47,0.008794999999999999,30388.0,34874.323
603222,2026-03-25,8.91,0.001124,97035.22,86306.54
603223,2026-03-25,8.43,0.010791,56152.12,47066.601
603225,2026-03-25,16.72,0.025137999999999997,299405.17,510416.622
603226,2026-03-25,38.55,0.036848,34710.61,132273.645
603227,2026-03-25,9.41,0.051397000000000005,772083.52,714195.652
603228,2026-03-25,58.35,0.032013,224600.9,1312980.872
603229,2026-03-25,9.2,0.005464,42156.8,38767.834
603230,2026-03-25,11.85,0.014555,25541.15,30217.821
603231,2026-03-25,17.16,0.008226,18292.64,31327.326
603232,2026-03-25,20.71,0.008768,80114.5,166102.588
603233,2026-03-25,17.56,0.016792,33941.9,59299.618
603235,2026-03-25,26.52,0.005306999999999999,4791.0,12654.736
603236,2026-03-25,75.0,0.020686,47151.77,353040.686
603237,2026-03-25,16.45,0.012308,11399.4,18688.535
603238,2026-03-25,15.85,0.01733,21572.95,33986.94
603239,2026-03-25,21.18,0.0071330000000000005,19760.0,41886.146
603248,2026-03-25,28.2,0.0,232670.42,657987.126
603255,2026-03-25,27.8,0.020183,9763.0,27053.266
603256,2026-03-25,66.42,0.042209,164718.5,1105756.699
603257,2026-03-25,56.16,0.013900999999999998,14185.02,79933.141
603258,2026-03-25,16.29,0.006177,31048.0,50683.606
603259,2026-03-25,94.02,0.003629,370141.1,3469706.302
603260,2026-03-25,42.38,0.001181,83580.51,355232.931
603261,2026-03-25,31.95,0.049950999999999995,6707.0,21259.814
603262,2026-03-25,25.29,0.0015840000000000001,6943.45,17601.977
603266,2026-03-25,18.44,0.023875999999999998,25633.0,47065.641
603267,2026-03-25,51.05,0.015314000000000001,50933.37,259468.134
603268,2026-03-25,120.65,0.014718,40928.61,491097.324
603269,2026-03-25,14.5,0.022567,187793.0,272831.591
603270,2026-03-25,23.81,0.01233,26478.58,63191.359
603271,2026-03-25,41.47,0.017919,13937.0,57634.711
603272,2026-03-25,26.71,0.060763,100358.94,263100.213
603273,2026-03-25,18.33,0.02117,24152.0,43914.987
603275,2026-03-25,43.0,0.016308,8158.39,35032.137
603276,2026-03-25,16.27,0.013076,18196.69,29746.19
603277,2026-03-25,14.41,0.005583,13966.2,20159.3
603278,2026-03-25,10.87,0.015888,67161.2,72692.706
603279,2026-03-25,16.8,0.016949000000000002,71906.39,120754.796
603280,2026-03-25,35.1,0.025716000000000003,19387.0,67937.543
603281,2026-03-25,32.34,0.042553,32697.0,105593.813
603282,2026-03-25,20.3,0.020101,15013.0,30461.155
603283,2026-03-25,43.67,0.003908,91514.42,402624.602
603284,2026-03-25,45.7,0.008162,16844.1,76982.056
603285,2026-03-25,31.88,0.049375,26699.68,85155.567
603286,2026-03-25,56.6,0.065312,38879.0,215250.193
603288,2026-03-25,37.0,0.00955,120920.19,444457.586
603289,2026-03-25,10.64,0.005671000000000001,65365.0,69933.46
603290,2026-03-25,105.18,0.011249,65492.66,692165.515
603291,2026-03-25,12.39,0.077391,131577.05,159401.291
603296,2026-03-25,91.45,0.023503,157362.4,1434017.746
603297,2026-03-25,103.3,0.018335999999999998,16337.5,169185.365
603298,2026-03-25,25.47,0.025775000000000003,71328.56,181683.209
603299,2026-03-25,11.31,0.030994,104675.62,118643.498
603300,2026-03-25,7.13,0.057864000000000006,970032.29,680038.997
603301,2026-03-25,94.05,0.022283,35958.79,337726.889
603303,2026-03-25,13.45,-0.010302,13514.8,18213.817
603305,2026-03-25,14.29,0.030281,215107.54,305846.185
603306,2026-03-25,77.94,0.040587,103300.12,807268.89
603307,2026-03-25,38.22,0.023018999999999998,5704.0,21677.978
603308,2026-03-25,63.53,0.029159,202901.29,1294112.642
603309,2026-03-25,15.51,0.031936,58496.16,90367.014
603310,2026-03-25,16.07,0.009422,15242.53,24455.486
603311,2026-03-25,16.28,0.065445,86586.0,137846.206
603312,2026-03-25,44.33,0.021429,12054.0,53174.938
603313,2026-03-25,8.26,0.023544,55851.19,45639.924
603315,2026-03-25,14.55,0.026093,56147.0,81182.749
603316,2026-03-25,15.51,0.036072,130136.37,202453.063
603317,2026-03-25,12.2,0.009934,46707.76,56735.026
603318,2026-03-25,8.21,0.014833,328073.45,269351.327
603319,2026-03-25,33.85,-0.0008849999999999999,75687.6,256579.006
603320,2026-03-25,20.02,0.014184,19961.0,39906.327
603321,2026-03-25,7.29,0.028208999999999998,54364.0,39305.958
603322,2026-03-25,30.79,0.029766,50900.0,156475.375
603323,2026-03-25,4.94,0.020661,301099.61,147508.806
603324,2026-03-25,23.95,-0.01804,62746.05,152200.71
603325,2026-03-25,73.46,0.038157,6668.6,48483.858
603326,2026-03-25,8.93,0.018244,44750.96,39822.061
603327,2026-03-25,9.12,0.022422,110979.15,100867.993
603328,2026-03-25,11.7,0.029024,245790.98,287376.071
603329,2026-03-25,10.45,0.020508000000000002,25656.84,26711.655
603330,2026-03-25,6.79,0.021053000000000002,61124.25,41220.342
603331,2026-03-25,15.12,0.019555,86690.18,131028.734
603332,2026-03-25,12.73,0.021669,97756.04,124915.545
603333,2026-03-25,7.89,0.005096000000000001,116956.0,92600.558
603334,2026-03-25,49.06,-0.011086,15852.37,78050.296
603335,2026-03-25,5.74,0.021352000000000003,112115.0,64179.557
603336,2026-03-25,8.56,0.020262,51346.04,43637.828
603337,2026-03-25,39.93,0.017584,30840.0,122931.351
603338,2026-03-25,49.45,0.0154,55244.07,272152.074
603339,2026-03-25,12.53,0.013753999999999999,22026.2,27551.22
603341,2026-03-25,38.52,0.022836,50936.68,195793.981
603344,2026-03-25,27.22,0.019858,15005.72,40829.469
603345,2026-03-25,84.11,0.013129,21424.81,180285.615
603348,2026-03-25,19.29,0.0036420000000000003,16651.63,32078.905
603350,2026-03-25,34.71,0.020882,6249.48,21592.245
603351,2026-03-25,24.71,-0.001616,8219.0,20326.485
603352,2026-03-25,39.03,0.006706,26395.52,102885.593
603353,2026-03-25,34.44,-0.021034999999999998,77068.35,264910.964
603355,2026-03-25,28.35,-0.002112,16432.45,46694.683
603356,2026-03-25,16.62,0.004837,40944.62,68588.834
603357,2026-03-25,8.04,0.016434999999999998,75327.63,60324.966
603358,2026-03-25,32.64,-0.100083,56898.0,185715.072
603359,2026-03-25,6.24,0.022951000000000003,91038.96,56546.852
603360,2026-03-25,25.7,0.051125,133800.86,334248.832
603363,2026-03-25,3.94,0.005102,385706.3,151392.832
603365,2026-03-25,20.35,0.011431,5546.0,11217.015
603366,2026-03-25,10.6,-0.025735,714823.49,762320.164
603367,2026-03-25,16.02,0.006281,48094.0,76740.647
603368,2026-03-25,16.75,0.009035999999999999,33141.96,55310.287
603369,2026-03-25,27.43,-0.000729,51923.56,142409.758
603370,2026-03-25,43.7,0.017936,5911.11,25722.065
603373,2026-03-25,43.58,0.036139000000000004,23871.99,102339.647
603375,2026-03-25,35.62,0.014815,11656.0,41666.206
603376,2026-03-25,34.42,0.011758,12586.75,43264.078
603377,2026-03-25,3.7,0.027778,88392.6,32386.884
603378,2026-03-25,5.75,0.014109,61353.31,35075.483
603379,2026-03-25,62.89,0.014191,69304.65,439475.647
603380,2026-03-25,33.92,0.019537,9390.0,31822.886
603381,2026-03-25,26.2,0.00038199999999999996,134061.22,355935.02
603382,2026-03-25,27.81,0.016447,9793.05,27129.315
603383,2026-03-25,29.34,0.006518,25723.01,75434.404
603385,2026-03-25,6.68,0.027692,48486.6,32253.259
603386,2026-03-25,13.35,0.027714,67206.0,89268.553
603387,2026-03-25,9.17,0.017758,477413.61,435371.032
603389,2026-03-25,41.0,0.000732,7652.2,31066.633
603390,2026-03-25,11.51,0.017683,29150.0,33444.879
603391,2026-03-25,69.29,0.007122000000000001,9647.0,66758.26
603392,2026-03-25,39.85,-0.009692,28917.56,115317.075
603393,2026-03-25,38.36,-0.02763,202049.58,769971.308
603395,2026-03-25,29.8,0.014295,35399.04,105049.155
603396,2026-03-25,41.2,0.034916,111283.97,449502.675
603398,2026-03-25,11.41,0.0,134447.79,153158.712
603399,2026-03-25,10.56,0.022265,186003.0,193911.918
603400,2026-03-25,67.42,0.02618,12649.58,83968.69
603402,2026-03-25,133.32,0.026644,12658.26,167824.122
603406,2026-03-25,36.04,-0.000555,17352.45,62621.574
603408,2026-03-25,11.89,0.017109,20557.0,24292.176
603409,2026-03-25,39.16,0.010842000000000001,17755.05,68889.996
603416,2026-03-25,49.2,0.029073,14094.1,68878.476
603418,2026-03-25,50.94,0.005726,8215.75,41855.963
603421,2026-03-25,10.52,-0.00473,873198.12,936688.74
603429,2026-03-25,8.49,0.049444,117750.3,97521.522
603439,2026-03-25,10.8,0.008403,16811.0,18102.397
603444,2026-03-25,373.1,0.023594,11418.23,424516.571
603456,2026-03-25,15.77,-0.004419,108137.2,170610.516
603458,2026-03-25,10.27,0.03424,87183.55,88907.595
603466,2026-03-25,9.37,0.019587,208602.6,195151.569
603477,2026-03-25,16.95,0.00713,83510.64,141640.891
603486,2026-03-25,61.2,0.022215,42516.65,259292.338
603488,2026-03-25,9.91,0.024819,46270.0,45776.585
603489,2026-03-25,32.76,0.016129,47462.92,155386.585
603496,2026-03-25,29.15,0.024605000000000002,113010.81,329035.36
603499,2026-03-25,22.64,0.001327,38105.0,87010.551
603500,2026-03-25,11.04,0.031776,52345.64,57476.432
603501,2026-03-25,102.35,0.023704999999999997,111842.47,1137342.424
603505,2026-03-25,17.78,0.018328,89119.94,157961.013
603506,2026-03-25,12.37,0.024007,33160.4,40845.138
603507,2026-03-25,38.68,0.015489999999999999,128719.0,497839.023
603508,2026-03-25,24.77,0.017666,22464.35,55479.571
603511,2026-03-25,13.81,0.016188,16916.78,23253.471
603515,2026-03-25,19.11,-0.00261,23691.5,45117.735
603516,2026-03-25,142.46,0.002463,47022.15,674401.565
603517,2026-03-25,11.45,0.015972,41026.2,46640.91
603518,2026-03-25,8.74,0.029446,66154.94,57230.284
603519,2026-03-25,13.11,0.017857,25514.92,33244.292
603520,2026-03-25,9.36,-0.025,228094.05,215147.006
603527,2026-03-25,10.87,0.044188,284747.11,309034.562
603528,2026-03-25,8.11,0.0024720000000000002,75011.0,60778.337
603529,2026-03-25,32.39,0.0027860000000000003,380907.64,1203484.567
603530,2026-03-25,60.15,0.007032,45632.9,275773.335
603533,2026-03-25,25.0,0.026694,157739.02,392296.667
603535,2026-03-25,8.43,0.020581000000000002,39960.79,33416.496
603536,2026-03-25,9.91,0.038784,58864.12,57879.665
603538,2026-03-25,32.38,0.099864,291690.73,939005.756
603551,2026-03-25,12.16,0.011647000000000001,32536.0,39354.623
603556,2026-03-25,34.43,0.003205,37760.36,130787.551
603557,2026-03-25,4.03,-0.033573,200781.0,81828.546
603558,2026-03-25,15.4,0.080702,252752.49,370058.121
603559,2026-03-25,6.85,0.019345,19537.0,13278.783
603565,2026-03-25,11.23,0.008079,184949.11,206911.344
603566,2026-03-25,12.25,-0.0008160000000000001,43012.0,52796.828
603567,2026-03-25,6.87,-0.004348,106729.96,73421.806
603568,2026-03-25,26.52,0.018042,55049.43,145882.231
603569,2026-03-25,6.86,0.025411000000000003,49443.53,33648.28
603577,2026-03-25,11.31,0.013441000000000002,136363.0,154871.563
603578,2026-03-25,13.08,0.021077,48926.46,62943.348
603579,2026-03-25,20.03,-0.002987,33638.99,67281.946
603580,2026-03-25,17.11,0.042657,33232.08,55756.765
603583,2026-03-25,32.11,0.010384,26850.0,86098.515
603585,2026-03-25,18.85,0.029491999999999997,31504.8,58752.912
603586,2026-03-25,18.14,0.053426,53065.0,94981.214
603587,2026-03-25,12.07,0.017707,19757.01,23672.517
603588,2026-03-25,14.53,0.073117,790481.27,1121368.734
603589,2026-03-25,24.88,0.006472,25878.0,64332.077
603590,2026-03-25,35.69,0.005352,10867.0,38907.829
603595,2026-03-25,15.6,0.029703,24716.0,38145.083
603596,2026-03-25,45.86,0.007691,87300.66,399924.407
603598,2026-03-25,19.56,0.030558000000000002,92318.0,179356.368
603599,2026-03-25,13.68,0.045872,196339.56,267707.066
603600,2026-03-25,10.39,0.0,57597.0,60062.097
603601,2026-03-25,12.22,0.09991,1082478.11,1320515.173
603602,2026-03-25,13.25,0.031931,39054.93,51404.658
603605,2026-03-25,62.09,-0.00433,33457.92,208444.652
603606,2026-03-25,63.52,0.011304000000000002,91814.84,583385.496
603607,2026-03-25,22.99,0.023142,46890.0,107592.933
603608,2026-03-25,10.18,0.0409,145986.19,148405.539
603609,2026-03-25,6.78,0.013453,45556.0,30697.421
603610,2026-03-25,16.16,0.014438,119280.0,191791.935
603611,2026-03-25,21.98,0.042694,37351.6,80815.969
603612,2026-03-25,27.02,0.047286999999999996,189891.92,510389.163
603613,2026-03-25,25.06,0.013753999999999999,70106.35,176039.209
603615,2026-03-25,19.32,-0.004124,85564.78,169113.342
603616,2026-03-25,6.83,-0.01585,527150.0,359896.244
603617,2026-03-25,7.29,0.011096,55038.0,40124.611
603618,2026-03-25,22.8,0.099855,639477.32,1419438.23
603619,2026-03-25,34.33,-0.031594000000000004,303400.76,1033798.725
603626,2026-03-25,21.54,0.071109,431082.48,926134.014
603628,2026-03-25,16.65,0.041276,454831.79,751442.101
603629,2026-03-25,62.68,0.10003500000000001,153890.0,936084.441
603630,2026-03-25,15.67,0.005131,28273.2,44205.237
603633,2026-03-25,7.74,0.014417,55533.29,42990.593
603636,2026-03-25,9.39,0.018438,62136.0,58056.199
603637,2026-03-25,11.9,0.041120000000000004,66564.0,78428.561
603638,2026-03-25,19.87,0.011196,55488.72,110648.741
603639,2026-03-25,12.96,0.014879,25458.08,32900.075
603648,2026-03-25,9.76,0.017727,30253.0,29390.675
603650,2026-03-25,50.3,0.039042,93360.55,470673.598
603655,2026-03-25,38.7,-0.025189,24124.0,93549.366
603656,2026-03-25,22.01,0.022770000000000002,22808.56,50301.757
603657,2026-03-25,25.24,-0.003553,10888.0,27561.417
603658,2026-03-25,33.22,0.002414,14178.04,47204.081
603659,2026-03-25,32.35,0.014107000000000001,942845.19,3026805.997
603660,2026-03-25,9.08,-0.0011,146686.99,133782.565
603661,2026-03-25,30.31,0.0023150000000000002,6673.0,20205.787
603662,2026-03-25,55.31,0.008387,25701.11,142366.623
603663,2026-03-25,41.98,0.021162999999999998,74683.74,312638.827
603665,2026-03-25,29.19,0.004819,26929.0,78132.984
603666,2026-03-25,26.95,0.013919999999999998,23779.64,63827.951
603667,2026-03-25,67.0,0.046548,237496.43,1582199.98
603668,2026-03-25,10.78,-0.032316,336523.73,364560.348
603669,2026-03-25,4.43,0.030233,210679.0,92947.662
603676,2026-03-25,10.24,0.007873999999999999,14342.0,14687.379
603677,2026-03-25,16.1,0.00625,13641.0,21954.531
603678,2026-03-25,35.36,0.01902,59060.24,208601.711
603679,2026-03-25,14.86,0.018506,52864.9,78682.355
603680,2026-03-25,12.97,0.014866999999999998,24506.2,31515.451
603681,2026-03-25,17.14,0.019025,71077.39,121065.599
603682,2026-03-25,6.7,0.024465,77687.0,51991.438
603683,2026-03-25,27.99,0.017818,171070.68,473344.603
603685,2026-03-25,28.8,0.054173,37694.9,107238.746
603686,2026-03-25,18.53,0.012015,122491.64,225691.7
603687,2026-03-25,15.0,0.016949000000000002,1114531.36,1648182.516
603688,2026-03-25,43.1,0.027414,139401.82,601678.156
603689,2026-03-25,8.4,0.015719,77805.71,64737.271
603690,2026-03-25,25.06,0.017044999999999998,84807.0,212682.151
603693,2026-03-25,18.61,0.0,664339.88,1258319.118
603696,2026-03-25,16.26,0.020716000000000002,43339.0,69715.884
603697,2026-03-25,10.82,0.017874,38589.33,41471.261
603698,2026-03-25,29.45,0.01692,88810.0,262012.793
603699,2026-03-25,51.0,0.025744,73030.36,375818.347
603700,2026-03-25,13.14,0.020186000000000003,37871.0,49729.156
603701,2026-03-25,22.97,0.016372,48432.52,110906.532
603703,2026-03-25,11.97,0.01269,86432.0,103581.358
603706,2026-03-25,19.8,0.005587,12747.0,25165.133
603707,2026-03-25,9.64,0.03212,108188.53,102675.859
603708,2026-03-25,10.95,0.028169,42598.46,46218.489
603709,2026-03-25,17.17,0.022633,29286.0,50227.694
603711,2026-03-25,12.46,0.006462,15105.0,18775.711
603712,2026-03-25,16.48,0.014778,96928.34,158663.726
603713,2026-03-25,58.9,0.025061,11536.0,67799.359
603716,2026-03-25,20.82,-0.014671,174189.96,363525.205
603717,2026-03-25,6.93,0.029718,73982.0,50998.647
603718,2026-03-25,4.54,0.020225,109937.6,49704.015
603719,2026-03-25,10.17,0.022111000000000002,27269.0,27575.706
603721,2026-03-25,19.39,0.024841000000000002,7945.0,15305.16
603722,2026-03-25,33.67,0.0032779999999999997,8404.0,28378.797
603725,2026-03-25,8.96,0.007873999999999999,33473.4,30006.461
603726,2026-03-25,22.83,-0.0008749999999999999,52060.0,119074.343
603727,2026-03-25,20.34,0.03144,233989.38,470736.404
603728,2026-03-25,57.38,0.011993,54138.55,310613.206
603729,2026-03-25,17.49,0.030642,35317.0,61547.846
603730,2026-03-25,8.57,0.022673000000000002,155386.92,132672.172
603733,2026-03-25,22.87,0.013292,50794.3,116983.211
603737,2026-03-25,49.21,0.03036,27548.98,135958.035
603738,2026-03-25,25.38,-0.010526,626640.96,1602944.639
603739,2026-03-25,14.28,0.01637,49965.0,71041.846
603755,2026-03-25,28.39,0.01939,14343.0,40263.32
603757,2026-03-25,44.12,0.013554,114156.98,509585.813
603758,2026-03-25,13.12,0.02902,38379.88,50201.489
603759,2026-03-25,10.56,0.042448,311860.51,326595.437
603766,2026-03-25,14.09,-0.002831,162442.5,233095.996
603767,2026-03-25,18.5,0.018162,26504.03,48785.308
603768,2026-03-25,10.98,0.018553,25008.53,27500.017
603773,2026-03-25,36.65,0.009642,84073.14,311133.103
603776,2026-03-25,17.95,0.006730000000000001,21756.53,38992.808
603777,2026-03-25,13.88,0.062787,184804.84,253495.013
603778,2026-03-25,24.54,-0.00688,1006217.2,2506001.803
603779,2026-03-25,6.36,0.046053,87890.0,55166.737
603786,2026-03-25,54.31,0.02221,24446.2,132326.031
603787,2026-03-25,15.65,0.026230000000000003,384778.94,577684.924
603788,2026-03-25,14.95,0.010135,16355.0,24465.944
603789,2026-03-25,5.91,0.038664000000000004,42764.0,24873.996
603790,2026-03-25,20.59,0.032597999999999995,44616.3,90946.495
603797,2026-03-25,4.69,0.024017,82699.12,38624.589
603798,2026-03-25,14.07,0.08397500000000001,84631.7,116631.062
603799,2026-03-25,59.04,0.047923,774084.24,4523245.07
603800,2026-03-25,37.35,0.058673,65456.19,244584.445
603801,2026-03-25,9.25,0.031215000000000003,57767.15,52979.439
603803,2026-03-25,15.4,-0.013453,1377906.13,2092308.004
603806,2026-03-25,18.79,-0.03641,633343.38,1204287.35
603808,2026-03-25,10.42,0.100317,235890.42,242060.565
603809,2026-03-25,10.51,0.00382,149135.33,157594.915
603810,2026-03-25,15.55,0.017005,22291.96,34688.292
603811,2026-03-25,11.61,0.016637,65277.56,75410.195
603813,2026-03-25,29.15,-0.023451,7017.0,20817.374
603815,2026-03-25,6.14,0.018242,102462.0,62591.363
603816,2026-03-25,33.8,0.0,37520.12,126434.281
603817,2026-03-25,9.01,0.025028,590154.09,527607.942
603818,2026-03-25,3.57,0.014205,118570.0,42160.109
603819,2026-03-25,11.88,0.026793,45331.84,53386.314
603822,2026-03-25,91.2,-0.05,19301.79,179144.902
603823,2026-03-25,15.82,0.028609,33583.92,52957.67
603825,2026-03-25,8.76,0.024561000000000003,26765.0,23307.618
603826,2026-03-25,25.33,0.040246000000000004,163766.76,421461.026
603828,2026-03-25,6.29,0.050083,24991.69,15542.845
603829,2026-03-25,28.49,0.1,83609.65,230920.633
603833,2026-03-25,54.0,-0.0022170000000000002,19001.9,102773.605
603836,2026-03-25,12.94,0.022925,24766.48,31820.734
603838,2026-03-25,8.46,0.031707,8314.0,6992.113
603839,2026-03-25,7.45,0.029005999999999997,40454.99,29974.273
603843,2026-03-25,8.84,-0.012291000000000002,471443.05,428320.799
603848,2026-03-25,15.56,0.011046,18236.9,28274.036
603855,2026-03-25,18.98,-0.000527,15971.0,30367.059
603856,2026-03-25,13.13,0.011556,34681.5,45706.776
603858,2026-03-25,15.88,0.006975,42270.94,66960.097
603859,2026-03-25,37.6,0.030419,49686.74,184583.373
603860,2026-03-25,30.9,0.047458,25106.8,77042.299
603861,2026-03-25,16.41,0.031427000000000004,189034.01,311497.41
603863,2026-03-25,19.15,0.008957,37605.0,71712.313
603866,2026-03-25,5.02,0.008032000000000001,101169.65,50493.512
603867,2026-03-25,30.21,0.034589,55216.42,164527.956
603868,2026-03-25,32.96,-0.001212,20863.93,68795.562
603869,2026-03-25,9.33,0.021906,6184.35,5741.857
603871,2026-03-25,14.46,-0.014315,130652.42,190292.507
603876,2026-03-25,21.36,-0.003731,315259.68,672252.532
603877,2026-03-25,13.72,0.015544,16965.0,23160.439
603878,2026-03-25,7.68,0.015872999999999998,133887.2,102486.637
603879,2026-03-25,5.67,0.017953,106877.0,60700.607
603880,2026-03-25,7.14,0.027338,77907.0,55437.372
603881,2026-03-25,38.3,0.053066,788002.29,3000315.458
603882,2026-03-25,25.8,0.004673,43598.0,112750.66
603883,2026-03-25,13.32,0.012928,70054.54,93088.126
603885,2026-03-25,11.85,0.087156,495888.02,572954.946
603886,2026-03-25,11.91,0.009322,26991.0,32119.701
603887,2026-03-25,16.73,0.027641,256063.58,430007.103
603888,2026-03-25,20.17,0.029082,112617.76,225988.149
603889,2026-03-25,7.81,0.020915,71067.1,55238.332
603890,2026-03-25,13.74,0.014771000000000001,90608.83,123503.58
603893,2026-03-25,153.89,0.026002,53111.43,810826.448
603895,2026-03-25,26.69,0.015215000000000001,13891.0,37160.347
603896,2026-03-25,18.7,0.01355,12802.79,23818.528
603897,2026-03-25,31.04,0.013717,86487.0,267015.403
603898,2026-03-25,15.55,0.011711000000000001,147631.46,227522.753
603899,2026-03-25,24.88,0.00161,46431.04,115703.727
603900,2026-03-25,7.55,0.02027,70419.77,53151.884
603901,2026-03-25,11.67,0.026385000000000002,99677.41,117089.859
603903,2026-03-25,11.49,0.00878,33039.8,37968.092
603906,2026-03-25,20.42,0.026131,629296.16,1291848.414
603908,2026-03-25,23.09,0.027592,15070.68,34586.063
603909,2026-03-25,11.17,0.053773999999999995,69023.57,75027.681
603912,2026-03-25,9.78,0.027311000000000002,463520.12,453244.798
603915,2026-03-25,14.61,0.012474,46859.8,68503.476
603916,2026-03-25,10.6,0.026137,78807.0,82816.314
603917,2026-03-25,12.91,0.018139000000000002,39226.0,50760.857
603918,2026-03-25,13.71,0.018574,72006.71,98399.721
603919,2026-03-25,17.59,0.006293,53258.04,93182.52
603920,2026-03-25,51.66,0.016929,209196.74,1078792.689
603922,2026-03-25,22.16,0.060287,190187.51,416127.58
603926,2026-03-25,18.02,0.018654999999999998,30771.0,55534.334
603927,2026-03-25,16.91,0.006548000000000001,61413.13,103992.752
603928,2026-03-25,14.42,0.009097,24534.5,35349.033
603929,2026-03-25,199.98,0.046029999999999995,100726.61,2053052.541
603931,2026-03-25,27.57,0.025670000000000002,21562.4,59340.97
603933,2026-03-25,22.3,0.10014799999999999,68786.0,147704.973
603936,2026-03-25,13.7,0.054657,462919.24,630906.621
603937,2026-03-25,13.02,0.057677,193301.42,255558.778
603938,2026-03-25,24.44,0.09991,69815.4,166786.403
603939,2026-03-25,23.98,0.013097000000000001,106301.77,256448.749
603948,2026-03-25,25.53,0.0139,12019.0,30610.328
603949,2026-03-25,18.17,-0.087851,275064.3,523672.32
603955,2026-03-25,25.19,-0.007877,16073.0,40384.724
603956,2026-03-25,5.83,0.022807,72927.15,42201.573
603958,2026-03-25,20.79,0.1,86749.0,176853.943
603959,2026-03-25,6.26,0.057432,224226.24,138403.687
603960,2026-03-25,20.01,0.019358,91861.53,183271.195
603966,2026-03-25,11.75,0.029798,73040.33,85282.768
603967,2026-03-25,12.8,0.021547999999999998,34475.4,43637.65
603968,2026-03-25,12.89,0.012568999999999999,94798.96,122802.494
603969,2026-03-25,9.43,0.027233,88539.65,83368.787
603970,2026-03-25,12.4,0.01473,17717.4,21916.152
603976,2026-03-25,19.22,0.030011,20307.8,38846.231
603977,2026-03-25,15.73,0.038284,218354.92,341682.962
603978,2026-03-25,22.97,0.006131999999999999,73255.0,167711.174
603979,2026-03-25,58.91,0.039527,198315.08,1186925.767
603980,2026-03-25,6.46,0.025397,197959.4,127717.745
603982,2026-03-25,7.82,0.019557,67746.0,52757.858
603983,2026-03-25,26.46,0.007616,13141.0,34762.363
603985,2026-03-25,19.64,0.036959,344892.12,675010.291
603986,2026-03-25,278.4,0.017135,283762.75,7947975.811
603987,2026-03-25,8.42,0.002381,48478.38,40885.607
603988,2026-03-25,24.69,0.02236,32206.0,79387.572
603989,2026-03-25,16.65,0.017726,36208.35,60652.095
603990,2026-03-25,15.5,0.009772,131518.2,204335.149
603991,2026-03-25,104.16,0.060909000000000005,21970.0,225209.23
603992,2026-03-25,36.79,0.016579,94537.03,351011.142
603993,2026-03-25,17.89,0.029937000000000002,3621071.55,6545036.882
603995,2026-03-25,17.16,0.011196,32992.55,56469.377
603997,2026-03-25,12.17,0.012479,93734.66,113607.922
603998,2026-03-25,10.75,0.004673,59736.0,64221.185
603999,2026-03-25,7.02,0.029325999999999998,73761.0,51538.515
605001,2026-03-25,7.25,0.009749,72044.4,52231.228
605003,2026-03-25,28.53,-0.0014000000000000002,10908.67,31235.683
605005,2026-03-25,20.02,0.059820000000000005,80360.71,160066.308
605006,2026-03-25,8.85,0.039952999999999995,182620.2,161651.587
605007,2026-03-25,14.02,0.013006,65510.0,91697.33
605008,2026-03-25,11.88,0.026793,17827.4,21022.536
605009,2026-03-25,28.68,0.021730999999999997,14278.83,40475.482
605011,2026-03-25,21.5,0.024297,74240.46,159134.988
605016,2026-03-25,24.03,0.014352,29405.3,70089.535
605018,2026-03-25,10.56,0.015385,39592.0,41578.328
605020,2026-03-25,25.04,0.012945,78316.02,196171.333
605028,2026-03-25,28.01,0.024131999999999997,20270.0,56521.786
605033,2026-03-25,22.86,0.020992,26966.0,61162.065
605050,2026-03-25,14.49,0.018987,272581.0,394397.201
605055,2026-03-25,8.97,0.049123,72031.0,63766.487
605056,2026-03-25,24.37,0.03088,108916.98,264232.968
605058,2026-03-25,32.1,0.027200000000000002,72302.49,233116.7
605060,2026-03-25,55.35,0.020087999999999998,49827.79,278188.434
605066,2026-03-25,8.2,0.018633999999999998,127008.25,103894.081
605068,2026-03-25,27.6,0.019579,15429.5,42192.995
605069,2026-03-25,12.24,-0.003257,35102.3,43196.791
605077,2026-03-25,14.56,0.007612,15899.28,23064.692
605080,2026-03-25,22.71,0.012483,7738.0,17529.82
605081,2026-03-25,7.8,-0.042945000000000004,103229.15,81930.318
605086,2026-03-25,34.99,0.04044,19679.0,69087.892
605088,2026-03-25,34.11,0.018209,20750.37,70569.994
605089,2026-03-25,23.29,-0.006399,15235.76,35580.366
605090,2026-03-25,38.8,0.008316,149925.97,582274.356
605098,2026-03-25,52.82,-0.000568,9946.0,52346.871
605099,2026-03-25,44.26,0.064198,89174.62,387771.693
605100,2026-03-25,39.76,0.012478,15700.63,62373.697
605108,2026-03-25,16.49,0.024860000000000004,21690.41,35489.879
605111,2026-03-25,40.01,0.005782000000000001,111969.55,449995.47
605116,2026-03-25,25.05,0.002,31508.0,79195.974
605117,2026-03-25,130.5,-0.033906,257648.67,3348585.119
605118,2026-03-25,39.03,0.006966,21689.0,84703.682
605122,2026-03-25,13.07,0.029134000000000004,20933.0,27191.755
605123,2026-03-25,94.23,0.023349,21817.83,206137.391
605128,2026-03-25,32.7,-0.005474,22165.93,72702.92
605133,2026-03-25,26.93,0.039367,46352.78,124016.133
605136,2026-03-25,9.99,0.022517999999999996,53895.0,53432.198
605138,2026-03-25,6.79,0.02259,27016.9,18139.35
605151,2026-03-25,18.26,0.004953,24259.0,44475.092
605155,2026-03-25,16.0,0.035599,40795.8,64849.569
605158,2026-03-25,7.43,0.0026989999999999996,34728.8,25876.305
605162,2026-03-25,10.95,0.01577,298204.95,324871.926
605166,2026-03-25,10.1,0.018145,35147.52,35385.872
605167,2026-03-25,16.5,-0.011384,53960.0,89898.264
605168,2026-03-25,34.82,0.10015800000000001,43642.6,147601.362
605169,2026-03-25,13.76,-0.010072000000000001,104193.71,141712.223
605177,2026-03-25,20.69,0.023243999999999997,20405.43,42197.617
605178,2026-03-25,68.2,0.035373,21300.0,143979.784
605179,2026-03-25,17.47,0.012166999999999999,21926.0,38179.355
605180,2026-03-25,14.66,0.024458,22860.05,33345.58
605183,2026-03-25,19.87,0.023172,29446.0,57984.274
605186,2026-03-25,19.3,0.009414,22751.0,44078.587
605188,2026-03-25,16.98,0.008912999999999999,60107.0,101625.041
605189,2026-03-25,13.83,0.030551,26524.62,36319.898
605196,2026-03-25,46.0,0.037672,214712.5,998209.464
605198,2026-03-25,38.39,0.026471,15579.0,59460.296
605199,2026-03-25,6.38,0.025723,27501.0,17293.853
605208,2026-03-25,13.51,0.057121000000000005,107034.9,142137.323
605218,2026-03-25,17.6,0.02029,33727.0,59085.414
605222,2026-03-25,20.83,0.027627000000000002,85102.0,179232.754
605228,2026-03-25,14.43,0.027046,128867.36,185319.714
605255,2026-03-25,100.8,-0.010794999999999999,15922.14,162143.001
605258,2026-03-25,33.45,0.026074,34888.0,117192.252
605259,2026-03-25,21.4,0.017594000000000002,16090.04,34284.234
605266,2026-03-25,18.74,0.0048259999999999996,17015.76,31848.729
605268,2026-03-25,12.26,0.0073950000000000005,114803.01,139923.048
605277,2026-03-25,22.75,0.037392,113432.01,258605.883
605286,2026-03-25,49.94,0.013186999999999999,62869.5,311818.879
605287,2026-03-25,41.44,0.031101999999999998,46097.8,190980.217
605288,2026-03-25,96.64,0.08086299999999999,14505.4,136435.303
605289,2026-03-25,109.3,0.062609,55319.75,593817.772
605296,2026-03-25,29.43,-0.001018,21665.0,63650.574
605298,2026-03-25,43.72,0.004596,12244.0,53590.962
605299,2026-03-25,17.74,0.09981400000000001,215749.53,367514.755
605300,2026-03-25,10.6,0.010486,12669.0,13410.393
605303,2026-03-25,17.67,0.023162,33656.0,59621.448
605305,2026-03-25,41.27,0.045869,95216.2,393366.682
605318,2026-03-25,71.15,0.00296,13118.0,93191.336
605319,2026-03-25,24.26,0.034542,50011.8,120767.545
605333,2026-03-25,25.01,0.004821,12937.7,32464.416
605336,2026-03-25,15.12,-0.013055,31195.6,47212.363
605337,2026-03-25,10.75,0.015109,27945.49,29899.54
605338,2026-03-25,25.49,0.000392,20771.0,53130.775
605339,2026-03-25,16.22,0.0074529999999999996,12003.63,19448.474
605358,2026-03-25,33.62,0.001489,121039.57,409842.044
605365,2026-03-25,17.52,0.012717000000000001,27231.0,47634.503
605366,2026-03-25,11.21,0.100098,282268.71,312178.979
605368,2026-03-25,8.31,0.001205,73868.19,61078.833
605369,2026-03-25,17.03,-0.008731,11665.16,19921.357
605376,2026-03-25,91.59,0.051550000000000006,68991.0,637029.92
605377,2026-03-25,9.71,0.022105,85975.04,82173.514
605378,2026-03-25,19.91,0.013747,19016.0,37561.358
605388,2026-03-25,6.58,0.041139,189258.57,126577.179
605389,2026-03-25,74.3,0.018366,16804.95,123921.606
605398,2026-03-25,26.73,0.023354,20127.0,53715.595
605399,2026-03-25,14.57,0.053507,66322.78,95034.736
605488,2026-03-25,33.43,0.036911,60611.35,203026.881
605499,2026-03-25,228.9,0.019599,12858.9,292678.744
605500,2026-03-25,9.13,0.022396,43377.21,39371.681
605507,2026-03-25,26.57,0.029047,38041.0,100506.477
605555,2026-03-25,15.28,0.036635,52655.73,79332.234
605566,2026-03-25,27.01,0.048932,28017.0,75094.945
605567,2026-03-25,10.79,0.025665,62436.88,67060.406
605577,2026-03-25,12.75,0.02,36412.87,46156.098
605580,2026-03-25,21.53,0.038591,47982.0,101668.151
605588,2026-03-25,52.53,0.053339,24509.0,128498.984
605589,2026-03-25,30.67,0.026439,126536.0,388197.401
605598,2026-03-25,46.33,0.007392999999999999,27848.85,128892.971
605599,2026-03-25,22.45,0.044185999999999996,79209.05,177769.443
688001,2026-03-25,30.84,0.027999999999999997,39413.18,121480.063
688002,2026-03-25,100.3,0.006422,49051.27,494581.932
688003,2026-03-25,59.19,0.031364,39548.88,234430.831
688004,2026-03-25,21.92,0.012471000000000001,16933.81,37340.339
688005,2026-03-25,29.63,-0.008367,211232.03,628087.556
688006,2026-03-25,25.2,0.008807,59416.83,149977.671
688007,2026-03-25,13.7,0.008837000000000001,41620.36,57126.211
688008,2026-03-25,142.0,0.032202,325799.74,4614540.748
688009,2026-03-25,5.73,0.04562,582465.75,330532.065
688010,2026-03-25,29.16,0.044039,36058.88,104208.634
688011,2026-03-25,68.46,-0.006385999999999999,21520.16,148546.857
688012,2026-03-25,311.58,0.037044,86426.74,2690769.745
688013,2026-03-25,36.44,0.019871,13698.21,50271.598
688015,2026-03-25,21.61,0.00046300000000000003,15413.13,33361.585
688016,2026-03-25,106.0,0.002838,21291.21,227849.375
688017,2026-03-25,187.97,0.032859,49128.14,920454.206
688018,2026-03-25,140.78,0.013024,22630.67,319543.689
688019,2026-03-25,235.22,0.026355,28662.36,678708.811
688020,2026-03-25,82.91,0.008637,16735.77,140607.312
688021,2026-03-25,28.09,0.10765000000000001,59867.79,163845.874
688022,2026-03-25,14.31,0.002101,40036.81,57422.165
688023,2026-03-25,49.1,0.011954,29509.78,145868.893
688025,2026-03-25,213.5,0.0406,44370.72,956320.043
688026,2026-03-25,16.39,0.026942,20680.39,34078.836
688027,2026-03-25,597.0,0.005084,20605.21,1237518.22
688028,2026-03-25,88.36,0.0035210000000000003,57023.23,508105.592
688029,2026-03-25,72.05,0.014502999999999999,11267.01,81590.018
688030,2026-03-25,15.44,0.003901,20959.33,32465.939
688031,2026-03-25,144.0,-0.009424,109898.24,1634905.094
688032,2026-03-25,127.1,-0.0037619999999999997,39713.57,506380.064
688033,2026-03-25,8.62,0.02619,151042.58,130115.566
688035,2026-03-25,58.43,0.033062,55432.4,324633.614
688036,2026-03-25,55.55,0.041237,127186.11,698473.908
688037,2026-03-25,167.77,0.054560000000000004,56805.08,952998.373
688038,2026-03-25,19.67,0.007684,23312.23,46042.215
688039,2026-03-25,42.83,0.027098,19829.98,85027.924
688041,2026-03-25,217.4,0.019365,212937.32,4632517.003
688045,2026-03-25,43.5,0.024494,14904.29,65029.07
688046,2026-03-25,14.18,0.02235,64506.99,92093.256
688047,2026-03-25,138.85,0.020806,63381.09,876510.898
688048,2026-03-25,224.18,0.143834,185758.17,4156813.651
688049,2026-03-25,45.63,0.020804999999999997,43728.28,199862.982
688050,2026-03-25,50.39,-0.0067020000000000005,16735.01,84549.116
688051,2026-03-25,31.39,0.012907,8352.87,26340.095
688052,2026-03-25,163.1,0.04430799999999999,19656.09,319323.931
688053,2026-03-25,36.22,0.009476,10266.64,37304.436
688055,2026-03-25,4.42,0.08867000000000001,411304.05,179308.137
688056,2026-03-25,34.17,0.019087,7189.7,24634.999
688057,2026-03-25,12.03,0.016906,18212.66,21851.181
688058,2026-03-25,28.39,0.023431999999999998,19461.19,55114.615
688059,2026-03-25,113.91,0.041987,25609.43,289873.861
688060,2026-03-25,43.19,0.010529,5037.18,21865.406
688061,2026-03-25,31.86,0.0031490000000000003,20650.4,66903.485
688062,2026-03-25,32.82,0.013589,70698.75,234359.841
688063,2026-03-25,82.08,0.010837000000000001,181366.97,1486245.144
688065,2026-03-25,48.91,0.00020400000000000003,48571.93,237532.291
688066,2026-03-25,20.59,0.010304,66409.03,137262.187
688067,2026-03-25,26.3,-0.009416,16152.0,42851.182
688068,2026-03-25,114.65,0.045980999999999994,20020.03,231577.749
688069,2026-03-25,26.99,0.060094,22118.39,58878.173
688070,2026-03-25,49.78,0.021338,11540.58,56820.034
688071,2026-03-25,31.0,0.006494,16583.76,51771.475
688072,2026-03-25,368.23,0.028863,63078.8,2347919.585
688073,2026-03-25,53.54,0.018838999999999998,13013.74,70275.269
688075,2026-03-25,37.07,0.00108,3053.84,11351.498
688076,2026-03-25,29.18,0.006554,16942.38,49415.009
688077,2026-03-25,28.7,0.016289,25226.07,72368.974
688078,2026-03-25,24.65,0.014403,9149.68,22633.692
688079,2026-03-25,13.27,0.077985,129559.31,167754.473
688080,2026-03-25,52.83,0.036695000000000005,16537.05,87152.371
688081,2026-03-25,37.7,0.038854,15173.06,56800.306
688082,2026-03-25,149.84,0.009023999999999999,23517.86,353781.195
688083,2026-03-25,51.59,0.012164,46408.32,239681.212
688084,2026-03-25,72.0,0.10837400000000001,27355.32,192751.478
688085,2026-03-25,18.52,0.008715,18556.27,34567.362
688087,2026-03-25,40.09,0.031121,47707.14,186486.875
688088,2026-03-25,39.73,0.011714,50132.07,200236.355
688089,2026-03-25,18.27,0.02067,16003.17,29003.877
688090,2026-03-25,49.75,0.004848,28685.43,143008.083
688091,2026-03-25,53.5,0.026871,35022.99,186416.987
688092,2026-03-25,28.65,0.0056159999999999995,10599.12,30382.727
688093,2026-03-25,31.31,0.028919,15665.75,48928.58
688095,2026-03-25,71.5,0.025825,21181.63,151328.193
688096,2026-03-25,9.21,0.023333,129027.03,118882.789
688097,2026-03-25,57.44,0.041334,107601.95,617135.35
688098,2026-03-25,8.42,0.015682,19854.14,16685.19
688099,2026-03-25,81.99,0.018509,96574.63,792097.75
688100,2026-03-25,36.97,0.000271,33525.3,124724.156
688101,2026-03-25,16.03,0.009446,17279.29,27665.223
688102,2026-03-25,35.1,0.009201,132675.35,467692.96
688103,2026-03-25,56.48,0.008391,11153.07,63268.043
688105,2026-03-25,18.95,0.0037080000000000004,9310.56,17645.563
688106,2026-03-25,28.18,-0.045069,453150.76,1252839.202
688107,2026-03-25,30.56,0.022073999999999996,100762.74,310769.491
688108,2026-03-25,20.24,0.004965,72014.22,146744.009
688109,2026-03-25,128.35,-0.026913999999999997,11394.84,148254.082
688110,2026-03-25,122.91,-0.0064670000000000005,140089.23,1745141.652
688111,2026-03-25,243.11,0.004587,40019.25,973868.793
688112,2026-03-25,38.79,0.030005,19412.23,75848.625
688113,2026-03-25,37.45,0.014355,7047.59,26537.625
688114,2026-03-25,50.24,-0.007311,23880.33,120546.593
688115,2026-03-25,40.8,0.02719,6100.97,24825.636
688116,2026-03-25,40.55,0.004708,60475.44,245816.297
688117,2026-03-25,33.18,0.005455,24070.69,80180.826
688118,2026-03-25,27.71,0.0076359999999999996,31993.23,89290.19
688119,2026-03-25,5.14,0.025948000000000002,146060.6,74606.395
688120,2026-03-25,166.8,0.011890000000000001,43539.76,734007.346
688121,2026-03-25,10.88,0.009276,30802.11,33444.059
688122,2026-03-25,71.62,0.020228000000000003,124460.07,890033.277
688123,2026-03-25,114.6,0.023397,78670.16,904092.924
688125,2026-03-25,225.5,0.011937,6249.9,143742.308
688126,2026-03-25,17.76,0.008518,241578.59,430428.654
688127,2026-03-25,60.36,0.0033239999999999997,92481.13,567419.126
688128,2026-03-25,26.22,0.007299,20324.16,53468.263
688129,2026-03-25,23.6,0.032823000000000005,15760.17,37415.706
688130,2026-03-25,21.39,0.018571,12226.44,26332.244
688131,2026-03-25,66.69,0.011527,38780.62,258928.537
688132,2026-03-25,16.85,0.029322,11891.16,19918.345
688133,2026-03-25,20.39,0.000982,28830.11,58936.79
688135,2026-03-25,26.82,-0.0018609999999999998,128184.79,345684.697
688136,2026-03-25,25.86,0.0,25543.55,66352.807
688137,2026-03-25,38.84,0.010406,6155.05,24054.831
688138,2026-03-25,26.82,0.027193000000000002,30301.91,81478.221
688139,2026-03-25,30.43,-0.001968,22999.61,70374.498
688141,2026-03-25,49.85,0.12401400000000001,195501.09,972067.486
688143,2026-03-25,55.5,0.14527400000000001,112330.27,608949.901
688146,2026-03-25,41.18,0.001703,59524.55,245778.978
688147,2026-03-25,69.52,0.037767,111200.76,785723.819
688148,2026-03-25,8.23,0.017305,150947.95,123119.373
688150,2026-03-25,39.75,0.115946,192132.25,756338.182
688151,2026-03-25,21.47,0.032708,74216.97,156142.492
688152,2026-03-25,34.24,0.017533,9068.16,31055.94
688153,2026-03-25,34.32,0.001167,37414.78,129261.989
688155,2026-03-25,75.0,0.051156,34731.61,258579.402
688156,2026-03-25,21.13,0.059679,42003.16,89359.14
688157,2026-03-25,34.55,0.023097,13255.85,45769.236
688158,2026-03-25,43.35,0.01546,677609.03,3015890.306
688159,2026-03-25,41.41,0.033699,22907.61,94535.856
688160,2026-03-25,104.76,0.030697000000000002,14779.48,154165.617
688161,2026-03-25,28.18,0.021755,15036.3,41973.159
688162,2026-03-25,30.13,0.014478,9785.07,29504.679
688163,2026-03-25,23.56,0.024793,14719.33,35032.745
688165,2026-03-25,17.09,0.008855,50875.78,86969.585
688166,2026-03-25,45.63,-0.036324999999999996,152799.4,717821.401
688167,2026-03-25,332.49,0.100013,78719.91,2639715.928
688168,2026-03-25,71.85,0.005598,10084.05,72768.245
688169,2026-03-25,124.88,0.014295,22178.9,275908.075
688170,2026-03-25,50.12,0.048536,86118.27,434985.749
688171,2026-03-25,48.62,0.012917000000000001,13090.89,63684.199
688172,2026-03-25,41.58,-0.016556,157882.41,676775.816
688173,2026-03-25,14.01,0.009366,61931.38,87290.078
688176,2026-03-25,13.23,0.013793,163852.46,218490.992
688177,2026-03-25,21.29,-0.006533,18264.63,39333.551
688178,2026-03-25,28.36,0.03655,26262.61,74020.087
688179,2026-03-25,17.0,0.03912,95459.98,162912.02
688180,2026-03-25,32.63,-0.017464999999999998,117248.05,385979.454
688181,2026-03-25,31.36,0.017191,29473.51,92712.875
688182,2026-03-25,26.81,0.029965000000000002,37137.57,98745.666
688183,2026-03-25,86.8,-0.003444,211142.35,1824456.374
688184,2026-03-25,9.88,0.013333,3366.03,3327.481
688185,2026-03-25,67.71,-0.015843,20794.49,142591.467
688186,2026-03-25,23.91,0.014856000000000001,109949.4,261364.163
688187,2026-03-25,52.62,0.020558999999999997,41492.88,217308.535
688188,2026-03-25,132.81,0.020124,13472.17,179661.552
688189,2026-03-25,7.47,0.012195000000000001,48803.68,36423.149
688190,2026-03-25,95.2,0.01008,7913.93,75341.635
688191,2026-03-25,44.69,0.024765000000000002,51579.13,233480.363
688192,2026-03-25,51.9,-0.018904,56633.93,299184.4
688193,2026-03-25,50.13,0.017661,3708.92,18613.911
688195,2026-03-25,279.0,0.044944,103772.03,2857769.541
688196,2026-03-25,76.9,0.024104,28273.04,213141.7
688197,2026-03-25,36.0,0.010101,11292.73,40883.08
688198,2026-03-25,97.47,0.019454,2094.71,20463.269
688199,2026-03-25,23.51,0.029785,29003.47,67864.55
688200,2026-03-25,267.5,0.002323,21963.39,593967.636
688201,2026-03-25,14.07,0.007158,80528.62,113841.367
688202,2026-03-25,55.7,0.0077800000000000005,26758.43,149102.442
688203,2026-03-25,11.9,0.03209,23147.94,27639.23
688205,2026-03-25,193.38,0.078708,172397.04,3284079.801
688206,2026-03-25,30.96,0.004217,30531.12,94700.203
688207,2026-03-25,14.36,0.007719,38288.53,55168.759
688208,2026-03-25,32.53,0.020069,78632.3,255538.888
688209,2026-03-25,19.94,0.016828,48920.3,97891.54
688210,2026-03-25,38.67,0.027638,52579.89,203242.906
688211,2026-03-25,31.13,0.024687,4763.95,14737.075
688212,2026-03-25,37.67,0.005606,9813.47,36910.36
688213,2026-03-25,78.61,0.014322999999999999,59236.99,466294.139
688215,2026-03-25,65.32,0.020783999999999997,6318.7,41100.755
688216,2026-03-25,27.89,0.015659,20622.75,57846.881
688217,2026-03-25,27.97,0.028309,10673.62,29717.845
688218,2026-03-25,25.05,0.057408,66471.39,164050.514
688219,2026-03-25,10.57,0.026214,70047.98,73649.295
688220,2026-03-25,71.21,0.0074990000000000005,69386.36,496224.379
688221,2026-03-25,18.8,0.035242,97247.78,183562.159
688222,2026-03-25,23.8,0.0046429999999999996,90370.74,215917.379
688223,2026-03-25,7.74,0.0,3211031.74,2512369.893
688225,2026-03-25,17.28,0.006407,31822.72,55071.315
688226,2026-03-25,44.16,-0.004284,51191.96,229120.086
688227,2026-03-25,62.86,0.028805,17198.96,107371.462
688228,2026-03-25,111.18,0.055039,21046.53,232044.911
688229,2026-03-25,93.2,0.099316,40260.17,377409.025
688230,2026-03-25,61.08,0.011257999999999999,7144.96,43821.391
688231,2026-03-25,30.84,0.003253,25042.5,77700.945
688232,2026-03-25,22.33,0.002244,22949.11,51469.636
688233,2026-03-25,72.27,0.009358,52385.16,379858.944
688234,2026-03-25,77.92,0.044504,67314.35,530813.987
688235,2026-03-25,220.17,-0.004251,30601.24,680674.856
688236,2026-03-25,19.2,0.012658,19970.96,38079.08
688237,2026-03-25,49.71,0.01698,11325.95,56131.256
688238,2026-03-25,6.77,0.039939,162711.07,109362.566
688239,2026-03-25,58.0,0.025278000000000002,43162.83,250557.707
688244,2026-03-25,18.95,0.019365,21501.76,40982.184
688246,2026-03-25,20.26,0.018602,20767.48,42195.306
688247,2026-03-25,9.26,0.008715,13643.56,12595.695
688248,2026-03-25,66.27,-0.015012000000000001,98609.26,660860.871
688249,2026-03-25,28.84,0.008392,234504.33,678495.335
688251,2026-03-25,36.57,0.0046700000000000005,34706.88,126925.106
688252,2026-03-25,20.14,0.007503999999999999,30896.23,62530.027
688253,2026-03-25,36.66,0.009639,12337.98,45362.871
688255,2026-03-25,27.06,0.016529000000000002,14690.32,39642.949
688256,2026-03-25,1039.0,0.010209,89713.88,9359463.115
688257,2026-03-25,68.13,0.08211600000000001,106225.77,708517.126
688258,2026-03-25,107.6,0.02097,33448.89,360615.508
688259,2026-03-25,36.17,0.018873,13185.73,47674.681
688260,2026-03-25,28.57,0.096737,68201.42,189776.751
688261,2026-03-25,74.06,0.00040500000000000003,47707.8,359245.337
688262,2026-03-25,33.82,0.008649,82088.64,280128.081
688265,2026-03-25,40.02,0.0037619999999999997,6030.53,24229.059
688266,2026-03-25,91.6,0.012266999999999998,33938.36,311281.507
688267,2026-03-25,28.25,0.013271,23101.41,65607.92
688268,2026-03-25,91.62,-0.00413,117509.75,1041293.751
688269,2026-03-25,38.35,0.01214,12266.06,47320.077
688270,2026-03-25,141.23,0.001702,84058.87,1201080.568
688271,2026-03-25,114.12,0.010268999999999999,34983.18,397661.886
688272,2026-03-25,40.89,0.032576,53142.25,217704.804
688273,2026-03-25,40.4,-0.004926,18717.98,76102.677
688275,2026-03-25,117.07,0.039144,71712.25,829269.946
688276,2026-03-25,17.7,0.0,13137.68,23288.584
688277,2026-03-25,22.68,0.012951999999999998,63205.12,144076.704
688278,2026-03-25,65.98,0.004874,14774.1,97259.66
688279,2026-03-25,155.09,0.010358000000000001,9768.34,152194.592
688280,2026-03-25,10.02,0.016227000000000002,231115.31,233396.196
688281,2026-03-25,73.49,0.022683,24188.41,177768.443
688282,2026-03-25,64.58,0.00922,11360.02,73162.314
688283,2026-03-25,39.65,0.013289,10678.93,42291.563
688285,2026-03-25,8.35,0.008454,21755.41,18137.162
688286,2026-03-25,66.9,0.023718,9864.17,65912.884
688287,2026-03-25,3.77,0.044321,57890.87,21544.502
688288,2026-03-25,24.04,0.020807000000000003,17663.63,42443.066
688289,2026-03-25,18.26,-0.00164,30246.86,55383.611
688290,2026-03-25,49.0,0.060606,15628.0,75562.18
688291,2026-03-25,38.75,0.014929,13445.03,52302.163
688292,2026-03-25,23.87,0.034228999999999996,28436.13,67730.607
688293,2026-03-25,43.11,0.007949000000000001,11447.18,49593.506
688295,2026-03-25,63.68,0.021004000000000002,316510.24,2017087.388
688296,2026-03-25,14.21,0.005662,21163.97,30328.084
688297,2026-03-25,52.93,0.03927,175135.43,902146.512
688298,2026-03-25,22.85,0.009722,11515.52,26191.955
688299,2026-03-25,17.19,0.058498,69523.33,117004.28
688300,2026-03-25,85.82,0.04277,112564.08,962761.162
688301,2026-03-25,110.38,-0.03133,27153.74,303696.819
688302,2026-03-25,38.69,-0.000517,6869.38,26845.268
688303,2026-03-25,21.84,-0.007272999999999999,119256.59,260412.432
688305,2026-03-25,56.76,0.017022,11957.42,67666.079
688306,2026-03-25,9.12,0.025872000000000003,90361.09,81943.483
688307,2026-03-25,70.46,0.065638,116542.77,834474.588
688308,2026-03-25,81.7,0.065189,111567.01,895094.296
688309,2026-03-25,59.36,-0.000673,39632.62,232150.491
688310,2026-03-25,15.33,0.011881,21061.65,32409.234
688311,2026-03-25,37.31,0.012483,28658.82,107546.314
688312,2026-03-25,47.66,0.043802,54463.03,262602.731
688313,2026-03-25,85.77,0.069585,461310.0,3905576.427
688314,2026-03-25,48.77,0.066011,49510.96,237018.397
688315,2026-03-25,13.63,0.005162,27965.96,38158.586
688316,2026-03-25,76.9,0.059813,57177.71,440641.486
688317,2026-03-25,19.0,0.004759,11397.56,21684.306
688318,2026-03-25,109.79,0.005956,23275.77,257264.017
688319,2026-03-25,28.3,0.0064010000000000004,57330.23,164660.882
688320,2026-03-25,30.51,0.021768,21060.95,64049.904
688321,2026-03-25,29.33,-0.004413,66485.63,196277.813
688322,2026-03-25,76.69,0.02719,58546.3,447351.058
688323,2026-03-25,20.84,0.009689999999999999,63781.97,133297.326
688325,2026-03-25,133.95,-0.025817999999999997,29232.55,389878.197
688326,2026-03-25,117.81,0.022567,11473.73,135350.653
688327,2026-03-25,13.31,0.012166999999999999,181313.98,242966.546
688328,2026-03-25,40.5,0.047324000000000005,119510.17,485351.29
688329,2026-03-25,24.21,0.027153,17900.21,43195.053
688330,2026-03-25,49.16,0.015912,35323.36,175052.117
688331,2026-03-25,115.98,-0.0040360000000000005,54359.93,635199.187
688332,2026-03-25,115.97,0.014787999999999999,14162.14,164368.631
688333,2026-03-25,88.92,0.026196999999999998,51234.5,458780.582
688334,2026-03-25,21.8,0.019645,33743.17,73494.559
688335,2026-03-25,35.13,-0.034624999999999996,38371.38,136091.837
688336,2026-03-25,69.94,0.021171000000000002,63459.56,442328.878
688337,2026-03-25,39.99,0.049055999999999995,35110.52,138279.803
688338,2026-03-25,29.19,0.024211,12657.54,36875.656
688339,2026-03-25,27.18,-0.008029,50203.25,137085.354
688343,2026-03-25,79.28,0.000884,110430.04,887289.259
688345,2026-03-25,43.9,-0.031760000000000004,56097.19,246076.547
688347,2026-03-25,116.84,0.02267,158258.08,1851082.84
688348,2026-03-25,62.46,-0.007942,79889.0,502359.682
688349,2026-03-25,24.9,0.002012,81048.6,202575.019
688350,2026-03-25,26.48,0.009146,18540.76,49466.077
688351,2026-03-25,21.1,0.014422999999999998,24460.67,51923.828
688352,2026-03-25,12.34,0.013136000000000002,97398.39,120287.335
688353,2026-03-25,111.28,0.01431,85121.37,927905.401
688355,2026-03-25,20.32,0.009439,14145.64,28806.818
688356,2026-03-25,91.05,-0.012794000000000002,4212.03,38724.325
688357,2026-03-25,32.77,0.017702,8478.35,27709.181
688358,2026-03-25,29.11,0.006222,8811.81,25869.776
688359,2026-03-25,78.73,0.0226,21001.25,165479.016
688360,2026-03-25,19.3,0.102227,80740.26,152994.348
688361,2026-03-25,158.08,-0.0032790000000000002,48963.97,786494.658
688362,2026-03-25,36.33,0.010851,95045.11,347622.281
688363,2026-03-25,41.32,0.003156,18270.34,75578.021
688365,2026-03-25,18.45,0.022161,109671.67,201747.288
688366,2026-03-25,38.75,-0.006155000000000001,5042.33,19675.604
688367,2026-03-25,37.04,-0.001348,16091.26,59865.09
688368,2026-03-25,119.49,0.041035,14110.46,167200.568
688369,2026-03-25,21.89,0.011553,35444.61,78159.618
688370,2026-03-25,23.45,0.024465,8835.58,20781.216
688371,2026-03-25,19.51,0.053456000000000004,28149.36,55026.181
688372,2026-03-25,126.38,-0.0062900000000000005,92041.47,1162153.125
688373,2026-03-25,6.01,0.0067,90822.73,54816.313
688375,2026-03-25,105.88,0.000756,36190.8,385599.092
688376,2026-03-25,62.81,0.029672,29088.42,187139.663
688377,2026-03-25,37.43,0.011895,13594.7,50761.338
688378,2026-03-25,34.88,0.041505,39712.93,137202.682
688379,2026-03-25,46.24,0.045444000000000005,17228.83,78965.243
688380,2026-03-25,44.15,0.015176,99279.99,442032.048
688381,2026-03-25,21.56,0.023256000000000002,31055.39,67032.697
688382,2026-03-25,18.09,0.042651,212326.79,387835.125
688383,2026-03-25,67.2,0.072626,12650.85,83949.751
688385,2026-03-25,69.06,0.020842999999999997,81880.93,566512.145
688386,2026-03-25,76.72,0.032570999999999996,15502.75,118737.042
688387,2026-03-25,14.24,-0.004196,546447.98,790791.652
688388,2026-03-25,40.16,0.08423299999999999,327631.36,1292807.171
688389,2026-03-25,12.42,0.007299,28503.18,35316.406
688390,2026-03-25,98.86,0.022549,129457.34,1265539.066
688391,2026-03-25,30.43,0.012646,9375.16,28500.402
688392,2026-03-25,103.43,0.035335,23174.16,240616.821
688393,2026-03-25,23.49,0.023529,12375.53,28952.698
688395,2026-03-25,25.43,0.024577,10595.47,26887.796
688396,2026-03-25,46.29,0.017139,112853.51,520880.822
688398,2026-03-25,24.28,0.025771000000000002,13013.61,31469.831
688399,2026-03-25,56.7,0.0067469999999999995,9831.33,55925.868
688400,2026-03-25,42.02,0.0383,140273.99,595253.604
688401,2026-03-25,48.37,0.044257,38464.87,187256.783
688403,2026-03-25,14.35,0.01773,246750.85,355275.236
688408,2026-03-25,40.19,-0.014226,76080.88,307315.305
688409,2026-03-25,86.48,0.021015000000000002,58738.92,510398.875
688410,2026-03-25,14.94,0.033195,35646.67,52938.674
688411,2026-03-25,280.2,0.024497,78935.57,2161564.399
688416,2026-03-25,80.05,0.013548,56260.3,455862.38
688418,2026-03-25,40.18,0.014134,45322.91,182733.163
688419,2026-03-25,42.6,-0.006066,17944.99,76841.639
688420,2026-03-25,24.38,0.025663000000000002,10767.18,26364.092
688425,2026-03-25,4.92,0.018633999999999998,242457.15,118801.631
688426,2026-03-25,20.44,0.004916,20005.37,40935.124
688428,2026-03-25,24.31,-0.006131999999999999,85804.91,208903.197
688429,2026-03-25,16.7,-0.011249,98973.09,166506.135
688432,2026-03-25,13.98,0.0072050000000000005,118337.16,166250.689
688433,2026-03-25,78.81,0.019666,38347.43,304284.137
688435,2026-03-25,43.96,0.002052,20293.91,90393.123
688439,2026-03-25,51.33,0.012225999999999999,18428.84,94686.495
688443,2026-03-25,25.37,-0.010144,23845.6,61133.275
688448,2026-03-25,56.3,0.042593,13235.2,73713.583
688449,2026-03-25,46.58,0.043225,111734.58,529262.748
688450,2026-03-25,31.35,0.023506,11005.73,34505.078
688455,2026-03-25,21.08,0.013949,15068.83,31931.659
688456,2026-03-25,53.6,0.015152,15747.76,85311.533
688458,2026-03-25,33.55,0.008113,24265.62,82091.214
688459,2026-03-25,9.1,0.009989,14552.82,13221.24
688466,2026-03-25,17.74,0.01954,14338.38,25496.0
688468,2026-03-25,7.18,0.008427,32071.58,23039.811
688469,2026-03-25,6.49,0.015649,713886.3,462614.791
688472,2026-03-25,14.4,-0.010989,617800.26,895515.27
688475,2026-03-25,26.49,0.010297,31914.69,84834.258
688478,2026-03-25,29.87,0.005385,23676.33,70961.351
688479,2026-03-25,31.05,-0.021739,20899.27,65956.667
688480,2026-03-25,87.62,-0.002959,35344.49,319130.292
688484,2026-03-25,35.91,0.03249,67517.32,242657.782
688485,2026-03-25,26.25,0.016654,38382.0,100857.808
688486,2026-03-25,60.0,0.0,23304.87,140330.4
688488,2026-03-25,15.4,0.009174,51564.15,80039.31
688489,2026-03-25,38.67,0.010716000000000002,4960.98,19299.229
688496,2026-03-25,6.33,0.032626,86805.33,54558.388
688498,2026-03-25,1141.0,0.071362,35431.43,3999478.103
688499,2026-03-25,49.94,-0.0006,49032.19,246103.371
688500,2026-03-25,51.69,0.018322,16254.47,84211.865
688501,2026-03-25,25.73,0.056673999999999995,23196.51,58460.102
688502,2026-03-25,300.93,0.011460999999999999,7070.48,214976.297
688503,2026-03-25,83.2,0.035083,90210.3,749370.781
688505,2026-03-25,7.66,0.0,37008.84,28330.791
688506,2026-03-25,263.12,-0.009747,17359.48,459663.832
688507,2026-03-25,90.0,0.032820999999999996,20040.32,179049.158
688508,2026-03-25,58.5,0.019164,27633.89,162745.351
688509,2026-03-25,4.53,0.029545,102453.76,46067.161
688510,2026-03-25,32.5,0.022012999999999998,62559.12,202963.179
688511,2026-03-25,27.25,0.029467,14215.7,38395.205
688512,2026-03-25,11.85,0.03223,148191.81,175927.116
688513,2026-03-25,61.33,0.009215,12023.53,73966.136
688515,2026-03-25,123.2,0.019614,13684.82,168134.531
688516,2026-03-25,79.62,-0.012036,149538.45,1223847.438
688517,2026-03-25,18.54,0.023744,32743.57,60512.686
688518,2026-03-25,24.04,0.05207900000000001,134700.89,319185.293
688519,2026-03-25,152.0,-0.031847,93935.28,1497934.27
688520,2026-03-25,38.45,0.003131,19996.15,77379.605
688521,2026-03-25,214.8,0.043326,230118.61,4892329.894
688522,2026-03-25,32.63,-0.000613,41783.46,136935.335
688523,2026-03-25,59.76,0.001676,49046.9,295151.659
688525,2026-03-25,253.35,0.094384,528221.81,13191967.554
688526,2026-03-25,14.67,0.009635,16594.36,24330.017
688528,2026-03-25,10.74,0.008451,19846.2,21454.893
688529,2026-03-25,17.18,0.004678,12006.89,20667.33
688530,2026-03-25,30.87,0.087355,126293.51,398213.966
688531,2026-03-25,68.29,0.024145,25691.08,174260.645
688533,2026-03-25,25.87,0.018103,14417.47,37230.315
688535,2026-03-25,115.2,0.020461999999999998,30173.34,352374.226
688536,2026-03-25,188.7,0.048858,62048.55,1170428.61
688538,2026-03-25,2.34,0.008621,565599.03,132057.57
688539,2026-03-25,35.86,0.027507,25364.38,90692.498
688543,2026-03-25,67.96,0.031729,104862.22,699353.989
688545,2026-03-25,47.08,0.034953,49431.54,234032.381
688548,2026-03-25,22.76,-0.003939,265160.97,602430.027
688549,2026-03-25,9.01,0.032073,218200.14,195817.434
688550,2026-03-25,42.34,0.009056,33815.59,142439.406
688551,2026-03-25,46.61,-0.01542,66220.38,310227.898
688552,2026-03-25,41.66,-0.014197999999999999,111308.33,457046.518
688553,2026-03-25,16.17,0.018904,24658.25,39792.564
688556,2026-03-25,13.93,0.0,423247.21,595450.009
688557,2026-03-25,32.05,0.016492,9897.13,31807.765
688558,2026-03-25,28.15,0.025875,12010.17,33940.909
688559,2026-03-25,50.41,0.019001,80275.0,406163.472
688560,2026-03-25,15.34,0.0045839999999999995,62311.61,95829.911
688561,2026-03-25,30.32,0.00664,50730.28,154430.882
688562,2026-03-25,18.53,0.009809,36552.53,67778.168
688563,2026-03-25,60.07,0.010768999999999999,25112.23,150943.221
688565,2026-03-25,13.33,0.026965,35509.45,47394.302
688566,2026-03-25,28.88,0.00838,20052.97,58040.872
688567,2026-03-25,13.53,0.008949,130900.67,176508.913
688568,2026-03-25,61.0,-0.016922,135225.72,830368.713
688569,2026-03-25,20.02,0.017276,8734.76,17420.425
688570,2026-03-25,17.41,0.005777,5532.11,9643.191
688571,2026-03-25,7.49,0.017662999999999998,27962.84,20948.418
688573,2026-03-25,19.52,0.019320999999999998,22178.6,43471.791
688575,2026-03-25,14.8,-0.018568,83054.56,123171.564
688576,2026-03-25,69.58,0.018741,3807.56,26499.069
688577,2026-03-25,63.7,0.04,13252.41,84097.708
688578,2026-03-25,92.71,0.013003,45425.27,427265.795
688579,2026-03-25,10.78,0.010308999999999999,62448.73,67308.291
688580,2026-03-25,52.19,0.004426,12377.76,64551.611
688581,2026-03-25,54.27,0.012121999999999999,1859.28,10079.928
688582,2026-03-25,58.91,0.031338,35656.31,208800.125
688583,2026-03-25,119.4,0.013927,13221.2,159410.295
688584,2026-03-25,19.17,0.018597,33472.81,64139.634
688585,2026-03-25,119.47,-0.004417,39372.18,476851.596
688586,2026-03-25,13.75,0.002187,78286.68,108363.835
688588,2026-03-25,12.01,0.009244,35546.3,42780.333
688589,2026-03-25,22.23,0.009995,22217.76,49540.491
688590,2026-03-25,13.69,0.006618000000000001,77043.1,105725.546
688591,2026-03-25,35.69,0.017969,33168.41,118935.24
688592,2026-03-25,41.33,0.027854,10301.92,42338.586
688593,2026-03-25,30.06,0.018983,83039.64,250110.086
688595,2026-03-25,31.83,0.021174,23830.11,76133.73
688596,2026-03-25,29.18,0.014251,37200.94,108381.062
688597,2026-03-25,9.14,0.020089000000000003,54058.19,49403.301
688598,2026-03-25,23.85,0.004634,39838.13,95416.172
688599,2026-03-25,18.88,0.01179,542564.4,1023173.344
688600,2026-03-25,24.1,0.02466,13677.13,32650.967
688601,2026-03-25,54.72,0.036953,49867.16,268851.632
688602,2026-03-25,7.59,0.025676,70625.41,53340.874
688603,2026-03-25,78.28,0.031629,47754.87,376311.995
688605,2026-03-25,57.68,0.01264,17240.91,99705.024
688606,2026-03-25,63.49,0.00634,2718.39,17214.527
688607,2026-03-25,54.35,0.018744,14071.86,76416.83
688608,2026-03-25,162.26,0.0012339999999999999,33128.5,539409.612
688609,2026-03-25,8.32,0.034826,86298.05,71549.872
688610,2026-03-25,86.33,0.05409,27352.58,235425.432
688611,2026-03-25,53.43,0.012124,10435.74,55669.393
688612,2026-03-25,29.25,0.040925,52520.5,151648.908
688613,2026-03-25,20.97,0.005273,27044.44,56880.883
688615,2026-03-25,174.88,0.020899,23297.69,407428.172
688616,2026-03-25,13.55,0.022642000000000002,35256.96,47698.657
688617,2026-03-25,236.0,0.044479,19541.88,466050.254
688618,2026-03-25,30.13,0.052024999999999995,35916.74,108102.51
688619,2026-03-25,15.32,0.030261999999999997,54564.15,83410.575
688620,2026-03-25,10.82,0.040385,54833.07,58699.264
688621,2026-03-25,60.92,0.005281,16437.87,100729.707
688622,2026-03-25,87.98,-0.028382,27146.61,244900.322
688623,2026-03-25,89.91,0.023216,6454.7,57805.025
688625,2026-03-25,56.06,0.057736,38107.93,208338.412
688626,2026-03-25,57.01,0.025543999999999997,20790.04,117662.535
688627,2026-03-25,248.9,0.045798,49404.26,1243134.182
688628,2026-03-25,42.87,0.009894,10574.27,45417.462
688629,2026-03-25,109.89,-9.1e-05,228823.75,2575107.723
688630,2026-03-25,185.18,0.020332,52085.27,968531.594
688631,2026-03-25,55.86,0.018414,11868.14,66440.765
688633,2026-03-25,23.7,0.012388,15432.38,36561.614
688636,2026-03-25,41.81,0.034901,42872.5,177728.479
688638,2026-03-25,40.46,0.040906000000000005,10238.93,40817.978
688639,2026-03-25,29.33,-0.001022,45168.7,133527.79
688646,2026-03-25,47.67,0.009958,7564.8,36085.405
688648,2026-03-25,53.27,0.01544,16050.49,85966.713
688651,2026-03-25,39.6,-0.011236,12060.71,48149.374
688652,2026-03-25,102.68,0.015427,24398.71,251862.778
688653,2026-03-25,12.56,0.010459000000000001,59005.84,74385.622
688655,2026-03-25,27.1,0.040307,100872.67,277701.908
688656,2026-03-25,124.13,0.0037199999999999998,3775.42,46910.044
688657,2026-03-25,44.81,0.011741,6257.98,28190.443
688658,2026-03-25,17.15,0.005274999999999999,78236.48,134907.411
688659,2026-03-25,9.88,0.025960999999999998,39463.51,38884.246
688660,2026-03-25,13.27,0.0015090000000000001,136952.13,183284.64
688661,2026-03-25,84.7,-0.011784,51422.5,437853.646
688662,2026-03-25,60.0,0.07469100000000001,77759.18,467237.874
688663,2026-03-25,57.37,0.010391,27134.41,156168.097
688665,2026-03-25,44.5,0.022517999999999996,4458.78,19832.859
688667,2026-03-25,95.4,-0.016393,9672.81,92539.132
688668,2026-03-25,136.6,0.019631,64293.77,881320.446
688669,2026-03-25,26.05,0.02237,13807.05,36081.828
688670,2026-03-25,17.41,0.009275,16824.88,29346.01
688671,2026-03-25,21.75,0.011628000000000001,12904.42,28340.41
688676,2026-03-25,80.62,0.017159,119747.77,978395.973
688677,2026-03-25,38.05,0.016021,9927.61,37816.116
688678,2026-03-25,27.38,0.021642,155381.98,424018.052
688679,2026-03-25,46.82,0.037677,37818.12,176078.497
688680,2026-03-25,50.27,-0.006522,74743.48,381898.622
688681,2026-03-25,19.03,0.022019,23262.74,44385.386
688682,2026-03-25,42.2,0.018586000000000002,13613.79,57970.963
688683,2026-03-25,32.38,0.011875,13293.56,43301.269
688685,2026-03-25,44.2,0.049631999999999996,41953.2,186325.734
688686,2026-03-25,90.11,0.020383,7150.26,64759.391
688687,2026-03-25,19.88,0.009137,21321.91,42388.938
688689,2026-03-25,33.81,0.014400999999999999,33688.98,114044.595
688690,2026-03-25,24.09,0.02467,33126.48,79230.615
688691,2026-03-25,97.13,0.028919,45819.59,445516.11
688692,2026-03-25,213.92,-0.002843,11778.54,253477.843
688695,2026-03-25,24.93,0.02214,10506.91,26119.479
688696,2026-03-25,90.42,0.003552,8370.27,75487.903
688697,2026-03-25,14.63,0.012457000000000001,25336.27,37148.585
688698,2026-03-25,68.27,0.060092999999999994,70608.3,474366.14
688699,2026-03-25,44.51,0.011591,28589.8,128217.922
688700,2026-03-25,54.31,0.001845,138619.56,761967.556
688701,2026-03-25,9.78,0.030558000000000002,37233.83,36212.988
688702,2026-03-25,167.81,0.01703,70840.55,1208534.659
688707,2026-03-25,13.18,0.011512,93070.2,121985.246
688708,2026-03-25,52.04,0.025823,9000.57,46690.104
688709,2026-03-25,43.35,0.009078000000000001,42747.03,186642.597
688710,2026-03-25,57.25,0.036199,10073.32,57445.934
688711,2026-03-25,27.03,0.008582,52864.69,143946.343
688712,2026-03-25,38.12,0.011677,32010.58,123069.671
688716,2026-03-25,33.57,0.029754999999999997,12800.78,42827.827
688717,2026-03-25,126.58,-0.058185,152991.0,1961492.22
688718,2026-03-25,14.58,0.018868,20078.79,29166.273
688719,2026-03-25,42.0,0.038833,41541.67,172376.104
688720,2026-03-25,63.89,0.018979,16854.51,107901.929
688721,2026-03-25,40.71,0.015719,9985.36,40902.739
688722,2026-03-25,16.88,0.018094,18612.76,31394.503
688726,2026-03-25,65.9,0.030331,200132.73,1323932.018
688727,2026-03-25,48.61,0.026177000000000002,29075.22,141485.604
688728,2026-03-25,13.3,0.010638000000000002,117245.89,155842.708
688729,2026-03-25,22.38,0.010384,47956.57,107525.143
688733,2026-03-25,27.32,0.012602,42405.7,114981.461
688737,2026-03-25,24.81,0.01348,21943.55,54713.267
688739,2026-03-25,24.1,0.007104,12937.99,31238.973
688750,2026-03-25,18.07,0.037909,48133.0,86168.923
688755,2026-03-25,37.45,0.00672,2175.33,8157.493
688757,2026-03-25,24.51,-0.071591,73349.71,185292.391
688758,2026-03-25,17.0,0.005917,18143.4,30886.713
688759,2026-03-25,36.84,-0.000543,19805.73,73360.444
688765,2026-03-25,64.6,0.009375,11164.62,72768.049
688766,2026-03-25,256.01,-0.026874,76988.86,1994994.988
688767,2026-03-25,32.04,-0.001869,11396.08,36669.493
688768,2026-03-25,44.86,0.016772,14943.77,67550.609
688772,2026-03-25,16.16,0.007481,213702.63,345100.027
688775,2026-03-25,187.23,-0.0005870000000000001,7258.27,136572.623
688776,2026-03-25,87.07,-0.005823,19923.64,174968.59
688777,2026-03-25,65.71,0.026719,150789.03,1000121.678
688778,2026-03-25,72.31,0.031232000000000003,57243.46,411687.776
688779,2026-03-25,10.77,0.014124000000000001,327536.36,351984.506
688781,2026-03-25,46.0,1.028219,316800.33,1498307.934
688783,2026-03-25,22.05,0.018476,48841.48,107861.111
688785,2026-03-25,294.1,0.031676,5437.21,159213.083
688786,2026-03-25,30.43,0.018066,24752.22,75964.764
688787,2026-03-25,140.0,0.018182,24712.83,347462.139
688788,2026-03-25,57.17,0.053825000000000005,21479.86,120836.975
688789,2026-03-25,70.66,0.0069830000000000005,15881.9,113148.755
688790,2026-03-25,136.32,0.001764,7079.04,96957.285
688793,2026-03-25,26.93,0.090283,59474.54,156736.686
688795,2026-03-25,563.68,0.026814,24879.02,1392173.219
688796,2026-03-25,84.82,0.028869,19051.66,160937.777
688798,2026-03-25,68.09,0.010837000000000001,16966.22,115790.421
688799,2026-03-25,47.36,0.057615,61580.82,293675.552
688800,2026-03-25,91.78,0.053731,117781.58,1076507.222
688802,2026-03-25,608.33,0.012196,25185.2,1524180.101
688805,2026-03-25,45.15,0.016205,17722.4,80285.934
688807,2026-03-25,219.02,0.052627,22824.13,499693.019
688809,2026-03-25,339.0,-0.00382,15419.97,530616.907
688816,2026-03-25,65.12,0.026482000000000002,10816.55,70235.659
688818,2026-03-25,64.14,-0.00481,271617.57,1759872.568
688819,2026-03-25,33.07,-0.0054139999999999995,58883.23,195020.491
688981,2026-03-25,99.99,0.007456000000000001,321306.43,3215491.219
689009,2026-03-25,48.05,-0.013347,129948.08,625768.314
920000,2026-03-25,15.55,0.014351000000000001,5581.88,8684.745
920001,2026-03-25,16.54,-0.000604,26425.4,44412.003
920002,2026-03-25,84.18,0.010322,5290.37,44321.708
920003,2026-03-25,27.91,0.01973,3884.02,10761.99
920005,2026-03-25,34.5,0.014705999999999999,2569.34,8875.159
920006,2026-03-25,22.59,0.022172,20087.12,44951.713
920007,2026-03-25,60.57,-0.001484,2995.56,18191.248
920008,2026-03-25,26.4,0.020093,12718.57,33430.89
920009,2026-03-25,64.5,0.018956999999999998,2557.83,16516.644
920010,2026-03-25,13.6,-0.054242,215577.44,293043.875
920014,2026-03-25,14.26,0.014225000000000002,73440.17,101114.11
920015,2026-03-25,39.15,0.016091,11680.4,45710.449
920016,2026-03-25,16.66,0.010922000000000001,5238.44,8720.228
920017,2026-03-25,16.22,0.0074529999999999996,9582.28,15575.214
920018,2026-03-25,28.52,0.0092,15001.24,42812.826
920019,2026-03-25,18.31,0.009372,18929.91,34746.321
920020,2026-03-25,15.52,0.0064849999999999994,8047.36,12489.685
920021,2026-03-25,9.45,0.057047,249526.39,235221.38
920022,2026-03-25,26.66,0.014074,4228.75,11176.154
920023,2026-03-25,3.81,0.026954,50092.88,18934.653
920026,2026-03-25,32.58,0.020038,3593.99,11695.987
920027,2026-03-25,18.22,0.0022,4987.66,9117.55
920028,2026-03-25,18.13,-0.040741,140321.34,257349.442
920029,2026-03-25,83.2,0.013398,4608.22,38258.684
920030,2026-03-25,5.57,0.0,19112.49,10699.9
920033,2026-03-25,15.26,0.011266,5928.94,8984.724
920035,2026-03-25,33.59,0.008103,2746.79,9233.687
920036,2026-03-25,50.46,0.044937,38598.01,189883.197
920037,2026-03-25,76.22,0.009269,8235.4,62968.903
920039,2026-03-25,9.5,0.0063560000000000005,9993.48,9488.185
920045,2026-03-25,349.0,0.011594,13696.81,484301.584
920046,2026-03-25,30.7,-0.019483,64609.58,199449.424
920047,2026-03-25,23.93,0.020469,12482.23,29588.853
920050,2026-03-25,32.23,0.010662,5416.24,17389.213
920056,2026-03-25,22.38,0.0008939999999999999,5956.92,13367.569
920057,2026-03-25,6.16,0.009836000000000001,14934.67,9191.425
920058,2026-03-25,28.66,-0.028804,13336.38,38057.409
920060,2026-03-25,33.19,0.008815,42072.54,140638.467
920061,2026-03-25,23.66,0.012408999999999998,6101.97,14464.386
920062,2026-03-25,11.21,0.01448,63495.16,71161.392
920066,2026-03-25,21.83,0.010648,3116.07,6824.036
920068,2026-03-25,21.68,0.0051,31332.12,68089.147
920075,2026-03-25,21.28,-0.00047,7314.52,15565.079
920076,2026-03-25,21.37,0.006121,6236.43,13282.045
920077,2026-03-25,18.43,0.039481,157402.79,286213.547
920078,2026-03-25,26.17,0.023465,76038.54,202067.657
920080,2026-03-25,23.87,0.015745,3435.47,8162.413
920082,2026-03-25,15.33,0.017253,8924.32,13653.955
920086,2026-03-25,33.79,0.042258,39699.98,132091.556
920087,2026-03-25,15.34,0.017241,55319.4,84376.607
920088,2026-03-25,65.69,-0.07256800000000001,83923.62,544806.9
920089,2026-03-25,18.16,0.010572999999999999,9074.94,16591.62
920090,2026-03-25,7.64,0.08062200000000001,88062.26,65124.08
920091,2026-03-25,63.49,0.018121,11785.37,74620.725
920092,2026-03-25,31.61,0.06252100000000001,19440.39,60721.369
920098,2026-03-25,26.48,0.018462,6134.67,16307.9
920099,2026-03-25,31.55,0.005417,10726.26,33778.232
920100,2026-03-25,51.12,0.014085,5679.0,29046.977
920101,2026-03-25,34.53,0.016784,2895.76,10035.635
920106,2026-03-25,65.16,0.002307,3302.72,21579.288
920108,2026-03-25,10.65,0.004717,5369.46,5700.23
920110,2026-03-25,33.14,0.015629999999999998,1147.3,3800.816
920111,2026-03-25,23.19,0.004331,10730.98,24993.819
920112,2026-03-25,33.59,0.003885,1642.13,5521.643
920116,2026-03-25,84.31,0.004887,18401.83,156263.018
920118,2026-03-25,21.56,0.018904,5546.08,11904.009
920119,2026-03-25,89.5,-0.013339,8340.14,75239.093
920121,2026-03-25,36.63,0.009926,2467.17,9003.013
920122,2026-03-25,26.01,0.009313,4128.98,10747.423
920123,2026-03-25,12.26,0.009053,9353.83,11492.247
920124,2026-03-25,15.91,0.010159,10140.36,16114.884
920128,2026-03-25,25.79,0.01058,4820.12,12425.735
920130,2026-03-25,20.68,0.019724,9688.45,19956.382
920132,2026-03-25,13.61,-0.002199,6071.05,8271.83
920139,2026-03-25,17.81,0.01366,31779.71,56724.971
920145,2026-03-25,15.71,0.050836,18525.3,29212.217
920146,2026-03-25,6.84,0.002933,14569.45,9994.822
920149,2026-03-25,9.95,0.002014,5651.23,5659.503
920152,2026-03-25,17.64,0.019653,8513.95,15022.485
920158,2026-03-25,17.02,-0.0017599999999999998,43793.97,73281.996
920159,2026-03-25,42.46,0.006161,16599.92,69880.067
920160,2026-03-25,22.04,0.008234,5176.44,11409.819
920163,2026-03-25,12.88,-0.016794,8272.78,10773.02
920166,2026-03-25,27.26,0.007019,7041.17,19125.934
920167,2026-03-25,18.85,-0.027347999999999997,35781.47,68589.328
920168,2026-03-25,22.17,0.002714,11872.59,26341.076
920169,2026-03-25,29.71,0.036998,35849.97,105172.352
920171,2026-03-25,18.35,0.007688,21376.04,39140.638
920174,2026-03-25,36.78,0.014901,8596.51,31625.078
920175,2026-03-25,10.15,0.007944,7140.48,7220.212
920179,2026-03-25,41.63,0.031722,33093.48,139490.979
920180,2026-03-25,17.0,-0.003517,16712.54,28432.32
920183,2026-03-25,38.32,0.005247000000000001,7446.13,28662.152
920184,2026-03-25,15.67,0.017532000000000002,20614.77,32168.08
920185,2026-03-25,29.97,0.027778,85047.54,255046.061
920187,2026-03-25,37.04,-0.00027,10039.16,37139.021
920190,2026-03-25,22.42,0.022344,11048.03,24764.065
920195,2026-03-25,18.95,0.016086,4179.3,7915.866
920198,2026-03-25,8.82,0.01496,11803.04,10412.756
920199,2026-03-25,37.33,0.004033999999999999,14720.17,54911.614
920204,2026-03-25,15.01,-0.009241000000000001,7752.7,11709.823
920207,2026-03-25,28.39,0.036131,35052.07,99365.541
920208,2026-03-25,23.67,-0.00588,9560.3,22682.85
920212,2026-03-25,11.6,0.010452999999999999,4892.94,5660.444
920221,2026-03-25,13.72,0.007342,5999.42,8247.787
920223,2026-03-25,16.11,0.006875,14062.87,22689.693
920225,2026-03-25,22.54,-0.000887,14036.62,31830.958
920227,2026-03-25,58.23,0.023914,3879.16,22524.933
920230,2026-03-25,11.01,0.013812,5173.32,5659.907
920237,2026-03-25,19.38,0.006753,5260.14,10202.561
920239,2026-03-25,30.31,0.012696,11055.26,33512.628
920242,2026-03-25,23.36,0.008636,2429.76,5709.217
920245,2026-03-25,23.58,-0.004223,3022.9,7156.869
920247,2026-03-25,19.79,0.019577999999999998,12221.81,24226.121
920249,2026-03-25,8.6,0.022591999999999998,88591.82,76431.92
920252,2026-03-25,26.52,0.008749,14758.3,39222.485
920260,2026-03-25,10.18,0.000983,27561.93,28030.648
920261,2026-03-25,14.07,0.006438,18539.73,26200.153
920262,2026-03-25,19.98,0.001002,6083.64,12144.851
920263,2026-03-25,10.85,0.020696,7819.42,8466.603
920266,2026-03-25,7.81,0.010348999999999999,9670.1,7549.15
920267,2026-03-25,18.98,0.019334,4436.84,8449.068
920270,2026-03-25,16.18,0.008728,6875.75,11122.576
920271,2026-03-25,13.68,0.004405,5679.11,7791.948
920273,2026-03-25,21.9,0.018605,10141.19,22164.922
920274,2026-03-25,20.99,-0.004742,9344.78,19766.521
920275,2026-03-25,7.36,0.008218999999999999,14630.48,10887.647
920278,2026-03-25,7.91,0.011509,20765.87,16327.734
920284,2026-03-25,31.13,0.004194,20105.45,62831.953
920299,2026-03-25,26.47,-0.006754,42678.09,113080.967
920300,2026-03-25,12.02,0.010934,12404.86,14904.752
920304,2026-03-25,12.71,0.038399,28931.07,36328.713
920305,2026-03-25,7.6,-0.067485,83274.78,64067.581
920339,2026-03-25,8.45,0.014406,5716.58,4773.106
920344,2026-03-25,19.59,-0.007096,4225.35,8347.027
920346,2026-03-25,20.26,0.01809,4229.26,8567.473
920351,2026-03-25,18.67,-0.018402,22473.01,42269.778
920357,2026-03-25,22.47,0.039315,11453.95,25932.331
920363,2026-03-25,16.31,0.030322,13679.07,22259.496
920367,2026-03-25,18.41,0.011538,11521.78,21168.784
920368,2026-03-25,39.0,-0.017137,118906.93,470579.82
920370,2026-03-25,3.47,0.023599000000000002,35669.79,12442.501
920371,2026-03-25,9.23,0.013172,11688.88,10755.075
920374,2026-03-25,20.0,0.052632000000000005,20720.46,41977.191
920375,2026-03-25,16.69,-0.030215000000000002,124833.9,215178.371
920378,2026-03-25,8.71,0.012790999999999999,7323.08,6396.63
920392,2026-03-25,19.84,-0.005514,5387.15,10796.631
920394,2026-03-25,47.5,0.01997,19217.38,90913.504
920395,2026-03-25,9.84,0.005107,3889.6,3834.734
920396,2026-03-25,32.0,0.032924,23322.8,74413.372
920402,2026-03-25,9.05,0.002215,34886.02,31594.335
920403,2026-03-25,22.39,0.022374,16538.96,36774.107
920405,2026-03-25,21.82,-0.010431,33459.09,73590.632
920407,2026-03-25,18.38,0.00989,5706.62,10497.095
920414,2026-03-25,14.0,-0.027778,81249.85,114048.102
920415,2026-03-25,12.61,0.012851,11390.92,14327.017
920418,2026-03-25,23.66,0.022472,15891.43,37306.619
920419,2026-03-25,13.36,0.015969999999999998,3623.39,4836.527
920422,2026-03-25,11.01,0.019444,10609.59,11605.991
920425,2026-03-25,19.4,0.019443,10184.37,19751.434
920427,2026-03-25,11.96,0.005042,12043.45,14435.129
920429,2026-03-25,12.83,0.017446,12794.13,16420.569
920433,2026-03-25,5.13,0.003914,14256.89,7310.302
920436,2026-03-25,13.95,0.01087,5169.71,7206.837
920438,2026-03-25,39.5,0.043593,32765.86,128534.636
920445,2026-03-25,9.83,0.043524,23984.07,23048.97
920454,2026-03-25,13.05,0.014774,6413.67,8349.637
920455,2026-03-25,7.62,0.014646999999999999,10055.68,7608.263
920469,2026-03-25,9.0,0.012373,12925.52,11566.908
920471,2026-03-25,12.97,0.014866999999999998,14056.76,18071.214
920475,2026-03-25,13.44,0.045101,11640.98,15451.559
920476,2026-03-25,20.02,0.013670999999999999,13937.39,27779.052
920478,2026-03-25,15.98,0.012033,6229.79,9928.576
920489,2026-03-25,14.24,0.01787,20212.62,28926.482
920491,2026-03-25,23.46,0.041741,31091.06,72057.275
920493,2026-03-25,154.02,0.032306,19939.83,308032.413
920496,2026-03-25,10.2,-0.005848,65826.83,67442.394
920504,2026-03-25,21.3,0.014769000000000001,2700.68,5757.35
920505,2026-03-25,38.9,0.018325,7193.18,28044.832
920508,2026-03-25,20.24,0.011493999999999999,5145.41,10481.533
920509,2026-03-25,29.56,-0.004043,17785.27,53089.794
920510,2026-03-25,14.5,0.008345,15286.0,22200.641
920519,2026-03-25,11.65,0.0008590000000000001,7505.91,8726.185
920522,2026-03-25,48.43,0.014453,30655.15,149330.416
920523,2026-03-25,23.02,0.010092,7753.47,17828.14
920526,2026-03-25,19.44,0.009346,6106.57,11899.025
920527,2026-03-25,16.17,0.006848999999999999,3600.73,5810.195
920533,2026-03-25,23.14,0.012248000000000002,13555.44,31384.795
920541,2026-03-25,12.04,0.010067,7490.17,9002.025
920547,2026-03-25,21.0,0.007678000000000001,3301.55,6935.191
920553,2026-03-25,8.88,0.014857,10681.42,9418.157
920556,2026-03-25,10.18,0.00892,34796.92,35475.032
920564,2026-03-25,23.63,0.018974,8846.99,20887.643
920566,2026-03-25,9.96,0.010142,12083.34,12064.475
920570,2026-03-25,29.67,0.010559,4341.55,12826.754
920571,2026-03-25,10.61,-0.014856000000000001,333886.0,352506.879
920575,2026-03-25,7.73,0.014436,29357.31,22777.82
920576,2026-03-25,61.1,0.011923999999999999,17128.58,105142.08
920578,2026-03-25,18.83,0.019491,5819.56,10987.806
920579,2026-03-25,17.95,0.0061660000000000005,10344.15,18537.526
920580,2026-03-25,13.14,0.003053,18078.32,23743.757
920592,2026-03-25,35.98,-0.035906,38324.06,138854.992
920593,2026-03-25,26.35,0.019737,14698.46,38505.516
920599,2026-03-25,18.48,0.015943,25777.59,47700.824
920608,2026-03-25,16.37,0.010494000000000002,5236.07,8632.664
920627,2026-03-25,20.21,0.018136,10445.72,21068.56
920634,2026-03-25,21.03,0.013006,10052.91,21278.686
920639,2026-03-25,7.73,0.014436,26461.39,20398.279
920640,2026-03-25,34.02,0.025008,44350.83,151290.181
920641,2026-03-25,22.23,0.091311,106354.42,233891.704
920642,2026-03-25,12.38,0.022296,29583.52,36298.745
920651,2026-03-25,31.49,-0.025981999999999998,8087.46,25796.147
920656,2026-03-25,14.98,0.00672,2696.62,4039.39
920662,2026-03-25,25.65,0.03012,13429.44,34498.497
920663,2026-03-25,14.05,0.013709,5904.67,8305.003
920665,2026-03-25,11.07,0.00181,16726.95,18567.363
920670,2026-03-25,16.85,0.026188,23150.28,38848.481
920675,2026-03-25,10.03,0.0070279999999999995,23514.69,23569.401
920679,2026-03-25,17.53,0.0028599999999999997,2751.62,4823.79
920682,2026-03-25,8.57,0.021454,26277.95,22425.121
920685,2026-03-25,12.25,0.016597999999999998,5823.37,7119.359
920689,2026-03-25,29.7,0.0067800000000000004,13051.61,38842.489
920690,2026-03-25,24.58,0.002856,7272.78,18010.981
920693,2026-03-25,27.12,0.01497,7112.33,19204.757
920694,2026-03-25,17.59,0.01794,5350.37,9379.206
920699,2026-03-25,38.26,-0.000783,1203.16,4631.13
920701,2026-03-25,15.38,0.013843000000000001,7718.03,11882.64
920703,2026-03-25,13.69,0.010332,4796.94,6557.931
920706,2026-03-25,24.68,0.038284,44774.93,109338.289
920717,2026-03-25,8.94,0.003367,11855.44,10601.286
920718,2026-03-25,12.98,0.023659,3602.96,4641.803
920719,2026-03-25,10.78,0.002791,10839.62,11697.175
920720,2026-03-25,12.0,0.007557,11771.85,14178.21
920725,2026-03-25,30.55,0.012595,18880.13,57869.763
920726,2026-03-25,17.04,0.019139,13504.21,23033.537
920729,2026-03-25,7.89,0.018065,7782.31,6090.367
920735,2026-03-25,29.79,0.005738999999999999,15458.48,45896.633
920748,2026-03-25,37.99,0.08110400000000001,16596.12,61617.886
920751,2026-03-25,21.01,0.011555,7201.94,15177.065
920753,2026-03-25,18.5,0.006529,2741.9,5081.148
920765,2026-03-25,14.91,0.000671,7688.78,11574.714
920768,2026-03-25,10.88,0.014924999999999999,10418.77,11375.685
920770,2026-03-25,17.46,0.022248,43420.39,75126.629
920779,2026-03-25,33.99,-0.014783,17570.64,60214.335
920781,2026-03-25,7.81,0.006443,18913.69,14782.723
920786,2026-03-25,8.13,0.0037040000000000003,34168.7,27822.571
920790,2026-03-25,27.81,0.011273,5285.74,14704.811
920792,2026-03-25,11.01,0.023233999999999998,7260.71,7952.977
920799,2026-03-25,37.11,0.0059640000000000006,18186.26,67676.262
920802,2026-03-25,13.9,0.010174,4245.74,5944.544
920806,2026-03-25,11.28,0.007143,15433.31,17441.12
920807,2026-03-25,12.03,0.015189999999999999,26025.08,31351.403
920808,2026-03-25,73.78,0.024722,16918.82,124891.628
920809,2026-03-25,7.23,0.002774,105433.62,76095.563
920810,2026-03-25,11.17,-0.0008939999999999999,5665.53,6358.509
920819,2026-03-25,3.58,0.011298999999999998,54979.87,19681.353
920821,2026-03-25,20.38,0.011917,12064.24,24707.653
920826,2026-03-25,10.16,0.013972,24623.23,24983.529
920832,2026-03-25,6.65,0.013720000000000001,22215.27,14707.223
920833,2026-03-25,15.98,0.005031,11520.46,18610.413
920834,2026-03-25,12.06,0.019442,16603.42,19867.93
920837,2026-03-25,12.34,0.010647,12762.45,15752.853
920839,2026-03-25,31.1,0.006472,7410.74,23241.128
920855,2026-03-25,15.49,0.02992,4179.63,6439.039
920856,2026-03-25,13.02,0.010085,8906.9,11527.612
920857,2026-03-25,24.21,0.009590999999999999,5930.52,14235.741
920866,2026-03-25,7.5,0.019021999999999997,14371.34,10672.215
920870,2026-03-25,14.4,0.010526,6484.06,9317.704
920871,2026-03-25,14.2,0.007092,19396.36,27312.841
920873,2026-03-25,6.84,0.0,12801.37,8774.875
920876,2026-03-25,24.23,0.018067,12056.98,29244.793
920879,2026-03-25,19.63,0.01974,7491.11,14673.89
920885,2026-03-25,19.37,0.040278999999999995,34834.07,67389.419
920892,2026-03-25,14.52,0.004149,4748.83,6908.879
920895,2026-03-25,16.74,0.001196,5254.16,8771.269
920896,2026-03-25,16.65,0.010929,6021.11,10018.628
920906,2026-03-25,23.43,0.018696,4782.5,11128.018
920914,2026-03-25,23.33,0.02866,13792.25,32040.902
920924,2026-03-25,21.81,0.150923,85139.11,189257.912
920925,2026-03-25,16.93,0.013772,11693.73,19785.698
920926,2026-03-25,14.17,0.009979,4553.18,6475.494
920931,2026-03-25,12.19,0.007438,5006.89,6090.649
920932,2026-03-25,16.39,0.051315,25733.24,41272.152
920942,2026-03-25,25.51,0.0055179999999999995,7711.93,19791.198
920943,2026-03-25,20.07,0.010573999999999998,7992.17,16074.529
920946,2026-03-25,9.53,0.025834000000000003,16590.85,15725.702
920950,2026-03-25,15.8,0.005729,2588.86,4089.488
920953,2026-03-25,29.87,0.018064,11432.63,34043.913
920957,2026-03-25,10.92,0.00831,5544.35,6042.4
920961,2026-03-25,22.69,0.027162000000000002,18932.97,42615.349
920964,2026-03-25,5.97,0.008446,12119.19,7234.08
920970,2026-03-25,6.78,0.005935,9138.19,6202.385
920971,2026-03-25,25.38,0.012768999999999999,13066.6,33204.946
920974,2026-03-25,7.73,0.021136,16826.0,12951.839
920976,2026-03-25,29.69,0.011240000000000002,8230.48,24297.122
920978,2026-03-25,26.6,0.082181,42784.61,111297.374
920981,2026-03-25,27.61,0.016194,6285.25,17428.924
920982,2026-03-25,157.2,-0.0024749999999999998,5150.72,81443.269
920985,2026-03-25,8.36,-0.021077,121053.02,101865.929
920992,2026-03-25,14.68,0.001364,23944.68,34549.133
