symbol,date,close,ret,vol,amount
000001,2026-03-19,10.88,-0.007299,624211.95,681086.519
000002,2026-03-19,4.5,-0.028078,1406717.28,639045.7
000004,2026-03-19,5.54,0.049242,145953.69,77216.406
000006,2026-03-19,9.07,-0.018398,296256.53,269652.717
000007,2026-03-19,14.42,-0.033512,100979.03,146229.851
000008,2026-03-19,2.82,-0.013986,470164.65,132970.097
000009,2026-03-19,8.92,-0.015453,280440.09,252378.526
000010,2026-03-19,4.58,-0.004348,525077.0,242368.41
000011,2026-03-19,8.97,-0.006645,119229.07,108951.051
000012,2026-03-19,4.63,-0.023207,307302.77,143070.375
000014,2026-03-19,14.96,-0.028571,230181.61,351020.873
000016,2026-03-19,3.26,-0.032641,334856.0,110491.212
000017,2026-03-19,6.98,-0.026499,116860.03,82358.031
000019,2026-03-19,7.52,-0.013123000000000001,165544.33,125457.044
000020,2026-03-19,21.21,0.10010400000000001,32520.82,68976.659
000021,2026-03-19,32.43,-0.035682,1435488.2,4664584.692
000025,2026-03-19,16.5,-0.027122999999999998,43865.52,72920.888
000026,2026-03-19,14.12,-0.027548,29622.0,42090.131
000027,2026-03-19,7.16,-0.0013950000000000002,400693.97,287757.559
000028,2026-03-19,26.08,-0.0015310000000000002,56181.5,146945.115
000029,2026-03-19,20.25,-0.032027,45424.96,92639.025
000030,2026-03-19,5.09,-0.021154000000000003,111163.2,56756.429
000031,2026-03-19,3.02,-0.044303999999999996,259435.0,79427.956
000032,2026-03-19,18.96,0.048093000000000004,808757.77,1545916.03
000034,2026-03-19,37.41,-0.010317,189292.95,708757.582
000035,2026-03-19,7.25,-0.002751,994410.55,726779.737
000036,2026-03-19,4.86,-0.027999999999999997,264982.92,129666.931
000037,2026-03-19,10.6,0.005693,889075.49,948788.593
000039,2026-03-19,11.0,-0.053356,472702.94,523211.091
000042,2026-03-19,9.12,-0.028754,86866.37,80293.08
000045,2026-03-19,13.29,-0.006725999999999999,152491.45,202883.297
000048,2026-03-19,21.4,0.0046949999999999995,291630.51,626675.486
000049,2026-03-19,26.83,0.001493,75052.63,200351.793
000050,2026-03-19,8.62,-0.021566000000000002,299756.97,258814.282
000055,2026-03-19,3.77,-0.028351,99319.09,37538.813
000056,2026-03-19,1.93,-0.035,457603.82,89248.191
000058,2026-03-19,8.41,-0.023229000000000003,61811.0,52447.807
000059,2026-03-19,5.72,-0.010381,392409.56,227922.185
000060,2026-03-19,6.27,-0.057143,1545792.19,979271.326
000061,2026-03-19,8.47,-0.045096,141695.86,121295.202
000062,2026-03-19,26.59,-0.037988,358958.37,957439.074
000063,2026-03-19,35.35,-0.024828000000000003,627970.96,2229283.026
000065,2026-03-19,12.43,-0.036434,228226.55,287503.13
000066,2026-03-19,15.93,-0.013622,666705.28,1064098.113
000068,2026-03-19,3.44,-0.017143,151446.18,52490.556
000069,2026-03-19,2.35,-0.016736,361015.0,84988.351
000070,2026-03-19,15.22,-0.042165,459590.8,707780.213
000078,2026-03-19,3.11,-0.031153,570258.53,178585.249
000088,2026-03-19,4.57,-0.010823000000000001,256431.84,117656.493
000089,2026-03-19,7.09,-0.0070030000000000005,110945.99,78906.881
000090,2026-03-19,3.81,-0.020566,219761.28,84528.342
000096,2026-03-19,10.66,0.008515,151132.01,161966.415
000099,2026-03-19,19.52,-0.015632999999999998,90630.94,177284.719
000100,2026-03-19,4.47,-0.021882000000000002,3131579.61,1404750.006
000151,2026-03-19,12.43,-0.028147000000000002,34036.98,42666.662
000153,2026-03-19,6.49,-0.026987,70655.6,46203.089
000155,2026-03-19,13.83,-0.013552,426370.34,592781.83
000156,2026-03-19,7.97,-0.0074719999999999995,134316.0,106922.63
000157,2026-03-19,8.55,-0.032805,876336.38,754861.254
000158,2026-03-19,19.92,-0.016295999999999998,221734.35,443737.802
000159,2026-03-19,6.47,-0.019697,223615.92,146321.112
000166,2026-03-19,4.93,-0.00404,1002715.35,495627.18
000301,2026-03-19,10.81,-0.058362,378938.89,415391.019
000333,2026-03-19,76.0,-0.013755999999999999,232729.07,1777663.11
000338,2026-03-19,23.8,-0.061883999999999995,1402733.4,3371606.198
000400,2026-03-19,28.65,-0.026504,291774.7,839785.705
000401,2026-03-19,4.95,-0.015905,205590.21,102776.152
000402,2026-03-19,2.7,-0.014598999999999999,207541.91,56226.715
000403,2026-03-19,13.83,-0.014255,80113.27,110962.355
000404,2026-03-19,7.08,-0.024793,111496.25,79569.755
000407,2026-03-19,5.25,0.054217,1046182.41,544604.935
000408,2026-03-19,72.44,-0.071044,377924.87,2781811.394
000409,2026-03-19,10.75,-0.020947,70291.0,75955.771
000410,2026-03-19,6.96,-0.037344,246163.0,173261.553
000411,2026-03-19,11.11,-0.025439,45115.59,50550.186
000415,2026-03-19,4.09,-0.08501099999999999,2027040.7,846890.692
000417,2026-03-19,7.14,-0.036437,144881.73,104333.812
000419,2026-03-19,6.06,-0.025723,52382.13,32071.434
000420,2026-03-19,4.8,-0.049505,2875853.64,1398846.292
000421,2026-03-19,6.81,-0.001466,132853.93,91130.816
000422,2026-03-19,16.48,-0.050144,698924.16,1174819.888
000423,2026-03-19,52.78,-0.00509,84666.09,447377.835
000425,2026-03-19,10.25,-0.046512000000000005,1070865.71,1107375.795
000426,2026-03-19,40.33,-0.08590199999999999,1000143.62,4118523.973
000428,2026-03-19,3.82,-0.015464,123335.0,47503.101
000429,2026-03-19,12.64,-0.00158,64504.02,81835.669
000430,2026-03-19,7.33,-0.030423,44656.0,33094.103
000488,2026-03-19,2.89,-0.049342,757771.5,221173.368
000498,2026-03-19,6.0,-0.014778,171178.0,103118.536
000501,2026-03-19,8.71,-0.023542999999999998,67110.65,58861.786
000503,2026-03-19,8.5,-0.012776000000000001,99620.0,84809.536
000504,2026-03-19,10.07,0.000994,26633.0,26936.188
000505,2026-03-19,7.1,-0.006993,175062.0,124607.855
000506,2026-03-19,16.59,-0.06429800000000001,386736.0,649843.099
000507,2026-03-19,5.65,-0.010508,229715.0,130623.399
000509,2026-03-19,4.13,-0.009592,466926.0,192573.009
000510,2026-03-19,14.98,-0.09976000000000002,566905.5,874859.272
000513,2026-03-19,34.53,-0.016239,51346.53,178104.313
000514,2026-03-19,4.9,-0.021956000000000003,198341.34,99224.673
000516,2026-03-19,4.99,-0.034816,551835.99,277397.412
000517,2026-03-19,2.04,-0.019231,203776.0,41799.788
000518,2026-03-19,3.04,-0.009772,164867.49,50361.322
000519,2026-03-19,17.08,-0.030647,322697.2,554810.592
000520,2026-03-19,4.31,-0.031461,219727.0,95801.627
000521,2026-03-19,6.2,-0.018987,100710.99,62768.855
000523,2026-03-19,3.56,-0.029973,269389.86,96527.013
000524,2026-03-19,12.99,-0.028422,117343.0,153343.322
000525,2026-03-19,6.26,-0.035439,538500.26,346040.05
000526,2026-03-19,33.71,-0.028530000000000003,12439.0,42237.759
000528,2026-03-19,9.64,-0.026263,397868.06,385477.479
000529,2026-03-19,5.94,-0.019802,62890.0,37673.443
000530,2026-03-19,6.22,-0.031153,111701.09,70181.405
000531,2026-03-19,7.27,-0.006831,346017.17,252097.427
000532,2026-03-19,14.32,-0.016484000000000002,63789.0,91412.978
000533,2026-03-19,18.58,-0.059241,2008907.23,3887179.82
000534,2026-03-19,41.95,-0.02781,198976.52,824597.538
000536,2026-03-19,4.51,-0.030108000000000003,699989.86,318711.226
000537,2026-03-19,11.63,0.012185,1596480.35,1864647.692
000538,2026-03-19,56.73,-0.002286,58298.68,331528.571
000539,2026-03-19,6.17,0.09982200000000001,1387892.82,845069.171
000541,2026-03-19,5.98,-0.019672000000000002,110015.97,66162.563
000543,2026-03-19,8.43,-0.015186999999999999,486000.27,413712.849
000544,2026-03-19,8.79,-0.01236,47895.0,42276.367
000545,2026-03-19,3.55,-0.06332499999999999,1524784.82,547723.522
000546,2026-03-19,5.68,-0.051753,285809.15,164831.41
000547,2026-03-19,30.36,-0.033121,1632000.34,4988371.942
000548,2026-03-19,5.54,-0.029772,84301.19,47257.463
000550,2026-03-19,17.6,-0.01621,49630.21,87488.707
000551,2026-03-19,13.56,-0.02726,85109.39,116044.155
000552,2026-03-19,2.75,0.00365,980472.31,272339.233
000553,2026-03-19,5.91,-0.063391,292418.01,176808.977
000554,2026-03-19,9.29,0.037989,676244.28,621015.786
000555,2026-03-19,18.25,-0.011911,365064.38,667685.402
000557,2026-03-19,5.01,-0.013779999999999999,97391.0,49150.866
000558,2026-03-19,4.57,-0.02766,223316.12,102722.35
000559,2026-03-19,15.92,-0.039228,567136.32,908810.553
000560,2026-03-19,3.19,-0.04491,1484772.91,482784.577
000561,2026-03-19,10.12,-0.028791,96894.46,98897.687
000563,2026-03-19,3.54,-0.005618,717095.55,253811.895
000564,2026-03-19,2.14,-0.013825,2044234.79,437897.862
000565,2026-03-19,7.68,-0.057669,177158.36,138655.049
000566,2026-03-19,5.38,-0.030631,236773.0,128465.746
000567,2026-03-19,5.43,-0.018083000000000002,126299.99,68954.108
000568,2026-03-19,105.4,-0.01357,49174.86,520557.068
000570,2026-03-19,5.76,-0.033557000000000003,135148.0,78536.689
000571,2026-03-19,6.69,-0.040172,221699.0,150210.83
000572,2026-03-19,6.3,-0.051205,1033419.55,662132.058
000573,2026-03-19,4.21,-0.032184,148114.0,63219.915
000576,2026-03-19,10.46,0.04391200000000001,380665.91,399212.041
000581,2026-03-19,22.7,-0.03732,175227.96,400841.467
000582,2026-03-19,10.77,-0.016437999999999998,268961.77,290715.907
000586,2026-03-19,14.95,-0.027957999999999997,73011.0,110173.452
000589,2026-03-19,4.68,-0.035052,369853.4,175370.86
000590,2026-03-19,12.09,-0.028135,49458.85,60207.073
000591,2026-03-19,6.04,0.003322,1630485.27,990465.421
000592,2026-03-19,10.36,-0.03087,1342934.86,1413257.895
000593,2026-03-19,14.5,-0.008886,265006.11,381545.318
000595,2026-03-19,6.26,-0.03096,126930.0,80158.317
000596,2026-03-19,108.4,-0.023863,18945.52,207114.85
000597,2026-03-19,5.24,-0.016886,134962.04,70861.75
000598,2026-03-19,6.93,-0.015625,434989.8,304314.902
000599,2026-03-19,6.34,-0.035008,160993.0,103064.002
000600,2026-03-19,9.58,-0.030364,502919.89,488735.472
000601,2026-03-19,7.4,0.09955399999999999,322832.94,238896.376
000603,2026-03-19,39.63,-0.079015,304224.95,1230904.573
000605,2026-03-19,7.12,-0.031293,52801.2,37952.014
000607,2026-03-19,4.25,-0.011628000000000001,128145.01,54637.087
000608,2026-03-19,3.98,0.017903,325768.02,129247.742
000609,2026-03-19,9.52,-0.0499,116771.0,111968.44
000610,2026-03-19,9.14,-0.034847,70290.01,64990.931
000612,2026-03-19,11.84,-0.067717,559568.06,673120.85
000615,2026-03-19,3.17,-0.012461,81170.8,25755.216
000617,2026-03-19,10.71,0.099589,5583636.23,5737992.566
000619,2026-03-19,6.11,-0.033228,75081.02,46424.956
000620,2026-03-19,3.06,-0.072727,3160782.9,975959.179
000623,2026-03-19,18.18,-0.021529,116363.92,212837.59
000625,2026-03-19,10.62,-0.013928000000000001,478658.51,511140.649
000626,2026-03-19,8.22,0.0,279780.33,233923.686
000628,2026-03-19,53.35,-0.0011229999999999999,88706.08,475788.03
000629,2026-03-19,3.48,-0.046575,1548532.98,542019.136
000630,2026-03-19,6.08,-0.064615,4291927.23,2645550.902
000631,2026-03-19,3.82,-0.035354000000000003,178118.41,68525.552
000632,2026-03-19,4.75,-0.032587000000000005,146152.02,70138.457
000633,2026-03-19,6.87,-0.039161,99296.0,68989.112
000635,2026-03-19,8.71,-0.032222,75891.3,66702.4
000636,2026-03-19,22.53,0.001333,921302.38,2050275.01
000637,2026-03-19,4.71,-0.012579,181023.24,86073.041
000638,2026-03-19,1.34,-0.049645,7680.0,1029.12
000639,2026-03-19,2.97,-0.023026,738503.12,222326.713
000650,2026-03-19,5.75,-0.023769,167786.0,97253.696
000651,2026-03-19,38.56,-0.011789,312052.38,1207171.579
000652,2026-03-19,3.95,-0.019851,120671.6,47903.652
000655,2026-03-19,9.18,-0.048705,119397.21,110546.53
000656,2026-03-19,1.36,-0.014493,838139.17,114303.581
000657,2026-03-19,51.39,-0.056025,739161.74,3830422.987
000659,2026-03-19,3.63,-0.032,278571.61,101895.975
000661,2026-03-19,88.97,-0.014400999999999999,38776.85,346051.643
000663,2026-03-19,6.94,-0.029371,71503.0,50070.346
000665,2026-03-19,5.16,-0.017143,212611.0,110784.661
000668,2026-03-19,13.76,-0.049724000000000004,22908.0,32089.134
000669,2026-03-19,5.05,-0.007859,693932.43,346768.639
000670,2026-03-19,8.03,-0.03253,386777.78,312727.451
000672,2026-03-19,13.16,-0.067328,255532.23,342806.321
000676,2026-03-19,8.06,-0.019465,192479.34,155577.103
000677,2026-03-19,4.53,-0.034115,872981.95,405881.789
000678,2026-03-19,11.79,-0.034398,88588.3,105262.699
000679,2026-03-19,6.73,-0.02886,45207.0,30760.034
000680,2026-03-19,10.74,-0.052910000000000006,300824.24,326814.98
000681,2026-03-19,21.88,-0.021029,216156.53,473350.542
000682,2026-03-19,13.05,-0.04185,248095.48,327271.404
000683,2026-03-19,8.48,-0.041808,569494.85,485464.198
000685,2026-03-19,11.36,-0.024055,123465.01,141301.064
000686,2026-03-19,8.42,-0.016354999999999998,189696.11,160665.735
000688,2026-03-19,29.91,-0.084201,367191.97,1118463.451
000690,2026-03-19,4.82,0.0062629999999999995,959434.46,463176.12
000691,2026-03-19,8.25,-0.019025,52643.91,43779.645
000692,2026-03-19,4.17,-0.021126999999999996,141547.2,59785.506
000695,2026-03-19,13.41,-0.03871,119706.0,163299.394
000697,2026-03-19,9.75,-0.037512,143402.0,141741.474
000698,2026-03-19,3.95,-0.027094,115391.0,46199.116
000700,2026-03-19,11.65,-0.038779,258775.95,301831.498
000701,2026-03-19,5.88,-0.029703,128147.51,75987.082
000702,2026-03-19,6.83,-0.025678,64226.95,44305.662
000703,2026-03-19,10.55,-0.074561,670806.87,718981.568
000705,2026-03-19,8.99,-0.019629,39109.0,35433.315
000707,2026-03-19,6.14,-0.043614,323341.19,202296.586
000708,2026-03-19,16.06,-0.03717,193526.72,313461.516
000709,2026-03-19,2.42,-0.032,1594397.08,389064.368
000710,2026-03-19,10.99,-0.035965,81855.0,91021.981
000712,2026-03-19,10.89,-0.012693000000000001,155892.0,170177.792
000713,2026-03-19,6.86,-0.02,189890.33,131908.507
000715,2026-03-19,5.92,-0.027915000000000002,82167.5,49099.489
000716,2026-03-19,5.47,-0.024954999999999998,93723.0,51744.917
000717,2026-03-19,2.61,-0.064516,1182072.65,314545.697
000718,2026-03-19,2.18,-0.026785999999999997,352737.0,77817.437
000719,2026-03-19,13.08,0.000765,95532.5,124822.224
000720,2026-03-19,3.96,-0.012469,372204.0,148519.663
000721,2026-03-19,8.09,-0.019394,73396.2,59819.311
000722,2026-03-19,13.61,-0.00293,151989.39,208291.567
000723,2026-03-19,5.27,-0.009398,1586909.6,850427.46
000725,2026-03-19,4.09,-0.02619,5203475.25,2139925.058
000726,2026-03-19,7.29,-0.021477,84502.0,61954.387
000727,2026-03-19,2.75,-0.00722,1110036.02,305918.434
000728,2026-03-19,7.83,-0.01261,249715.4,195984.926
000729,2026-03-19,12.85,-0.015326,178920.77,232229.817
000731,2026-03-19,7.49,-0.01706,489333.25,379058.982
000733,2026-03-19,48.08,-0.024944,104487.46,503950.33
000735,2026-03-19,7.23,-0.025606,277070.03,201728.922
000736,2026-03-19,5.13,-0.024714999999999997,59831.0,31047.132
000737,2026-03-19,13.63,-0.054129,538087.05,742398.584
000738,2026-03-19,22.59,-0.03544,212777.89,483615.483
000739,2026-03-19,17.85,-0.024057,50805.22,91371.784
000750,2026-03-19,4.02,-0.009852,573719.85,231193.116
000751,2026-03-19,5.52,-0.062818,648169.04,362867.209
000752,2026-03-19,10.4,-0.016083,24236.48,25261.646
000753,2026-03-19,6.55,-0.033923,192091.05,126651.744
000755,2026-03-19,5.39,-0.014624999999999999,54307.92,29426.953
000756,2026-03-19,15.06,-0.013752,50407.52,76053.563
000757,2026-03-19,5.07,-0.030593,168995.0,87154.629
000758,2026-03-19,6.7,-0.056338,568395.13,385679.621
000759,2026-03-19,5.76,-0.025381,218426.24,127393.159
000761,2026-03-19,3.31,-0.051576000000000004,289451.34,97424.126
000762,2026-03-19,25.85,-0.05931600000000001,241218.62,632841.282
000766,2026-03-19,20.35,-0.04054700000000001,185439.18,381462.102
000767,2026-03-19,3.74,0.008086,1437953.0,535040.776
000768,2026-03-19,25.76,-0.034121,284949.66,738624.976
000776,2026-03-19,19.11,-0.01849,365400.96,700461.769
000777,2026-03-19,24.04,-0.031425999999999996,163915.34,394917.064
000778,2026-03-19,4.64,-0.029289,679751.41,317146.518
000779,2026-03-19,9.56,0.008439,146324.77,140674.329
000782,2026-03-19,5.42,-0.059028,222319.0,122783.749
000783,2026-03-19,7.25,-0.022911,557699.12,406526.144
000785,2026-03-19,2.8,-0.010601000000000001,347557.82,97292.414
000786,2026-03-19,25.8,-0.031168,126388.38,329638.165
000788,2026-03-19,5.9,-0.028007,107191.0,63735.147
000789,2026-03-19,5.63,-0.039249,94959.95,54164.052
000790,2026-03-19,4.07,-0.02864,127072.91,52337.656
000791,2026-03-19,8.21,0.013580000000000002,515400.34,422916.129
000792,2026-03-19,33.75,-0.051966,1031083.39,3520693.487
000793,2026-03-19,2.77,-0.010714,121289.0,33610.837
000795,2026-03-19,9.09,-0.048167999999999996,239778.0,220175.606
000796,2026-03-19,5.25,-0.024163999999999998,338584.0,178960.043
000797,2026-03-19,2.86,-0.030508,316929.05,91467.297
000798,2026-03-19,10.22,-0.032197,188801.0,194970.314
000799,2026-03-19,44.87,-0.033391000000000004,74501.82,336618.178
000800,2026-03-19,6.63,-0.022124,187233.7,124892.782
000801,2026-03-19,14.68,-0.027815,130668.06,192948.242
000802,2026-03-19,4.01,-0.024331000000000002,114913.0,46443.771
000803,2026-03-19,9.19,-0.035677,175562.89,164373.185
000807,2026-03-19,29.1,-0.05947,960921.27,2846331.06
000809,2026-03-19,3.8,0.013333,397325.5,151590.714
000810,2026-03-19,11.08,-0.01773,102701.62,114140.821
000811,2026-03-19,17.95,-0.045213,176097.4,318928.067
000812,2026-03-19,4.12,-0.030588,130231.88,54225.486
000813,2026-03-19,3.51,-0.005666,284677.0,100393.583
000815,2026-03-19,19.32,0.100228,717121.97,1366534.432
000816,2026-03-19,3.43,-0.039216,513702.16,177637.447
000818,2026-03-19,24.0,-0.004975,593121.83,1430544.692
000819,2026-03-19,15.16,-0.016861,50102.03,76734.449
000820,2026-03-19,3.49,-0.011331,42637.0,14886.522
000821,2026-03-19,12.61,-0.034456,190325.34,242734.973
000822,2026-03-19,6.0,-0.052133000000000006,679094.72,415241.13
000823,2026-03-19,15.88,-0.026961,304342.0,485785.986
000825,2026-03-19,4.53,-0.042283,552005.02,252670.93
000826,2026-03-19,2.19,-0.068085,803480.35,179552.047
000828,2026-03-19,10.86,-0.006404,47965.16,52175.053
000829,2026-03-19,10.69,-0.007428000000000001,175124.31,187870.925
000830,2026-03-19,16.36,-0.046064,516981.87,869331.784
000831,2026-03-19,47.87,-0.049633000000000004,327264.41,1579511.262
000833,2026-03-19,26.38,-0.00037900000000000005,697026.78,1876172.887
000837,2026-03-19,11.29,-0.037511,200803.41,229006.277
000838,2026-03-19,2.22,-0.038961,458399.5,103220.306
000839,2026-03-19,3.62,-0.026882000000000003,1934606.5,694901.44
000848,2026-03-19,8.11,-0.013382,75488.52,61580.776
000850,2026-03-19,5.04,-0.027027000000000002,107070.7,54239.043
000852,2026-03-19,7.44,-0.01847,264735.0,199502.708
000856,2026-03-19,11.76,0.014668,204022.56,240501.649
000858,2026-03-19,102.53,-0.011473,114373.47,1176973.86
000859,2026-03-19,9.82,-0.040077999999999996,390939.77,387379.081
000860,2026-03-19,13.81,-0.016382,74477.86,103346.024
000862,2026-03-19,7.67,0.017241,851635.2,657334.385
000863,2026-03-19,5.42,-0.033868,245344.14,133201.899
000868,2026-03-19,4.48,-0.026087,101650.0,45886.073
000869,2026-03-19,19.66,-0.010569,10138.57,19963.324
000875,2026-03-19,7.2,-0.004149,640122.31,463710.673
000876,2026-03-19,8.64,-0.0068969999999999995,271860.99,235419.725
000877,2026-03-19,5.05,-0.019417,155868.07,79192.743
000878,2026-03-19,19.03,-0.070801,916831.43,1774713.295
000880,2026-03-19,27.77,-0.025272000000000003,115056.0,321145.38
000881,2026-03-19,7.74,-0.025189,116236.0,90549.149
000882,2026-03-19,1.78,-0.027322000000000003,447029.0,80190.715
000883,2026-03-19,4.88,-0.002045,336422.54,164750.982
000885,2026-03-19,13.95,-0.012739,56796.78,79446.566
000886,2026-03-19,5.94,-0.032573,158134.0,94926.331
000887,2026-03-19,18.47,-0.038522,259861.94,484162.284
000888,2026-03-19,13.41,-0.01902,85541.59,115428.96
000889,2026-03-19,3.34,-0.023392,162296.0,54745.2
000890,2026-03-19,14.0,0.029411999999999997,988448.77,1364061.217
000892,2026-03-19,6.14,-0.025397,240510.23,148399.092
000893,2026-03-19,59.27,-0.027244,194597.96,1174249.936
000895,2026-03-19,28.43,-0.0028060000000000003,113624.04,324370.786
000897,2026-03-19,2.19,-0.026667,470348.46,103919.763
000898,2026-03-19,2.46,-0.031495999999999996,811708.94,201405.466
000899,2026-03-19,13.27,-0.014847999999999998,345456.14,462810.224
000900,2026-03-19,4.25,-0.011628000000000001,141331.86,60532.97
000901,2026-03-19,22.97,-0.025869,183809.94,423713.423
000902,2026-03-19,16.81,-0.055618,200018.0,340524.278
000903,2026-03-19,2.62,-0.02963,345173.73,91281.993
000905,2026-03-19,11.05,-0.032399,145967.0,162748.719
000906,2026-03-19,5.87,-0.020033,72143.36,42606.504
000908,2026-03-19,6.14,0.049573,3619.69,2222.49
000909,2026-03-19,5.69,-0.030663999999999997,37270.0,21416.848
000910,2026-03-19,7.31,-0.020107,42533.0,31222.586
000911,2026-03-19,6.79,-0.00731,108894.0,75281.453
000912,2026-03-19,5.55,-0.046391999999999996,1274584.42,731525.251
000913,2026-03-19,15.43,-0.02218,41157.0,64166.73
000915,2026-03-19,32.75,-0.013851,32890.69,108557.443
000917,2026-03-19,9.98,-0.024438,329431.79,329814.971
000919,2026-03-19,7.22,-0.02957,72474.15,52855.928
000920,2026-03-19,13.0,-0.043414,104595.0,138089.061
000921,2026-03-19,22.51,-0.019599,60272.46,136572.169
000922,2026-03-19,14.52,-0.031354,109014.2,159203.092
000923,2026-03-19,19.05,-0.061576000000000006,236054.16,456965.079
000925,2026-03-19,7.55,-0.025806,122241.0,92832.572
000926,2026-03-19,2.2,-0.026549,311436.6,68968.363
000927,2026-03-19,2.91,-0.026756000000000002,940837.58,276057.795
000928,2026-03-19,6.71,-0.01757,300544.89,201440.55
000929,2026-03-19,10.24,-0.024762,27968.0,28861.342
000930,2026-03-19,7.15,-0.002789,623091.81,451432.228
000931,2026-03-19,5.13,-0.020992,86990.76,45045.04
000932,2026-03-19,5.38,-0.057793000000000004,1176156.71,640646.572
000933,2026-03-19,31.75,-0.032896999999999996,433174.98,1382648.395
000935,2026-03-19,25.4,-0.035687,44863.95,114566.71
000936,2026-03-19,7.62,-0.029299,193925.91,148180.535
000937,2026-03-19,5.84,0.012132,312612.0,182222.354
000938,2026-03-19,26.77,0.017870999999999998,1858041.65,4963290.052
000948,2026-03-19,16.25,-0.012758,28609.42,46714.024
000949,2026-03-19,6.9,-0.037656999999999996,730892.56,505613.892
000950,2026-03-19,5.55,-0.021164000000000002,173997.0,97167.549
000951,2026-03-19,21.2,-0.035925,152026.77,323342.601
000952,2026-03-19,7.27,-0.043421,99691.2,73374.49
000953,2026-03-19,7.16,-0.032431999999999996,153316.44,111462.914
000955,2026-03-19,5.1,-0.030417999999999997,140028.0,71980.881
000957,2026-03-19,11.13,-0.036364,164066.34,184496.726
000958,2026-03-19,6.68,-0.007429,346577.29,232295.95
000959,2026-03-19,4.9,-0.035433,588476.16,290210.303
000960,2026-03-19,32.78,-0.064231,515521.8,1712074.02
000962,2026-03-19,45.52,-0.058921,232801.25,1073559.045
000963,2026-03-19,35.64,-0.013289,89715.14,320649.582
000965,2026-03-19,3.87,-0.027638,210396.1,82199.65
000966,2026-03-19,4.9,0.010308999999999999,872527.83,427429.126
000967,2026-03-19,8.69,-0.007991,380412.71,329770.996
000968,2026-03-19,9.81,0.099776,848296.45,795919.732
000969,2026-03-19,20.66,-0.044403,238975.77,498579.43
000970,2026-03-19,12.2,-0.043137,320026.73,392774.692
000972,2026-03-19,3.57,-0.013812,59335.0,21216.658
000973,2026-03-19,14.98,-0.053097000000000005,571605.87,867797.653
000975,2026-03-19,29.2,-0.073016,726429.18,2140161.045
000977,2026-03-19,61.4,-0.015394000000000001,387304.6,2381260.626
000978,2026-03-19,7.14,-0.027248,101149.0,73089.238
000980,2026-03-19,2.67,0.003759,1573187.01,429237.059
000981,2026-03-19,4.32,-0.03139,3278836.3,1428963.957
000983,2026-03-19,6.92,0.0,821455.27,571843.932
000985,2026-03-19,20.05,-0.0024879999999999998,58819.0,120881.471
000987,2026-03-19,8.7,-0.018059000000000002,439676.15,383656.45
000988,2026-03-19,119.99,0.045391,1240602.35,14849466.686
000989,2026-03-19,8.92,-0.030435,126980.52,114549.674
000990,2026-03-19,9.9,-0.082484,1718602.03,1758530.617
000993,2026-03-19,14.16,-0.018031,301178.39,428550.206
000995,2026-03-19,15.35,-0.033375,183558.0,286356.807
000997,2026-03-19,21.68,-0.026056,136459.4,296850.757
000998,2026-03-19,10.13,-0.018411,393299.66,401424.246
000999,2026-03-19,29.13,-0.005802000000000001,86926.99,254342.885
001201,2026-03-19,14.6,-0.010169,32830.4,48289.848
001202,2026-03-19,17.09,-0.022311,19714.6,33949.838
001203,2026-03-19,33.0,-0.070161,291273.27,979498.873
001205,2026-03-19,14.92,-0.027378999999999997,40858.5,61672.904
001206,2026-03-19,21.62,-0.022604000000000003,29318.53,63691.747
001207,2026-03-19,30.03,0.025965,110024.38,325427.409
001208,2026-03-19,19.92,-0.03207,155370.0,310595.89
001209,2026-03-19,20.2,-0.026506,35680.0,72763.919
001210,2026-03-19,21.1,-0.026303999999999998,47929.64,101966.013
001211,2026-03-19,27.2,-0.02404,17226.0,47133.191
001212,2026-03-19,51.71,-0.028008,43245.85,225154.481
001213,2026-03-19,4.19,-0.014117999999999999,171353.0,72066.892
001215,2026-03-19,36.55,0.0041210000000000005,19333.91,69725.169
001216,2026-03-19,19.53,-0.046387,60381.42,118571.021
001217,2026-03-19,12.53,-0.039847,88070.0,112078.919
001218,2026-03-19,26.15,-0.008343,30265.33,80425.94
001219,2026-03-19,14.59,-0.019489,33011.61,48523.145
001220,2026-03-19,43.35,-0.018787,36536.98,161461.94
001221,2026-03-19,67.55,-0.010690999999999999,12018.83,80695.812
001222,2026-03-19,19.83,-0.028416999999999998,11189.0,22354.574
001223,2026-03-19,49.87,-0.010712,8681.44,43384.106
001225,2026-03-19,49.47,-0.042207,12389.08,61945.228
001226,2026-03-19,43.22,-0.026577000000000003,7108.0,30900.905
001227,2026-03-19,2.33,-0.008511,737918.59,172862.66
001228,2026-03-19,31.78,-0.019136,16796.67,53487.725
001229,2026-03-19,40.3,-0.021845,31920.08,127377.371
001230,2026-03-19,23.97,-0.013986,20325.0,49052.804
001231,2026-03-19,23.77,-0.039596,21034.0,50450.505
001233,2026-03-19,66.86,-0.040608000000000005,14475.0,98087.276
001234,2026-03-19,28.1,-0.007418,12959.0,36430.221
001236,2026-03-19,10.49,0.004789,318207.63,333181.065
001238,2026-03-19,48.5,-0.020202,2210.74,10792.67
001239,2026-03-19,16.12,-0.027744,33575.89,54740.845
001255,2026-03-19,38.69,-0.040189,19528.5,76363.745
001256,2026-03-19,22.88,-0.009524,34689.0,78283.508
001258,2026-03-19,10.25,0.099785,753035.81,753380.612
001259,2026-03-19,33.5,-0.030390999999999998,9888.0,33436.046
001260,2026-03-19,21.3,-0.022936,44241.0,96110.618
001266,2026-03-19,35.53,-0.014971000000000002,28608.57,101954.898
001267,2026-03-19,40.77,-0.028822999999999998,415637.95,1717432.824
001268,2026-03-19,32.51,-0.014251,9902.0,32291.105
001269,2026-03-19,24.82,0.009764,45574.0,113340.238
001270,2026-03-19,113.76,0.016986,85443.89,966763.435
001277,2026-03-19,36.31,-0.019973,17380.62,63522.464
001278,2026-03-19,21.78,-0.038835,60174.37,133505.951
001279,2026-03-19,32.61,-0.023653,8526.0,28021.807
001280,2026-03-19,80.91,-0.04237199999999999,133858.26,1090816.667
001282,2026-03-19,21.3,-0.042266000000000005,41386.09,88931.149
001283,2026-03-19,61.1,-0.027844,16819.27,103583.796
001285,2026-03-19,53.8,-0.015913999999999998,16718.38,90326.645
001286,2026-03-19,11.52,0.033184,499907.48,573232.694
001287,2026-03-19,24.55,-0.003653,648244.65,1593468.543
001288,2026-03-19,30.87,-0.039813,33320.8,103913.401
001289,2026-03-19,18.33,0.003834,90620.66,166873.674
001296,2026-03-19,24.84,-0.030823,20706.4,51739.812
001298,2026-03-19,30.93,-0.018095,65128.6,202531.89
001299,2026-03-19,13.93,0.025018,83183.3,115314.804
001300,2026-03-19,17.27,-0.022637,28868.47,49968.017
001301,2026-03-19,75.05,-0.06781799999999999,82900.39,628344.941
001306,2026-03-19,69.03,-0.025825999999999998,4556.94,31692.865
001308,2026-03-19,20.32,-0.022607,20103.86,40997.875
001309,2026-03-19,345.0,-0.07754,195160.69,6826999.556
001311,2026-03-19,32.13,-0.031937,20429.5,65918.143
001313,2026-03-19,7.22,-0.032172,83212.0,60851.122
001314,2026-03-19,44.92,-0.038527,25008.0,113571.528
001316,2026-03-19,46.1,-0.039783,15227.47,70914.827
001317,2026-03-19,46.39,-0.019861,21978.26,102447.561
001318,2026-03-19,13.94,-0.01831,22221.0,31161.559
001319,2026-03-19,25.58,-0.025895,20491.0,52712.963
001322,2026-03-19,8.2,-0.031877,33564.97,27827.292
001323,2026-03-19,26.6,-0.020257999999999998,5748.4,15369.373
001324,2026-03-19,19.52,-0.024,31024.0,61184.668
001325,2026-03-19,54.12,0.015385,27502.22,148883.294
001326,2026-03-19,58.38,-0.047168,13240.99,78066.538
001328,2026-03-19,34.6,-0.019552,6652.0,23067.922
001330,2026-03-19,7.05,-0.026243,530499.49,375993.01
001331,2026-03-19,53.53,-0.017798,49868.51,266702.433
001332,2026-03-19,54.06,-0.048239000000000004,20793.96,113717.63
001333,2026-03-19,26.4,0.030043,30128.24,79126.126
001335,2026-03-19,44.3,-0.028296,9476.51,42087.553
001336,2026-03-19,26.72,-0.031533000000000005,12839.0,34648.302
001337,2026-03-19,51.33,-0.045023,162685.0,844999.333
001338,2026-03-19,12.9,-0.028614,128497.29,167856.972
001339,2026-03-19,71.23,0.010355000000000001,118936.0,848447.007
001356,2026-03-19,11.71,-0.024167,30253.51,35647.297
001358,2026-03-19,28.02,-0.035456,8458.2,23873.191
001359,2026-03-19,71.14,-0.059492,15277.39,110324.66
001360,2026-03-19,21.4,-0.051418,45564.22,98935.37
001366,2026-03-19,14.01,-0.001426,89300.0,126012.246
001367,2026-03-19,22.55,-0.032189,12525.22,28503.773
001368,2026-03-19,25.8,-0.024575,18837.71,48763.141
001369,2026-03-19,17.58,-0.071315,570951.67,1019187.079
001373,2026-03-19,38.38,-0.025640999999999997,27931.52,110232.682
001376,2026-03-19,16.83,-0.079322,200120.0,342691.064
001378,2026-03-19,24.9,-0.039352,23750.84,60102.827
001379,2026-03-19,22.26,-0.033854,21837.71,48988.323
001380,2026-03-19,21.74,-0.012266999999999998,11535.0,25178.404
001382,2026-03-19,24.4,-0.028662,194712.68,471812.372
001386,2026-03-19,22.16,-0.029346999999999998,47866.93,107004.141
001387,2026-03-19,13.64,-0.029872,27408.07,37746.529
001388,2026-03-19,47.58,-0.014499,43934.53,207831.381
001389,2026-03-19,115.73,-0.033005,94367.92,1102361.565
001390,2026-03-19,22.34,-0.02785,15299.0,34524.049
001391,2026-03-19,5.56,-0.021126999999999996,258870.37,144884.791
001395,2026-03-19,41.26,-0.032137,6550.2,27249.165
001396,2026-03-19,45.38,-0.037131,16724.75,76654.137
001400,2026-03-19,146.66,0.049596,35142.43,516041.888
001696,2026-03-19,20.93,0.011111,398366.52,826743.943
001872,2026-03-19,22.8,-0.0069689999999999995,52580.32,121113.559
001896,2026-03-19,14.9,0.04782,1930411.34,2815958.727
001914,2026-03-19,10.09,-0.015609999999999999,100306.78,101399.75
001965,2026-03-19,10.35,0.01173,208996.72,216132.726
001979,2026-03-19,9.17,-0.0327,353670.07,327498.275
002001,2026-03-19,34.3,-0.021677,503636.08,1745886.185
002003,2026-03-19,10.13,0.0,55091.0,55753.06
002004,2026-03-19,5.25,-0.029575,360652.0,191794.213
002005,2026-03-19,2.86,-0.013793,95498.02,27391.663
002006,2026-03-19,18.82,-0.038324,111050.32,210921.394
002007,2026-03-19,14.96,-0.013843000000000001,127912.79,192317.138
002008,2026-03-19,63.0,-0.032704,254050.1,1610287.721
002009,2026-03-19,24.9,-0.035630999999999996,222162.35,556836.89
002010,2026-03-19,5.95,-0.026187000000000002,257880.25,154648.37
002011,2026-03-19,12.49,-0.04217800000000001,243988.57,307055.498
002012,2026-03-19,6.95,-0.030683,117805.25,82538.069
002014,2026-03-19,12.08,-0.013878,23954.4,29097.009
002015,2026-03-19,20.16,-0.010308999999999999,2545296.31,5222149.842
002016,2026-03-19,5.79,-0.031772999999999996,134598.84,79099.817
002017,2026-03-19,20.18,-0.021813,107541.71,218652.823
002019,2026-03-19,13.77,-0.018532,178571.01,247804.043
002020,2026-03-19,15.72,-0.036174,121287.9,193454.646
002021,2026-03-19,3.27,-0.060345,547160.75,180858.989
002022,2026-03-19,5.94,-0.026230000000000003,90774.23,54343.147
002023,2026-03-19,10.87,-0.03033,119005.48,130205.765
002024,2026-03-19,1.36,-0.048951,839121.51,115889.142
002025,2026-03-19,60.79,0.010136000000000001,432451.67,2599521.375
002026,2026-03-19,13.24,-0.025754000000000003,78814.0,104468.445
002027,2026-03-19,6.76,-0.016012,871142.21,589056.851
002028,2026-03-19,211.1,-0.038838,82917.36,1767859.654
002029,2026-03-19,10.12,-0.024108,109935.66,111882.072
002030,2026-03-19,6.08,-0.024077,129331.02,79270.827
002031,2026-03-19,7.11,-0.028689,368906.01,265196.474
002032,2026-03-19,44.77,-0.001116,13218.3,59174.633
002033,2026-03-19,9.23,-0.019129,80720.5,75082.1
002034,2026-03-19,17.88,-0.017582,49032.48,88025.374
002035,2026-03-19,6.17,-0.0048389999999999996,72140.85,44660.654
002036,2026-03-19,9.92,-0.024582000000000003,260483.98,259924.929
002037,2026-03-19,8.29,-0.031542,64966.86,54414.457
002038,2026-03-19,5.97,-0.026101,173758.53,104507.71
002039,2026-03-19,19.24,0.017451,175863.64,339401.31
002040,2026-03-19,10.49,-0.03318,182023.4,192903.614
002041,2026-03-19,10.83,-0.027828,311438.15,340211.332
002042,2026-03-19,4.48,-0.015385,583786.5,264012.896
002043,2026-03-19,15.15,-0.042351,55580.03,85281.747
002044,2026-03-19,5.92,-0.021488,705627.21,418158.742
002045,2026-03-19,12.4,-0.028213,95324.0,118939.837
002046,2026-03-19,46.32,-0.034598,112616.42,521705.318
002047,2026-03-19,5.81,0.00519,240891.76,140523.923
002048,2026-03-19,26.53,-0.035273,128756.04,343814.262
002049,2026-03-19,72.5,-0.028149999999999998,138458.63,1007753.489
002050,2026-03-19,44.98,-0.030812,728155.93,3287793.666
002051,2026-03-19,8.37,-0.033487,232250.2,196760.366
002052,2026-03-19,12.08,0.005828,173351.0,208312.429
002053,2026-03-19,12.28,-0.0040550000000000004,149889.0,184978.792
002054,2026-03-19,8.9,-0.027322000000000003,162859.73,146455.739
002055,2026-03-19,5.9,-0.023178999999999998,172996.0,102566.942
002056,2026-03-19,21.73,-0.029911,351644.4,769684.953
002057,2026-03-19,9.48,-0.052946999999999994,272965.94,262557.404
002058,2026-03-19,21.01,-0.028664000000000002,11883.0,25083.524
002059,2026-03-19,5.02,-0.019531,96163.0,48544.626
002060,2026-03-19,4.0,-0.004975,432886.0,174308.688
002061,2026-03-19,4.03,-0.017073,306110.9,124042.865
002062,2026-03-19,7.91,-0.042373,186865.0,149302.261
002063,2026-03-19,7.19,0.027143,1639440.22,1179959.411
002064,2026-03-19,9.88,-0.05364,512631.2,512766.959
002065,2026-03-19,8.61,-0.019362,312639.91,270582.785
002066,2026-03-19,18.63,-0.0387,39621.59,75080.672
002067,2026-03-19,5.05,-0.039924,414824.01,211125.143
002068,2026-03-19,9.33,-0.029136000000000002,285713.0,274376.32
002069,2026-03-19,3.7,-0.021164000000000002,188789.0,70780.618
002072,2026-03-19,7.39,-0.031455000000000004,60504.0,45041.868
002073,2026-03-19,7.4,-0.028871,211213.15,157277.032
002074,2026-03-19,36.98,-0.0008110000000000001,335094.08,1243049.909
002075,2026-03-19,5.08,-0.028681,322060.46,165112.946
002076,2026-03-19,2.13,-0.031818,278835.02,60312.72
002077,2026-03-19,17.05,-0.002924,736584.83,1260450.393
002078,2026-03-19,15.4,-0.027778,199437.87,308201.561
002079,2026-03-19,9.99,-0.028210000000000002,211357.52,212199.474
002080,2026-03-19,41.94,-0.047035,319070.75,1353088.24
002081,2026-03-19,3.45,-0.022663000000000003,283684.99,98534.689
002082,2026-03-19,18.8,0.059752,194076.01,356459.095
002083,2026-03-19,10.36,-0.049541,322137.24,338587.486
002084,2026-03-19,3.97,-0.026961,362860.87,147120.251
002085,2026-03-19,15.3,-0.019231,264703.23,406734.134
002086,2026-03-19,2.3,-0.057377000000000004,1294883.67,302648.055
002088,2026-03-19,10.69,-0.021061999999999997,27825.0,29903.169
002090,2026-03-19,11.51,-0.016239,88755.42,102543.085
002091,2026-03-19,9.02,-0.028017,213371.11,193484.302
002092,2026-03-19,7.69,-0.045906,1393166.71,1091484.264
002093,2026-03-19,10.31,-0.024598,103137.0,107039.277
002094,2026-03-19,6.89,-0.022695,154514.91,106777.792
002095,2026-03-19,18.4,0.008772,110363.09,202908.909
002096,2026-03-19,13.16,-0.020833,71248.0,93940.867
002097,2026-03-19,10.37,-0.023540000000000002,154873.57,161461.937
002098,2026-03-19,9.18,-0.0347,35171.0,32644.747
002099,2026-03-19,6.9,-0.041666999999999996,260285.0,182048.402
002100,2026-03-19,7.71,0.002601,411967.78,320490.489
002101,2026-03-19,11.59,-0.024411000000000002,50347.5,58654.721
002102,2026-03-19,3.37,-0.034384,849817.19,290444.984
002103,2026-03-19,8.76,-0.020134,67099.81,59012.966
002104,2026-03-19,16.7,-0.00536,232903.91,389935.948
002105,2026-03-19,6.77,-0.035613,74071.0,50616.017
002106,2026-03-19,12.18,-0.024038,164288.58,201005.313
002107,2026-03-19,6.56,-0.032448000000000005,77803.0,51462.973
002108,2026-03-19,4.67,-0.033126,502150.64,236511.528
002109,2026-03-19,5.28,0.1,778622.81,411100.759
002110,2026-03-19,4.09,-0.02619,359070.1,147575.463
002111,2026-03-19,10.22,-0.039474,70393.0,72792.965
002112,2026-03-19,23.0,-0.048013,326104.22,756456.291
002114,2026-03-19,8.74,-0.042716000000000004,178690.0,157637.544
002115,2026-03-19,12.71,-0.023059,310812.31,396446.591
002116,2026-03-19,10.68,-0.026436,57612.0,62161.646
002117,2026-03-19,10.98,-0.023132,64962.0,71789.577
002119,2026-03-19,22.43,-0.015364,309790.22,689956.296
002120,2026-03-19,6.79,-0.011645,210978.15,143673.323
002121,2026-03-19,8.72,-0.038589000000000005,436840.89,383029.221
002122,2026-03-19,2.92,-0.023411,216983.0,63907.886
002123,2026-03-19,11.11,0.029657,380625.83,423887.274
002124,2026-03-19,2.52,-0.007873999999999999,353606.2,89850.816
002125,2026-03-19,13.6,-0.063361,278591.79,386429.029
002126,2026-03-19,44.0,-0.058823999999999994,231927.64,1031344.91
002127,2026-03-19,2.93,-0.023333,263318.0,77831.286
002128,2026-03-19,29.56,-0.038074,219979.02,659762.09
002129,2026-03-19,9.66,-0.009231,943312.91,915791.012
002130,2026-03-19,25.2,-0.049057,755300.79,1920393.141
002131,2026-03-19,7.69,-0.035132,3568454.96,2754249.635
002132,2026-03-19,3.78,-0.030769,429375.0,163689.664
002133,2026-03-19,3.57,-0.027248,158799.32,57464.908
002134,2026-03-19,21.0,-0.015933,59948.0,125377.741
002135,2026-03-19,7.23,-0.054902,508126.3,377935.548
002136,2026-03-19,12.97,-0.058781,145516.02,191772.736
002137,2026-03-19,8.75,-0.021253,107704.13,94715.192
002138,2026-03-19,37.45,-0.028786,203629.69,765332.647
002139,2026-03-19,12.59,-0.022515999999999998,125875.93,159265.664
002140,2026-03-19,13.44,-0.016825,212266.8,291610.378
002141,2026-03-19,3.88,-0.032418999999999996,257539.0,100552.689
002142,2026-03-19,30.2,-0.004941999999999999,229940.94,697387.175
002144,2026-03-19,14.95,-0.046556,68900.0,104297.124
002145,2026-03-19,5.03,-0.034548999999999996,869839.91,442250.739
002146,2026-03-19,1.52,-0.019355,1197406.0,182928.195
002148,2026-03-19,7.86,-0.022387999999999998,76271.22,60382.705
002149,2026-03-19,44.0,-0.02934,398280.01,1753076.631
002150,2026-03-19,31.71,-0.041994,356011.07,1146320.834
002151,2026-03-19,44.6,-0.052676,329766.51,1497017.87
002152,2026-03-19,12.94,0.006221,329721.0,426052.446
002153,2026-03-19,10.79,-0.021759,185819.99,200742.685
002154,2026-03-19,3.81,-0.007813,143669.32,54729.216
002155,2026-03-19,29.6,-0.060019,656965.76,1974815.284
002156,2026-03-19,45.95,-0.030591,700096.47,3234933.136
002157,2026-03-19,3.28,-0.012048000000000001,1523068.64,503173.508
002158,2026-03-19,23.41,-0.020502,43847.0,102863.09
002159,2026-03-19,19.36,-0.032966999999999996,45210.0,88208.247
002160,2026-03-19,4.94,-0.048170000000000004,382250.01,190871.473
002161,2026-03-19,7.84,-0.050846999999999996,274004.64,217548.228
002162,2026-03-19,4.77,-0.030488,206509.0,99179.45
002163,2026-03-19,13.17,-0.031618,348055.44,461475.593
002164,2026-03-19,12.46,-0.027322000000000003,85725.0,107646.457
002165,2026-03-19,11.12,-0.06318399999999999,1356641.2,1551852.253
002166,2026-03-19,9.08,-0.021551999999999998,79401.3,72634.336
002167,2026-03-19,12.75,-0.055556,347389.06,448829.532
002168,2026-03-19,4.21,-0.038813,121266.03,51783.697
002169,2026-03-19,14.17,-0.059721,373765.2,536570.997
002170,2026-03-19,12.93,-0.044346,438203.52,573745.215
002171,2026-03-19,11.3,-0.048822000000000004,412874.87,471697.194
002172,2026-03-19,4.05,-0.033413,235121.23,96081.449
002173,2026-03-19,28.42,-0.06666699999999999,546542.41,1568081.563
002174,2026-03-19,10.0,-0.028183,205426.74,206644.773
002175,2026-03-19,3.48,-0.030640999999999998,868143.44,305027.27
002176,2026-03-19,9.23,-0.035528,440153.93,409392.906
002177,2026-03-19,8.5,-0.031890999999999996,975291.55,838848.23
002178,2026-03-19,6.6,-0.009009,211192.0,140317.678
002179,2026-03-19,34.56,-0.024554999999999997,311312.06,1079959.896
002180,2026-03-19,17.97,-0.031789,105301.0,190728.418
002181,2026-03-19,10.81,-0.025248,344530.68,374154.458
002182,2026-03-19,16.65,-0.075,369422.24,626004.116
002183,2026-03-19,5.25,-0.027778,807216.43,425604.561
002184,2026-03-19,12.05,-0.025081000000000003,37664.55,45752.896
002185,2026-03-19,13.54,-0.027997,1148031.35,1565517.29
002186,2026-03-19,10.65,-0.019337,39189.98,42029.686
002187,2026-03-19,6.61,-0.016369,106764.88,70642.293
002188,2026-03-19,6.74,-0.045326000000000005,104881.0,71852.616
002189,2026-03-19,20.01,-0.029582999999999998,29073.0,58608.085
002190,2026-03-19,32.28,-0.049749999999999996,53981.36,177964.982
002191,2026-03-19,3.85,-0.022843,110458.04,42868.952
002192,2026-03-19,52.32,-0.060682,116792.67,618178.927
002193,2026-03-19,6.4,-0.003115,223386.0,144042.575
002194,2026-03-19,11.85,-0.026293999999999998,106813.44,127474.406
002195,2026-03-19,9.8,-0.025844999999999996,2284543.39,2245149.751
002196,2026-03-19,13.82,-0.027445,190468.48,263964.211
002197,2026-03-19,8.69,0.004624,280262.2,246042.095
002198,2026-03-19,7.69,-0.03995,179893.67,140006.016
002199,2026-03-19,7.71,-0.032622,32379.0,25231.349
002200,2026-03-19,7.34,-0.029101,11561.0,8573.148
002201,2026-03-19,11.18,-0.035375000000000004,156123.52,175779.922
002202,2026-03-19,29.81,-0.038387,3161139.05,9581179.57
002203,2026-03-19,13.26,-0.042599,206677.82,276075.121
002204,2026-03-19,6.68,-0.026239,321188.39,215069.611
002205,2026-03-19,13.3,-0.039016999999999996,26603.2,35786.719
002206,2026-03-19,6.38,-0.053411999999999994,242573.33,157529.426
002207,2026-03-19,11.22,0.051546,575516.74,635362.97
002208,2026-03-19,15.46,-0.038557,500126.5,776224.71
002209,2026-03-19,15.22,-0.014887,67460.0,105028.883
002210,2026-03-19,2.87,-0.013746000000000001,464116.22,133786.416
002211,2026-03-19,3.56,-0.043011,90853.0,32802.401
002212,2026-03-19,8.21,-0.020286,194824.05,160584.519
002213,2026-03-19,29.6,-0.032047,280054.9,836491.517
002214,2026-03-19,18.0,-0.006623,26526.8,47875.004
002215,2026-03-19,10.12,-0.038023,195030.45,199241.782
002216,2026-03-19,11.85,-0.022277,81703.53,97428.572
002217,2026-03-19,2.51,-0.027132,1464805.1,370023.144
002218,2026-03-19,5.96,0.001681,922807.44,555185.603
002219,2026-03-19,2.39,-0.024489999999999998,773200.56,186236.56
002221,2026-03-19,9.34,0.029768,722224.01,674460.767
002222,2026-03-19,59.69,-0.020350999999999998,88927.35,533332.379
002223,2026-03-19,35.44,-0.013087999999999999,57460.63,204020.784
002224,2026-03-19,4.87,-0.020121000000000003,692805.03,341868.18
002225,2026-03-19,5.5,-0.035088,252662.0,140329.027
002226,2026-03-19,5.88,-0.031301,337104.6,199560.635
002227,2026-03-19,9.51,-0.02261,46464.9,44821.158
002228,2026-03-19,3.99,-0.026829000000000002,218175.25,87780.572
002229,2026-03-19,17.89,0.014172,801037.5,1441320.59
002230,2026-03-19,50.36,-0.023653,345586.37,1742837.453
002232,2026-03-19,17.93,-0.0077480000000000005,27898.0,50044.603
002233,2026-03-19,9.47,0.0,133352.63,126456.175
002234,2026-03-19,8.89,-0.03159,85654.0,76799.2
002235,2026-03-19,10.97,-0.036874,440091.0,485118.187
002236,2026-03-19,17.51,-0.02614,347577.69,611742.195
002237,2026-03-19,15.29,-0.0509,366672.49,566412.342
002238,2026-03-19,7.68,-0.012853000000000002,57197.35,44021.485
002239,2026-03-19,3.08,-0.019108,635358.0,196617.765
002240,2026-03-19,35.51,-0.066263,508999.62,1825153.412
002241,2026-03-19,24.15,-0.03012,601966.1,1461768.898
002242,2026-03-19,10.31,-0.024598,79018.74,81982.188
002243,2026-03-19,9.91,-0.006018,104107.0,103294.985
002244,2026-03-19,10.25,-0.030274000000000002,246407.68,254421.187
002245,2026-03-19,16.75,-0.027294,333281.9,561810.554
002246,2026-03-19,23.71,-0.040469,204578.03,489891.008
002247,2026-03-19,2.97,-0.026230000000000003,223335.0,66742.577
002248,2026-03-19,13.0,-0.045521000000000006,157501.0,206702.42
002249,2026-03-19,9.51,-0.039394,496890.46,476373.683
002250,2026-03-19,15.13,-0.048428000000000006,190469.84,291601.726
002251,2026-03-19,4.43,-0.024228999999999997,615083.17,274034.121
002252,2026-03-19,6.12,-0.011309,274932.7,168927.308
002253,2026-03-19,11.71,0.001711,92029.17,107735.723
002254,2026-03-19,11.29,-0.051261,316222.95,360640.863
002255,2026-03-19,11.9,-0.034874,309240.0,370939.175
002256,2026-03-19,4.08,-0.026253000000000002,2802359.56,1165832.945
002258,2026-03-19,14.52,-0.053455,175427.47,258233.67
002259,2026-03-19,5.51,-0.008993,184124.0,101687.106
002261,2026-03-19,38.13,-0.020297999999999997,1420188.8,5463748.839
002262,2026-03-19,22.35,-0.012373,49620.28,111049.269
002263,2026-03-19,3.48,-0.036011,469818.72,165319.537
002264,2026-03-19,8.56,-0.027273000000000002,155827.0,134237.409
002265,2026-03-19,21.45,-0.024113000000000002,57901.01,124649.914
002266,2026-03-19,4.36,-0.04386,807773.21,355825.234
002267,2026-03-19,8.13,0.027812999999999997,350960.04,283711.897
002268,2026-03-19,18.37,-0.020789,111954.36,205931.409
002269,2026-03-19,1.74,-0.033333,713738.5,125593.32
002270,2026-03-19,28.44,-0.054521,314319.61,904359.602
002271,2026-03-19,14.85,-0.055344,469116.79,705315.4
002272,2026-03-19,18.03,-0.035829,392251.11,714158.793
002273,2026-03-19,25.39,0.001183,456245.89,1157455.499
002274,2026-03-19,6.73,-0.017518,446139.2,307848.161
002275,2026-03-19,13.99,-0.008505,22009.0,30841.698
002276,2026-03-19,14.55,-0.038334,253850.68,371681.369
002277,2026-03-19,6.49,-0.052555,279608.24,183459.741
002278,2026-03-19,12.46,-0.013460000000000001,272565.08,345740.659
002279,2026-03-19,8.68,-0.015872999999999998,224610.48,195249.809
002281,2026-03-19,84.42,0.009809,598971.64,5089562.78
002282,2026-03-19,7.14,-0.019231,97137.02,69630.589
002283,2026-03-19,8.78,-0.052858999999999996,401105.64,354742.753
002284,2026-03-19,14.88,-0.015872999999999998,99170.86,148089.958
002285,2026-03-19,3.36,-0.037249,1850191.62,644050.87
002286,2026-03-19,10.16,-0.032381,103984.1,106254.453
002287,2026-03-19,23.5,-0.022056,24026.0,56783.52
002289,2026-03-19,26.55,0.012199999999999999,15146.52,39978.132
002290,2026-03-19,60.9,-0.037915000000000004,39291.76,240300.467
002291,2026-03-19,6.62,-0.030747,271959.97,181214.274
002292,2026-03-19,8.11,-0.029904,286562.26,233477.753
002293,2026-03-19,9.95,-0.007976,58301.84,58066.089
002294,2026-03-19,57.61,-0.025706000000000003,69573.2,403873.612
002295,2026-03-19,10.85,-0.037267,39901.0,43668.124
002296,2026-03-19,11.88,-0.032573,160839.0,192117.029
002297,2026-03-19,11.15,-0.040448000000000005,237641.74,267143.531
002298,2026-03-19,12.5,-0.018838,1219110.53,1543865.265
002299,2026-03-19,17.8,-0.022515,116154.95,208338.422
002300,2026-03-19,9.79,-0.039254,382361.22,376781.774
002301,2026-03-19,7.23,-0.048684000000000005,164646.27,120963.861
002302,2026-03-19,6.09,-0.043956,260157.52,160258.139
002303,2026-03-19,3.76,-0.023377,213490.0,81051.416
002304,2026-03-19,50.76,-0.01149,37064.69,188873.954
002305,2026-03-19,2.12,-0.013953,203995.0,43359.144
002306,2026-03-19,2.17,-0.022523,132889.0,29062.204
002307,2026-03-19,4.61,-0.033542999999999996,264724.31,123503.155
002309,2026-03-19,3.46,-0.017044999999999998,1843733.44,645372.508
002310,2026-03-19,3.16,0.101045,3228324.12,967376.483
002311,2026-03-19,54.94,-0.010268,72867.2,399942.484
002312,2026-03-19,11.85,-0.040486,609269.6,731013.56
002313,2026-03-19,8.96,-0.025027,48980.87,44183.348
002314,2026-03-19,2.57,-0.030189,273889.0,71032.206
002315,2026-03-19,40.38,-0.033046,62116.5,252082.174
002316,2026-03-19,5.62,-0.032702,183551.0,104219.865
002317,2026-03-19,18.1,-0.008218999999999999,188569.88,343112.621
002318,2026-03-19,30.65,-0.040388,95364.47,295698.801
002319,2026-03-19,12.49,-0.027259000000000002,67301.11,85424.118
002320,2026-03-19,9.22,-0.027426,180599.09,167181.584
002321,2026-03-19,2.27,-0.025751,408519.56,93687.607
002322,2026-03-19,14.43,0.021231,171360.23,248300.545
002323,2026-03-19,2.73,-0.09901,5842860.44,1638775.992
002324,2026-03-19,15.44,-0.038006000000000005,235406.77,366543.142
002326,2026-03-19,22.32,-0.066109,362468.63,823266.803
002327,2026-03-19,6.92,-0.004317,43776.0,30390.039
002328,2026-03-19,6.64,-0.03207,152690.8,102400.763
002329,2026-03-19,3.83,-0.022959,194128.04,74820.738
002330,2026-03-19,4.96,-0.023622,91596.0,45770.222
002331,2026-03-19,8.51,-0.020713,73275.61,62639.002
002332,2026-03-19,9.04,-0.007684,101772.42,91959.309
002333,2026-03-19,5.63,-0.020870000000000003,82796.0,46661.202
002334,2026-03-19,8.64,-0.033557000000000003,303739.04,264692.436
002335,2026-03-19,65.5,-0.015038000000000001,396244.38,2608436.24
002337,2026-03-19,6.43,-0.044577,133722.77,86916.532
002338,2026-03-19,49.99,-0.021339,24574.0,123396.945
002339,2026-03-19,11.99,-0.041567,554965.25,673099.853
002340,2026-03-19,7.89,-0.042476,1898554.63,1507872.253
002342,2026-03-19,12.88,-0.048041,870959.85,1127584.475
002343,2026-03-19,6.52,-0.021021,67890.8,44558.91
002344,2026-03-19,4.55,-0.025696,119473.0,54900.714
002345,2026-03-19,10.22,-0.026667,223807.55,229457.855
002346,2026-03-19,19.04,-0.036925,39443.0,75763.181
002347,2026-03-19,8.59,-0.032658,115278.0,99693.947
002348,2026-03-19,7.91,-0.031824,284813.85,225759.614
002349,2026-03-19,7.53,-0.019531,101448.32,76890.868
002350,2026-03-19,13.52,-0.004418,314326.98,425157.792
002351,2026-03-19,11.31,-0.031678000000000005,65608.71,75022.142
002352,2026-03-19,36.57,-0.014817,159145.16,584724.64
002353,2026-03-19,97.99,-0.046790000000000005,190786.67,1890774.192
002354,2026-03-19,6.02,-0.021138,494240.42,299234.317
002355,2026-03-19,7.44,-0.013263,341736.31,254079.651
002356,2026-03-19,3.93,-0.02963,841684.8,335031.898
002357,2026-03-19,14.43,-0.032193,91052.0,132457.379
002358,2026-03-19,7.92,-0.046931,476893.79,380853.059
002360,2026-03-19,6.01,-0.072531,266531.0,164113.132
002361,2026-03-19,11.9,-0.037995,604241.26,722976.154
002362,2026-03-19,20.02,-0.021505,33361.9,67146.936
002363,2026-03-19,8.2,-0.033019,80859.5,66965.527
002364,2026-03-19,30.32,-0.029138999999999998,206398.95,627946.467
002365,2026-03-19,13.98,-0.021692999999999997,48390.0,67929.895
002366,2026-03-19,7.83,-0.018796999999999998,883526.73,697192.38
002367,2026-03-19,7.68,-0.041199000000000006,91196.3,70982.525
002368,2026-03-19,21.08,0.035872,203584.19,426130.54
002369,2026-03-19,7.41,-0.038911,127754.02,95689.497
002370,2026-03-19,6.33,-0.033588,134633.02,85877.554
002371,2026-03-19,461.63,-0.001773,51043.43,2352971.888
002372,2026-03-19,11.23,-0.024327,157617.26,177657.187
002373,2026-03-19,10.36,-0.019868,215069.05,223535.898
002374,2026-03-19,3.43,-0.028329,234742.0,81334.421
002375,2026-03-19,4.06,-0.024038,126948.0,51846.7
002376,2026-03-19,7.45,-0.024869,91048.07,68332.062
002377,2026-03-19,3.5,-0.014085,246425.0,87620.394
002378,2026-03-19,34.49,-0.064805,779704.41,2713493.321
002379,2026-03-19,27.54,-0.1,494210.58,1402750.551
002380,2026-03-19,35.19,-0.04035999999999999,65298.4,231824.045
002381,2026-03-19,6.77,-0.035613,76031.0,52122.389
002382,2026-03-19,7.89,-0.008794,720960.77,587517.615
002383,2026-03-19,10.06,-0.028957999999999998,155201.96,157218.964
002384,2026-03-19,111.72,0.040416999999999995,827166.47,9174257.942
002385,2026-03-19,4.13,-0.007212,1430551.75,593819.726
002386,2026-03-19,5.85,-0.045677,456208.79,271564.488
002387,2026-03-19,8.2,-0.021480000000000003,118653.0,97858.178
002388,2026-03-19,5.15,-0.017176,192796.0,100311.432
002389,2026-03-19,23.43,-0.006361,311678.87,731760.141
002390,2026-03-19,3.27,-0.023881,312837.0,103121.996
002391,2026-03-19,6.22,-0.029641,113412.0,71472.186
002392,2026-03-19,7.14,-0.039030999999999996,110231.0,79619.045
002393,2026-03-19,22.85,-0.019313,52666.19,121052.538
002394,2026-03-19,15.79,-0.005667999999999999,82571.41,129764.891
002395,2026-03-19,17.38,-0.069095,74008.79,131587.044
002396,2026-03-19,28.53,-0.027607,186327.93,536677.142
002397,2026-03-19,3.96,-0.034146,161793.0,64766.815
002398,2026-03-19,5.3,-0.032847,130372.21,69957.968
002399,2026-03-19,11.12,-0.023704999999999997,47200.2,52852.362
002400,2026-03-19,9.04,-0.020585,549353.67,498440.755
002401,2026-03-19,15.69,-0.011964999999999998,28402.81,44734.672
002402,2026-03-19,30.55,-0.025829,221683.23,681723.686
002403,2026-03-19,11.05,-0.022989000000000002,26133.03,29083.255
002404,2026-03-19,6.85,-0.029745,98062.05,67659.162
002405,2026-03-19,11.18,0.047798,2360185.49,2635288.165
002406,2026-03-19,7.58,-0.026958000000000003,117998.0,89998.73
002407,2026-03-19,25.66,-0.059729000000000004,706661.57,1835801.685
002408,2026-03-19,5.7,-0.022298,505465.67,289229.284
002409,2026-03-19,85.15,-0.06469699999999999,183428.26,1587282.123
002410,2026-03-19,12.2,-0.021652,262462.26,321327.554
002412,2026-03-19,6.76,-0.028736,91018.0,61999.98
002413,2026-03-19,13.5,-0.039828999999999996,983329.22,1341231.229
002414,2026-03-19,13.57,-0.029328,388679.64,530749.391
002415,2026-03-19,31.25,-0.028598,433231.82,1363673.588
002416,2026-03-19,13.19,-0.012725,205220.29,271198.62
002418,2026-03-19,4.56,-0.033898000000000005,584111.0,268298.031
002419,2026-03-19,5.7,-0.005235999999999999,210189.58,120247.142
002420,2026-03-19,7.68,-0.037593999999999995,120960.05,93622.623
002421,2026-03-19,2.8,-0.020979,565978.0,160355.941
002422,2026-03-19,33.48,0.004199,147019.83,493975.563
002423,2026-03-19,11.53,0.054895,689192.64,785653.787
002424,2026-03-19,4.91,-0.035363000000000006,168041.0,83473.856
002425,2026-03-19,3.4,-0.025788000000000002,113990.1,39117.612
002426,2026-03-19,4.13,-0.06349199999999999,3088212.54,1296430.15
002427,2026-03-19,7.34,-0.047990000000000005,549517.4,411947.626
002428,2026-03-19,39.51,-0.030428999999999998,345323.52,1371369.922
002429,2026-03-19,10.09,-0.039962,1296754.65,1316531.13
002430,2026-03-19,28.69,0.009145,154983.28,449525.41
002431,2026-03-19,2.72,-0.007299,383612.0,105141.386
002432,2026-03-19,65.95,0.100083,702246.6,4572463.074
002434,2026-03-19,8.1,-0.02994,173921.88,141755.923
002436,2026-03-19,22.41,-0.034052,606254.23,1364727.273
002437,2026-03-19,3.28,-0.035294,606659.0,201309.843
002438,2026-03-19,17.66,-0.021606999999999998,134599.1,240175.895
002439,2026-03-19,14.12,-0.016713,121422.14,172006.132
002440,2026-03-19,11.7,-0.057971,496773.7,587275.71
002441,2026-03-19,10.33,-0.030047,82573.86,85763.125
002442,2026-03-19,6.26,-0.044275,136325.0,86900.078
002443,2026-03-19,9.17,-0.023429000000000002,113527.02,104397.517
002444,2026-03-19,30.26,-0.039060000000000004,175862.73,536700.838
002445,2026-03-19,4.1,0.007371,6187088.25,2522409.45
002446,2026-03-19,10.13,-0.027831,237078.8,241424.65
002448,2026-03-19,14.48,-0.061568,251207.5,368709.176
002449,2026-03-19,8.72,-0.023516,215075.92,188927.252
002451,2026-03-19,10.16,-0.036053,146471.6,150455.431
002452,2026-03-19,11.2,-0.027778,300233.41,333934.877
002453,2026-03-19,5.84,-0.033113000000000004,99450.0,58674.133
002454,2026-03-19,8.52,-0.02069,61822.5,53182.458
002455,2026-03-19,13.24,-0.054286,1307739.47,1762264.411
002456,2026-03-19,9.23,-0.02328,536978.73,497148.035
002457,2026-03-19,11.54,-0.048639999999999996,164968.01,193051.786
002458,2026-03-19,9.57,0.001046,181973.81,174619.415
002459,2026-03-19,12.5,0.011327,989821.5,1242431.999
002460,2026-03-19,63.44,-0.048162,442127.38,2849957.966
002461,2026-03-19,9.74,-0.008147,80351.0,78488.191
002462,2026-03-19,14.62,-0.020107,33585.0,49405.961
002463,2026-03-19,86.33,-0.051319,1081705.63,9490715.09
002465,2026-03-19,15.48,-0.023344,636346.75,989148.33
002466,2026-03-19,48.93,-0.043402,324049.53,1602630.481
002467,2026-03-19,7.32,-0.029178000000000003,1544907.89,1139226.307
002468,2026-03-19,13.89,-0.006438,173261.37,240851.717
002469,2026-03-19,9.06,-0.044303999999999996,389843.21,360532.04
002470,2026-03-19,3.36,-0.064067,6915863.13,2433562.833
002471,2026-03-19,8.23,-0.056193,1047030.62,871711.71
002472,2026-03-19,38.47,-0.009781,114736.81,442927.696
002474,2026-03-19,8.12,-0.016949000000000002,144013.32,117391.952
002475,2026-03-19,48.04,-0.026347999999999996,918058.65,4422841.914
002476,2026-03-19,5.85,-0.028239,128959.0,76212.239
002478,2026-03-19,11.16,-0.048593000000000004,399150.71,448576.992
002479,2026-03-19,5.41,-0.007339,182222.0,99132.297
002480,2026-03-19,6.35,-0.013975,192996.0,123776.128
002481,2026-03-19,4.69,-0.022917,114359.0,54098.806
002482,2026-03-19,1.72,-0.033708,643835.0,111986.643
002483,2026-03-19,7.35,-0.050388,180905.5,135093.618
002484,2026-03-19,28.6,-0.042197,198501.41,572749.199
002485,2026-03-19,5.17,0.023762,117875.3,61177.301
002486,2026-03-19,3.0,-0.038462,263230.0,80242.715
002487,2026-03-19,70.34,-0.009714,230927.4,1641032.495
002488,2026-03-19,11.6,-0.014443999999999999,346583.15,398643.169
002489,2026-03-19,3.49,-0.02514,214561.0,75345.032
002490,2026-03-19,11.64,0.057221,1376108.18,1603656.014
002491,2026-03-19,10.35,-0.021739,1054611.52,1113126.346
002492,2026-03-19,7.86,-0.046117,86140.5,68593.868
002493,2026-03-19,11.52,-0.097179,1484289.19,1753993.763
002494,2026-03-19,5.44,-0.040564,130892.0,72538.943
002495,2026-03-19,2.72,-0.028571,189747.0,52151.021
002496,2026-03-19,2.01,-0.042857000000000006,476170.04,96510.943
002497,2026-03-19,22.11,-0.048214,411390.66,912211.471
002498,2026-03-19,8.97,-0.035484,2116680.81,1924059.198
002500,2026-03-19,5.78,-0.010274,215028.14,124388.352
002501,2026-03-19,1.93,-0.015306,637091.0,123027.158
002506,2026-03-19,5.31,-0.038043,7204264.58,3890506.468
002507,2026-03-19,12.9,-0.012251000000000001,211974.8,274402.544
002508,2026-03-19,20.57,-0.012482,32002.92,66083.51
002510,2026-03-19,7.25,-0.038462,315369.08,231531.402
002511,2026-03-19,8.68,-0.019209,164155.01,143113.933
002512,2026-03-19,4.14,-0.050459,836929.0,347880.607
002513,2026-03-19,6.61,-0.067701,190540.0,128493.338
002514,2026-03-19,4.77,-0.026531,110807.0,53248.065
002515,2026-03-19,5.91,-0.0033729999999999997,228495.44,135443.6
002516,2026-03-19,5.89,-0.024834000000000002,128581.64,76216.347
002517,2026-03-19,18.89,-0.023773,383329.75,725804.577
002518,2026-03-19,46.0,-0.048209999999999996,171208.64,798277.073
002519,2026-03-19,7.96,-0.025703999999999998,430959.66,345647.449
002520,2026-03-19,6.2,-0.056317000000000006,278982.55,175526.388
002521,2026-03-19,8.54,0.05824,254105.17,217816.055
002522,2026-03-19,5.77,-0.052545,350255.98,205009.708
002523,2026-03-19,4.18,-0.030162,281186.51,118575.677
002524,2026-03-19,4.52,-0.038298,152746.02,70006.279
002526,2026-03-19,3.56,-0.032609,430021.38,154695.471
002527,2026-03-19,14.34,-0.029113000000000003,88293.11,127575.854
002528,2026-03-19,3.35,-0.020468,238675.0,80834.068
002529,2026-03-19,7.1,-0.019337,39927.0,28601.174
002530,2026-03-19,9.37,-0.021921,120664.39,113558.344
002531,2026-03-19,11.2,-0.036145000000000004,720099.65,816713.915
002532,2026-03-19,16.21,-0.044222000000000004,898433.97,1464545.785
002533,2026-03-19,14.11,-0.044684999999999996,179907.34,257248.34
002534,2026-03-19,17.18,-0.025525000000000003,95166.81,164677.793
002535,2026-03-19,3.61,-0.026954,114225.82,41681.539
002536,2026-03-19,33.25,-0.039016999999999996,322094.18,1080161.022
002537,2026-03-19,8.48,-0.023041,705733.14,600993.596
002538,2026-03-19,7.14,-0.041611,236917.14,171331.078
002539,2026-03-19,14.08,-0.061959,332993.65,475489.062
002540,2026-03-19,6.5,-0.044118000000000004,169947.1,111672.517
002541,2026-03-19,20.99,-0.050226,85775.2,181710.481
002542,2026-03-19,3.19,-0.018462,158279.0,50667.927
002543,2026-03-19,9.53,0.028047,311621.16,298689.499
002544,2026-03-19,27.25,-0.028866999999999997,133899.42,368217.613
002545,2026-03-19,21.65,-0.090718,397050.33,881615.337
002546,2026-03-19,9.73,-0.028942000000000002,332964.0,325601.114
002547,2026-03-19,3.51,-0.019553,217793.99,76831.453
002548,2026-03-19,5.78,-0.046204999999999996,257561.83,150250.669
002549,2026-03-19,18.0,-0.0027700000000000003,254167.14,462940.325
002550,2026-03-19,7.44,-0.01847,106705.01,79914.201
002551,2026-03-19,3.7,-0.036458,128876.0,48299.4
002552,2026-03-19,17.35,-0.052430000000000004,55865.0,98593.013
002553,2026-03-19,23.44,-0.034994,70802.88,167262.991
002554,2026-03-19,3.86,0.005208000000000001,916586.17,354962.461
002555,2026-03-19,22.86,-0.037879,453384.11,1039405.495
002556,2026-03-19,6.38,-0.036254,233799.0,151273.468
002557,2026-03-19,21.75,-0.034621,67419.79,147830.091
002558,2026-03-19,32.92,-0.055380000000000006,584109.61,1927983.869
002559,2026-03-19,10.38,-0.014245,272425.77,283688.782
002560,2026-03-19,9.91,-0.035992,223718.0,223491.013
002561,2026-03-19,8.26,-0.021327,37864.0,31559.034
002562,2026-03-19,6.52,-0.045388000000000005,398763.4,262604.201
002563,2026-03-19,5.46,-0.012658,111458.62,61176.942
002564,2026-03-19,6.74,-0.013177000000000001,86075.0,58085.907
002565,2026-03-19,17.16,0.058606,3213342.53,5466364.939
002566,2026-03-19,8.16,-0.027414,41155.0,33866.463
002567,2026-03-19,4.34,-0.004587,234748.0,102314.523
002568,2026-03-19,18.1,-0.019502,39606.7,71962.907
002570,2026-03-19,5.89,0.02972,920203.63,554326.491
002571,2026-03-19,11.98,-0.018033,60345.0,72882.698
002572,2026-03-19,13.25,-0.017790999999999998,77707.35,103685.116
002573,2026-03-19,3.97,-0.017327,126179.5,50516.304
002574,2026-03-19,5.82,-0.025126,89230.0,52392.999
002575,2026-03-19,8.53,-0.01954,968384.57,837043.548
002576,2026-03-19,19.08,-0.017508,60391.0,116002.876
002577,2026-03-19,16.4,-0.022646000000000003,13908.84,22989.863
002578,2026-03-19,3.88,-0.044335000000000006,310922.06,122098.288
002579,2026-03-19,12.04,-0.030596,259433.4,314882.672
002580,2026-03-19,13.51,0.049728,389398.09,526518.609
002581,2026-03-19,7.75,-0.030038,54295.0,42526.855
002582,2026-03-19,10.88,-0.036315,151364.0,166027.719
002583,2026-03-19,10.73,-0.017399,168357.37,181846.259
002584,2026-03-19,8.08,-0.043787,200323.0,163834.498
002585,2026-03-19,7.36,-0.045396,463330.07,344522.482
002586,2026-03-19,5.03,-0.028957999999999998,123677.52,62676.466
002587,2026-03-19,7.14,-0.019231,230667.5,165302.169
002588,2026-03-19,10.38,-0.07569,433077.0,459046.247
002589,2026-03-19,3.07,-0.022292999999999997,274255.76,84786.928
002590,2026-03-19,13.27,-0.024982,56665.0,75736.212
002591,2026-03-19,7.13,-0.039084,100803.0,72615.71
002592,2026-03-19,9.7,-0.021191,29462.0,28613.985
002593,2026-03-19,5.53,-0.024691,145217.24,80684.141
002594,2026-03-19,102.31,0.006097,531059.39,5450382.395
002595,2026-03-19,86.68,-0.02836,33880.0,295704.1
002596,2026-03-19,3.9,-0.027431,326260.04,128478.756
002597,2026-03-19,22.51,-0.049006999999999995,125503.54,285329.637
002598,2026-03-19,9.45,-0.034729,49982.0,47644.304
002599,2026-03-19,7.3,-0.024064000000000002,81995.0,60340.35
002600,2026-03-19,13.85,-0.028069999999999998,677420.59,943771.193
002601,2026-03-19,18.17,-0.049686,386827.5,711086.296
002602,2026-03-19,16.65,-0.022887,899564.57,1494087.69
002603,2026-03-19,16.59,-0.020661,93449.38,155815.69
002605,2026-03-19,22.46,-0.031897,69835.0,157852.044
002606,2026-03-19,11.99,-0.042332,269976.85,326442.302
002607,2026-03-19,2.75,-0.024822999999999998,1216030.52,336268.65
002608,2026-03-19,8.29,-0.0071860000000000005,206414.0,172194.648
002609,2026-03-19,8.87,-0.014443999999999999,59141.0,52663.02
002611,2026-03-19,16.21,-0.030501999999999998,200738.2,327103.355
002612,2026-03-19,17.03,-0.032386,64007.06,110147.171
002613,2026-03-19,3.93,-0.034398,190635.6,75864.521
002614,2026-03-19,6.41,-0.031722,102313.0,66169.916
002615,2026-03-19,8.13,-0.041274,97669.5,80201.193
002616,2026-03-19,6.3,0.021070000000000002,431391.62,271818.9
002617,2026-03-19,7.99,-0.041966,873323.77,703590.546
002620,2026-03-19,6.92,-0.015647,122046.25,84451.043
002622,2026-03-19,2.78,-0.024561000000000003,185460.0,52100.535
002623,2026-03-19,23.57,-0.024420999999999998,53878.85,126940.197
002624,2026-03-19,18.56,-0.030809000000000003,463360.64,855920.062
002625,2026-03-19,42.07,-0.01889,156357.99,661051.069
002626,2026-03-19,18.46,-0.03148,64754.0,120716.352
002627,2026-03-19,8.8,-0.009009,146128.21,128967.291
002628,2026-03-19,4.98,-0.049618,286582.0,144137.787
002629,2026-03-19,6.69,-0.047008999999999995,465699.0,319147.986
002630,2026-03-19,2.21,-0.043289999999999995,363156.16,80903.942
002631,2026-03-19,7.01,-0.052703,269419.55,193089.238
002632,2026-03-19,13.66,-0.01443,229719.0,314287.487
002633,2026-03-19,18.52,-0.0268,27061.0,50759.545
002634,2026-03-19,6.51,-0.010638000000000002,73802.0,48111.382
002635,2026-03-19,14.7,-0.020653,84330.0,124248.866
002636,2026-03-19,33.6,-0.034483,513078.03,1714749.636
002637,2026-03-19,11.93,-0.082308,630490.21,762126.961
002638,2026-03-19,3.97,-0.061466,1379196.6,568095.572
002639,2026-03-19,18.06,-0.059375,553653.12,1015408.378
002640,2026-03-19,3.66,-0.013477,434799.0,160540.882
002641,2026-03-19,4.23,-0.027586,158572.35,67637.005
002642,2026-03-19,8.18,-0.015644,103749.5,85394.756
002643,2026-03-19,15.53,-0.041358,170044.3,266133.074
002644,2026-03-19,8.75,-0.022345999999999998,42816.5,37691.523
002645,2026-03-19,16.19,-0.060904999999999994,269481.56,443314.948
002646,2026-03-19,8.33,-0.014200999999999998,41351.06,34659.077
002647,2026-03-19,9.23,0.003261,128019.25,119804.058
002648,2026-03-19,26.45,0.014965,770212.18,2028705.68
002649,2026-03-19,12.32,-0.019108,87585.06,108508.885
002650,2026-03-19,6.58,-0.0030299999999999997,40889.0,26959.224
002651,2026-03-19,9.54,-0.034413,92139.0,88657.086
002652,2026-03-19,4.89,-0.059615,698416.03,348591.923
002653,2026-03-19,51.63,0.0050609999999999995,37713.45,194319.134
002654,2026-03-19,15.84,-0.044632,593336.33,946643.737
002655,2026-03-19,17.66,-0.022690000000000002,284459.37,504294.952
002656,2026-03-19,3.05,0.0032890000000000003,138023.0,42234.496
002657,2026-03-19,24.19,-0.019059,77761.5,188850.516
002658,2026-03-19,9.65,-0.029175,89048.1,86386.187
002659,2026-03-19,5.43,-0.026882000000000003,162172.0,88526.119
002660,2026-03-19,8.99,-0.029158,52816.0,47891.25
002661,2026-03-19,9.33,-0.013742,28394.35,26698.324
002662,2026-03-19,3.86,-0.022785000000000003,154192.65,59956.629
002663,2026-03-19,2.27,-0.013043,409145.95,93342.65
002664,2026-03-19,20.32,-0.038334,63427.32,129878.631
002666,2026-03-19,5.71,-0.046745,191590.0,110930.313
002667,2026-03-19,28.42,-0.100063,288865.2,863339.31
002668,2026-03-19,9.12,-0.025640999999999997,133278.34,122818.019
002669,2026-03-19,13.2,-0.056469,205783.0,274982.036
002670,2026-03-19,14.94,-0.010596000000000001,142752.92,213690.485
002671,2026-03-19,5.57,-0.044597,118401.2,67010.549
002672,2026-03-19,4.85,-0.01222,78457.0,38249.062
002673,2026-03-19,7.6,-0.010417000000000001,257356.39,195779.786
002674,2026-03-19,13.13,-0.02161,26750.0,35393.268
002675,2026-03-19,13.01,-0.012898,71642.6,93383.047
002676,2026-03-19,6.87,-0.036466,109288.14,75831.406
002677,2026-03-19,8.28,-0.027027000000000002,59388.2,49467.105
002678,2026-03-19,5.21,-0.031599,116158.81,60870.711
002679,2026-03-19,10.86,-0.031222,48450.0,53017.512
002681,2026-03-19,5.66,-0.032479,260283.69,148676.878
002682,2026-03-19,5.94,-0.024631,255507.5,153327.812
002683,2026-03-19,40.81,-0.06442,147197.68,610576.39
002685,2026-03-19,6.85,-0.047288,253225.75,176132.707
002686,2026-03-19,7.19,-0.021768999999999997,208273.0,150665.336
002687,2026-03-19,5.06,-0.030651,79291.88,40555.6
002688,2026-03-19,6.17,-0.035938,168151.0,104596.011
002689,2026-03-19,3.73,-0.02611,115788.0,43292.535
002690,2026-03-19,18.42,-0.020213000000000002,40187.6,74578.137
002691,2026-03-19,7.98,-0.030377,60782.01,48798.013
002692,2026-03-19,5.7,-0.025640999999999997,375771.63,215979.508
002693,2026-03-19,8.09,-0.014616,198774.0,161596.472
002694,2026-03-19,2.99,-0.041666999999999996,165401.0,50146.204
002695,2026-03-19,10.2,-0.019231,35767.0,36663.611
002696,2026-03-19,7.18,-0.040107,78539.0,57305.932
002697,2026-03-19,5.51,-0.021314000000000003,266997.42,147873.989
002698,2026-03-19,14.39,-0.029670000000000002,80557.0,116657.482
002700,2026-03-19,6.93,0.008733999999999999,137987.0,95949.113
002701,2026-03-19,5.21,-0.018832,269288.82,140651.695
002702,2026-03-19,5.7,-0.023973,139917.0,80499.797
002703,2026-03-19,22.97,-0.032435,422194.92,977993.234
002705,2026-03-19,13.41,-0.022595,39332.0,53147.337
002706,2026-03-19,11.17,-0.037898,448464.34,505885.53
002707,2026-03-19,6.69,-0.031838000000000005,224727.99,151885.554
002708,2026-03-19,12.45,-0.025821999999999998,72345.0,90683.877
002709,2026-03-19,41.36,-0.066998,843468.45,3548552.604
002712,2026-03-19,5.41,-0.023466,138301.05,75396.609
002713,2026-03-19,11.11,-0.008036,334438.92,380618.069
002714,2026-03-19,48.8,-0.017911,353956.92,1732381.115
002715,2026-03-19,15.45,-0.040968,28642.0,44710.904
002716,2026-03-19,12.25,-0.064885,1641223.82,2042117.564
002717,2026-03-19,1.7,-0.005848,430748.81,72958.778
002718,2026-03-19,57.76,-0.015175000000000001,17521.0,100301.952
002719,2026-03-19,9.26,-0.055102000000000005,116316.85,110195.765
002721,2026-03-19,3.0,-0.029126,382224.0,115696.19
002722,2026-03-19,14.83,-0.028178,30820.88,46041.333
002723,2026-03-19,9.59,-0.044821,139179.0,134775.569
002724,2026-03-19,7.5,-0.040921000000000006,204379.6,155540.84
002725,2026-03-19,15.79,-0.031882,76873.81,122356.088
002726,2026-03-19,3.86,0.002597,142866.0,55163.48
002727,2026-03-19,12.9,-0.021986,61649.13,79977.98
002728,2026-03-19,10.95,-0.024933,139639.59,153414.396
002729,2026-03-19,19.12,-0.070039,181766.48,356036.3
002730,2026-03-19,21.59,0.007466,285067.44,610235.349
002731,2026-03-19,7.9,0.036745,409531.94,318238.041
002732,2026-03-19,17.23,-0.021023,19603.0,33995.386
002733,2026-03-19,24.99,-0.06649200000000001,324532.16,821192.57
002734,2026-03-19,18.55,-0.09995100000000001,593930.49,1137576.808
002735,2026-03-19,15.7,-0.031462,93065.73,147037.38
002736,2026-03-19,12.25,-0.016854,607404.89,745736.253
002737,2026-03-19,12.33,-0.021429,43636.4,54174.773
002738,2026-03-19,68.81,-0.059459,276208.82,1928762.326
002739,2026-03-19,9.79,-0.021978,355786.01,350344.429
002741,2026-03-19,18.92,-0.051153000000000004,169414.01,325415.62
002742,2026-03-19,4.48,-0.021834,47628.0,21336.211
002743,2026-03-19,5.61,-0.041026,148409.0,84307.318
002745,2026-03-19,8.57,-0.011533999999999999,207353.0,177721.3
002746,2026-03-19,6.26,-0.011057999999999998,120300.07,75622.135
002747,2026-03-19,21.0,-0.032704,120703.44,255375.79
002748,2026-03-19,11.8,-0.035948,65404.0,77948.585
002749,2026-03-19,13.2,-0.023669,39824.98,52877.457
002752,2026-03-19,6.12,-0.045242000000000004,205361.0,127201.19
002753,2026-03-19,7.67,-0.025413,102948.14,80262.339
002755,2026-03-19,14.92,0.005391,88473.52,131541.1
002756,2026-03-19,58.22,-0.083005,252272.62,1491056.579
002757,2026-03-19,21.35,-0.017487,126599.56,272139.227
002758,2026-03-19,10.1,-0.033493,90415.65,92005.985
002759,2026-03-19,32.64,-0.048951,297053.77,980069.882
002760,2026-03-19,22.24,-0.035559,33944.0,76174.273
002761,2026-03-19,8.15,-0.018071999999999998,89719.0,73502.954
002762,2026-03-19,6.87,-0.02276,26687.5,18387.203
002763,2026-03-19,7.69,-0.030265,42010.8,32600.344
002765,2026-03-19,10.53,-0.032168999999999996,95791.45,101750.052
002766,2026-03-19,5.2,-0.024390000000000002,168489.02,88236.662
002767,2026-03-19,21.75,-0.029018000000000002,23947.0,52689.772
002768,2026-03-19,50.95,-0.016029,30034.2,153515.973
002769,2026-03-19,11.82,-0.00922,130881.49,155553.126
002771,2026-03-19,16.42,-0.00243,134562.84,222338.676
002772,2026-03-19,18.28,-0.0038150000000000002,111628.32,205314.472
002773,2026-03-19,26.65,-0.022376999999999998,37260.5,99943.119
002774,2026-03-19,10.8,-0.027902999999999997,51042.0,55734.287
002775,2026-03-19,4.31,-0.024887000000000003,93195.0,40580.508
002777,2026-03-19,18.38,-0.004334,65348.0,120149.568
002778,2026-03-19,20.55,-0.024217,20037.0,41442.572
002779,2026-03-19,87.61,-0.02979,17790.16,156700.434
002780,2026-03-19,14.93,-0.029259,37997.47,57296.519
002782,2026-03-19,23.56,-0.05152999999999999,111518.64,266511.539
002783,2026-03-19,9.35,-0.046890999999999995,192377.46,182115.123
002785,2026-03-19,40.54,-0.050363,74615.35,308310.114
002786,2026-03-19,7.65,-0.027954,68622.0,52827.193
002787,2026-03-19,12.25,-0.027778,69247.0,85283.942
002788,2026-03-19,13.97,-0.027836,95040.08,133427.282
002789,2026-03-19,11.57,0.0,74916.3,87496.383
002790,2026-03-19,7.97,-0.026862,32097.8,25834.763
002791,2026-03-19,21.62,-0.023487,46694.86,101348.141
002792,2026-03-19,41.08,-0.014159,272903.82,1127153.915
002793,2026-03-19,4.76,-0.020575999999999997,97916.67,47055.321
002795,2026-03-19,7.37,-0.047804,186197.8,138688.415
002796,2026-03-19,55.38,-0.028079999999999997,89981.35,505636.567
002797,2026-03-19,7.69,0.017196,2438453.08,1870712.943
002798,2026-03-19,6.21,-0.032709999999999996,66119.92,41494.255
002799,2026-03-19,8.76,-0.013514,54306.64,47450.534
002800,2026-03-19,22.75,-0.016003,56412.31,128774.842
002801,2026-03-19,33.36,-0.032763,21764.54,73339.31
002802,2026-03-19,13.04,-0.046784,50871.1,66781.425
002803,2026-03-19,17.83,-0.028338000000000002,58851.74,105374.287
002805,2026-03-19,16.45,-0.036885,138183.1,230306.842
002806,2026-03-19,14.65,-0.04498,85688.08,126324.199
002807,2026-03-19,4.6,-0.010752999999999999,364366.2,169144.066
002808,2026-03-19,4.64,0.022026,95561.4,44919.378
002809,2026-03-19,12.08,-0.048819,236464.96,291550.523
002810,2026-03-19,19.4,0.021053000000000002,158419.87,305674.263
002811,2026-03-19,13.8,-0.048932,87505.6,122526.526
002812,2026-03-19,64.66,-0.060038,389869.85,2552352.97
002813,2026-03-19,25.72,-0.026863,11079.0,28745.828
002815,2026-03-19,15.61,-0.029832,487523.83,762446.487
002816,2026-03-19,23.36,-0.027881999999999997,17450.0,41100.473
002817,2026-03-19,8.15,-0.03436,64509.2,52972.835
002818,2026-03-19,11.88,-0.009174,33447.0,39852.936
002819,2026-03-19,26.33,-0.026977,26294.75,69903.58
002820,2026-03-19,11.21,-0.031952,48624.2,55209.33
002821,2026-03-19,96.06,-0.034185,27760.6,269387.905
002822,2026-03-19,3.29,-0.020833,87014.0,28851.19
002823,2026-03-19,15.62,-0.02375,61812.87,97199.658
002824,2026-03-19,19.06,-0.034937,124663.07,240916.421
002825,2026-03-19,10.66,-0.022915,43228.48,46516.038
002826,2026-03-19,20.19,-0.048091,77643.74,158466.772
002827,2026-03-19,33.4,-0.03524,32043.0,108548.765
002828,2026-03-19,13.35,0.010598000000000002,376760.32,504347.781
002829,2026-03-19,24.2,-0.025764999999999996,36164.6,87998.117
002830,2026-03-19,21.95,-0.033464999999999995,23152.0,51372.724
002831,2026-03-19,35.45,-0.069065,233384.53,845323.181
002832,2026-03-19,16.89,-0.012858000000000001,75157.99,127409.827
002833,2026-03-19,17.65,-0.044396000000000005,37213.4,66597.719
002835,2026-03-19,16.53,-0.021314000000000003,22194.0,37013.799
002836,2026-03-19,13.97,-0.043151,32171.76,45453.902
002837,2026-03-19,104.07,-0.024466,363877.8,3802381.17
002838,2026-03-19,25.52,-0.044553,42218.83,108906.057
002839,2026-03-19,4.58,-0.008658,214111.52,98910.824
002840,2026-03-19,10.49,0.014507,498878.41,530629.213
002841,2026-03-19,34.69,-0.018115000000000003,29226.69,101633.997
002842,2026-03-19,32.39,-0.054858000000000004,288778.44,944633.747
002843,2026-03-19,23.48,-0.005506,245107.57,583735.075
002845,2026-03-19,14.99,-0.024089,64160.37,96784.708
002846,2026-03-19,14.3,-0.030508,55584.49,80213.44
002847,2026-03-19,58.72,-0.027815,17855.8,105571.068
002848,2026-03-19,12.72,-0.049326999999999996,65780.0,84882.46
002849,2026-03-19,16.89,-0.026513,61956.62,105661.025
002850,2026-03-19,149.5,-0.034362,50048.72,753670.392
002851,2026-03-19,104.06,-0.053827999999999994,172575.25,1817169.125
002852,2026-03-19,10.84,-0.09741899999999999,259429.64,287846.435
002853,2026-03-19,25.96,-0.034226,24232.0,63381.373
002855,2026-03-19,12.07,-0.030522,31897.0,38860.965
002856,2026-03-19,11.88,-0.014924999999999999,300182.21,356888.885
002857,2026-03-19,23.53,-0.048909,103651.85,246082.127
002858,2026-03-19,15.03,-0.028442,42672.0,64651.983
002859,2026-03-19,40.75,-0.086528,154810.35,639887.594
002860,2026-03-19,12.9,-0.019011,54469.35,70529.013
002861,2026-03-19,17.19,-0.038053,52223.0,90279.363
002862,2026-03-19,16.62,-0.026362,29856.2,49840.411
002863,2026-03-19,5.62,-0.032702,118282.2,67027.434
002864,2026-03-19,33.74,-0.015465,31168.0,105933.706
002865,2026-03-19,82.92,-0.031874,104600.46,870109.013
002866,2026-03-19,20.15,-0.023267000000000003,78330.0,158781.27
002867,2026-03-19,12.02,-0.013946,54673.25,66163.919
002868,2026-03-19,39.12,-0.029039000000000002,12008.0,47406.251
002869,2026-03-19,23.68,-0.004624,61002.56,144172.976
002870,2026-03-19,37.65,-0.019531,17921.0,67813.862
002871,2026-03-19,18.06,-0.036286,17562.31,32066.565
002872,2026-03-19,5.22,-0.020638,29444.5,15443.67
002873,2026-03-19,10.13,-0.033397,44160.08,45280.665
002875,2026-03-19,19.58,-0.009109,62853.73,122361.759
002876,2026-03-19,27.12,-0.006229,54529.82,148255.441
002877,2026-03-19,9.33,-0.03516,155914.04,146989.303
002878,2026-03-19,17.01,-0.006424999999999999,64716.0,110379.763
002879,2026-03-19,21.14,-0.036463,68313.4,146116.073
002880,2026-03-19,29.06,-0.007514,22759.01,65828.85
002881,2026-03-19,42.39,-0.036372,46829.45,199986.777
002882,2026-03-19,28.68,-0.031735,38909.0,112575.661
002883,2026-03-19,9.89,-0.029441000000000002,39808.0,39751.28
002884,2026-03-19,18.69,-0.015279000000000001,54819.0,102908.473
002885,2026-03-19,26.16,-0.048381,153219.04,405923.184
002886,2026-03-19,22.35,-0.056563999999999996,80172.38,181851.936
002887,2026-03-19,11.18,-0.023580999999999998,45965.95,51788.0
002888,2026-03-19,19.52,-0.032226,22509.2,44353.198
002889,2026-03-19,14.06,-0.016783,18108.83,25512.474
002890,2026-03-19,15.67,-0.03152,13801.12,21855.04
002891,2026-03-19,38.36,-0.052137,100598.61,391135.704
002892,2026-03-19,11.58,-0.021133000000000002,64471.72,75229.465
002893,2026-03-19,12.0,0.040763,290868.1,344174.691
002895,2026-03-19,36.78,-0.044427,162632.63,602411.916
002896,2026-03-19,72.2,-0.035662,32665.7,237991.143
002897,2026-03-19,65.0,-0.024902,127673.72,837988.605
002898,2026-03-19,11.55,-0.017020999999999998,8150.3,9535.265
002899,2026-03-19,31.54,-0.031921,29760.0,95000.398
002900,2026-03-19,11.72,-0.028998,26367.0,31154.331
002901,2026-03-19,43.21,-0.024605000000000002,15691.0,68232.207
002902,2026-03-19,23.96,0.100092,396678.33,913343.902
002903,2026-03-19,28.16,-0.062583,161199.06,460753.105
002905,2026-03-19,10.24,-0.001949,67302.0,68890.961
002906,2026-03-19,28.94,-0.023946000000000002,85134.99,246874.159
002907,2026-03-19,13.83,-0.023305,21083.0,29336.714
002908,2026-03-19,9.57,-0.019467,50973.2,49106.665
002909,2026-03-19,6.89,-0.039051999999999996,102251.76,71418.93
002910,2026-03-19,11.28,-0.03259,47387.0,54072.11
002911,2026-03-19,14.75,-0.000678,113570.13,167745.483
002912,2026-03-19,29.01,-0.020594,29698.17,86953.033
002913,2026-03-19,49.38,-0.030244,105696.0,528558.101
002915,2026-03-19,20.34,-0.043274,60604.63,124749.267
002916,2026-03-19,249.99,-0.056392,113599.06,2851474.833
002917,2026-03-19,13.3,-0.029905,40776.71,54720.382
002918,2026-03-19,12.72,-0.034901,43617.3,55979.249
002919,2026-03-19,20.86,-0.06666699999999999,88620.59,188082.63
002920,2026-03-19,113.75,-0.014724999999999999,46805.99,534688.959
002921,2026-03-19,25.1,-0.063433,57445.44,145748.632
002922,2026-03-19,36.81,-0.040657,150620.34,559286.861
002923,2026-03-19,15.69,-0.013828,45535.91,71378.851
002925,2026-03-19,20.97,-0.030961,75274.0,158574.637
002926,2026-03-19,8.66,-0.008017999999999999,155770.0,134976.968
002927,2026-03-19,19.11,-0.044500000000000005,57193.21,110437.234
002928,2026-03-19,8.55,-0.05837,329479.41,285781.364
002929,2026-03-19,51.86,0.009735,218789.6,1147825.467
002930,2026-03-19,13.47,-0.002222,98896.15,133280.013
002931,2026-03-19,68.3,-0.046089000000000005,132412.85,915292.127
002932,2026-03-19,18.6,-0.027197,41086.54,77405.889
002933,2026-03-19,33.5,-0.03011,23659.0,79753.273
002935,2026-03-19,18.73,-0.027517999999999997,44731.51,84391.392
002936,2026-03-19,1.91,-0.010363,1004135.48,193037.826
002937,2026-03-19,25.54,-0.016558,42765.06,108734.617
002938,2026-03-19,53.25,-0.030055000000000002,281191.14,1504847.906
002939,2026-03-19,9.23,-0.012834000000000002,195477.98,181138.3
002940,2026-03-19,29.81,-0.022942999999999998,30315.0,90914.295
002941,2026-03-19,15.14,-0.035054,159707.41,242870.736
002942,2026-03-19,19.74,-0.036603,24050.0,47885.772
002943,2026-03-19,50.39,-0.046186,58315.09,296665.73
002945,2026-03-19,16.2,-0.011592,121876.25,197382.686
002946,2026-03-19,17.93,-0.013751,49206.68,88249.171
002947,2026-03-19,49.12,-0.00264,84438.89,414480.904
002948,2026-03-19,5.14,-0.013435999999999998,375956.1,194120.407
002949,2026-03-19,14.33,-0.019836,26552.0,38291.076
002950,2026-03-19,12.04,0.010067,302911.88,364480.898
002951,2026-03-19,15.84,0.019305000000000003,173707.0,278876.095
002952,2026-03-19,26.38,0.030469,139835.94,368403.423
002953,2026-03-19,12.75,-0.024484,126139.58,162872.207
002955,2026-03-19,25.32,-0.013635,18432.93,46904.827
002956,2026-03-19,26.46,-0.035011,17342.8,46642.816
002957,2026-03-19,25.69,-0.023194,106098.21,274902.089
002958,2026-03-19,3.13,-0.0063490000000000005,633651.32,199545.547
002959,2026-03-19,45.45,-0.006774,27391.65,125015.417
002960,2026-03-19,11.27,-0.006173,138350.67,155817.198
002961,2026-03-19,26.69,0.019481,182854.02,483025.273
002962,2026-03-19,15.18,-0.018746,43364.0,66164.346
002963,2026-03-19,15.2,-0.025015999999999997,31401.0,48035.637
002965,2026-03-19,30.73,-0.029987,59192.44,182366.913
002966,2026-03-19,8.22,-0.004843,239344.62,197913.583
002967,2026-03-19,21.57,-0.013266,43874.0,94755.69
002968,2026-03-19,12.13,-0.028822999999999998,29184.4,35812.291
002969,2026-03-19,27.63,0.023333,866215.61,2341091.997
002970,2026-03-19,68.57,-0.034769,26641.97,183265.833
002971,2026-03-19,29.5,-0.017322,42385.61,126582.387
002972,2026-03-19,11.98,-0.02996,21672.8,26243.322
002973,2026-03-19,13.64,-0.023622,29845.0,41015.777
002975,2026-03-19,72.53,-0.019865,33166.62,243209.919
002976,2026-03-19,26.41,-0.024742,15969.0,42434.128
002977,2026-03-19,28.41,-0.031037,19751.78,56550.24
002978,2026-03-19,33.98,-0.044432,57289.9,196704.823
002979,2026-03-19,36.7,-0.024714,31403.3,115962.222
002980,2026-03-19,39.05,0.021449,200502.53,762874.794
002981,2026-03-19,24.35,-0.03793,25050.36,61628.366
002982,2026-03-19,14.49,-0.021606999999999998,44058.2,64370.109
002983,2026-03-19,24.46,-0.033965,32399.6,79914.469
002984,2026-03-19,18.4,-0.035134,126915.51,235138.475
002985,2026-03-19,36.62,-0.035554,84634.84,311900.593
002986,2026-03-19,15.16,-0.011734,127245.84,194385.844
002987,2026-03-19,17.5,-0.012972,87977.45,154347.688
002988,2026-03-19,31.77,-0.058667,38925.68,125828.136
002989,2026-03-19,28.61,-0.008662999999999999,30645.88,88334.287
002990,2026-03-19,28.65,-0.000698,52317.97,149277.757
002991,2026-03-19,52.4,-0.017807,3791.88,20005.272
002992,2026-03-19,53.6,-0.033712,20329.3,109740.125
002993,2026-03-19,49.4,-0.036849,77535.6,388915.877
002995,2026-03-19,26.69,0.021821999999999998,330700.96,878559.555
002996,2026-03-19,7.23,-0.049934000000000006,188835.0,137915.944
002997,2026-03-19,32.03,-0.028216,17873.38,57641.363
002998,2026-03-19,8.28,-0.036088,75607.12,63333.016
002999,2026-03-19,7.38,-0.031495999999999996,119185.8,89297.29
003000,2026-03-19,10.41,-0.020696,26414.0,27706.869
003001,2026-03-19,18.41,-0.023860000000000003,15431.18,28621.25
003002,2026-03-19,25.8,-0.037313,26415.71,68640.787
003003,2026-03-19,13.39,-0.049006,56514.9,76636.043
003004,2026-03-19,30.6,-0.039849,7221.0,22448.925
003005,2026-03-19,19.81,-0.019307,37102.84,73913.069
003006,2026-03-19,17.76,-0.039481,45809.48,81988.545
003007,2026-03-19,44.23,-0.025771000000000002,30766.59,136851.117
003008,2026-03-19,23.62,-0.027183000000000002,19620.1,46674.088
003009,2026-03-19,60.12,-0.024184,29751.03,179822.394
003010,2026-03-19,30.32,-0.027582,85238.73,258241.013
003011,2026-03-19,24.4,-0.039369999999999995,21925.4,53954.856
003012,2026-03-19,6.62,-0.016345000000000002,69881.75,46528.13
003013,2026-03-19,14.01,-0.021648,24440.0,34524.008
003015,2026-03-19,16.48,-0.020796000000000002,56255.0,93455.964
003016,2026-03-19,8.18,-0.027347999999999997,36788.0,30276.942
003017,2026-03-19,31.63,-0.028264,22806.0,72897.567
003018,2026-03-19,26.32,-0.034837,147687.0,389504.341
003019,2026-03-19,31.58,-0.004727,34737.64,110285.996
003020,2026-03-19,24.27,-0.020186000000000003,15943.14,39311.645
003021,2026-03-19,103.66,-0.042667000000000004,37389.8,390678.948
003022,2026-03-19,19.53,-0.009635,135857.12,267784.049
003023,2026-03-19,22.75,-0.032738,39444.0,90769.247
003025,2026-03-19,15.16,-0.002632,52026.58,78792.487
003026,2026-03-19,34.34,-0.018296,36209.0,124935.561
003027,2026-03-19,21.16,-0.032465,55794.5,119467.093
003028,2026-03-19,29.13,-0.021168999999999997,10719.0,31390.586
003029,2026-03-19,23.34,-0.013108,24510.0,57427.326
003030,2026-03-19,19.88,-0.029771000000000002,24468.1,49303.419
003031,2026-03-19,75.98,-0.025897,65848.14,503108.621
003032,2026-03-19,6.56,-0.029586,47880.0,31639.143
003033,2026-03-19,57.67,-0.025186,9789.0,56741.167
003035,2026-03-19,8.51,0.002356,1253199.45,1070289.842
003036,2026-03-19,20.45,0.040712,149436.1,308925.259
003037,2026-03-19,7.27,-0.025469,41197.0,30193.852
003038,2026-03-19,15.1,-0.044303999999999996,59629.63,90978.901
003039,2026-03-19,16.16,-0.031756,74579.55,121556.982
003040,2026-03-19,16.9,-0.015725,53963.43,91799.704
003041,2026-03-19,55.5,-0.05079500000000001,49918.24,278327.74
003042,2026-03-19,17.13,-0.038721,50301.5,87109.361
003043,2026-03-19,47.72,-0.025127999999999998,15896.3,76305.419
003816,2026-03-19,4.13,-0.004819,1580025.27,655826.52
300001,2026-03-19,28.87,-0.038948,295992.05,860970.83
300002,2026-03-19,10.25,-0.014422999999999998,325779.56,334422.788
300003,2026-03-19,17.3,-0.047881,362821.32,637779.755
300004,2026-03-19,13.16,0.010752999999999999,478579.13,644559.667
300005,2026-03-19,13.24,-0.039884,250095.94,333594.063
300006,2026-03-19,4.79,-0.034274,263387.0,127063.086
300007,2026-03-19,45.23,-0.036635,86047.34,392624.988
300008,2026-03-19,8.0,-0.034982,809192.89,651763.843
300009,2026-03-19,9.45,-0.021739,125287.95,119050.544
300010,2026-03-19,6.45,-0.030074999999999998,328822.17,213437.862
300011,2026-03-19,8.33,-0.03252,99838.0,84078.547
300012,2026-03-19,15.27,-0.014839,197749.0,302782.304
300013,2026-03-19,3.97,-0.02934,186440.0,74947.41
300014,2026-03-19,67.06,-0.006666,569532.46,3865937.357
300015,2026-03-19,10.11,-0.009794,428591.93,433684.575
300016,2026-03-19,10.32,-0.045328,343958.26,359154.519
300017,2026-03-19,18.63,0.009209,3031573.14,5660253.968
300018,2026-03-19,12.83,-0.036787,127592.57,165734.801
300019,2026-03-19,20.12,-0.055399000000000004,144979.33,295850.779
300020,2026-03-19,4.43,-0.028509000000000003,146378.52,65144.438
300021,2026-03-19,4.54,-0.027837,189017.02,86525.647
300022,2026-03-19,8.45,-0.015152,165413.5,140390.974
300024,2026-03-19,16.13,-0.022424,142278.37,230025.399
300025,2026-03-19,5.83,-0.021812,81510.65,47767.932
300026,2026-03-19,3.5,-0.022345999999999998,408572.0,144020.051
300027,2026-03-19,1.59,-0.036364,814069.62,131359.071
300029,2026-03-19,4.85,-0.014228000000000001,27968.0,13714.132
300030,2026-03-19,8.28,-0.025882000000000002,71793.74,60175.038
300031,2026-03-19,20.91,-0.01088,79056.8,165276.287
300032,2026-03-19,5.86,-0.033003,590105.0,348983.089
300033,2026-03-19,322.33,0.0045190000000000004,85799.87,2754397.38
300034,2026-03-19,19.38,-0.023677999999999998,163076.39,315748.652
300035,2026-03-19,21.16,-0.022181000000000003,423430.0,895505.361
300036,2026-03-19,16.83,-0.014637,77825.84,131249.162
300037,2026-03-19,54.4,-0.029265,156257.32,856744.986
300039,2026-03-19,6.13,-0.026983999999999998,208622.0,129001.183
300040,2026-03-19,7.91,0.012804,947484.62,752268.846
300041,2026-03-19,10.77,-0.043517,180971.91,197401.386
300042,2026-03-19,56.27,-0.078749,503710.77,2884464.197
300043,2026-03-19,5.78,-0.028571,278864.0,161966.884
300044,2026-03-19,7.95,-0.002509,336100.74,270952.334
300045,2026-03-19,23.4,-0.021330000000000002,142395.07,334731.635
300046,2026-03-19,33.7,-0.037967,71517.69,243619.722
300047,2026-03-19,13.01,-0.009139000000000001,155756.66,202690.954
300048,2026-03-19,7.76,0.0,359846.62,280871.31
300049,2026-03-19,52.45,-0.025817,40950.58,216482.505
300050,2026-03-19,6.56,-0.004552,696714.73,462001.313
300051,2026-03-19,10.72,-0.012891,351706.0,380475.361
300052,2026-03-19,13.07,-0.026080000000000002,59134.0,77983.41
300053,2026-03-19,18.97,0.034915,725950.81,1385924.619
300054,2026-03-19,45.95,-0.030591,178497.09,823864.388
300055,2026-03-19,9.9,-0.021739,197127.15,195878.603
300056,2026-03-19,9.1,-0.036017,147574.06,135074.965
300057,2026-03-19,6.01,-0.029079,320839.24,195075.206
300058,2026-03-19,14.97,-0.032946,2058232.72,3095143.712
300059,2026-03-19,21.33,-0.008368,2174638.22,4646582.554
300061,2026-03-19,9.03,-0.018478,75596.6,68686.672
300062,2026-03-19,8.55,-0.028409,203823.74,176063.349
300063,2026-03-19,11.93,-0.025327000000000002,321571.73,385799.902
300065,2026-03-19,24.63,-0.026867000000000002,473283.89,1165489.6
300066,2026-03-19,6.7,-0.038737,280884.89,189536.562
300067,2026-03-19,4.8,-0.014374,529540.58,258845.65
300068,2026-03-19,15.46,-0.007702,322969.63,502440.787
300069,2026-03-19,18.33,-0.035263,28786.0,53578.049
300070,2026-03-19,4.05,-0.01699,376430.0,153394.133
300071,2026-03-19,5.22,-0.024299,296999.0,156238.883
300072,2026-03-19,5.78,-0.011966000000000001,1727727.91,1021132.846
300073,2026-03-19,52.14,-0.021947,103571.35,544803.603
300074,2026-03-19,4.6,-0.025424000000000002,111259.0,51655.451
300075,2026-03-19,13.93,0.011618999999999999,145540.28,202333.537
300076,2026-03-19,7.35,-0.037958,147421.56,109182.387
300077,2026-03-19,22.73,-0.035639,327020.03,744459.72
300078,2026-03-19,4.26,-0.025172,222385.82,95293.93
300079,2026-03-19,5.83,-0.005119,330227.76,192440.272
300080,2026-03-19,5.89,-0.060606,1139828.92,675341.267
300081,2026-03-19,5.1,-0.026718000000000002,137359.07,70470.231
300082,2026-03-19,9.8,-0.036382,188579.15,188147.826
300083,2026-03-19,8.03,-0.034856,371724.18,299876.134
300084,2026-03-19,11.42,-0.008681,633375.26,740695.779
300085,2026-03-19,44.74,0.024971,586145.58,2629384.088
300086,2026-03-19,8.43,-0.027682000000000002,154952.0,131740.843
300087,2026-03-19,8.54,-0.011574,145149.52,124442.207
300088,2026-03-19,6.64,-0.005988,765255.89,508282.726
300091,2026-03-19,3.0,-0.019608,186008.55,56303.362
300092,2026-03-19,16.16,-0.031175,74929.56,122333.256
300093,2026-03-19,19.02,-0.032061,62402.54,123185.246
300094,2026-03-19,3.37,-0.031609,452743.0,154221.863
300095,2026-03-19,9.99,-0.032914,89721.0,90651.011
300096,2026-03-19,8.88,0.036173000000000004,119119.0,105039.635
300097,2026-03-19,8.22,0.002439,80873.0,66484.348
300098,2026-03-19,5.65,-0.013962,364373.41,206067.799
300099,2026-03-19,9.41,-0.026886999999999998,216489.91,205514.482
300100,2026-03-19,30.65,-0.026057,71774.09,220939.161
300101,2026-03-19,22.01,-0.032527,158061.94,350643.249
300102,2026-03-19,32.2,-0.017993,371980.28,1198761.467
300103,2026-03-19,7.46,-0.037419,61141.0,46209.221
300105,2026-03-19,7.57,-0.015605,96275.06,73368.366
300106,2026-03-19,10.42,-0.031599,54623.6,57665.814
300107,2026-03-19,7.63,-0.042660000000000003,148655.81,114942.725
300109,2026-03-19,18.28,0.007718,108482.88,197741.935
300110,2026-03-19,3.18,-0.027523,185648.0,59670.637
300111,2026-03-19,4.11,-0.026066,262567.0,108660.656
300112,2026-03-19,8.48,-0.029748,61958.0,53091.363
300113,2026-03-19,29.09,0.001722,793656.19,2307228.683
300115,2026-03-19,32.5,-0.041014999999999996,362175.39,1186040.333
300118,2026-03-19,17.77,-0.052267,575381.92,1037802.917
300119,2026-03-19,18.92,-0.033214,48763.24,93266.617
300120,2026-03-19,8.43,-0.014034999999999999,104107.55,87954.12
300121,2026-03-19,13.22,-0.034332,208945.89,281842.688
300122,2026-03-19,15.9,-0.017911999999999997,143888.08,229686.751
300123,2026-03-19,6.81,-0.036775,269503.24,185269.28
300124,2026-03-19,69.23,-0.011000000000000001,216801.22,1508186.505
300125,2026-03-19,8.35,-0.005952,53963.05,45393.336
300126,2026-03-19,8.31,-0.040416,46120.64,38855.109
300127,2026-03-19,31.28,-0.032478,42309.39,132829.329
300128,2026-03-19,6.35,-0.033485999999999995,221394.63,141497.859
300129,2026-03-19,14.01,-0.02573,603439.23,854742.426
300130,2026-03-19,24.38,-0.02558,107209.65,263590.63
300131,2026-03-19,13.5,-0.030869,312588.4,424571.16
300132,2026-03-19,8.89,-0.033696000000000004,160291.0,143532.918
300133,2026-03-19,7.77,0.0,511485.94,399496.116
300134,2026-03-19,10.86,-0.018083000000000002,92662.35,100944.448
300135,2026-03-19,4.34,-0.004587,763406.8,338596.513
300136,2026-03-19,64.33,-0.028687999999999998,457257.82,2961144.346
300137,2026-03-19,12.96,-0.030666000000000002,154837.4,202749.587
300138,2026-03-19,13.43,-0.040029,90920.0,123271.201
300139,2026-03-19,58.66,-0.052189,277054.51,1640495.288
300140,2026-03-19,7.49,-0.034794,540918.56,408938.945
300141,2026-03-19,13.64,-0.03331,60449.0,83140.834
300142,2026-03-19,12.39,0.008958,1010846.04,1283659.217
300143,2026-03-19,12.55,-0.008689,287931.53,364230.739
300144,2026-03-19,7.95,-0.011193999999999999,228814.0,182307.446
300145,2026-03-19,5.06,-0.030651,678402.01,345610.245
300146,2026-03-19,11.58,-0.004299,116672.0,135644.13
300147,2026-03-19,9.4,0.009667,96573.81,91774.476
300148,2026-03-19,4.53,-0.021598000000000003,220352.94,100508.557
300149,2026-03-19,9.92,-0.030303,82295.0,82312.931
300150,2026-03-19,5.67,-0.027444000000000003,101238.0,57842.635
300151,2026-03-19,17.18,-0.021082999999999998,97985.51,169504.734
300152,2026-03-19,2.41,-0.036000000000000004,259441.0,63145.872
300153,2026-03-19,30.9,-0.049523000000000005,157370.31,493050.76
300154,2026-03-19,8.56,-0.026166000000000002,41982.68,36105.546
300155,2026-03-19,5.1,-0.030417999999999997,94092.0,48619.027
300157,2026-03-19,7.68,0.053498000000000004,1767107.04,1348461.779
300158,2026-03-19,5.87,-0.024916999999999998,192694.1,113893.519
300159,2026-03-19,2.99,-0.019672000000000002,213454.0,64361.263
300160,2026-03-19,5.92,-0.011686,161667.0,96406.48
300161,2026-03-19,29.94,-0.022846,34552.57,103830.171
300162,2026-03-19,9.32,-0.013756999999999998,346133.98,323714.126
300163,2026-03-19,4.81,-0.020367000000000003,171496.0,82861.239
300164,2026-03-19,20.45,0.087188,2225299.88,4496290.197
300165,2026-03-19,5.53,-0.003604,89208.0,49349.117
300166,2026-03-19,16.36,0.045367,3117037.89,5089371.481
300167,2026-03-19,6.01,-0.021173,117374.0,71860.209
300168,2026-03-19,5.9,-0.013378000000000001,166311.42,98388.679
300169,2026-03-19,6.6,-0.017857,88670.0,59261.192
300170,2026-03-19,22.49,-0.025141,638296.07,1435936.34
300171,2026-03-19,15.08,-0.066254,150603.24,230881.38
300172,2026-03-19,5.94,-0.013289,226200.75,134998.854
300173,2026-03-19,4.53,-0.019481,111606.0,50752.122
300174,2026-03-19,16.92,-0.0017699999999999999,77197.22,130913.697
300175,2026-03-19,6.32,-0.024691,35337.0,22511.799
300176,2026-03-19,7.39,-0.02635,114184.0,85128.934
300177,2026-03-19,9.06,-0.027896999999999998,96318.0,88017.601
300179,2026-03-19,21.41,-0.050975,310783.57,670694.654
300180,2026-03-19,6.66,-0.011869000000000001,478349.99,320620.618
300181,2026-03-19,15.87,-0.029358,103784.0,166241.14
300182,2026-03-19,6.14,-0.019169000000000002,1032855.99,635741.214
300183,2026-03-19,15.72,-0.018727,51124.0,80759.42
300184,2026-03-19,11.57,-0.006014,1071008.89,1238080.564
300185,2026-03-19,3.87,-0.022727,4794931.68,1870343.625
300187,2026-03-19,5.44,-0.010909,103804.0,56748.096
300188,2026-03-19,13.55,-0.0051400000000000005,153359.33,208198.783
300189,2026-03-19,7.71,-0.011538,1254265.26,973022.045
300190,2026-03-19,4.47,-0.019737,441357.33,198910.267
300191,2026-03-19,42.45,0.053873,426342.48,1803628.13
300192,2026-03-19,18.98,-0.013001,65815.0,125977.082
300193,2026-03-19,9.05,-0.037233999999999996,102748.9,93986.786
300194,2026-03-19,4.15,-0.023529,155000.0,64870.861
300195,2026-03-19,8.25,-0.035088,88182.0,73398.365
300196,2026-03-19,17.63,-0.041848,111350.0,198096.472
300197,2026-03-19,1.84,-0.026455000000000003,703183.08,130434.848
300198,2026-03-19,2.71,-0.035587,303326.4,82195.423
300199,2026-03-19,18.96,0.023206,493219.38,929261.801
300200,2026-03-19,10.99,-0.026572,103649.9,114405.531
300201,2026-03-19,11.75,-0.008439,551873.82,644979.871
300203,2026-03-19,14.05,-0.020223,48832.33,68668.545
300204,2026-03-19,24.87,-0.01816,76093.38,189626.114
300205,2026-03-19,5.45,0.014898,51218.0,27803.76
300206,2026-03-19,14.68,-0.036745,129417.49,191824.94
300207,2026-03-19,26.62,0.025029,831114.91,2197311.182
300209,2026-03-19,11.01,0.0,780054.31,864077.933
300210,2026-03-19,8.96,-0.012128000000000002,84718.6,76584.403
300211,2026-03-19,8.23,-0.024882,31674.06,26329.539
300212,2026-03-19,12.24,0.094812,690581.16,831963.197
300213,2026-03-19,8.38,-0.02331,98264.0,82811.475
300214,2026-03-19,7.5,-0.038462,185269.0,141832.532
300215,2026-03-19,8.76,-0.021229,317283.67,274863.595
300217,2026-03-19,5.37,-0.020072999999999997,399963.94,216064.535
300218,2026-03-19,15.6,-0.036442,44519.0,70142.075
300219,2026-03-19,8.04,-0.014705999999999999,254420.82,205100.238
300220,2026-03-19,14.56,-0.035123,24444.0,35964.007
300221,2026-03-19,10.22,-0.042173999999999996,184133.35,189952.547
300222,2026-03-19,11.74,-0.038493,220959.65,261920.067
300223,2026-03-19,121.92,-0.066677,412166.82,5080487.692
300224,2026-03-19,15.06,-0.055207,302617.4,460774.802
300225,2026-03-19,5.56,-0.031359,88417.2,49661.994
300226,2026-03-19,27.82,0.0039700000000000004,229337.93,638549.657
300227,2026-03-19,11.95,-0.040160999999999995,195049.32,235462.761
300228,2026-03-19,9.95,-0.018737999999999998,377529.72,382037.637
300229,2026-03-19,19.64,-0.013561,188463.63,369477.398
300230,2026-03-19,5.02,-0.036468,153383.0,77828.694
300231,2026-03-19,12.26,0.023372,618428.19,750736.94
300232,2026-03-19,7.99,-0.002497,525806.52,419937.599
300233,2026-03-19,14.5,-0.032043,52923.31,77483.955
300234,2026-03-19,6.17,-0.022187000000000002,211798.54,131678.567
300235,2026-03-19,12.95,-0.004612,78088.0,101595.864
300236,2026-03-19,77.98,-0.031184,73202.24,573370.147
300237,2026-03-19,2.38,-0.020575999999999997,219679.0,52438.384
300238,2026-03-19,16.01,-0.037282,94789.0,153482.097
300239,2026-03-19,5.72,-0.028862000000000002,67210.41,38883.972
300240,2026-03-19,7.32,-0.031745999999999996,71143.0,52517.292
300241,2026-03-19,7.2,0.004184,685406.96,489239.318
300242,2026-03-19,5.07,-0.028736,173575.0,88497.231
300243,2026-03-19,14.0,-0.072233,430833.13,622644.952
300244,2026-03-19,19.18,-0.034726,158726.48,307089.119
300245,2026-03-19,12.2,-0.013743,49160.52,60225.623
300246,2026-03-19,14.45,-0.046834,206959.5,305453.274
300247,2026-03-19,4.61,-0.035565,138351.65,64590.046
300248,2026-03-19,11.69,-0.021757,57091.9,67103.054
300249,2026-03-19,18.4,-0.02697,480723.16,895331.155
300250,2026-03-19,22.23,-0.022427000000000002,49370.0,110180.453
300251,2026-03-19,16.0,-0.024390000000000002,581968.93,934787.093
300252,2026-03-19,13.64,-0.034678,197507.72,270668.773
300253,2026-03-19,9.02,-0.018498,415735.96,376375.764
300254,2026-03-19,11.69,-0.035479,92097.8,108093.462
300255,2026-03-19,38.44,-0.0031119999999999997,239692.04,928958.982
300256,2026-03-19,3.65,-0.021448000000000002,213413.0,78577.922
300257,2026-03-19,31.95,0.000313,181187.0,582363.117
300258,2026-03-19,13.2,-0.04,164110.31,218789.673
300259,2026-03-19,4.87,-0.035644,288861.0,141835.702
300260,2026-03-19,49.2,-0.027090999999999997,74378.73,367800.361
300261,2026-03-19,6.91,-0.025388,217963.28,152151.527
300263,2026-03-19,10.3,-0.035581,323989.88,335545.977
300264,2026-03-19,10.37,-0.011439,417382.8,436760.155
300265,2026-03-19,17.38,-0.027964000000000003,432282.11,755552.984
300266,2026-03-19,2.8,0.0,602138.0,170212.584
300267,2026-03-19,3.84,-0.025381,463914.06,179494.176
300268,2026-03-19,13.75,-0.020655,10709.0,14880.243
300269,2026-03-19,8.13,-0.028673999999999998,334424.0,272640.355
300270,2026-03-19,10.76,-0.024479,45536.22,49404.403
300271,2026-03-19,7.46,-0.002674,130277.23,97484.922
300272,2026-03-19,8.21,-0.03184,510914.39,422739.483
300274,2026-03-19,165.1,-0.008944,583426.66,9746934.706
300275,2026-03-19,11.51,-0.027871999999999997,37131.0,43090.889
300276,2026-03-19,7.4,-0.033943,186373.0,139192.926
300277,2026-03-19,19.86,-0.042892,372591.59,746207.91
300278,2026-03-19,4.99,-0.034816,193189.21,97458.7
300279,2026-03-19,10.79,-0.040035999999999995,311709.0,343540.875
300281,2026-03-19,7.1,-0.030055000000000002,44540.0,31790.964
300283,2026-03-19,8.0,-0.036145000000000004,158471.7,128067.448
300284,2026-03-19,6.99,-0.021008,100526.68,70735.839
300285,2026-03-19,34.41,-0.05337,344429.35,1195786.879
300286,2026-03-19,28.6,-0.029192,46568.0,134058.941
300287,2026-03-19,4.64,-0.02521,194526.91,90736.789
300288,2026-03-19,13.54,-0.013838,32070.0,43473.189
300289,2026-03-19,6.71,-0.030347,56645.0,38453.024
300290,2026-03-19,15.13,-0.029506,139044.72,211819.646
300291,2026-03-19,7.17,-0.017808,148842.84,107253.826
300292,2026-03-19,4.98,-0.021611,773953.26,387896.29
300293,2026-03-19,17.86,-0.025640999999999997,34048.0,61242.462
300294,2026-03-19,20.0,-0.023914,58290.0,117293.301
300295,2026-03-19,10.38,-0.029907,43027.0,44967.887
300296,2026-03-19,8.37,-0.035714,2008737.6,1674797.547
300298,2026-03-19,16.56,-0.015458000000000001,40037.0,66453.145
300299,2026-03-19,6.39,-0.019939,114968.01,73757.672
300300,2026-03-19,12.35,-0.015152,548220.07,684863.745
300301,2026-03-19,3.28,0.021807,222720.2,73464.435
300302,2026-03-19,26.44,0.064841,1320990.0,3566164.318
300303,2026-03-19,9.42,-0.028866,1090056.78,1031394.76
300304,2026-03-19,13.18,-0.025868000000000002,159376.22,211250.147
300305,2026-03-19,6.5,-0.035608,82317.0,54114.292
300306,2026-03-19,12.96,-0.03139,36799.0,48047.114
300307,2026-03-19,6.86,-0.02,69770.0,48124.769
300308,2026-03-19,575.2,-0.008276,331407.56,19280585.871
300310,2026-03-19,6.72,-0.020408,308875.0,208393.722
300311,2026-03-19,5.41,-0.018149,120280.6,65649.158
300313,2026-03-19,7.16,-0.024523000000000003,18320.0,13296.672
300314,2026-03-19,13.42,-0.031046999999999998,26152.0,35468.616
300315,2026-03-19,5.2,-0.018868,793111.49,414193.227
300316,2026-03-19,43.75,-0.032080000000000004,213965.29,941708.826
300317,2026-03-19,6.97,0.159734,4045961.21,2733268.423
300318,2026-03-19,6.12,-0.027027000000000002,68938.0,42585.514
300319,2026-03-19,13.29,-0.044572,389728.43,523177.306
300320,2026-03-19,10.81,-0.041666999999999996,105628.42,115845.237
300321,2026-03-19,34.35,-0.028563,14896.0,51708.55
300322,2026-03-19,26.36,-0.02874,160637.74,423750.115
300323,2026-03-19,10.78,-0.030576,986616.59,1064852.057
300324,2026-03-19,5.3,-0.027523,382344.04,204142.357
300326,2026-03-19,6.03,-0.025848,75958.0,46187.882
300327,2026-03-19,25.65,-0.032441,85672.5,221649.668
300328,2026-03-19,17.8,-0.046599,452840.42,810155.91
300329,2026-03-19,13.93,0.040329,91837.94,126796.492
300331,2026-03-19,41.28,-0.030986,75578.51,312969.61
300332,2026-03-19,7.14,0.2,1995876.43,1314738.169
300333,2026-03-19,9.91,-0.020751,60009.0,59816.589
300334,2026-03-19,7.78,-0.0275,54948.0,43147.321
300335,2026-03-19,7.23,-0.006868,461449.0,336283.977
300337,2026-03-19,13.02,-0.01214,268829.01,352048.1
300338,2026-03-19,3.85,-0.022843,64289.0,24822.618
300339,2026-03-19,43.62,-0.034101,216382.9,952082.877
300340,2026-03-19,11.26,-0.047377,93861.4,107432.404
300341,2026-03-19,15.39,-0.025949,38000.39,58925.556
300342,2026-03-19,45.77,0.018016,625316.04,2814998.914
300343,2026-03-19,6.46,-0.031484,182035.0,118792.839
300345,2026-03-19,7.39,-0.073935,721635.28,548413.433
300346,2026-03-19,47.14,-0.024622,181256.49,857971.003
300347,2026-03-19,51.17,-0.034346,87911.0,452617.987
300348,2026-03-19,13.97,0.002152,281846.78,394501.229
300349,2026-03-19,14.29,-0.021233,73385.29,105492.311
300350,2026-03-19,6.16,-0.050846999999999996,263711.4,164180.4
300351,2026-03-19,16.66,-0.029703,102235.77,171508.478
300352,2026-03-19,6.86,-0.031073,641084.21,442179.687
300353,2026-03-19,21.07,-0.027688,117593.88,248757.606
300354,2026-03-19,37.71,-0.029344000000000002,12854.0,48843.56
300355,2026-03-19,3.99,-0.017241,307119.91,123039.201
300357,2026-03-19,25.52,-0.024838,109660.29,281914.456
300358,2026-03-19,9.92,-0.043394,208145.0,208750.808
300359,2026-03-19,5.3,-0.023941,71244.32,38031.059
300360,2026-03-19,16.83,-0.028291,107957.58,183000.357
300363,2026-03-19,20.34,-0.03189,78184.35,160125.037
300364,2026-03-19,26.97,-0.015693,369788.22,997832.698
300365,2026-03-19,6.96,-0.0071330000000000005,347732.33,243905.59
300366,2026-03-19,6.0,-0.038462,117439.46,71256.843
300368,2026-03-19,11.84,-0.019868,131069.0,156697.275
300369,2026-03-19,9.63,-0.036036,612780.34,593120.812
300370,2026-03-19,2.83,-0.0035210000000000003,471971.0,134183.399
300371,2026-03-19,13.25,-0.038462,30840.4,41322.976
300373,2026-03-19,74.06,-0.030628000000000002,78354.53,582475.932
300374,2026-03-19,14.57,-0.029314,34068.0,49944.985
300375,2026-03-19,5.18,-0.029963000000000004,152063.08,79346.675
300376,2026-03-19,7.05,-0.030261,273768.0,193874.3
300377,2026-03-19,19.83,-0.008004,321574.92,643639.045
300378,2026-03-19,42.04,-0.029099,75069.57,317487.607
300380,2026-03-19,37.89,-0.006293999999999999,21343.0,81055.1
300381,2026-03-19,7.08,-0.026135000000000002,99113.25,71089.991
300382,2026-03-19,11.76,-0.04078299999999999,120751.48,143409.038
300383,2026-03-19,16.7,-0.020528,1780380.36,3004208.839
300384,2026-03-19,16.88,-0.030442,61334.99,103706.795
300386,2026-03-19,15.53,-0.018331,39830.0,62394.595
300387,2026-03-19,9.26,-0.067472,362262.36,345727.601
300388,2026-03-19,8.54,-0.012717000000000001,54640.41,47098.199
300389,2026-03-19,20.9,0.043956,313225.13,649351.964
300390,2026-03-19,47.77,-0.051241,287927.41,1396099.125
300393,2026-03-19,10.21,-0.044007,654090.08,674598.898
300394,2026-03-19,307.99,0.015463,321088.94,9918125.589
300395,2026-03-19,101.02,-0.075755,311506.58,3198099.239
300396,2026-03-19,12.19,-0.027135,29486.0,36237.073
300397,2026-03-19,12.65,-0.025424000000000002,107706.58,136701.274
300398,2026-03-19,26.47,-0.041636,260777.99,694971.012
300399,2026-03-19,23.06,-0.014951,37948.73,88311.076
300400,2026-03-19,24.58,-0.038341,243950.9,608844.954
300401,2026-03-19,14.55,-0.026756000000000002,161516.0,235515.699
300402,2026-03-19,20.15,-0.034962,38502.0,78229.727
300403,2026-03-19,12.13,-0.0296,83604.74,102253.835
300404,2026-03-19,9.93,-0.027424,60636.39,60704.744
300405,2026-03-19,6.69,-0.044286000000000006,100435.5,68156.53
300406,2026-03-19,12.23,-0.020032,49869.66,61145.386
300407,2026-03-19,13.42,-0.022578,56229.0,75993.139
300408,2026-03-19,55.95,-0.002852,253592.55,1413711.022
300409,2026-03-19,25.7,-0.088652,577474.04,1504305.891
300410,2026-03-19,8.6,-0.044444,163885.35,142843.418
300411,2026-03-19,10.61,-0.038078,61815.2,66390.759
300412,2026-03-19,5.57,-0.039655,157476.0,88825.374
300413,2026-03-19,21.99,-0.011685000000000001,106349.94,233807.54
300414,2026-03-19,14.05,-0.022269,71118.4,100344.317
300415,2026-03-19,25.87,-0.031811,77283.08,201203.56
300416,2026-03-19,17.25,-0.023216,149522.5,259788.765
300417,2026-03-19,13.6,-0.032717,30668.0,42231.707
300418,2026-03-19,54.88,0.094535,1411103.94,7521105.439
300419,2026-03-19,7.66,-0.017949,72100.0,55837.156
300420,2026-03-19,3.86,-0.030150999999999997,278515.0,108361.079
300421,2026-03-19,23.96,-0.038137,78564.89,190184.011
300422,2026-03-19,5.0,-0.023438,66328.59,33537.893
300423,2026-03-19,9.24,-0.047423,236842.99,221385.257
300424,2026-03-19,17.09,-0.018944000000000003,65160.91,111413.15
300425,2026-03-19,5.1,-0.026718000000000002,128016.5,66027.506
300426,2026-03-19,8.29,-0.0071860000000000005,48285.0,40143.693
300427,2026-03-19,12.96,-0.030666000000000002,295881.0,383864.731
300428,2026-03-19,21.21,-0.056914,151073.6,324882.844
300429,2026-03-19,13.47,-0.033022,94604.64,128562.329
300430,2026-03-19,19.57,-0.03358,78207.0,154586.148
300432,2026-03-19,19.79,0.010725,827421.62,1651556.275
300433,2026-03-19,29.73,-0.029383,510770.05,1526194.011
300434,2026-03-19,10.05,-0.021422,43271.8,43788.781
300435,2026-03-19,26.64,-0.016611,159012.91,432184.315
300436,2026-03-19,106.2,-0.006548000000000001,71808.3,771430.925
300437,2026-03-19,16.75,-0.08068099999999999,297657.5,511629.674
300438,2026-03-19,54.86,0.016302,431247.73,2403683.835
300439,2026-03-19,10.32,-0.020873,60046.84,62571.727
300440,2026-03-19,15.41,-0.03325,62001.0,96494.531
300441,2026-03-19,7.67,-0.02665,123418.6,95332.752
300442,2026-03-19,89.75,0.032677,800378.93,7185127.928
300443,2026-03-19,30.75,-0.007744,183463.28,571522.16
300444,2026-03-19,14.98,-0.069565,627664.68,953851.858
300445,2026-03-19,20.29,-0.034269,37735.14,77120.925
300446,2026-03-19,20.56,-0.02513,111834.4,230943.53
300447,2026-03-19,18.8,-0.027921,75683.7,142896.532
300448,2026-03-19,8.18,-0.030806,248260.53,204683.092
300449,2026-03-19,8.11,-0.043632,127660.8,104955.887
300450,2026-03-19,48.17,-0.026869,384586.12,1861326.539
300451,2026-03-19,4.93,-0.021825,200133.04,99238.032
300452,2026-03-19,14.92,-0.029278,40747.43,61405.762
300453,2026-03-19,9.82,-0.018000000000000002,166336.74,166135.396
300454,2026-03-19,116.35,-0.018061,74142.9,863582.232
300455,2026-03-19,23.71,-0.025483,96967.82,231508.945
300456,2026-03-19,45.07,-0.025935,236834.69,1074349.345
300457,2026-03-19,24.29,-0.016599,71831.71,175420.682
300458,2026-03-19,36.9,-0.032512,137616.65,512057.724
300459,2026-03-19,4.52,-0.019523,732969.65,331170.209
300460,2026-03-19,9.07,-0.025779,110984.0,102093.218
300461,2026-03-19,44.35,-0.126969,152904.69,704408.935
300462,2026-03-19,13.54,-0.023792,61163.57,84907.238
300463,2026-03-19,11.28,-0.01913,68568.2,77934.439
300464,2026-03-19,7.39,-0.033986999999999996,216762.23,162596.03
300465,2026-03-19,16.81,-0.026072,79465.4,134804.133
300466,2026-03-19,9.22,-0.028451,75116.72,69790.24
300467,2026-03-19,30.13,-0.018886,25071.0,75867.735
300468,2026-03-19,37.14,0.015587,554109.02,2048641.942
300469,2026-03-19,67.5,-0.066777,101413.7,700570.973
300470,2026-03-19,38.77,0.03304,158196.09,626122.95
300471,2026-03-19,13.83,-0.014957,177612.69,248106.015
300472,2026-03-19,8.27,0.014724,99687.2,83248.641
300473,2026-03-19,35.32,-0.002823,51305.0,182071.356
300474,2026-03-19,64.62,-0.014488000000000001,52905.32,342760.714
300475,2026-03-19,161.68,-0.048885,328679.96,5373965.098
300476,2026-03-19,277.28,-0.042706999999999995,326610.93,9140475.713
300477,2026-03-19,2.73,-0.038732,303292.04,83556.765
300478,2026-03-19,23.48,-0.049393,28252.0,67476.304
300479,2026-03-19,20.58,-0.004354,45572.98,93698.934
300480,2026-03-19,30.39,-0.035238,147689.45,451649.177
300481,2026-03-19,16.78,-0.024985,81580.85,138207.534
300482,2026-03-19,20.09,0.021872,109858.44,219603.919
300483,2026-03-19,23.96,0.136622,878209.76,1998776.353
300484,2026-03-19,17.47,-0.029983,34468.0,60849.509
300485,2026-03-19,10.88,-0.021583,41428.0,45538.013
300486,2026-03-19,26.69,0.027724000000000002,312803.96,828100.201
300487,2026-03-19,66.5,-0.060336,48639.9,328368.946
300488,2026-03-19,28.27,-0.046543,36679.7,105181.535
300489,2026-03-19,42.49,-0.049441,37853.74,162803.9
300490,2026-03-19,16.22,-0.041371000000000005,194788.0,319078.076
300491,2026-03-19,25.83,-0.033308,102742.4,267736.728
300492,2026-03-19,63.75,-0.047085,17949.1,115936.958
300493,2026-03-19,17.1,-0.02675,112352.98,192960.174
300494,2026-03-19,12.23,-0.014504,78412.5,96095.878
300496,2026-03-19,65.26,-0.02012,95968.57,626079.074
300497,2026-03-19,15.06,-0.025873,155885.02,237281.871
300498,2026-03-19,17.14,-0.010964,452357.15,777670.268
300499,2026-03-19,40.5,-0.021739,510833.88,2089464.528
300500,2026-03-19,11.94,-0.032415,23577.1,28469.769
300501,2026-03-19,16.07,-0.035993,48953.96,79669.713
300502,2026-03-19,440.4,0.022046999999999997,543572.33,24009255.549
300503,2026-03-19,50.13,-0.057352,150806.93,764620.318
300504,2026-03-19,16.63,-0.021189,139393.0,232449.737
300505,2026-03-19,33.04,-0.067194,492492.63,1671461.19
300506,2026-03-19,5.11,-0.026667,70083.3,36105.979
300507,2026-03-19,8.64,-0.025929999999999998,93401.28,81010.224
300508,2026-03-19,38.27,-0.043011,27226.48,105621.944
300509,2026-03-19,12.66,-0.037994,46558.8,59810.831
300510,2026-03-19,4.73,-0.020703999999999997,281165.73,134753.854
300511,2026-03-19,6.91,-0.019858,165453.39,115306.858
300512,2026-03-19,9.35,-0.033092,39854.0,37617.695
300513,2026-03-19,9.66,-0.012270000000000001,67122.44,65057.389
300514,2026-03-19,13.92,-0.027933,52890.0,74594.669
300515,2026-03-19,18.72,-0.022965,21953.0,41473.03
300516,2026-03-19,60.94,-0.025428000000000003,35870.5,220491.068
300517,2026-03-19,11.61,-0.040496,67991.0,80008.556
300518,2026-03-19,20.6,-0.033318,50342.33,104613.29
300519,2026-03-19,15.85,-0.030581,21697.0,34733.367
300520,2026-03-19,39.24,-0.006331,128775.81,507400.88
300521,2026-03-19,28.47,-0.040768000000000006,23599.01,67797.343
300522,2026-03-19,11.76,-0.031301,33869.6,40189.025
300523,2026-03-19,22.57,-0.024211,20639.1,46871.049
300525,2026-03-19,11.22,-0.019231,96906.69,109327.594
300527,2026-03-19,8.12,-0.016949000000000002,100708.98,82199.043
300528,2026-03-19,16.22,-0.026995,81845.2,133398.292
300529,2026-03-19,18.63,-0.014806999999999999,36863.9,68805.578
300530,2026-03-19,27.14,-0.021629,14979.0,41092.227
300531,2026-03-19,18.74,-0.015756,187257.93,353102.871
300532,2026-03-19,11.28,-0.020833,52244.11,59193.228
300533,2026-03-19,29.97,-0.035093,59657.69,179815.448
300534,2026-03-19,9.49,-0.024666,57039.05,54437.556
300535,2026-03-19,20.91,-0.035961,14532.34,30713.93
300536,2026-03-19,8.63,-0.043237,106687.0,93554.182
300537,2026-03-19,22.35,-0.043646000000000004,56477.56,127430.492
300538,2026-03-19,15.35,-0.031546,27154.0,42157.096
300539,2026-03-19,27.88,-0.038952,40602.21,114170.06
300540,2026-03-19,19.77,-0.032305,81462.6,163496.109
300541,2026-03-19,15.44,-0.026482000000000002,130402.88,203093.851
300542,2026-03-19,16.91,-0.008211000000000001,37080.0,63090.844
300543,2026-03-19,10.54,-0.019535,41930.66,44430.948
300545,2026-03-19,34.1,-0.002632,92461.3,313625.121
300546,2026-03-19,23.3,-0.020184999999999998,39042.2,91657.796
300547,2026-03-19,31.71,-0.027599,39190.0,125123.174
300548,2026-03-19,143.56,-0.051157,202114.48,2938410.993
300549,2026-03-19,17.76,-0.036876,19516.1,35002.327
300550,2026-03-19,13.0,-0.029851000000000003,38850.58,50987.853
300551,2026-03-19,17.28,-0.022624,248393.36,447334.956
300552,2026-03-19,28.85,-0.025667,37092.0,107565.785
300553,2026-03-19,37.4,-0.033342000000000004,18755.8,70695.558
300554,2026-03-19,24.36,-0.027545,51139.5,126863.024
300555,2026-03-19,12.5,-0.032508,21774.0,27452.249
300556,2026-03-19,18.88,-0.023784999999999997,29027.0,55260.14
300557,2026-03-19,36.09,-0.031141000000000002,25116.09,91154.042
300558,2026-03-19,43.34,-0.027815,41466.03,181399.723
300559,2026-03-19,12.9,0.08769,308566.96,390897.09
300560,2026-03-19,15.47,-0.026432,63391.0,98813.048
300561,2026-03-19,12.4,-0.036518999999999996,79456.06,99798.61
300562,2026-03-19,13.57,-0.02724,45688.0,62324.945
300563,2026-03-19,31.86,-0.051220999999999996,64337.77,208260.586
300564,2026-03-19,15.37,-0.039375,20914.0,32659.478
300565,2026-03-19,13.3,0.006051,201666.03,271845.558
300566,2026-03-19,19.57,-0.022477999999999998,56969.89,111943.37
300567,2026-03-19,127.47,-0.026202999999999997,48428.06,620184.991
300568,2026-03-19,13.88,-0.051913,614705.35,865304.789
300569,2026-03-19,7.68,0.005235999999999999,1646701.0,1284481.426
300570,2026-03-19,117.26,-0.002043,197966.09,2345218.571
300571,2026-03-19,35.0,-0.00681,305497.49,1095349.628
300572,2026-03-19,24.87,-0.027756,48239.5,120823.731
300573,2026-03-19,68.06,-0.022126,45315.78,310300.205
300575,2026-03-19,6.46,-0.037258,131653.01,86195.162
300576,2026-03-19,36.43,-0.033687,68511.08,251278.28
300577,2026-03-19,19.29,-0.033083,10657.17,20764.094
300578,2026-03-19,21.81,-0.037511,91342.8,201220.882
300579,2026-03-19,30.8,0.039136000000000004,105400.72,323726.95
300580,2026-03-19,22.05,0.004098,80939.0,179105.032
300581,2026-03-19,13.41,-0.044871999999999995,99085.39,134522.393
300582,2026-03-19,14.82,-0.031373000000000005,52631.0,78705.709
300583,2026-03-19,14.57,-0.028019,20364.2,30062.373
300584,2026-03-19,41.38,-0.045444000000000005,30708.0,128453.489
300585,2026-03-19,15.93,-0.028066,31364.0,50471.146
300586,2026-03-19,9.65,-0.035964,108973.77,106329.612
300587,2026-03-19,6.15,-0.019139,256592.41,159421.667
300588,2026-03-19,25.68,-0.014582,43652.11,113287.024
300589,2026-03-19,16.33,-0.043351,163801.57,270297.605
300590,2026-03-19,11.75,-0.019199,43669.4,51578.112
300591,2026-03-19,7.28,-0.028037,109366.1,79977.498
300592,2026-03-19,12.51,-0.02948,48826.4,61610.448
300593,2026-03-19,25.42,-0.026799,97727.58,249964.769
300594,2026-03-19,29.34,-0.067387,54738.0,162685.474
300595,2026-03-19,15.18,-0.030651,95085.86,145621.451
300596,2026-03-19,42.41,-0.044605,65018.61,280481.473
300597,2026-03-19,9.76,-0.02008,56024.0,55140.012
300598,2026-03-19,40.34,-0.01873,36339.2,147129.147
300599,2026-03-19,9.88,-0.030421999999999998,98524.96,98062.09
300600,2026-03-19,12.81,-0.032477,59611.0,77915.71
300601,2026-03-19,14.17,-0.004916,125164.38,177482.722
300602,2026-03-19,33.13,-0.022136999999999997,155335.26,516050.909
300603,2026-03-19,11.22,-0.015789,341804.49,385776.347
300604,2026-03-19,124.35,-0.033424,149601.38,1868534.783
300605,2026-03-19,14.93,-0.021625000000000002,31108.0,46699.194
300606,2026-03-19,38.99,-0.073872,201422.5,799268.909
300607,2026-03-19,25.87,-0.023774000000000003,80788.5,209972.522
300608,2026-03-19,12.28,-0.020734,112956.2,139954.517
300609,2026-03-19,37.0,-0.012543,41233.0,153157.661
300610,2026-03-19,12.23,-0.012914000000000002,176845.64,226440.101
300611,2026-03-19,28.98,-0.001722,65901.0,190697.292
300612,2026-03-19,15.63,-0.024345,59690.36,93705.834
300613,2026-03-19,42.35,-0.029782000000000003,31326.17,133336.399
300614,2026-03-19,14.22,-0.033311,30340.35,43718.16
300615,2026-03-19,14.32,-0.025187,87785.3,126806.508
300616,2026-03-19,12.76,-0.031866,26552.0,34250.586
300617,2026-03-19,60.79,-0.03293,89663.64,545670.6
300618,2026-03-19,42.29,-0.052218999999999995,101909.8,435542.021
300619,2026-03-19,39.91,-0.010414000000000001,56177.29,225507.893
300620,2026-03-19,149.98,-0.021402,88362.6,1330350.539
300621,2026-03-19,8.75,-0.036344,32579.5,28843.205
300622,2026-03-19,25.42,-0.025307,51148.51,131087.341
300623,2026-03-19,29.4,-0.008432,175590.16,516369.961
300624,2026-03-19,73.03,-0.017357,92194.93,674577.452
300625,2026-03-19,12.7,-0.029794,30610.64,39277.492
300626,2026-03-19,21.4,-0.016092,95011.0,205626.663
300627,2026-03-19,34.0,-0.017625,80217.1,272685.45
300628,2026-03-19,34.25,0.011517999999999999,113005.83,386957.014
300629,2026-03-19,24.7,-0.038536,125157.03,311775.43
300631,2026-03-19,26.54,-0.037708,23837.86,63725.052
300632,2026-03-19,14.79,-0.030164,79233.0,118034.608
300633,2026-03-19,25.6,-0.022900999999999998,34361.07,88692.912
300634,2026-03-19,26.08,-0.015849,113122.82,295349.586
300635,2026-03-19,12.96,-0.033557000000000003,41131.0,53812.996
300636,2026-03-19,8.02,-0.03023,73974.96,59938.586
300637,2026-03-19,11.57,-0.039834,55439.0,64838.313
300638,2026-03-19,26.72,-0.01909,130404.04,348524.675
300639,2026-03-19,6.6,-0.023669,275575.31,185249.732
300640,2026-03-19,7.41,-0.025,64644.0,48205.768
300641,2026-03-19,24.09,0.037468,677922.55,1665544.462
300642,2026-03-19,17.12,-0.026166000000000002,22165.41,38255.053
300643,2026-03-19,19.02,-0.041814,84426.7,162324.539
300644,2026-03-19,29.65,-0.03765,27145.5,80872.631
300645,2026-03-19,18.65,-0.018421,31833.0,59655.584
300647,2026-03-19,6.63,-0.027859,100636.06,67223.578
300648,2026-03-19,54.45,-0.027505,25992.97,142505.851
300649,2026-03-19,14.64,-0.033025,20048.9,29818.574
300650,2026-03-19,16.98,-0.040678,73888.0,126356.799
300651,2026-03-19,28.1,-0.027008,89961.51,254314.428
300652,2026-03-19,44.26,-0.034468,20588.0,92044.328
300653,2026-03-19,19.88,-0.027873000000000002,27097.88,54697.221
300654,2026-03-19,11.5,-0.018771,121494.21,140091.193
300655,2026-03-19,15.19,-0.037389,290746.94,445100.688
300656,2026-03-19,22.41,-0.037784,34611.1,78365.457
300657,2026-03-19,31.83,-0.016378,303674.78,977101.123
300658,2026-03-19,25.85,-0.053807,175199.8,459325.97
300659,2026-03-19,14.86,-0.017196,42530.8,63377.187
300660,2026-03-19,43.75,-0.036344,53676.31,236912.553
300661,2026-03-19,70.91,-0.03366,157776.31,1119157.234
300662,2026-03-19,24.64,-0.029539,33566.0,83092.971
300663,2026-03-19,15.17,-0.019392,60007.35,91513.534
300664,2026-03-19,6.12,-0.012903,264115.35,163236.864
300665,2026-03-19,7.72,-0.038605,55121.0,43076.482
300666,2026-03-19,136.65,-0.005603,94163.67,1286129.995
300667,2026-03-19,16.5,-0.021352000000000003,53853.75,88618.853
300668,2026-03-19,28.38,-0.013899,39722.0,114886.256
300669,2026-03-19,32.6,-0.0015310000000000002,15689.73,51095.788
300670,2026-03-19,6.78,-0.028652999999999998,93977.0,64390.471
300671,2026-03-19,40.59,-0.027552,80613.1,329212.165
300672,2026-03-19,193.02,-0.026135000000000002,162733.85,3122837.126
300673,2026-03-19,16.42,-0.010843,20176.0,33204.907
300674,2026-03-19,21.34,-0.01659,80823.8,173570.088
300675,2026-03-19,15.69,-0.031481,27391.0,43544.565
300676,2026-03-19,43.45,-0.027311000000000002,46442.0,203082.319
300677,2026-03-19,59.25,-0.031863,333011.88,2054899.973
300678,2026-03-19,31.39,-0.005386999999999999,46724.42,145433.266
300679,2026-03-19,35.29,-0.033944999999999996,98122.08,347370.526
300680,2026-03-19,40.01,-0.040528,57478.0,232087.426
300681,2026-03-19,22.0,-0.022222,49310.85,108980.325
300682,2026-03-19,18.3,0.00384,344890.42,634546.348
300683,2026-03-19,33.21,-0.051955,57318.0,192556.628
300684,2026-03-19,51.8,-0.04428,98521.36,515198.495
300685,2026-03-19,22.43,-0.003996,139551.8,313657.359
300686,2026-03-19,14.58,-0.037624,42717.7,62837.416
300687,2026-03-19,20.61,0.013773,103616.08,212308.145
300688,2026-03-19,29.0,-0.026846000000000002,51141.0,149491.54
300689,2026-03-19,47.22,-0.037701,18881.4,90116.177
300690,2026-03-19,37.32,-0.050622999999999994,210944.67,797887.882
300691,2026-03-19,17.06,-0.016148,41619.99,71355.758
300692,2026-03-19,8.1,-0.01699,101950.49,82699.669
300693,2026-03-19,44.06,-0.021541,127012.49,563423.113
300694,2026-03-19,12.49,-0.031783,50964.0,64501.017
300695,2026-03-19,70.11,-0.030156000000000002,5509.8,38911.677
300696,2026-03-19,29.48,-0.021898,31981.97,94749.425
300697,2026-03-19,15.23,-0.036076000000000004,68104.72,104428.884
300698,2026-03-19,36.15,-0.013643,18441.59,66702.735
300699,2026-03-19,34.79,-0.05973,286857.9,1009911.51
300700,2026-03-19,13.93,-0.005,59783.28,82862.267
300701,2026-03-19,11.89,-0.027004999999999998,37837.0,45266.782
300702,2026-03-19,21.78,-0.037135,23272.6,51142.374
300703,2026-03-19,20.02,-0.030508,39607.0,79801.116
300705,2026-03-19,14.51,-0.021578,53970.4,78820.843
300706,2026-03-19,34.85,-0.040738,55231.1,194284.148
300707,2026-03-19,16.16,-0.031756,49606.63,80928.238
300708,2026-03-19,10.46,-0.026977,408681.07,429207.313
300709,2026-03-19,39.81,-0.032092999999999997,47614.14,191055.378
300710,2026-03-19,30.2,-0.025806,19770.25,60217.489
300711,2026-03-19,26.08,-0.01918,40328.2,105596.03
300712,2026-03-19,29.99,-0.011862,35891.44,107994.173
300713,2026-03-19,17.44,-0.032723,31602.4,55548.15
300715,2026-03-19,13.52,-0.047887000000000006,77877.11,106797.867
300716,2026-03-19,14.65,-0.021376,28502.5,42011.78
300717,2026-03-19,21.42,-0.036871,18343.63,39758.901
300718,2026-03-19,69.7,-0.030192999999999998,32610.96,229197.499
300719,2026-03-19,17.15,-0.039754,95045.0,164408.46
300720,2026-03-19,54.18,0.028083,128629.2,688049.607
300721,2026-03-19,14.55,-0.034506,73928.6,108817.727
300722,2026-03-19,29.74,-0.042190000000000005,35528.77,106772.02
300723,2026-03-19,32.22,-0.014679,54589.1,177088.222
300724,2026-03-19,118.0,-0.0128,127758.04,1511606.44
300725,2026-03-19,36.71,-0.02367,48498.0,179086.695
300726,2026-03-19,44.97,-0.034149,51243.5,231692.719
300727,2026-03-19,33.64,-0.022945000000000004,50652.03,174693.363
300729,2026-03-19,12.76,-0.034796,42922.09,55472.176
300730,2026-03-19,13.41,-0.011791000000000001,145169.15,197292.674
300731,2026-03-19,73.5,-0.043591,156603.33,1179813.684
300732,2026-03-19,7.36,-0.027741,42590.27,31733.789
300733,2026-03-19,17.13,0.0058720000000000005,43475.8,74848.786
300735,2026-03-19,22.21,-0.027583000000000003,80808.29,180677.931
300736,2026-03-19,20.28,-0.022179,42906.0,87273.459
300737,2026-03-19,6.2,-0.028213,273179.4,173594.643
300738,2026-03-19,24.1,-0.004132,1060448.88,2576902.794
300739,2026-03-19,26.09,-0.040103,179006.36,471990.832
300740,2026-03-19,20.68,-0.032741,101764.4,212008.767
300741,2026-03-19,17.1,-0.026196,24126.0,41878.646
300743,2026-03-19,18.64,-0.036692999999999996,24164.0,45480.777
300745,2026-03-19,24.88,-0.030775,39350.82,99210.478
300746,2026-03-19,12.6,-0.024768,23811.0,30264.859
300747,2026-03-19,28.78,-0.038102,135381.5,392786.945
300748,2026-03-19,31.35,-0.045080999999999996,280105.94,885812.988
300749,2026-03-19,33.29,-0.051296999999999995,106629.8,366644.455
300750,2026-03-19,400.5,-0.003781,292866.35,11867380.765
300751,2026-03-19,250.58,-0.061498,86023.04,2173996.861
300752,2026-03-19,18.81,-0.027907,52893.0,100359.513
300753,2026-03-19,30.82,-0.05052399999999999,66995.82,208448.817
300755,2026-03-19,13.57,-0.023038,34623.38,47244.865
300756,2026-03-19,39.23,-0.020718999999999998,31388.0,125692.759
300757,2026-03-19,350.25,-0.007762,71122.14,2533722.7
300758,2026-03-19,14.29,-0.034459,106564.86,153137.409
300759,2026-03-19,26.84,-0.030347,191576.9,517987.324
300760,2026-03-19,171.86,-0.017494,67672.5,1167586.341
300761,2026-03-19,21.19,-0.022601,60070.6,127697.588
300762,2026-03-19,36.43,-0.028533,209307.06,768891.089
300763,2026-03-19,103.88,0.05269599999999999,337070.86,3491762.97
300765,2026-03-19,31.65,-0.01248,96192.16,308581.489
300766,2026-03-19,36.0,-0.018003,193436.08,698228.69
300767,2026-03-19,20.75,-0.004796,52966.23,109525.372
300768,2026-03-19,17.27,-0.011448,36578.21,63173.766
300769,2026-03-19,43.63,-0.021968,137193.21,603344.088
300770,2026-03-19,41.28,-0.014797,21316.09,88159.911
300771,2026-03-19,14.27,-0.023940000000000003,29024.5,41735.228
300772,2026-03-19,19.23,-0.020876000000000002,142123.38,277339.173
300773,2026-03-19,26.21,-0.019454,459619.75,1203054.506
300774,2026-03-19,18.43,-0.074335,146287.16,275010.639
300775,2026-03-19,37.69,-0.038765999999999995,340977.12,1295989.945
300776,2026-03-19,75.0,-0.042635,56430.68,425686.99
300777,2026-03-19,37.75,-0.059307,161750.75,618907.498
300778,2026-03-19,13.13,-0.033137,35488.0,47149.597
300779,2026-03-19,94.61,-0.00724,71183.2,680818.332
300780,2026-03-19,21.36,-0.029973,46877.0,100509.824
300781,2026-03-19,37.59,-0.017512,29845.08,112554.715
300782,2026-03-19,79.3,-0.00813,63341.13,499544.819
300783,2026-03-19,18.98,-0.016071,51046.0,97120.407
300784,2026-03-19,50.44,-0.031118,8441.7,42825.722
300785,2026-03-19,50.98,-0.019615,77064.68,393308.971
300786,2026-03-19,15.2,-0.032463,46541.0,71568.524
300787,2026-03-19,12.2,-0.037855,61336.25,75344.985
300788,2026-03-19,33.64,0.018776,84563.65,283773.838
300789,2026-03-19,24.05,0.067466,106003.97,259895.977
300790,2026-03-19,24.89,-0.039367,85071.91,213942.154
300791,2026-03-19,20.06,-0.022893,13136.89,26641.669
300792,2026-03-19,37.44,-0.017065,47120.0,176025.184
300793,2026-03-19,15.37,-0.029672,51636.0,79981.222
300795,2026-03-19,12.5,-0.007149,23212.46,29240.856
300796,2026-03-19,9.28,-0.028272,63139.0,59175.915
300797,2026-03-19,15.3,-0.032258,32247.88,49698.746
300798,2026-03-19,10.17,0.037755000000000004,616219.0,616770.427
300800,2026-03-19,12.4,-0.030493000000000003,26619.0,33284.313
300801,2026-03-19,25.92,-0.041774,43800.93,114357.798
300802,2026-03-19,20.25,-0.032489,44432.5,90716.341
300803,2026-03-19,104.96,-0.009811,145231.05,1531247.3
300804,2026-03-19,46.03,-0.049752,23028.0,107797.524
300805,2026-03-19,11.43,-0.028061,73728.0,84672.345
300806,2026-03-19,49.93,-0.023660999999999998,129331.0,648581.595
300807,2026-03-19,50.97,-0.006045,9200.0,47059.738
300808,2026-03-19,28.02,-0.027421,19983.0,56338.182
300809,2026-03-19,33.24,-0.029489,33804.6,112647.809
300810,2026-03-19,34.12,-0.043454,39715.0,136938.633
300811,2026-03-19,77.54,-0.03677,94028.19,737651.17
300812,2026-03-19,35.41,-0.032514,66065.4,237112.626
300813,2026-03-19,27.75,0.014624999999999999,74163.92,205355.313
300814,2026-03-19,84.58,-0.042671,58839.87,504104.976
300815,2026-03-19,21.7,-0.033408,54497.45,119337.161
300816,2026-03-19,68.72,-0.06133,38971.2,268402.73
300817,2026-03-19,18.74,-0.028512,17090.13,32325.674
300818,2026-03-19,37.01,-0.051512,27058.3,101735.29
300819,2026-03-19,45.41,-0.062939,47026.5,216003.364
300820,2026-03-19,47.89,-0.0286,23345.8,112583.176
300821,2026-03-19,12.01,-0.044551,268849.69,325817.569
300822,2026-03-19,15.35,-0.015394000000000001,21135.77,32556.402
300823,2026-03-19,16.78,-0.030618,22868.6,38896.543
300824,2026-03-19,10.58,-0.019462,27448.0,29318.788
300825,2026-03-19,9.09,-0.021529,53806.95,49095.571
300826,2026-03-19,16.73,-0.014143,29538.0,49803.053
300827,2026-03-19,37.44,0.006452,298537.84,1120449.967
300828,2026-03-19,20.15,-0.063662,97841.5,200527.965
300829,2026-03-19,20.82,0.001925,133377.86,280820.786
300830,2026-03-19,11.7,-0.051094999999999995,219327.14,260609.963
300831,2026-03-19,17.54,-0.066028,211682.99,377964.654
300832,2026-03-19,50.02,-0.030244,39594.95,199462.47
300833,2026-03-19,34.99,-0.041631999999999995,9489.3,33607.377
300834,2026-03-19,24.52,-0.027370000000000002,15722.73,39079.908
300835,2026-03-19,75.1,-0.068469,49980.48,382413.696
300836,2026-03-19,58.38,-0.04934,20996.5,123324.995
300837,2026-03-19,37.03,-0.041666999999999996,21630.6,80828.657
300838,2026-03-19,15.88,-0.025169,21220.49,34010.82
300839,2026-03-19,13.42,0.007508,163356.52,223170.741
300840,2026-03-19,19.08,-0.049801000000000005,113801.0,220222.339
300841,2026-03-19,59.71,-0.018411999999999998,11507.06,69046.615
300842,2026-03-19,97.72,-0.020547,57170.75,564674.516
300843,2026-03-19,53.59,-0.05318,51157.31,278232.939
300844,2026-03-19,35.89,-0.035215,6063.28,21844.74
300845,2026-03-19,12.24,-0.021583,67300.07,83434.614
300846,2026-03-19,33.42,0.006626999999999999,829572.0,2786813.069
300847,2026-03-19,16.35,-0.027365,36142.5,59482.652
300848,2026-03-19,15.29,-0.040778,52144.25,80654.107
300849,2026-03-19,19.93,-0.03017,20911.0,41990.476
300850,2026-03-19,49.08,-0.021336,201182.27,997513.827
300851,2026-03-19,30.77,-0.029644,11373.99,35144.995
300852,2026-03-19,47.43,-0.029466000000000003,45461.42,218023.421
300853,2026-03-19,20.67,-0.036364,24547.0,51147.056
300854,2026-03-19,24.03,-0.030266,25046.0,60764.722
300855,2026-03-19,36.97,-0.053992000000000005,64657.79,242508.748
300856,2026-03-19,13.9,0.055429000000000006,186577.56,259367.307
300857,2026-03-19,257.6,0.022141,125726.69,3240713.81
300858,2026-03-19,16.04,-0.025516,24874.0,40297.202
300859,2026-03-19,35.0,-0.022618999999999997,44253.0,155012.748
300860,2026-03-19,26.17,-0.031817000000000005,29376.6,78107.687
300861,2026-03-19,16.93,-0.022517,82455.22,140554.41
300862,2026-03-19,23.23,-0.02395,31413.45,73072.751
300863,2026-03-19,52.37,0.016498,34547.46,175976.606
300864,2026-03-19,21.38,-0.018816,14680.99,31599.425
300865,2026-03-19,27.16,-0.037903,9296.0,25554.619
300866,2026-03-19,94.44,-0.034356,33987.81,323213.755
300867,2026-03-19,23.28,0.124095,460682.97,1046221.742
300868,2026-03-19,39.15,-0.046981,26258.0,103853.682
300869,2026-03-19,14.15,-0.023464,31971.0,45680.591
300870,2026-03-19,254.2,-0.032688,46634.49,1198242.079
300871,2026-03-19,24.87,-0.05724,104823.94,264164.898
300872,2026-03-19,17.93,0.009004,177004.08,317795.317
300873,2026-03-19,23.71,-0.028279000000000002,26043.49,62189.551
300875,2026-03-19,44.8,0.030833,103803.16,463178.043
300876,2026-03-19,26.77,-0.034620000000000005,19071.0,51586.956
300877,2026-03-19,27.47,-0.055365000000000004,28118.25,78294.155
300878,2026-03-19,27.88,-0.035628,13898.0,38963.756
300879,2026-03-19,24.76,-0.011971,69676.89,174339.625
300880,2026-03-19,24.2,0.031983000000000004,154712.56,369844.581
300881,2026-03-19,45.29,-0.044515,21510.12,97613.91
300882,2026-03-19,22.17,-0.028908999999999997,47541.73,106536.206
300883,2026-03-19,6.88,-0.025495999999999998,83908.05,58315.457
300884,2026-03-19,14.62,-0.011493999999999999,55459.12,80809.767
300885,2026-03-19,22.31,-0.032943,30753.25,69084.578
300886,2026-03-19,29.03,-0.026819000000000003,15434.5,45115.574
300887,2026-03-19,11.61,-0.059157,307380.36,358783.32
300888,2026-03-19,33.43,-0.028197999999999997,38982.99,131357.469
300889,2026-03-19,26.91,-0.042008000000000004,56442.29,155504.997
300890,2026-03-19,31.3,-0.022486000000000003,67275.69,212922.944
300891,2026-03-19,9.75,-0.04224,169537.5,167244.718
300892,2026-03-19,28.1,-0.026671,13860.0,39235.491
300893,2026-03-19,22.28,0.026728000000000002,48699.21,108390.656
300894,2026-03-19,10.92,-0.02847,36941.72,40874.029
300895,2026-03-19,76.34,0.199937,284432.95,2056850.801
300896,2026-03-19,138.87,-0.010896999999999999,14553.09,202210.593
300897,2026-03-19,26.02,-0.026562000000000002,10872.29,28488.2
300898,2026-03-19,24.06,-0.029447,23439.03,56883.119
300899,2026-03-19,38.6,-0.034759000000000005,8517.0,33474.101
300900,2026-03-19,41.92,0.007935,397084.54,1655891.136
300901,2026-03-19,16.17,-0.012217,13440.0,21700.58
300902,2026-03-19,18.58,-0.030777000000000002,26707.5,49926.212
300903,2026-03-19,36.32,-0.032756,204503.4,749492.76
300904,2026-03-19,63.32,-0.016923,16182.09,103458.393
300905,2026-03-19,31.56,-0.026527,30058.19,95703.808
300906,2026-03-19,32.23,-0.025990000000000003,10786.0,35057.415
300907,2026-03-19,27.73,-0.017364,15270.0,42521.927
300908,2026-03-19,27.07,-0.022391,9514.42,25875.875
300909,2026-03-19,39.06,-0.034841000000000004,20855.5,81904.155
300910,2026-03-19,49.45,-0.054132,50302.39,251744.864
300911,2026-03-19,38.23,-0.059301000000000006,57451.98,225177.54
300912,2026-03-19,25.55,-0.043787,56147.0,145067.168
300913,2026-03-19,48.48,-0.042654,58972.04,288268.346
300915,2026-03-19,24.0,-0.026764,8771.0,21240.649
300916,2026-03-19,29.09,-0.025461,14220.38,41653.428
300917,2026-03-19,33.92,-0.036637,54341.57,186391.626
300918,2026-03-19,14.63,-0.036865999999999996,51341.57,75755.125
300919,2026-03-19,47.85,-0.039157000000000004,117061.17,562449.691
300920,2026-03-19,39.4,-0.033129,13424.11,53428.017
300921,2026-03-19,27.72,0.008367,162509.83,453220.511
300922,2026-03-19,19.88,-0.029297,26432.4,52942.327
300923,2026-03-19,27.59,-0.045989,20141.0,56449.614
300925,2026-03-19,19.61,-0.020969,71883.44,141614.082
300926,2026-03-19,29.2,-0.00714,33398.29,97441.237
300927,2026-03-19,32.03,-0.072401,148962.27,495472.48
300928,2026-03-19,31.55,-0.028633000000000002,9586.0,30476.104
300929,2026-03-19,12.38,-0.027494,32727.72,40947.749
300930,2026-03-19,30.44,-0.041260000000000005,13325.6,40936.331
300931,2026-03-19,12.79,-0.019923,47684.13,61430.024
300932,2026-03-19,14.16,-0.052843,175663.15,250839.526
300933,2026-03-19,8.51,-0.018453999999999998,142644.55,122522.134
300935,2026-03-19,31.99,-0.038473,12398.0,40042.965
300936,2026-03-19,59.93,-0.063594,72486.73,440770.743
300937,2026-03-19,30.61,-0.030716,14056.58,43364.919
300938,2026-03-19,39.0,-0.038935,68276.77,269168.514
300939,2026-03-19,40.06,-0.0014960000000000002,69247.1,273496.539
300940,2026-03-19,23.57,-0.026435,33997.2,80662.528
300941,2026-03-19,21.77,-0.009554,31376.5,68886.117
300942,2026-03-19,9.22,-0.029474,47151.0,43935.702
300943,2026-03-19,30.13,-0.063704,112343.94,343346.359
300945,2026-03-19,16.06,-0.042337999999999994,106939.48,173455.434
300946,2026-03-19,45.78,-0.033566,10625.84,49154.36
300947,2026-03-19,17.54,-0.033076,25893.75,45842.886
300948,2026-03-19,22.02,-0.036745,60397.47,134186.785
300949,2026-03-19,41.14,-0.027193000000000002,6551.0,27301.939
300950,2026-03-19,21.87,-0.032729,20273.98,44729.329
300951,2026-03-19,37.22,-0.031234,15348.51,57735.85
300952,2026-03-19,38.86,-0.02239,62812.91,249673.124
300953,2026-03-19,158.13,-0.054585999999999996,39057.87,625155.411
300955,2026-03-19,34.22,-0.020887,16066.76,55069.278
300956,2026-03-19,15.78,-0.030116999999999998,35914.24,57082.185
300957,2026-03-19,40.86,-0.025519,47568.58,195534.645
300958,2026-03-19,14.15,-0.018724,30324.0,43363.727
300959,2026-03-19,80.87,-0.046007,25244.76,206082.834
300960,2026-03-19,24.1,-0.032905000000000004,11918.6,29009.308
300961,2026-03-19,14.99,-0.053662,232446.19,352243.816
300962,2026-03-19,17.55,0.014451,70826.58,123603.827
300963,2026-03-19,18.92,-0.043962,91318.78,176334.018
300964,2026-03-19,66.52,-0.021333,55451.23,371479.816
300965,2026-03-19,53.88,-0.033542999999999996,4990.14,27140.562
300966,2026-03-19,20.7,-0.028169,14854.0,31005.014
300967,2026-03-19,19.02,-0.032553,61297.53,117531.807
300968,2026-03-19,12.65,-0.007064,52405.0,66546.935
300969,2026-03-19,131.98,-0.054178,20274.99,270909.727
300970,2026-03-19,23.97,-0.023227,28654.94,69253.286
300971,2026-03-19,23.09,-0.039917,28561.25,66834.856
300972,2026-03-19,189.63,-0.027987,20990.97,403066.098
300973,2026-03-19,34.46,-0.042778000000000004,35568.64,123727.785
300975,2026-03-19,18.56,-0.0048259999999999996,819092.31,1519268.605
300976,2026-03-19,56.27,-0.024107,10855.84,61458.468
300977,2026-03-19,19.32,-0.024242,18801.0,36600.041
300978,2026-03-19,11.78,-0.024027,42422.29,50211.798
300979,2026-03-19,46.53,-0.020421,14182.0,66326.711
300980,2026-03-19,33.76,-0.035153,24900.5,85234.397
300981,2026-03-19,15.57,-0.07044800000000001,283627.41,473516.372
300982,2026-03-19,25.96,-0.018154,56900.92,148563.815
300983,2026-03-19,30.08,-0.041122,12923.67,39562.814
300984,2026-03-19,56.9,-0.046582,19979.74,114910.201
300985,2026-03-19,22.9,-0.025945999999999997,34688.8,79791.193
300986,2026-03-19,25.55,-0.076283,408932.67,1059701.087
300987,2026-03-19,18.06,-0.022727,32877.1,59741.49
300988,2026-03-19,26.81,-0.034222,34597.33,93399.965
300989,2026-03-19,14.98,-0.029793,24968.99,37666.138
300990,2026-03-19,85.23,-0.003041,50719.02,438357.765
300991,2026-03-19,56.64,-0.039674,21384.96,122785.968
300992,2026-03-19,30.95,-0.003221,38954.0,122691.25
300993,2026-03-19,12.74,-0.026737999999999998,26677.76,34252.158
300994,2026-03-19,14.99,-0.029144999999999997,20058.0,30361.735
300995,2026-03-19,34.36,-0.04899,13474.18,46950.201
300996,2026-03-19,16.96,-0.028079999999999997,56332.48,96424.901
300997,2026-03-19,19.91,-0.015331,41385.45,82772.779
300998,2026-03-19,23.52,-0.02528,24236.0,57217.168
300999,2026-03-19,30.24,-0.010794999999999999,153453.18,467459.427
301000,2026-03-19,30.93,-0.039143,35245.69,110000.748
301001,2026-03-19,30.22,-0.027982999999999997,9540.49,29004.742
301002,2026-03-19,35.77,-0.063367,37441.12,134700.461
301003,2026-03-19,51.7,0.0038829999999999997,24291.85,125629.214
301004,2026-03-19,49.48,-0.01395,6535.74,32272.392
301005,2026-03-19,148.8,-0.019763,78919.4,1178428.624
301006,2026-03-19,17.95,-0.0365,16507.0,29949.5
301007,2026-03-19,34.16,-0.029821,19903.71,68442.174
301008,2026-03-19,30.25,-0.029827,13245.94,40415.775
301009,2026-03-19,11.8,-0.027205,23009.0,27465.829
301010,2026-03-19,23.76,-0.003774,68210.2,164427.496
301011,2026-03-19,23.33,-0.02548,18073.57,42669.296
301012,2026-03-19,31.78,-0.029025,157571.24,505589.449
301013,2026-03-19,22.94,-0.044167,83996.09,194780.361
301015,2026-03-19,21.86,-0.024977999999999997,24306.47,53466.735
301016,2026-03-19,23.1,-0.038702,21600.37,50417.227
301017,2026-03-19,14.21,-0.022696,39622.19,56472.817
301018,2026-03-19,94.91,-0.037229,91879.44,881731.21
301019,2026-03-19,21.3,-0.026953,11652.89,25013.507
301020,2026-03-19,21.65,-0.03132,19355.16,42157.583
301021,2026-03-19,52.06,-0.038951,42442.04,223215.067
301022,2026-03-19,34.97,0.03707,69446.16,242237.542
301023,2026-03-19,41.29,-0.037305000000000005,11570.16,48415.348
301024,2026-03-19,37.57,-0.026936,8794.0,33029.64
301025,2026-03-19,11.25,-0.0017749999999999999,78927.24,88577.08
301026,2026-03-19,28.22,-0.047908,47052.59,134328.862
301027,2026-03-19,24.05,-0.0037280000000000004,120379.02,289475.493
301028,2026-03-19,14.24,-0.038488,34796.0,49960.931
301029,2026-03-19,25.17,-0.030805,86624.42,220004.706
301030,2026-03-19,12.47,-0.020424,94069.78,118270.962
301031,2026-03-19,143.39,0.016662,26393.92,375966.955
301032,2026-03-19,13.14,-0.036657,62052.0,82473.451
301033,2026-03-19,62.59,-0.036781,5448.45,34449.933
301035,2026-03-19,75.49,-0.01808,15408.0,117091.246
301036,2026-03-19,28.88,-0.039255,13629.0,39802.005
301037,2026-03-19,15.32,-0.04607700000000001,22443.12,34981.983
301038,2026-03-19,21.52,-0.036274,42297.5,92150.336
301039,2026-03-19,8.52,-0.042697000000000006,181451.0,156143.501
301040,2026-03-19,43.01,0.051075,125139.19,534979.64
301041,2026-03-19,29.58,-0.032385000000000004,52841.01,157836.944
301042,2026-03-19,92.0,-0.027484,9915.0,91283.869
301043,2026-03-19,57.23,-0.029342,11730.0,67257.163
301045,2026-03-19,45.63,-0.030593,30854.78,141585.298
301046,2026-03-19,25.95,-0.011052,35812.85,93235.907
301047,2026-03-19,71.31,-0.019794,5958.4,42766.67
301048,2026-03-19,10.58,-0.026678999999999998,35028.0,37297.238
301049,2026-03-19,23.42,-0.037007,11239.0,26612.162
301050,2026-03-19,48.51,-0.021779000000000003,41481.6,202416.339
301051,2026-03-19,22.6,0.033379,61508.8,137425.778
301052,2026-03-19,36.9,0.033613,87126.6,320731.881
301053,2026-03-19,35.66,-0.04217,27660.08,100369.625
301055,2026-03-19,19.8,-0.029411999999999997,16599.0,33196.042
301056,2026-03-19,14.62,-0.040682,24130.0,35744.694
301057,2026-03-19,38.0,-0.079234,45057.51,174930.5
301058,2026-03-19,10.22,-0.027593,97233.0,100435.117
301059,2026-03-19,14.1,-0.030928,39354.8,56061.625
301060,2026-03-19,10.29,-0.02741,46463.0,48367.508
301061,2026-03-19,78.0,-0.048780000000000004,12610.95,99849.628
301062,2026-03-19,8.46,-0.019699,53170.0,45427.242
301063,2026-03-19,26.11,-0.031169,59839.36,160350.965
301065,2026-03-19,23.64,-0.039415,15261.0,36515.523
301066,2026-03-19,14.59,-0.032493,41904.16,61557.422
301067,2026-03-19,31.8,-0.028711,17620.66,56522.896
301068,2026-03-19,34.98,-0.0014269999999999999,47822.13,168611.78
301069,2026-03-19,21.2,-0.038549,78849.72,169011.701
301070,2026-03-19,67.07,0.012072000000000001,42662.0,286622.565
301071,2026-03-19,43.15,-0.058887999999999996,117179.85,510491.129
301072,2026-03-19,23.1,-0.046243,14389.0,33671.882
301073,2026-03-19,27.88,-0.015537,33309.38,93235.61
301075,2026-03-19,80.89,-0.034149,7095.08,58155.244
301076,2026-03-19,37.84,-0.044686000000000003,38275.09,146479.533
301077,2026-03-19,28.09,-0.041624,19810.84,56500.862
301078,2026-03-19,8.66,-0.026966,260555.54,227291.092
301079,2026-03-19,38.0,-0.033079,49252.12,187758.171
301080,2026-03-19,42.24,-0.038031999999999996,35156.88,149864.574
301081,2026-03-19,14.04,-0.025,59273.85,84036.262
301082,2026-03-19,18.33,-0.026553,58355.2,108021.138
301083,2026-03-19,19.22,0.0,35946.16,70142.424
301085,2026-03-19,67.59,0.059903000000000005,115988.12,786667.848
301086,2026-03-19,122.31,-0.015297,16131.0,198865.029
301087,2026-03-19,55.73,-0.053177,38286.11,216588.052
301088,2026-03-19,14.55,-0.018881,19686.0,28759.453
301089,2026-03-19,28.45,-0.021664,17774.97,51287.582
301090,2026-03-19,8.45,-0.057971,332344.05,286833.003
301091,2026-03-19,23.38,-0.033884,43791.47,103136.454
301092,2026-03-19,34.44,-0.06158,28933.16,101688.671
301093,2026-03-19,89.21,-0.008778000000000001,37021.89,331958.647
301095,2026-03-19,70.0,-0.029799000000000003,34360.46,241769.541
301096,2026-03-19,51.7,-0.012794000000000002,17049.44,88164.45
301097,2026-03-19,55.29,-0.045407,8172.0,45647.536
301098,2026-03-19,8.93,-0.034595,45521.44,41355.674
301099,2026-03-19,50.7,-0.032073,128849.68,658741.786
301100,2026-03-19,19.97,-0.028224,22307.0,45445.709
301101,2026-03-19,34.65,-0.022291,20075.35,69928.697
301102,2026-03-19,11.29,-0.013111999999999999,30049.01,34181.811
301103,2026-03-19,20.65,-0.029605000000000003,15598.9,32504.91
301105,2026-03-19,56.96,-0.031293,9334.0,53371.755
301106,2026-03-19,31.99,-0.030606,13473.5,43025.563
301107,2026-03-19,29.18,-0.037281,13337.86,39393.553
301108,2026-03-19,30.08,-0.029990000000000003,11272.8,34346.563
301109,2026-03-19,16.84,-0.017503,62724.58,106032.632
301110,2026-03-19,58.56,-0.029660000000000002,18651.91,109858.493
301111,2026-03-19,19.36,-0.025175999999999997,23961.64,46568.414
301112,2026-03-19,33.88,-0.035033,7414.22,25339.677
301113,2026-03-19,26.05,-0.042279,12155.82,31990.063
301115,2026-03-19,21.92,-0.033936,53413.2,118572.771
301116,2026-03-19,10.46,-0.035055,46626.0,49305.23
301117,2026-03-19,44.89,-0.039169999999999996,56369.32,254814.006
301118,2026-03-19,24.8,-0.055237999999999995,52177.0,132356.455
301119,2026-03-19,45.37,-0.02262,8586.8,39138.913
301120,2026-03-19,23.47,-0.032564,151305.5,356688.527
301121,2026-03-19,37.92,-0.026944,16060.0,61438.941
301122,2026-03-19,32.3,-0.006765,12536.16,40355.421
301123,2026-03-19,55.08,-0.031816,43580.49,241889.387
301125,2026-03-19,21.64,-0.086534,78240.48,174830.881
301126,2026-03-19,11.68,-0.033912,35647.62,42110.582
301127,2026-03-19,17.13,-0.026705,141705.23,246386.446
301128,2026-03-19,135.25,0.040225,150075.23,1994764.927
301129,2026-03-19,26.54,-0.034558,26214.2,70396.347
301130,2026-03-19,30.78,-0.026873,10215.33,31782.78
301131,2026-03-19,43.17,-0.033363000000000004,9231.02,40159.256
301132,2026-03-19,39.82,-0.017033,48053.71,191750.398
301133,2026-03-19,39.31,-0.053455,32819.18,130645.099
301135,2026-03-19,29.22,-0.02859,12476.0,36768.846
301136,2026-03-19,15.9,-0.026332,47709.79,76469.66
301137,2026-03-19,47.74,-0.05931,70076.74,339874.696
301138,2026-03-19,35.92,-0.033889,12199.29,44183.561
301139,2026-03-19,18.34,-0.028087,35976.02,66641.499
301141,2026-03-19,50.7,-0.044657999999999996,23953.75,122673.156
301148,2026-03-19,48.92,-0.031286999999999995,14147.73,69490.393
301149,2026-03-19,12.15,-0.004098,74718.47,90554.952
301150,2026-03-19,47.35,-0.044978,93047.99,448008.252
301151,2026-03-19,19.01,-0.030102000000000004,13579.86,26024.201
301152,2026-03-19,27.28,-0.043814,30882.0,85468.712
301153,2026-03-19,21.81,-0.005472,44545.95,97211.412
301155,2026-03-19,82.66,-0.023509000000000002,42443.68,355448.27
301156,2026-03-19,19.81,-0.019792,26809.1,53246.89
301157,2026-03-19,61.93,0.003402,35720.62,222627.035
301158,2026-03-19,26.9,0.017398,195367.99,533300.837
301159,2026-03-19,48.52,0.008313000000000001,49310.05,238194.627
301160,2026-03-19,61.41,-0.037309999999999996,18521.44,115734.601
301161,2026-03-19,31.07,-0.028151000000000002,15179.0,47365.167
301162,2026-03-19,70.9,0.020144000000000002,38504.95,269175.325
301163,2026-03-19,30.6,-0.042853,31759.56,98676.685
301165,2026-03-19,88.67,-0.013023,89879.85,804911.106
301166,2026-03-19,33.98,-0.011921999999999999,67129.36,231732.522
301167,2026-03-19,17.32,-0.030778,19951.2,35006.508
301168,2026-03-19,40.83,-0.036801,16292.03,66988.734
301169,2026-03-19,55.28,-0.020553,24180.53,135318.901
301170,2026-03-19,29.75,-0.031259999999999996,11672.0,35038.251
301171,2026-03-19,46.79,-0.030861999999999997,160423.45,754160.667
301172,2026-03-19,26.17,-0.034317,39771.4,104803.584
301173,2026-03-19,44.62,-0.016747,6912.4,31019.721
301175,2026-03-19,6.79,-0.020202,341075.41,232854.849
301176,2026-03-19,28.54,-0.028591000000000002,53694.0,154188.971
301177,2026-03-19,29.09,-0.022841999999999998,13433.82,39276.344
301178,2026-03-19,50.16,-0.019163,9896.0,49953.641
301179,2026-03-19,22.65,0.008459,198611.21,448072.232
301180,2026-03-19,22.89,0.064651,243712.81,536137.588
301181,2026-03-19,43.51,0.015877,38485.16,167151.477
301182,2026-03-19,57.36,-0.053621999999999996,46873.65,274241.345
301183,2026-03-19,140.02,-0.02207,21159.01,298274.938
301185,2026-03-19,19.93,-0.024474,28675.78,57384.103
301186,2026-03-19,52.6,0.012902,39526.73,210123.632
301187,2026-03-19,21.2,-0.028859,17026.2,36446.227
301188,2026-03-19,17.0,-0.05608,55898.59,96753.521
301189,2026-03-19,44.8,-0.002893,48244.47,219603.234
301190,2026-03-19,22.96,-0.039331,19878.0,46364.11
301191,2026-03-19,128.3,0.0028139999999999997,79511.05,1048857.314
301192,2026-03-19,27.71,-0.018071999999999998,17214.5,48400.012
301193,2026-03-19,23.17,-0.037391,45477.89,106815.132
301195,2026-03-19,35.33,0.041567999999999994,41512.87,146776.708
301196,2026-03-19,86.57,-0.035969,39212.02,340527.84
301197,2026-03-19,23.0,-0.029535999999999996,30622.8,70179.408
301198,2026-03-19,15.46,-0.039752,43805.32,68419.621
301199,2026-03-19,23.24,-0.030455,15081.0,35324.195
301200,2026-03-19,152.81,-0.032787000000000004,37456.85,575432.231
301201,2026-03-19,40.87,-0.042409,20659.91,85432.692
301202,2026-03-19,39.95,-0.033156,17805.0,71964.972
301203,2026-03-19,43.13,-0.015522000000000001,12849.0,56135.175
301205,2026-03-19,218.73,0.003303,98627.57,2158325.798
301206,2026-03-19,26.46,-0.028277999999999998,16674.14,44469.063
301207,2026-03-19,19.2,-0.025381,48187.93,93004.532
301208,2026-03-19,37.12,-0.002419,18265.01,68385.006
301209,2026-03-19,89.63,-0.014946999999999998,8605.69,77448.9
301210,2026-03-19,38.39,-0.030556,19775.02,76501.535
301211,2026-03-19,12.05,-0.027441,34950.85,42386.0
301212,2026-03-19,28.86,-0.049407,16960.0,49759.802
301213,2026-03-19,72.7,0.012958,27492.1,199269.851
301215,2026-03-19,6.39,-0.016923,99772.0,64037.805
301216,2026-03-19,26.82,0.022493,273867.74,735612.677
301217,2026-03-19,38.39,-0.048811,216661.95,841949.832
301218,2026-03-19,35.19,-0.052249,56058.8,199692.429
301219,2026-03-19,61.25,-0.047138,58696.16,362286.075
301220,2026-03-19,44.9,-0.027296,63843.08,288701.22
301221,2026-03-19,52.7,-0.018987,13466.76,71245.946
301222,2026-03-19,33.87,-0.022229000000000002,23838.06,80543.585
301223,2026-03-19,20.51,-0.04293,49174.05,101900.017
301225,2026-03-19,101.4,-0.043667,11659.59,119480.758
301226,2026-03-19,37.75,-0.053884999999999995,103083.46,394463.369
301227,2026-03-19,38.87,-0.041193999999999995,17160.65,67623.252
301228,2026-03-19,41.99,-0.068338,33459.0,143597.148
301229,2026-03-19,18.6,-0.0026810000000000002,28259.76,52758.484
301230,2026-03-19,37.46,-0.043899999999999995,45318.18,171674.397
301231,2026-03-19,34.48,-0.012034,36716.55,126712.792
301232,2026-03-19,169.51,-0.03358,30931.03,528838.935
301233,2026-03-19,52.16,-0.028859,6543.0,34204.148
301234,2026-03-19,38.81,-0.031445,11445.0,45258.149
301235,2026-03-19,49.13,-0.016810000000000002,54767.22,270568.474
301236,2026-03-19,41.93,-0.07521,300885.6,1282901.553
301237,2026-03-19,57.22,-0.015993,10962.0,62876.444
301238,2026-03-19,19.58,-0.02051,70238.8,138092.401
301239,2026-03-19,34.93,-0.03241,19285.3,68168.504
301246,2026-03-19,20.12,-0.033622,57493.98,117044.48
301248,2026-03-19,66.62,0.106645,188965.67,1213938.101
301251,2026-03-19,62.0,-0.054446,54549.63,340945.995
301252,2026-03-19,38.0,-0.039191,27135.95,104306.508
301255,2026-03-19,25.63,-0.027324,8737.78,22560.709
301256,2026-03-19,13.85,-0.036857,116255.92,162343.29
301257,2026-03-19,53.05,-0.041207,25021.26,134065.507
301258,2026-03-19,33.45,-0.021358000000000002,9881.0,33187.12
301259,2026-03-19,33.94,0.005928,45213.78,156026.834
301260,2026-03-19,15.42,-0.030798000000000002,25040.0,38919.805
301261,2026-03-19,82.44,0.0056110000000000005,15507.53,126234.818
301262,2026-03-19,24.56,-0.019952,33829.99,83504.263
301263,2026-03-19,26.72,-0.024817999999999996,33542.8,90015.551
301265,2026-03-19,21.61,-0.011436,144615.07,312405.547
301266,2026-03-19,52.09,0.018975,68362.77,345544.181
301267,2026-03-19,17.22,-0.018244,31861.5,55082.342
301268,2026-03-19,21.03,-0.029085999999999997,32355.0,68581.651
301269,2026-03-19,88.04,-0.027075000000000002,42892.99,378971.231
301270,2026-03-19,34.65,-0.028595000000000002,21897.12,76393.571
301272,2026-03-19,41.91,-0.026255,8746.99,37175.338
301273,2026-03-19,31.26,-0.03578,13033.0,41613.487
301275,2026-03-19,41.94,-0.055404999999999996,70899.77,302004.115
301276,2026-03-19,23.94,-0.049623,18879.8,45853.883
301277,2026-03-19,12.13,-0.03115,24195.0,29666.138
301278,2026-03-19,42.47,-0.041958,42180.4,180982.446
301279,2026-03-19,27.7,-0.033496,13895.84,38816.093
301280,2026-03-19,54.58,-0.021162,10278.9,56458.059
301281,2026-03-19,50.26,0.021751999999999997,52482.0,263454.387
301282,2026-03-19,34.8,-0.047618999999999995,182355.55,640029.786
301283,2026-03-19,45.45,-0.043761999999999995,8658.65,39794.887
301285,2026-03-19,76.06,-0.022993,20958.17,160701.399
301286,2026-03-19,45.09,-0.049936999999999995,18739.0,85614.223
301287,2026-03-19,42.01,-0.034031,7407.0,31432.996
301288,2026-03-19,17.73,-0.045233999999999996,10423.0,18674.862
301289,2026-03-19,54.3,-0.023381,5722.68,31221.265
301290,2026-03-19,27.02,-0.04523,18261.0,49948.287
301291,2026-03-19,57.09,-0.039212,93689.31,539001.601
301292,2026-03-19,59.54,-0.056119,123398.02,755301.266
301293,2026-03-19,72.52,-0.045788999999999996,128192.56,935735.022
301295,2026-03-19,33.43,-0.049204,15149.4,51368.16
301296,2026-03-19,8.02,-0.023142999999999997,31334.0,25382.961
301297,2026-03-19,35.04,-0.021229,33971.94,119490.746
301298,2026-03-19,16.37,-0.029063,18995.0,31402.912
301299,2026-03-19,69.19,-0.005175999999999999,35348.58,247009.993
301300,2026-03-19,44.15,-0.051761,15012.0,67400.919
301301,2026-03-19,11.1,-0.031414,191943.66,215008.4
301302,2026-03-19,29.36,0.043726,223447.33,651316.001
301303,2026-03-19,15.59,-0.023183,26488.49,41695.369
301305,2026-03-19,25.36,-0.020849000000000003,34897.06,89216.066
301306,2026-03-19,141.7,0.07994799999999999,162273.5,2238431.138
301307,2026-03-19,41.23,-0.043830999999999995,95057.2,396147.339
301308,2026-03-19,356.5,-0.007793,212697.9,7582666.855
301309,2026-03-19,32.32,-0.059371,30952.47,102258.167
301310,2026-03-19,37.18,-0.024659,6165.53,23051.401
301311,2026-03-19,17.36,-0.030709,30527.85,53524.613
301312,2026-03-19,77.66,0.001031,39799.97,314240.442
301313,2026-03-19,31.49,-0.019309,22931.0,72284.418
301314,2026-03-19,46.6,-0.029167000000000002,11979.37,56614.416
301315,2026-03-19,51.97,-0.017023,14904.47,77854.074
301316,2026-03-19,45.5,-0.012801,129604.03,602287.699
301317,2026-03-19,53.15,-0.032052,32767.0,175410.129
301318,2026-03-19,28.94,-0.023946000000000002,8411.0,24524.982
301319,2026-03-19,42.0,-0.031589,19365.56,81863.405
301320,2026-03-19,17.72,-0.034332,23669.0,42438.371
301321,2026-03-19,20.13,-0.02988,34083.7,69374.717
301322,2026-03-19,31.38,-0.028784,22453.5,71184.4
301323,2026-03-19,52.2,-0.045004999999999996,16618.9,88011.045
301325,2026-03-19,46.62,-0.038565,23495.26,110765.985
301326,2026-03-19,133.34,-0.018332,9841.75,132766.759
301327,2026-03-19,61.41,0.030023,52481.99,325673.114
301328,2026-03-19,48.53,-0.026869999999999998,9034.4,44099.48
301329,2026-03-19,23.06,-0.027415,25242.17,58648.075
301330,2026-03-19,36.54,-0.033333,38879.55,142917.294
301331,2026-03-19,27.01,-0.028416999999999998,8683.36,23698.826
301332,2026-03-19,9.38,-0.019854,26024.12,24679.387
301333,2026-03-19,58.49,-0.0391,17819.85,105076.658
301335,2026-03-19,26.3,-0.026646999999999997,13651.0,36177.054
301336,2026-03-19,53.58,-0.031278,7281.0,39368.248
301337,2026-03-19,30.18,-0.022351999999999997,12071.28,36601.024
301338,2026-03-19,175.71,-0.005265,32465.24,573509.466
301339,2026-03-19,14.08,-0.003539,49849.0,70484.96
301345,2026-03-19,199.09,-0.049690000000000005,10059.5,201978.899
301348,2026-03-19,28.05,-0.053963000000000004,227254.35,643017.554
301349,2026-03-19,50.65,-0.024273,24514.63,125909.1
301353,2026-03-19,28.28,-0.036457,8392.0,24004.354
301355,2026-03-19,12.61,-0.033715999999999996,29985.66,38101.181
301356,2026-03-19,22.22,-0.028422,14521.87,32601.317
301357,2026-03-19,114.91,-0.031195,15222.5,177315.924
301358,2026-03-19,73.52,-0.046062000000000006,257148.66,1922346.152
301359,2026-03-19,21.45,-0.037253,17838.0,38847.96
301360,2026-03-19,69.25,-0.028069999999999998,11499.0,80629.85
301361,2026-03-19,40.55,-0.042051,42577.39,174770.873
301362,2026-03-19,98.22,-0.046963,32817.82,324778.229
301363,2026-03-19,26.29,-0.031319,78412.03,207671.453
301365,2026-03-19,28.02,0.0050219999999999996,64759.42,181544.975
301366,2026-03-19,33.3,-0.0359,21433.42,71915.22
301367,2026-03-19,69.87,-0.027557,9199.45,64439.404
301368,2026-03-19,54.68,-0.030496,15076.06,82833.754
301369,2026-03-19,145.8,-0.029682,16066.5,231347.21
301370,2026-03-19,10.87,-0.026858,34231.0,37503.896
301371,2026-03-19,23.71,-0.013727,17349.1,41377.705
301372,2026-03-19,27.22,-0.022972000000000003,13744.28,37717.451
301373,2026-03-19,70.0,-0.054054000000000005,76209.91,535218.262
301376,2026-03-19,17.13,-0.025596999999999998,24704.0,42764.724
301377,2026-03-19,179.98,-0.039952999999999995,24444.75,442765.261
301378,2026-03-19,33.58,-0.025537,18594.16,62794.211
301379,2026-03-19,26.78,-0.037037,60438.54,162472.082
301380,2026-03-19,33.92,-0.021915,13109.26,44814.107
301381,2026-03-19,20.16,-0.021834,25415.89,51488.577
301382,2026-03-19,38.4,-0.006468000000000001,221357.65,846419.443
301383,2026-03-19,29.24,-0.050341,22560.82,67300.954
301386,2026-03-19,25.49,-0.033371,22562.0,58209.142
301387,2026-03-19,55.42,-0.040346,12862.39,71987.19
301388,2026-03-19,35.37,-0.021847,34670.05,123773.42
301389,2026-03-19,55.32,-0.051766,113665.41,628000.515
301390,2026-03-19,39.3,-0.029869,9368.0,37153.036
301391,2026-03-19,67.24,-0.028324,14246.23,95625.619
301392,2026-03-19,120.05,-0.027226,24336.04,291118.816
301393,2026-03-19,50.33,-0.022529,7638.34,38694.547
301395,2026-03-19,15.32,-0.047264,46288.75,72634.626
301396,2026-03-19,178.53,0.134749,167656.48,2954626.694
301397,2026-03-19,30.68,-0.009684,22713.8,70316.804
301398,2026-03-19,49.15,-0.034571,14302.95,71074.792
301399,2026-03-19,22.04,-0.030783,77757.77,172686.502
301408,2026-03-19,17.5,-0.032080000000000004,55785.06,98408.799
301413,2026-03-19,116.32,-0.036687,21335.5,250543.277
301418,2026-03-19,38.42,-0.029798,8122.0,31461.458
301419,2026-03-19,39.44,0.015186999999999999,105350.06,416783.088
301421,2026-03-19,87.21,-0.04333,34172.79,302116.437
301428,2026-03-19,38.42,-0.034430999999999996,179289.22,700488.77
301429,2026-03-19,20.26,-0.047037,15669.33,32405.233
301439,2026-03-19,16.37,-0.029638,66997.12,110984.169
301446,2026-03-19,38.84,-0.033831,7155.8,27922.573
301448,2026-03-19,39.49,-0.040805999999999995,7266.5,28955.194
301449,2026-03-19,86.01,-0.081874,40891.81,355379.689
301456,2026-03-19,31.06,-0.038688,37730.52,118834.367
301458,2026-03-19,36.1,-0.043709,41669.99,152393.054
301459,2026-03-19,38.48,-0.027054,8802.39,34302.017
301468,2026-03-19,50.97,-0.049599000000000004,45735.54,235489.765
301469,2026-03-19,32.71,-0.034819,11546.89,38165.375
301479,2026-03-19,96.16,-0.014148,20738.86,198856.244
301486,2026-03-19,153.15,-0.000718,61847.17,954122.283
301487,2026-03-19,21.74,-0.038053,126798.23,278366.828
301488,2026-03-19,132.72,-0.018343,7483.04,99681.664
301489,2026-03-19,181.74,0.024696,49779.44,913839.027
301491,2026-03-19,55.54,-0.037267999999999996,18142.55,101813.15
301498,2026-03-19,55.04,-0.02842,24730.2,136889.716
301499,2026-03-19,33.76,0.006259,39472.72,134464.791
301500,2026-03-19,19.69,-0.06991,212575.95,424212.502
301501,2026-03-19,39.03,-0.013397,8776.32,34597.302
301502,2026-03-19,44.01,-0.035503,9791.0,43612.841
301503,2026-03-19,37.27,-0.034956,8392.0,31577.653
301505,2026-03-19,23.46,-0.038918,27663.04,65654.024
301507,2026-03-19,14.45,-0.023649,29314.98,42672.728
301508,2026-03-19,30.87,-0.016252,15213.34,47110.635
301509,2026-03-19,40.05,0.041070999999999996,112941.4,447355.499
301510,2026-03-19,32.51,-0.026938,47399.08,154917.516
301511,2026-03-19,36.95,-0.058599,259314.79,973802.975
301512,2026-03-19,47.21,-0.032185,6137.32,29324.365
301515,2026-03-19,23.12,-0.021168999999999997,14333.0,33312.93
301516,2026-03-19,19.0,-0.009385,66842.13,127978.881
301517,2026-03-19,57.61,0.005586,55971.1,323201.408
301518,2026-03-19,41.2,-0.042973,24616.73,102259.353
301519,2026-03-19,14.82,-0.034527999999999996,22141.84,33164.05
301520,2026-03-19,41.28,-0.034612,5903.26,24547.669
301522,2026-03-19,32.58,-0.036379999999999996,58367.39,191967.9
301525,2026-03-19,79.25,-0.038228,19237.72,153747.839
301526,2026-03-19,11.29,-0.04322,753466.49,860005.047
301528,2026-03-19,60.5,-0.027330999999999998,5008.99,30504.445
301529,2026-03-19,105.64,-0.056786,19680.12,210260.38
301533,2026-03-19,33.28,-0.024333,9920.75,33289.358
301535,2026-03-19,26.23,-0.070188,57157.57,150736.059
301536,2026-03-19,75.41,-0.046047000000000005,74961.5,570775.396
301538,2026-03-19,75.55,-0.048009,8383.98,63987.156
301539,2026-03-19,19.74,-0.034247,21500.0,42794.979
301548,2026-03-19,73.16,-0.051226,16922.0,125200.406
301550,2026-03-19,140.0,-0.042603999999999996,41468.16,586271.653
301551,2026-03-19,31.4,-0.020280999999999997,29077.57,91824.791
301552,2026-03-19,39.48,-0.041515,12639.9,50565.822
301555,2026-03-19,37.77,-0.086578,70635.69,272188.871
301556,2026-03-19,89.37,-0.030379,12805.39,115351.205
301557,2026-03-19,107.46,-0.029093,14190.66,152756.171
301558,2026-03-19,8.59,-0.019406,77855.15,67288.462
301559,2026-03-19,17.29,-0.026463999999999998,23897.37,41779.249
301560,2026-03-19,38.2,-0.033889999999999997,29148.44,112975.789
301563,2026-03-19,161.28,-0.038741,25399.85,407020.817
301565,2026-03-19,21.92,-0.030517,32539.06,71996.841
301566,2026-03-19,22.66,-0.026214,142354.4,322347.141
301567,2026-03-19,44.65,-0.038958,10818.55,48797.239
301568,2026-03-19,53.29,-0.020764,39849.7,213383.713
301571,2026-03-19,60.12,-0.023073999999999997,24937.11,150580.124
301575,2026-03-19,48.58,-0.036302,11436.82,56158.749
301577,2026-03-19,65.85,-0.031618,11905.01,79247.684
301578,2026-03-19,34.49,-0.025431,8219.4,28580.069
301580,2026-03-19,72.11,-0.045027,51046.1,372525.356
301581,2026-03-19,49.06,-0.011485,6074.43,29906.067
301584,2026-03-19,28.91,-0.030191,46968.27,137799.825
301585,2026-03-19,30.16,-0.012119,10749.9,32772.0
301586,2026-03-19,45.15,-0.026309999999999997,8548.16,38885.5
301587,2026-03-19,24.45,-0.025508000000000003,25441.41,62765.144
301588,2026-03-19,25.4,-0.034954,48934.63,125211.388
301589,2026-03-19,170.0,-0.018249,5187.36,88767.165
301590,2026-03-19,185.18,-0.055059,9516.63,178680.133
301591,2026-03-19,42.81,-0.038194,24756.2,107438.423
301592,2026-03-19,113.5,-0.011324,5404.71,61505.82
301595,2026-03-19,60.25,-0.015523,8832.0,53205.015
301596,2026-03-19,67.04,-0.036643,7133.8,48289.696
301598,2026-03-19,62.0,-0.03125,4511.0,28136.581
301600,2026-03-19,106.14,-0.031127,8917.75,95243.003
301601,2026-03-19,26.72,-0.030831,10052.9,27173.135
301602,2026-03-19,20.96,-0.023754,14761.52,31170.529
301603,2026-03-19,68.56,-0.018749000000000002,15030.65,103311.273
301606,2026-03-19,70.64,-0.031533000000000005,70972.3,506702.237
301607,2026-03-19,48.75,-0.011156,35519.28,172928.539
301608,2026-03-19,83.6,-0.026322,6657.0,56005.325
301609,2026-03-19,56.27,0.014421999999999999,85716.51,478828.533
301611,2026-03-19,102.98,-0.034955,59538.0,618062.656
301613,2026-03-19,47.1,-0.032059000000000004,12053.04,57440.47
301616,2026-03-19,49.49,-0.03453,8056.57,40300.978
301617,2026-03-19,59.18,-0.01678,14603.97,87497.563
301618,2026-03-19,51.49,0.026105999999999997,14959.01,76260.74
301622,2026-03-19,62.56,-0.039164,18455.3,116395.363
301626,2026-03-19,242.0,0.017447999999999998,33138.42,778945.516
301628,2026-03-19,107.13,-0.029443999999999998,17461.3,188801.957
301629,2026-03-19,290.0,-0.026192000000000003,12647.98,367480.222
301630,2026-03-19,182.86,-0.054156,9702.94,179896.853
301631,2026-03-19,91.77,-0.008535000000000001,11743.24,108369.242
301632,2026-03-19,22.95,-0.031646,40013.07,93190.27
301633,2026-03-19,66.63,-0.041295,8627.0,58061.537
301636,2026-03-19,77.17,-0.020561,30734.46,241980.217
301638,2026-03-19,30.34,-0.025064000000000003,492410.47,1496839.263
301656,2026-03-19,25.4,-0.02682,63727.54,163261.086
301658,2026-03-19,50.29,0.041201,197037.92,1005102.865
301662,2026-03-19,149.11,-0.01636,6986.35,105270.27
301665,2026-03-19,28.23,-0.053954,48630.05,139272.153
301667,2026-03-19,101.25,-0.08808400000000001,109857.87,1129341.458
301668,2026-03-19,57.72,-0.028937,43223.28,254712.502
301678,2026-03-19,65.19,-0.038496,19207.06,126309.653
301680,2026-03-19,133.21,-0.02553,87262.25,1201110.982
301687,2026-03-19,64.79,-0.078378,75619.68,494001.67
302132,2026-03-19,69.94,-0.031972,76678.19,539700.545
600000,2026-03-19,10.32,-0.004822,758671.53,784461.845
600004,2026-03-19,9.06,-0.008753,86021.17,78200.688
600006,2026-03-19,6.74,-0.026012,156614.91,106378.122
600007,2026-03-19,20.33,-0.009741999999999999,17880.06,36618.384
600008,2026-03-19,3.22,-0.003096,998618.51,321915.971
600009,2026-03-19,29.08,-0.008524,79438.86,231193.289
600010,2026-03-19,2.61,-0.050909,9798438.36,2586761.07
600011,2026-03-19,7.48,-0.001335,1108613.61,829014.051
600012,2026-03-19,15.7,0.018158,80918.0,126574.265
600015,2026-03-19,7.13,-0.015193000000000002,740449.08,531456.189
600016,2026-03-19,3.86,-0.012787999999999999,2030028.28,788626.873
600017,2026-03-19,3.19,-0.009316999999999999,362626.0,116143.436
600018,2026-03-19,5.16,-0.001934,506626.01,262289.417
600019,2026-03-19,6.59,-0.019345,1143245.95,757658.026
600020,2026-03-19,4.1,-0.012048000000000001,129582.74,53644.314
600021,2026-03-19,20.04,-0.023868,350424.89,706570.586
600022,2026-03-19,1.58,-0.053891999999999995,2976920.38,478957.485
600023,2026-03-19,5.46,0.0,550882.65,302284.304
600025,2026-03-19,10.26,0.0,254897.26,263137.605
600026,2026-03-19,23.73,-0.046222000000000006,1221472.47,2907036.625
600027,2026-03-19,5.22,-0.001912,1152220.29,604927.29
600028,2026-03-19,6.28,0.026143999999999997,4115497.4,2563675.485
600029,2026-03-19,5.81,-0.045977,1614319.82,946223.345
600030,2026-03-19,25.61,-0.013862000000000001,1071594.37,2749163.31
600031,2026-03-19,19.76,-0.045411,1036470.65,2066894.389
600032,2026-03-19,9.27,0.027715999999999998,950875.25,883421.655
600033,2026-03-19,3.76,-0.007916,339498.0,128361.142
600035,2026-03-19,3.96,-0.005024999999999999,119473.81,47477.933
600036,2026-03-19,39.77,-0.003758,650246.84,2591832.05
600037,2026-03-19,7.92,-0.011236,236192.01,187523.85
600038,2026-03-19,34.41,-0.023553,99971.0,346442.82
600039,2026-03-19,9.56,-0.012397,207475.04,200937.348
600048,2026-03-19,6.24,-0.018868,1021317.09,640194.109
600050,2026-03-19,4.96,-0.0040160000000000005,1812563.95,900239.416
600051,2026-03-19,7.81,-0.028607,61501.0,48483.101
600052,2026-03-19,4.06,-0.026379,102315.0,41913.513
600053,2026-03-19,16.29,-0.020445,30199.45,49353.583
600054,2026-03-19,13.58,-0.00731,90375.01,122437.646
600055,2026-03-19,14.89,-0.015863000000000002,46098.98,68934.972
600056,2026-03-19,10.37,-0.011439,105851.38,110004.305
600057,2026-03-19,7.96,-0.017284,195028.29,156193.273
600058,2026-03-19,11.54,-0.031879,133745.86,155391.433
600059,2026-03-19,9.1,-0.024651999999999997,102273.09,93904.231
600060,2026-03-19,22.35,-0.018014,69970.62,156763.028
600061,2026-03-19,7.26,-0.005479,257101.64,186827.159
600062,2026-03-19,18.12,-0.007123000000000001,45489.25,82451.876
600063,2026-03-19,6.76,-0.049226,985893.0,675611.753
600064,2026-03-19,8.62,-0.01934,167441.84,145462.477
600066,2026-03-19,31.11,-0.0012839999999999998,148820.05,467471.92
600067,2026-03-19,3.97,-0.036408,278555.0,111966.34
600071,2026-03-19,19.67,-0.026238,31756.0,62928.033
600072,2026-03-19,12.91,-0.015256,335212.55,435319.079
600073,2026-03-19,6.05,-0.01626,146323.0,88806.538
600075,2026-03-19,6.93,-0.048076999999999995,599238.93,432621.614
600076,2026-03-19,3.47,-0.025280999999999998,191385.98,66621.218
600078,2026-03-19,11.75,-0.040816,361567.4,430119.682
600079,2026-03-19,18.91,-0.014077,136069.0,258337.976
600080,2026-03-19,8.57,-0.011533999999999999,51294.24,43939.849
600081,2026-03-19,11.77,-0.013412,24010.92,28365.143
600082,2026-03-19,3.71,-0.031332,117916.14,44292.499
600084,2026-03-19,7.07,-0.0014119999999999998,76731.01,53973.61
600085,2026-03-19,29.86,-0.006653,45301.97,135564.616
600088,2026-03-19,14.72,-0.023225,27362.55,40590.119
600089,2026-03-19,28.14,-0.033322,1818974.83,5166681.626
600094,2026-03-19,4.14,-0.023585,195271.0,81470.655
600095,2026-03-19,9.84,-0.011054999999999999,177988.9,175722.001
600096,2026-03-19,36.96,-0.045454999999999995,673343.37,2522687.076
600097,2026-03-19,11.32,-0.019913,56698.0,64829.065
600098,2026-03-19,7.63,0.0,293369.45,224938.717
600099,2026-03-19,10.98,-0.034301,38986.0,43266.226
600100,2026-03-19,8.83,-0.00451,708194.96,626604.908
600101,2026-03-19,10.56,-0.003774,243948.27,259098.191
600103,2026-03-19,3.64,-0.044619,1154804.86,423501.343
600104,2026-03-19,14.28,-0.008333,451760.83,648316.78
600105,2026-03-19,26.96,-0.01928,528830.52,1425147.607
600106,2026-03-19,5.65,-0.037479,148165.53,84652.395
600107,2026-03-19,5.31,-0.018484,32001.51,17161.555
600108,2026-03-19,5.29,-0.057041,1916150.27,1029115.118
600109,2026-03-19,8.73,-0.010204,250633.57,219558.619
600110,2026-03-19,7.67,-0.053086,900240.83,702293.083
600111,2026-03-19,46.62,-0.048766,959198.28,4525251.81
600113,2026-03-19,53.2,-0.027955,27019.49,144924.424
600114,2026-03-19,28.5,-0.046823,175895.0,503208.284
600115,2026-03-19,4.41,-0.05769199999999999,2720284.16,1219269.593
600116,2026-03-19,6.86,-0.0029070000000000003,235668.26,162145.759
600117,2026-03-19,2.72,-0.035461,340203.0,93560.244
600118,2026-03-19,83.88,-0.016532,260929.48,2193226.525
600119,2026-03-19,6.01,-0.032206,43971.0,26716.595
600120,2026-03-19,6.02,-0.017945,492649.63,297211.482
600121,2026-03-19,4.84,-0.01626,1350404.82,672709.036
600123,2026-03-19,6.9,0.007299,551547.84,383400.829
600125,2026-03-19,6.47,-0.019697,229612.07,149736.409
600126,2026-03-19,9.15,-0.008667000000000001,1340313.03,1234381.769
600127,2026-03-19,7.22,-0.0013830000000000001,305561.01,222041.794
600128,2026-03-19,11.1,-0.023746999999999997,45941.0,51476.072
600129,2026-03-19,16.29,-0.025718,73736.0,121072.575
600130,2026-03-19,4.49,-0.019651000000000002,157255.0,71152.231
600131,2026-03-19,21.78,0.073964,686099.31,1455436.787
600132,2026-03-19,56.93,-0.014711,43782.13,251073.05
600133,2026-03-19,9.21,-0.018124,202593.86,186948.079
600135,2026-03-19,10.32,-0.022727,208453.38,215170.935
600136,2026-03-19,1.74,-0.022472,176976.0,30962.793
600137,2026-03-19,22.08,-0.054794999999999996,47347.0,106191.407
600138,2026-03-19,9.33,-0.012698000000000001,102033.5,95363.607
600141,2026-03-19,32.21,-0.071758,546975.48,1793205.494
600143,2026-03-19,16.35,-0.045534,494379.63,817007.786
600148,2026-03-19,18.57,-0.030287,14635.24,27428.605
600149,2026-03-19,6.0,-0.011532,213960.0,129721.854
600150,2026-03-19,34.16,-0.012145999999999999,801952.92,2753735.625
600151,2026-03-19,13.55,-0.027279,298070.87,406845.341
600152,2026-03-19,9.3,-0.070929,537149.0,511061.755
600153,2026-03-19,9.36,-0.016807000000000002,218343.79,204296.031
600155,2026-03-19,6.69,-0.0029809999999999997,230887.57,154251.121
600156,2026-03-19,8.69,0.025974,178434.48,153110.901
600157,2026-03-19,1.86,0.0,11604175.35,2170597.916
600158,2026-03-19,10.58,-0.021277,345249.43,366115.354
600159,2026-03-19,3.1,-0.028213,207206.6,65071.006
600160,2026-03-19,36.3,-0.040951,353487.36,1288625.495
600161,2026-03-19,15.83,-0.00252,75880.37,120007.303
600162,2026-03-19,1.84,-0.021277,315304.15,58570.041
600163,2026-03-19,6.52,0.0077280000000000005,504999.0,328831.06
600165,2026-03-19,3.67,-0.008107999999999999,63070.2,23334.469
600166,2026-03-19,2.86,-0.023891,1318491.59,379756.974
600167,2026-03-19,6.65,-0.010417000000000001,126030.18,84520.792
600168,2026-03-19,5.38,0.001862,109670.3,59141.435
600169,2026-03-19,2.45,-0.023904,310210.0,76573.354
600170,2026-03-19,2.85,-0.020619000000000002,2027327.51,581234.277
600171,2026-03-19,29.88,-0.018397,87133.36,260807.136
600172,2026-03-19,8.43,-0.071586,1491925.46,1269083.417
600173,2026-03-19,7.62,-0.015504,76841.16,58605.588
600176,2026-03-19,23.45,-0.045972,682587.61,1619003.139
600177,2026-03-19,7.81,0.007742,371759.88,291348.34
600178,2026-03-19,11.29,-0.029235,38360.0,43687.152
600179,2026-03-19,4.38,-0.024499,528473.7,232167.229
600180,2026-03-19,3.62,-0.032086,191469.0,69967.448
600182,2026-03-19,14.16,-0.015299,13328.0,18938.99
600183,2026-03-19,60.6,-0.045669,415929.29,2545899.849
600184,2026-03-19,15.71,-0.036787,99198.05,157114.317
600185,2026-03-19,6.3,-0.032258,268761.0,170787.417
600186,2026-03-19,7.11,0.100619,2955317.25,2069291.571
600187,2026-03-19,1.95,-0.044118000000000004,461023.9,91314.373
600188,2026-03-19,20.66,0.036628,1108488.21,2286941.317
600189,2026-03-19,7.94,-0.017327,82532.3,65904.485
600191,2026-03-19,12.3,0.01569,58116.84,70625.032
600192,2026-03-19,9.0,-0.041534,97001.0,88429.925
600193,2026-03-19,4.8,0.019108,78621.6,37573.191
600195,2026-03-19,7.8,-0.032258,141458.18,111301.399
600196,2026-03-19,25.26,-0.01941,101226.0,257177.884
600197,2026-03-19,12.64,-0.022428,32919.82,41992.613
600198,2026-03-19,8.55,-0.019495,122661.0,105449.826
600199,2026-03-19,8.66,-0.017026,80846.0,70466.838
600201,2026-03-19,14.83,-0.08287000000000001,694145.67,1039036.951
600202,2026-03-19,6.19,-0.032813,80637.0,50502.098
600203,2026-03-19,11.36,-0.032368,111439.47,127543.235
600206,2026-03-19,20.86,-0.028864,224076.15,468824.632
600207,2026-03-19,5.77,0.006981,320865.79,186080.148
600208,2026-03-19,3.33,-0.026316000000000003,621186.9,207934.004
600210,2026-03-19,7.1,-0.026063,229233.74,163971.761
600211,2026-03-19,42.89,-0.027658000000000002,39250.43,170039.465
600212,2026-03-19,7.48,-0.019659,75281.59,56536.909
600215,2026-03-19,6.95,-0.027972,63472.0,44394.033
600216,2026-03-19,15.66,-0.0369,301042.33,479410.93
600217,2026-03-19,3.9,-0.022556,197734.79,77679.37
600218,2026-03-19,9.97,-0.030156000000000002,112672.97,113098.391
600219,2026-03-19,6.11,-0.06859799999999999,3566120.31,2213613.496
600221,2026-03-19,1.5,-0.025974,5529607.23,832323.874
600222,2026-03-19,7.26,-0.01626,188771.0,138392.279
600223,2026-03-19,6.94,-0.015603,72823.21,50829.739
600226,2026-03-19,4.98,-0.042308000000000005,591246.53,297040.594
600227,2026-03-19,4.67,-0.066,3638074.65,1783706.091
600228,2026-03-19,5.58,-0.029565,49183.5,27830.495
600229,2026-03-19,6.24,-0.011094,33914.01,21277.101
600230,2026-03-19,17.69,-0.081993,392315.58,709652.007
600231,2026-03-19,2.13,-0.065789,947552.19,209114.417
600232,2026-03-19,7.94,-0.036408,78828.0,63101.889
600233,2026-03-19,19.72,-0.02521,240172.73,477829.254
600234,2026-03-19,14.45,0.024096000000000003,67435.0,97095.714
600235,2026-03-19,6.77,-0.030085999999999998,70684.01,48393.969
600236,2026-03-19,9.25,-0.011752,194614.06,181018.369
600237,2026-03-19,8.93,-0.056025,371172.48,335425.336
600238,2026-03-19,5.38,-0.021818,33896.4,18292.48
600239,2026-03-19,2.24,-0.038626999999999995,232917.0,53090.187
600241,2026-03-19,9.25,-0.015957,92115.0,85962.158
600243,2026-03-19,3.26,-0.026865999999999998,95172.0,31365.172
600246,2026-03-19,10.46,-0.025163,313783.07,329283.575
600248,2026-03-19,3.56,-0.01385,303942.42,109104.651
600249,2026-03-19,5.99,-0.014803,128850.95,77415.254
600250,2026-03-19,11.5,-0.018771,89580.0,103670.604
600251,2026-03-19,10.77,-0.053603,171970.28,187827.771
600252,2026-03-19,2.56,-0.015385,430409.15,111004.452
600255,2026-03-19,3.38,-0.039773,481123.22,164078.652
600256,2026-03-19,7.12,0.048601,4802896.17,3405089.052
600257,2026-03-19,6.49,-0.018154,108160.81,70215.657
600258,2026-03-19,17.13,0.000584,130983.21,223996.675
600259,2026-03-19,82.34,-0.060796,145388.69,1213978.243
600261,2026-03-19,3.79,-0.023195999999999998,164232.0,62660.367
600262,2026-03-19,25.35,-0.049493999999999996,36784.55,94872.02
600265,2026-03-19,21.7,0.014018999999999998,10950.41,23581.008
600266,2026-03-19,5.16,-0.028249,475123.93,247231.36
600267,2026-03-19,10.38,-0.014245,89685.0,93687.278
600268,2026-03-19,14.11,-0.038173,337333.16,481925.907
600269,2026-03-19,4.91,-0.010081,175907.5,86841.249
600271,2026-03-19,9.17,-0.021345,147278.48,135686.874
600272,2026-03-19,12.91,-0.023449,23053.0,30034.03
600273,2026-03-19,9.31,-0.058644999999999996,288317.0,273003.084
600276,2026-03-19,56.02,-0.01512,343646.51,1935908.148
600278,2026-03-19,7.63,-0.029262,65284.99,50196.093
600279,2026-03-19,5.15,-0.024621,90180.65,46932.107
600280,2026-03-19,3.32,-0.020649,200961.0,67040.28
600281,2026-03-19,5.38,-0.046098999999999994,164376.0,89379.836
600282,2026-03-19,5.46,-0.055362999999999996,662234.66,367599.266
600283,2026-03-19,9.48,0.002114,89381.62,84944.754
600284,2026-03-19,7.33,-0.029138999999999998,87885.56,64971.6
600285,2026-03-19,22.04,-0.006312,59127.82,130362.47
600287,2026-03-19,5.78,-0.025295,43656.0,25386.856
600288,2026-03-19,14.81,-0.021150000000000002,54685.61,81449.959
600289,2026-03-19,8.34,-0.025701,91330.32,76873.305
600292,2026-03-19,14.29,-0.011757,105673.0,151468.74
600293,2026-03-19,3.33,-0.061972,570458.38,193406.292
600295,2026-03-19,15.34,-0.012234,78181.66,120163.514
600298,2026-03-19,40.83,-0.012814,44543.08,181772.752
600299,2026-03-19,14.27,0.012057,413391.32,593370.739
600300,2026-03-19,3.61,-0.019021999999999997,315290.9,114785.037
600301,2026-03-19,50.9,-0.076057,121802.85,630537.036
600302,2026-03-19,12.06,0.012594000000000001,198388.01,235891.615
600303,2026-03-19,3.29,-0.032353,157657.0,52668.764
600305,2026-03-19,7.77,-0.01145,55707.68,43486.186
600307,2026-03-19,2.28,-0.057851,7918373.03,1875204.565
600308,2026-03-19,3.91,-0.032178,193464.28,76511.36
600309,2026-03-19,78.43,-0.027646999999999998,352353.87,2780692.476
600310,2026-03-19,4.44,0.02069,592970.0,262376.156
600312,2026-03-19,21.51,-0.026697000000000002,243102.41,524310.119
600313,2026-03-19,8.42,-0.032184,1050240.4,903267.144
600315,2026-03-19,21.6,-0.0068969999999999995,59637.0,128644.181
600316,2026-03-19,37.07,-0.024217,74584.05,279904.812
600318,2026-03-19,8.61,-0.017123,218624.37,189648.762
600319,2026-03-19,7.8,-0.041769,117911.0,91941.793
600320,2026-03-19,4.74,-0.030674999999999997,581918.15,278872.022
600322,2026-03-19,2.35,-0.016736,219752.43,52140.628
600323,2026-03-19,29.51,0.009578999999999999,67079.4,197553.177
600325,2026-03-19,3.96,-0.01737,387145.16,153803.789
600326,2026-03-19,9.84,-0.035294,305361.0,302914.955
600327,2026-03-19,4.02,-0.017115000000000002,119707.52,48382.617
600328,2026-03-19,10.25,-0.021947,656493.52,676086.677
600329,2026-03-19,42.08,-0.026151,38669.0,164002.747
600330,2026-03-19,16.97,0.008918,1714766.55,2949166.058
600331,2026-03-19,16.1,-0.057929,892165.84,1448979.736
600332,2026-03-19,25.22,-0.007868,74778.11,189574.058
600333,2026-03-19,5.76,0.026737999999999998,316087.01,181128.385
600335,2026-03-19,6.11,-0.020833,134716.88,82676.534
600336,2026-03-19,7.49,-0.048285,174916.28,133034.164
600337,2026-03-19,2.66,-0.046595000000000004,655450.5,177562.379
600338,2026-03-19,15.7,-0.069905,526899.46,840340.946
600339,2026-03-19,4.19,0.014528000000000001,1398822.51,588017.403
600340,2026-03-19,1.51,-0.038217,1473506.3,225442.897
600343,2026-03-19,31.86,0.010787,387873.07,1233315.576
600345,2026-03-19,37.8,-0.035468,80262.29,305693.63
600346,2026-03-19,21.28,-0.070742,727112.05,1575557.556
600348,2026-03-19,9.35,-0.00426,425337.88,401543.342
600350,2026-03-19,10.38,-0.000962,68294.0,71247.525
600351,2026-03-19,6.51,-0.019577999999999998,85682.0,56092.146
600352,2026-03-19,13.5,-0.052632000000000005,745858.87,1018782.721
600353,2026-03-19,15.39,-0.025332,164038.56,253839.392
600354,2026-03-19,7.08,-0.031464,508780.12,365619.327
600355,2026-03-19,0.74,-0.051281999999999994,24116.0,1784.584
600356,2026-03-19,8.97,-0.028169,51951.3,47057.132
600358,2026-03-19,6.14,-0.022292999999999997,70920.0,43931.106
600359,2026-03-19,7.27,-0.028075000000000003,89995.69,66182.541
600360,2026-03-19,8.95,-0.029283999999999998,140193.03,126625.055
600361,2026-03-19,4.35,-0.050218,970822.15,426947.105
600362,2026-03-19,45.67,-0.053667999999999993,495403.64,2295297.859
600363,2026-03-19,53.77,-0.028546000000000002,65515.56,354132.294
600365,2026-03-19,3.18,-0.030488,63768.0,20469.208
600366,2026-03-19,12.06,-0.046639999999999994,260408.63,317063.821
600367,2026-03-19,24.98,-0.039230999999999995,511297.48,1301184.096
600368,2026-03-19,3.99,-0.007463,124310.21,49741.94
600369,2026-03-19,4.3,-0.013761,396925.62,171390.466
600370,2026-03-19,3.29,-0.09366400000000001,5291436.8,1876797.868
600371,2026-03-19,9.0,-0.030171999999999997,160828.0,147904.162
600372,2026-03-19,13.49,-0.031587000000000004,423219.29,574041.695
600373,2026-03-19,8.9,-0.008909,82991.0,73970.983
600375,2026-03-19,5.38,-0.027125,137063.0,74212.646
600376,2026-03-19,5.16,-0.028249,479692.56,248798.809
600377,2026-03-19,12.43,0.000805,103934.17,129748.155
600378,2026-03-19,31.76,-0.049386,94535.4,303771.657
600379,2026-03-19,11.81,-0.026381,53277.0,63216.442
600380,2026-03-19,11.07,-0.015125,96711.43,107700.853
600381,2026-03-19,3.17,0.049669,19312.19,6121.964
600382,2026-03-19,8.15,-0.036643,145783.42,119825.365
600383,2026-03-19,3.01,-0.019544,750526.57,227066.378
600386,2026-03-19,4.1,-0.019139,95308.85,39458.937
600388,2026-03-19,17.65,-0.036572,154861.68,275879.098
600389,2026-03-19,29.54,-0.029885000000000002,114707.72,342836.404
600390,2026-03-19,5.66,0.016158,826701.26,464411.901
600391,2026-03-19,40.67,-0.040349,100151.74,411173.133
600392,2026-03-19,22.82,-0.055072,678329.44,1564095.791
600395,2026-03-19,5.97,-0.006656,307833.5,185408.522
600396,2026-03-19,5.69,0.10058,1842489.93,1029183.569
600397,2026-03-19,16.03,-0.083476,712588.02,1164515.365
600398,2026-03-19,6.15,-0.012841,235973.64,145426.666
600399,2026-03-19,6.29,-0.038226,553661.51,351124.573
600400,2026-03-19,2.2,-0.030837,235021.79,52375.93
600403,2026-03-19,6.56,0.044585999999999994,497443.69,326045.641
600405,2026-03-19,5.86,-0.034596,224661.04,132220.643
600406,2026-03-19,27.81,-0.014878,720798.41,2011076.953
600408,2026-03-19,4.45,0.042155,2420996.87,1067354.415
600409,2026-03-19,7.16,-0.064052,613535.39,449988.755
600410,2026-03-19,27.04,-0.016727000000000002,1553152.87,4233578.032
600415,2026-03-19,13.54,-0.022383,369387.24,501016.436
600416,2026-03-19,13.35,-0.024123000000000002,173813.5,233051.101
600418,2026-03-19,47.77,-0.020905999999999998,293911.39,1408214.792
600419,2026-03-19,9.28,-0.02521,47606.9,44616.036
600420,2026-03-19,10.56,-0.01676,75181.6,79831.941
600421,2026-03-19,7.47,-0.049618,66477.01,50278.557
600422,2026-03-19,11.92,-0.010787999999999999,56446.01,67418.082
600423,2026-03-19,3.84,-0.035176,586781.22,233279.266
600425,2026-03-19,4.35,-0.035477,332884.42,146538.468
600426,2026-03-19,36.45,-0.035714,367768.28,1361160.435
600428,2026-03-19,8.02,-0.042959,515114.49,414518.148
600429,2026-03-19,5.73,-0.018836,360148.0,206346.971
600433,2026-03-19,3.69,-0.005391,568886.92,210747.283
600435,2026-03-19,15.15,-0.03626,320668.12,489374.508
600436,2026-03-19,157.0,-0.008212,12694.76,199719.073
600438,2026-03-19,18.1,-0.013624,516437.65,937855.944
600439,2026-03-19,2.66,-0.025640999999999997,162654.31,43774.344
600444,2026-03-19,17.85,-0.034091,29581.0,53438.253
600446,2026-03-19,13.83,-0.012143,112616.66,156074.105
600448,2026-03-19,3.3,-0.037901,192695.1,64583.635
600449,2026-03-19,13.55,-0.008778000000000001,79506.01,108082.403
600452,2026-03-19,13.77,-0.00145,552953.67,763177.903
600455,2026-03-19,27.65,-0.034904000000000004,14737.0,41144.727
600456,2026-03-19,34.34,-0.037286,96301.46,333597.771
600458,2026-03-19,14.0,-0.025748000000000004,131517.94,185533.426
600459,2026-03-19,19.84,-0.037827,279396.49,555325.162
600460,2026-03-19,27.86,-0.024851,245743.98,686987.118
600461,2026-03-19,10.03,0.001998,79455.69,79820.401
600463,2026-03-19,10.22,-0.041276,41305.29,42595.403
600467,2026-03-19,2.55,-0.022989000000000002,707829.56,182849.096
600468,2026-03-19,9.15,0.020066999999999998,1927427.81,1758837.403
600469,2026-03-19,6.79,-0.027221000000000002,122651.0,83657.418
600470,2026-03-19,7.51,-0.06125,732199.58,571747.78
600475,2026-03-19,18.85,-0.042175000000000004,130360.47,248251.238
600476,2026-03-19,11.35,-0.03322,87758.01,100687.975
600477,2026-03-19,3.27,-0.035398,592103.43,194990.161
600478,2026-03-19,7.14,-0.041611,441915.23,318506.479
600479,2026-03-19,10.88,-0.016274999999999998,45897.2,50257.39
600480,2026-03-19,10.03,-0.034649,185308.02,187093.734
600481,2026-03-19,6.86,-0.033803,753176.51,520987.116
600482,2026-03-19,30.82,-0.049938,480826.6,1498827.857
600483,2026-03-19,10.45,-0.01508,274855.76,289479.783
600486,2026-03-19,73.11,-0.054204,62271.98,462675.134
600487,2026-03-19,43.11,-0.031454,905456.45,3945107.464
600488,2026-03-19,4.12,-0.026004999999999997,83842.0,34857.576
600489,2026-03-19,26.7,-0.078039,1222523.29,3325260.352
600490,2026-03-19,7.7,-0.068924,773020.38,604390.654
600491,2026-03-19,3.01,-0.035255999999999996,200307.01,60893.405
600493,2026-03-19,7.42,-0.026247,63942.0,47902.999
600495,2026-03-19,4.51,-0.028017,134527.8,61132.842
600496,2026-03-19,4.1,-0.030733,244406.37,101330.81
600497,2026-03-19,8.17,-0.08408099999999999,1950146.91,1618301.94
600498,2026-03-19,45.94,-0.035886999999999995,630270.11,2913000.973
600499,2026-03-19,15.31,-0.068735,389985.5,608778.442
600500,2026-03-19,4.43,-0.028509000000000003,558279.3,250283.761
600501,2026-03-19,23.68,-0.024310000000000002,56238.18,133893.295
600502,2026-03-19,4.83,-0.010246,189965.07,92245.035
600503,2026-03-19,2.48,-0.03125,297680.0,74728.53
600505,2026-03-19,14.47,-0.000691,130347.45,190481.046
600506,2026-03-19,21.83,-0.011322,64820.0,143512.92
600507,2026-03-19,6.08,-0.045526,236508.34,145632.685
600508,2026-03-19,13.16,0.002285,99442.96,131801.686
600509,2026-03-19,8.83,-0.014509000000000001,471283.64,420543.157
600510,2026-03-19,8.36,-0.047836,93711.01,79370.466
600511,2026-03-19,29.28,-0.013809,49330.08,144725.905
600512,2026-03-19,2.49,-0.023529,322763.0,81100.13
600513,2026-03-19,22.58,0.004448,175107.62,395637.75
600515,2026-03-19,3.75,-0.025974,866632.81,326961.425
600516,2026-03-19,5.97,-0.037097000000000005,988078.4,594616.829
600517,2026-03-19,6.76,-0.024531,326493.35,221845.134
600518,2026-03-19,1.84,-0.016043,2148762.41,396807.451
600519,2026-03-19,1452.87,-0.010846,30318.59,4404953.481
600520,2026-03-19,26.71,-0.026248999999999998,36553.0,98243.76
600521,2026-03-19,15.57,-0.017666,118807.96,186052.362
600522,2026-03-19,25.9,-0.026316000000000003,852993.96,2222368.912
600523,2026-03-19,14.4,-0.04,69701.2,101684.911
600525,2026-03-19,5.47,-0.017953,147095.43,80631.687
600526,2026-03-19,5.55,-0.022887,78745.0,44014.735
600527,2026-03-19,2.44,-0.054264,1682499.6,412679.004
600528,2026-03-19,8.1,-0.022919000000000002,219030.01,178796.099
600529,2026-03-19,19.22,-0.016377,77056.8,148829.91
600530,2026-03-19,5.45,-0.030249,64292.0,35323.029
600531,2026-03-19,13.6,-0.06271499999999999,631817.94,871488.79
600533,2026-03-19,2.57,-0.033835000000000004,140283.0,36632.664
600535,2026-03-19,14.1,-0.010526,61962.2,87649.966
600536,2026-03-19,40.0,-0.010636000000000001,89862.23,359544.005
600537,2026-03-19,3.54,-0.019391000000000002,994231.4,355863.301
600538,2026-03-19,6.34,0.034258000000000004,280495.0,176453.318
600539,2026-03-19,11.91,-0.028548,72749.0,87635.488
600540,2026-03-19,4.97,-0.042389,226278.83,114018.957
600543,2026-03-19,4.98,-0.042308000000000005,104227.77,53050.894
600545,2026-03-19,4.17,-0.06292099999999999,1588786.49,674584.314
600546,2026-03-19,11.87,0.014530000000000001,461340.04,545733.738
600547,2026-03-19,40.65,-0.070432,690591.36,2859521.916
600548,2026-03-19,9.17,0.013260000000000001,90285.87,82622.792
600549,2026-03-19,55.32,-0.073677,692497.0,3917276.804
600550,2026-03-19,16.25,-0.04747899999999999,778266.67,1275721.688
600551,2026-03-19,8.41,0.002384,35523.2,29713.174
600552,2026-03-19,12.76,-0.027439,229484.0,293475.501
600556,2026-03-19,6.21,-0.023585,402997.29,251503.435
600557,2026-03-19,13.99,-0.020308000000000003,39045.0,55152.98
600558,2026-03-19,5.84,-0.034711,167802.0,99004.436
600559,2026-03-19,14.5,-0.018945,73531.82,107457.441
600560,2026-03-19,15.34,-0.027267,20487.0,31703.4
600561,2026-03-19,6.8,-0.031339,40994.0,28105.009
600562,2026-03-19,25.4,-0.027193000000000002,77690.9,198505.311
600563,2026-03-19,122.96,-0.012131000000000001,97802.67,1210064.941
600566,2026-03-19,27.73,0.009098,55853.26,155377.964
600567,2026-03-19,1.63,-0.029762,1460884.24,239913.673
600568,2026-03-19,2.97,-0.01,200980.8,59992.428
600569,2026-03-19,2.47,-0.088561,1678375.75,420872.896
600570,2026-03-19,27.16,-0.013081,196396.79,534275.661
600571,2026-03-19,14.46,-0.014315,56421.68,81859.556
600572,2026-03-19,4.39,-0.006787,359002.0,158287.794
600573,2026-03-19,12.25,-0.025457,62562.0,77454.135
600575,2026-03-19,4.19,0.002392,956047.34,400725.262
600576,2026-03-19,6.27,-0.006339,75584.65,47487.571
600577,2026-03-19,13.38,-0.049715999999999996,569611.85,772613.627
600578,2026-03-19,5.33,-0.012963,360072.2,193427.099
600579,2026-03-19,8.27,-0.032749,55281.0,46150.406
600580,2026-03-19,38.02,-0.04111,333545.14,1278057.167
600581,2026-03-19,2.78,-0.024561000000000003,364331.22,102003.313
600582,2026-03-19,6.07,-0.0032840000000000005,391247.77,238268.315
600583,2026-03-19,6.8,-0.004392,1145765.61,785189.063
600584,2026-03-19,44.19,-0.03452,531941.53,2367791.367
600585,2026-03-19,24.11,-0.030949,268799.16,652991.432
600586,2026-03-19,5.79,-0.010256000000000001,488699.21,283610.097
600587,2026-03-19,14.92,-0.020997,78190.14,117178.036
600588,2026-03-19,12.84,-0.020595,343776.24,442469.119
600589,2026-03-19,11.56,0.021200999999999998,2392241.97,2748595.169
600590,2026-03-19,14.81,-0.040803000000000006,941361.06,1399939.085
600592,2026-03-19,20.88,-0.032886,68057.35,143152.385
600593,2026-03-19,35.99,-0.002771,38375.0,138976.746
600594,2026-03-19,3.87,-0.027638,105914.0,41365.475
600595,2026-03-19,7.22,-0.051247999999999995,1070688.66,778929.44
600596,2026-03-19,11.18,-0.068333,340116.34,387854.786
600597,2026-03-19,7.75,-0.010217,83167.0,64759.218
600598,2026-03-19,16.84,-0.012896000000000001,325497.79,551951.284
600599,2026-03-19,6.18,0.049236,9989.01,6173.208
600600,2026-03-19,62.88,-0.0045910000000000005,40143.0,253177.955
600601,2026-03-19,10.15,-0.035171,741385.99,758545.483
600602,2026-03-19,22.69,0.003538,1300615.34,2972006.996
600603,2026-03-19,7.78,-0.020151,234446.43,184142.678
600604,2026-03-19,5.18,0.005825,160505.66,83598.714
600605,2026-03-19,29.65,-0.020806,31780.0,95141.67
600606,2026-03-19,1.6,-0.018405,962830.66,154697.999
600608,2026-03-19,2.73,-0.038732,45546.0,12431.722
600609,2026-03-19,4.33,-0.015909,116525.05,50648.605
600610,2026-03-19,10.72,0.004686,565327.27,611507.705
600611,2026-03-19,5.22,-0.024299,173328.5,91220.67
600612,2026-03-19,41.69,-0.015584,13160.0,55226.682
600613,2026-03-19,6.02,-0.011493999999999999,74799.0,45197.658
600615,2026-03-19,11.91,-0.04029,28845.61,34810.695
600616,2026-03-19,5.22,-0.024299,67826.3,35697.468
600617,2026-03-19,3.63,0.1,1363673.08,482084.346
600618,2026-03-19,13.24,-0.043353,160461.88,214165.849
600619,2026-03-19,17.54,-0.019015999999999998,311350.67,554281.228
600620,2026-03-19,6.46,-0.019726999999999998,39095.42,25395.539
600621,2026-03-19,15.13,-0.020078,118877.86,180744.48
600622,2026-03-19,2.67,-0.036101,382090.0,103600.161
600623,2026-03-19,10.46,-0.027881,462681.29,495195.788
600624,2026-03-19,4.95,-0.019802,51042.0,25479.169
600626,2026-03-19,4.34,-0.024719,90306.0,39503.586
600628,2026-03-19,7.67,-0.037641,232532.4,180195.738
600629,2026-03-19,20.66,-0.025472,190772.3,395511.599
600630,2026-03-19,8.17,-0.027381000000000003,71538.0,58862.402
600633,2026-03-19,13.33,0.016781,488776.85,646039.054
600635,2026-03-19,6.17,0.011474999999999999,794773.23,494589.377
600636,2026-03-19,8.31,-0.030337999999999997,35017.42,29467.915
600637,2026-03-19,10.21,-0.022031000000000002,322363.91,330102.069
600638,2026-03-19,6.36,-0.021537999999999998,87934.95,56293.81
600639,2026-03-19,11.06,-0.005396,83247.43,92394.681
600640,2026-03-19,12.6,-0.014085,50305.0,63514.113
600641,2026-03-19,18.45,-0.025356999999999998,271559.4,504270.614
600642,2026-03-19,9.04,0.0022170000000000002,242130.14,219468.198
600643,2026-03-19,5.4,0.011236,1348862.31,720308.85
600644,2026-03-19,12.5,0.007252,373049.33,469548.425
600645,2026-03-19,31.28,-0.025242,170818.61,542112.363
600648,2026-03-19,10.41,-0.003828,40305.18,42084.247
600649,2026-03-19,4.61,-0.035565,477721.56,222458.555
600650,2026-03-19,14.05,-0.027008,32361.0,45962.26
600651,2026-03-19,7.16,-0.017833,178975.97,128211.12
600653,2026-03-19,1.87,-0.026042,242339.4,45766.755
600654,2026-03-19,3.52,-0.008451,579359.25,205332.482
600655,2026-03-19,4.86,-0.016194,120251.0,58791.137
600657,2026-03-19,3.21,-0.024316,157724.0,50895.024
600658,2026-03-19,4.87,-0.026000000000000002,113279.0,55552.36
600660,2026-03-19,56.47,-0.022165,197823.37,1122773.787
600661,2026-03-19,10.02,-0.020528,34391.17,34775.178
600662,2026-03-19,5.35,-0.014733000000000001,120228.76,64556.442
600663,2026-03-19,7.8,-0.016393,92769.52,72734.521
600664,2026-03-19,3.49,-0.022409,294935.62,103891.601
600665,2026-03-19,3.4,-0.028571,97804.0,33702.784
600666,2026-03-19,4.88,0.099099,2846692.12,1347221.727
600667,2026-03-19,11.23,-0.036878,2194758.44,2474527.795
600668,2026-03-19,10.62,-0.030137,63774.21,68431.635
600671,2026-03-19,20.64,-0.029163,22432.1,46446.021
600673,2026-03-19,34.22,-0.040919,641129.55,2237233.284
600674,2026-03-19,15.47,-0.002579,291692.79,454831.427
600675,2026-03-19,2.73,-0.017986,327318.3,90058.508
600676,2026-03-19,7.59,-0.026923,136693.23,104323.01
600678,2026-03-19,11.02,-0.035871,121102.0,134236.614
600679,2026-03-19,12.0,-0.015587,26493.01,31998.473
600681,2026-03-19,4.55,0.053241,1000275.49,447185.861
600682,2026-03-19,7.03,-0.036986,229191.83,162247.816
600683,2026-03-19,9.87,-0.072368,673968.5,663323.34
600684,2026-03-19,5.04,-0.005917,266118.6,135202.113
600685,2026-03-19,31.15,-0.030802999999999997,115235.78,361033.803
600686,2026-03-19,16.36,-0.057603999999999995,203208.23,337627.194
600688,2026-03-19,3.12,0.003215,943943.24,295197.147
600689,2026-03-19,13.12,-0.018699,24039.0,31685.59
600690,2026-03-19,24.55,-0.015638,300711.67,741604.76
600691,2026-03-19,4.28,-0.031674,2600760.5,1115584.595
600692,2026-03-19,7.98,-0.023256000000000002,56786.5,45722.223
600693,2026-03-19,11.18,-0.013239,371819.34,417938.81
600694,2026-03-19,17.29,-0.015376,19746.9,34339.77
600696,2026-03-19,1.57,-0.04848499999999999,58716.0,9374.882
600697,2026-03-19,12.39,-0.030516,40272.0,50360.671
600698,2026-03-19,7.29,-0.031873,86495.0,63597.559
600699,2026-03-19,24.12,-0.035586,222880.43,542341.448
600702,2026-03-19,48.42,-0.02732,48431.04,236808.812
600703,2026-03-19,16.6,-0.016005000000000002,1598943.54,2643312.277
600704,2026-03-19,5.3,-0.023941,694504.79,370701.335
600706,2026-03-19,10.11,-0.01462,46147.0,46771.523
600707,2026-03-19,6.05,-0.033546,270221.69,164733.533
600708,2026-03-19,3.73,-0.036176,269896.35,102257.049
600710,2026-03-19,12.75,-0.037736,196793.65,253445.194
600711,2026-03-19,11.9,-0.06299199999999999,1585676.89,1899161.368
600712,2026-03-19,6.32,-0.021671999999999997,70018.0,44510.521
600713,2026-03-19,5.21,-0.020676999999999997,86598.0,45516.313
600714,2026-03-19,21.35,-0.06564600000000001,382986.78,839569.39
600715,2026-03-19,2.11,-0.018605,354008.0,75213.142
600716,2026-03-19,4.44,-0.036876,115203.0,51580.913
600717,2026-03-19,4.69,-0.012632,182646.76,86188.856
600718,2026-03-19,9.45,-0.012539,213899.67,202500.823
600719,2026-03-19,6.69,-0.017621,116326.4,78646.858
600720,2026-03-19,7.12,-0.006974,85126.89,60630.43
600721,2026-03-19,9.36,-0.003195,86090.51,80095.884
600722,2026-03-19,17.93,0.032239,1580550.41,2836150.774
600724,2026-03-19,6.05,-0.035088,109033.0,66644.112
600725,2026-03-19,4.67,-0.031120000000000002,268272.83,126050.082
600726,2026-03-19,5.02,0.100877,5062779.35,2404802.053
600727,2026-03-19,7.46,-0.04359,281963.01,214430.498
600728,2026-03-19,6.1,-0.017713,270148.0,165487.331
600729,2026-03-19,22.94,-0.015451,24383.0,56173.652
600730,2026-03-19,8.88,-0.022026,96733.0,86210.797
600731,2026-03-19,7.25,-0.035904,130870.3,95919.773
600732,2026-03-19,14.68,0.011715999999999999,443104.63,649342.67
600733,2026-03-19,7.56,-0.016905,691720.0,524878.805
600734,2026-03-19,4.0,-0.024390000000000002,450853.0,181176.62
600736,2026-03-19,6.24,-0.029549,149869.0,94175.664
600737,2026-03-19,14.78,-0.026991,194261.08,288242.042
600738,2026-03-19,4.91,-0.01996,100613.0,49705.474
600739,2026-03-19,11.8,-0.023178999999999998,107078.0,126965.709
600740,2026-03-19,4.6,-0.002169,1031383.36,483323.559
600741,2026-03-19,18.74,-0.003191,83250.95,156630.221
600742,2026-03-19,10.41,-0.033426,174765.0,183491.473
600743,2026-03-19,1.95,-0.020101,212935.74,41875.842
600744,2026-03-19,8.49,0.024125,2369112.27,2015763.357
600745,2026-03-19,32.45,-0.028734000000000003,205673.53,671938.207
600746,2026-03-19,8.54,-0.002336,517076.89,453332.948
600748,2026-03-19,4.94,-0.025640999999999997,128184.5,63873.356
600749,2026-03-19,16.32,-0.018050999999999998,37025.0,60852.312
600750,2026-03-19,25.58,-0.006216,45314.55,116443.234
600751,2026-03-19,4.02,-0.035971,711774.35,288818.455
600753,2026-03-19,11.9,-0.037995,54930.0,65963.266
600754,2026-03-19,27.74,-0.008932,122525.31,340201.085
600755,2026-03-19,6.34,-0.020093,265663.0,169325.064
600756,2026-03-19,18.1,-0.021092,390455.47,711638.523
600757,2026-03-19,9.14,-0.0032719999999999997,54774.31,50037.095
600758,2026-03-19,4.2,-0.007092,1059349.38,451706.752
600759,2026-03-19,7.18,0.079699,8034171.85,5578780.46
600760,2026-03-19,49.49,-0.027128,138018.86,688465.379
600761,2026-03-19,18.53,-0.051203000000000005,239451.87,448128.587
600763,2026-03-19,43.22,-0.028327,89094.98,386934.165
600764,2026-03-19,25.91,-0.021156,57984.0,150878.428
600765,2026-03-19,17.1,-0.023973,230808.54,395772.345
600768,2026-03-19,16.91,-0.054250999999999994,56365.3,96486.511
600769,2026-03-19,13.72,-0.029703,115559.33,159342.174
600770,2026-03-19,5.88,-0.032895,219402.0,129822.998
600771,2026-03-19,16.72,-0.015892,56641.17,94823.577
600773,2026-03-19,16.25,-0.074074,462961.81,765827.392
600774,2026-03-19,9.09,-0.028845999999999997,34139.0,31263.019
600775,2026-03-19,14.43,-0.045635,511866.13,747244.594
600776,2026-03-19,15.62,-0.022528000000000003,145024.3,227627.11
600777,2026-03-19,5.64,0.050279,696841.52,391066.212
600778,2026-03-19,6.69,-0.027616,64746.0,43687.433
600779,2026-03-19,34.8,-0.028203999999999996,32013.52,112509.501
600780,2026-03-19,6.84,0.01034,321668.01,219857.64
600782,2026-03-19,3.81,-0.032995000000000003,937685.78,359341.081
600783,2026-03-19,21.42,-0.022364000000000002,166666.1,361206.587
600784,2026-03-19,6.97,-0.025175,78738.01,55291.465
600785,2026-03-19,18.04,-0.025392,54118.0,97867.69
600787,2026-03-19,5.71,-0.017212,220906.0,126910.141
600789,2026-03-19,8.62,-0.014857,132527.85,114644.444
600790,2026-03-19,3.75,-0.018325,126541.44,47802.429
600791,2026-03-19,9.29,-0.001075,203294.6,189033.069
600792,2026-03-19,4.56,-0.002188,466817.0,216866.572
600793,2026-03-19,18.76,-0.024441,21391.3,40373.707
600794,2026-03-19,3.92,-0.022444000000000002,284407.08,112515.591
600795,2026-03-19,4.95,-0.006024000000000001,1626496.2,810807.857
600796,2026-03-19,6.76,-0.02029,155548.1,106345.069
600797,2026-03-19,9.86,-0.001013,440533.09,434941.775
600798,2026-03-19,3.82,-0.02551,287824.96,110841.768
600800,2026-03-19,4.43,-0.051392,396305.1,178530.193
600801,2026-03-19,20.65,-0.039981,123001.28,256686.394
600802,2026-03-19,5.78,-0.031826,84158.63,49173.797
600803,2026-03-19,23.01,0.044959,266664.26,611895.722
600805,2026-03-19,5.56,-0.017668,130200.98,73085.002
600807,2026-03-19,3.25,-0.026945999999999998,145369.0,47669.659
600808,2026-03-19,3.79,-0.040506,763178.0,292714.314
600809,2026-03-19,156.14,-0.012959,41871.06,654452.004
600810,2026-03-19,8.22,-0.041958,243424.93,202454.883
600812,2026-03-19,5.55,-0.010695,203735.68,113411.534
600814,2026-03-19,7.8,-0.025,112535.0,88513.887
600815,2026-03-19,3.47,0.061162,1508053.79,511522.687
600816,2026-03-19,2.7,-0.010989,559282.03,150614.084
600817,2026-03-19,11.61,-0.0325,39802.32,46716.158
600818,2026-03-19,8.99,-0.030205000000000003,39632.25,35942.748
600819,2026-03-19,7.5,-0.031008,74007.11,56124.373
600820,2026-03-19,6.36,-0.018519,287940.0,184072.217
600821,2026-03-19,11.11,0.063158,6697934.59,7466655.698
600822,2026-03-19,10.1,-0.019417,30328.67,30864.844
600824,2026-03-19,4.15,-0.028103,126344.17,52941.793
600825,2026-03-19,6.01,-0.021173,85250.01,51621.289
600826,2026-03-19,10.28,-0.017208,47830.41,49446.607
600827,2026-03-19,8.52,-0.012746,82150.26,70430.593
600828,2026-03-19,5.81,-0.011904999999999999,324775.13,189314.765
600829,2026-03-19,9.96,-0.026393,57570.31,57664.749
600830,2026-03-19,9.41,-0.013627,69431.01,65847.461
600831,2026-03-19,4.03,-0.024213,109599.17,44714.443
600833,2026-03-19,12.23,-0.022382,27570.54,34058.479
600834,2026-03-19,8.41,-0.016374,27283.97,23075.926
600835,2026-03-19,23.11,-0.028992,70253.72,163520.503
600838,2026-03-19,10.9,-0.018902000000000002,137032.18,151632.315
600839,2026-03-19,9.23,-0.040541,1032764.82,964410.938
600841,2026-03-19,8.41,-0.042141000000000005,188507.0,160406.81
600843,2026-03-19,10.17,-0.03327,91869.33,94131.322
600844,2026-03-19,3.78,-0.025773,1629268.0,644935.512
600845,2026-03-19,22.63,-0.021617,219264.89,499849.28
600846,2026-03-19,13.04,-0.048868999999999996,51145.4,67783.576
600847,2026-03-19,14.35,-0.042055999999999996,62449.0,91230.208
600848,2026-03-19,10.19,-0.022073,96955.6,99614.783
600850,2026-03-19,25.22,-0.0043430000000000005,97588.37,244847.297
600851,2026-03-19,8.12,-0.050292,141704.01,117135.614
600853,2026-03-19,4.01,-0.021951000000000002,168464.21,67937.397
600854,2026-03-19,5.21,-0.027985000000000003,95461.55,50251.664
600855,2026-03-19,17.73,-0.0199,81770.52,145519.243
600857,2026-03-19,12.13,-0.027265,26533.35,32452.301
600858,2026-03-19,5.86,-0.023333,60697.0,35846.609
600859,2026-03-19,12.88,-0.019039999999999998,140960.63,182210.013
600860,2026-03-19,12.72,-0.037093,264095.39,341293.757
600861,2026-03-19,16.37,-0.025595,47783.56,78534.756
600862,2026-03-19,22.36,-0.036206999999999996,204448.22,459733.512
600863,2026-03-19,5.17,-0.0038540000000000002,584184.75,304985.522
600864,2026-03-19,6.68,0.006024000000000001,721476.21,481862.654
600865,2026-03-19,11.57,-0.022804,62264.0,72444.673
600866,2026-03-19,7.61,-0.029337,296357.0,226597.183
600867,2026-03-19,8.75,-0.028857,260906.88,229840.081
600868,2026-03-19,3.79,-0.047739000000000004,1477419.79,567765.545
600869,2026-03-19,12.46,-0.012678,437430.0,547236.943
600871,2026-03-19,3.19,0.025723,3770404.8,1195805.12
600872,2026-03-19,18.68,-0.017876,97960.09,183434.38
600873,2026-03-19,11.87,-0.04582,836762.71,1010108.379
600874,2026-03-19,6.35,-0.017028,113126.07,72250.337
600875,2026-03-19,38.5,-0.041573,1055430.98,4089365.177
600876,2026-03-19,10.67,-0.0018709999999999998,65193.43,69335.677
600877,2026-03-19,16.92,-0.026467,157491.28,267545.545
600879,2026-03-19,22.36,-0.023153999999999997,1253303.23,2816167.939
600880,2026-03-19,5.11,-0.019194,175648.55,90187.729
600881,2026-03-19,1.7,-0.017341,463334.57,79423.959
600882,2026-03-19,20.13,-0.011297,42869.46,86387.309
600883,2026-03-19,8.37,-0.034602,50138.22,42503.925
600884,2026-03-19,13.42,-0.029646,726514.5,981853.595
600885,2026-03-19,28.09,-0.035371,236935.68,670990.81
600886,2026-03-19,14.56,-0.000686,249065.98,363595.189
600887,2026-03-19,26.44,-0.008995999999999999,368799.04,980549.684
600888,2026-03-19,8.47,-0.035308,737180.23,622753.838
600889,2026-03-19,15.57,-0.026265999999999998,29643.0,46370.954
600892,2026-03-19,3.82,-0.023018,72826.0,28150.967
600893,2026-03-19,51.12,-0.055781,447574.54,2309620.579
600894,2026-03-19,9.1,-0.019397,67888.0,62229.373
600895,2026-03-19,36.6,-0.022697,160234.81,590848.003
600897,2026-03-19,16.0,-0.020208,28909.2,46428.695
600900,2026-03-19,27.26,-0.001099,1015257.81,2777309.817
600901,2026-03-19,6.53,0.007716,301498.2,196099.931
600903,2026-03-19,6.91,0.028274,384808.21,264152.42
600905,2026-03-19,4.32,0.004651,2613054.93,1129307.282
600906,2026-03-19,6.67,-0.005960999999999999,160118.26,106833.898
600908,2026-03-19,5.96,-0.001675,147295.91,88109.078
600909,2026-03-19,6.01,-0.022764000000000003,805793.47,487741.272
600916,2026-03-19,9.37,-0.036008,436534.36,412606.777
600917,2026-03-19,5.68,0.0161,309891.46,175985.921
600918,2026-03-19,6.31,-0.00316,376198.35,238531.254
600919,2026-03-19,10.87,-0.003666,937794.79,1025879.558
600925,2026-03-19,4.83,0.002075,171593.99,83151.845
600926,2026-03-19,16.8,-0.018692,314497.73,532395.594
600927,2026-03-19,14.75,-0.013378000000000001,59722.62,88289.19
600928,2026-03-19,3.67,-0.010782,252106.11,93110.722
600929,2026-03-19,5.98,-0.027642000000000003,207316.0,124983.164
600930,2026-03-19,6.66,-0.00597,4481540.17,3008931.59
600933,2026-03-19,17.21,-0.011488,87539.8,150159.49
600935,2026-03-19,2.86,-0.04666699999999999,960828.81,282161.88
600936,2026-03-19,4.0,0.0,248439.0,99781.198
600938,2026-03-19,42.24,0.058647,1362304.0,5665720.561
600939,2026-03-19,3.09,-0.019048,229031.0,71068.84
600941,2026-03-19,98.59,0.008284,139994.35,1378249.815
600955,2026-03-19,16.0,-0.051571,81596.0,132374.986
600956,2026-03-19,10.03,-0.040191,581065.95,593329.263
600958,2026-03-19,9.6,-0.012346,418522.41,402980.689
600959,2026-03-19,3.99,0.007576,724100.38,289156.562
600960,2026-03-19,5.23,-0.024253999999999998,177879.0,93747.359
600961,2026-03-19,17.85,-0.060031999999999995,205118.55,370328.606
600962,2026-03-19,19.8,-0.027505,24075.01,48092.707
600963,2026-03-19,5.0,-0.05838,420590.19,213422.699
600965,2026-03-19,5.72,-0.017182,96002.8,55096.635
600966,2026-03-19,7.34,-0.10049,393156.34,299586.864
600967,2026-03-19,15.05,-0.032776,184623.66,280524.164
600968,2026-03-19,4.66,0.013043,1317653.95,614214.147
600969,2026-03-19,10.22,-0.019194,71124.93,73183.59
600970,2026-03-19,10.2,-0.021113,169515.28,173568.797
600971,2026-03-19,7.56,0.0,193816.61,147648.726
600973,2026-03-19,6.55,-0.036765,237076.21,156988.67
600975,2026-03-19,5.66,-0.008757000000000001,141540.94,80533.512
600976,2026-03-19,31.35,-0.016316,8872.0,27883.828
600977,2026-03-19,13.27,-0.017037,203186.0,270144.689
600979,2026-03-19,5.74,0.09961700000000001,1153222.67,648095.886
600980,2026-03-19,21.67,-0.032589,34145.0,74501.52
600981,2026-03-19,3.23,-0.035821,294479.0,95993.101
600982,2026-03-19,5.14,0.003906,320550.0,165252.408
600983,2026-03-19,11.05,-0.029851000000000003,42394.0,47116.207
600984,2026-03-19,3.93,-0.079625,543281.6,217985.088
600985,2026-03-19,13.44,-0.0022270000000000002,272167.92,368243.563
600986,2026-03-19,10.49,-0.008507,722337.09,757528.536
600987,2026-03-19,7.51,-0.02086,90133.14,67865.71
600989,2026-03-19,32.73,0.024093,2314758.79,7609082.933
600990,2026-03-19,24.13,-0.030144999999999998,38670.0,93620.473
600992,2026-03-19,13.07,-0.022438,39778.0,52362.642
600993,2026-03-19,25.68,-0.011547,31910.05,81956.978
600995,2026-03-19,14.83,-0.010013000000000001,275766.84,411670.817
600996,2026-03-19,9.5,0.099537,739534.83,686126.6
600997,2026-03-19,6.52,0.013996999999999999,271603.61,177441.849
600998,2026-03-19,5.19,-0.01518,275077.14,143464.231
600999,2026-03-19,15.89,-0.008115,278451.96,442841.567
601000,2026-03-19,4.35,-0.004577,261857.2,114723.242
601001,2026-03-19,17.7,0.028472,309388.46,548421.155
601002,2026-03-19,5.39,-0.023551000000000002,112287.73,60980.97
601003,2026-03-19,4.86,-0.027999999999999997,229055.83,111790.262
601005,2026-03-19,1.48,-0.03268,2533489.53,379482.152
601006,2026-03-19,5.27,0.00381,1416077.91,745729.261
601007,2026-03-19,8.06,-0.017073,64333.28,52336.965
601008,2026-03-19,5.02,-0.021442000000000003,137737.61,69790.538
601009,2026-03-19,11.47,-0.00434,380392.4,437985.131
601010,2026-03-19,2.3,-0.025424000000000002,244951.9,56847.572
601011,2026-03-19,3.58,-0.011049999999999999,1062269.63,387246.24
601012,2026-03-19,18.52,-0.0010789999999999999,1718596.99,3195484.336
601015,2026-03-19,5.14,0.100642,1958931.88,996962.38
601016,2026-03-19,4.57,0.038636,8965424.03,4040923.506
601018,2026-03-19,4.17,0.002404,524218.18,219160.171
601019,2026-03-19,8.96,-0.0022270000000000002,59691.25,53452.103
601020,2026-03-19,28.68,-0.065798,364775.27,1064245.581
601021,2026-03-19,47.21,-0.028601,87366.63,412861.443
601022,2026-03-19,9.14,-0.02246,127022.31,116858.452
601026,2026-03-19,21.6,-0.045515,117828.68,256983.475
601033,2026-03-19,15.95,-0.00437,42717.5,68403.328
601038,2026-03-19,13.36,-0.044349,151922.37,206031.373
601058,2026-03-19,13.42,-0.042113,462877.51,624702.038
601059,2026-03-19,17.3,-0.0057469999999999995,95457.78,165325.459
601061,2026-03-19,12.38,-0.038073,174095.44,217377.65
601065,2026-03-19,8.65,-0.012557,89288.0,77581.747
601066,2026-03-19,23.0,-0.0047599999999999995,103151.0,237658.918
601068,2026-03-19,5.88,-0.031301,239612.92,141018.215
601069,2026-03-19,32.46,-0.054196,189755.19,627481.508
601077,2026-03-19,7.01,0.004298,429449.13,301907.409
601083,2026-03-19,12.07,-0.027397,116747.0,141935.248
601086,2026-03-19,8.75,-0.020156999999999998,53661.0,47268.026
601088,2026-03-19,49.47,0.041912000000000005,558452.21,2738215.723
601089,2026-03-19,22.66,-0.037792,38158.0,87240.143
601096,2026-03-19,6.03,-0.036741,554845.0,336627.743
601098,2026-03-19,11.07,-0.0036,89234.31,99014.673
601099,2026-03-19,3.95,-0.010025,1104333.8,437338.282
601100,2026-03-19,100.22,-0.033464999999999995,100803.9,1016374.556
601101,2026-03-19,8.65,0.020047000000000002,442476.37,386627.896
601106,2026-03-19,4.46,-0.026201,707686.21,316509.842
601107,2026-03-19,6.29,-0.007885999999999999,125833.0,79680.796
601108,2026-03-19,8.19,-0.013253,321739.74,264558.091
601111,2026-03-19,6.83,-0.04073,1556465.02,1071844.619
601112,2026-03-19,21.2,-0.035925,256329.24,547301.72
601113,2026-03-19,4.47,-0.026143999999999997,173834.0,78300.121
601116,2026-03-19,14.34,-0.025815,87959.84,126980.045
601117,2026-03-19,9.05,-0.025834000000000003,1536445.66,1411426.487
601118,2026-03-19,6.86,-0.035162,679644.04,470707.165
601121,2026-03-19,7.78,-0.050061,240773.0,189629.47
601126,2026-03-19,46.1,-0.043965,202281.47,942388.239
601127,2026-03-19,100.9,-0.005617,111661.5,1125617.433
601128,2026-03-19,7.13,-0.009722,357604.0,256359.748
601133,2026-03-19,16.29,0.019399,215267.27,348839.773
601136,2026-03-19,17.31,-0.010857,54958.0,95434.422
601137,2026-03-19,18.93,-0.029727999999999997,142468.03,272488.084
601138,2026-03-19,50.46,-0.030733999999999997,1056018.48,5355120.885
601139,2026-03-19,7.56,0.048544000000000004,1006233.0,758042.219
601155,2026-03-19,14.69,-0.041123,135174.9,200776.573
601156,2026-03-19,17.4,-0.041322,132313.0,232743.749
601158,2026-03-19,4.62,-0.006452,104003.07,48184.688
601162,2026-03-19,3.94,-0.007557,1058922.06,418319.041
601163,2026-03-19,14.49,-0.019621,39891.96,58133.659
601166,2026-03-19,18.83,-0.006332,659738.66,1247222.56
601168,2026-03-19,26.12,-0.051561,704313.86,1860730.738
601169,2026-03-19,5.46,-0.007272999999999999,1167494.56,639986.691
601177,2026-03-19,15.16,-0.029449,51117.01,78103.019
601179,2026-03-19,17.11,-0.041456999999999994,2382484.45,4119033.459
601186,2026-03-19,7.19,-0.013717,905902.26,653768.217
601187,2026-03-19,7.63,0.006595999999999999,181048.0,138692.315
601188,2026-03-19,3.49,-0.014124000000000001,172101.6,60375.179
601198,2026-03-19,13.31,-0.0037430000000000002,199601.41,265616.965
601199,2026-03-19,5.97,0.0,92138.0,55162.389
601200,2026-03-19,8.7,-0.005714,141565.62,123654.049
601208,2026-03-19,30.8,-0.030837,427875.84,1325539.481
601211,2026-03-19,17.5,-0.020156999999999998,976843.83,1711527.574
601212,2026-03-19,8.24,-0.064699,1451886.02,1217972.691
601216,2026-03-19,5.75,-0.035234999999999995,1176164.11,683531.334
601218,2026-03-19,7.43,0.100741,1316630.23,948508.072
601222,2026-03-19,6.43,0.001558,397016.77,255982.398
601225,2026-03-19,26.62,0.039032,679824.23,1810572.321
601226,2026-03-19,9.4,-0.033916,309487.77,293557.59
601228,2026-03-19,3.45,-0.017094,294839.0,102378.865
601229,2026-03-19,9.97,-0.001002,343575.49,343214.967
601231,2026-03-19,35.88,-0.028957999999999998,337926.7,1225048.634
601233,2026-03-19,17.25,-0.08971,1126208.27,1976219.139
601236,2026-03-19,8.17,0.0,300934.55,246230.748
601238,2026-03-19,7.6,-0.019355,258296.0,197372.569
601279,2026-03-19,4.29,-0.020548,118387.26,51074.179
601288,2026-03-19,6.83,0.013352999999999999,4846443.5,3295502.157
601298,2026-03-19,8.89,-0.016593,92726.43,82793.869
601311,2026-03-19,9.35,-0.010582000000000001,238201.09,223821.387
601318,2026-03-19,60.62,-0.02052,684722.03,4158160.919
601319,2026-03-19,8.39,-0.021004000000000002,525041.74,443738.71
601326,2026-03-19,3.6,-0.0027700000000000003,266361.28,96157.144
601328,2026-03-19,6.89,-0.001449,1463662.89,1011884.62
601330,2026-03-19,9.73,0.037313,974475.3,937037.571
601333,2026-03-19,3.08,-0.009646,543612.78,168360.217
601336,2026-03-19,70.28,-0.030754,153629.71,1086229.278
601339,2026-03-19,7.12,-0.039136000000000004,112393.0,80873.253
601360,2026-03-19,11.64,-0.02267,1099358.23,1273511.601
601366,2026-03-19,4.28,-0.025057,138929.6,59897.849
601368,2026-03-19,5.44,-0.007299,71426.0,38982.443
601369,2026-03-19,10.68,-0.023766,129312.0,138765.746
601375,2026-03-19,4.2,-0.014085,357414.0,150728.886
601377,2026-03-19,6.33,-0.017081,702291.85,447007.656
601388,2026-03-19,3.65,-0.049478999999999995,633257.0,233375.709
601390,2026-03-19,5.59,-0.021016,2880273.8,1619062.366
601398,2026-03-19,7.53,0.018945,5606763.94,4202515.705
601399,2026-03-19,4.53,-0.029979,706152.06,322496.537
601456,2026-03-19,9.43,-0.004224,205834.27,194066.401
601500,2026-03-19,4.36,-0.022422,177538.25,77830.68
601512,2026-03-19,8.89,-0.020925,31094.0,27829.902
601515,2026-03-19,4.32,-0.054705000000000004,417468.4,182904.983
601518,2026-03-19,2.98,-0.006666999999999999,167027.2,50100.889
601519,2026-03-19,11.1,-0.015957,227474.01,253486.826
601528,2026-03-19,5.58,-0.008881,152421.6,85690.269
601555,2026-03-19,8.3,-0.014252,676501.81,563850.746
601566,2026-03-19,10.73,-0.022768999999999998,48712.01,52536.554
601567,2026-03-19,28.25,-0.031539000000000005,235277.84,668028.574
601568,2026-03-19,4.33,-0.006881000000000001,681652.9,298504.502
601577,2026-03-19,9.84,-0.01006,138411.08,137204.634
601579,2026-03-19,16.59,-0.021238999999999997,48444.18,80771.807
601588,2026-03-19,1.81,-0.032086,390275.5,71608.891
601595,2026-03-19,25.13,-0.021798,37070.84,93523.898
601598,2026-03-19,5.84,-0.011843999999999999,137644.64,80748.278
601599,2026-03-19,4.0,-0.022005,276155.0,111230.002
601600,2026-03-19,11.83,-0.064082,3795170.64,4563384.977
601601,2026-03-19,39.76,-0.024773,289907.08,1156419.775
601606,2026-03-19,40.64,-0.027984,113102.28,468403.87
601607,2026-03-19,17.08,-0.00813,90046.0,154372.69
601608,2026-03-19,6.33,-0.035061,487700.88,311083.943
601609,2026-03-19,9.79,-0.040195999999999996,294100.0,290497.87
601611,2026-03-19,15.48,-0.040298,877275.1,1380145.712
601615,2026-03-19,19.51,-0.04922,822668.17,1624927.013
601616,2026-03-19,5.2,-0.047618999999999995,818200.68,428942.298
601618,2026-03-19,3.08,-0.022222,2253481.94,698424.455
601619,2026-03-19,5.7,-0.013841000000000001,681854.31,391621.401
601628,2026-03-19,42.39,-0.016017,178265.52,754512.011
601633,2026-03-19,20.94,-0.00617,199119.89,418017.376
601636,2026-03-19,6.22,-0.037152,537624.08,336360.759
601658,2026-03-19,5.1,-0.005848,1365640.57,698568.559
601665,2026-03-19,5.79,0.0034660000000000003,713093.33,414202.436
601666,2026-03-19,8.29,0.004848,379083.52,315125.991
601668,2026-03-19,5.03,-0.005929,2180507.91,1099729.728
601669,2026-03-19,6.01,-0.019576,5565829.84,3356551.902
601677,2026-03-19,14.99,-0.043395,327867.01,496925.062
601678,2026-03-19,4.98,-0.045977,815514.02,413303.229
601686,2026-03-19,5.91,-0.02314,106608.0,63201.152
601688,2026-03-19,19.2,-0.026863,783492.96,1513723.638
601689,2026-03-19,59.56,-0.033117,198958.82,1194020.111
601696,2026-03-19,13.06,-0.009856,345756.75,453295.77
601698,2026-03-19,33.99,-0.004977,396291.24,1343452.381
601699,2026-03-19,14.67,0.027311000000000002,428583.33,624100.796
601700,2026-03-19,5.76,-0.041597,359945.74,209540.237
601702,2026-03-19,20.0,-0.037073,66716.29,134697.256
601717,2026-03-19,21.96,-0.021825999999999998,157131.0,346333.947
601718,2026-03-19,3.16,-0.024691,501293.0,159557.992
601727,2026-03-19,8.54,-0.019518,1400249.25,1197307.743
601728,2026-03-19,6.11,0.00659,1741640.45,1063966.486
601766,2026-03-19,6.24,-0.017322999999999998,1196734.4,749796.872
601777,2026-03-19,10.15,-0.026846000000000002,276948.44,283011.706
601778,2026-03-19,5.4,0.015038000000000001,3405774.6,1842121.906
601788,2026-03-19,15.99,-0.01052,184651.56,295871.566
601789,2026-03-19,6.49,0.010903000000000001,2474258.63,1609901.54
601798,2026-03-19,8.99,-0.03125,94485.0,85802.252
601799,2026-03-19,126.79,-0.040633,38704.88,492870.807
601800,2026-03-19,7.98,-0.014815,367486.24,294862.271
601801,2026-03-19,6.65,-0.011887000000000002,79302.02,52809.801
601808,2026-03-19,17.39,0.016959,446683.52,779187.37
601811,2026-03-19,13.71,-0.005801,32391.0,44470.93
601816,2026-03-19,5.11,0.0,1563486.5,801444.8
601818,2026-03-19,3.31,-0.006006,2211786.0,734415.997
601825,2026-03-19,8.82,-0.008989,130527.0,115790.689
601827,2026-03-19,8.91,-0.01547,57242.0,51313.671
601828,2026-03-19,2.49,-0.019684999999999998,193980.09,48674.659
601838,2026-03-19,17.13,-0.012111,191179.29,329625.45
601857,2026-03-19,12.48,0.052277,5434173.55,6668172.221
601858,2026-03-19,24.3,0.041131,369615.43,890422.755
601860,2026-03-19,2.82,-0.0070420000000000005,495665.37,140955.487
601865,2026-03-19,15.52,-0.010835,185175.03,288777.778
601866,2026-03-19,2.74,-0.028369,1591913.58,437356.896
601868,2026-03-19,3.36,-0.005917,16611301.14,5622206.724
601869,2026-03-19,215.93,-0.031400000000000004,105390.1,2285693.391
601872,2026-03-19,17.66,-0.019978,2304548.61,4052862.97
601877,2026-03-19,34.28,-0.034910000000000004,449298.76,1558432.682
601878,2026-03-19,10.16,-0.009747,241458.79,245779.958
601880,2026-03-19,1.74,-0.005714,1543253.63,269402.11
601881,2026-03-19,13.89,-0.016289,326530.24,456045.926
601882,2026-03-19,20.8,-0.023474,36247.0,75760.173
601886,2026-03-19,7.57,-0.08795199999999999,216425.8,167223.906
601888,2026-03-19,72.56,-0.032017000000000004,200313.51,1462559.407
601890,2026-03-19,10.98,-0.035149,441693.83,488457.673
601898,2026-03-19,18.54,0.036333000000000004,719337.4,1333980.873
601899,2026-03-19,32.32,-0.074456,5279354.47,17350969.312
601900,2026-03-19,13.79,-0.003613,66407.39,91579.922
601901,2026-03-19,7.29,-0.013531999999999999,508924.03,372072.309
601908,2026-03-19,4.13,-0.009592,865327.43,361002.584
601916,2026-03-19,3.11,-0.003205,1401322.15,436816.641
601918,2026-03-19,7.79,-0.0012820000000000002,674966.79,530923.993
601919,2026-03-19,15.98,-0.013580000000000002,1023909.14,1647849.83
601921,2026-03-19,7.84,-0.010101,75539.68,59477.459
601928,2026-03-19,9.88,-0.004032,64028.1,63352.673
601929,2026-03-19,3.16,-0.009404000000000001,726487.3,229993.698
601933,2026-03-19,4.0,0.005024999999999999,1854909.1,740247.096
601939,2026-03-19,9.34,0.011918,1256446.97,1172268.155
601949,2026-03-19,6.75,0.022727,229957.61,154121.694
601952,2026-03-19,10.36,0.001934,211843.0,220876.141
601956,2026-03-19,6.67,-0.027697,64410.0,43372.29
601958,2026-03-19,19.38,-0.072727,451250.51,892981.456
601963,2026-03-19,11.1,-0.016829,96069.47,107632.983
601965,2026-03-19,17.68,-0.024821,66067.0,117296.051
601966,2026-03-19,14.51,-0.01158,127790.2,185704.832
601968,2026-03-19,5.3,-0.036364,135181.0,72446.421
601969,2026-03-19,12.19,-0.018519,654178.36,818647.273
601975,2026-03-19,4.68,-0.064,4661842.94,2213607.992
601985,2026-03-19,8.85,-0.002255,1557027.91,1387055.496
601988,2026-03-19,5.53,0.005455,3565275.75,1971909.742
601990,2026-03-19,7.53,-0.011811,195488.97,147701.289
601991,2026-03-19,4.18,-0.030162,3246622.03,1365606.368
601992,2026-03-19,1.82,-0.026737999999999998,855996.8,157046.325
601995,2026-03-19,34.03,-0.003806,162001.79,551596.851
601996,2026-03-19,2.46,-0.042802,305352.0,76599.514
601997,2026-03-19,5.82,-0.010204,331805.23,194253.632
601998,2026-03-19,7.88,-0.002532,608020.71,480133.033
601999,2026-03-19,7.92,0.016688,386366.2,308289.472
603000,2026-03-19,20.77,0.008742,387198.7,799304.58
603001,2026-03-19,8.65,-0.029181,73780.0,63988.196
603002,2026-03-19,10.53,-0.019553,318543.5,336965.126
603004,2026-03-19,22.65,-0.029563000000000002,23432.42,53514.289
603005,2026-03-19,29.13,-0.03543,282474.87,827168.395
603006,2026-03-19,13.2,-0.027982,19612.0,26038.422
603007,2026-03-19,6.64,-0.034884,230565.59,155199.591
603008,2026-03-19,20.6,-0.014825,117009.36,240614.638
603009,2026-03-19,47.86,-0.021268,76658.05,364713.487
603010,2026-03-19,11.32,-0.043111,86904.05,99784.162
603011,2026-03-19,23.01,-0.038847,182772.98,423757.719
603012,2026-03-19,8.01,-0.026730999999999998,161545.0,130481.312
603013,2026-03-19,21.4,-0.021490999999999996,21986.0,47133.356
603014,2026-03-19,38.87,-0.019919,9530.89,37367.41
603015,2026-03-19,13.19,-0.049712,75207.26,100498.358
603016,2026-03-19,35.98,0.038984,85755.41,308643.175
603017,2026-03-19,13.79,-0.003613,267771.0,368786.269
603018,2026-03-19,7.71,-0.022814,75341.01,58520.445
603019,2026-03-19,84.77,-0.031089000000000002,305099.49,2610385.499
603020,2026-03-19,10.44,-0.02521,40198.0,42118.759
603021,2026-03-19,7.16,0.015603,126310.0,91309.759
603022,2026-03-19,10.9,-0.036251000000000005,41182.5,45301.706
603023,2026-03-19,4.89,-0.033597,113404.24,55883.256
603025,2026-03-19,15.42,-0.014066,49503.8,76478.881
603026,2026-03-19,68.55,-0.043933,88255.17,615190.587
603027,2026-03-19,9.28,-0.030303,196512.71,184054.525
603028,2026-03-19,9.02,-0.031149,44417.7,40373.576
603029,2026-03-19,19.23,-0.028788,60279.3,118294.98
603030,2026-03-19,2.53,-0.030651,228429.0,58673.24
603031,2026-03-19,47.55,-0.047094,90036.55,433629.998
603032,2026-03-19,18.08,-0.037274,51048.0,93409.617
603033,2026-03-19,10.15,-0.021215,49070.67,49931.023
603035,2026-03-19,14.5,-0.017615000000000002,37704.0,54931.364
603036,2026-03-19,19.12,-0.025484,38589.0,74058.749
603037,2026-03-19,14.84,-0.006693,72163.69,107220.709
603038,2026-03-19,15.26,-0.03234,31932.3,49117.618
603039,2026-03-19,41.83,-0.03104,38686.59,163278.137
603040,2026-03-19,80.74,-0.031546,18891.0,153916.21
603041,2026-03-19,12.83,-0.045387000000000004,37497.59,48720.296
603042,2026-03-19,20.69,0.047065,388098.41,815615.385
603043,2026-03-19,16.44,-0.013205,31321.6,51614.44
603045,2026-03-19,31.05,-0.020196000000000002,59328.8,187408.808
603048,2026-03-19,21.36,-0.035230000000000004,12011.0,25880.148
603049,2026-03-19,48.66,-0.016572,25251.08,123180.109
603050,2026-03-19,22.86,-0.061961,86133.84,200639.785
603051,2026-03-19,21.66,-0.026954,43917.15,95628.55
603052,2026-03-19,66.2,0.042684,167177.43,1083017.313
603053,2026-03-19,10.29,0.028999999999999998,129208.0,132244.909
603055,2026-03-19,9.89,-0.009018,115776.08,114533.952
603057,2026-03-19,26.89,-0.047805,30938.0,84085.541
603058,2026-03-19,12.45,-0.018913,75452.24,93979.859
603059,2026-03-19,33.12,-0.010161,10147.25,33433.835
603060,2026-03-19,6.64,-0.016295999999999998,44426.4,29682.598
603061,2026-03-19,247.05,-0.00982,14486.0,359602.748
603062,2026-03-19,51.2,-0.048681,24160.48,126030.163
603063,2026-03-19,31.69,-0.009378,182374.92,581223.94
603065,2026-03-19,8.28,-0.032709999999999996,53324.0,44627.273
603066,2026-03-19,10.3,-0.023697,25555.0,26606.237
603067,2026-03-19,33.17,-0.099864,393726.03,1349991.391
603068,2026-03-19,33.23,-0.029214000000000004,20824.95,69661.169
603069,2026-03-19,18.55,-0.032847,43847.0,81970.861
603070,2026-03-19,15.36,-0.032136,48927.0,75504.595
603071,2026-03-19,14.36,-0.010338,45754.0,66142.693
603072,2026-03-19,37.82,-0.035204,26802.3,101913.687
603073,2026-03-19,20.18,-0.044055,29028.0,59175.377
603075,2026-03-19,22.8,0.002198,16556.45,37587.172
603076,2026-03-19,25.49,-0.031903,20248.2,52238.992
603077,2026-03-19,2.83,-0.050336,3588519.86,1033879.91
603078,2026-03-19,23.42,-0.029424000000000002,132540.66,310261.689
603079,2026-03-19,17.65,-0.042322,32470.28,58084.941
603080,2026-03-19,23.06,0.030844999999999997,71025.0,162746.163
603081,2026-03-19,12.11,-0.02496,36310.0,44207.995
603082,2026-03-19,36.01,-0.029641999999999998,11396.75,41277.146
603083,2026-03-19,115.67,0.027903999999999998,292383.83,3332957.041
603085,2026-03-19,11.15,-0.023643,67464.35,75886.863
603086,2026-03-19,7.8,-0.044118000000000004,185112.77,146653.445
603087,2026-03-19,61.25,-0.025457,55182.01,340368.363
603088,2026-03-19,13.09,-0.017266999999999998,470292.08,626672.391
603089,2026-03-19,12.72,-0.031963,31767.02,40830.657
603090,2026-03-19,62.3,-0.035305,18662.15,117025.329
603091,2026-03-19,75.6,-0.013441000000000002,4353.07,33081.692
603092,2026-03-19,72.35,-0.033787,37427.54,274340.746
603093,2026-03-19,20.93,-0.015059,164770.0,347210.087
603095,2026-03-19,17.63,-0.049082999999999995,39057.36,69524.371
603096,2026-03-19,18.42,-0.017076,15022.47,27860.988
603097,2026-03-19,34.19,-0.051595,36800.0,126956.519
603098,2026-03-19,17.5,0.008065,354415.41,628182.748
603099,2026-03-19,36.79,-0.019195,32534.12,120456.253
603100,2026-03-19,21.3,-0.033137,69942.6,150076.257
603101,2026-03-19,8.32,-0.021176,41740.98,34878.869
603102,2026-03-19,42.14,-0.032153999999999995,7090.0,30096.912
603103,2026-03-19,23.66,-0.016215999999999998,46728.16,110818.049
603105,2026-03-19,11.45,0.025986,725266.11,829743.482
603106,2026-03-19,9.65,-0.024266999999999997,54352.86,52832.71
603107,2026-03-19,14.73,-0.016689,21513.95,31954.657
603108,2026-03-19,14.17,-0.029452,133335.09,190295.67
603109,2026-03-19,23.67,-0.033878,18626.08,44425.407
603110,2026-03-19,17.22,-0.031495999999999996,115013.0,200799.311
603111,2026-03-19,6.7,-0.017595,57954.5,38939.248
603112,2026-03-19,17.48,0.010405,130739.49,229268.34
603113,2026-03-19,7.5,-0.034749,431665.88,333180.868
603115,2026-03-19,32.7,-0.008791,138422.95,448298.568
603116,2026-03-19,5.8,-0.036545,63519.6,37308.431
603117,2026-03-19,5.14,-0.024668000000000002,111609.0,57756.374
603118,2026-03-19,12.71,-0.010125,357567.41,457230.5
603119,2026-03-19,75.7,-0.050664999999999995,96271.43,737164.236
603120,2026-03-19,40.67,-0.039668999999999996,16020.51,65867.241
603121,2026-03-19,17.94,-0.035484,64042.58,115780.224
603122,2026-03-19,15.6,-0.042945000000000004,166865.0,263443.009
603123,2026-03-19,12.3,-0.045031,310391.42,384938.854
603124,2026-03-19,102.73,0.026889,32727.44,334378.715
603125,2026-03-19,18.07,-0.033690000000000005,29984.27,54669.898
603126,2026-03-19,7.49,-0.022193,69804.69,52725.459
603127,2026-03-19,28.55,-0.024932,150851.7,431783.883
603128,2026-03-19,5.85,-0.013491,132235.0,77546.748
603129,2026-03-19,246.48,-0.035681,10291.5,256703.983
603130,2026-03-19,45.6,0.100121,43538.5,192345.093
603131,2026-03-19,21.73,-0.028610000000000003,61817.09,135307.094
603132,2026-03-19,16.25,-0.049151999999999994,78257.0,128282.527
603135,2026-03-19,10.59,-0.03464,29843.6,31951.572
603136,2026-03-19,11.69,-0.018472,34065.25,40097.791
603137,2026-03-19,13.71,-0.026278000000000003,19778.0,27354.784
603138,2026-03-19,21.52,-0.015103,202972.09,438279.081
603139,2026-03-19,27.47,-0.035125,33409.0,92500.926
603150,2026-03-19,52.93,-0.038685,13707.06,73163.141
603151,2026-03-19,18.06,-0.027464,15237.0,27731.433
603153,2026-03-19,16.29,-0.013923000000000001,14256.0,23382.565
603155,2026-03-19,16.05,-0.03777,54406.43,88127.533
603156,2026-03-19,32.17,0.013867,119851.57,383743.719
603158,2026-03-19,12.4,-0.0040160000000000005,397980.6,490273.19
603159,2026-03-19,25.2,-0.036329,9943.0,25340.175
603160,2026-03-19,70.82,-0.021688,28629.06,203640.9
603161,2026-03-19,15.02,-0.028461,34005.2,51540.156
603162,2026-03-19,12.68,-0.044461,153407.89,196288.526
603163,2026-03-19,111.24,-0.052632000000000005,37946.5,423859.113
603165,2026-03-19,13.6,-0.07040300000000001,167904.72,233669.59
603166,2026-03-19,13.73,-0.031052,67493.64,93537.738
603167,2026-03-19,9.35,-0.015789,79471.0,74709.956
603168,2026-03-19,7.47,-0.042308000000000005,455039.69,342976.88
603169,2026-03-19,11.23,0.0026790000000000004,898850.02,1026706.033
603170,2026-03-19,13.21,-0.017113,17546.75,23319.482
603171,2026-03-19,53.2,-0.025640999999999997,29247.52,155907.831
603172,2026-03-19,21.4,-0.030796999999999998,23541.75,50771.379
603173,2026-03-19,41.8,-0.03908,17064.0,72297.744
603175,2026-03-19,91.65,-0.06765,80708.64,749746.536
603176,2026-03-19,5.52,-0.031579,42538.0,23732.362
603177,2026-03-19,11.58,-0.044554,36509.0,42820.191
603178,2026-03-19,15.89,-0.022755,19384.0,30980.206
603179,2026-03-19,69.53,-0.03444,99472.3,696016.608
603180,2026-03-19,19.37,-0.033433000000000004,18376.96,36066.268
603181,2026-03-19,15.1,-0.065594,105584.36,163038.001
603182,2026-03-19,15.36,-0.025998999999999998,21227.0,32966.244
603183,2026-03-19,4.69,-0.022917,122687.88,58095.857
603185,2026-03-19,24.43,-0.002042,150970.36,370191.094
603186,2026-03-19,64.52,-0.038450000000000005,69182.17,453853.915
603187,2026-03-19,16.09,-0.018304,51245.6,82759.794
603188,2026-03-19,5.02,-0.032755,110310.73,55931.646
603189,2026-03-19,21.0,0.045817,418227.08,897287.83
603190,2026-03-19,25.4,-0.022701,10252.2,26285.436
603191,2026-03-19,22.46,-0.034394,115338.75,260467.723
603192,2026-03-19,23.9,-0.026873,16648.3,40008.671
603193,2026-03-19,21.93,-0.020981999999999997,16210.91,35747.864
603194,2026-03-19,34.2,-0.033352,16778.0,58005.006
603195,2026-03-19,42.66,-0.012043,19619.05,83937.771
603196,2026-03-19,26.91,-0.007011,26311.0,70868.806
603197,2026-03-19,33.5,-0.025596,20131.91,68003.867
603198,2026-03-19,34.2,-0.037433,35708.16,123959.977
603199,2026-03-19,42.05,-0.009656,13426.0,56632.15
603200,2026-03-19,61.28,-0.044739,55622.92,344743.996
603201,2026-03-19,17.88,-0.030893999999999998,17767.63,32118.163
603202,2026-03-19,92.83,-0.008226,7392.34,68563.574
603203,2026-03-19,37.49,-0.020893000000000002,28241.23,106394.932
603205,2026-03-19,27.01,-0.011347000000000001,5673.56,15375.221
603206,2026-03-19,16.12,-0.009828,25470.0,41318.028
603207,2026-03-19,27.95,-0.018265,8845.38,24818.812
603208,2026-03-19,13.94,-0.025175,18699.2,26267.656
603209,2026-03-19,15.11,-0.027671,70098.77,106821.479
603210,2026-03-19,18.76,-0.011591,17137.91,32288.66
603211,2026-03-19,23.6,-0.057508,73219.0,175822.57
603212,2026-03-19,13.73,-0.025550000000000003,120969.21,167626.468
603213,2026-03-19,13.42,-0.009594,25492.0,34351.017
603214,2026-03-19,16.43,-0.022024,28033.0,46248.31
603215,2026-03-19,18.78,-0.019833,12843.0,24206.08
603216,2026-03-19,34.17,-0.043125,24844.0,85807.373
603217,2026-03-19,24.59,0.008199999999999999,38461.6,94613.975
603218,2026-03-19,15.13,0.01817,403943.25,613470.281
603219,2026-03-19,17.94,-0.030270000000000002,65691.98,118364.639
603220,2026-03-19,27.39,-0.006168,624392.6,1738210.849
603221,2026-03-19,12.07,-0.02818,22003.0,26692.848
603222,2026-03-19,9.01,-0.013143,153124.58,137404.633
603223,2026-03-19,8.85,-0.002255,52116.23,46364.885
603225,2026-03-19,15.78,-0.077732,554058.55,891599.264
603226,2026-03-19,39.5,-0.033521,98264.39,397143.308
603227,2026-03-19,8.49,-0.029714,204132.48,175838.536
603228,2026-03-19,59.69,-0.038344,220960.76,1327690.871
603229,2026-03-19,9.37,-0.021921,55363.21,52108.577
603230,2026-03-19,11.92,-0.006666999999999999,26307.15,31531.966
603231,2026-03-19,17.95,-0.023395000000000003,22030.64,40058.802
603232,2026-03-19,22.26,-0.025394,86012.97,191592.44
603233,2026-03-19,18.2,-0.029333,47736.07,87478.47
603235,2026-03-19,28.11,-0.001066,10797.0,30480.37
603236,2026-03-19,76.8,-0.023149000000000003,41958.35,323839.966
603237,2026-03-19,16.97,-0.016801999999999997,14024.05,24011.534
603238,2026-03-19,16.28,-0.05787,37685.0,62620.875
603239,2026-03-19,21.99,-0.03213,29528.0,65616.165
603248,2026-03-19,29.75,-0.08150700000000001,358333.56,1096652.874
603255,2026-03-19,28.6,-0.035738,10164.0,29349.454
603256,2026-03-19,66.1,-0.046176,118506.88,794016.276
603257,2026-03-19,58.5,-0.07641300000000001,25379.37,152569.14
603258,2026-03-19,17.78,-0.022002,27275.0,48721.324
603259,2026-03-19,91.58,-0.02043,240716.76,2213257.972
603260,2026-03-19,45.74,-0.044496,100862.51,466453.661
603261,2026-03-19,31.2,-0.015773,6505.0,20331.681
603262,2026-03-19,27.2,-0.009829,9760.13,26716.396
603266,2026-03-19,19.24,-0.02335,19236.6,37250.042
603267,2026-03-19,53.7,-0.020609000000000002,52295.33,281634.637
603268,2026-03-19,121.0,-0.027955999999999998,75550.28,936522.152
603269,2026-03-19,15.21,-0.036732,169628.72,261376.227
603270,2026-03-19,24.1,-0.023500999999999998,19774.95,48014.082
603271,2026-03-19,41.98,-0.029363999999999998,21360.0,89960.838
603272,2026-03-19,22.62,-0.020779000000000002,18799.0,43018.805
603273,2026-03-19,19.48,-0.026000000000000002,26863.89,53329.914
603275,2026-03-19,44.84,-0.014938,9140.0,41031.988
603276,2026-03-19,17.17,-0.016046,17178.3,29480.917
603277,2026-03-19,14.88,-0.019763,11250.45,16850.379
603278,2026-03-19,11.12,-0.026269999999999998,65691.0,73282.172
603279,2026-03-19,16.83,-0.038835,124637.63,211716.79
603280,2026-03-19,35.95,-0.041333,36121.0,131159.04
603281,2026-03-19,30.04,-0.010214,32959.6,98352.036
603282,2026-03-19,20.74,-0.029481,15477.0,32303.666
603283,2026-03-19,45.58,-0.043240999999999995,135243.38,619096.021
603284,2026-03-19,48.21,-0.040406000000000004,24125.93,117938.301
603285,2026-03-19,32.83,-0.04564,19690.89,65156.294
603286,2026-03-19,57.08,-0.036787,21837.0,126373.505
603288,2026-03-19,38.21,-0.009077,147094.02,562221.909
603289,2026-03-19,11.36,-0.021533000000000004,57280.0,65288.917
603290,2026-03-19,107.96,-0.035554999999999996,56978.83,615831.174
603291,2026-03-19,11.79,-0.0175,90868.0,107900.129
603296,2026-03-19,86.96,-0.019617,47434.66,414569.57
603297,2026-03-19,110.95,-0.028458999999999998,10694.0,119917.898
603298,2026-03-19,23.99,-0.042698,77643.99,188643.657
603299,2026-03-19,11.19,-0.024412,120581.0,135782.527
603300,2026-03-19,7.28,0.0055249999999999995,764711.19,554242.979
603301,2026-03-19,91.5,-0.02452,32946.22,301679.152
603303,2026-03-19,14.53,-0.014915000000000001,14792.84,21666.075
603305,2026-03-19,14.62,-0.028571,198901.88,292399.085
603306,2026-03-19,78.55,-0.033825,65488.65,518433.859
603307,2026-03-19,38.9,-0.032579,5686.0,22380.936
603308,2026-03-19,61.16,-0.036699,145429.74,891020.943
603309,2026-03-19,15.26,-0.023046999999999998,64085.7,97733.065
603310,2026-03-19,16.33,-0.023909,31444.51,51807.178
603311,2026-03-19,16.91,-0.029277,140539.0,241311.849
603312,2026-03-19,43.9,-0.019433,12399.0,54811.121
603313,2026-03-19,8.44,-0.058036000000000004,137210.82,117404.611
603315,2026-03-19,15.57,-0.002562,89903.04,139694.511
603316,2026-03-19,16.75,0.021965,342568.69,565628.87
603317,2026-03-19,12.4,-0.034268,66734.56,83789.549
603318,2026-03-19,8.46,0.027947000000000003,703091.9,597292.781
603319,2026-03-19,34.97,-0.030764999999999997,69895.32,245640.881
603320,2026-03-19,20.62,-0.037348,23841.6,49801.689
603321,2026-03-19,7.64,-0.042607,53365.36,41310.189
603322,2026-03-19,35.05,-0.019032,41769.0,147070.439
603323,2026-03-19,5.03,-0.007890000000000001,229349.73,116215.149
603324,2026-03-19,24.82,-0.022065,12227.6,30377.488
603325,2026-03-19,75.54,-0.028673999999999998,5110.68,38941.106
603326,2026-03-19,9.38,-0.027978999999999997,34936.0,33166.699
603327,2026-03-19,9.63,-0.030211000000000002,123874.71,120271.078
603328,2026-03-19,12.3,-0.040561999999999994,313803.86,388741.456
603329,2026-03-19,10.75,-0.034142,32424.3,35141.033
603330,2026-03-19,7.14,-0.02459,80126.0,57196.652
603331,2026-03-19,15.26,-0.032953,76485.78,117240.3
603332,2026-03-19,14.14,-0.044595,125262.91,179049.301
603333,2026-03-19,7.92,-0.032966999999999996,136420.0,109353.506
603334,2026-03-19,52.66,-0.052878,33646.57,181424.151
603335,2026-03-19,5.96,-0.027732,100560.0,60918.416
603336,2026-03-19,8.85,-0.030668,69724.41,62013.812
603337,2026-03-19,41.34,-0.023849,17831.1,74113.912
603338,2026-03-19,50.78,-0.033682,40864.99,209429.144
603339,2026-03-19,13.1,-0.017254000000000002,28977.24,38325.292
603341,2026-03-19,39.96,-0.02489,57427.54,230620.871
603344,2026-03-19,27.59,-0.023017,14922.0,41407.158
603345,2026-03-19,84.4,-0.023374000000000002,42749.95,363192.896
603348,2026-03-19,20.1,0.003495,44034.06,88948.608
603350,2026-03-19,35.29,-0.027824,8547.26,30409.482
603351,2026-03-19,25.43,-0.024923,6373.12,16352.183
603352,2026-03-19,44.32,-0.043591,68688.63,308674.222
603353,2026-03-19,44.66,-0.004236,204451.9,919382.944
603355,2026-03-19,29.71,-0.030669,18898.0,56403.434
603356,2026-03-19,17.21,-0.066703,63587.0,111775.932
603357,2026-03-19,8.41,-0.01867,156942.15,132752.051
603358,2026-03-19,45.82,-0.008225,55625.49,256723.643
603359,2026-03-19,6.26,-0.024922,77558.6,48974.015
603360,2026-03-19,24.75,-0.038462,68282.2,170285.884
603363,2026-03-19,4.24,-0.002353,576141.3,245959.934
603365,2026-03-19,20.47,-0.020574,11294.0,23199.377
603366,2026-03-19,10.75,0.100307,699705.73,742072.303
603367,2026-03-19,16.56,-0.023008999999999998,42210.0,70353.231
603368,2026-03-19,17.12,-0.01496,36977.7,63627.502
603369,2026-03-19,28.35,-0.024768,56112.69,160525.067
603370,2026-03-19,46.66,-0.025276999999999997,7994.22,37579.138
603373,2026-03-19,43.33,0.024592,31236.0,135458.465
603375,2026-03-19,37.85,-0.010199,11481.89,43408.136
603376,2026-03-19,37.37,-0.033868,30092.89,113980.354
603377,2026-03-19,3.6,-0.021739,47264.0,17134.648
603378,2026-03-19,5.91,-0.040583999999999995,73585.0,44023.934
603379,2026-03-19,64.98,-0.044833,69269.42,455135.166
603380,2026-03-19,35.19,-0.031112,17043.0,60527.204
603381,2026-03-19,25.65,-0.025456,95842.46,250812.242
603382,2026-03-19,30.43,-0.02624,11761.15,35937.759
603383,2026-03-19,31.5,-0.022345999999999998,27185.41,86100.023
603385,2026-03-19,6.94,-0.029371,41521.1,29087.453
603386,2026-03-19,13.95,-0.039256,90025.0,126655.495
603387,2026-03-19,10.2,-0.017341,1224682.9,1315673.223
603389,2026-03-19,43.76,0.008295,24627.2,104012.944
603390,2026-03-19,11.99,-0.020425,30120.0,36360.856
603391,2026-03-19,70.32,-0.038162,11490.34,81117.002
603392,2026-03-19,40.7,-0.00489,28683.91,117375.192
603393,2026-03-19,41.93,0.061519000000000004,338921.21,1415097.312
603395,2026-03-19,31.96,0.017509999999999998,83000.99,268640.162
603396,2026-03-19,37.94,-0.008882,47807.52,182154.53
603398,2026-03-19,10.73,0.041748,168575.37,176767.707
603399,2026-03-19,10.12,-0.044381000000000004,172097.0,175636.441
603400,2026-03-19,67.58,-0.038418,17232.21,117392.098
603402,2026-03-19,135.26,-0.029699,9196.0,125822.014
603406,2026-03-19,39.7,-0.037809,35493.57,141685.035
603408,2026-03-19,12.24,-0.022364000000000002,25168.0,30988.854
603409,2026-03-19,38.27,-0.015436,9802.0,37764.056
603416,2026-03-19,50.06,-0.035081,15244.02,77371.97
603418,2026-03-19,55.22,-0.012164999999999999,10199.0,56827.355
603421,2026-03-19,10.33,0.033,861050.97,898454.277
603429,2026-03-19,8.3,0.018405,140891.71,117081.494
603439,2026-03-19,11.29,-0.025043000000000003,26584.55,30307.151
603444,2026-03-19,373.78,-0.02504,11816.22,444460.256
603456,2026-03-19,16.36,-0.023866000000000002,107348.0,176358.064
603458,2026-03-19,10.13,-0.024085000000000002,65266.0,66511.376
603466,2026-03-19,9.74,-0.016162,177281.1,172788.711
603477,2026-03-19,18.88,-0.0036940000000000002,123519.49,234060.246
603486,2026-03-19,62.02,-0.024076,33546.81,209125.608
603488,2026-03-19,9.86,-0.031434000000000004,48070.8,47877.082
603489,2026-03-19,35.56,-0.030270000000000002,107907.26,389067.353
603496,2026-03-19,29.91,-0.008945999999999999,141835.51,423965.865
603499,2026-03-19,24.93,-0.010322,67933.67,169410.339
603500,2026-03-19,11.11,-0.023725999999999997,46175.04,51916.743
603501,2026-03-19,105.84,-0.022534000000000002,123788.56,1312104.939
603505,2026-03-19,18.28,-0.051867,197807.47,369060.695
603506,2026-03-19,12.62,-0.041761999999999994,32931.0,42147.558
603507,2026-03-19,38.8,0.049215999999999996,191550.41,738381.867
603508,2026-03-19,25.75,-0.022028,38987.53,101110.169
603511,2026-03-19,14.35,-0.027778,19468.0,28201.432
603515,2026-03-19,19.02,-0.013485,11254.77,21570.32
603516,2026-03-19,149.83,-0.035719,47112.15,715211.184
603517,2026-03-19,12.03,-0.013126,33939.0,41088.338
603518,2026-03-19,8.89,-0.024148999999999997,45299.0,40703.837
603519,2026-03-19,13.54,-0.008785,39542.0,54251.663
603520,2026-03-19,9.71,-0.030938,59975.8,58820.111
603527,2026-03-19,11.61,-0.08438499999999999,282119.42,335710.557
603528,2026-03-19,8.55,-0.013841000000000001,63559.0,54534.84
603529,2026-03-19,28.48,-0.011111,43491.36,124590.673
603530,2026-03-19,61.68,-0.039402,48037.51,300004.909
603533,2026-03-19,26.36,0.0034260000000000002,295361.0,776034.002
603535,2026-03-19,8.68,-0.033408,47003.55,41092.254
603536,2026-03-19,9.77,-0.026892,39594.0,39038.294
603538,2026-03-19,25.31,-0.039833,202659.53,511852.107
603551,2026-03-19,12.62,-0.009419,41536.0,52856.101
603556,2026-03-19,35.91,-0.047733,58909.62,214695.279
603557,2026-03-19,4.04,-0.024155000000000003,238496.54,97891.193
603558,2026-03-19,14.11,0.010745,221307.75,312259.815
603559,2026-03-19,7.08,-0.032787000000000004,31931.0,22783.885
603565,2026-03-19,11.01,-0.01167,119303.96,131662.987
603566,2026-03-19,13.21,-0.024371999999999998,36531.0,48702.93
603567,2026-03-19,7.15,-0.025886,162126.29,116602.704
603568,2026-03-19,26.07,-0.02905,73878.94,194612.977
603569,2026-03-19,6.97,-0.027894000000000002,57453.4,40417.527
603577,2026-03-19,11.5,0.015901000000000002,182667.5,210713.587
603578,2026-03-19,13.87,-0.062838,57826.14,82082.805
603579,2026-03-19,21.8,-0.025916,27647.3,60616.096
603580,2026-03-19,17.31,0.04972699999999999,9880.8,16975.811
603583,2026-03-19,32.95,-0.022254999999999997,28798.54,95407.276
603585,2026-03-19,19.29,-0.063137,36722.0,72224.124
603586,2026-03-19,17.34,-0.025842999999999998,16152.98,28323.236
603587,2026-03-19,12.6,-0.014085,15677.0,19857.095
603588,2026-03-19,14.12,-0.038801999999999996,706195.63,1007433.015
603589,2026-03-19,26.23,-0.01428,31583.74,83398.134
603590,2026-03-19,37.18,-0.016402,18778.0,69784.786
603595,2026-03-19,16.46,-0.016726,23456.6,38732.675
603596,2026-03-19,47.04,-0.038626999999999995,116878.1,554668.798
603598,2026-03-19,20.14,-0.024697,91411.0,184593.721
603599,2026-03-19,13.65,-0.052083000000000004,178859.04,247572.467
603600,2026-03-19,10.66,-0.022018,25871.0,27903.614
603601,2026-03-19,12.0,0.019541,2510486.27,2972751.852
603602,2026-03-19,13.77,-0.015726,34816.14,47977.947
603605,2026-03-19,66.56,-0.016257999999999998,25635.11,171309.722
603606,2026-03-19,63.94,-0.012815,133721.77,863541.702
603607,2026-03-19,23.11,-0.024483,46532.0,108258.788
603608,2026-03-19,10.7,-0.039497,106263.4,114584.993
603609,2026-03-19,7.14,-0.016529000000000002,54923.5,39446.807
603610,2026-03-19,17.48,-0.04533,108903.85,192697.076
603611,2026-03-19,22.07,-0.032866,49419.0,110143.5
603612,2026-03-19,27.47,-0.056338,286963.5,797041.656
603613,2026-03-19,27.26,-0.027122999999999998,104302.11,286437.384
603615,2026-03-19,21.97,0.053716999999999994,128035.09,278112.601
603616,2026-03-19,6.75,-0.035714,191895.0,131512.72
603617,2026-03-19,7.78,-0.010178,94422.09,73844.593
603618,2026-03-19,19.76,-0.016426,796138.86,1586666.871
603619,2026-03-19,36.3,0.048526999999999994,509735.33,1828958.97
603626,2026-03-19,21.97,-0.050151,260220.35,580740.241
603628,2026-03-19,15.22,0.022163,227740.46,346005.425
603629,2026-03-19,68.07,0.100032,334857.88,2209926.916
603630,2026-03-19,16.46,-0.030053,30623.0,50775.983
603633,2026-03-19,7.98,-0.035067,82421.6,66454.723
603636,2026-03-19,9.95,-0.014851000000000001,60095.0,60107.897
603637,2026-03-19,11.79,-0.009244,68054.1,80568.11
603638,2026-03-19,20.63,-0.033271,51790.2,107557.474
603639,2026-03-19,13.75,-0.015747999999999998,30248.68,41700.75
603648,2026-03-19,10.11,-0.016537,24076.75,24586.421
603650,2026-03-19,51.85,-0.025741999999999998,78636.32,409600.374
603655,2026-03-19,38.32,-0.060324,37196.3,145285.643
603656,2026-03-19,22.04,-0.009883,24197.0,53669.752
603657,2026-03-19,26.62,-0.040029,14266.0,38475.992
603658,2026-03-19,34.45,-0.011477999999999999,17949.7,61996.946
603659,2026-03-19,29.26,-0.030805,630115.8,1874639.701
603660,2026-03-19,10.17,0.047374,421467.87,430207.101
603661,2026-03-19,31.77,-0.023062999999999997,6327.9,20260.201
603662,2026-03-19,57.65,-0.037884,38193.58,221760.527
603663,2026-03-19,43.2,-0.06392199999999999,104931.94,460543.617
603665,2026-03-19,29.18,-0.0395,24514.31,72388.499
603666,2026-03-19,27.63,-0.022292999999999997,27821.39,77213.506
603667,2026-03-19,66.92,-0.043316999999999994,164462.1,1108697.753
603668,2026-03-19,13.19,0.009954,85118.25,111805.573
603669,2026-03-19,4.49,-0.02603,62586.44,28399.501
603676,2026-03-19,10.7,-0.023723,15933.0,17163.541
603677,2026-03-19,16.58,-0.029274,16309.0,27235.982
603678,2026-03-19,36.9,-0.025870999999999998,61639.48,228595.451
603679,2026-03-19,15.66,-0.003183,67421.13,106346.267
603680,2026-03-19,13.31,-0.032703,31672.06,42503.184
603681,2026-03-19,17.26,-0.03951,65540.86,114255.769
603682,2026-03-19,6.54,-0.058993000000000004,199254.0,130841.425
603683,2026-03-19,27.8,0.009807,144887.52,401769.246
603685,2026-03-19,28.39,-0.046035000000000006,51277.76,147200.851
603686,2026-03-19,19.04,-0.033503,144589.9,277049.131
603687,2026-03-19,12.17,0.10036199999999999,49106.31,59762.379
603688,2026-03-19,43.79,-0.039481999999999996,141902.27,625046.557
603689,2026-03-19,8.59,0.01898,173917.96,149167.461
603690,2026-03-19,26.06,-0.030144999999999998,82414.03,216059.309
603693,2026-03-19,16.89,0.043880999999999996,592794.34,974913.197
603696,2026-03-19,16.36,-0.024447999999999998,35896.3,59068.556
603697,2026-03-19,10.73,-0.024544999999999997,64550.21,69911.508
603698,2026-03-19,30.83,0.0012989999999999998,117862.61,362688.327
603699,2026-03-19,51.5,-0.073741,95565.49,499876.727
603700,2026-03-19,13.71,-0.033826999999999996,25259.0,35095.376
603701,2026-03-19,22.04,0.001818,60852.73,135830.215
603703,2026-03-19,12.8,-0.032502,98234.2,126774.426
603706,2026-03-19,20.32,0.007937,21960.0,44736.386
603707,2026-03-19,9.83,-0.011066,98453.06,97214.022
603708,2026-03-19,11.19,-0.015830999999999998,46137.43,51977.362
603709,2026-03-19,17.44,-0.035931000000000005,23359.72,41212.011
603711,2026-03-19,12.98,-0.007645,30109.0,39227.184
603712,2026-03-19,17.73,-0.027961,75517.06,135056.709
603713,2026-03-19,58.98,-0.037533,16103.51,96359.893
603716,2026-03-19,22.08,-0.041666999999999996,132882.59,295776.236
603717,2026-03-19,7.06,-0.035518999999999995,52503.0,37592.854
603718,2026-03-19,4.68,-0.029046,133997.96,63286.762
603719,2026-03-19,10.32,-0.023652000000000003,26582.0,27593.49
603721,2026-03-19,20.41,-0.019693000000000002,13122.0,26769.079
603722,2026-03-19,36.81,-0.025417000000000002,8922.0,33036.202
603725,2026-03-19,9.23,-0.039542,46347.25,43251.061
603726,2026-03-19,24.53,-0.032729,24570.0,60954.05
603727,2026-03-19,17.52,-0.004545,117043.05,204965.181
603728,2026-03-19,58.18,-0.026276,36948.92,216391.208
603729,2026-03-19,17.82,-0.026230000000000003,33220.0,59673.14
603730,2026-03-19,8.54,-0.048998,274238.03,235751.021
603733,2026-03-19,22.51,-0.033076,37863.0,85811.337
603737,2026-03-19,48.1,-0.035686,35461.21,172755.734
603738,2026-03-19,24.0,-0.002079,371865.64,893659.734
603739,2026-03-19,15.39,-0.048236999999999995,74986.8,117243.108
603755,2026-03-19,28.96,-0.0259,9464.0,27615.725
603757,2026-03-19,49.45,0.015192,259314.51,1301560.275
603758,2026-03-19,13.48,-0.004431,54835.12,75114.424
603759,2026-03-19,9.83,-0.024802,51114.34,50651.291
603766,2026-03-19,14.83,-0.036387,268624.37,402135.169
603767,2026-03-19,18.83,-0.020801,26478.0,50110.105
603768,2026-03-19,11.43,-0.024744000000000002,21836.0,25227.57
603773,2026-03-19,38.03,-0.028111,107132.1,409120.402
603776,2026-03-19,19.47,-0.021608000000000002,22974.43,44957.65
603777,2026-03-19,13.41,-0.020453000000000002,60760.3,82131.133
603778,2026-03-19,22.01,-0.030823,1322631.92,3058561.28
603779,2026-03-19,6.47,-0.037202,72192.9,47389.192
603786,2026-03-19,54.95,-0.043683,51958.14,288481.8
603787,2026-03-19,13.75,-0.024822999999999998,40795.0,56410.397
603788,2026-03-19,15.49,-0.023329,19406.0,30264.177
603789,2026-03-19,6.34,0.034258000000000004,162982.49,102562.006
603790,2026-03-19,22.17,-0.060593,34810.5,78387.676
603797,2026-03-19,4.8,-0.038076,81023.0,39571.044
603798,2026-03-19,13.35,-0.040948000000000005,40887.1,55346.042
603799,2026-03-19,56.51,-0.068107,808639.16,4634209.932
603800,2026-03-19,37.32,-0.031153,38947.74,146881.777
603801,2026-03-19,9.49,-0.017598,35350.28,33778.504
603803,2026-03-19,13.9,0.058644,1362617.8,1915264.406
603806,2026-03-19,18.25,0.006064000000000001,690430.15,1269129.135
603808,2026-03-19,9.46,-0.030737999999999998,45076.45,42974.665
603809,2026-03-19,11.2,-0.039451,177152.82,200576.096
603810,2026-03-19,16.31,-0.032047,24530.8,40506.5
603811,2026-03-19,11.64,-0.03,52057.01,61096.764
603813,2026-03-19,30.63,0.050051,13454.0,39928.515
603815,2026-03-19,6.21,-0.025118,125255.0,78138.969
603816,2026-03-19,33.89,-0.016826,37643.9,128086.213
603817,2026-03-19,9.07,0.042529000000000004,830441.05,740174.737
603818,2026-03-19,3.7,-0.028871,126456.0,47252.018
603819,2026-03-19,12.25,-0.02,31533.46,38942.544
603822,2026-03-19,101.28,-0.049995000000000005,13670.0,140178.515
603823,2026-03-19,16.14,-0.029464999999999998,46969.18,76665.206
603825,2026-03-19,8.97,-0.015368,16891.86,15225.99
603826,2026-03-19,24.0,-0.007034,82069.96,196485.071
603828,2026-03-19,6.21,0.029851000000000003,197669.68,118208.627
603829,2026-03-19,27.64,-0.011798,48473.0,133393.889
603833,2026-03-19,56.93,-0.003501,13590.41,76838.241
603836,2026-03-19,13.41,-0.028965,22934.0,31062.557
603838,2026-03-19,8.75,-0.028857,19333.0,16929.662
603839,2026-03-19,7.49,-0.028534,34110.0,25734.57
603843,2026-03-19,7.72,0.050339999999999996,301086.42,230508.308
603848,2026-03-19,16.06,-0.02252,24178.0,38978.853
603855,2026-03-19,19.75,-0.019851,26090.0,51896.634
603856,2026-03-19,13.51,-0.033618999999999996,36707.5,50037.402
603858,2026-03-19,16.7,-0.011834,44098.54,74025.762
603859,2026-03-19,39.93,-0.028467,43675.12,175435.785
603860,2026-03-19,31.51,-0.030163000000000002,9972.0,31768.956
603861,2026-03-19,16.37,-0.034788,183818.91,303195.934
603863,2026-03-19,19.94,-0.034383,69170.0,138827.591
603866,2026-03-19,5.11,-0.017308,147502.99,75659.229
603867,2026-03-19,30.9,-0.052438000000000005,90957.99,283573.631
603868,2026-03-19,35.04,-0.014346000000000001,12634.0,44385.742
603869,2026-03-19,9.58,-0.012371,4955.5,4765.234
603871,2026-03-19,14.46,-0.039203,112158.15,163634.003
603876,2026-03-19,18.86,-0.052737,303602.59,579074.259
603877,2026-03-19,14.72,-0.022576,13793.17,20393.18
603878,2026-03-19,8.19,-0.045454999999999995,128916.04,106600.31
603879,2026-03-19,5.87,-0.034539,93933.93,55992.942
603880,2026-03-19,7.3,-0.039474,103858.97,76552.359
603881,2026-03-19,39.58,0.021682999999999997,1299955.9,5152803.861
603882,2026-03-19,27.26,-0.021887,38614.07,105798.193
603883,2026-03-19,13.92,-0.021785000000000002,86673.23,121128.818
603885,2026-03-19,11.48,-0.048093000000000004,316625.12,367770.923
603886,2026-03-19,12.47,-0.021193,33934.0,42579.404
603887,2026-03-19,17.5,-0.008499,419520.1,740362.508
603888,2026-03-19,20.9,-0.009009,162920.27,340480.902
603889,2026-03-19,8.02,-0.03023,49468.02,39876.63
603890,2026-03-19,14.15,-0.027490999999999998,74531.83,106351.631
603893,2026-03-19,160.9,-0.035082,52026.94,842935.327
603895,2026-03-19,27.85,-0.024177,13935.0,39094.828
603896,2026-03-19,19.43,-0.020665,15846.0,31006.621
603897,2026-03-19,33.37,0.006939999999999999,321188.28,1100082.538
603898,2026-03-19,14.72,0.004778,31171.0,45533.595
603899,2026-03-19,25.57,-0.018049,36226.0,93132.505
603900,2026-03-19,7.67,-0.036432,68884.6,53384.038
603901,2026-03-19,12.49,-0.0265,53647.5,67580.625
603903,2026-03-19,11.51,-0.025402,32094.0,37109.231
603906,2026-03-19,17.67,-0.022677,112029.21,200027.526
603908,2026-03-19,23.65,-0.035874,14249.59,34085.714
603909,2026-03-19,11.31,-0.034159,23184.5,26451.134
603912,2026-03-19,10.23,-0.000977,859803.71,890956.983
603915,2026-03-19,15.65,-0.029156,63710.6,100384.48
603916,2026-03-19,10.99,-0.027434,74869.71,82835.953
603917,2026-03-19,13.52,-0.029432999999999997,33589.0,45856.591
603918,2026-03-19,14.42,-0.013005,60773.0,87772.564
603919,2026-03-19,18.33,-0.033228,85244.93,157326.707
603920,2026-03-19,52.78,-0.030314,174425.72,924909.099
603922,2026-03-19,20.22,-0.040797,29755.0,61166.419
603926,2026-03-19,18.69,-0.03759,37004.0,69795.4
603927,2026-03-19,17.91,-0.009403,71488.49,128244.942
603928,2026-03-19,14.9,-0.02231,28329.3,42465.556
603929,2026-03-19,175.5,-0.035078,63319.02,1114411.722
603931,2026-03-19,29.0,-0.027172,18027.0,52569.704
603933,2026-03-19,21.2,-0.031079,24160.0,51611.544
603936,2026-03-19,14.14,-0.040054,381225.65,544267.247
603937,2026-03-19,12.24,-0.0347,46509.0,58119.45
603938,2026-03-19,24.14,-0.04698,97955.35,239185.355
603939,2026-03-19,23.83,-0.028140000000000002,86952.13,209493.146
603948,2026-03-19,26.92,-0.031655,12952.0,35042.449
603949,2026-03-19,24.2,0.000413,123433.89,291874.372
603950,2026-03-19,41.16,-0.06070299999999999,118193.09,492003.322
603955,2026-03-19,26.38,-0.021150000000000002,10903.3,28849.659
603956,2026-03-19,5.97,-0.022913000000000003,76291.65,45909.822
603958,2026-03-19,19.55,-0.034568,99700.0,194290.089
603959,2026-03-19,6.06,-0.014634000000000001,113429.0,69088.369
603960,2026-03-19,20.73,-0.046458000000000006,96075.93,201712.117
603966,2026-03-19,12.23,-0.004072,101463.07,124506.513
603967,2026-03-19,12.95,-0.012957000000000002,23898.0,31077.426
603968,2026-03-19,13.28,-0.042538,59299.0,79398.92
603969,2026-03-19,9.38,-0.035971,109579.53,103816.974
603970,2026-03-19,12.87,-0.033058000000000004,41387.0,53747.594
603976,2026-03-19,19.63,-0.034432,11353.0,22628.261
603977,2026-03-19,15.44,-0.060827,320760.48,501649.582
603978,2026-03-19,22.9,-0.07024,105487.48,246847.903
603979,2026-03-19,54.69,-0.053806,140169.81,775278.802
603980,2026-03-19,6.75,-0.045262000000000004,451957.6,306919.023
603982,2026-03-19,8.02,-0.029056000000000002,52480.26,42572.332
603983,2026-03-19,26.91,-0.025706000000000003,18673.51,50456.401
603985,2026-03-19,19.76,0.068108,706057.16,1393228.747
603986,2026-03-19,303.68,-0.024321000000000002,312145.67,9443689.781
603987,2026-03-19,9.0,-0.030171999999999997,59780.4,54352.793
603988,2026-03-19,25.43,-0.046137,47065.0,121378.074
603989,2026-03-19,17.5,-0.035813000000000005,43627.5,77127.547
603990,2026-03-19,15.36,-0.010308999999999999,182961.99,282980.67
603991,2026-03-19,105.87,-0.024239999999999998,21215.99,225252.083
603992,2026-03-19,31.82,-0.035464999999999997,77425.76,248298.262
603993,2026-03-19,17.85,-0.08037100000000001,4936436.05,8965848.005
603995,2026-03-19,17.87,-0.020821999999999997,49923.9,89439.656
603997,2026-03-19,12.82,-0.019878,91574.12,117428.159
603998,2026-03-19,11.45,-0.037006000000000004,80120.0,92567.831
603999,2026-03-19,7.31,-0.016151,77601.0,56935.776
605001,2026-03-19,7.79,-0.032298,43437.0,34216.267
605003,2026-03-19,29.14,-0.055429000000000006,24897.75,73089.899
605005,2026-03-19,19.62,-0.010091000000000001,32078.0,63464.136
605006,2026-03-19,8.79,-0.0629,202204.0,179995.394
605007,2026-03-19,14.01,-0.04629,92981.85,130917.529
605008,2026-03-19,12.32,-0.022222,18164.2,22616.102
605009,2026-03-19,29.1,-0.017556000000000002,10341.84,30211.703
605011,2026-03-19,21.06,-0.011268,47245.03,100311.419
605016,2026-03-19,23.4,-0.035052,27172.46,64259.745
605018,2026-03-19,10.91,-0.028495,36787.0,40378.644
605020,2026-03-19,25.97,-0.052881,117999.68,309529.221
605028,2026-03-19,28.54,-0.032542,22378.0,64388.503
605033,2026-03-19,22.66,-0.029966,36577.0,84040.566
605050,2026-03-19,13.12,0.058065,154411.0,199624.247
605055,2026-03-19,8.94,-0.021882000000000002,30703.0,27600.172
605056,2026-03-19,23.11,-0.028992,51958.0,120710.539
605058,2026-03-19,34.72,-0.021696,125971.21,444431.265
605060,2026-03-19,55.35,-0.08618100000000001,70758.0,398425.393
605066,2026-03-19,8.32,-0.018868,131713.5,109959.588
605068,2026-03-19,27.0,-0.033989,21379.0,58030.101
605069,2026-03-19,13.33,-0.019853,33531.0,44823.929
605077,2026-03-19,15.21,-0.026871,20086.7,30796.539
605080,2026-03-19,23.69,-0.011680999999999999,12632.0,29997.294
605081,2026-03-19,9.51,-0.02261,10594.5,10107.211
605086,2026-03-19,34.7,-0.038515,12193.0,42587.039
605088,2026-03-19,34.3,-0.011812,21830.0,75596.29
605089,2026-03-19,25.11,-0.022957,8443.66,21379.162
605090,2026-03-19,39.84,-0.02544,174677.53,702387.704
605098,2026-03-19,52.8,-0.057143,27975.79,147394.206
605099,2026-03-19,38.61,-0.020299,30299.0,117709.331
605100,2026-03-19,41.6,0.00241,41926.76,176097.27
605108,2026-03-19,17.1,-0.017241,15866.6,27273.14
605111,2026-03-19,41.69,-0.021362000000000003,80219.77,334920.305
605116,2026-03-19,25.95,-0.01518,48342.0,125083.642
605117,2026-03-19,128.01,0.001017,130829.36,1694327.95
605118,2026-03-19,41.67,0.001442,22810.0,94872.39
605122,2026-03-19,13.35,-0.032609,21049.4,28400.124
605123,2026-03-19,97.82,-0.032443,31060.27,305800.688
605128,2026-03-19,34.83,-0.028723000000000002,21071.87,73840.189
605133,2026-03-19,27.45,-0.020343,29002.96,79938.04
605136,2026-03-19,10.03,-0.031853,82230.73,83070.356
605138,2026-03-19,6.97,-0.034626000000000004,34393.0,24314.944
605151,2026-03-19,19.2,-0.020908000000000003,13327.0,25721.278
605155,2026-03-19,16.57,-0.036628,22812.92,38241.528
605158,2026-03-19,7.67,-0.036432,37486.0,29074.667
605162,2026-03-19,10.12,-0.010752999999999999,308406.0,319023.071
605166,2026-03-19,10.48,-0.040293,72210.99,76597.223
605167,2026-03-19,16.64,-0.043678,127133.82,211437.553
605168,2026-03-19,34.59,-0.019836,20751.99,71954.722
605169,2026-03-19,14.19,0.1,175396.07,242586.188
605177,2026-03-19,21.19,-0.067342,36528.0,79076.667
605178,2026-03-19,69.25,-0.014515,29412.0,203497.535
605179,2026-03-19,17.82,-0.012742,18053.0,32322.609
605180,2026-03-19,15.21,-0.033672,16823.8,25845.582
605183,2026-03-19,21.68,-0.035587,37443.18,82038.195
605186,2026-03-19,20.6,-0.028759999999999997,16211.0,33671.697
605188,2026-03-19,16.94,-0.017401,35056.0,59837.077
605189,2026-03-19,13.91,-0.026591999999999998,23057.2,32303.7
605196,2026-03-19,43.9,-0.063167,188031.61,836880.276
605198,2026-03-19,36.44,-0.044573,15037.0,55532.829
605199,2026-03-19,6.63,-0.019231,22945.0,15266.493
605208,2026-03-19,12.66,-0.023901,59371.38,75506.515
605218,2026-03-19,19.27,-0.032631,34650.27,67426.888
605222,2026-03-19,21.12,-0.065487,119593.4,257115.784
605228,2026-03-19,13.81,0.022963,150111.37,204694.204
605255,2026-03-19,98.02,-0.062548,22913.59,228853.593
605258,2026-03-19,35.91,-0.030508,29855.0,108147.88
605259,2026-03-19,22.28,-0.027073999999999997,25603.0,57914.455
605266,2026-03-19,19.74,-0.019374,13280.48,26432.77
605268,2026-03-19,13.08,0.03236,254801.08,327491.222
605277,2026-03-19,24.1,-0.053417000000000006,237533.83,578463.681
605286,2026-03-19,51.54,0.002724,127981.82,668527.761
605287,2026-03-19,45.4,-0.010462,42451.4,193321.283
605288,2026-03-19,93.6,-0.069583,12992.11,123636.773
605289,2026-03-19,119.99,-0.070637,45399.75,557871.029
605296,2026-03-19,31.5,0.04547,62171.7,190173.836
605298,2026-03-19,45.93,-0.020265,16194.09,74918.116
605299,2026-03-19,13.9,-0.01138,405849.0,567249.332
605300,2026-03-19,10.97,-0.020536,20027.07,22093.194
605303,2026-03-19,17.77,-0.025768,51900.0,93270.643
605305,2026-03-19,40.88,-0.020134,75642.41,312898.578
605318,2026-03-19,71.71,-0.017266999999999998,14994.0,108320.362
605319,2026-03-19,23.2,-0.029695,40967.93,95288.558
605333,2026-03-19,26.0,-0.019977,18875.0,49246.311
605336,2026-03-19,15.19,-0.003934,52535.1,80252.314
605337,2026-03-19,11.15,-0.021071,40514.26,45385.367
605338,2026-03-19,25.69,-0.030566,24842.0,64862.428
605339,2026-03-19,16.85,-0.026574,11521.0,19597.442
605358,2026-03-19,35.6,-0.030764999999999997,128948.5,460746.799
605365,2026-03-19,18.75,-0.038462,42954.0,81763.827
605366,2026-03-19,10.59,-0.019444,404919.87,432505.925
605368,2026-03-19,8.73,0.03805,211074.2,181414.071
605369,2026-03-19,17.62,-0.027593999999999997,13458.83,23976.593
605376,2026-03-19,91.0,-0.040084,67342.71,619528.55
605377,2026-03-19,9.84,-0.013039,64509.06,63626.959
605378,2026-03-19,20.15,-0.018031,13884.24,28106.109
605388,2026-03-19,6.5,-0.025487000000000003,50893.6,33441.03
605389,2026-03-19,77.03,0.09995699999999999,30674.73,231646.126
605398,2026-03-19,28.67,-0.026486,19911.96,57537.704
605399,2026-03-19,14.72,-0.059425,80724.2,120778.383
605488,2026-03-19,33.38,-0.047645999999999994,57861.85,195272.496
605499,2026-03-19,229.95,-0.018566,10543.62,243812.202
605500,2026-03-19,9.06,-0.014146,46817.12,42540.829
605507,2026-03-19,26.29,-0.034874999999999996,29539.0,78380.004
605555,2026-03-19,15.8,-0.019851,38959.24,61847.721
605566,2026-03-19,28.2,0.001776,32940.73,94203.987
605567,2026-03-19,11.2,-0.032815,44235.0,50250.089
605577,2026-03-19,13.46,-0.014641,23665.0,31973.455
605580,2026-03-19,21.13,-0.040418,40368.4,86086.005
605588,2026-03-19,54.43,-0.032183,12542.0,68966.795
605589,2026-03-19,31.27,-0.037846000000000005,152018.33,480792.25
605598,2026-03-19,47.79,-0.02767,34423.37,166556.515
605599,2026-03-19,23.57,-0.002539,54944.0,130772.499
688001,2026-03-19,31.39,-0.042112,44238.1,140020.639
688002,2026-03-19,101.63,-0.017783,50029.32,511216.693
688003,2026-03-19,57.9,-0.016978,25042.51,145965.322
688004,2026-03-19,23.32,-0.013536,15992.77,37573.524
688005,2026-03-19,29.64,-0.022427000000000002,151869.33,453779.598
688006,2026-03-19,25.42,-0.049009,113751.82,290803.952
688007,2026-03-19,14.48,-0.02096,58627.42,85415.143
688008,2026-03-19,149.68,-0.025648,382433.78,5771710.067
688009,2026-03-19,5.76,-0.022071,445786.13,258557.696
688010,2026-03-19,29.25,-0.02565,26391.18,78229.423
688011,2026-03-19,68.55,-0.02239,20382.25,140227.808
688012,2026-03-19,314.1,-0.021282000000000002,58669.71,1850159.703
688013,2026-03-19,38.97,-0.025750000000000002,8079.98,31758.942
688015,2026-03-19,23.15,-0.026083,10732.07,25086.431
688016,2026-03-19,107.54,-0.019332000000000002,21697.21,234326.871
688017,2026-03-19,189.65,-0.026437,36341.63,695063.844
688018,2026-03-19,145.14,-0.038807999999999995,25846.56,377809.257
688019,2026-03-19,233.36,-0.042822,31058.81,732775.494
688020,2026-03-19,86.07,-0.016455,16148.05,139108.83
688021,2026-03-19,30.8,0.140318,113552.78,346217.164
688022,2026-03-19,15.13,-0.038144,35921.93,54801.875
688023,2026-03-19,55.45,-0.013872,40824.42,227148.147
688025,2026-03-19,211.67,-0.020001,34907.54,749779.898
688026,2026-03-19,16.88,-0.03211,20946.91,35685.538
688027,2026-03-19,634.16,-0.003144,17436.15,1108658.636
688028,2026-03-19,92.9,-0.047668,46905.6,440788.128
688029,2026-03-19,71.93,-0.026789,12532.08,90830.932
688030,2026-03-19,16.72,-0.022222,12473.62,20958.67
688031,2026-03-19,160.5,-0.108185,115842.98,1893412.898
688032,2026-03-19,121.83,0.058471,50983.41,615657.063
688033,2026-03-19,8.96,-0.037593999999999995,185508.47,166683.775
688035,2026-03-19,61.67,-0.040753000000000004,40929.49,255530.619
688036,2026-03-19,53.74,-0.025036,83086.66,450391.832
688037,2026-03-19,165.72,-0.030424000000000003,32939.61,550455.417
688038,2026-03-19,20.78,-0.028972,22296.32,46774.989
688039,2026-03-19,45.66,-0.015312,15536.06,71185.067
688041,2026-03-19,222.63,-0.0379,173638.54,3890788.549
688045,2026-03-19,45.01,-0.03412,16296.32,74094.461
688046,2026-03-19,14.91,-0.019724,28853.26,43357.748
688047,2026-03-19,144.4,-0.022012,40146.4,581804.085
688048,2026-03-19,182.59,0.113286,185017.49,3303411.812
688049,2026-03-19,46.97,-0.040841,48762.14,231563.412
688050,2026-03-19,53.69,-0.026473,28056.46,149773.639
688051,2026-03-19,33.01,-0.004223,8697.04,28687.87
688052,2026-03-19,155.8,-0.019261999999999998,21558.34,334432.509
688053,2026-03-19,38.75,-0.013995,13333.3,52371.113
688055,2026-03-19,4.3,-0.0046300000000000004,228204.58,98352.75
688056,2026-03-19,35.35,-0.039663,6143.15,21958.162
688057,2026-03-19,12.82,-0.030990000000000004,16623.77,21504.763
688058,2026-03-19,29.86,-0.013219000000000002,12172.26,36560.965
688059,2026-03-19,112.23,-0.031665,20002.31,226287.093
688060,2026-03-19,46.69,-0.01788,3996.48,18791.09
688061,2026-03-19,34.28,0.000292,14245.83,49204.878
688062,2026-03-19,33.87,-0.026724,56739.01,193573.273
688063,2026-03-19,76.97,0.045788,211742.41,1623882.598
688065,2026-03-19,51.24,-0.022883,64655.79,335978.191
688066,2026-03-19,22.96,0.003935,126103.79,292129.128
688067,2026-03-19,27.75,-0.02972,11027.52,30959.672
688068,2026-03-19,121.29,-0.020907,10537.25,128858.164
688069,2026-03-19,25.35,-0.026871,9644.3,24722.525
688070,2026-03-19,52.55,-0.040533,16545.06,87907.11
688071,2026-03-19,32.85,-0.039193,10762.18,35755.196
688072,2026-03-19,333.52,-0.033835000000000004,32318.12,1083469.464
688073,2026-03-19,54.49,-0.045876,12141.43,67009.202
688075,2026-03-19,38.48,-0.021612,3637.62,14106.532
688076,2026-03-19,30.6,-0.029496,35769.77,109785.53
688077,2026-03-19,29.99,-0.047028999999999994,22740.55,68885.371
688078,2026-03-19,26.09,-0.020278,6671.58,17462.669
688079,2026-03-19,12.59,-0.038197,61659.55,78195.192
688080,2026-03-19,54.5,-0.029213,11746.82,64433.448
688081,2026-03-19,37.39,-0.046903,12693.2,47946.263
688082,2026-03-19,150.47,-0.034582,21918.62,332617.362
688083,2026-03-19,55.9,-0.031867,21053.78,118266.264
688084,2026-03-19,70.4,-0.024931000000000002,7243.78,51067.808
688085,2026-03-19,19.23,-0.04801999999999999,29884.78,58297.916
688087,2026-03-19,40.85,0.023809999999999998,65785.5,270717.424
688088,2026-03-19,43.27,-0.024131999999999997,40173.32,174990.41
688089,2026-03-19,19.01,-0.022119,25725.13,49175.713
688090,2026-03-19,51.83,-0.035720999999999996,26623.76,139431.665
688091,2026-03-19,53.24,-0.040721,28001.64,151288.386
688092,2026-03-19,29.83,-0.028022000000000002,11334.97,34073.855
688093,2026-03-19,31.54,-0.055689,37622.44,120914.642
688095,2026-03-19,75.27,-0.029275000000000002,17460.45,132176.372
688096,2026-03-19,8.88,-0.074035,136052.32,122448.755
688097,2026-03-19,57.59,-0.034373,95289.4,552323.927
688098,2026-03-19,8.68,-0.03233,23610.24,20718.213
688099,2026-03-19,88.18,-0.041105,139225.08,1232975.261
688100,2026-03-19,36.98,-0.034464999999999996,38850.12,144733.896
688101,2026-03-19,16.74,-0.029002,21487.52,36280.525
688102,2026-03-19,38.3,-0.002864,142646.58,544206.89
688103,2026-03-19,59.67,-0.018424,8276.9,49459.2
688105,2026-03-19,19.9,-0.020669,12293.55,24644.648
688106,2026-03-19,27.79,0.064751,527330.85,1470451.423
688107,2026-03-19,31.02,-0.054557,135334.38,427120.553
688108,2026-03-19,21.05,-0.028163,61756.6,130991.314
688109,2026-03-19,123.78,-0.040019,7171.05,89341.005
688110,2026-03-19,134.9,0.007017,171478.63,2316472.516
688111,2026-03-19,260.65,-0.028368,52336.26,1371262.263
688112,2026-03-19,39.83,-0.044844,13768.88,55398.618
688113,2026-03-19,39.86,-0.033463,6927.04,27854.789
688114,2026-03-19,52.55,-0.017757000000000002,24709.67,130214.193
688115,2026-03-19,41.43,-0.039861,6518.02,27350.251
688116,2026-03-19,41.15,-0.026726999999999997,64988.65,269128.209
688117,2026-03-19,36.04,-0.026998,16315.09,59266.679
688118,2026-03-19,31.4,0.000956,51009.76,161050.583
688119,2026-03-19,5.35,-0.034296,119604.81,64465.718
688120,2026-03-19,169.51,-0.032035,36113.5,616464.545
688121,2026-03-19,11.87,-0.027049,32213.3,38805.802
688122,2026-03-19,71.54,-0.036498,150318.59,1082338.798
688123,2026-03-19,130.0,-0.025341,101696.39,1328885.101
688125,2026-03-19,229.5,-0.085657,9026.39,212212.223
688126,2026-03-19,18.65,-0.011134999999999999,192918.89,361068.292
688127,2026-03-19,56.53,0.001772,100884.54,575883.853
688128,2026-03-19,27.29,-0.0264,19202.41,52841.558
688129,2026-03-19,23.4,-0.045677,9598.66,22824.78
688130,2026-03-19,23.08,-0.027391000000000002,10129.66,23551.297
688131,2026-03-19,65.7,-0.044919,45000.34,300815.64
688132,2026-03-19,17.38,-0.016412,13497.72,23617.402
688133,2026-03-19,21.18,-0.033759000000000004,45041.26,95998.456
688135,2026-03-19,29.24,-0.026955,102678.46,298312.868
688136,2026-03-19,26.88,-0.096167,95413.26,262218.823
688137,2026-03-19,40.62,-0.042207,6709.86,27592.723
688138,2026-03-19,28.26,-0.017043,22230.91,62726.959
688139,2026-03-19,32.85,-0.017644,33800.13,111494.838
688141,2026-03-19,46.21,-0.051714,89544.54,419791.425
688143,2026-03-19,53.22,-0.03552,36262.2,195806.116
688146,2026-03-19,42.24,0.002849,87048.23,370481.632
688147,2026-03-19,65.58,-0.047355999999999995,57219.06,379419.903
688148,2026-03-19,8.25,-0.024822999999999998,154806.91,128216.82
688150,2026-03-19,38.56,-0.031156000000000003,137567.17,537064.048
688151,2026-03-19,20.62,-0.028732999999999998,24768.66,51570.969
688152,2026-03-19,37.13,-0.028265,9712.42,36285.456
688153,2026-03-19,35.68,-0.019511,32185.14,115094.982
688155,2026-03-19,77.09,-0.031289,15084.24,117540.238
688156,2026-03-19,21.0,-0.031365,18118.46,38490.713
688157,2026-03-19,36.2,-0.04736799999999999,14921.83,54818.342
688158,2026-03-19,47.84,0.011203000000000001,951025.09,4555719.018
688159,2026-03-19,46.68,0.078558,78876.16,362031.394
688160,2026-03-19,108.89,-0.036286,10454.75,114586.172
688161,2026-03-19,29.5,-0.057207,31457.89,94751.468
688162,2026-03-19,31.63,-0.030349,11406.23,36229.491
688163,2026-03-19,23.16,-0.030962,13728.28,32294.768
688165,2026-03-19,18.49,-0.032444,49039.82,91589.51
688166,2026-03-19,49.88,-0.028627,166963.32,835371.861
688167,2026-03-19,301.99,0.005326,58226.54,1776189.428
688168,2026-03-19,73.25,0.006595999999999999,15480.22,113320.385
688169,2026-03-19,126.05,-0.013616,34273.19,431114.671
688170,2026-03-19,48.57,-0.060723,71505.13,351062.379
688171,2026-03-19,51.0,-0.04009,7751.08,39938.347
688172,2026-03-19,42.85,0.00871,185756.46,805595.403
688173,2026-03-19,14.93,-0.027995000000000003,60086.89,89820.487
688176,2026-03-19,14.2,-0.044414999999999996,188969.4,272099.209
688177,2026-03-19,22.65,-0.020329,13716.07,31298.837
688178,2026-03-19,26.47,0.0015129999999999998,21064.85,56029.262
688179,2026-03-19,16.9,-0.027058,68263.52,116025.807
688180,2026-03-19,33.32,-0.001199,129535.02,432081.588
688181,2026-03-19,33.57,-0.021283,25328.25,85573.975
688182,2026-03-19,28.28,-0.024828000000000003,26811.05,76235.967
688183,2026-03-19,80.99,0.013262000000000001,152174.36,1226367.602
688184,2026-03-19,10.21,-0.022031000000000002,4364.52,4494.285
688185,2026-03-19,71.69,-0.01808,20922.37,150463.481
688186,2026-03-19,24.94,-0.037437,105862.04,266561.075
688187,2026-03-19,52.59,-0.034869,40650.22,215846.766
688188,2026-03-19,137.24,-0.02181,12197.15,168441.776
688189,2026-03-19,7.72,-0.033792,39217.23,30532.255
688190,2026-03-19,98.8,-0.034213,8379.64,83616.197
688191,2026-03-19,49.1,-0.017410000000000002,59611.42,298443.346
688192,2026-03-19,49.65,-0.021096,16846.55,84440.952
688193,2026-03-19,51.35,-0.025617,3815.61,19892.342
688195,2026-03-19,214.9,-0.015845,51029.52,1104228.898
688196,2026-03-19,74.27,-0.042047999999999995,19039.82,143812.024
688197,2026-03-19,39.39,-0.032662,14833.88,59397.247
688198,2026-03-19,100.48,-0.000199,2446.47,24537.872
688199,2026-03-19,24.78,-0.048387,41789.89,105151.995
688200,2026-03-19,266.5,-0.012889999999999999,28741.97,766471.326
688201,2026-03-19,15.62,0.001924,77490.58,121192.861
688202,2026-03-19,55.81,-0.052462,44774.97,253349.042
688203,2026-03-19,12.22,-0.032462,17696.31,21886.459
688205,2026-03-19,179.27,0.031176,115826.02,2061071.188
688206,2026-03-19,32.56,-0.036971,34701.95,113783.006
688207,2026-03-19,15.78,-0.022305000000000002,52167.14,82808.897
688208,2026-03-19,32.55,-0.023402,76056.74,249532.819
688209,2026-03-19,21.1,-0.029439000000000003,66703.54,141308.282
688210,2026-03-19,40.82,-0.050477,27073.91,111353.845
688211,2026-03-19,32.1,-0.024316,4111.72,13354.711
688212,2026-03-19,38.99,-0.017884,11241.34,43985.5
688213,2026-03-19,80.94,-0.043036000000000005,70135.18,571725.632
688215,2026-03-19,64.74,-0.004919,8623.32,56141.122
688216,2026-03-19,29.3,-0.03555,20714.8,61510.281
688217,2026-03-19,29.09,-0.028715,6990.68,20465.128
688218,2026-03-19,23.61,0.016357999999999998,54236.3,127442.213
688219,2026-03-19,10.94,-0.031858,65910.5,72587.307
688220,2026-03-19,77.68,-0.031421000000000004,86427.66,668539.047
688221,2026-03-19,19.05,-0.043193999999999996,102596.04,198543.638
688222,2026-03-19,24.81,-0.031238000000000002,75621.28,189517.66
688223,2026-03-19,7.22,0.00838,3450660.28,2514511.434
688225,2026-03-19,18.94,-0.03021,37302.1,71016.939
688226,2026-03-19,44.49,0.052022000000000006,90729.94,402465.515
688227,2026-03-19,61.98,-0.104594,34689.64,224059.101
688228,2026-03-19,112.41,-0.033199,17452.76,197920.916
688229,2026-03-19,98.57,0.0014219999999999999,32284.83,320085.104
688230,2026-03-19,64.95,-0.031753,8781.72,57217.305
688231,2026-03-19,30.13,-0.117974,87477.29,273310.24
688232,2026-03-19,24.1,-0.01873,22423.33,54202.159
688233,2026-03-19,75.6,-0.048098999999999996,48586.33,371592.482
688234,2026-03-19,79.0,-0.026014,48465.31,387411.202
688235,2026-03-19,235.0,-0.014675,21569.72,507871.599
688236,2026-03-19,19.33,-0.036391,15706.51,30681.989
688237,2026-03-19,49.45,-0.02427,10858.08,54021.29
688238,2026-03-19,7.3,-0.036939,93769.88,69041.297
688239,2026-03-19,59.27,-0.047719,54864.49,328660.453
688244,2026-03-19,20.79,-0.04016600000000001,22475.12,47636.774
688246,2026-03-19,21.59,-0.031404,26485.11,57676.357
688247,2026-03-19,9.6,-0.018405,19592.88,18918.578
688248,2026-03-19,63.13,-0.023662000000000002,49544.73,315981.87
688249,2026-03-19,29.96,-0.037584,236977.68,713589.986
688251,2026-03-19,37.11,0.002973,34739.09,128799.603
688252,2026-03-19,21.13,-0.0356,65093.94,139275.743
688253,2026-03-19,39.03,-0.02205,18988.63,75131.747
688255,2026-03-19,28.19,-0.035910000000000004,21074.46,60004.283
688256,2026-03-19,1037.02,-0.027186,48852.75,5089266.821
688257,2026-03-19,67.24,-0.066111,108056.26,741434.701
688258,2026-03-19,112.9,-0.04322,26150.95,297587.806
688259,2026-03-19,37.48,-0.031525,25334.01,95573.53
688260,2026-03-19,28.12,-0.030345,30815.78,86661.908
688261,2026-03-19,77.74,-0.049633000000000004,34843.88,273523.327
688262,2026-03-19,35.74,-0.017052,101335.46,364689.593
688265,2026-03-19,42.11,-0.032399,3882.42,16543.49
688266,2026-03-19,85.71,-0.00256,25603.47,221756.901
688267,2026-03-19,31.07,0.001935,39262.66,122058.617
688268,2026-03-19,82.77,0.16201000000000002,145589.73,1152353.181
688269,2026-03-19,41.39,-0.045434,15901.35,66414.674
688270,2026-03-19,152.5,-0.01727,122179.52,1868199.354
688271,2026-03-19,115.73,-0.018405,40728.24,471959.94
688272,2026-03-19,34.85,-0.035161,15298.52,53917.235
688273,2026-03-19,47.78,-0.028072,32794.71,159395.077
688275,2026-03-19,111.69,0.019069,69081.51,789826.354
688276,2026-03-19,18.59,-0.015881,18043.93,33744.817
688277,2026-03-19,23.88,0.008446,97028.21,231714.161
688278,2026-03-19,67.74,-0.018403,19193.69,130550.266
688279,2026-03-19,168.3,-0.013482000000000001,10782.16,184071.232
688280,2026-03-19,10.65,-0.014801,243417.7,259096.287
688281,2026-03-19,77.71,-0.036334,18604.31,146086.724
688282,2026-03-19,71.0,-0.020149,9817.0,69331.749
688283,2026-03-19,43.24,-0.017049,5666.07,24541.987
688285,2026-03-19,8.66,-0.032402,19977.9,17476.556
688286,2026-03-19,68.4,-0.027719,13280.54,91029.262
688287,2026-03-19,3.88,-0.02267,33255.79,13005.987
688288,2026-03-19,26.28,-0.019037,15458.22,40920.481
688289,2026-03-19,18.85,-0.012055,43123.86,81531.622
688290,2026-03-19,51.9,-0.025535000000000002,8119.19,42382.175
688291,2026-03-19,39.65,-0.030088,9080.88,36236.917
688292,2026-03-19,25.3,-0.024296,38834.87,98986.34
688293,2026-03-19,46.51,-0.015661,6471.89,30313.493
688295,2026-03-19,60.59,-0.000495,338521.63,2011902.459
688296,2026-03-19,14.93,-0.027362,15731.51,23693.306
688297,2026-03-19,54.5,0.006464,146560.02,800602.377
688298,2026-03-19,22.97,-0.015009,18072.72,41615.879
688299,2026-03-19,17.45,-0.032705000000000005,62649.91,109782.247
688300,2026-03-19,83.79,-0.041852,82296.5,690227.882
688301,2026-03-19,114.01,-0.03283,19561.13,223212.664
688302,2026-03-19,40.55,-0.030136,8759.24,35802.057
688303,2026-03-19,22.22,-0.009362,96464.94,214913.038
688305,2026-03-19,58.71,-0.035802,29591.97,175654.064
688306,2026-03-19,9.35,-0.031088,76047.63,71870.723
688307,2026-03-19,60.5,0.012383,90449.24,543694.454
688308,2026-03-19,85.1,-0.094873,105560.55,921250.086
688309,2026-03-19,54.81,-0.027329,29208.62,162638.63
688310,2026-03-19,16.32,-0.022754,16271.86,26832.909
688311,2026-03-19,39.87,-0.032986,36633.27,146762.877
688312,2026-03-19,47.79,-0.019089000000000002,50074.73,242324.802
688313,2026-03-19,79.95,0.026843,278054.82,2215007.462
688314,2026-03-19,41.29,-0.039544,18388.23,77387.265
688315,2026-03-19,14.08,-0.027624,29185.69,41407.749
688316,2026-03-19,85.27,0.025743000000000002,88149.97,737797.319
688317,2026-03-19,19.47,-0.020623999999999997,19130.25,37632.259
688318,2026-03-19,115.64,-0.014908,22193.33,258042.145
688319,2026-03-19,30.51,-0.021488,149793.54,466094.1
688320,2026-03-19,30.95,-0.029476,17920.46,55790.212
688321,2026-03-19,30.19,-0.022976999999999997,66669.57,202502.629
688322,2026-03-19,75.65,-0.042283999999999995,49349.54,377064.875
688323,2026-03-19,20.39,-0.043171999999999995,34745.15,71567.732
688325,2026-03-19,128.43,-0.041853,19479.78,252166.441
688326,2026-03-19,123.89,-0.016434,13172.88,164529.395
688327,2026-03-19,14.5,-0.025537999999999998,226549.66,329028.472
688328,2026-03-19,42.03,-0.161914,204493.89,904288.68
688329,2026-03-19,24.86,-0.022414,14955.59,37934.225
688330,2026-03-19,49.72,-0.036994,32864.29,163746.453
688331,2026-03-19,121.83,-0.012322999999999999,91949.22,1131434.355
688332,2026-03-19,122.17,-0.021936,12345.57,151773.892
688333,2026-03-19,93.88,-0.008554,50496.58,475851.162
688334,2026-03-19,21.83,-0.028915000000000003,35047.5,77215.195
688335,2026-03-19,36.98,-0.039230999999999995,25463.01,95363.136
688336,2026-03-19,67.91,0.017836,98084.75,661591.897
688337,2026-03-19,41.25,-0.022511999999999997,28568.38,118449.273
688338,2026-03-19,30.43,-0.028106,10786.67,33065.532
688339,2026-03-19,28.63,-0.036027,69515.95,202141.483
688343,2026-03-19,86.55,-0.032312,118667.37,1031982.44
688345,2026-03-19,40.28,0.014354,20307.77,82252.219
688347,2026-03-19,120.9,-0.052508,206234.04,2496983.246
688348,2026-03-19,58.88,0.041571,76864.16,450055.641
688349,2026-03-19,26.67,-0.0026179999999999997,113251.23,303612.168
688350,2026-03-19,27.4,-0.043963999999999996,23963.82,66517.47
688351,2026-03-19,22.26,-0.036364,26327.15,59276.072
688352,2026-03-19,13.08,-0.037528,140313.3,184661.38
688353,2026-03-19,100.83,-0.069061,71735.82,744907.166
688355,2026-03-19,21.25,-0.022989000000000002,13588.19,29101.916
688356,2026-03-19,97.91,-0.044408,6023.18,59693.79
688357,2026-03-19,34.31,-0.047737999999999996,18033.89,63027.366
688358,2026-03-19,30.6,-0.034091,8902.15,27516.31
688359,2026-03-19,78.5,-0.119659,56987.23,469156.573
688360,2026-03-19,18.62,-0.015336,31837.24,60058.142
688361,2026-03-19,160.89,-0.012824,41838.21,670962.25
688362,2026-03-19,38.19,-0.029232,66127.0,253471.915
688363,2026-03-19,43.96,-0.016995,19253.45,85073.124
688365,2026-03-19,19.87,-0.0207,79891.58,159122.876
688366,2026-03-19,41.61,-0.013747,4915.75,20510.137
688367,2026-03-19,37.57,-0.001594,33547.4,128444.867
688368,2026-03-19,123.9,-0.038267,13428.88,166926.002
688369,2026-03-19,23.61,-0.047599999999999996,47172.59,113750.803
688370,2026-03-19,24.37,-0.036759,5337.34,13212.277
688371,2026-03-19,19.56,-0.038821,17350.32,34327.102
688372,2026-03-19,132.7,-0.061196,74888.06,1003667.173
688373,2026-03-19,6.15,-0.019139,87273.61,54132.393
688375,2026-03-19,114.3,0.0179,79995.23,920043.526
688376,2026-03-19,62.49,0.022917,31984.72,198571.99
688377,2026-03-19,38.0,-0.06611,43596.76,168134.048
688378,2026-03-19,35.64,-0.038315999999999996,41501.58,149472.414
688379,2026-03-19,46.93,-0.035156,20601.91,97391.559
688380,2026-03-19,48.96,-0.052815,190926.4,931454.475
688381,2026-03-19,22.89,-0.048233,50420.84,116978.295
688382,2026-03-19,18.39,-0.020245000000000003,115089.95,213267.836
688383,2026-03-19,66.87,-0.049737,7405.93,50259.309
688385,2026-03-19,73.46,-0.052129,135053.11,996085.493
688386,2026-03-19,78.02,-0.074056,31363.03,248907.658
688387,2026-03-19,15.45,-0.034375,941324.36,1474325.216
688388,2026-03-19,38.9,-0.052606,197184.08,774939.752
688389,2026-03-19,13.06,-0.015083,23003.55,30139.506
688390,2026-03-19,97.1,0.044423000000000004,131024.92,1263545.798
688391,2026-03-19,31.5,-0.013158000000000001,12896.48,40986.833
688392,2026-03-19,103.01,-0.053652,32374.95,337483.746
688393,2026-03-19,24.62,-0.030327000000000003,9333.64,23193.032
688395,2026-03-19,26.41,-0.038588,14887.17,39803.976
688396,2026-03-19,47.72,-0.028106,132525.8,634854.021
688398,2026-03-19,23.52,-0.051230000000000005,21411.36,51198.007
688399,2026-03-19,60.14,-0.025442,10507.61,63428.345
688400,2026-03-19,43.17,-0.028359000000000002,93543.74,405948.903
688401,2026-03-19,47.75,-0.042511,30038.83,144780.07
688403,2026-03-19,14.85,-0.038835,337172.17,504776.244
688408,2026-03-19,42.4,0.0023639999999999998,49168.28,208635.234
688409,2026-03-19,85.23,-0.031477,43770.82,374850.232
688410,2026-03-19,15.35,-0.016026,23885.49,36825.782
688411,2026-03-19,257.95,0.000194,58556.9,1531853.853
688416,2026-03-19,87.7,-0.134169,95715.29,855123.958
688418,2026-03-19,40.68,-0.03716,54423.18,223968.324
688419,2026-03-19,46.27,-0.029775999999999997,14508.34,67563.263
688420,2026-03-19,25.45,-0.029737,6763.44,17521.649
688425,2026-03-19,5.15,-0.017176,244931.62,126677.947
688426,2026-03-19,21.67,-0.043689,13107.89,28673.836
688428,2026-03-19,24.08,-0.011088,85168.52,207224.806
688429,2026-03-19,16.09,-0.005562,61091.94,98829.711
688432,2026-03-19,14.7,-0.036697,113442.04,168083.507
688433,2026-03-19,84.62,-0.03567,38959.05,332537.126
688435,2026-03-19,48.2,-0.031156000000000003,15994.72,77758.766
688439,2026-03-19,54.71,-0.023035999999999997,20204.77,111170.727
688443,2026-03-19,26.38,-0.021150000000000002,15960.87,42480.598
688448,2026-03-19,55.5,-0.008929,10929.26,59762.357
688449,2026-03-19,49.95,-0.040714,104404.78,525095.553
688450,2026-03-19,32.86,-0.041983,11915.03,39662.233
688455,2026-03-19,22.12,-0.02598,14483.83,32326.178
688456,2026-03-19,56.1,-0.035751,18749.14,106221.539
688458,2026-03-19,36.39,-0.030892,14941.03,54724.693
688459,2026-03-19,9.51,-0.018576,15513.75,14832.63
688466,2026-03-19,18.19,-0.023093,22070.02,40973.378
688468,2026-03-19,7.42,-0.027523,33040.17,24737.696
688469,2026-03-19,6.76,-0.023121,828959.19,562766.935
688472,2026-03-19,15.14,-0.016244,674574.14,1025560.279
688475,2026-03-19,27.32,-0.019031,27511.38,75552.549
688478,2026-03-19,32.11,-0.02697,13619.1,43992.028
688479,2026-03-19,33.8,-0.0038309999999999998,26915.61,90915.174
688480,2026-03-19,89.91,-0.050481,21890.06,198767.645
688484,2026-03-19,37.17,-0.021069,48523.79,181223.537
688485,2026-03-19,24.35,-0.054736,41683.74,102111.341
688486,2026-03-19,64.93,-0.038644,11263.62,73887.683
688488,2026-03-19,16.06,-0.026076000000000002,73714.38,117899.146
688489,2026-03-19,41.46,-0.013092,6860.77,28672.928
688496,2026-03-19,6.55,-0.039589,99652.93,66046.609
688498,2026-03-19,950.0,0.068616,42016.09,3939246.831
688499,2026-03-19,51.99,-0.032383999999999996,30211.61,158899.649
688500,2026-03-19,53.7,-0.007944,20924.18,111087.761
688501,2026-03-19,25.47,-0.052808,26398.33,68145.949
688502,2026-03-19,311.9,-0.038414000000000004,10450.83,327240.55
688503,2026-03-19,82.7,-0.031616,61098.86,509051.164
688505,2026-03-19,8.01,-0.023171,29504.2,23767.855
688506,2026-03-19,269.38,-0.0049499999999999995,12672.4,341062.21
688507,2026-03-19,92.8,-0.021819,15930.82,148301.072
688508,2026-03-19,61.04,-0.03234,33482.09,205892.425
688509,2026-03-19,4.72,-0.024793,73363.97,34893.835
688510,2026-03-19,34.87,-0.040979,49720.06,174177.121
688511,2026-03-19,28.03,-0.017181,12474.88,35203.892
688512,2026-03-19,12.02,-0.033762,102479.25,124623.512
688513,2026-03-19,59.68,-0.03773,15882.86,95637.77
688515,2026-03-19,124.41,-0.012619,15000.02,186973.31
688516,2026-03-19,78.4,-0.011722999999999999,125112.94,985308.891
688517,2026-03-19,18.58,-0.031283,35567.41,66594.285
688518,2026-03-19,23.87,-0.0452,100274.49,242052.664
688519,2026-03-19,139.4,0.059834,75730.1,1061573.335
688520,2026-03-19,39.35,-0.026713,24324.21,96346.505
688521,2026-03-19,199.52,-0.043987,132527.63,2668438.94
688522,2026-03-19,37.17,-0.013796999999999999,25734.18,95148.74
688523,2026-03-19,64.2,-0.002331,61729.89,393460.298
688525,2026-03-19,243.18,-0.057770999999999996,441365.72,10892313.81
688526,2026-03-19,15.56,-0.025063,20721.18,32637.487
688528,2026-03-19,11.3,-0.034188,15339.66,17571.264
688529,2026-03-19,17.85,-0.021381999999999998,10097.03,18126.752
688530,2026-03-19,28.82,-0.033535,59122.27,170529.894
688531,2026-03-19,71.08,-0.036856,27112.51,195310.956
688533,2026-03-19,26.94,-0.034062,25333.83,68856.601
688535,2026-03-19,131.5,0.01115,60761.74,804202.235
688536,2026-03-19,171.85,-0.037902,32675.62,563780.452
688538,2026-03-19,2.4,-0.016393,623308.19,150392.432
688539,2026-03-19,37.88,-0.025219000000000002,18304.65,69797.656
688543,2026-03-19,66.2,-0.024175,48128.16,321231.924
688545,2026-03-19,47.89,-0.057654,55001.25,268723.575
688548,2026-03-19,23.76,0.021934999999999996,338343.24,804281.525
688549,2026-03-19,9.5,-0.034553,243643.13,231778.784
688550,2026-03-19,41.02,-0.041589,34856.78,144240.137
688551,2026-03-19,42.96,-0.003942,31146.63,134723.986
688552,2026-03-19,39.51,0.029979,57707.52,224005.213
688553,2026-03-19,17.06,-0.030682,21382.6,36874.429
688556,2026-03-19,14.62,-0.04194,326107.59,481229.137
688557,2026-03-19,32.73,-0.034512999999999995,11990.99,39474.861
688558,2026-03-19,29.2,-0.039158,11063.46,32614.137
688559,2026-03-19,54.7,-0.046207000000000005,96376.17,534027.061
688560,2026-03-19,16.39,0.000611,76969.75,126955.869
688561,2026-03-19,33.06,-0.0187,55339.19,183329.676
688562,2026-03-19,19.77,-0.016907000000000002,30348.47,60332.112
688563,2026-03-19,60.4,-0.032050999999999996,31651.08,192533.585
688565,2026-03-19,13.79,-0.045675,20853.75,29159.473
688566,2026-03-19,29.83,-0.015836,30851.15,92331.493
688567,2026-03-19,13.81,0.0029049999999999996,158160.75,220042.381
688568,2026-03-19,68.09,0.012491,120411.63,811480.881
688569,2026-03-19,20.75,-0.025364,11193.77,23459.656
688570,2026-03-19,18.11,-0.014690000000000002,7232.37,13131.896
688571,2026-03-19,7.73,-0.032541,37154.54,29083.393
688573,2026-03-19,20.48,-0.033506,14506.24,30204.204
688575,2026-03-19,14.75,-0.026403,56867.52,84068.575
688576,2026-03-19,73.24,-0.012672000000000001,3778.4,27936.854
688577,2026-03-19,65.25,-0.028005,7861.18,51720.146
688578,2026-03-19,91.9,-0.023378999999999997,28261.8,262598.595
688579,2026-03-19,12.17,-0.009764,54373.05,66363.505
688580,2026-03-19,56.53,-0.029861,17396.86,99107.149
688581,2026-03-19,56.96,-0.017423,2565.6,14694.115
688582,2026-03-19,60.03,-0.023108,34646.18,208564.74
688583,2026-03-19,121.0,-0.0409,9137.82,111741.297
688584,2026-03-19,19.85,-0.024569999999999998,34113.7,68179.924
688585,2026-03-19,118.52,-0.036736,26401.96,314648.39
688586,2026-03-19,14.27,-0.062417999999999994,143017.58,208384.481
688588,2026-03-19,12.72,-0.018519,32605.4,41760.3
688589,2026-03-19,23.3,-0.031185,29905.58,69951.066
688590,2026-03-19,14.43,-0.026316000000000003,68898.31,100064.8
688591,2026-03-19,36.97,-0.033464,35995.39,134057.988
688592,2026-03-19,44.05,-0.031229,7393.19,32750.456
688593,2026-03-19,32.64,-0.053913,134403.03,457195.573
688595,2026-03-19,33.5,-0.022183,30345.85,102836.597
688596,2026-03-19,30.03,-0.022143000000000003,43177.08,130261.975
688597,2026-03-19,9.18,-0.027542,50367.97,46676.983
688598,2026-03-19,25.26,-0.012896000000000001,30097.28,76100.24
688599,2026-03-19,18.38,0.0076749999999999995,525400.82,967100.89
688600,2026-03-19,25.02,-0.033977,15483.25,39235.497
688601,2026-03-19,55.9,-0.016017999999999998,66973.68,379461.567
688602,2026-03-19,7.91,-0.025862,62646.14,49754.999
688603,2026-03-19,74.62,-0.049427000000000006,18320.45,138457.908
688605,2026-03-19,59.77,-0.033161,21282.21,128224.822
688606,2026-03-19,65.3,-0.018783,2331.74,15326.637
688607,2026-03-19,52.49,-0.036881,11797.19,62455.753
688608,2026-03-19,171.52,-0.022677999999999997,22187.44,383471.976
688609,2026-03-19,8.52,-0.017301,46321.04,39659.187
688610,2026-03-19,82.5,0.07815,32174.44,257691.503
688611,2026-03-19,58.02,0.033672,17954.25,103597.378
688612,2026-03-19,29.38,-0.029401999999999998,52302.87,155045.831
688613,2026-03-19,22.73,-0.030704,34174.85,78854.18
688615,2026-03-19,183.15,-0.039994,30031.88,555008.866
688616,2026-03-19,13.99,-0.021678000000000003,33263.27,46816.515
688617,2026-03-19,234.0,-0.005313,10145.61,239016.773
688618,2026-03-19,31.2,-0.027734,9140.57,28735.895
688619,2026-03-19,15.61,0.037898999999999995,92342.72,146395.748
688620,2026-03-19,11.31,-0.026678,41809.81,47519.114
688621,2026-03-19,61.1,-0.029697,12627.25,77584.032
688622,2026-03-19,75.0,0.086484,44654.22,331401.956
688623,2026-03-19,93.25,-0.071677,7193.17,68826.124
688625,2026-03-19,58.56,-0.055484,24851.75,148579.856
688626,2026-03-19,59.64,-0.04713199999999999,31153.75,188114.994
688627,2026-03-19,241.07,-0.018445,35692.14,868999.238
688628,2026-03-19,42.6,-0.026286,25386.54,107569.59
688629,2026-03-19,107.31,-0.024543,154530.85,1659864.014
688630,2026-03-19,168.56,-0.049831,38586.51,659922.57
688631,2026-03-19,61.13,-0.020353,13789.64,84664.153
688633,2026-03-19,25.15,-0.02368,19753.87,49960.4
688636,2026-03-19,43.0,-0.011949000000000001,32899.96,141810.435
688638,2026-03-19,40.39,-0.008834,6811.35,27527.727
688639,2026-03-19,32.56,-0.009732,81110.86,268910.546
688646,2026-03-19,48.44,-0.038315999999999996,8773.9,43018.153
688648,2026-03-19,60.65,-0.005738,14760.86,89239.972
688651,2026-03-19,44.53,-0.025388,12039.89,54019.815
688652,2026-03-19,103.24,-0.045488,31612.94,329995.821
688653,2026-03-19,13.28,-0.031364,62663.41,83696.278
688655,2026-03-19,26.8,0.020175000000000002,97209.5,258806.435
688656,2026-03-19,138.21,-0.026896,3115.48,43556.964
688657,2026-03-19,47.29,-0.025148999999999998,7330.71,34847.703
688658,2026-03-19,18.35,-0.031661999999999996,62554.23,115884.945
688659,2026-03-19,10.27,-0.035681,23922.38,24968.07
688660,2026-03-19,13.7,-0.022825,157659.57,218349.571
688661,2026-03-19,89.34,-0.08218600000000001,61553.54,555571.644
688662,2026-03-19,57.45,-0.022959,40848.26,237040.2
688663,2026-03-19,56.76,-0.014070000000000001,23233.52,132705.714
688665,2026-03-19,45.44,-0.032368,5903.01,27030.513
688667,2026-03-19,92.46,-0.034159,7482.38,69383.472
688668,2026-03-19,143.27,0.009939,71693.31,1039939.573
688669,2026-03-19,26.63,-0.054332000000000005,18823.08,51377.736
688670,2026-03-19,17.83,-0.033603999999999995,14507.39,26131.022
688671,2026-03-19,23.1,-0.019941,9530.0,22261.549
688676,2026-03-19,81.68,-0.03804,120640.62,991805.654
688677,2026-03-19,38.97,-0.028664000000000002,13418.9,52466.427
688678,2026-03-19,26.78,-0.021199,116203.97,311552.241
688679,2026-03-19,46.7,0.025922999999999998,45407.89,211735.722
688680,2026-03-19,48.96,-0.002038,28981.67,142703.656
688681,2026-03-19,19.85,-0.024569999999999998,21964.01,44002.139
688682,2026-03-19,45.68,-0.017212,10825.89,49523.321
688683,2026-03-19,34.15,-0.033673,11069.86,38180.696
688685,2026-03-19,45.56,-0.026080000000000002,20805.88,95674.16
688686,2026-03-19,92.51,-0.029072,9241.13,86118.901
688687,2026-03-19,20.25,-0.031564,32702.86,67038.654
688689,2026-03-19,35.8,-0.032694,40101.38,144453.033
688690,2026-03-19,25.04,-0.045004,47579.18,120171.54
688691,2026-03-19,99.91,-0.06082,71251.43,719993.829
688692,2026-03-19,235.5,-0.015509,10075.57,236295.98
688695,2026-03-19,26.0,-0.022556,9955.64,26077.206
688696,2026-03-19,87.73,-0.026520000000000002,10942.18,96223.371
688697,2026-03-19,15.09,-0.036398,37591.97,57187.411
688698,2026-03-19,67.89,-0.038658,27817.47,190725.494
688699,2026-03-19,47.43,-0.019231,27891.2,132074.695
688700,2026-03-19,52.9,-0.017824,171747.5,906865.973
688701,2026-03-19,9.56,-0.033367,26641.29,25781.638
688702,2026-03-19,171.4,-0.063388,60551.09,1053786.552
688707,2026-03-19,13.47,-0.036481,93093.52,126487.489
688708,2026-03-19,54.08,-0.037037,10110.25,55384.607
688709,2026-03-19,45.61,-0.03184,56914.22,260370.73
688710,2026-03-19,54.25,-0.072967,14325.57,79460.628
688711,2026-03-19,28.23,-0.037176,55308.9,156937.778
688712,2026-03-19,39.73,-0.04701399999999999,40454.09,162791.875
688716,2026-03-19,34.43,-0.038805,15853.74,55159.244
688717,2026-03-19,130.94,0.008084000000000001,100645.22,1321589.772
688718,2026-03-19,15.31,-0.039523,12795.47,19884.958
688719,2026-03-19,36.65,-0.028881999999999998,15284.92,56554.491
688720,2026-03-19,65.92,-0.029875,16759.21,111451.76
688721,2026-03-19,42.2,-0.029216000000000002,8072.17,34200.213
688722,2026-03-19,17.27,-0.042683,32502.23,56648.456
688726,2026-03-19,60.18,-0.035421999999999995,97058.45,589455.812
688727,2026-03-19,51.69,-0.039219,31419.86,164659.143
688728,2026-03-19,13.75,-0.022743000000000003,142306.55,195989.996
688729,2026-03-19,23.55,-0.022822,52686.97,124383.603
688733,2026-03-19,28.13,-0.038291,58715.17,166548.205
688737,2026-03-19,26.35,-0.081562,29074.7,78631.02
688739,2026-03-19,25.03,-0.014178999999999999,15550.32,39094.665
688750,2026-03-19,18.51,-0.040435,55294.09,103526.606
688755,2026-03-19,39.16,-0.030213,3587.28,14199.804
688757,2026-03-19,29.29,-0.030132,32963.8,96856.999
688758,2026-03-19,18.15,-0.027852000000000002,17283.2,31627.501
688759,2026-03-19,39.5,-0.036585,20451.73,81136.858
688765,2026-03-19,69.45,-0.038355,12654.85,88849.381
688766,2026-03-19,293.0,0.053274999999999996,116685.92,3261004.817
688767,2026-03-19,34.29,-0.029437,9053.9,31285.622
688768,2026-03-19,47.46,-0.040437,17577.91,84116.223
688772,2026-03-19,16.03,-0.017166999999999998,195135.16,314556.802
688775,2026-03-19,203.17,-0.036560999999999996,7764.54,159633.825
688776,2026-03-19,90.97,-0.061391,28519.08,262942.414
688777,2026-03-19,70.01,-0.051355000000000005,213723.95,1509367.768
688778,2026-03-19,72.0,-0.031737,46852.1,340790.12
688779,2026-03-19,10.74,-0.035907,388409.32,421097.108
688783,2026-03-19,23.61,-0.027194,54747.73,129899.765
688785,2026-03-19,287.6,-0.070759,13468.64,392526.492
688786,2026-03-19,33.27,-0.021471,29583.37,98946.559
688787,2026-03-19,156.13,-0.030248,47125.08,752512.944
688788,2026-03-19,58.39,-0.029905,18178.66,108265.395
688789,2026-03-19,71.31,-0.035178,19885.68,143056.874
688790,2026-03-19,131.52,-0.03965,5276.66,69967.409
688793,2026-03-19,20.82,-0.031627999999999996,9739.31,20478.754
688795,2026-03-19,548.7,-0.024533,12115.64,667661.811
688796,2026-03-19,76.29,-0.08206,20082.24,157135.362
688798,2026-03-19,71.18,-0.01276,24705.09,175499.392
688799,2026-03-19,44.15,-0.033917,18262.17,81200.315
688800,2026-03-19,95.2,0.041006,174828.55,1648078.391
688802,2026-03-19,558.4,-0.020007,16663.41,943048.347
688805,2026-03-19,47.28,-0.039415,27426.59,130794.322
688807,2026-03-19,217.79,-0.030535999999999997,14232.64,311500.032
688809,2026-03-19,351.0,-0.021957,16549.5,579029.008
688816,2026-03-19,67.76,-0.043208,15639.67,107947.275
688818,2026-03-19,66.0,-0.017857,266629.83,1761033.795
688819,2026-03-19,31.37,-0.019381,31554.64,99703.652
688981,2026-03-19,105.96,-0.006004000000000001,378655.95,4001785.717
689009,2026-03-19,48.91,-0.016093,70787.44,349281.715
920000,2026-03-19,16.28,-0.04628,5411.31,8930.824
920001,2026-03-19,17.45,-0.024049,25977.63,45557.198
920002,2026-03-19,83.81,-0.044356,6342.25,54138.123
920003,2026-03-19,29.56,-0.023778,4450.66,13219.861
920005,2026-03-19,36.79,-0.042426000000000005,5385.92,20039.648
920006,2026-03-19,23.76,-0.040388,13493.26,32555.796
920007,2026-03-19,62.91,-0.044937,3794.97,24273.797
920008,2026-03-19,27.96,-0.041809000000000006,11149.06,31600.134
920009,2026-03-19,70.48,-0.037684,2774.41,19858.055
920010,2026-03-19,14.5,0.197358,405246.24,569940.781
920014,2026-03-19,16.15,0.132539,167916.31,267128.036
920015,2026-03-19,42.15,-0.059362000000000005,20832.3,89225.298
920016,2026-03-19,18.0,-0.037948,7501.05,13634.372
920017,2026-03-19,16.86,-0.032702,15176.71,25859.623
920018,2026-03-19,29.75,-0.043407999999999995,25161.13,75529.268
920019,2026-03-19,18.99,-0.053812,34143.1,65983.981
920020,2026-03-19,16.41,-0.034706,14500.52,24108.983
920021,2026-03-19,9.4,-0.051463,156660.84,149010.178
920022,2026-03-19,28.72,-0.043304,13543.28,39638.67
920023,2026-03-19,3.98,-0.03163,59742.33,23904.304
920026,2026-03-19,33.35,-0.028828999999999997,6104.99,20514.475
920027,2026-03-19,19.22,-0.052735000000000004,12476.22,24466.085
920029,2026-03-19,84.86,-0.010955999999999999,5462.17,46518.826
920030,2026-03-19,5.68,-0.04698,23440.96,13432.077
920033,2026-03-19,15.99,-0.036747,10087.28,16314.109
920035,2026-03-19,36.98,-0.041224,6251.47,23520.309
920036,2026-03-19,54.5,-0.06550099999999999,39284.41,217302.361
920037,2026-03-19,80.92,-0.027753999999999997,9696.62,79482.121
920039,2026-03-19,10.11,-0.038973,10884.08,11088.033
920045,2026-03-19,342.5,-0.020785,8761.18,303373.881
920046,2026-03-19,30.54,-0.062039,64944.03,203490.976
920047,2026-03-19,24.62,-0.009256,13846.84,34228.336
920050,2026-03-19,35.5,-0.03585,9713.53,34997.462
920056,2026-03-19,24.06,-0.034898,8125.03,19749.944
920057,2026-03-19,6.4,-0.033233,14935.22,9686.312
920058,2026-03-19,28.03,-0.025382,3287.73,9211.522
920060,2026-03-19,35.39,-0.027747,53541.08,190624.718
920061,2026-03-19,24.39,-0.045774999999999996,6481.62,16009.843
920062,2026-03-19,11.36,-0.049372,71371.53,82099.591
920066,2026-03-19,23.16,-0.030150999999999997,7135.96,16540.314
920068,2026-03-19,23.27,-0.044745,71868.41,169061.193
920075,2026-03-19,22.07,-0.049526,8002.32,18011.699
920076,2026-03-19,23.53,-0.021622,15260.67,36435.592
920077,2026-03-19,18.76,-0.045778,172364.3,325917.685
920078,2026-03-19,36.23,0.026345999999999998,166158.85,605766.387
920080,2026-03-19,25.82,-0.036566999999999995,6341.38,16602.657
920082,2026-03-19,16.11,-0.011049999999999999,21460.57,35342.577
920086,2026-03-19,38.44,-0.024365,65460.46,246946.292
920087,2026-03-19,17.42,-0.020247,86508.33,153156.857
920088,2026-03-19,77.13,0.08481,121646.94,937848.724
920089,2026-03-19,18.63,-0.039195,22022.94,41710.942
920090,2026-03-19,7.22,0.005571,45412.22,32280.533
920091,2026-03-19,66.0,-0.051724,16759.02,113013.88
920092,2026-03-19,32.51,-0.043261,10234.2,33800.167
920098,2026-03-19,27.28,-0.022923,6550.5,17888.859
920099,2026-03-19,33.36,-0.006552,11869.46,40175.818
920100,2026-03-19,53.6,-0.083604,19374.08,105005.433
920101,2026-03-19,36.45,-0.037751,7664.67,28363.418
920106,2026-03-19,64.66,-0.034637,5561.3,36219.577
920108,2026-03-19,11.17,-0.042024,10418.46,11803.409
920110,2026-03-19,34.37,-0.031558,2147.64,7450.569
920111,2026-03-19,24.0,-0.037304,17176.48,41734.576
920112,2026-03-19,35.3,-0.034992,4967.93,17790.825
920116,2026-03-19,94.11,-0.020198,15521.57,146677.245
920118,2026-03-19,21.68,-0.038581,8471.18,18518.406
920119,2026-03-19,94.26,-0.035605000000000005,7264.72,69494.066
920121,2026-03-19,39.72,-0.043122,7165.65,29093.537
920122,2026-03-19,27.96,-0.029167000000000002,5744.5,16104.154
920123,2026-03-19,12.88,-0.036649,11670.69,15180.741
920124,2026-03-19,17.13,-0.033296,22287.52,38501.591
920128,2026-03-19,26.1,-0.037611,6267.53,16581.616
920130,2026-03-19,21.99,-0.043080999999999994,15193.84,33709.293
920132,2026-03-19,14.36,-0.029074,13419.98,19252.886
920139,2026-03-19,19.12,-0.028454999999999998,41259.9,78837.001
920145,2026-03-19,16.14,-0.028881,7942.85,12862.941
920146,2026-03-19,6.99,-0.045082000000000004,22823.28,16132.518
920149,2026-03-19,10.29,-0.031073,7137.13,7366.082
920152,2026-03-19,18.58,-0.029765,7699.65,14457.554
920158,2026-03-19,19.2,0.08291,121110.77,228957.815
920159,2026-03-19,48.16,-0.036415,33934.47,168149.142
920160,2026-03-19,23.23,-0.035299,10237.69,24130.983
920163,2026-03-19,13.8,-0.065041,10131.61,14352.153
920166,2026-03-19,28.99,-0.049508,14958.59,44075.067
920167,2026-03-19,18.46,-0.026885,18177.98,33929.144
920168,2026-03-19,23.69,-0.029098000000000002,22442.4,53599.228
920169,2026-03-19,30.21,-0.047604,15292.08,46823.59
920171,2026-03-19,20.39,-0.008268,20765.02,42508.224
920174,2026-03-19,38.34,-0.03982,13403.19,52148.352
920175,2026-03-19,10.38,-0.052055,19288.76,20325.31
920179,2026-03-19,40.0,-0.037073,14374.46,57799.8
920180,2026-03-19,18.89,-0.052183,38914.31,75041.512
920183,2026-03-19,42.69,-0.041750999999999996,13215.17,57104.401
920184,2026-03-19,16.64,-0.027469,19156.45,32247.826
920185,2026-03-19,28.68,-0.038229,79894.04,231685.429
920187,2026-03-19,39.09,0.001281,30393.13,121028.592
920190,2026-03-19,23.38,-0.041803,15362.01,36292.229
920195,2026-03-19,19.61,-0.041075999999999994,10284.9,20399.668
920198,2026-03-19,9.19,-0.04668,29174.07,27207.811
920199,2026-03-19,40.46,-0.030434000000000003,18346.45,74139.392
920204,2026-03-19,15.81,-0.034799000000000004,9838.43,15726.722
920207,2026-03-19,30.8,-0.032055,32720.53,101797.655
920208,2026-03-19,23.53,-0.02889,10779.81,25729.312
920212,2026-03-19,12.05,-0.050433000000000006,9531.82,11662.162
920221,2026-03-19,14.35,-0.049039,10330.64,15040.828
920223,2026-03-19,17.02,-0.04382,22069.16,38183.336
920225,2026-03-19,23.67,-0.059968,23008.27,55730.537
920227,2026-03-19,61.5,-0.035143,5211.47,32183.014
920230,2026-03-19,11.26,-0.042517,7697.5,8770.475
920237,2026-03-19,20.02,-0.045303,9420.74,19120.589
920239,2026-03-19,30.76,-0.024112,14856.91,45989.532
920242,2026-03-19,24.26,-0.039968,4870.37,11911.46
920245,2026-03-19,25.0,-0.038092,2869.45,7265.888
920247,2026-03-19,21.06,-0.04054700000000001,17018.37,36291.986
920249,2026-03-19,9.38,-0.022917,88698.42,83522.001
920252,2026-03-19,26.81,-0.043525,22324.75,60698.114
920260,2026-03-19,11.36,0.030853000000000002,83358.39,94866.686
920261,2026-03-19,14.69,-0.033553,19347.91,28686.684
920262,2026-03-19,20.58,-0.047222,6663.63,13813.741
920263,2026-03-19,10.81,-0.031362,17347.83,18807.772
920266,2026-03-19,8.22,-0.032941,13113.28,10908.189
920267,2026-03-19,19.52,-0.039843,3453.87,6812.315
920270,2026-03-19,17.17,-0.042920999999999994,12204.86,21067.444
920271,2026-03-19,14.36,-0.042667000000000004,7984.7,11568.334
920273,2026-03-19,23.0,-0.066558,21835.25,51171.923
920274,2026-03-19,22.01,-0.048010000000000004,12567.52,28094.704
920275,2026-03-19,7.5,-0.050633,19470.39,14829.447
920278,2026-03-19,8.34,-0.039171,16520.59,13989.765
920284,2026-03-19,33.76,-0.020312999999999998,13856.58,47222.586
920299,2026-03-19,26.11,-0.043239,30526.3,81048.888
920300,2026-03-19,12.1,-0.062016,15897.17,19933.001
920304,2026-03-19,13.32,-0.019146,40592.62,54735.911
920305,2026-03-19,6.91,-0.029494,25365.03,17576.055
920339,2026-03-19,8.92,-0.014365000000000001,10265.95,9033.031
920344,2026-03-19,21.07,-0.03658,5702.51,12120.611
920346,2026-03-19,21.31,-0.04267699999999999,6409.75,13771.609
920351,2026-03-19,20.64,-0.030986,22942.85,48453.127
920357,2026-03-19,23.25,-0.053339,10919.28,25796.971
920363,2026-03-19,16.65,-0.037016,11343.79,19156.31
920367,2026-03-19,19.83,-0.043877,10693.94,21474.68
920368,2026-03-19,38.08,-0.043937,77403.82,296474.889
920370,2026-03-19,3.5,-0.033149000000000005,49493.24,17387.439
920371,2026-03-19,9.67,-0.041624999999999995,21830.86,21454.492
920374,2026-03-19,20.52,-0.064722,9555.81,19989.749
920375,2026-03-19,16.63,-0.040392000000000004,119936.36,203218.281
920378,2026-03-19,9.14,-0.037895,7597.08,6966.685
920392,2026-03-19,20.9,-0.045225999999999995,9516.84,19941.744
920394,2026-03-19,46.76,-0.051906,17797.6,84511.002
920395,2026-03-19,10.09,-0.029807999999999998,10027.81,10156.463
920396,2026-03-19,32.4,-0.042836,20811.53,68380.001
920402,2026-03-19,9.64,-0.033098999999999996,45595.64,44576.969
920403,2026-03-19,25.28,-0.006289,32413.39,82624.116
920405,2026-03-19,22.3,-0.047416,22473.54,50955.145
920407,2026-03-19,19.2,-0.053721,20024.18,38245.802
920414,2026-03-19,13.0,-0.035608,26339.83,34637.838
920415,2026-03-19,13.35,-0.035405,18972.41,25734.826
920418,2026-03-19,24.67,-0.035952000000000005,20524.02,51100.118
920419,2026-03-19,13.75,-0.035088,9435.48,13090.222
920422,2026-03-19,11.22,-0.049153,13739.93,15635.727
920425,2026-03-19,20.54,-0.053891999999999995,15124.06,31591.556
920427,2026-03-19,12.27,-0.051044,17197.08,21448.05
920429,2026-03-19,13.89,-0.025263,13098.02,18345.287
920433,2026-03-19,5.28,-0.043478,15593.96,8350.005
920436,2026-03-19,14.65,-0.025931000000000003,8855.41,12920.037
920438,2026-03-19,39.99,-0.031719,24774.02,100390.857
920445,2026-03-19,10.11,-0.053371,25569.04,26330.79
920454,2026-03-19,13.9,-0.032707,6993.07,9788.763
920455,2026-03-19,7.9,-0.037759,10850.91,8667.078
920469,2026-03-19,9.47,-0.031697,21573.28,20346.372
920471,2026-03-19,13.27,-0.034908999999999996,19501.5,26352.946
920475,2026-03-19,13.69,-0.038624,8796.51,12133.474
920476,2026-03-19,21.1,-0.049121,16933.89,36265.19
920478,2026-03-19,16.56,-0.037209,8481.94,14249.481
920489,2026-03-19,15.16,-0.03929,23779.03,36466.106
920491,2026-03-19,23.45,-0.044807,30126.73,71151.124
920493,2026-03-19,164.6,-0.0023639999999999998,30791.35,510901.824
920496,2026-03-19,9.99,-0.028210000000000002,38646.74,38780.578
920504,2026-03-19,22.32,-0.04,4311.99,9657.068
920505,2026-03-19,40.66,-0.051993,8937.51,36895.318
920508,2026-03-19,20.77,-0.045496,8147.4,17133.067
920509,2026-03-19,31.19,-0.040898000000000004,15494.09,48972.499
920510,2026-03-19,14.98,-0.044642999999999995,13714.41,20776.098
920519,2026-03-19,12.27,-0.0184,10884.04,13320.977
920522,2026-03-19,49.31,-0.055726000000000005,48051.04,239938.154
920523,2026-03-19,23.53,-0.038414000000000004,13517.59,32221.184
920526,2026-03-19,22.1,0.000453,15781.8,34846.807
920527,2026-03-19,16.2,-0.041420000000000005,9441.05,15528.777
920533,2026-03-19,23.74,-0.046203,15103.66,36454.989
920541,2026-03-19,12.85,-0.044610000000000004,15007.25,19446.851
920547,2026-03-19,22.49,-0.049451,5238.11,12000.509
920553,2026-03-19,9.15,-0.036842,9775.65,9019.186
920556,2026-03-19,10.23,-0.036723,46065.14,47677.133
920564,2026-03-19,24.7,-0.037412,11228.22,28032.604
920566,2026-03-19,10.34,-0.046125,21547.51,22563.666
920570,2026-03-19,30.88,-0.046619,7909.22,24690.21
920571,2026-03-19,11.25,-0.016608,407885.82,470599.299
920575,2026-03-19,8.22,-0.047508999999999996,44038.34,36949.489
920576,2026-03-19,67.5,-0.022872,20454.9,137739.359
920578,2026-03-19,19.71,-0.040409,5399.36,10719.64
920579,2026-03-19,18.59,-0.04813100000000001,20320.6,38238.671
920580,2026-03-19,13.84,-0.070517,21511.56,30372.683
920592,2026-03-19,37.5,0.064132,55415.89,205762.9
920593,2026-03-19,26.88,-0.054852,30078.34,82031.523
920599,2026-03-19,18.71,-0.041005,44680.24,84250.654
920608,2026-03-19,16.67,-0.043053999999999995,3001.57,5083.937
920627,2026-03-19,21.11,-0.034751,13103.32,27791.262
920634,2026-03-19,21.77,-0.056759000000000004,10638.43,23478.135
920639,2026-03-19,7.98,-0.037394,34397.28,27778.609
920640,2026-03-19,36.49,-0.033121,34534.71,126925.698
920641,2026-03-19,18.14,-0.0557,15105.91,27917.056
920642,2026-03-19,12.76,-0.046338,18827.27,24385.348
920651,2026-03-19,31.58,-0.08543300000000001,16648.25,52949.738
920656,2026-03-19,15.79,-0.038953,7453.38,11880.202
920662,2026-03-19,27.73,-0.055195999999999995,29360.97,82831.168
920663,2026-03-19,14.19,-0.050836,7907.81,11420.247
920665,2026-03-19,11.28,-0.042445000000000004,14978.55,17147.194
920670,2026-03-19,17.07,-0.037225,21024.22,36175.703
920675,2026-03-19,10.9,0.010195000000000001,67009.28,74037.765
920679,2026-03-19,17.93,-0.030811,6482.43,11583.605
920682,2026-03-19,9.0,-0.030171999999999997,31942.41,28949.514
920685,2026-03-19,12.73,-0.05,8451.38,10907.421
920689,2026-03-19,32.0,-0.060481999999999994,27825.75,91004.016
920690,2026-03-19,25.7,-0.048147999999999996,8426.86,21867.301
920693,2026-03-19,28.08,-0.039672,9027.72,25787.375
920694,2026-03-19,18.52,-0.029859,11759.94,22136.976
920699,2026-03-19,39.36,-0.049275,2356.62,9399.515
920701,2026-03-19,15.94,-0.05006,10906.74,17629.038
920703,2026-03-19,14.13,-0.03681,7821.27,11175.972
920706,2026-03-19,23.8,-0.061144,24501.36,59605.576
920717,2026-03-19,9.82,0.011329,46844.71,46435.59
920718,2026-03-19,13.11,-0.033898000000000005,3976.79,5270.03
920719,2026-03-19,11.03,-0.049957,26432.08,29622.069
920720,2026-03-19,12.25,-0.039969000000000005,18744.56,23274.001
920725,2026-03-19,33.4,-0.037464,23494.96,79087.49
920726,2026-03-19,17.99,-0.04714,21924.17,39914.503
920729,2026-03-19,8.18,-0.042155,19599.21,16250.516
920735,2026-03-19,32.25,-0.030074999999999998,14413.72,46731.589
920748,2026-03-19,38.55,-0.023803,8520.28,33340.928
920751,2026-03-19,22.1,-0.051502,10953.14,24416.636
920753,2026-03-19,19.58,-0.042543,9020.61,17892.717
920765,2026-03-19,15.4,-0.042289,13595.74,21122.915
920768,2026-03-19,11.21,-0.04024,9751.1,11057.772
920770,2026-03-19,17.48,0.005175,54696.0,96139.97
920779,2026-03-19,34.01,-0.05053,16165.56,56095.474
920781,2026-03-19,8.29,-0.025852,36051.1,30867.27
920786,2026-03-19,8.77,-0.038377,47013.57,41653.367
920790,2026-03-19,30.08,-0.015385,7614.64,23010.725
920792,2026-03-19,11.71,-0.042518,19254.26,22835.628
920799,2026-03-19,38.75,-0.038462,26285.88,103580.138
920802,2026-03-19,14.45,-0.028898,4767.58,6948.713
920806,2026-03-19,11.9,-0.034091,25141.86,30172.499
920807,2026-03-19,12.57,-0.04119,28178.76,35815.526
920808,2026-03-19,77.63,-0.028288999999999998,17978.46,140308.897
920809,2026-03-19,7.0,-0.020979,113540.55,80244.967
920810,2026-03-19,11.54,-0.036728000000000004,8028.78,9343.59
920819,2026-03-19,3.8,-0.030612,112083.62,42911.241
920821,2026-03-19,21.42,-0.046305,14810.16,32249.943
920826,2026-03-19,10.6,-0.041590999999999996,22876.67,24710.401
920832,2026-03-19,6.77,-0.036983999999999996,26762.33,18494.315
920833,2026-03-19,16.85,-0.062326,30943.4,53016.81
920834,2026-03-19,12.54,-0.057143,21096.93,26912.608
920837,2026-03-19,13.17,-0.031618,14786.07,19423.278
920839,2026-03-19,34.03,-0.015051000000000002,8609.47,29517.276
920855,2026-03-19,16.06,-0.024301,4135.37,6642.925
920856,2026-03-19,13.36,-0.045714,10407.91,13976.73
920857,2026-03-19,25.2,-0.0027700000000000003,9075.73,22742.187
920866,2026-03-19,7.92,-0.019802,22961.92,18339.073
920870,2026-03-19,15.2,-0.042218,15297.12,23428.395
920871,2026-03-19,14.22,-0.004899,17845.16,25137.567
920873,2026-03-19,7.21,-0.042497,20056.55,14589.95
920876,2026-03-19,25.74,-0.055758999999999996,17288.69,45193.355
920879,2026-03-19,21.18,-0.049798,17830.94,38060.109
920885,2026-03-19,19.98,-0.042186,31254.97,62915.754
920892,2026-03-19,15.47,-0.026432,5454.07,8453.155
920895,2026-03-19,17.37,-0.03927,6455.98,11338.53
920896,2026-03-19,17.41,-0.043407,6861.7,12068.938
920906,2026-03-19,24.22,-0.054276,8070.58,19934.922
920914,2026-03-19,23.93,-0.043183,16256.07,39221.964
920924,2026-03-19,20.97,-0.016878,16720.98,35136.118
920925,2026-03-19,17.9,-0.054909999999999994,20631.56,37498.738
920926,2026-03-19,15.1,-0.04127,6109.08,9363.081
920931,2026-03-19,12.7,-0.025326,9438.56,12066.166
920932,2026-03-19,15.78,-0.037218,12941.91,20554.887
920942,2026-03-19,26.51,-0.047431,15393.09,41489.861
920943,2026-03-19,21.27,-0.044903000000000005,10916.21,23480.839
920946,2026-03-19,10.13,-0.016505000000000002,19397.53,19758.446
920950,2026-03-19,16.15,-0.034091,3287.6,5360.657
920953,2026-03-19,32.13,-0.038599999999999995,12309.75,39979.92
920957,2026-03-19,11.47,-0.039363,4776.2,5528.647
920961,2026-03-19,23.85,-0.05282,28223.31,68206.587
920964,2026-03-19,6.27,-0.036865999999999996,21865.51,13882.313
920970,2026-03-19,7.09,-0.03406,18561.68,13206.665
920971,2026-03-19,26.67,-0.052912,21726.55,58806.963
920974,2026-03-19,8.07,-0.044969999999999996,38211.06,31238.865
920976,2026-03-19,30.05,-0.043907,10888.28,32865.968
920978,2026-03-19,26.95,-0.008461999999999999,22626.74,61151.855
920981,2026-03-19,28.9,-0.045259,9711.52,28314.465
920982,2026-03-19,170.0,-0.054189,10184.68,176364.156
920985,2026-03-19,7.72,-0.011524000000000001,61168.03,47249.445
920992,2026-03-19,14.48,-0.052356,11811.71,17346.169
